asset,timeframe,fast,slow,mode,filter,buffer,CAGR,sharpe,sortino,calmar,max_drawdown,num_trades,win_rate,profit_factor,expectancy,sharpe_rank,calmar_rank,cagr_rank,pf_rank,research_score,low_sample
USDCAD1440_comma,daily,40,200,long_only,none,0.0,0.01232330852529362,-0.4392402361321457,-0.5904228211175876,0.08366976775561664,-0.14728508104967664,14,0.5,2.527633550923654,1637.8471577031403,1.0,0.9993243243243243,1.0,1.0,0.9998310810810812,True
USDCAD1440_comma,daily,20,200,long_only,none,0.001,0.010747951544558987,-0.47095705320356496,-0.6345242358929452,0.07048360537127735,-0.15248867432282154,20,0.45,1.9548261528422093,934.853295513584,0.9996621621621622,0.9972972972972973,0.9993243243243243,0.9993243243243243,0.9989527027027028,False
USDCAD1440_comma,daily,40,75,long_only,none,0.0,0.011138806507584365,-0.4861738821762487,-0.657547233500914,0.07505272297499456,-0.14841308970622558,38,0.5,1.6328256772697753,511.4508442247132,0.9993243243243243,0.9983108108108109,0.9996621621621622,0.9949324324324325,0.9984797297297298,False
USDCAD1440_comma,daily,30,200,long_only,none,0.0,0.009430933122754004,-0.49014011603737834,-0.658323668219337,0.05897939949337227,-0.15990215573174482,17,0.4117647058823529,1.7806828953909686,1000.0508999125202,0.9986486486486487,0.9952702702702703,0.9976351351351351,0.9976351351351351,0.9974493243243244,True
USDCAD1440_comma,daily,20,250,long_only,none,0.001,0.00924423647282091,-0.4895730816005589,-0.6575866116140361,0.05518269990455871,-0.16752055424633605,17,0.4117647058823529,1.8507326617727935,935.1311946272884,0.9989864864864865,0.9945945945945946,0.9969594594594594,0.9986486486486487,0.9974324324324324,True
USDCAD1440_comma,daily,40,200,long_only,none,0.001,0.009181743997923597,-0.4974892909196969,-0.6701500392893951,0.059415016708521604,-0.15453574713220108,16,0.375,1.936778416140892,1114.5174083442641,0.9983108108108109,0.9956081081081081,0.9962837837837838,0.9989864864864865,0.9973310810810811,True
USDCAD1440_comma,daily,20,200,long_only,none,0.0025,0.009587723004359283,-0.4982656397455064,-0.672173725689206,0.05883009079765836,-0.162973112472927,22,0.45454545454545453,1.8412261867008313,751.4214410698514,0.9979729729729729,0.9949324324324325,0.9979729729729729,0.9983108108108109,0.9972635135135135,False
USDCAD1440_comma,daily,30,500,long_only,none,0.0,0.008856193896360498,-0.5096975345901734,-0.6784317283327916,0.049643558169113,-0.1783956312356072,14,0.21428571428571427,1.821820979935008,1084.6310498407965,0.9966216216216216,0.9929054054054054,0.9956081081081081,0.9979729729729729,0.9956925675675676,True
USDCAD1440_comma,daily,30,75,long_only,none,0.0025,0.010289424735043795,-0.5329478419386153,-0.7273623344702126,0.07415422316947434,-0.13875709696975758,39,0.4358974358974359,1.5628596112957232,457.3503612158616,0.9935810810810811,0.9979729729729729,0.9989864864864865,0.9918918918918919,0.9955067567567568,False
USDCAD1440_comma,daily,30,200,long_only,none,0.001,0.008655696038290417,-0.5068017142719325,-0.6807600866291204,0.04876482986316397,-0.17749874371711416,17,0.35294117647058826,1.7199900284198657,928.4672795552157,0.9972972972972973,0.9922297297297298,0.9945945945945946,0.9972972972972973,0.9954898648648648,True
USDCAD1440_comma,daily,50,250,long_only,none,0.0,0.008034501624532009,-0.509128467184432,-0.6800646368201989,0.04777969338818318,-0.16815724536480792,12,0.5833333333333334,2.322642693941598,1382.4235795854577,0.9969594594594594,0.9918918918918919,0.9915540540540541,0.9996621621621622,0.9950168918918918,True
USDCAD1440_comma,daily,50,150,long_only,none,0.0,0.008283362961677643,-0.5065974839232108,-0.6775036526276385,0.04731129837653494,-0.17508213145522034,21,0.47619047619047616,1.5793199226820125,636.456326597147,0.9976351351351351,0.9915540540540541,0.9929054054054054,0.9929054054054054,0.9944594594594596,False
USDCAD1440_comma,daily,30,50,long_only,none,0.001,0.010206538284027289,-0.5343239206921095,-0.7254123592815298,0.07845658739306151,-0.13009154008819312,53,0.4339622641509434,1.4387114552245475,333.6180643426844,0.9925675675675676,0.9989864864864865,0.9986486486486487,0.985472972972973,0.9943243243243244,False
USDCAD1440_comma,daily,20,250,long_only,none,0.0025,0.00819804020994841,-0.5115760817759584,-0.6869000408632341,0.04591419254379012,-0.1785513314239301,19,0.3684210526315789,1.6363422536883945,736.1015631598731,0.9962837837837838,0.9902027027027027,0.9922297297297298,0.9952702702702703,0.9938006756756756,True
USDCAD1440_comma,daily,20,250,long_only,slow_slope,0.001,0.008450631468107428,-0.5343199145137753,-0.7167310749336915,0.046104584271315106,-0.18329265086476787,30,0.26666666666666666,1.6834080372289058,481.48881078922824,0.9929054054054054,0.9905405405405405,0.9942567567567567,0.9969594594594594,0.9931925675675676,False
USDCAD1440_comma,daily,20,75,long_only,none,0.0,0.008287028251017237,-0.5319524563236755,-0.7177252641229895,0.06874092426856243,-0.12055450721961236,41,0.43902439024390244,1.4117190554708836,345.0571975001741,0.9939189189189189,0.9962837837837838,0.9932432432432432,0.9837837837837838,0.9928547297297297,False
USDCAD1440_comma,daily,5,50,long_only,none,0.0,0.009374342717598294,-0.5314045959732918,-0.7163380916731573,0.08696917646820083,-0.10778925474850165,85,0.3176470588235294,1.2850531023753466,189.84719703756713,0.9942567567567567,1.0,0.9972972972972973,0.9706081081081082,0.9927533783783783,False
USDCAD1440_comma,daily,20,250,long_only,none,0.0,0.007681230302236441,-0.5139323278602084,-0.68872715397058,0.04171678813296087,-0.18412803684105827,17,0.47058823529411764,1.6084297990827008,767.8065316653563,0.995945945945946,0.9878378378378379,0.9902027027027027,0.9935810810810811,0.9924155405405406,True
USDCAD1440_comma,daily,30,50,long_only,none,0.0,0.008810478074856354,-0.5363323301838467,-0.7221627458453334,0.06968369612390174,-0.12643528637158974,53,0.41509433962264153,1.38005417348433,284.92787337489335,0.9922297297297298,0.9966216216216216,0.9952702702702703,0.981081081081081,0.9922635135135136,False
USDCAD1440_comma,daily,30,250,long_only,none,0.001,0.007197111222989383,-0.5257479115525051,-0.7051713855241455,0.04018949687275767,-0.17907940588994842,15,0.4666666666666667,1.636638152482902,870.3188023343632,0.9945945945945946,0.9871621621621621,0.9881756756756757,0.9956081081081081,0.9916047297297297,True
USDCAD1440_comma,daily,30,250,long_only,none,0.0,0.007177769400184442,-0.5216618555728746,-0.6987930351272256,0.03939144105370288,-0.1822164716035367,15,0.5333333333333333,1.6270771823811692,880.1406118856105,0.9952702702702703,0.9868243243243243,0.9875,0.9945945945945946,0.9915033783783784,True
USDCAD1440_comma,daily,20,250,long_only,slow_slope,0.0,0.00820503460602251,-0.537756685093887,-0.7208011199563461,0.04422150192531321,-0.18554400571649954,30,0.3,1.6217189114801644,466.6203026767726,0.9912162162162163,0.9891891891891892,0.9925675675675676,0.9942567567567567,0.9914358108108109,False
USDCAD1440_comma,daily,20,50,long_only,none,0.0025,0.009794027160193952,-0.566999390867108,-0.7726230663748577,0.08526691931109058,-0.11486315254877577,50,0.42,1.4071651480216913,338.27300212908614,0.9847972972972973,0.9996621621621622,0.9983108108108109,0.9834459459459459,0.9910135135135135,False
USDCAD1440_comma,daily,30,250,long_only,slow_slope,0.0,0.008050800157648696,-0.5390687681349471,-0.7227708897321126,0.04228347129429399,-0.19040064382640043,30,0.26666666666666666,1.617280919066141,457.31069746706294,0.9908783783783783,0.9885135135135135,0.9918918918918919,0.9939189189189189,0.9909459459459459,False
USDCAD1440_comma,daily,40,75,long_only,none,0.0025,0.009236920442138308,-0.5732343722288603,-0.7831264248119267,0.06607707513261807,-0.13979009245793061,37,0.40540540540540543,1.6470870202568948,429.29083524779105,0.9827702702702703,0.995945945945946,0.9966216216216216,0.995945945945946,0.9908108108108109,False
USDCAD1440_comma,daily,60,150,long_only,none,0.0,0.007537767723484912,-0.5226312051781,-0.6962370494341181,0.038417586849845226,-0.19620617382726835,21,0.38095238095238093,1.521811233629456,567.2250297775714,0.9949324324324325,0.985472972972973,0.9898648648648649,0.9898648648648649,0.990793918918919,False
USDCAD1440_comma,daily,50,250,long_only,slow_slope,0.0,0.007239033763012825,-0.5506012995434271,-0.7362074320535769,0.04123675621738266,-0.17554808930294408,28,0.21428571428571427,1.6543730527060985,437.8541390582701,0.9888513513513514,0.9875,0.9885135135135135,0.9962837837837838,0.9895608108108108,False
USDCAD1440_comma,daily,10,250,long_only,slow_slope,0.0,0.007681871834931853,-0.5490024854731175,-0.7354558337364248,0.038878477946362615,-0.19758674312121705,36,0.2777777777777778,1.5674116402765919,362.60736163189677,0.989527027027027,0.9858108108108108,0.9905405405405405,0.9922297297297298,0.9892060810810811,False
USDCAD1440_comma,daily,100,500,long_only,none,0.0,0.007169540384220907,-0.5369718269744691,-0.70530948874586,0.031577993257372775,-0.22704230524677105,10,0.3,1.5922515125620977,1341.0665942668888,0.9918918918918919,0.9783783783783784,0.9871621621621621,0.9932432432432432,0.9877702702702703,True
USDCAD1440_comma,daily,20,200,long_only,none,0.0,0.0068028320967656875,-0.5336172417682047,-0.7171951814330347,0.03533610945359406,-0.1925178578501875,24,0.3333333333333333,1.4176187331991594,478.4574318318718,0.9932432432432432,0.9824324324324324,0.9858108108108108,0.9844594594594595,0.9877364864864866,False
USDCAD1440_comma,daily,40,50,long_only,none,0.0,0.007931773374709739,-0.5467189453050618,-0.7345041921503174,0.05110142425074751,-0.15521628782379215,66,0.45454545454545453,1.253683542904039,204.6094793968257,0.9902027027027027,0.9935810810810811,0.9912162162162163,0.9658783783783784,0.9876013513513514,False
USDCAD1440_comma,daily,10,250,long_only,slow_slope,0.001,0.007315559463256127,-0.5565950902304009,-0.7458913436205208,0.03724438685917967,-0.19642045634731808,36,0.25,1.4991956889949678,344.3539295960817,0.9878378378378379,0.9841216216216216,0.989527027027027,0.9881756756756757,0.9872972972972973,False
USDCAD1440_comma,daily,20,75,long_only,none,0.001,0.00730319844922156,-0.559948039036736,-0.7572553342393235,0.047082727237856344,-0.15511417621002854,44,0.38636363636363635,1.3416553586648836,281.24158575485586,0.9864864864864865,0.9912162162162163,0.9891891891891892,0.9790540540540541,0.9870945945945946,False
USDCAD1440_comma,daily,30,200,long_only,none,0.0025,0.006600432994127159,-0.5487891521329122,-0.737816209461924,0.035997814612367666,-0.1833564916426751,19,0.3684210526315789,1.475847182374363,585.4837711922191,0.9898648648648649,0.9831081081081081,0.9851351351351352,0.9868243243243243,0.9867736486486487,True
USDCAD1440_comma,daily,20,500,long_only,none,0.0,0.006816955589825646,-0.5422453964144507,-0.7183173498141666,0.03280777452167625,-0.2077847610578295,22,0.2727272727272727,1.523367388476546,523.0934157410568,0.9905405405405405,0.9790540540540541,0.9861486486486486,0.9902027027027027,0.9867398648648649,False
USDCAD1440_comma,daily,60,250,long_only,slow_slope,0.0,0.00659966936564671,-0.5641336408477006,-0.7511689506089673,0.03589548429512409,-0.1838579279606818,28,0.21428571428571427,1.5263629403453944,397.24428729225144,0.9858108108108108,0.9827702702702703,0.9847972972972973,0.9908783783783783,0.9856081081081082,False
USDCAD1440_comma,daily,30,500,long_only,none,0.001,0.006469767070577559,-0.555269564317386,-0.7382441249241376,0.031438914252827216,-0.20578850206303645,14,0.21428571428571427,1.5554107458674158,778.0813971754048,0.9881756756756757,0.9777027027027027,0.9831081081081081,0.9915540540540541,0.9850506756756757,True
USDCAD1440_comma,daily,50,200,long_only,none,0.0,0.005684491331735986,-0.5523508048942116,-0.7385700108197608,0.0303486650671407,-0.18730614078609786,14,0.35714285714285715,1.6543964723255127,859.1247040478185,0.9885135135135135,0.9760135135135135,0.9783783783783784,0.9966216216216216,0.9845777027027027,True
USDCAD1440_comma,daily,5,250,long_only,slow_slope,0.001,0.006951395921768189,-0.5708466033275496,-0.7645060264010088,0.03646027176120198,-0.1906567226732877,41,0.2682926829268293,1.443470354929325,286.5127765745026,0.9834459459459459,0.9837837837837838,0.9868243243243243,0.9858108108108108,0.9845608108108108,False
USDCAD1440_comma,daily,30,250,long_only,slow_slope,0.001,0.0066049097737517215,-0.5672192085802645,-0.7606042828249093,0.034236649081989146,-0.1929192824313628,30,0.26666666666666666,1.4669784120544032,371.0705260311861,0.9844594594594595,0.9807432432432432,0.985472972972973,0.9864864864864865,0.9840371621621621,False
USDCAD1440_comma,daily,20,250,long_only,slow_slope,0.0025,0.006598485638398488,-0.5710697120376155,-0.7653787358153699,0.03469344047685574,-0.19019404093982517,32,0.28125,1.454045002013254,347.5232780947379,0.9831081081081081,0.9817567567567568,0.9844594594594595,0.9861486486486486,0.9834966216216217,False
USDCAD1440_comma,daily,20,75,long_only,none,0.0025,0.007281898853303437,-0.5884977340010579,-0.7998267080430922,0.043307934304602745,-0.16814237322165515,44,0.38636363636363635,1.3264698861996624,280.3758656868259,0.9760135135135135,0.9888513513513514,0.9888513513513514,0.9773648648648648,0.9819932432432432,False
USDCAD1440_comma,daily,60,200,long_only,none,0.0,0.005226128714463041,-0.5577824155983335,-0.7420303442783669,0.026460887185655906,-0.19750391125570632,14,0.42857142857142855,1.5263067274170954,820.6356967732526,0.9875,0.972972972972973,0.9753378378378378,0.9905405405405405,0.9818918918918919,True
USDCAD1440_comma,daily,30,75,long_only,none,0.005,0.009155304812777265,-0.6133555078093725,-0.8468411582961879,0.07307053904946055,-0.12529406422717304,40,0.45,1.479689563211359,393.33998527848826,0.9628378378378378,0.9976351351351351,0.995945945945946,0.9875,0.9818581081081081,False
USDCAD1440_comma,daily,10,250,long_only,slow_slope,0.0025,0.006503532179076288,-0.5799992634931923,-0.7775813178094558,0.03153454400573215,-0.2062351742867795,36,0.2777777777777778,1.4383552613166048,304.2445014008997,0.9804054054054054,0.9780405405405406,0.9837837837837838,0.9851351351351352,0.9811993243243243,False
USDCAD1440_comma,daily,40,250,long_only,slow_slope,0.0,0.005923649178630752,-0.577271051741087,-0.7732741869424847,0.029682726719971155,-0.19956553299549795,31,0.25806451612903225,1.3897961893265152,320.3975717234621,0.981081081081081,0.9756756756756757,0.9800675675675675,0.9824324324324324,0.9797297297297297,False
USDCAD1440_comma,daily,40,200,long_only,none,0.0025,0.005136340583593801,-0.5744452227207785,-0.7719552188223402,0.025675961151107495,-0.20004472484459468,17,0.35294117647058826,1.5431891986853552,643.7085499521593,0.9824324324324324,0.9719594594594595,0.975,0.9912162162162163,0.9796452702702702,True
USDCAD1440_comma,daily,40,300,long_only,none,0.0,0.004909114641316048,-0.5590968292125608,-0.7484442438476016,0.022291153504266067,-0.22022703492560602,13,0.46153846153846156,1.5156743240892163,775.6401825474585,0.9871621621621621,0.9668918918918918,0.972972972972973,0.989527027027027,0.9796114864864864,True
USDCAD1440_comma,daily,40,75,long_only,none,0.001,0.006454277671621211,-0.5872577913786106,-0.7936038205754419,0.03630029263013659,-0.17780235926425714,40,0.475,1.2981325944499011,271.64450170320663,0.977027027027027,0.9834459459459459,0.9827702702702703,0.9733108108108108,0.979222972972973,False
USDCAD1440_comma,daily,30,500,long_only,slow_slope,0.0,0.006252996561333157,-0.5882474323763777,-0.7843638434487755,0.032424692015352474,-0.1928467526652985,45,0.2222222222222222,1.384241096186829,233.57388643635656,0.9766891891891892,0.9787162162162162,0.981418918918919,0.9817567567567568,0.9789020270270271,False
USDCAD1440_comma,daily,60,150,long_only,none,0.001,0.005469555530749126,-0.5682745498959497,-0.7578044083627654,0.0253687025168736,-0.21560249394351705,22,0.36363636363636365,1.357019353102393,397.3485854159595,0.9837837837837838,0.9712837837837838,0.9773648648648648,0.9797297297297297,0.9787668918918919,False
USDCAD1440_comma,daily,40,50,long_only,none,0.001,0.00778391676090795,-0.6046935331975444,-0.8229401179489986,0.0509496882380999,-0.1527765336763568,64,0.34375,1.2767054312204764,206.83691770797256,0.9668918918918918,0.9932432432432432,0.9908783783783783,0.9689189189189189,0.9785810810810811,False
USDCAD1440_comma,daily,30,50,long_only,none,0.0025,0.00832491912757205,-0.6134286070835151,-0.8386875145737714,0.05293264087186181,-0.15727382935086942,49,0.42857142857142855,1.3135963286376573,290.12531410136904,0.9621621621621622,0.9939189189189189,0.9935810810810811,0.9756756756756757,0.9784121621621623,False
USDCAD1440_comma,daily,10,50,long_only,none,0.001,0.006494574226308281,-0.5944306098635388,-0.8007639142854961,0.0449283437389885,-0.14455405398513133,62,0.3548387096774194,1.2349831359093526,176.40275058868792,0.9726351351351351,0.9898648648648649,0.9834459459459459,0.9625,0.9775844594594596,False
USDCAD1440_comma,daily,30,250,long_only,slow_slope,0.0025,0.005715333399866296,-0.5862306135592785,-0.7859841758711249,0.028686933608332015,-0.19923124157844108,29,0.2413793103448276,1.3756631802707409,329.927048209278,0.9773648648648648,0.9746621621621622,0.9787162162162162,0.9807432432432432,0.9774662162162162,False
USDCAD1440_comma,daily,60,200,long_only,none,0.001,0.004512164304196542,-0.5758876123232709,-0.7665824787781486,0.023508905837864618,-0.19193425399360886,14,0.42857142857142855,1.5082053187752096,725.3903834720948,0.9817567567567568,0.9695945945945946,0.9679054054054054,0.9891891891891892,0.9770608108108108,True
USDCAD1440_comma,daily,20,300,long_only,none,0.001,0.004999630343092587,-0.5630437338048108,-0.7513365359204018,0.02158530580188498,-0.23162193711686885,22,0.36363636363636365,1.305133462318656,378.38195555313723,0.9861486486486486,0.9655405405405405,0.9743243243243244,0.975,0.9769594594594595,False
USDCAD1440_comma,daily,10,300,long_only,none,0.0,0.004969167999890001,-0.559747507661842,-0.7461942208950854,0.022306990868450855,-0.22276281140716192,31,0.22580645161290322,1.2749537948083571,266.83134420003455,0.9868243243243243,0.9675675675675676,0.9739864864864864,0.9682432432432433,0.9766554054054054,False
USDCAD1440_comma,daily,50,500,long_only,none,0.0,0.00481105504835555,-0.5783879115468747,-0.7656206232666314,0.021125645059043026,-0.22773529683516736,9,0.2222222222222222,1.5055460868430008,1177.5519809655534,0.9807432432432432,0.9641891891891892,0.9719594594594595,0.9885135135135135,0.9760135135135135,True
USDCAD1440_comma,daily,30,300,long_only,none,0.0,0.004531503229858513,-0.5649634400321615,-0.7561607491736486,0.020815635875450277,-0.21769708391195086,17,0.29411764705882354,1.3263551837978993,442.24928308937996,0.985472972972973,0.9635135135135136,0.9685810810810811,0.977027027027027,0.975337837837838,True
USDCAD1440_comma,daily,50,200,long_only,none,0.001,0.004432026000667166,-0.5806603528379766,-0.7736793896572085,0.02154208422544317,-0.20573803139403468,14,0.21428571428571427,1.5761410545315644,692.1985712056585,0.9797297297297297,0.9648648648648649,0.966554054054054,0.9925675675675676,0.9753040540540541,True
USDCAD1440_comma,daily,50,250,long_only,slow_slope,0.0025,0.005514733457832488,-0.5930838416828283,-0.7929740594765295,0.02503520062246123,-0.22027917974361055,28,0.25,1.384352126530512,329.2147693317903,0.9736486486486486,0.9702702702702702,0.9777027027027027,0.9820945945945946,0.9748817567567567,False
USDCAD1440_comma,daily,20,500,long_only,none,0.001,0.00486116888463739,-0.5855299001984644,-0.7770275181873483,0.02217026446762596,-0.2192652636929926,17,0.29411764705882354,1.399365715953385,475.60995231058683,0.9780405405405406,0.966554054054054,0.9722972972972973,0.9831081081081081,0.9747804054054056,True
USDCAD1440_comma,daily,10,250,long_only,none,0.0,0.00465136872699512,-0.5673288290006618,-0.7589080524874532,0.021544753662678332,-0.21589333532518495,25,0.32,1.284489516427761,308.9648630142116,0.9841216216216216,0.9652027027027027,0.9706081081081082,0.9702702702702702,0.9746114864864865,False
USDCAD1440_comma,daily,30,200,long_only,price_slow,0.0,0.005316761001781245,-0.5856147717057675,-0.7897086802305535,0.026349615990025655,-0.20177755166503542,52,0.25,1.2610835568059322,170.64908828096833,0.9777027027027027,0.9726351351351351,0.9763513513513513,0.966554054054054,0.9744932432432432,False
USDCAD1440_comma,daily,10,50,long_only,none,0.0,0.00568115758172083,-0.5958996656811263,-0.7977033307993173,0.037275738831659855,-0.15240898664349434,59,0.3389830508474576,1.2048645854054467,161.15599010544383,0.9716216216216216,0.9844594594594595,0.9780405405405406,0.9554054054054054,0.9736824324324325,False
USDCAD1440_comma,daily,20,50,long_only,none,0.0,0.0057339507916081,-0.6032419050520471,-0.8068646650501236,0.03741208109534554,-0.15326468412689997,51,0.37254901960784315,1.213092891898529,188.24330674102296,0.9685810810810811,0.9847972972972973,0.9790540540540541,0.9584459459459459,0.9732094594594595,False
USDCAD1440_comma,daily,5,250,long_only,slow_slope,0.0,0.005367562234624312,-0.5940427393302198,-0.7927120556549457,0.025114314306332017,-0.21372521539522982,49,0.22448979591836735,1.2889601750106532,182.89786498501826,0.972972972972973,0.9706081081081082,0.977027027027027,0.9712837837837838,0.9729391891891892,False
USDCAD1440_comma,daily,40,100,long_only,none,0.0,0.0047589996765913245,-0.5803969740818421,-0.7813428488234073,0.02390754726941402,-0.19905846563690466,33,0.42424242424242425,1.2250453647102058,239.67593703624016,0.9800675675675675,0.9699324324324324,0.9716216216216216,0.960472972972973,0.9729054054054054,False
USDCAD1440_comma,daily,50,250,long_only,none,0.001,0.004088067579757659,-0.5808957581373275,-0.7753639950283352,0.019293154632843472,-0.21189212741800068,16,0.375,1.5068065681799057,588.2610070379975,0.9793918918918919,0.9608108108108108,0.9621621621621622,0.9888513513513514,0.9727195945945947,True
USDCAD1440_comma,daily,50,250,long_only,slow_slope,0.001,0.004960305690828504,-0.5951830643252398,-0.7952906013968506,0.022913081008182387,-0.21648357499618454,31,0.22580645161290322,1.3180749159199046,266.3375583084166,0.9722972972972973,0.9682432432432433,0.9736486486486486,0.9763513513513513,0.9721621621621621,False
USDCAD1440_comma,daily,30,75,long_only,none,0.0,0.004953244445550009,-0.590168185078736,-0.7932466897903573,0.028657077490287067,-0.17284541479251836,38,0.34210526315789475,1.2101922286901274,216.95445454013665,0.975,0.9743243243243244,0.9733108108108108,0.9574324324324325,0.9718581081081081,False
USDCAD1440_comma,daily,40,500,long_only,none,0.0,0.004418449920466916,-0.5891675311322072,-0.7828434151081692,0.019616911596746386,-0.22523677586433888,13,0.3076923076923077,1.4759559176918402,762.3268243337225,0.9753378378378378,0.9614864864864865,0.9662162162162162,0.9871621621621621,0.9718243243243244,True
USDCAD1440_comma,daily,10,75,long_only,price_slow,0.005,0.0068546876390434,-0.631293686997587,-0.8600815246608353,0.04676421537287484,-0.14657976370152892,58,0.3275862068965517,1.3035036424198354,199.570271237054,0.9496621621621621,0.9908783783783783,0.9864864864864865,0.9746621621621622,0.971081081081081,False
USDCAD1440_comma,daily,10,500,long_only,none,0.0,0.0044772868554907586,-0.588996411461621,-0.7771278167211148,0.019197362173572995,-0.23322406562992137,27,0.18518518518518517,1.338357564833584,275.0087310715237,0.9756756756756757,0.9601351351351352,0.9675675675675676,0.9787162162162162,0.9706250000000001,False
USDCAD1440_comma,daily,30,250,long_only,none,0.0025,0.004150759766385459,-0.5825466651237152,-0.7814054092863026,0.020342668276749847,-0.20404205141217724,16,0.3125,1.2819542917002351,429.1692842227096,0.9787162162162162,0.9628378378378378,0.9631756756756756,0.9695945945945946,0.9702702702702702,True
USDCAD1440_comma,daily,30,75,long_only,price_slow,0.0025,0.007195576004763282,-0.6352426637982064,-0.8722842824325033,0.053559618020130484,-0.13434703739034903,71,0.352112676056338,1.2982899313535667,171.5814692526475,0.9449324324324324,0.9942567567567567,0.9878378378378379,0.9736486486486486,0.970152027027027,False
USDCAD1440_comma,daily,10,250,long_only,none,0.001,0.004211239992304661,-0.5768808643261741,-0.7720801460884297,0.019279282495478948,-0.2184334397969535,27,0.25925925925925924,1.2397970291367801,258.1464653463761,0.981418918918919,0.960472972972973,0.9638513513513514,0.9638513513513514,0.9700337837837838,False
USDCAD1440_comma,daily,30,400,long_only,none,0.0,0.004367406215883163,-0.5921075188578672,-0.7855359369167972,0.01889663706168038,-0.2311208180390798,15,0.26666666666666666,1.3668429754582234,552.7009226420091,0.9746621621621622,0.9594594594594594,0.9658783783783784,0.9804054054054054,0.9699662162162163,True
USDCAD1440_comma,daily,100,200,long_only,none,0.0,0.0036978744894522464,-0.5753429205949231,-0.7652093625395128,0.01698001564490887,-0.21777803782889815,13,0.5384615384615384,1.2946628883399713,665.6017649237516,0.9820945945945946,0.9557432432432432,0.9577702702702703,0.9726351351351351,0.9692229729729731,True
USDCAD1440_comma,daily,60,500,long_only,none,0.001,0.004238461662233295,-0.6000895889130504,-0.7911741854621673,0.018024302780844822,-0.23515260000723492,11,0.45454545454545453,1.423164680335786,853.7248484659108,0.9702702702702702,0.9577702702702703,0.964527027027027,0.9847972972972973,0.9681756756756756,True
USDCAD1440_comma,daily,30,75,long_only,none,0.001,0.004628574265239216,-0.6106501106964655,-0.8255414407334304,0.030965461782083755,-0.1494753831805361,41,0.3902439024390244,1.2102503974789593,187.43758138226602,0.9641891891891892,0.9766891891891892,0.9695945945945946,0.9577702702702703,0.9674324324324324,False
USDCAD1440_comma,daily,10,75,long_only,none,0.005,0.006276523156854008,-0.6362109762972241,-0.866078514837982,0.04474107813105146,-0.1402854696185325,52,0.34615384615384615,1.2755234352620053,202.9280481291886,0.9439189189189189,0.989527027027027,0.9820945945945946,0.9685810810810811,0.9666554054054055,False
USDCAD1440_comma,daily,50,200,long_only,none,0.0025,0.0036621562174465883,-0.6012342512429583,-0.8024328795294705,0.016957547730371777,-0.2159602482431756,15,0.26666666666666666,1.4852300721261809,595.6833027727972,0.9699324324324324,0.9554054054054054,0.9570945945945946,0.9878378378378379,0.966418918918919,True
USDCAD1440_comma,daily,30,500,long_only,slow_slope,0.001,0.004697066700180219,-0.6202607194363043,-0.8262505603115852,0.022294607442226153,-0.21068174052187794,44,0.22727272727272727,1.2975411989233745,177.3343354155509,0.9601351351351352,0.9672297297297298,0.9712837837837838,0.972972972972973,0.9660641891891892,False
USDCAD1440_comma,daily,60,500,long_only,none,0.0,0.0038358333216896856,-0.5967972437853424,-0.7890403544237943,0.015514913340179388,-0.2472352399001756,11,0.45454545454545453,1.3936206312130095,780.9910542021379,0.9712837837837838,0.9530405405405405,0.9587837837837838,0.9827702702702703,0.965945945945946,True
USDCAD1440_comma,daily,5,300,long_only,none,0.0,0.0038410676970410673,-0.5835055685087177,-0.7743774090487892,0.017668593737258372,-0.2173952128935579,42,0.21428571428571427,1.2034025904027907,150.9403485502119,0.9783783783783784,0.9574324324324325,0.9591216216216216,0.9547297297297297,0.9657432432432433,False
USDCAD1440_comma,daily,20,50,long_only,none,0.005,0.00845008319418672,-0.6634126365595777,-0.9169312825394148,0.07591130307917505,-0.11131521725260507,49,0.3877551020408163,1.4138439685763438,294.7687086444983,0.9239864864864865,0.9986486486486487,0.9939189189189189,0.9841216216216216,0.9656587837837839,False
USDCAD1440_comma,daily,30,100,long_only,none,0.0,0.003865075973640053,-0.5927531957033026,-0.7960392646108647,0.01868869778460852,-0.20681355213648,31,0.3548387096774194,1.2222053808283335,205.81543584241467,0.9743243243243244,0.9587837837837838,0.9594594594594594,0.9597972972972973,0.9652871621621623,False
USDCAD1440_comma,daily,20,300,long_only,none,0.0,0.003538863878284282,-0.581421694798556,-0.7753298544431658,0.015609964759437071,-0.22670543674000587,21,0.2857142857142857,1.213275248553824,277.4943036714443,0.9790540540540541,0.9537162162162162,0.9557432432432432,0.9587837837837838,0.965016891891892,False
USDCAD1440_comma,daily,40,250,long_only,slow_slope,0.001,0.004213383979297269,-0.6118379359984711,-0.8189295389925727,0.019520571458313256,-0.21584327017757,30,0.16666666666666666,1.2774838992305106,232.45387627945604,0.9638513513513514,0.9611486486486487,0.9641891891891892,0.9692567567567567,0.9640540540540541,False
USDCAD1440_comma,daily,10,300,long_only,none,0.005,0.004142878102478376,-0.6051535266122122,-0.8087983216992631,0.019103728226103657,-0.21686228224381232,26,0.3076923076923077,1.2520040474985832,263.5869466830439,0.9662162162162162,0.9597972972972973,0.9628378378378378,0.9655405405405405,0.9638344594594594,False
USDCAD1440_comma,daily,50,150,long_only,none,0.001,0.003508456570733509,-0.5992639007809607,-0.8011576913392486,0.018066921011923125,-0.19419227927205363,21,0.47619047619047616,1.2583482655342928,314.09752539970333,0.9706081081081082,0.9581081081081081,0.9550675675675676,0.9662162162162162,0.9637162162162163,False
USDCAD1440_comma,daily,60,250,long_only,slow_slope,0.001,0.004043630753635119,-0.6134183467430002,-0.8154496918388273,0.01974800534701712,-0.20476147755580276,28,0.21428571428571427,1.2879283145626843,238.71633965889063,0.9625,0.9618243243243243,0.9608108108108108,0.970945945945946,0.9632601351351352,False
USDCAD1440_comma,daily,10,75,long_only,price_slow,0.0025,0.0057401516919952655,-0.6360690598387123,-0.8646936010254828,0.033712684254850564,-0.17026682445701058,75,0.28,1.2335452241863085,128.1499135174481,0.9442567567567568,0.9800675675675675,0.9793918918918919,0.9618243243243243,0.9628716216216217,False
USDCAD1440_comma,daily,40,250,long_only,none,0.0,0.0031029627887342315,-0.5938722544594832,-0.7944561870587596,0.013883209421918367,-0.22350471670011496,15,0.3333333333333333,1.3341587795971472,483.49484209426925,0.9733108108108108,0.9462837837837837,0.9472972972972973,0.9783783783783784,0.9621114864864864,True
USDCAD1440_comma,daily,100,400,long_only,none,0.0,0.003616631005529225,-0.6058929806632231,-0.7923275495105172,0.014107433768963083,-0.25636349351403354,9,0.2222222222222222,1.3836669399689587,945.4267482075114,0.9652027027027027,0.9472972972972973,0.956418918918919,0.981418918918919,0.9614020270270272,True
USDCAD1440_comma,daily,50,500,long_only,slow_slope,0.0,0.004311946384270238,-0.6238016309847813,-0.8306085677960845,0.02075739848240702,-0.20773057798764316,43,0.2558139534883721,1.2401059158623662,166.0948457256692,0.956418918918919,0.9631756756756756,0.9655405405405405,0.9641891891891892,0.961097972972973,False
USDCAD1440_comma,daily,50,300,long_only,none,0.0025,0.0031134520777860164,-0.6037023421050275,-0.8019614009538173,0.014902712347915681,-0.20891848444095273,12,0.4166666666666667,1.356130023349267,630.8396996134587,0.9675675675675676,0.9496621621621621,0.947972972972973,0.9793918918918919,0.960945945945946,True
USDCAD1440_comma,daily,20,50,long_only,none,0.001,0.004878623844503105,-0.6336144308535603,-0.853689515631867,0.031180668934317948,-0.15646309111520096,52,0.40384615384615385,1.1871946645904443,156.0668347095529,0.9483108108108108,0.977027027027027,0.9726351351351351,0.9516891891891892,0.9608614864864866,False
USDCAD1440_comma,daily,20,75,long_only,price_slow,0.005,0.006573205958934514,-0.6664147493032638,-0.9162100422964891,0.04961499738232593,-0.13248425487725712,54,0.35185185185185186,1.326593436239842,205.11129295118857,0.922972972972973,0.9925675675675676,0.9841216216216216,0.9777027027027027,0.9608108108108109,False
USDCAD1440_comma,daily,20,50,long_only,price_slow,0.005,0.008724184998954332,-0.6774173091078493,-0.9373425052577453,0.06989095885434098,-0.12482565902603104,68,0.3382352941176471,1.3588453323543392,219.75619119317753,0.9138513513513513,0.9969594594594594,0.9949324324324325,0.9800675675675675,0.960777027027027,False
USDCAD1440_comma,daily,20,400,long_only,none,0.0,0.0036198602115384837,-0.6057731365069924,-0.8002925372080317,0.01648958788440589,-0.21952399519710042,23,0.2608695652173913,1.2307918963976343,259.32214647505816,0.9658783783783784,0.9540540540540541,0.9567567567567568,0.9614864864864865,0.9604391891891892,False
USDCAD1440_comma,daily,10,300,long_only,none,0.001,0.0034685543314814105,-0.5930451154256964,-0.7906395393202643,0.014594518824899854,-0.23766143804369044,31,0.16129032258064516,1.1936592314538996,184.1472883912481,0.9739864864864864,0.9483108108108108,0.9540540540540541,0.9523648648648648,0.9603378378378379,False
USDCAD1440_comma,daily,20,500,long_only,slow_slope,0.0,0.004175619580313761,-0.6259435240855544,-0.8323619165963688,0.018834268828537,-0.22170330148346473,48,0.22916666666666666,1.2348283220680125,143.9403231797272,0.9547297297297297,0.9591216216216216,0.9635135135135136,0.9621621621621622,0.9586993243243243,False
USDCAD1440_comma,daily,10,50,long_only,none,0.0025,0.005286252069607977,-0.6427754394725931,-0.8689957725100195,0.03357306785256508,-0.15745513912587206,67,0.3582089552238806,1.1749083827128293,131.65358435894757,0.9391891891891891,0.9797297297297297,0.9760135135135135,0.9493243243243243,0.9582094594594595,False
USDCAD1440_comma,daily,10,300,long_only,none,0.0025,0.003403708521138915,-0.6035185580046595,-0.8065305534983505,0.013912649881720002,-0.2446484710012784,30,0.16666666666666666,1.207568349845873,186.6365142039431,0.9682432432432433,0.9466216216216217,0.9533783783783784,0.956081081081081,0.9580405405405406,False
USDCAD1440_comma,daily,20,75,long_only,none,0.005,0.005845369333098427,-0.6590837079125906,-0.9054265256859005,0.035267928972774455,-0.16574178023356112,42,0.38095238095238093,1.2746585958289782,233.220097400542,0.9277027027027027,0.9820945945945946,0.9797297297297297,0.9679054054054054,0.9577364864864866,False
USDCAD1440_comma,daily,20,50,long_only,price_slow,0.0025,0.006431071976045866,-0.6616418956990051,-0.9008710891454839,0.04188378419776278,-0.1535456286776824,84,0.32142857142857145,1.205169554732778,128.8667005033657,0.9260135135135135,0.9881756756756757,0.9824324324324324,0.9557432432432432,0.9572972972972973,False
USDCAD1440_comma,daily,30,200,long_only,price_slow,0.001,0.0037276790836229257,-0.6161332004961939,-0.8301984073217912,0.0164921490610277,-0.22602749161610092,51,0.21568627450980393,1.1702396088029088,120.53087583405907,0.9618243243243243,0.9543918918918919,0.9581081081081081,0.947972972972973,0.9571452702702703,False
USDCAD1440_comma,daily,20,400,long_only,none,0.0025,0.003550847176386762,-0.6241677559886384,-0.8280946117965097,0.016877385695080797,-0.2103908295122815,19,0.21052631578947367,1.2453831288002608,307.77069229744257,0.956081081081081,0.9550675675675676,0.956081081081081,0.964527027027027,0.9570945945945946,True
USDCAD1440_comma,daily,20,300,long_only,none,0.0025,0.0031681324407204503,-0.6023647908914519,-0.8042963694981855,0.01340300492513898,-0.23637478747607032,19,0.2631578947368421,1.2005603910289406,273.8051406377989,0.9692567567567567,0.9456081081081081,0.9493243243243243,0.9540540540540541,0.9570777027027028,True
USDCAD1440_comma,daily,100,300,long_only,none,0.0025,0.0031946721362976493,-0.6187464829527901,-0.8199226468787705,0.01337648685929199,-0.23882744175676196,9,0.5555555555555556,1.3025872135045162,829.9731188498731,0.9614864864864865,0.9452702702702702,0.9503378378378379,0.9739864864864864,0.9570777027027028,True
USDCAD1440_comma,daily,100,400,long_only,none,0.0025,0.003424680347750675,-0.6223676662335736,-0.8175404697956182,0.012957290074470704,-0.26430529285581117,9,0.2222222222222222,1.3313752217149584,875.5541166587177,0.9577702702702703,0.9435810810810811,0.9537162162162162,0.9780405405405406,0.9564527027027027,True
USDCAD1440_comma,daily,20,75,long_only,price_slow,0.0025,0.005323541087665751,-0.6552258934698496,-0.8922241815560423,0.03451433616761168,-0.1542414451146643,71,0.3380281690140845,1.2163415755138547,125.14825161037142,0.9293918918918919,0.981418918918919,0.9766891891891892,0.9591216216216216,0.9563175675675676,False
USDCAD1440_comma,daily,5,50,long_only,price_slow,0.0,0.004628908781192598,-0.637030740208791,-0.8582796536729739,0.033092547319751,-0.13987768111250454,121,0.23140495867768596,1.118644095685997,63.51665892411388,0.9425675675675675,0.9793918918918919,0.9699324324324324,0.9347972972972973,0.9560810810810811,False
USDCAD1440_comma,daily,30,300,long_only,none,0.001,0.0029494385286066294,-0.5979371002219956,-0.8012085281174469,0.01283532321704301,-0.22979074844724623,18,0.2777777777777778,1.1794936526257849,268.6215266582464,0.970945945945946,0.9425675675675675,0.9452702702702702,0.9503378378378379,0.9556250000000001,True
USDCAD1440_comma,daily,10,400,long_only,none,0.005,0.003949266367801574,-0.6342838534612429,-0.8411125511113151,0.017464962495663084,-0.22612509868156083,25,0.28,1.2670646823623295,260.93648816596976,0.9472972972972973,0.9570945945945946,0.960472972972973,0.9672297297297298,0.9553716216216216,False
USDCAD1440_comma,daily,40,300,long_only,none,0.0025,0.0026347181435855127,-0.6132197594090262,-0.8172792232143581,0.012620908958085235,-0.2087581926417157,13,0.38461538461538464,1.3152132743432428,515.6337622244745,0.9631756756756756,0.941554054054054,0.9405405405405406,0.9760135135135135,0.955168918918919,True
USDCAD1440_comma,daily,40,300,long_only,none,0.001,0.0025455993981653435,-0.6036712521329358,-0.8062279464345158,0.010818279597147965,-0.23530538061120576,13,0.5384615384615384,1.3075626886338882,484.6866770934809,0.9679054054054054,0.9347972972972973,0.9388513513513513,0.9753378378378378,0.9549324324324324,True
USDCAD1440_comma,daily,60,250,long_only,none,0.0,0.0025036641293090245,-0.6058625585279231,-0.8003861491825766,0.012455959918184385,-0.2010012994385073,12,0.4166666666666667,1.2924838657818067,549.8788987844247,0.9655405405405405,0.9405405405405406,0.9381756756756757,0.9719594594594595,0.9547804054054054,True
USDCAD1440_comma,daily,30,400,long_only,none,0.001,0.002996766887666258,-0.620792447743825,-0.8237716284780107,0.012582739373576365,-0.23816490183047423,14,0.35714285714285715,1.3199745870277586,483.7259371212248,0.9587837837837838,0.9408783783783784,0.9459459459459459,0.9766891891891892,0.9544256756756756,True
USDCAD1440_comma,daily,40,200,long_only,price_slow,0.0,0.0034916698488265396,-0.6217551119570923,-0.8387039828156048,0.015171921586872974,-0.23014025143971195,54,0.24074074074074073,1.158657356934899,106.43730550644997,0.9581081081081081,0.9513513513513514,0.9547297297297297,0.9462837837837837,0.9539695945945947,False
USDCAD1440_comma,daily,30,500,long_only,none,0.0025,0.0031699456669955772,-0.6204766798238596,-0.8246818675427972,0.013006117853192011,-0.24372727533124705,16,0.1875,1.2276315850594686,325.33415460710034,0.9594594594594594,0.9439189189189189,0.9496621621621621,0.9611486486486487,0.9538682432432433,True
USDCAD1440_comma,daily,75,200,long_only,none,0.0,0.0023114050311894285,-0.601840618979305,-0.7965826861905745,0.011236540289575762,-0.20570433350679473,14,0.42857142857142855,1.2381356388008353,421.67794604856084,0.9695945945945946,0.9375,0.9354729729729729,0.9635135135135136,0.9538344594594595,True
USDCAD1440_comma,daily,50,100,long_only,none,0.0,0.002898884150885017,-0.6131903240187424,-0.8231320147519212,0.014471130803286854,-0.2003218815648179,27,0.4074074074074074,1.1542138922120766,175.94427962757433,0.9635135135135136,0.947972972972973,0.9442567567567568,0.9445945945945946,0.9529391891891892,False
USDCAD1440_comma,daily,75,250,long_only,slow_slope,0.0,0.0031793959902735036,-0.627330186533554,-0.8333221580538478,0.014772490133206513,-0.21522410653886048,30,0.3,1.2229558516938253,174.04126040573348,0.9533783783783784,0.9489864864864865,0.95,0.9601351351351352,0.9526182432432431,False
USDCAD1440_comma,daily,30,200,long_only,price_slow,0.0025,0.0033969397767019682,-0.6266121771330538,-0.8466645321673525,0.01550616585909722,-0.21907025937743585,46,0.30434782608695654,1.159528175802045,121.47119105309068,0.9540540540540541,0.9527027027027027,0.9530405405405405,0.9466216216216217,0.9523986486486488,False
USDCAD1440_comma,daily,40,250,long_only,slow_slope,0.0025,0.003387692071479931,-0.6311866439611268,-0.8439818104651683,0.01548908157756161,-0.21871484468049673,31,0.1935483870967742,1.2108167915853416,179.74430223250502,0.95,0.9523648648648648,0.9523648648648648,0.9581081081081081,0.9522804054054054,False
USDCAD1440_comma,daily,75,400,long_only,none,0.001,0.003042383316411712,-0.6257442765932896,-0.825692556142768,0.011936079952461362,-0.2548896562798523,11,0.36363636363636365,1.274269531044013,683.9754693210612,0.9550675675675676,0.9402027027027027,0.9466216216216217,0.9675675675675676,0.9515371621621622,True
USDCAD1440_comma,daily,60,300,long_only,none,0.0,0.0023796155421580423,-0.6059023841469842,-0.800047486136713,0.010712809534827832,-0.22212805468274255,12,0.3333333333333333,1.2462140126318577,538.7700002016699,0.9648648648648649,0.9341216216216216,0.9364864864864865,0.9648648648648649,0.9515033783783784,True
USDCAD1440_comma,daily,10,75,long_only,none,0.0025,0.004263960868291727,-0.6514781013715514,-0.87941077081486,0.026183767620103913,-0.16284749124560116,53,0.3018867924528302,1.1721966400891168,133.20812937095042,0.9327702702702703,0.9722972972972973,0.9648648648648649,0.9486486486486486,0.9514527027027027,False
USDCAD1440_comma,daily,5,50,long_only,none,0.001,0.004067370970607609,-0.6435992443879506,-0.8658341674359977,0.028997805013494197,-0.1402647879284259,84,0.2976190476190476,1.1157362394803894,80.0536719778476,0.9381756756756757,0.975,0.9618243243243243,0.9331081081081081,0.9513513513513513,False
USDCAD1440_comma,daily,5,250,long_only,slow_slope,0.0025,0.003691082759406328,-0.6352202284260966,-0.8488100348771898,0.015595821763959229,-0.23667125819148194,41,0.24390243902439024,1.1991146953054468,148.41562410935506,0.9452702702702702,0.9533783783783784,0.9574324324324325,0.9537162162162162,0.9509966216216216,False
USDCAD1440_comma,daily,100,500,long_only,none,0.005,0.003933901011878405,-0.637610745388403,-0.8385364574744888,0.014726543506316877,-0.26712996231539177,9,0.3333333333333333,1.248216220193706,712.6224256320893,0.9422297297297297,0.9486486486486486,0.9601351351351352,0.9652027027027027,0.9508614864864865,True
USDCAD1440_comma,daily,10,500,long_only,none,0.001,0.0030026348665728175,-0.6205140109856134,-0.8174434790483627,0.011310348010160773,-0.26547678850158885,24,0.20833333333333334,1.2076674592969299,205.18227967418383,0.9591216216216216,0.9378378378378378,0.9462837837837837,0.956418918918919,0.9508277027027028,False
USDCAD1440_comma,daily,5,75,long_only,none,0.0025,0.0040659403384804005,-0.6392547371306907,-0.8611329912593412,0.019793043297008293,-0.20542269712990346,72,0.3055555555555556,1.1357510650092704,93.36208869610667,0.941554054054054,0.9621621621621622,0.9614864864864865,0.9398648648648649,0.9504391891891891,False
USDCAD1440_comma,daily,30,150,long_only,none,0.0,0.002600666119743744,-0.6050698068925209,-0.8118541267372702,0.011115224146854816,-0.23397334011295068,26,0.3076923076923077,1.146739234238124,163.54636736544686,0.966554054054054,0.9361486486486487,0.9402027027027027,0.9422297297297297,0.9500337837837838,False
USDCAD1440_comma,daily,20,200,long_only,price_slow,0.0025,0.0032028119975004987,-0.6274161719816046,-0.8449187131967535,0.014096995784369596,-0.2271981950261841,51,0.27450980392156865,1.1568196067302732,103.14947180713249,0.9530405405405405,0.9469594594594595,0.9506756756756757,0.9452702702702702,0.9498817567567568,False
USDCAD1440_comma,daily,20,100,long_only,none,0.0,0.0026793766952186715,-0.620472364030435,-0.8295074147042248,0.013363527362719943,-0.20049921121075365,36,0.3333333333333333,1.1337043275815375,121.76405721952703,0.9597972972972973,0.9449324324324324,0.9412162162162162,0.9388513513513513,0.9492229729729731,False
USDCAD1440_comma,daily,20,250,long_only,slow_slope,0.005,0.0033060541317844194,-0.6421996519185451,-0.8594263899908579,0.01510803498581055,-0.21882754010627203,33,0.21212121212121213,1.2253833107387133,164.67997352551131,0.9398648648648649,0.9506756756756757,0.9513513513513514,0.9608108108108108,0.9480067567567569,False
USDCAD1440_comma,daily,40,75,long_only,price_slow,0.0,0.00460047176150824,-0.6694156088592289,-0.9155042253962717,0.025661569685085026,-0.17927476058419445,88,0.3068181818181818,1.1647834758424498,86.78016647661872,0.9202702702702703,0.9716216216216216,0.9692567567567567,0.9476351351351351,0.9470101351351351,False
USDCAD1440_comma,daily,10,200,long_only,none,0.005,0.0030901389062469864,-0.6323343835837605,-0.8521684906823527,0.01272396638535662,-0.2428597194191957,36,0.25,1.1711339143634114,140.86766352011082,0.9493243243243243,0.9418918918918919,0.9469594594594595,0.9483108108108108,0.9468412162162162,False
USDCAD1440_comma,daily,10,300,long_only,price_slow,0.005,0.0028389122037257852,-0.6306684816017728,-0.8433937253437215,0.012598067963846262,-0.22534504591282178,33,0.3333333333333333,1.1610003761594008,140.91242109160913,0.9510135135135135,0.9412162162162162,0.9439189189189189,0.9469594594594595,0.9465371621621621,False
USDCAD1440_comma,daily,40,500,long_only,none,0.0025,0.002802873078542989,-0.6306885769867385,-0.8370206563061094,0.011644348653441458,-0.24070672924368397,13,0.15384615384615385,1.1814564099830442,353.06371045944195,0.9506756756756757,0.9385135135135135,0.9435810810810811,0.9506756756756757,0.9462162162162162,True
USDCAD1440_comma,daily,50,250,long_only,none,0.0025,0.0020827616523486636,-0.6272266303921089,-0.834646750794625,0.009455175971856498,-0.22027740769162218,15,0.3333333333333333,1.2625844301497724,392.21554164718157,0.9537162162162162,0.9320945945945946,0.9307432432432432,0.9668918918918918,0.9456925675675676,True
USDCAD1440_comma,daily,40,250,long_only,slow_slope,0.005,0.0031109910566347043,-0.6466582553316844,-0.8682368022364029,0.015009982169542283,-0.20726147582955934,27,0.14814814814814814,1.2184421144074578,189.12078614871592,0.9361486486486487,0.9503378378378379,0.9476351351351351,0.9594594594594594,0.945489864864865,False
USDCAD1440_comma,daily,40,500,long_only,slow_slope,0.0,0.0033131318925878617,-0.6447717362836728,-0.8594013119788583,0.014868480978812248,-0.22282921149168577,46,0.2391304347826087,1.1754461350881857,118.39923765382723,0.9378378378378378,0.9493243243243243,0.952027027027027,0.9496621621621621,0.945320945945946,False
USDCAD1440_comma,daily,5,100,long_only,none,0.0,0.002495994043098193,-0.6217183891353296,-0.8292912518757556,0.01182940823144347,-0.2109990621900807,58,0.3448275862068966,1.1007620436226957,70.30754188452048,0.9584459459459459,0.9395270270270271,0.9378378378378378,0.9277027027027027,0.944983108108108,False
USDCAD1440_comma,daily,40,100,long_only,none,0.001,0.002732057236604968,-0.6357885946628798,-0.8534901176861801,0.014298048792466388,-0.19107902597482274,32,0.40625,1.1482357538127568,139.73347949068383,0.9445945945945946,0.9476351351351351,0.9425675675675675,0.9429054054054054,0.944695945945946,False
USDCAD1440_comma,daily,50,500,long_only,none,0.0025,0.0025796709608907342,-0.6391348844718421,-0.8470987610105541,0.01090088333975043,-0.23664788260634617,11,0.18181818181818182,1.294341713220993,621.4333775980832,0.9418918918918919,0.9354729729729729,0.9398648648648649,0.9722972972972973,0.9444425675675676,True
USDCAD1440_comma,daily,20,200,long_only,price_slow,0.001,0.0026950735931410286,-0.6293786760821283,-0.8460129793682866,0.011430056051783755,-0.23578830943006968,54,0.2037037037037037,1.1171604689144983,81.6612827765114,0.9527027027027027,0.9381756756756757,0.941554054054054,0.9341216216216216,0.9440540540540541,False
USDCAD1440_comma,daily,20,500,long_only,none,0.0025,0.002568224425158805,-0.6339344477431892,-0.8378501469447499,0.01042578510784257,-0.24633391141228433,17,0.35294117647058826,1.2013656601207776,246.94901415502778,0.947972972972973,0.933445945945946,0.9395270270270271,0.9543918918918919,0.9436148648648649,True
USDCAD1440_comma,daily,100,300,long_only,none,0.001,0.0019263727111267226,-0.6244387965901429,-0.8240268213212143,0.009176828158539768,-0.2099170517140042,9,0.3333333333333333,1.1971731898279274,638.8461999757589,0.9557432432432432,0.9304054054054054,0.9287162162162163,0.9530405405405405,0.9435979729729731,True
USDCAD1440_comma,daily,40,250,long_only,none,0.001,0.0017412815694630712,-0.6225676229482662,-0.8329099720259752,0.007429851350628559,-0.23436290812409866,15,0.3333333333333333,1.2376573615652644,339.0021569340754,0.9574324324324325,0.9239864864864865,0.925,0.9631756756756756,0.9434459459459461,True
USDCAD1440_comma,daily,20,200,long_only,none,0.005,0.0026760729577255393,-0.6345928108687255,-0.8553736117106125,0.011167449349828159,-0.2396315285519265,24,0.25,1.1498530659020116,182.41632653252745,0.9466216216216217,0.9364864864864865,0.9408783783783784,0.9432432432432433,0.9424324324324325,False
USDCAD1440_comma,daily,60,250,long_only,slow_slope,0.005,0.003280933208156256,-0.6607839168068521,-0.8799273604933107,0.01536970979642961,-0.21346747932211563,24,0.2916666666666667,1.2041814143700134,224.6717235183779,0.927027027027027,0.952027027027027,0.9510135135135135,0.9550675675675676,0.9422804054054054,False
USDCAD1440_comma,daily,40,500,long_only,none,0.001,0.0021089376330243326,-0.6348930319389708,-0.8431787476046831,0.008417477828185369,-0.250542701278368,13,0.15384615384615385,1.2841481795629337,467.74108423593367,0.9459459459459459,0.9280405405405405,0.9310810810810811,0.9699324324324324,0.9420945945945947,True
USDCAD1440_comma,daily,20,150,long_only,none,0.0,0.0018045290666635072,-0.6201527796262506,-0.8339361906728746,0.009014021045562159,-0.20019135273174504,32,0.34375,1.1065105981289118,91.65035426481003,0.960472972972973,0.9300675675675676,0.9256756756756757,0.9300675675675676,0.9413513513513514,False
USDCAD1440_comma,daily,100,500,long_only,none,0.0025,0.0029911412571770324,-0.6406567787603494,-0.8409926834464563,0.010380980137958731,-0.2881366901223257,10,0.5,1.1612621816634783,433.7326916308274,0.9408783783783784,0.9331081081081081,0.9456081081081081,0.9472972972972973,0.9408445945945947,True
USDCAD1440_comma,daily,20,50,long_only,price_slow,0.001,0.0044607483668790415,-0.6840747889477945,-0.9266323470410045,0.02698699911886704,-0.16529249314572592,98,0.2653061224489796,1.1342428344118254,75.47837596925534,0.9074324324324324,0.9733108108108108,0.9668918918918918,0.9395270270270271,0.9406081081081081,False
USDCAD1440_comma,daily,10,200,long_only,none,0.0025,0.002308632992996662,-0.6294696983630778,-0.8425858966885839,0.009301729790358912,-0.24819394295774122,33,0.2727272727272727,1.1120785233765005,114.13346622393667,0.9523648648648648,0.9310810810810811,0.9351351351351351,0.9324324324324325,0.940608108108108,False
USDCAD1440_comma,daily,20,250,long_only,none,0.005,0.0022228676526869773,-0.6307109381278923,-0.8447000359865865,0.00918706360819605,-0.2419562710661861,24,0.2916666666666667,1.1337107084786562,151.00567807409337,0.9503378378378379,0.9307432432432432,0.9337837837837838,0.9391891891891891,0.940456081081081,False
USDCAD1440_comma,daily,75,500,long_only,none,0.0,0.0020038956451404744,-0.6296804982986035,-0.8296397520663915,0.007094792282670992,-0.2824459921166379,12,0.3333333333333333,1.1832091630991413,414.1131011498774,0.952027027027027,0.9222972972972973,0.9297297297297298,0.9510135135135135,0.939983108108108,True
USDCAD1440_comma,daily,30,200,long_only,none,0.005,0.0023220871248565977,-0.6344608951835757,-0.8533641609559413,0.009399479294687464,-0.24704423001059528,21,0.3333333333333333,1.1364475928753899,180.41613329297138,0.9469594594594595,0.9317567567567567,0.9358108108108109,0.9402027027027027,0.9399155405405406,False
USDCAD1440_comma,daily,30,300,long_only,none,0.0025,0.001867336569804534,-0.6264497126441866,-0.8398063438686845,0.008128133968575028,-0.22973742522256968,18,0.2777777777777778,1.1162509265472802,168.68484307585072,0.9543918918918919,0.9266891891891892,0.9277027027027027,0.933445945945946,0.9389864864864866,True
USDCAD1440_comma,daily,100,300,long_only,none,0.005,0.002728682750970046,-0.6518473859279342,-0.8683455210633987,0.011069002404089057,-0.24651568870940255,10,0.4,1.2098956826638383,499.97787487645854,0.9320945945945946,0.9358108108108109,0.9422297297297297,0.9570945945945946,0.9388006756756757,True
USDCAD1440_comma,daily,75,300,long_only,none,0.0,0.0015325519156041967,-0.6249415068025321,-0.8247181792739028,0.006435587045845218,-0.23813708130847278,9,0.4444444444444444,1.174489925460444,524.7422066617214,0.9554054054054054,0.9195945945945946,0.9216216216216216,0.9489864864864865,0.9387331081081082,True
USDCAD1440_comma,daily,75,300,long_only,none,0.001,0.0016068130800499514,-0.6302793814144695,-0.8303433702925944,0.006654185434416703,-0.24147404605516565,10,0.4,1.1911553214112163,523.1615011830834,0.9513513513513514,0.9199324324324324,0.9226351351351352,0.952027027027027,0.9378547297297298,True
USDCAD1440_comma,daily,30,100,long_only,none,0.005,0.0033117388102950063,-0.6786045814208354,-0.921191923051847,0.017424441833833765,-0.19006283483149888,33,0.36363636363636365,1.184976831874632,164.97022824197424,0.9125,0.9567567567567568,0.9516891891891892,0.9513513513513514,0.9372297297297297,False
USDCAD1440_comma,daily,100,500,long_only,none,0.001,0.0022516011950977077,-0.6364885989984206,-0.8326114084118799,0.007752542922951291,-0.2904338895605305,10,0.2,1.1507962344315905,430.3430167087357,0.9429054054054054,0.9256756756756757,0.9344594594594594,0.9439189189189189,0.9370608108108107,True
USDCAD1440_comma,daily,5,300,long_only,none,0.001,0.0017220908858295303,-0.6235051040379244,-0.8274067707620717,0.0073863622499971806,-0.23314465599493006,43,0.18604651162790697,1.0848224559392423,65.04858815492116,0.9567567567567568,0.9233108108108108,0.9243243243243243,0.9219594594594595,0.9366891891891891,False
USDCAD1440_comma,daily,60,500,long_only,slow_slope,0.001,0.0029155070087543145,-0.6629068725127318,-0.8791506078230978,0.012865653243434716,-0.22661165768959957,45,0.28888888888888886,1.1552738949591121,106.1852476456974,0.925,0.9429054054054054,0.9449324324324324,0.9449324324324324,0.9364527027027028,False
USDCAD1440_comma,daily,20,75,long_only,price_slow,0.0,0.0031396518265291995,-0.6704557666833457,-0.9090063671687371,0.017212207511111483,-0.1824084345080299,90,0.3,1.1084318997510743,57.271339571867216,0.9192567567567568,0.956081081081081,0.9486486486486486,0.9314189189189189,0.9361655405405405,False
USDCAD1440_comma,daily,40,50,long_only,slow_slope,0.001,0.004637520876700885,-0.691880109887224,-0.950239843138737,0.023497345859548095,-0.19736360457138347,84,0.34523809523809523,1.1305344255607848,91.670444216183,0.8972972972972973,0.9692567567567567,0.9702702702702702,0.9378378378378378,0.9359628378378378,False
USDCAD1440_comma,daily,30,50,long_only,price_slow,0.0025,0.006027109965824229,-0.7124138093063743,-0.9758813754281043,0.039157637338194946,-0.1539191426124501,76,0.3157894736842105,1.1985427775934483,133.0756244819737,0.8753378378378378,0.9864864864864865,0.9807432432432432,0.9533783783783784,0.9359121621621622,False
USDCAD1440_comma,daily,30,50,long_only,fast_slope,0.0,0.0046568489922069745,-0.698740157631595,-0.9472039851581852,0.030743044204102225,-0.15147650835389892,106,0.33962264150943394,1.1391260095373004,72.95795695348173,0.8905405405405405,0.9763513513513513,0.970945945945946,0.9408783783783784,0.9356249999999999,False
USDCAD1440_comma,daily,40,75,long_short,none,0.0,1.4288509501581004e-05,-0.5165509932960104,-0.7397976579249752,6.068989349829655e-05,-0.23543474338082426,76,0.42105263157894735,1.03641814811228,34.98165038701546,0.9956081081081081,0.8915540540540541,0.8915540540540541,0.9057432432432433,0.935304054054054,False
USDCAD1440_comma,daily,60,100,long_only,none,0.0,0.00200735836510213,-0.6362888749090096,-0.8502222117452767,0.008961929481199195,-0.22398729752485458,30,0.4666666666666667,1.106632843245786,108.91515990383687,0.9432432432432433,0.9297297297297298,0.9300675675675676,0.9304054054054054,0.935304054054054,False
USDCAD1440_comma,daily,20,300,long_only,price_slow,0.001,0.0018455261154515235,-0.633502243395678,-0.8454272214549187,0.007543651743438845,-0.2446462506778213,45,0.2,1.0934115767894506,66.67487418175479,0.9486486486486486,0.9243243243243243,0.9266891891891892,0.925,0.9346283783783784,False
USDCAD1440_comma,daily,30,50,long_only,fast_slope,0.0025,0.006274963192045124,-0.7147002974968446,-0.9807941200647724,0.03788597986292249,-0.1656275808293448,77,0.4025974025974026,1.2083150781162122,137.0066329414808,0.8699324324324325,0.9851351351351352,0.9817567567567568,0.9567567567567568,0.9341216216216217,False
USDCAD1440_comma,daily,5,250,long_only,none,0.0,0.0015075151707695245,-0.6230959657284704,-0.8292938682250349,0.006240377138635198,-0.2415743691893637,44,0.22727272727272727,1.0673533827095285,55.55929663273759,0.9570945945945946,0.9182432432432432,0.9206081081081081,0.9158783783783784,0.9339020270270271,False
USDCAD1440_comma,daily,10,400,long_only,price_slow,0.005,0.0025552477203139023,-0.6617895615014363,-0.877740793616539,0.010845952826788111,-0.23559458178748194,32,0.25,1.1580748010843815,130.51598859934165,0.9256756756756757,0.9351351351351351,0.9391891891891891,0.9459459459459459,0.9337837837837837,False
USDCAD1440_comma,daily,75,250,long_only,slow_slope,0.001,0.0021786056524584207,-0.6532503031694448,-0.8655120293945503,0.00997154541239874,-0.21848224747084,29,0.27586206896551724,1.1434777130774167,122.44088775243205,0.9307432432432432,0.9324324324324325,0.9331081081081081,0.941554054054054,0.9332601351351352,False
USDCAD1440_comma,daily,50,75,long_only,none,0.0,0.00214478837514398,-0.6543085329499091,-0.8781489517434091,0.010655150921153007,-0.20129122440547187,42,0.42857142857142855,1.089947421285043,83.20897409835989,0.9297297297297298,0.9337837837837838,0.9320945945945946,0.9236486486486486,0.9303040540540541,False
USDCAD1440_comma,daily,40,50,long_only,price_slow,0.001,0.005949503139699441,-0.7215133638197208,-0.9890551809441811,0.039045521980780054,-0.15237350758501966,90,0.2777777777777778,1.1962279954434665,110.8626046603152,0.8611486486486486,0.9861486486486486,0.9804054054054054,0.9527027027027027,0.9299831081081081,False
USDCAD1440_comma,daily,5,50,long_only,price_slow,0.001,0.0027959446330441118,-0.6811229698086154,-0.9172071287605041,0.018257284915440194,-0.1531413156991147,110,0.2545454545454545,1.073288317434648,41.62039042201528,0.9097972972972973,0.9584459459459459,0.9432432432432433,0.9175675675675675,0.9298141891891892,False
USDCAD1440_comma,daily,40,75,long_only,none,0.005,0.00527474047239429,-0.7254456934751644,-1.0000749909655429,0.03449906108667236,-0.15289518920942524,34,0.4117647058823529,1.3029911364821911,258.84743235185886,0.8581081081081081,0.981081081081081,0.9756756756756757,0.9743243243243244,0.9297972972972973,False
USDCAD1440_comma,daily,10,500,long_only,none,0.0025,0.001849774339448329,-0.6512291842339454,-0.8594972606680396,0.00686244296962484,-0.2695504134075818,29,0.1724137931034483,1.123607064665316,103.70249158647788,0.933445945945946,0.9209459459459459,0.927027027027027,0.9358108108108109,0.929391891891892,False
USDCAD1440_comma,daily,40,500,long_only,slow_slope,0.0025,0.002490239283980067,-0.6715668505839755,-0.8939498460140026,0.010781687807247057,-0.23096933694427868,41,0.1951219512195122,1.1326536200115507,99.22582416451232,0.918581081081081,0.9344594594594594,0.9375,0.9381756756756757,0.9292736486486487,False
USDCAD1440_comma,daily,40,250,long_only,none,0.005,0.0015954649894456274,-0.6460352026896342,-0.8668026211042777,0.006925111672849706,-0.23038834098527805,16,0.3125,1.1046082719738908,161.8090997384179,0.9371621621621622,0.9212837837837838,0.9222972972972973,0.9290540540540541,0.9290033783783784,True
USDCAD1440_comma,daily,50,300,long_only,none,0.0,0.0006134382583669051,-0.6340475788537604,-0.8411891077928417,0.0024984574090753365,-0.24552680231356627,12,0.3333333333333333,1.127993896168731,266.0331718327927,0.9476351351351351,0.9050675675675676,0.9067567567567567,0.9371621621621622,0.9272466216216217,True
USDCAD1440_comma,daily,100,300,long_only,none,0.0,0.0007758049704829073,-0.6351189843811034,-0.8363725573380658,0.0033967204260313627,-0.22839824100252404,10,0.3,1.112919552806198,369.3593299874625,0.9456081081081081,0.9087837837837838,0.9094594594594595,0.9327702702702703,0.9272466216216217,True
USDCAD1440_comma,daily,30,250,long_only,slow_slope,0.005,0.001979136461073505,-0.6689398237671208,-0.8961160935892661,0.009341189580830727,-0.21187199381275135,30,0.13333333333333333,1.1181015612784255,107.36103672199792,0.9206081081081081,0.9314189189189189,0.9293918918918919,0.9344594594594594,0.9271452702702703,False
USDCAD1440_comma,daily,10,200,long_only,price_slow,0.005,0.0019001091357531141,-0.6568418198430176,-0.8867658723741996,0.007646425019223033,-0.24849640596438982,45,0.24444444444444444,1.091765519895427,68.67510766038943,0.9283783783783783,0.9253378378378379,0.9280405405405405,0.9246621621621621,0.9269932432432433,False
USDCAD1440_comma,daily,50,75,long_only,none,0.001,0.0023271718611939107,-0.6805339471488114,-0.9134942206542253,0.013289225097692765,-0.17511719788672608,42,0.47619047619047616,1.1017756557370537,90.40906773220449,0.910472972972973,0.9445945945945946,0.9361486486486487,0.9287162162162163,0.9268750000000001,False
USDCAD1440_comma,daily,60,500,long_only,slow_slope,0.0,0.0020739744952840145,-0.6681117182465872,-0.8883830671834946,0.008650510890852031,-0.2397516772653573,45,0.26666666666666666,1.1087427595487014,75.05745754628418,0.9216216216216216,0.9287162162162163,0.9304054054054054,0.9317567567567567,0.9266722972972974,False
USDCAD1440_comma,daily,5,75,long_only,price_slow,0.0025,0.0025310645239000618,-0.6754224633341627,-0.9094254257761536,0.011228638556769938,-0.22541152349890536,86,0.2558139534883721,1.07952217954127,48.09568782970858,0.9155405405405406,0.9371621621621622,0.9385135135135135,0.9199324324324324,0.9261993243243244,False
USDCAD1440_comma,daily,30,100,long_only,none,0.001,0.0013902697408239018,-0.6486708907109426,-0.872569459640882,0.007217179521309654,-0.1926333876993015,36,0.3611111111111111,1.067103803745095,62.56919091417477,0.9351351351351351,0.922972972972973,0.9192567567567568,0.9155405405405406,0.9259797297297296,False
USDCAD1440_comma,daily,20,400,long_only,none,0.001,0.0015231875305601328,-0.6495772131009494,-0.8577130266792077,0.006179288316456126,-0.24649886079982974,20,0.15,1.090853665006423,123.51576926306154,0.9337837837837838,0.9175675675675675,0.9209459459459459,0.9243243243243243,0.9257432432432433,False
USDCAD1440_comma,daily,10,500,long_only,slow_slope,0.001,0.0021344807954439826,-0.6715987272802468,-0.8876430220666818,0.008203265489684775,-0.2601989168981539,43,0.23255813953488372,1.1211294510118786,80.87699877344187,0.9182432432432432,0.927027027027027,0.9317567567567567,0.9351351351351351,0.9256756756756758,False
USDCAD1440_comma,daily,20,200,long_only,price_slow,0.0,0.0015312973188543744,-0.6465397379587347,-0.8684121274859625,0.006219154971035025,-0.2462227305777408,59,0.1864406779661017,1.066192365882309,42.09524929060013,0.9364864864864865,0.9179054054054054,0.9212837837837838,0.9148648648648648,0.9255574324324324,False
USDCAD1440_comma,daily,40,200,long_short,none,0.0,-0.0008386779322865356,-0.5370422443514093,-0.7563752180930051,-0.004039372010361685,-0.20762582157206178,29,0.3448275862068966,1.0349097114332624,50.124191177857135,0.9915540540540541,0.8722972972972973,0.8753378378378378,0.9047297297297298,0.925472972972973,False
USDCAD1440_comma,daily,60,250,long_only,none,0.001,0.0006043438231706499,-0.6435331038627624,-0.8493883102500298,0.002826245962166757,-0.2138327064454526,12,0.4166666666666667,1.1528043059503001,294.35728056412813,0.9385135135135135,0.9067567567567567,0.9060810810810811,0.9442567567567568,0.9249493243243243,True
USDCAD1440_comma,daily,20,250,long_only,price_slow,0.001,0.001294897828047148,-0.6425672515829967,-0.8587967859676017,0.0051993612534114745,-0.24904940528945207,56,0.19642857142857142,1.0531708522364316,37.43685390394801,0.9395270270270271,0.9152027027027027,0.9172297297297297,0.9121621621621622,0.9248817567567569,False
USDCAD1440_comma,daily,30,75,long_only,price_slow,0.005,0.005113266802523997,-0.7298151537133084,-1.006264868101259,0.03127353173523544,-0.16350141857380796,57,0.3684210526315789,1.2369142547674392,149.49035593175435,0.8516891891891892,0.9773648648648648,0.9746621621621622,0.9628378378378378,0.924375,False
USDCAD1440_comma,daily,10,200,long_only,none,0.001,0.0011869980905725441,-0.6400074128653815,-0.8570442008237702,0.004400297600321766,-0.2697540481093248,36,0.25,1.0556072419023514,53.33918276106944,0.9412162162162162,0.9118243243243244,0.914527027027027,0.9125,0.9242229729729731,False
USDCAD1440_comma,daily,10,200,long_only,none,0.0,0.0010223009881742406,-0.6362475845086959,-0.8510163523613626,0.003979429416255732,-0.25689637413801136,38,0.2631578947368421,1.0463515160633103,43.466562130104016,0.9435810810810811,0.9101351351351351,0.9121621621621622,0.9097972972972973,0.9238682432432433,False
USDCAD1440_comma,daily,30,50,long_only,price_slow,0.0,0.003485874171190728,-0.7101909425781299,-0.9601963885282239,0.023214508344902327,-0.15015929346426116,111,0.24324324324324326,1.0997449638107235,51.692096493924716,0.8783783783783784,0.9689189189189189,0.9543918918918919,0.9273648648648649,0.9235641891891893,False
USDCAD1440_comma,daily,75,400,long_only,none,0.0,0.0011135875567787057,-0.6537703412073756,-0.8601522255674366,0.004063241596662244,-0.27406383063548667,11,0.2727272727272727,1.1330493340261287,386.6564793192603,0.9304054054054054,0.910472972972973,0.9135135135135135,0.9385135135135135,0.9232601351351352,True
USDCAD1440_comma,daily,100,250,long_only,slow_slope,0.0,0.0013898333985302713,-0.660279736826077,-0.874351129416116,0.006433966540326432,-0.21601501807930712,32,0.25,1.0835013023809654,70.36801607731219,0.9273648648648649,0.9192567567567568,0.918918918918919,0.9206081081081081,0.9226351351351352,False
USDCAD1440_comma,daily,30,100,long_only,none,0.0025,0.0015658618203622243,-0.6712218385938925,-0.9045681507892732,0.008770135615147178,-0.17854476704530942,35,0.37142857142857144,1.0773124747098097,72.58119583483186,0.918918918918919,0.9290540540540541,0.9219594594594595,0.9192567567567568,0.9221114864864864,False
USDCAD1440_comma,daily,30,200,long_only,fast_slope,0.0,0.004570009990253476,-0.7238480679904422,-0.9940485429971463,0.02736049388158474,-0.16702951379577868,100,0.29,1.1391421660500884,75.84337660374393,0.8591216216216216,0.9736486486486486,0.9689189189189189,0.9412162162162162,0.9220270270270271,False
USDCAD1440_comma,daily,40,50,long_only,fast_slope,0.001,0.004462676499937146,-0.7199466521439848,-0.9860721462155477,0.021687510190008603,-0.20577173040329422,88,0.3522727272727273,1.1498754486303566,84.09302531259101,0.8635135135135135,0.9658783783783784,0.9672297297297298,0.9435810810810811,0.9218581081081082,False
USDCAD1440_comma,daily,10,100,long_only,none,0.0,0.0010454636755812263,-0.649311280981903,-0.8657751349245966,0.005349840197763408,-0.19541960823770033,46,0.34782608695652173,1.048447849465074,36.72712901632246,0.9341216216216216,0.9155405405405406,0.9125,0.9108108108108108,0.9216554054054055,False
USDCAD1440_comma,daily,30,200,long_only,slow_slope,0.0,0.0012871838951602488,-0.6568273741828464,-0.8805977613233232,0.00624844840879252,-0.2060005638118072,51,0.29411764705882354,1.0564972165552933,37.75578900665336,0.9287162162162163,0.918581081081081,0.9165540540540541,0.9128378378378378,0.9213682432432433,False
USDCAD1440_comma,daily,40,100,long_only,none,0.0025,0.0018445319001991756,-0.6796703584073809,-0.9170927436191926,0.008313631058499412,-0.2218683854527589,32,0.4375,1.1062810211129968,93.71032825599572,0.9111486486486486,0.9273648648648649,0.9263513513513514,0.9297297297297298,0.9210304054054055,False
USDCAD1440_comma,daily,100,500,long_only,slow_slope,0.0,0.0019310004134236447,-0.6795637733409323,-0.8951129380578893,0.008102605884784253,-0.23831844234826205,52,0.23076923076923078,1.0903009408719608,60.410653765611826,0.9114864864864864,0.9263513513513514,0.9290540540540541,0.9239864864864865,0.9205912162162162,False
USDCAD1440_comma,daily,20,75,long_only,price_slow,0.001,0.0024557452891706966,-0.6918474449710914,-0.9388684813243799,0.011760396613131562,-0.2088148359238694,86,0.27906976744186046,1.0843629783704056,46.637927987619136,0.8976351351351352,0.9391891891891891,0.9371621621621622,0.9216216216216216,0.919527027027027,False
USDCAD1440_comma,daily,50,300,long_only,none,0.001,0.0002489925652360281,-0.6455783616921904,-0.8567799555222636,0.0010337278586413927,-0.24086858369404296,12,0.25,1.1239222790920924,262.08999973841276,0.9375,0.8976351351351352,0.8976351351351352,0.9361486486486487,0.9193581081081081,True
USDCAD1440_comma,daily,10,300,long_only,price_slow,0.0025,0.0009842638037407259,-0.6518804172807942,-0.8716993554024791,0.0038381244458951884,-0.2564439526689605,42,0.16666666666666666,1.0516449644245305,37.85279338959487,0.9317567567567567,0.9094594594594595,0.9118243243243244,0.9114864864864864,0.9191554054054055,False
USDCAD1440_comma,daily,5,250,long_only,none,0.001,0.0006816981577106862,-0.6460699434327731,-0.8630923093774654,0.0028339748522869324,-0.24054488597899037,40,0.2,1.0310120805501235,27.464938391469424,0.9368243243243243,0.9074324324324324,0.9077702702702702,0.9037162162162162,0.9186993243243244,False
USDCAD1440_comma,daily,30,50,long_only,fast_slope,0.001,0.004124052911109288,-0.7260480883468223,-0.9880074149607511,0.02525652207963026,-0.16328665119079855,98,0.336734693877551,1.1240475599407436,69.60354002442355,0.8570945945945946,0.970945945945946,0.9625,0.9364864864864865,0.9185472972972972,False
USDCAD1440_comma,daily,50,500,long_only,none,0.001,0.0006011417079285764,-0.6630695265259892,-0.8769231370973739,0.00233306333080917,-0.25766197599106067,14,0.21428571428571427,1.1372512377754285,250.41722936665798,0.9246621621621621,0.904054054054054,0.9057432432432433,0.9405405405405406,0.9181081081081081,True
USDCAD1440_comma,daily,30,500,long_only,slow_slope,0.0025,0.0016577760450626755,-0.6822867919219545,-0.9088222989337277,0.006940661915313066,-0.23884984822631283,44,0.18181818181818182,1.0940779846483835,61.166389331845785,0.9091216216216216,0.9216216216216216,0.9236486486486486,0.9263513513513514,0.9177364864864865,False
USDCAD1440_comma,daily,40,250,long_only,none,0.0025,0.00033503644158039414,-0.6529884194158239,-0.8728015931208059,0.0013370805952195328,-0.25057310888980866,16,0.1875,1.116362598610527,170.81408585727763,0.9310810810810811,0.8986486486486487,0.8996621621621622,0.9337837837837838,0.9170945945945947,True
USDCAD1440_comma,daily,20,50,long_only,price_slow,0.0,0.0027503005678595205,-0.7087326751481954,-0.9541779991078169,0.016563710673146794,-0.16604374600181393,105,0.2571428571428571,1.0778801042063084,42.875714481518884,0.8797297297297297,0.9547297297297297,0.9429054054054054,0.9195945945945946,0.9170945945945945,False
USDCAD1440_comma,daily,50,250,long_only,slow_slope,0.005,0.0014980395840711314,-0.6835160546229826,-0.9121235754585462,0.007138243571657075,-0.20986109104194883,27,0.2222222222222222,1.0937557852605186,89.96554844344179,0.908445945945946,0.9226351351351352,0.9202702702702703,0.9260135135135135,0.9169932432432433,False
USDCAD1440_comma,daily,40,150,long_only,none,0.001,0.0005202900724514681,-0.6482359980265964,-0.8680268886072977,0.002234703037592471,-0.23282291369326458,22,0.4090909090909091,1.0288153776993891,38.06640589546616,0.9354729729729729,0.9037162162162162,0.9037162162162162,0.9023648648648649,0.9162162162162162,False
USDCAD1440_comma,daily,20,400,long_only,price_slow,0.0025,0.0013739121589539938,-0.677966383442505,-0.8980388505045576,0.0060773909289877975,-0.2260694062645764,34,0.17647058823529413,1.076512282575537,65.46218333853682,0.9131756756756757,0.9172297297297297,0.9182432432432432,0.918581081081081,0.9160135135135136,False
USDCAD1440_comma,daily,40,200,long_only,price_slow,0.001,0.0011496397994099627,-0.6685324233041673,-0.9025436110991039,0.004659728813678876,-0.24671817725425038,55,0.2909090909090909,1.0503926384961806,33.80459398245715,0.9209459459459459,0.9125,0.9138513513513513,0.9111486486486486,0.915945945945946,False
USDCAD1440_comma,daily,10,250,long_only,none,0.0025,0.000605258862814928,-0.6514464855936003,-0.8714300007314051,0.0023356140793317354,-0.25914335256452314,34,0.23529411764705882,1.028589668727088,28.672061282012237,0.9331081081081081,0.9043918918918918,0.9064189189189189,0.9016891891891892,0.9158783783783783,False
USDCAD1440_comma,daily,50,150,long_only,slow_slope,0.001,0.0011907417994303504,-0.6760248188482055,-0.9058942060991859,0.005645814004014461,-0.21090701864844863,62,0.4032258064516129,1.0766903639383438,43.81520647470735,0.9148648648648648,0.9158783783783784,0.9152027027027027,0.918918918918919,0.915793918918919,False
USDCAD1440_comma,daily,50,150,long_only,slow_slope,0.0,0.001072359921264976,-0.6700461296568002,-0.89616350086556,0.004833803591373722,-0.22184598546343115,67,0.40298507462686567,1.052711652951054,29.937121305221694,0.9195945945945946,0.9131756756756757,0.9128378378378378,0.9118243243243244,0.9154729729729729,False
USDCAD1440_comma,daily,20,250,long_only,price_slow,0.0025,0.0007146087303460114,-0.6564240137462776,-0.8769534350188265,0.0028317361438223955,-0.25235710322269034,54,0.2222222222222222,1.0299181193718843,21.33185532081446,0.9290540540540541,0.9070945945945946,0.9081081081081082,0.9027027027027027,0.9154222972972974,False
USDCAD1440_comma,daily,50,500,long_only,none,0.005,0.0013317608278065052,-0.678660912751118,-0.8974362518459087,0.005157671882227894,-0.2582096841785215,13,0.23076923076923078,1.0827828875722947,165.90343550110097,0.9121621621621622,0.9148648648648648,0.9175675675675675,0.9202702702702703,0.9151351351351351,True
USDCAD1440_comma,daily,5,100,long_only,price_slow,0.0,0.0009144015883386647,-0.6637610958743578,-0.8882464801201019,0.004247957300448157,-0.21525677488382378,94,0.23404255319148937,1.0304072749553927,15.704220046230182,0.9233108108108108,0.9111486486486486,0.9108108108108108,0.9030405405405405,0.9147297297297298,False
USDCAD1440_comma,daily,30,500,long_only,none,0.005,0.001110452636005066,-0.6755338551884456,-0.8980153894037883,0.004359940036166835,-0.2546944744178986,17,0.17647058823529413,1.075250882717774,105.6086650485155,0.9152027027027027,0.9114864864864864,0.9131756756756757,0.9182432432432432,0.9143243243243244,True
USDCAD1440_comma,daily,40,500,long_only,slow_slope,0.001,0.0013824486359135246,-0.6843017662967928,-0.9112288698906451,0.00579003817101983,-0.23876330260358658,44,0.22727272727272727,1.0706955933105429,50.90198293363981,0.9070945945945946,0.9162162162162162,0.918581081081081,0.9168918918918919,0.9131418918918919,False
USDCAD1440_comma,daily,10,75,long_only,price_slow,0.001,0.0018082971488762034,-0.6928689705984958,-0.9357726126200829,0.008641193998911383,-0.20926473229324705,89,0.24719101123595505,1.0604271401173586,33.02268460380891,0.8959459459459459,0.9283783783783783,0.9260135135135135,0.9138513513513513,0.9127533783783783,False
USDCAD1440_comma,daily,30,50,long_only,price_slow,0.001,0.003511625221512382,-0.7305516333661043,-0.991893676362752,0.021157316501515838,-0.16597687241010872,100,0.29,1.1071041110470634,57.8133556596655,0.8503378378378378,0.964527027027027,0.9554054054054054,0.9307432432432432,0.9119594594594596,False
USDCAD1440_comma,daily,30,250,long_only,none,0.005,0.00046765642711621425,-0.6631266054011017,-0.8887268856995495,0.00191069886951853,-0.24475674036173856,18,0.3333333333333333,1.027718119239958,41.80242187615272,0.9243243243243243,0.9013513513513514,0.9027027027027027,0.9010135135135136,0.9107601351351352,True
USDCAD1440_comma,daily,10,500,long_only,slow_slope,0.0,0.0012147803941930935,-0.685295944207891,-0.9060739712628871,0.00465778288671142,-0.26080657337181656,46,0.21739130434782608,1.0657438975670028,42.72968319913258,0.9060810810810811,0.9121621621621622,0.9155405405405406,0.914527027027027,0.9107601351351351,False
USDCAD1440_comma,daily,20,200,long_only,slow_slope,0.001,0.0006723654571654247,-0.6737239912946362,-0.9057615574774418,0.0030896596964842546,-0.21761796547707635,50,0.32,1.0328648608332713,21.669624490946944,0.9162162162162162,0.9081081081081082,0.9074324324324324,0.9043918918918918,0.9106587837837838,False
USDCAD1440_comma,daily,40,200,long_only,slow_slope,0.0,0.0005789915820881841,-0.6695915590161751,-0.8975439436875912,0.0025433537709861724,-0.22764885824895809,52,0.2692307692307692,1.0239487415204118,14.919924310800472,0.9199324324324324,0.9054054054054054,0.9054054054054054,0.8996621621621622,0.9103547297297299,False
USDCAD1440_comma,daily,10,200,long_only,price_slow,0.0025,0.0005280949360251253,-0.6683313984052496,-0.8969960699412634,0.002080223427133845,-0.2538645268276496,52,0.23076923076923078,1.0239358017421958,16.34756895194736,0.9212837837837838,0.9030405405405405,0.904054054054054,0.8993243243243243,0.9099831081081082,False
USDCAD1440_comma,daily,40,400,long_only,none,0.0,7.252949716796131e-05,-0.6673375159224701,-0.8821896960279407,0.0002591509100420103,-0.2798735962617447,12,0.25,1.098484124561391,192.76654595809188,0.9219594594594595,0.8925675675675676,0.893581081081081,0.927027027027027,0.9096959459459459,True
USDCAD1440_comma,daily,100,400,long_only,none,0.001,0.0001949784635435492,-0.6722962331345618,-0.8794761859592211,0.0006530746618453163,-0.2985546292557446,9,0.2222222222222222,1.1052623572292668,317.49193225823296,0.9175675675675675,0.8956081081081081,0.8962837837837838,0.9293918918918919,0.9095945945945946,True
USDCAD1440_comma,daily,20,500,long_only,slow_slope,0.001,0.0011756359987842302,-0.6876844991523964,-0.9129432378639738,0.004770811567414577,-0.2464226436470508,45,0.2,1.0669721802383612,42.25927373401537,0.9023648648648649,0.9128378378378378,0.9141891891891892,0.9152027027027027,0.9092736486486487,False
USDCAD1440_comma,daily,40,150,long_only,none,0.0,-5.4378134741073225e-05,-0.6490840022976881,-0.8673461643600128,-0.0002395912324391826,-0.22696212289352646,22,0.4090909090909091,1.019755627635664,25.085758775627628,0.9347972972972973,0.8905405405405405,0.8902027027027027,0.8976351351351352,0.9092398648648649,False
USDCAD1440_comma,daily,20,400,long_only,price_slow,0.0,0.000743523049438588,-0.6809019874606609,-0.9010279141346463,0.003152476571331723,-0.2358536320936071,50,0.14,1.0394164860883117,23.975795096294114,0.9101351351351351,0.908445945945946,0.9087837837837838,0.9074324324324324,0.909037162162162,False
USDCAD1440_comma,daily,10,250,long_only,slow_slope,0.005,0.0012170357046838998,-0.688822866426026,-0.922494189936733,0.004896479923938516,-0.24855318996283537,37,0.24324324324324326,1.0656159087705612,53.222920841384266,0.9003378378378378,0.9135135135135135,0.9158783783783784,0.9141891891891892,0.9088175675675676,False
USDCAD1440_comma,daily,40,200,long_only,slow_slope,0.001,0.0005664237520943693,-0.6737001270601877,-0.9052530205267141,0.002466070751391676,-0.22968674024243618,52,0.2692307692307692,1.0222618566858175,14.529676260148912,0.9165540540540541,0.9047297297297298,0.9047297297297298,0.8989864864864865,0.908597972972973,False
USDCAD1440_comma,daily,5,300,long_only,price_slow,0.0,0.0001563573529812512,-0.6540694073845165,-0.8689541158716186,0.0006360584564311754,-0.24582230045104325,61,0.16393442622950818,1.0069999586104903,4.114515704912754,0.9300675675675676,0.8952702702702703,0.8949324324324325,0.8908783783783784,0.9084628378378379,False
USDCAD1440_comma,daily,20,300,long_only,price_slow,0.0025,0.0002642761770086377,-0.6672476629034347,-0.889508247260302,0.0010588576734091178,-0.2495861187441455,39,0.20512820512820512,1.0130648326827667,10.886194425554462,0.9222972972972973,0.897972972972973,0.8983108108108108,0.8945945945945946,0.9072635135135135,False
USDCAD1440_comma,daily,30,250,long_only,price_slow,0.0,0.00017467693950190544,-0.6634884661602832,-0.8855305611547171,0.0006839416933099798,-0.2553974135668571,55,0.2,1.00704766775258,5.098741042281046,0.9236486486486486,0.8962837837837838,0.8959459459459459,0.8912162162162162,0.906402027027027,False
USDCAD1440_comma,daily,10,300,long_only,price_slow,0.001,6.792836488478393e-05,-0.6614634819414523,-0.8821908810264549,0.0002690726801282806,-0.25245359303069725,50,0.14,1.0033411918495918,2.179328397238011,0.9263513513513514,0.8929054054054054,0.8932432432432432,0.889527027027027,0.9058445945945947,False
USDCAD1440_comma,daily,50,500,long_only,slow_slope,0.0025,0.0011899847646703599,-0.7017444668450439,-0.9334900696473606,0.004908421658456526,-0.24243735511601416,42,0.21428571428571427,1.05966707157743,45.83536768450357,0.889527027027027,0.9138513513513513,0.9148648648648648,0.9135135135135135,0.9042736486486487,False
USDCAD1440_comma,daily,5,150,long_only,price_slow,0.0025,0.0002168548739160947,-0.676270271918902,-0.9039973591392274,0.0009071788459330656,-0.23904313343313444,54,0.2962962962962963,1.009001458407815,6.449161226924029,0.914527027027027,0.8972972972972973,0.8972972972972973,0.8922297297297297,0.9034290540540542,False
USDCAD1440_comma,daily,50,100,long_only,none,0.001,0.0003034995213286873,-0.6836031630077621,-0.9220662961510545,0.0017372857813765395,-0.1746975221821071,31,0.41935483870967744,1.0137313480361165,15.732839147209116,0.9081081081081082,0.8996621621621622,0.8989864864864865,0.8952702702702703,0.9022466216216217,False
USDCAD1440_comma,daily,10,300,long_only,price_slow,0.0,-0.00022279587353712937,-0.6618929763520403,-0.8819837098533522,-0.0009038414222589097,-0.24649885261986637,62,0.1935483870967742,0.9898519761070224,-5.751856806421957,0.9253378378378379,0.8871621621621621,0.8868243243243243,0.8841216216216217,0.9019087837837838,False
USDCAD1440_comma,daily,20,500,long_only,none,0.005,0.0005054420056791464,-0.6887209975170836,-0.9118858678818289,0.0018852840281513067,-0.2680985984773756,19,0.21052631578947367,1.0313889516713217,42.81423915828672,0.9006756756756756,0.9010135135135136,0.9033783783783784,0.904054054054054,0.9018074324324323,True
USDCAD1440_comma,daily,60,75,long_only,none,0.0,0.0004004405683082357,-0.6857585245764526,-0.9156254565740148,0.0018818198516690223,-0.21279431607285748,43,0.4418604651162791,1.013885246582702,14.97604235772123,0.9050675675675676,0.9006756756756756,0.9006756756756756,0.8956081081081081,0.9016722972972973,False
USDCAD1440_comma,daily,10,400,long_only,price_slow,0.0025,0.00038762723563467993,-0.6886164018660753,-0.9079680200836671,0.0015192605279449917,-0.25514204345123015,37,0.16216216216216217,1.0197697567048034,16.846052426471545,0.9013513513513514,0.8989864864864865,0.9,0.897972972972973,0.8999831081081082,False
USDCAD1440_comma,daily,10,500,long_only,slow_slope,0.0025,0.0007612302883570621,-0.7034048766246884,-0.930490820032725,0.00280175768543996,-0.27169740349530835,48,0.25,1.0418322850505997,25.572977267972686,0.8864864864864865,0.9064189189189189,0.9091216216216216,0.9077702702702702,0.8991891891891891,False
USDCAD1440_comma,daily,100,400,long_only,none,0.005,0.00031629402050192823,-0.6983863413139978,-0.9173612523088386,0.0012009359451185559,-0.2633729315768826,10,0.3,1.0841055069148682,231.33310754115936,0.8908783783783784,0.8983108108108108,0.8993243243243243,0.9212837837837838,0.8989864864864865,True
USDCAD1440_comma,daily,10,400,long_only,slow_slope,0.005,0.0016219372705887913,-0.7207536756643184,-0.9602506629716053,0.006995282766891437,-0.2318615736686721,49,0.30612244897959184,1.0879302921275391,53.72300421875817,0.8618243243243243,0.9219594594594595,0.9233108108108108,0.922972972972973,0.8983277027027027,False
USDCAD1440_comma,daily,30,500,long_only,price_slow,0.0,0.00016287092661837477,-0.686077221960127,-0.9069821048481561,0.0005914108126399132,-0.27539389395225766,47,0.19148936170212766,1.0079704153958748,5.562848447788422,0.9043918918918918,0.8945945945945946,0.8956081081081081,0.8915540540540541,0.8982601351351351,False
USDCAD1440_comma,daily,10,400,long_only,none,0.0,-0.00018560054612504207,-0.6769181662996384,-0.8877088294976232,-0.0006868643765176936,-0.27021425549249023,30,0.2,0.9909213525376466,-9.905399196573212,0.9141891891891892,0.8878378378378379,0.8878378378378379,0.8844594594594595,0.8978716216216218,False
USDCAD1440_comma,daily,10,75,long_only,none,0.001,0.0003995929509839069,-0.6959036561200505,-0.9320195427472957,0.0018421577738657283,-0.21691570431851215,54,0.3333333333333333,1.013946933128277,11.900048622527425,0.8932432432432432,0.9003378378378378,0.9003378378378378,0.8959459459459459,0.8968412162162163,False
USDCAD1440_comma,daily,50,200,long_only,price_slow,0.0,0.00010259554053027031,-0.6878253223594791,-0.9263981552627445,0.0004026239808542622,-0.2548172622817686,56,0.21428571428571427,1.004393361486647,2.939646876412553,0.902027027027027,0.8942567567567568,0.8942567567567568,0.8902027027027027,0.8967567567567567,False
USDCAD1440_comma,daily,20,250,long_only,price_slow,0.0,-0.0004726472322917896,-0.6718179188692516,-0.8960176482975961,-0.001778555808074089,-0.2657477657693498,57,0.19298245614035087,0.982040747740296,-13.247678478052672,0.9179054054054054,0.8831081081081081,0.8820945945945946,0.8807432432432433,0.8964695945945946,False
USDCAD1440_comma,daily,40,50,long_only,fast_slope,0.0,0.0017278086059895337,-0.7246704395974481,-0.9828528245434814,0.007851249569444345,-0.22006797653125876,111,0.35135135135135137,1.0455831996177851,25.283758896805647,0.8587837837837838,0.9260135135135135,0.9246621621621621,0.9091216216216216,0.8963175675675675,False
USDCAD1440_comma,daily,30,200,long_only,slow_slope,0.001,-9.853339374199521e-05,-0.6845717836419426,-0.91671505101699,-0.00043013602409583597,-0.22907496285417284,49,0.2857142857142857,0.9912344348857098,-6.381541252638731,0.9067567567567567,0.8888513513513514,0.8891891891891892,0.8847972972972973,0.895472972972973,False
USDCAD1440_comma,daily,10,400,long_only,none,0.0025,1.2552491044592884e-05,-0.6871440134739426,-0.9046323915230841,4.608283336103111e-05,-0.2723897410181295,24,0.20833333333333334,1.0006469530281878,0.8386474229467543,0.9030405405405405,0.8912162162162162,0.8912162162162162,0.8878378378378379,0.8954391891891892,False
USDCAD1440_comma,daily,30,150,long_only,price_slow,0.0,6.774468654668908e-05,-0.6890207267716361,-0.9262499651351939,0.0002851296598052525,-0.23759256260102735,59,0.2711864406779661,1.00271171061651,1.841891941433764,0.8993243243243243,0.893581081081081,0.8929054054054054,0.8891891891891892,0.8950844594594595,False
USDCAD1440_comma,daily,60,500,long_only,none,0.0025,-9.504122835091167e-05,-0.6931683025096123,-0.911816804095814,-0.0003559747719419891,-0.26698866279883426,10,0.3,1.0439343120304556,115.29707862224772,0.8952702702702703,0.8898648648648648,0.889527027027027,0.9087837837837838,0.8947972972972973,True
USDCAD1440_comma,daily,30,300,long_only,none,0.005,-0.00035693216978494036,-0.6816779892247417,-0.908719717187622,-0.001489373363010991,-0.2396525805076496,15,0.26666666666666666,0.9799567858059295,-38.04953926552509,0.9094594594594595,0.8851351351351351,0.8844594594594595,0.879054054054054,0.8938175675675677,True
USDCAD1440_comma,daily,40,500,long_only,none,0.005,8.01421125076196e-05,-0.6954742613233353,-0.9221571847584982,0.0002924115952005848,-0.27407296366836864,14,0.14285714285714285,1.0048800429946303,9.183625134351002,0.893918918918919,0.893918918918919,0.893918918918919,0.8905405405405405,0.8934121621621622,True
USDCAD1440_comma,daily,30,250,long_only,price_slow,0.001,-0.00048531888151093217,-0.6801322243293206,-0.9090071841128259,-0.0019239301659403835,-0.25225389679033217,53,0.20754716981132076,0.9802546927916266,-14.628086007513957,0.9108108108108108,0.8824324324324324,0.8814189189189189,0.8793918918918919,0.8931250000000002,False
USDCAD1440_comma,daily,75,500,long_only,none,0.001,-0.00047247240891312714,-0.6888694211247706,-0.9045897048119115,-0.0016130665029291137,-0.2929032423989837,12,0.25,1.030419481657992,73.56513110225939,0.8996621621621622,0.8841216216216217,0.8824324324324324,0.9033783783783784,0.8928885135135135,True
USDCAD1440_comma,daily,60,300,long_only,none,0.001,-0.0010865947714123747,-0.6736916462660976,-0.8890025856813947,-0.004634528258123387,-0.23445639143699137,11,0.2727272727272727,1.024009049985002,58.158961528206596,0.9168918918918919,0.8695945945945946,0.8685810810810811,0.9,0.8928716216216217,True
USDCAD1440_comma,daily,5,50,long_short,none,0.0,-0.0025573608441257223,-0.5505690426991142,-0.781689064583925,-0.011934722404275202,-0.21427903871560816,170,0.29411764705882354,0.9648543553142973,-23.069278535139688,0.9891891891891892,0.8054054054054054,0.8222972972972973,0.8706081081081081,0.8920777027027027,False
USDCAD1440_comma,daily,50,300,long_only,none,0.005,-0.0008112369123748353,-0.6875139149822096,-0.9130425508293594,-0.0034637444602216945,-0.23420807212865602,12,0.4166666666666667,1.0470828516376636,100.7265204312691,0.9027027027027027,0.8760135135135135,0.8756756756756757,0.9101351351351351,0.8917398648648649,True
USDCAD1440_comma,daily,30,75,long_short,none,0.0025,-0.002459663451248595,-0.6027645336175618,-0.8269928104420632,-0.009454883734414532,-0.26014740321932717,77,0.38961038961038963,0.9708826903843935,-28.278080615191207,0.9689189189189189,0.8293918918918919,0.8256756756756757,0.8743243243243243,0.8911993243243244,False
USDCAD1440_comma,daily,30,400,long_only,none,0.0025,-0.0003196933118357892,-0.6905540224774815,-0.9142667322754056,-0.0013350471944902327,-0.23946218017997423,17,0.23529411764705882,0.9810105017069631,-30.07884017330485,0.8986486486486487,0.8858108108108108,0.885472972972973,0.8800675675675675,0.890016891891892,True
USDCAD1440_comma,daily,20,100,long_only,none,0.001,-0.0005026749703292976,-0.6868201873305795,-0.9177826074803589,-0.0020063034657617712,-0.25054782534527376,39,0.3333333333333333,0.9787064103342835,-20.587434701976274,0.9037162162162162,0.8820945945945946,0.8810810810810811,0.8783783783783784,0.8899831081081082,False
USDCAD1440_comma,daily,75,300,long_only,none,0.0025,-0.000966416849931373,-0.6870505409106302,-0.9008927054111457,-0.003764113683397971,-0.25674486246094497,10,0.4,1.028393494911643,67.69928006343443,0.9033783783783784,0.8746621621621622,0.8722972972972973,0.9013513513513514,0.8896790540540542,True
USDCAD1440_comma,daily,50,500,long_only,slow_slope,0.001,0.0002155188842973832,-0.7085571562809619,-0.9410527381893439,0.0008564181922703274,-0.25165145514488896,46,0.21739130434782608,1.0098981918952827,7.524037337325984,0.8800675675675675,0.8969594594594594,0.8969594594594594,0.8929054054054054,0.8895945945945944,False
USDCAD1440_comma,daily,60,400,long_only,none,0.001,-0.0008969064362965851,-0.6930401859564388,-0.9136374297799743,-0.003161622963253006,-0.28368545102346887,11,0.2727272727272727,1.0386227939325479,99.31328579012883,0.8956081081081081,0.8777027027027027,0.8746621621621622,0.9064189189189189,0.8885641891891892,True
USDCAD1440_comma,daily,100,250,long_only,slow_slope,0.001,-0.00022712491068488383,-0.6962197734850352,-0.9191844130269036,-0.0010289651812402968,-0.22073138608160814,32,0.25,0.987158827815643,-11.360390959666319,0.8922297297297297,0.8868243243243243,0.8864864864864865,0.8827702702702702,0.8883108108108109,False
USDCAD1440_comma,daily,40,400,long_only,none,0.001,-0.0010470073820100234,-0.6906480384520579,-0.9128569975573387,-0.003602514003705142,-0.29063242528223043,12,0.25,1.0243343756583694,49.29777586586069,0.8983108108108108,0.875,0.8695945945945946,0.9003378378378378,0.8870439189189189,True
USDCAD1440_comma,daily,30,100,long_only,price_slow,0.005,0.0014944926296234229,-0.7414783100434793,-1.0091858136261025,0.008373402082645528,-0.17848093461567616,54,0.37037037037037035,1.0726132136100575,44.87506740850439,0.8320945945945946,0.9277027027027027,0.9199324324324324,0.9172297297297297,0.8863344594594595,False
USDCAD1440_comma,daily,75,100,long_only,none,0.0,-0.0004481108998445338,-0.6881906748688821,-0.918465336709313,-0.0017369653735625275,-0.2579849354886421,36,0.5555555555555556,0.9393817814996958,-54.34402774559052,0.9016891891891892,0.8834459459459459,0.8834459459459459,0.8527027027027027,0.8861317567567568,False
USDCAD1440_comma,daily,20,500,long_only,slow_slope,0.0025,0.00015729838432476662,-0.7130380249402241,-0.9435049582448987,0.0006051173214984924,-0.2599469205991958,41,0.1951219512195122,1.0089327664025405,6.158482727989043,0.8736486486486487,0.8949324324324325,0.8952702702702703,0.8918918918918919,0.8860304054054055,False
USDCAD1440_comma,daily,20,100,long_only,none,0.0025,-0.0002770593683477651,-0.7034115186653351,-0.9441042773344323,-0.0012376601991108305,-0.2238573790664128,40,0.375,0.989091218515692,-11.082261753932107,0.8861486486486486,0.8861486486486486,0.8858108108108108,0.8831081081081081,0.885625,False
USDCAD1440_comma,daily,60,500,long_only,price_slow,0.001,-0.00017998188782764046,-0.7067352433612106,-0.9308157062206284,-0.0006454126080822509,-0.2788632970192979,40,0.2,0.9913167020356769,-7.204455025345351,0.8820945945945946,0.8881756756756757,0.8881756756756757,0.8851351351351351,0.8852871621621622,False
USDCAD1440_comma,daily,30,300,long_only,price_slow,0.0,-0.0009914155883742337,-0.6851146411661461,-0.9156959452986482,-0.003956424713285754,-0.2505837113606737,52,0.15384615384615385,0.9548701434969933,-30.3416170819036,0.9064189189189189,0.8726351351351351,0.8712837837837838,0.8621621621621621,0.8843074324324325,False
USDCAD1440_comma,daily,40,200,long_only,none,0.005,-0.0006318824499308429,-0.6956501183723697,-0.9317236430266708,-0.00257428489361321,-0.24545940952321965,21,0.23809523809523808,0.9629034175188175,-48.01481203392487,0.893581081081081,0.8807432432432433,0.8800675675675675,0.8692567567567567,0.8840202702702702,False
USDCAD1440_comma,daily,20,50,long_only,slow_slope,0.005,0.004518817207967096,-0.781076575749071,-1.0796611637227582,0.029346960273403284,-0.15397905493000696,71,0.3380281690140845,1.178417717435937,105.58407901409787,0.7597972972972973,0.9753378378378378,0.9682432432432433,0.95,0.8839020270270269,False
USDCAD1440_comma,daily,30,50,long_only,none,0.005,0.006223972102497699,-0.7942463233889175,-1.1216948139312022,0.03391343940449578,-0.1835252398986288,46,0.43478260869565216,1.2894748128625237,227.38540945104705,0.7415540540540541,0.9804054054054054,0.981081081081081,0.9716216216216216,0.8836824324324324,False
USDCAD1440_comma,daily,20,200,long_only,price_slow,0.005,-0.00044481780545657656,-0.7047181827166273,-0.9484694632368452,-0.0016891733950018092,-0.26333460305068335,44,0.25,0.9803504456978502,-16.15465815762803,0.8847972972972973,0.8837837837837837,0.8837837837837837,0.8797297297297297,0.883581081081081,False
USDCAD1440_comma,daily,30,200,long_only,fast_slope,0.001,0.00291351001954121,-0.7626740457610106,-1.0458885389724117,0.015116829534910114,-0.19273287515830506,100,0.29,1.0840402312566026,47.749911439837426,0.7942567567567568,0.9510135135135135,0.9445945945945946,0.9209459459459459,0.8825168918918919,False
USDCAD1440_comma,daily,10,50,long_only,price_slow,0.0025,0.0012892594745128605,-0.7412250189625629,-0.9981532243902073,0.006716292043103658,-0.19196000802804314,91,0.3076923076923077,1.036208445616059,22.93677524317459,0.8331081081081081,0.9202702702702703,0.9168918918918919,0.9054054054054054,0.8825000000000002,False
USDCAD1440_comma,daily,30,200,long_only,slow_slope,0.0025,-0.0006823503613928583,-0.7017847707119705,-0.9399124250326097,-0.002898022605241852,-0.23545377463883288,49,0.2653061224489796,0.9684876374720028,-22.2128882361244,0.8891891891891892,0.8787162162162162,0.879054054054054,0.8739864864864865,0.8822635135135136,False
USDCAD1440_comma,daily,20,200,long_only,slow_slope,0.0025,-0.0006244719874902716,-0.7039043572471594,-0.9460271486922355,-0.0026226856865029275,-0.2381040132654777,52,0.3076923076923077,0.9717311428494302,-19.16425827938076,0.8858108108108108,0.8804054054054054,0.8807432432432433,0.8756756756756757,0.8819256756756757,False
USDCAD1440_comma,daily,40,50,long_only,slow_slope,0.0,0.0004631727437065525,-0.7295276122873915,-0.9885364671289888,0.0020569039118907774,-0.22517957257458276,112,0.33035714285714285,1.011268018835271,6.653610356386707,0.8530405405405406,0.9023648648648649,0.9023648648648649,0.893581081081081,0.8813175675675675,False
USDCAD1440_comma,daily,40,150,long_only,price_slow,0.001,-0.0003547380496768948,-0.7112607764184394,-0.9556174975050704,-0.0015263774588626469,-0.23240519415244876,53,0.24528301886792453,0.9849143462320187,-10.702716742142432,0.8770270270270271,0.8844594594594595,0.8847972972972973,0.8810810810810811,0.8810472972972972,False
USDCAD1440_comma,daily,20,300,long_only,none,0.005,-0.0009392932448567537,-0.6910839883513351,-0.9201075196654409,-0.003828748962696798,-0.24532641184058146,20,0.25,0.9469842442472461,-74.76999873971222,0.897972972972973,0.8739864864864865,0.8733108108108109,0.8577702702702703,0.8810135135135135,False
USDCAD1440_comma,daily,40,200,long_only,slow_slope,0.0025,-0.0006889677486543455,-0.7028133054886229,-0.9426069424805794,-0.002783358866775428,-0.24753105209624915,50,0.28,0.9622742658394807,-25.04610319915379,0.8878378378378379,0.8793918918918919,0.8780405405405406,0.8685810810810811,0.8808783783783785,False
USDCAD1440_comma,daily,5,500,long_only,none,0.0,-0.0011061393272999709,-0.688682179101237,-0.903150036969827,-0.0038932064266268256,-0.28412038974731646,34,0.14705882352941177,0.945099364844144,-51.73011664632748,0.9010135135135136,0.8733108108108109,0.8679054054054054,0.8567567567567568,0.8808277027027027,False
USDCAD1440_comma,daily,50,150,long_only,price_slow,0.0,-0.00033727700358887613,-0.7126062169284157,-0.9539660780611308,-0.0014701070746655524,-0.22942342731437182,60,0.2833333333333333,0.986690182896745,-8.989894010113801,0.875,0.885472972972973,0.8851351351351351,0.8824324324324324,0.8807601351351352,False
USDCAD1440_comma,daily,50,200,long_only,none,0.005,-0.0009173637832573522,-0.7104363834889885,-0.9517958104732765,-0.003321681916815659,-0.276174482154145,20,0.35,1.0287626023417122,45.67304908758001,0.8777027027027027,0.8770270270270271,0.8736486486486487,0.902027027027027,0.8803716216216217,False
USDCAD1440_comma,daily,30,50,long_short,none,0.0,-0.0035987571597124735,-0.5654923563624863,-0.8066566049423965,-0.012244626309254084,-0.29390502158425624,106,0.36792452830188677,0.9463075694613027,-48.50179234379207,0.9851351351351352,0.802027027027027,0.7844594594594595,0.8574324324324324,0.8800675675675675,False
USDCAD1440_comma,daily,20,150,long_only,price_slow,0.0,-0.0009411711046978244,-0.6991637068569347,-0.9373180971177354,-0.004194021566554319,-0.22440778850621457,60,0.23333333333333334,0.9614489160692183,-24.97280841222123,0.8902027027027027,0.8719594594594594,0.8729729729729729,0.8672297297297298,0.87875,False
USDCAD1440_comma,daily,5,50,long_only,price_slow,0.0025,0.000739313400957009,-0.7380251148954361,-0.995490805858833,0.003915491438953271,-0.188817524564592,96,0.28125,1.0196983794324836,12.416299244967604,0.8371621621621622,0.9097972972972973,0.908445945945946,0.8972972972972973,0.8785979729729729,False
USDCAD1440_comma,daily,20,400,long_only,price_slow,0.001,-0.0006878609825944348,-0.7099835865101987,-0.9382734082151636,-0.002709208664251958,-0.25389738032022746,42,0.11904761904761904,0.9653494400909322,-26.12324386649864,0.8787162162162162,0.8800675675675675,0.8783783783783784,0.870945945945946,0.877820945945946,False
USDCAD1440_comma,daily,30,400,long_only,price_slow,0.001,-0.0006362014450171927,-0.7113047848894972,-0.9440444349596077,-0.0025435677615922364,-0.25012168129499324,46,0.13043478260869565,0.9622426395377154,-25.405927320067054,0.8766891891891891,0.8810810810810811,0.8797297297297297,0.8682432432432432,0.8771283783783783,False
USDCAD1440_comma,daily,75,400,long_only,price_slow,0.001,1.5649880918067183e-05,-0.7264192934189451,-0.9570131158889231,6.376768702508817e-05,-0.24542023786922107,41,0.17073170731707318,0.9960015331286031,-3.1712465486851467,0.856418918918919,0.8918918918918919,0.8918918918918919,0.8864864864864865,0.876891891891892,False
USDCAD1440_comma,daily,20,150,long_only,slow_slope,0.0025,-0.00048232152594063216,-0.7141319023309318,-0.9608881576806221,-0.0022991795202909004,-0.20977984610771372,59,0.3559322033898305,0.9780735752047209,-13.059621669597869,0.870945945945946,0.8814189189189189,0.8817567567567568,0.8780405405405406,0.8767905405405406,False
USDCAD1440_comma,daily,5,150,long_only,slow_slope,0.0025,-0.00045905939013923813,-0.716235007208581,-0.9601741117835825,-0.0021276598525709002,-0.21575788516409056,74,0.2972972972972973,0.9811275310069667,-9.911947424123467,0.8672297297297298,0.8817567567567568,0.8827702702702702,0.8804054054054054,0.875945945945946,False
USDCAD1440_comma,daily,5,300,long_only,price_slow,0.001,-0.0015465798052025637,-0.6864457294439087,-0.9113735963832251,-0.006060646255599174,-0.2551839754339307,57,0.15789473684210525,0.9326711545070252,-43.000722782645106,0.904054054054054,0.8608108108108108,0.8594594594594595,0.8472972972972973,0.8758108108108108,False
USDCAD1440_comma,daily,10,150,long_only,slow_slope,0.001,-0.0006639094386591271,-0.7128528275455689,-0.9554326946526362,-0.0034309144233385567,-0.19350801469804357,68,0.3088235294117647,0.9715628183880202,-15.575921152507089,0.8739864864864865,0.8763513513513513,0.8793918918918919,0.875,0.8758108108108108,False
USDCAD1440_comma,daily,5,200,long_only,none,0.0,-0.0017586161664080446,-0.683679623455986,-0.9115423045714048,-0.006212328481426135,-0.28308486450225945,52,0.21153846153846154,0.9300043237396624,-53.51258477052663,0.9077702702702702,0.8601351351351352,0.8533783783783784,0.8456081081081082,0.8756587837837838,False
USDCAD1440_comma,daily,30,400,long_only,price_slow,0.0,-0.0007975488193180391,-0.7104803314459847,-0.9421887816488066,-0.0031236930518940137,-0.25532240398410944,49,0.12244897959183673,0.9555255089930295,-29.065166080266565,0.8773648648648649,0.8783783783783784,0.8763513513513513,0.8628378378378379,0.8752364864864866,False
USDCAD1440_comma,daily,20,200,long_only,slow_slope,0.0,-0.0011664540233463638,-0.7026219876682617,-0.9428602406545904,-0.0046965966159755465,-0.24836155171995233,54,0.3148148148148148,0.9502686373993178,-34.33127456095953,0.8885135135135135,0.8692567567567567,0.8652027027027027,0.8601351351351352,0.8747804054054055,False
USDCAD1440_comma,daily,40,200,long_only,price_slow,0.0025,-0.0009155729441134852,-0.7119125178294428,-0.959997830732844,-0.003509613025492386,-0.2608757539543932,50,0.24,0.9600755670994353,-29.15791171829689,0.8760135135135135,0.8756756756756757,0.8739864864864865,0.8665540540540541,0.8741047297297297,False
USDCAD1440_comma,daily,30,50,long_only,slow_slope,0.0,0.0004524841648203548,-0.740897576306163,-1.001539498225378,0.002063744392138185,-0.21925397667661217,106,0.33962264150943394,1.0117620377476813,6.867441857263528,0.8337837837837838,0.9027027027027027,0.902027027027027,0.893918918918919,0.8736824324324325,False
USDCAD1440_comma,daily,30,50,long_only,combined,0.0025,0.0040653108544825844,-0.7922082237258044,-1.0841116846859657,0.02192194263613351,-0.1854448267637473,83,0.3132530120481928,1.130324830217525,80.97587525621348,0.7449324324324325,0.9662162162162162,0.9611486486486487,0.9375,0.8723817567567568,False
USDCAD1440_comma,daily,5,200,long_only,price_slow,0.001,-0.0016041798537013152,-0.6933388581119122,-0.927307910536336,-0.0060205691840703734,-0.26644986622623024,61,0.18032786885245902,0.935135839748096,-41.659496324968146,0.8949324324324325,0.8611486486486486,0.8581081081081081,0.847972972972973,0.8720777027027028,False
USDCAD1440_comma,daily,40,300,long_only,none,0.005,-0.001346583158146064,-0.6959551355398802,-0.9272445352426276,-0.005568438353028369,-0.24182420146821437,17,0.29411764705882354,0.9239937393796266,-125.72268979463537,0.8929054054054054,0.8641891891891892,0.8631756756756757,0.8405405405405405,0.8719256756756757,True
USDCAD1440_comma,daily,50,400,long_only,none,0.0,-0.0018464536535510723,-0.7047851417932028,-0.9297582519136992,-0.006191523029120271,-0.2982228516096511,12,0.3333333333333333,0.9893770449107292,-22.113833601634195,0.8844594594594595,0.860472972972973,0.8486486486486486,0.8834459459459459,0.8711486486486487,True
USDCAD1440_comma,daily,40,75,long_only,price_slow,0.0025,0.00215833430481438,-0.7725960199940134,-1.0607242610669396,0.011717305509012668,-0.1842005658343756,73,0.3424657534246575,1.0875135296594314,48.18093881357307,0.7780405405405405,0.9388513513513513,0.9324324324324325,0.9226351351351352,0.8708108108108108,False
USDCAD1440_comma,daily,5,50,long_only,none,0.0025,0.000125492056591181,-0.740888531455237,-0.9972865865536449,0.0006713526657863386,-0.18692419496717916,86,0.3023255813953488,1.003440945428854,2.341786251965837,0.8341216216216216,0.8959459459459459,0.8945945945945946,0.8898648648648648,0.8700337837837837,False
USDCAD1440_comma,daily,75,250,long_only,none,0.0,-0.002038222394484812,-0.686067757025256,-0.9049087929519279,-0.008597130387152782,-0.23708171246659848,11,0.45454545454545453,0.965451847739232,-80.58965417570947,0.9047297297297298,0.8378378378378378,0.839527027027027,0.8712837837837838,0.8699493243243244,True
USDCAD1440_comma,daily,10,500,long_only,none,0.005,-0.0009757099703622263,-0.7151076737728316,-0.9431251000532417,-0.0033469765313500644,-0.2915198123509566,28,0.21428571428571427,0.9441613811624979,-55.46259835672139,0.8689189189189189,0.8766891891891891,0.8719594594594594,0.856418918918919,0.8695945945945945,False
USDCAD1440_comma,daily,60,150,long_only,slow_slope,0.0,-0.0011494462616910006,-0.7128048103554946,-0.9481697649017649,-0.005097618147595144,-0.22548692907358392,67,0.3582089552238806,0.9582747164925778,-23.34483562536938,0.8746621621621622,0.8668918918918919,0.8658783783783783,0.8641891891891892,0.8693918918918919,False
USDCAD1440_comma,daily,60,500,long_only,slow_slope,0.0025,-0.00010910559108234796,-0.7351670924113629,-0.9728818640767619,-0.0004190550622282091,-0.2603609905156836,41,0.1951219512195122,0.9947288287344532,-4.263112376552716,0.8412162162162162,0.8891891891891892,0.8885135135135135,0.8858108108108108,0.8693581081081081,False
USDCAD1440_comma,daily,60,250,long_only,slow_slope,0.0025,-0.0009954259265061438,-0.7140107837074174,-0.9462363380189233,-0.0042708789323127995,-0.23307285040905923,29,0.1724137931034483,0.9433171147053371,-54.62408890578468,0.8716216216216216,0.8716216216216216,0.870945945945946,0.8554054054054054,0.8690540540540541,False
USDCAD1440_comma,daily,5,75,long_only,none,0.001,-0.0011242933101006658,-0.7170397498378221,-0.9570816313040102,-0.004728893441103218,-0.23774976621980637,74,0.28378378378378377,0.9673035260144276,-24.154681081087894,0.8662162162162163,0.8689189189189189,0.8662162162162163,0.8726351351351351,0.8678547297297298,False
USDCAD1440_comma,daily,40,50,long_only,price_slow,0.0,0.0014727084044035,-0.7640001623771463,-1.0331802008063433,0.0076059527485024475,-0.1936257630174556,116,0.29310344827586204,1.0388196653580315,20.582236587314725,0.7915540540540541,0.9246621621621621,0.9195945945945946,0.9070945945945946,0.8677702702702703,False
USDCAD1440_comma,daily,75,400,long_only,none,0.0025,-0.001511625801898564,-0.7177616307773822,-0.9444813358677387,-0.0055842103436859695,-0.2706964295511808,10,0.2,1.00186101211843,5.611487901165674,0.8658783783783783,0.8638513513513514,0.8608108108108108,0.8885135135135135,0.8677533783783784,True
USDCAD1440_comma,daily,100,250,long_only,none,0.0025,-0.0017139896667796028,-0.7039072358516514,-0.9259860505681501,-0.006743285631105091,-0.25417723058821606,12,0.4166666666666667,0.9456404794051284,-120.03978989213914,0.885472972972973,0.8547297297297297,0.8554054054054054,0.8570945945945946,0.867516891891892,True
USDCAD1440_comma,daily,60,400,long_only,none,0.0,-0.0019085946334765902,-0.7079830423810053,-0.9337082622621391,-0.006596429622832234,-0.28933752690551995,11,0.2727272727272727,0.9770736207872942,-61.80651680573671,0.8807432432432433,0.8567567567567568,0.8452702702702702,0.8770270270270271,0.8670945945945946,True
USDCAD1440_comma,daily,30,50,long_only,slow_slope,0.001,0.0007778842209644754,-0.7552303698851117,-1.02665213943836,0.003418847884132424,-0.22752817537592007,97,0.32989690721649484,1.0204669583796515,12.933144800587765,0.8070945945945946,0.9091216216216216,0.9097972972972973,0.8983108108108108,0.8668243243243243,False
USDCAD1440_comma,daily,5,300,long_only,none,0.0025,-0.001841436643843286,-0.6960088419019917,-0.9207162530923043,-0.006787988645633321,-0.271278686511633,39,0.20512820512820512,0.9220268187609487,-74.66394326692917,0.8925675675675676,0.8540540540540541,0.8493243243243244,0.8388513513513514,0.8662331081081082,False
USDCAD1440_comma,daily,30,75,long_only,price_slow,0.0,5.94673314096017e-05,-0.7443380192887663,-1.0089859549773839,0.0002843069047492736,-0.2091659766829973,89,0.2696629213483146,1.0018641167867621,1.0717718379812406,0.8273648648648648,0.8932432432432432,0.8925675675675676,0.8888513513513514,0.866097972972973,False
USDCAD1440_comma,daily,30,200,long_only,price_slow,0.005,-0.0011587626252443917,-0.7185363880655061,-0.9694833782576461,-0.004340634804147447,-0.2669569492778342,46,0.2391304347826087,0.9529720501761149,-40.03849669819055,0.864527027027027,0.8712837837837838,0.8655405405405405,0.8614864864864865,0.8659628378378379,False
USDCAD1440_comma,daily,10,100,long_only,none,0.001,-0.0016452111685418824,-0.704866133849951,-0.9394764046984913,-0.0071162647908877726,-0.23119026861515057,51,0.37254901960784315,0.9354347693255495,-51.08680271741998,0.8841216216216217,0.8516891891891892,0.8567567567567568,0.8483108108108108,0.865168918918919,False
USDCAD1440_comma,daily,75,500,long_only,slow_slope,0.0,-0.0007521482692276482,-0.7314712699622054,-0.968193139386438,-0.002728034825035283,-0.2757106552765214,48,0.22916666666666666,0.9670139342355267,-24.98206651348835,0.8472972972972973,0.8797297297297297,0.8773648648648649,0.8722972972972973,0.8651689189189189,False
USDCAD1440_comma,daily,20,50,long_only,slow_slope,0.0025,0.0016592512483013522,-0.7707757073615871,-1.0501583235572132,0.0074216883829345695,-0.22356789488987905,93,0.25806451612903225,1.0482633429596269,28.965010899629366,0.7807432432432433,0.9236486486486486,0.9239864864864865,0.910472972972973,0.8645777027027027,False
USDCAD1440_comma,daily,30,50,long_only,slow_slope,0.0025,0.0019078361270827848,-0.7754882609560991,-1.0613154409594359,0.008923940724996679,-0.21378852525754477,79,0.3291139240506329,1.0582802783169374,39.28010191000039,0.7726351351351352,0.9293918918918919,0.9283783783783783,0.9131756756756757,0.864054054054054,False
USDCAD1440_comma,daily,100,500,long_only,slow_slope,0.0025,-9.426910226040253e-05,-0.7455791222008796,-0.9828163971165624,-0.0003461175011119615,-0.2723615591744045,43,0.23255813953488372,0.995783935426643,-3.512472803234438,0.8253378378378379,0.8902027027027027,0.8898648648648648,0.8861486486486486,0.8635810810810811,False
USDCAD1440_comma,daily,60,150,long_only,price_slow,0.0,-0.0008541256416406684,-0.7324578110956427,-0.980790125137303,-0.0037752265028963058,-0.2262448732507557,63,0.2698412698412698,0.9641272742857366,-21.598069964036377,0.8466216216216216,0.8743243243243243,0.875,0.8702702702702703,0.8627702702702703,False
USDCAD1440_comma,daily,10,200,long_only,price_slow,0.001,-0.0018848916512700375,-0.7059125252454901,-0.9464368932675002,-0.006614616640604382,-0.284958562783438,62,0.1774193548387097,0.9236621796969883,-48.058707037832555,0.8834459459459459,0.856418918918919,0.8462837837837838,0.8402027027027027,0.8627702702702702,False
USDCAD1440_comma,daily,100,500,long_only,slow_slope,0.005,0.00019805453043786336,-0.7525222826090072,-0.994548874215744,0.0007349749374254942,-0.2694711348003489,39,0.23076923076923078,1.0094735775868218,8.154298121221007,0.8128378378378378,0.8966216216216216,0.8966216216216216,0.8925675675675676,0.8625,False
USDCAD1440_comma,daily,75,500,long_only,none,0.005,-0.0011217561667339337,-0.7329313317601962,-0.9589302174035573,-0.0035877754194315976,-0.3126606422069893,9,0.3333333333333333,0.9851862175048735,-48.571482450175544,0.8442567567567567,0.8753378378378378,0.8668918918918919,0.8817567567567568,0.8621790540540542,True
USDCAD1440_comma,daily,30,50,long_short,none,0.001,-0.004029807229372073,-0.6073294177073063,-0.841015673846396,-0.014332847634940898,-0.2811588689150738,108,0.4166666666666667,0.9420186261913017,-52.38873731117118,0.964527027027027,0.7777027027027027,0.7682432432432432,0.8543918918918919,0.862043918918919,False
USDCAD1440_comma,daily,20,150,long_only,none,0.0025,-0.0018624967508024115,-0.7070821173219364,-0.9475205220593793,-0.007196441205991528,-0.25880802711925943,30,0.3333333333333333,0.9211304766065858,-98.15772940701359,0.8814189189189189,0.8506756756756757,0.847972972972973,0.8368243243243243,0.8603547297297297,False
USDCAD1440_comma,daily,5,75,long_only,none,0.005,-0.00010581672222997884,-0.74881655400771,-1.0175024442087017,-0.0005104027028726853,-0.20732006636017708,81,0.2839506172839506,0.9965868225530264,-2.0928767391292,0.8179054054054054,0.8885135135135135,0.8888513513513514,0.8868243243243243,0.8600844594594594,False
USDCAD1440_comma,daily,5,75,long_only,price_slow,0.005,-3.422470829772539e-05,-0.7517428396617098,-1.0215933681731322,-0.0001593344280385695,-0.21479794868589697,86,0.29069767441860467,0.9988768487954112,-0.6378952161414542,0.8138513513513513,0.8908783783783784,0.8908783783783784,0.8875,0.8595608108108108,False
USDCAD1440_comma,daily,30,75,long_only,fast_slope,0.0025,0.0024280249992827407,-0.7928620576993407,-1.0886137811686287,0.012823042828637221,-0.1893485837745409,94,0.30851063829787234,1.0744532216543736,42.178272123433196,0.7442567567567567,0.9422297297297297,0.9368243243243243,0.9179054054054054,0.8583108108108108,False
USDCAD1440_comma,daily,5,200,long_only,none,0.001,-0.0022503671312489315,-0.697617174623474,-0.9304543317452352,-0.008022756268126072,-0.2804980054285713,46,0.1956521739130435,0.9080972295673368,-77.12308877084604,0.8915540540540541,0.8439189189189189,0.8344594594594594,0.8222972972972973,0.8578378378378378,False
USDCAD1440_comma,daily,30,75,long_only,fast_slope,0.005,0.003923968697040703,-0.8172493403559052,-1.1269261057733888,0.0227825269913764,-0.17223588491856046,72,0.3055555555555556,1.1455937524236082,90.00533591427427,0.706418918918919,0.9679054054054054,0.9597972972972973,0.9418918918918919,0.8577871621621622,False
USDCAD1440_comma,daily,5,400,long_only,none,0.0,-0.0020021063909126946,-0.7087603168666688,-0.9272120131481456,-0.006852297625258488,-0.29218030220004776,38,0.15789473684210525,0.9123009398459085,-83.2146270577154,0.8793918918918919,0.8537162162162162,0.8405405405405405,0.8283783783783784,0.8575506756756757,False
USDCAD1440_comma,daily,30,300,long_only,price_slow,0.001,-0.0020373692448142355,-0.7064181887897562,-0.9453466845672488,-0.007525759421660352,-0.2707194225409807,49,0.16326530612244897,0.9112294104070295,-65.65307896753816,0.8827702702702702,0.8489864864864864,0.8398648648648649,0.827027027027027,0.8573817567567567,False
USDCAD1440_comma,daily,100,200,long_only,slow_slope,0.0,-0.001830283956438028,-0.714397300696494,-0.9550097085192154,-0.006751957266057353,-0.27107457649932365,53,0.33962264150943394,0.9208197383045618,-57.454487944182475,0.8706081081081081,0.8543918918918919,0.8496621621621622,0.8361486486486487,0.8571959459459458,False
USDCAD1440_comma,daily,30,150,long_only,slow_slope,0.0,-0.0016481299021399165,-0.7220870691270609,-0.9690257804483919,-0.006579331301795166,-0.25050112641237954,66,0.3333333333333333,0.9354922557423668,-39.54533459208616,0.8608108108108108,0.8570945945945946,0.856418918918919,0.8486486486486486,0.8571790540540541,False
USDCAD1440_comma,daily,100,250,long_only,slow_slope,0.0025,-0.0013074920789631905,-0.7298004560365663,-0.9620929619848724,-0.005022791067486145,-0.2603118587645289,31,0.3225806451612903,0.9296528029987247,-66.96287277099837,0.852027027027027,0.8672297297297298,0.8635135135135135,0.8445945945945946,0.8570101351351351,False
USDCAD1440_comma,daily,5,100,long_only,price_slow,0.001,-0.0017294367662014087,-0.7184357013681134,-0.9603526090903926,-0.007731150142566517,-0.22369721636621664,86,0.2558139534883721,0.9426894477988657,-31.826537620525066,0.8648648648648649,0.8466216216216216,0.8547297297297297,0.8550675675675675,0.8568074324324324,False
USDCAD1440_comma,daily,50,250,long_only,price_slow,0.0,-0.0018596961605310547,-0.7148285208066839,-0.9542558012610328,-0.0071749499284389775,-0.2591929113205199,54,0.2037037037037037,0.9196694100126468,-54.45121566492295,0.8695945945945946,0.8513513513513513,0.8483108108108108,0.8347972972972973,0.8555574324324324,False
USDCAD1440_comma,daily,100,250,long_only,none,0.001,-0.002409679566868106,-0.6983611915746577,-0.9190698938905462,-0.010119615392858291,-0.23811967879418494,11,0.36363636363636365,0.9408010139830607,-148.6672090510843,0.8912162162162162,0.8212837837837837,0.8277027027027027,0.8533783783783784,0.8553547297297298,True
USDCAD1440_comma,daily,50,75,long_only,none,0.0025,0.00025656294935205715,-0.7651367313848662,-1.0302939811432756,0.0015797879600625898,-0.16240340845608947,41,0.3902439024390244,1.0125450585275266,10.0523492579411,0.7908783783783784,0.8993243243243243,0.897972972972973,0.8942567567567568,0.8549155405405405,False
USDCAD1440_comma,daily,60,200,long_only,none,0.0025,-0.002232581269443812,-0.7132421381525638,-0.9470352654684822,-0.008911212636408919,-0.25053619081224254,15,0.26666666666666666,0.9581439246755495,-70.18437419568271,0.8733108108108109,0.835472972972973,0.835472972972973,0.8638513513513514,0.8548648648648649,True
USDCAD1440_comma,daily,30,400,long_only,combined,0.001,0.0043113067800135685,-0.8249075286242633,-1.1407874206800086,0.028443572628858802,-0.15157402469334402,93,0.24731182795698925,1.1471230246911204,76.78477804607081,0.691554054054054,0.9739864864864864,0.9652027027027027,0.9425675675675675,0.8545439189189188,False
USDCAD1440_comma,daily,10,150,long_only,price_slow,0.001,-0.0019619261833793145,-0.712832279352617,-0.9515180023997951,-0.008557611935576193,-0.22926094314035006,59,0.2542372881355932,0.9255430990923608,-52.53605434296741,0.8743243243243243,0.8388513513513514,0.8425675675675676,0.8422297297297298,0.8542905405405405,False
USDCAD1440_comma,daily,75,500,long_only,none,0.0025,-0.0018689768128327122,-0.7313404701690164,-0.9565410113850961,-0.0062191248464679135,-0.3005208705360173,9,0.3333333333333333,0.9618138473199854,-133.8132614288811,0.8483108108108108,0.8597972972972973,0.8476351351351351,0.8675675675675676,0.8539358108108108,True
USDCAD1440_comma,daily,40,75,long_only,price_slow,0.001,0.00044044439596113705,-0.7693094318416088,-1.0478749082275374,0.0020319284740985028,-0.21676176183147744,84,0.32142857142857145,1.015174795103154,8.434705792122818,0.7837837837837838,0.902027027027027,0.9013513513513514,0.8962837837837838,0.8537331081081081,False
USDCAD1440_comma,daily,60,150,long_only,slow_slope,0.001,-0.0015845725735756933,-0.730706506413296,-0.9734381752725987,-0.006541886421677096,-0.24221951764938587,62,0.3387096774193548,0.9385148234586881,-36.280349645064526,0.8496621621621622,0.8574324324324324,0.8584459459459459,0.8516891891891892,0.8536655405405406,False
USDCAD1440_comma,daily,20,300,long_only,price_slow,0.0,-0.0023033475531513137,-0.7020428216000171,-0.9351521461229784,-0.00873236491761053,-0.2637713351289478,56,0.17857142857142858,0.9028668043673483,-64.81687582742832,0.8888513513513514,0.8364864864864865,0.8324324324324325,0.816554054054054,0.8536317567567568,False
USDCAD1440_comma,daily,5,200,long_only,none,0.0025,-0.002221645307128095,-0.7064412230850773,-0.9452621588759945,-0.008331477276599648,-0.26665682847962136,47,0.19148936170212766,0.9060511535736736,-74.53480318808847,0.8824324324324324,0.8412162162162162,0.8358108108108108,0.8206081081081081,0.8535304054054055,False
USDCAD1440_comma,daily,5,400,long_only,slow_slope,0.005,-0.00021452274884536937,-0.7569380386879827,-1.0035889789466783,-0.0008949846072592852,-0.23969434457906846,55,0.2727272727272727,0.9895360429245901,-6.243530995795349,0.8037162162162163,0.8875,0.8871621621621621,0.8837837837837837,0.8533614864864865,False
USDCAD1440_comma,daily,10,500,long_only,price_slow,0.0,-0.001951354769979985,-0.7163518523877961,-0.9431546943366877,-0.006526311536475445,-0.2989981031512051,58,0.13793103448275862,0.9068526691883296,-53.158097161516004,0.8668918918918919,0.8577702702702703,0.8432432432432433,0.8212837837837837,0.8530405405405406,False
USDCAD1440_comma,daily,30,300,long_only,price_slow,0.0025,-0.00198457489934456,-0.7134823278289901,-0.953663985437757,-0.007716774135437694,-0.2571767508693573,42,0.21428571428571427,0.9098311284875147,-74.63994987993865,0.8726351351351351,0.8472972972972973,0.8412162162162162,0.8243243243243243,0.8527702702702703,False
USDCAD1440_comma,daily,100,200,long_only,none,0.001,-0.002843400720546896,-0.7027062318580845,-0.9289258102889892,-0.009827388987689636,-0.2893343007088359,15,0.4,0.9420692976645538,-130.86408425001906,0.8881756756756757,0.8236486486486486,0.8145270270270271,0.8547297297297297,0.8522972972972973,True
USDCAD1440_comma,daily,20,500,long_only,price_slow,0.0,-0.0019953816401782065,-0.7200717321558695,-0.9482065995049829,-0.006648203323261403,-0.30013848000053855,56,0.14285714285714285,0.911744312211068,-56.28023887857996,0.8631756756756757,0.8557432432432432,0.8408783783783784,0.8280405405405405,0.8515878378378379,False
USDCAD1440_comma,daily,50,100,long_only,price_slow,0.0,-0.000804123191863626,-0.7492191149851043,-1.0115323762686295,-0.0046114123270491235,-0.1743767711134585,81,0.2716049382716049,0.9677859685227248,-15.821012789434192,0.8175675675675675,0.8702702702702703,0.8760135135135135,0.8733108108108109,0.8507939189189189,False
USDCAD1440_comma,daily,5,100,long_only,none,0.001,-0.002117728622785253,-0.7149198564321981,-0.9544995302707169,-0.009040545795007885,-0.23424787294973337,67,0.26865671641791045,0.9274300435260212,-49.878756253761004,0.8692567567567567,0.8341216216216216,0.8385135135135136,0.8432432432432433,0.8504222972972973,False
USDCAD1440_comma,daily,30,100,long_only,price_slow,0.0,-0.0014553926850979781,-0.734514803590808,-0.9914412932096835,-0.007514631148052472,-0.1936745339091147,89,0.29213483146067415,0.9484751925461521,-25.933749174101845,0.841554054054054,0.8493243243243244,0.8614864864864865,0.8591216216216216,0.8501182432432433,False
USDCAD1440_comma,daily,40,150,long_only,price_slow,0.0,-0.0017865765405163936,-0.7295816604011566,-0.9783321400431514,-0.007814121617723827,-0.2286343402263049,58,0.27586206896551724,0.9280724890022175,-48.7293781098614,0.8527027027027027,0.845945945945946,0.8510135135135135,0.8439189189189189,0.8493581081081081,False
USDCAD1440_comma,daily,75,250,long_only,none,0.001,-0.0026056576203074,-0.7051127317388656,-0.9272735542700647,-0.01065228087568659,-0.24461029996446215,11,0.45454545454545453,0.9321153992880269,-162.63267772020748,0.8837837837837837,0.8175675675675675,0.8209459459459459,0.8469594594594595,0.8491385135135134,True
USDCAD1440_comma,daily,20,100,long_only,price_slow,0.0025,-0.0010838332362482772,-0.7464645283616811,-1.0066302573244221,-0.005380291405270624,-0.20144508068587808,71,0.29577464788732394,0.9606857227764704,-24.276681847482536,0.8226351351351351,0.8648648648648649,0.8689189189189189,0.8668918918918919,0.8490878378378379,False
USDCAD1440_comma,daily,50,200,long_only,price_slow,0.001,-0.0018792303780358344,-0.7308089333924361,-0.9797981638171248,-0.00672295798311552,-0.2795243377625529,55,0.21818181818181817,0.9247469379022972,-54.01484478549053,0.8493243243243244,0.8550675675675675,0.8466216216216216,0.8408783783783784,0.8489527027027026,False
USDCAD1440_comma,daily,10,50,long_only,price_slow,0.0,-0.0008970530201072302,-0.7529920228541181,-1.0066166139784543,-0.004793250067134685,-0.18714922183133076,118,0.2288135593220339,0.9769831221892243,-12.106815713196497,0.8118243243243243,0.8682432432432432,0.8743243243243243,0.8766891891891891,0.8481587837837837,False
USDCAD1440_comma,daily,100,250,long_only,none,0.0,-0.002878058534653949,-0.69739799284291,-0.9186661867198029,-0.011717047559694398,-0.24563001216741787,11,0.45454545454545453,0.927996335998729,-192.37562214619177,0.8918918918918919,0.8074324324324325,0.8131756756756757,0.8435810810810811,0.8477871621621622,True
USDCAD1440_comma,daily,50,400,long_only,none,0.001,-0.002542503826635789,-0.7206301587466386,-0.9499457727802646,-0.008308379694217364,-0.3060168071525875,12,0.16666666666666666,0.9386234752409052,-134.5311600209776,0.8625,0.841554054054054,0.822972972972973,0.852027027027027,0.8477871621621621,True
USDCAD1440_comma,daily,20,150,long_only,slow_slope,0.0,-0.0018700891374110462,-0.7264653881042338,-0.9749561209238464,-0.008335876000634056,-0.22434224516641088,68,0.3382352941176471,0.9186336197636219,-43.47893825332694,0.856081081081081,0.8408783783783784,0.8472972972972973,0.8334459459459459,0.8471283783783784,False
USDCAD1440_comma,daily,50,150,long_only,none,0.0025,-0.0023959066178759203,-0.7223098717846101,-0.9670068383299242,-0.008813712758358653,-0.27183851840459816,23,0.34782608695652173,0.9417570770558699,-78.06666564519756,0.860472972972973,0.8358108108108108,0.8290540540540541,0.8537162162162162,0.8470101351351351,False
USDCAD1440_comma,daily,40,300,long_only,price_slow,0.001,-0.002268060110049319,-0.7146721640689964,-0.9556523853534746,-0.008700921408659202,-0.2606689571741372,49,0.1836734693877551,0.9028962626970535,-72.96084153371365,0.8702702702702703,0.8368243243243243,0.8337837837837838,0.8168918918918919,0.8466047297297298,False
USDCAD1440_comma,daily,5,200,long_only,price_slow,0.0025,-0.002364203902258999,-0.7140128035704111,-0.9575062227068477,-0.009067416104519936,-0.26073623124899803,54,0.18518518518518517,0.9035292670756406,-68.96202619416489,0.8712837837837838,0.8337837837837838,0.8304054054054054,0.8172297297297297,0.8456250000000001,False
USDCAD1440_comma,daily,40,50,long_short,none,0.0,-0.00528813103791681,-0.5884578775935415,-0.8358199462564566,-0.019975092008696623,-0.2647362543118449,132,0.4166666666666667,0.9381989858431165,-51.717422451862205,0.9763513513513513,0.7280405405405406,0.7263513513513513,0.8510135135135135,0.8454729729729731,False
USDCAD1440_comma,daily,5,150,long_only,price_slow,0.0,-0.0025472949578655424,-0.7119071179521684,-0.9507251082612933,-0.009731642121677113,-0.2617538670263546,73,0.2054794520547945,0.9111034826807395,-54.88835871668675,0.8763513513513513,0.825,0.8226351351351351,0.8263513513513514,0.8452702702702704,False
USDCAD1440_comma,daily,5,250,long_only,price_slow,0.0025,-0.002462138046548823,-0.7139472973759378,-0.9518303197116168,-0.009117000449914344,-0.27006009927003516,50,0.18,0.90275878347516,-77.50736366693116,0.8719594594594594,0.8334459459459459,0.8253378378378379,0.8162162162162162,0.8446452702702703,False
USDCAD1440_comma,daily,100,250,long_only,none,0.005,-0.0017635666325636068,-0.7419286232895749,-0.9834858542955797,-0.006342629437727755,-0.278049766248902,13,0.38461538461538464,0.9272138798520856,-172.97102178615202,0.831418918918919,0.8591216216216216,0.8527027027027027,0.8429054054054054,0.8443243243243244,True
USDCAD1440_comma,daily,30,500,long_short,none,0.0,-0.004331978392054681,-0.6298764480200589,-0.8723670899993994,-0.01515727018176192,-0.2858020171249016,28,0.17857142857142858,0.8793922741914612,-172.388453230712,0.9516891891891892,0.768918918918919,0.7587837837837837,0.7949324324324324,0.8439020270270271,False
USDCAD1440_comma,daily,5,200,long_only,price_slow,0.005,-0.0020450132922082975,-0.7265669543712273,-0.976527479208455,-0.008480571263454759,-0.24114098315768573,51,0.21568627450980393,0.9091004502277874,-63.31148964179293,0.8557432432432432,0.8402027027027027,0.8391891891891892,0.8239864864864865,0.8437837837837838,False
USDCAD1440_comma,daily,20,100,long_only,none,0.005,-0.0009481247740235066,-0.7561252344466459,-1.0249250958254608,-0.004936538177166331,-0.19206268441496155,38,0.3684210526315789,0.955724108035785,-39.72000443528727,0.8057432432432432,0.8675675675675676,0.8726351351351351,0.8631756756756757,0.8431925675675676,False
USDCAD1440_comma,daily,60,500,long_only,none,0.005,-0.001946464238755663,-0.7446494080734569,-0.977630433295673,-0.006712843027130926,-0.2899612326533998,11,0.2727272727272727,0.9564597768121057,-121.35578026167896,0.827027027027027,0.8554054054054054,0.8439189189189189,0.8635135135135135,0.8429729729729729,True
USDCAD1440_comma,daily,50,500,long_only,price_slow,0.0,-0.0021372330248031757,-0.7325457226540835,-0.9658873306209822,-0.0070149162189730935,-0.3046697862224851,45,0.17777777777777778,0.9062045627574938,-74.93695708084798,0.8462837837837838,0.8523648648648648,0.8375,0.8209459459459459,0.8422466216216216,False
USDCAD1440_comma,daily,40,150,long_only,slow_slope,0.0,-0.002263110830989179,-0.7292728696522972,-0.9766692420465269,-0.009584313214025558,-0.23612655184070697,67,0.3283582089552239,0.9260292855030063,-44.03932830514947,0.8533783783783784,0.8266891891891892,0.8341216216216216,0.8425675675675676,0.8412331081081083,False
USDCAD1440_comma,daily,30,250,long_only,price_slow,0.0025,-0.0025110050272085793,-0.7198517540388094,-0.9615316364707376,-0.009221578002720849,-0.2722966748714484,48,0.22916666666666666,0.9038422396123004,-82.30915166305722,0.8638513513513514,0.8327702702702703,0.8236486486486486,0.8175675675675675,0.8410979729729731,False
USDCAD1440_comma,daily,5,250,long_only,none,0.0025,-0.002619646943066156,-0.7134656652499233,-0.9500507050779625,-0.009748026859296174,-0.26873612279473136,42,0.21428571428571427,0.892955150786258,-98.0578310649027,0.8729729729729729,0.8246621621621621,0.8202702702702702,0.8081081081081081,0.840625,False
USDCAD1440_comma,daily,30,100,long_only,price_slow,0.0025,-0.001020696057109638,-0.7574123118750871,-1.0258084046909648,-0.005949867300264036,-0.17154938179282464,73,0.273972602739726,0.9593832704833752,-22.24664343962581,0.8030405405405405,0.8618243243243243,0.8702702702702703,0.8658783783783783,0.840608108108108,False
USDCAD1440_comma,daily,30,200,long_only,fast_slope,0.0025,0.0013386109788822154,-0.8044562010378692,-1.1062881295566176,0.006857988590596359,-0.19519002710469835,98,0.2857142857142857,1.0386655400220959,22.12194043856474,0.7266891891891892,0.9206081081081081,0.9179054054054054,0.9067567567567567,0.8404222972972973,False
USDCAD1440_comma,daily,5,250,long_only,slow_slope,0.005,-0.001734601836884453,-0.7462503033890278,-0.9975858551336106,-0.006646860863815937,-0.2609655704284781,47,0.23404255319148937,0.9208727747269682,-58.40745666999944,0.8233108108108108,0.856081081081081,0.8543918918918919,0.8364864864864865,0.839695945945946,False
USDCAD1440_comma,daily,30,400,long_only,price_slow,0.0025,-0.0018162067584324149,-0.7415114305724442,-0.9829397759491207,-0.0072215780681776365,-0.2514972131140769,42,0.16666666666666666,0.9109239960426025,-68.39381489244909,0.8317567567567568,0.8503378378378378,0.8503378378378378,0.8256756756756757,0.8392060810810812,False
USDCAD1440_comma,daily,40,150,long_only,none,0.0025,-0.002449052410402497,-0.7158536073273103,-0.9565505262270344,-0.009453982038355645,-0.25904982688421385,23,0.391304347826087,0.8780558520073204,-167.6151757046377,0.8679054054054054,0.8297297297297297,0.8260135135135135,0.7932432432432432,0.8387837837837837,False
USDCAD1440_comma,daily,60,300,long_only,none,0.0025,-0.0029555459582802923,-0.71581874727267,-0.9424964054731644,-0.011309659441400912,-0.2613293506841611,12,0.3333333333333333,0.922545213555018,-178.29913135073102,0.8685810810810811,0.8114864864864865,0.8114864864864865,0.839527027027027,0.8385304054054055,True
USDCAD1440_comma,daily,40,50,long_only,combined,0.001,0.002182800630898374,-0.8209749174528387,-1.122264788166802,0.011201325857788135,-0.19486984474973568,93,0.2903225806451613,1.0702375814847256,38.25522076123448,0.7,0.9368243243243243,0.933445945945946,0.9165540540540541,0.8383783783783783,False
USDCAD1440_comma,daily,5,400,long_only,none,0.005,-0.0019284531584152775,-0.7413803408076404,-0.976606649067504,-0.00726440605835702,-0.2654660467660357,40,0.175,0.9099204352852226,-76.18768572986946,0.8324324324324325,0.85,0.8445945945945946,0.8246621621621621,0.8380912162162163,False
USDCAD1440_comma,daily,50,200,long_only,slow_slope,0.0,-0.002437139103373842,-0.7226096459788708,-0.9667942089216761,-0.009381143102603975,-0.25979127241938693,53,0.24528301886792453,0.8895052856585245,-75.20499690581775,0.8601351351351352,0.8307432432432432,0.8266891891891892,0.8064189189189189,0.8380405405405406,False
USDCAD1440_comma,daily,5,150,long_only,slow_slope,0.001,-0.0019535944868517285,-0.7386318506225172,-0.9892520233687923,-0.00893010295444019,-0.21876505756077202,75,0.29333333333333333,0.9221275480191686,-41.15542192294327,0.8364864864864865,0.8351351351351352,0.8429054054054054,0.8391891891891892,0.8378378378378378,False
USDCAD1440_comma,daily,20,150,long_only,none,0.001,-0.002675591514466613,-0.7081426375120262,-0.9486132185603954,-0.010887456032587542,-0.24574992601193768,30,0.4,0.8722678484367947,-140.154043324225,0.8804054054054054,0.816554054054054,0.8179054054054054,0.7858108108108108,0.8377533783783784,False
USDCAD1440_comma,daily,5,400,long_only,none,0.0025,-0.0022863033207990435,-0.7326593091680402,-0.9579212759126073,-0.007819462181363116,-0.292386262350397,38,0.15789473684210525,0.8938591301700922,-94.82487997100911,0.8452702702702702,0.8456081081081082,0.8334459459459459,0.8101351351351351,0.8377195945945946,False
USDCAD1440_comma,daily,20,150,long_only,price_slow,0.0025,-0.00212980359780901,-0.7359039332029176,-0.9842049248391601,-0.00861412254792131,-0.24724556517052998,50,0.28,0.915054769347021,-67.21255434680255,0.8405405405405405,0.8375,0.8378378378378378,0.8297297297297297,0.8376182432432433,False
USDCAD1440_comma,daily,20,400,long_only,price_slow,0.005,-0.001741473166585794,-0.748176388560092,-0.9910927902080319,-0.006478155897803696,-0.26882236149584016,30,0.16666666666666666,0.913638880775826,-91.86276745161467,0.8185810810810811,0.8581081081081081,0.8537162162162162,0.8290540540540541,0.8370608108108107,False
USDCAD1440_comma,daily,100,500,long_short,none,0.005,-0.0036730672865031844,-0.6854158949270166,-0.9094725045020314,-0.012191153555170494,-0.3012895596697138,14,0.2857142857142857,0.8712050184128295,-359.3610765187928,0.9057432432432433,0.8023648648648649,0.7814189189189189,0.7831081081081082,0.8366385135135136,True
USDCAD1440_comma,daily,30,75,long_only,slow_slope,0.005,0.0009422652444945889,-0.8056492757289986,-1.103773527329103,0.004970772834893858,-0.18956111570419598,59,0.3220338983050847,1.0384746209941191,25.788110834574727,0.7243243243243244,0.9141891891891892,0.9111486486486486,0.9060810810810811,0.836418918918919,False
USDCAD1440_comma,daily,40,150,long_only,slow_slope,0.001,-0.0022451382288901645,-0.7337132649854826,-0.9837270765237404,-0.009313442958553573,-0.24106425935944598,65,0.35384615384615387,0.9115822801926207,-54.45472850547805,0.8432432432432433,0.8317567567567568,0.8347972972972973,0.8277027027027027,0.8363513513513513,False
USDCAD1440_comma,daily,20,400,long_only,none,0.005,-0.001941115174924568,-0.7429977588305927,-0.9830725972881483,-0.007099769024763304,-0.2734053978593032,19,0.21052631578947367,0.899055085798455,-161.43295475996618,0.8304054054054054,0.852027027027027,0.8442567567567567,0.8138513513513513,0.836097972972973,True
USDCAD1440_comma,daily,20,100,long_only,price_slow,0.005,-0.0006304112427909514,-0.7738509711606121,-1.0539651957882963,-0.00384427887234361,-0.16398686560598819,57,0.3508771929824561,0.971876643380304,-17.64867581127548,0.7753378378378378,0.8736486486486487,0.8804054054054054,0.8760135135135135,0.8360304054054055,False
USDCAD1440_comma,daily,40,400,long_only,none,0.005,-0.002300242063624225,-0.7468379972127348,-0.9856944675749867,-0.008069249936132868,-0.28506268635007725,14,0.21428571428571427,0.9549799404587839,-87.89624622581252,0.8222972972972973,0.8435810810810811,0.8331081081081081,0.8625,0.8358108108108109,True
USDCAD1440_comma,daily,75,150,long_only,none,0.0,-0.0029603091641923207,-0.7031186107000937,-0.9312795446174109,-0.011271244403976888,-0.2626426202902512,22,0.36363636363636365,0.8607362307667767,-214.7566729995715,0.8871621621621621,0.8118243243243243,0.8111486486486487,0.7702702702702703,0.8355912162162162,False
USDCAD1440_comma,daily,10,75,long_only,none,0.0,-0.0024850177303048504,-0.7311055952373684,-0.9713691001780952,-0.009964876177350436,-0.2493776827807601,59,0.3389830508474576,0.9213608763480099,-66.28323597804021,0.8486486486486486,0.8219594594594595,0.8243243243243243,0.8378378378378378,0.835489864864865,False
USDCAD1440_comma,daily,40,300,long_only,price_slow,0.0025,-0.0023802843753655267,-0.7271157010378736,-0.9685996061498342,-0.009910318552075102,-0.2401824283304318,43,0.13953488372093023,0.8938479804775892,-87.18202855972072,0.8554054054054054,0.822972972972973,0.8300675675675676,0.8097972972972973,0.8353885135135136,False
USDCAD1440_comma,daily,75,500,long_only,slow_slope,0.001,-0.0016434363293770238,-0.7588395106551649,-1.0013141512641999,-0.005759884294581817,-0.28532453871043284,45,0.2222222222222222,0.9298131956749799,-57.83668539929242,0.8016891891891892,0.8625,0.8570945945945946,0.8452702702702702,0.8345101351351351,False
USDCAD1440_comma,daily,10,150,long_only,none,0.001,-0.0028014805932985443,-0.7135215810107438,-0.9530007390738341,-0.011466204845767157,-0.24432500822909453,39,0.3333333333333333,0.8834886756342338,-112.7771753003095,0.8722972972972973,0.8094594594594594,0.8155405405405406,0.7986486486486486,0.8341891891891893,False
USDCAD1440_comma,daily,75,200,long_only,price_slow,0.0,-0.002237312452445961,-0.7434119704190524,-0.996405797274538,-0.008177428551944428,-0.27359608686693726,60,0.2,0.9103996367254609,-58.790438470282,0.8297297297297297,0.8425675675675676,0.8351351351351352,0.8253378378378379,0.8333614864864866,False
USDCAD1440_comma,daily,40,300,long_only,price_slow,0.0,-0.0027978407651378934,-0.7206442925936319,-0.9655427492346801,-0.010474877087865542,-0.267100104532874,56,0.17857142857142858,0.8852578086732971,-78.44133719533386,0.8621621621621621,0.8185810810810811,0.8158783783783784,0.802027027027027,0.8329898648648649,False
USDCAD1440_comma,daily,60,200,long_only,price_slow,0.0,-0.002432728874009138,-0.7401890336505232,-0.9924178103548641,-0.008484687870714318,-0.2867199019077562,59,0.23728813559322035,0.9070685141298636,-64.91392032979351,0.8351351351351352,0.8398648648648649,0.827027027027027,0.8219594594594595,0.8327195945945947,False
USDCAD1440_comma,daily,30,250,long_only,fast_slope,0.0,0.0006518410883100678,-0.8056678448104136,-1.0968648629388988,0.0030656385244186854,-0.21262816314381738,106,0.25471698113207547,1.018069431699477,9.907972262824714,0.7239864864864864,0.9077702702702702,0.9070945945945946,0.8966216216216216,0.8324493243243243,False
USDCAD1440_comma,daily,40,200,long_short,none,0.001,-0.0051295115807692415,-0.6043839427509907,-0.8479149807498643,-0.022483093963638193,-0.22814971947656215,32,0.28125,0.8975871624244879,-145.75660235464056,0.9672297297297298,0.7040540540540541,0.7331081081081081,0.8131756756756757,0.8315033783783784,False
USDCAD1440_comma,daily,30,400,long_only,combined,0.0025,0.0033956667772034876,-0.8545243393496482,-1.1781520980690334,0.023141911339826453,-0.14673233888679105,89,0.25842696629213485,1.1216773166074554,62.75873073686299,0.6445945945945946,0.9685810810810811,0.9527027027027027,0.9354729729729729,0.8308445945945946,False
USDCAD1440_comma,daily,30,400,long_only,combined,0.0,0.003140821022998397,-0.8497305661484028,-1.1728545919212665,0.01990022904302012,-0.15782838560343204,98,0.24489795918367346,1.1014704468204668,52.61617987475474,0.6527027027027027,0.9625,0.9489864864864865,0.9283783783783783,0.8307601351351351,False
USDCAD1440_comma,daily,30,500,long_only,price_slow,0.001,-0.0025098840810097167,-0.7388514714858427,-0.9750343709814042,-0.008211683361970338,-0.3056479372589309,46,0.17391304347826086,0.8871844196578713,-85.85018895519755,0.8358108108108108,0.8422297297297298,0.8239864864864865,0.8040540540540541,0.8302871621621621,False
USDCAD1440_comma,daily,50,100,long_only,none,0.0025,-0.001780918033038037,-0.755357625337373,-1.016376620005823,-0.007616089425850757,-0.23383628177909677,31,0.2903225806451613,0.9195263570861838,-90.88618709332738,0.8064189189189189,0.8486486486486486,0.8513513513513513,0.8344594594594594,0.830168918918919,False
USDCAD1440_comma,daily,50,150,long_only,price_slow,0.001,-0.0019508497454198137,-0.7516804277376252,-1.0080729783370077,-0.008446315974432057,-0.23097049072344134,58,0.27586206896551724,0.9185836080789633,-53.1445404794397,0.8145270270270271,0.8405405405405405,0.8435810810810811,0.8327702702702703,0.8295777027027028,False
USDCAD1440_comma,daily,20,75,long_short,none,0.0,-0.0055895569133833645,-0.5955630583175814,-0.8528434602068906,-0.02327637234631921,-0.2401386620826791,82,0.3780487804878049,0.9060504742104236,-97.5988139194243,0.9719594594594595,0.6976351351351351,0.716554054054054,0.8202702702702702,0.8295439189189189,False
USDCAD1440_comma,daily,40,100,long_only,price_slow,0.0,-0.0019235422970682592,-0.7540943656560178,-1.0198191956297238,-0.00901908902273678,-0.21327456600318306,87,0.3103448275862069,0.9357577954243044,-34.94090429099681,0.8108108108108109,0.8347972972972973,0.8449324324324324,0.8493243243243244,0.8294087837837838,False
USDCAD1440_comma,daily,50,200,long_only,slow_slope,0.0025,-0.0025300829850711803,-0.7373209812901772,-0.9847950301073367,-0.009019869749256481,-0.28050105549248516,52,0.25,0.88334174692819,-79.40755648506864,0.8391891891891892,0.8344594594594594,0.8233108108108108,0.7983108108108108,0.8286993243243244,False
USDCAD1440_comma,daily,10,500,long_only,price_slow,0.001,-0.0027260843708456495,-0.7334239650270985,-0.9646137183357331,-0.008682753923315781,-0.31396540716480525,54,0.12962962962962962,0.8732460402643296,-79.30281470500695,0.8435810810810811,0.8371621621621622,0.8168918918918919,0.7885135135135135,0.8283783783783785,False
USDCAD1440_comma,daily,20,100,long_only,price_slow,0.0,-0.002213987316443955,-0.745001708669836,-1.000212166897022,-0.010606818394569003,-0.20873246190182537,85,0.2823529411764706,0.9211487615230998,-41.073654222551994,0.8266891891891892,0.8179054054054054,0.8361486486486487,0.8375,0.8280067567567567,False
USDCAD1440_comma,daily,50,200,long_only,slow_slope,0.001,-0.0026309552232846034,-0.7326475667351188,-0.9769372883584764,-0.009772018301403184,-0.2692335546390472,53,0.22641509433962265,0.8823934750283373,-80.84000521147013,0.8456081081081082,0.8243243243243243,0.8195945945945946,0.7976351351351352,0.8278885135135136,False
USDCAD1440_comma,daily,10,250,long_only,price_slow,0.0,-0.003222072598044412,-0.7181120164770327,-0.955317452592847,-0.011613213241063515,-0.2774488447909823,65,0.16923076923076924,0.8783722268503781,-77.58090188398137,0.8652027027027027,0.808445945945946,0.8006756756756757,0.793918918918919,0.8274155405405406,False
USDCAD1440_comma,daily,40,400,long_only,price_slow,0.0,-0.0023407546472883345,-0.7440174855641692,-0.9849955175946453,-0.008589553397507724,-0.2725117988052218,46,0.10869565217391304,0.8848135021685536,-83.41345346416202,0.8287162162162162,0.8381756756756756,0.831081081081081,0.8006756756756757,0.8273479729729729,False
USDCAD1440_comma,daily,40,100,long_only,price_slow,0.0025,-0.000983478591647935,-0.7785380484654123,-1.0575215110278995,-0.005131526786991831,-0.19165418645791832,69,0.3188405797101449,0.9592813104009829,-22.68443704943717,0.7662162162162162,0.8662162162162163,0.8716216216216216,0.8655405405405405,0.8271959459459459,False
USDCAD1440_comma,daily,10,50,long_only,price_slow,0.001,-0.0013853337111287,-0.7717402217738217,-1.0328502743764714,-0.007285783733143815,-0.1901420302700817,109,0.24770642201834864,0.9636658482371891,-20.16652793570603,0.7793918918918918,0.8496621621621622,0.8625,0.8699324324324325,0.8271621621621621,False
USDCAD1440_comma,daily,60,200,long_only,slow_slope,0.0,-0.0028702906498450087,-0.7304374405156936,-0.9744080118091457,-0.010271270272089354,-0.27944845903282245,56,0.26785714285714285,0.8775609720460419,-83.07349117111643,0.8506756756756757,0.8202702702702702,0.8138513513513513,0.7925675675675675,0.8269932432432432,False
USDCAD1440_comma,daily,50,500,long_only,slow_slope,0.005,-0.00155395930428881,-0.77035265283081,-1.0202900290533279,-0.005635687567384311,-0.27573553106139426,39,0.15384615384615385,0.9249262881468141,-63.14359284564091,0.7817567567567567,0.8635135135135135,0.8591216216216216,0.841554054054054,0.8266385135135136,False
USDCAD1440_comma,daily,20,150,long_only,price_slow,0.005,-0.0020340377860714742,-0.7543943446070125,-1.0157609648783616,-0.00852015220839461,-0.23873256443322777,44,0.3181818181818182,0.9125394058654868,-72.99592339192576,0.8101351351351351,0.839527027027027,0.8402027027027027,0.8287162162162162,0.8262837837837838,False
USDCAD1440_comma,daily,60,150,long_only,price_slow,0.001,-0.0018431201648902995,-0.7611762815901139,-1.0199849754176364,-0.007647941697170058,-0.24099558258561293,60,0.3,0.9229464290062759,-48.57532017481213,0.7952702702702703,0.847972972972973,0.8489864864864864,0.8398648648648649,0.8258783783783784,False
USDCAD1440_comma,daily,30,50,long_only,combined,0.001,0.001280403984741163,-0.8249263818446783,-1.1186710149678534,0.006282231842339403,-0.20381355175589333,110,0.24545454545454545,1.0362073664748535,18.84337865959954,0.6912162162162162,0.918918918918919,0.9162162162162162,0.9050675675675676,0.8252195945945946,False
USDCAD1440_comma,daily,30,500,long_only,fast_slope,0.0,0.001609247983218598,-0.8300471253280421,-1.1308923454186914,0.007607957275760265,-0.21152169036829738,105,0.2571428571428571,1.0461077174840165,24.872214001574722,0.6807432432432432,0.925,0.922972972972973,0.9094594594594595,0.8245608108108108,False
USDCAD1440_comma,daily,40,100,long_only,slow_slope,0.0,-0.0027010595544837424,-0.7459682286380844,-1.0081889935511854,-0.009725024722058072,-0.2777432070025758,78,0.2692307692307692,0.9167117452367163,-54.40814358519638,0.8246621621621621,0.8253378378378379,0.8172297297297297,0.831081081081081,0.8243074324324325,False
USDCAD1440_comma,daily,40,500,long_only,price_slow,0.0,-0.0026789926711695555,-0.7442858141076292,-0.9834086803398944,-0.00856016121452891,-0.31296053941397506,46,0.1956521739130435,0.8797898071662168,-91.5186746310943,0.8280405405405405,0.8385135135135136,0.8175675675675675,0.7956081081081081,0.8236993243243242,False
USDCAD1440_comma,daily,5,150,long_only,none,0.0025,-0.003099151122239796,-0.7313690959051352,-0.9761552428400154,-0.01104540314979732,-0.2805828886650158,51,0.29411764705882354,0.8842419197474232,-95.1928563905537,0.847972972972973,0.8135135135135135,0.8043918918918919,0.7989864864864865,0.823293918918919,False
USDCAD1440_comma,daily,100,400,long_only,price_slow,0.0025,-0.0017377904509348063,-0.7705702426015311,-1.0124247231111063,-0.006388967289065482,-0.2719986458388949,42,0.14285714285714285,0.9189585316898805,-69.07007315765796,0.7814189189189189,0.8587837837837838,0.8540540540540541,0.8341216216216216,0.8231925675675676,False
USDCAD1440_comma,daily,5,150,long_only,price_slow,0.005,-0.002629585497832543,-0.7436016441275043,-0.9941367449094736,-0.010253804057816469,-0.25644975103927514,58,0.20689655172413793,0.8947307079894972,-71.27148785867679,0.8293918918918919,0.8209459459459459,0.8199324324324324,0.8111486486486487,0.8226520270270271,False
USDCAD1440_comma,daily,100,150,long_only,none,0.0,-0.003609380258655537,-0.7123474166711853,-0.9447409310453792,-0.013098464758149466,-0.2755575042800257,24,0.375,0.8736972339158081,-207.2159726906756,0.8756756756756757,0.7875,0.783445945945946,0.7888513513513513,0.8221621621621621,False
USDCAD1440_comma,daily,30,100,long_only,slow_slope,0.005,-0.001120894924947602,-0.7855625476713886,-1.066560573144064,-0.004555749544876948,-0.24603962836545212,56,0.30357142857142855,0.9529690822443683,-31.82301676802828,0.7537162162162162,0.870945945945946,0.8672297297297298,0.8611486486486486,0.8218412162162163,False
USDCAD1440_comma,daily,100,500,long_only,slow_slope,0.001,-0.0019648945278648577,-0.7672629513174454,-1.006510282698268,-0.006893180703778729,-0.28504903792638636,47,0.23404255319148937,0.9162701871168094,-66.04782664200394,0.7871621621621622,0.8533783783783784,0.8418918918918918,0.8304054054054054,0.8211486486486487,False
USDCAD1440_comma,daily,10,250,long_only,price_slow,0.001,-0.0034287607293960187,-0.7231567779019417,-0.96190828055905,-0.012113472589632237,-0.28305349304464933,63,0.15873015873015872,0.8719051008642089,-85.04698530905159,0.8597972972972973,0.8030405405405405,0.7918918918918919,0.7851351351351351,0.8208277027027027,False
USDCAD1440_comma,daily,5,150,long_only,slow_slope,0.005,-0.0019628461491006943,-0.7593628989115284,-1.0195046806198895,-0.009407707086078554,-0.20864235367247963,76,0.25,0.9171941528426996,-40.80341163741443,0.7996621621621621,0.8300675675675676,0.8422297297297298,0.8317567567567568,0.8205912162162163,False
USDCAD1440_comma,daily,60,500,long_only,fast_slope,0.001,0.0005479009610342978,-0.8219690936425063,-1.1130409162943418,0.0025900651862183167,-0.21153944848556994,91,0.32967032967032966,1.0193172471792924,9.693261014542509,0.6959459459459459,0.9057432432432433,0.9043918918918918,0.8969594594594594,0.8202364864864865,False
USDCAD1440_comma,daily,20,250,long_only,price_slow,0.005,-0.0030506926012540125,-0.7378103715111387,-0.9837512826492376,-0.010308986292566298,-0.29592556578078244,48,0.22916666666666666,0.8757888805051965,-99.59700559836695,0.8381756756756756,0.8199324324324324,0.8060810810810811,0.7912162162162162,0.820152027027027,False
USDCAD1440_comma,daily,60,200,long_only,price_slow,0.001,-0.002654246882214828,-0.7505897014598073,-1.0073593426924439,-0.009476241363507722,-0.2800949005410657,58,0.22413793103448276,0.895403582478892,-71.92663338454643,0.8158783783783784,0.8283783783783784,0.8185810810810811,0.8118243243243243,0.8189358108108108,False
USDCAD1440_comma,daily,30,500,long_only,combined,0.0,0.002239810372788975,-0.8527034436208892,-1.16590954183513,0.011848890470346232,-0.18903123278879685,109,0.24770642201834864,1.0678681590787424,33.50666481889009,0.647972972972973,0.9398648648648649,0.9341216216216216,0.9162162162162162,0.8184121621621622,False
USDCAD1440_comma,daily,40,75,long_only,slow_slope,0.005,0.000980570943433845,-0.831455635539801,-1.1400117423915128,0.004993357732693094,-0.19637506382002967,45,0.3111111111111111,1.0427528136897681,35.19574316488395,0.6773648648648649,0.914527027027027,0.9114864864864864,0.9081081081081082,0.8180912162162162,False
USDCAD1440_comma,daily,30,150,long_only,none,0.001,-0.0032539128680001417,-0.7179356934742915,-0.9593795721682463,-0.01243985064177881,-0.2615716990260307,26,0.3076923076923077,0.8422263364356979,-195.82228464507943,0.8655405405405405,0.8,0.7989864864864865,0.7432432432432432,0.8175000000000001,False
USDCAD1440_comma,daily,20,75,long_only,slow_slope,0.005,-0.0003834913308046195,-0.8094438822081326,-1.1130601449310336,-0.0018347540714286372,-0.20901511367461512,70,0.2857142857142857,0.9855230081332295,-8.75842144366853,0.7182432432432433,0.8827702702702702,0.8841216216216217,0.8820945945945946,0.8171283783783785,False
USDCAD1440_comma,daily,60,200,long_only,slow_slope,0.001,-0.0030212246434261347,-0.7384240712189829,-0.9855838239375564,-0.011151232018456848,-0.2709319148256969,53,0.2641509433962264,0.8626435982324617,-92.13686681368341,0.8368243243243243,0.8128378378378378,0.808445945945946,0.7722972972972973,0.8154729729729729,False
USDCAD1440_comma,daily,60,500,long_only,price_slow,0.0025,-0.002404132351536359,-0.7636024433914782,-1.0053386086099063,-0.007996046385277279,-0.3006651332042005,37,0.1891891891891892,0.8926014180153292,-102.31651106947155,0.7925675675675675,0.8445945945945946,0.8287162162162162,0.8077702702702703,0.8150844594594595,False
USDCAD1440_comma,daily,5,400,long_only,price_slow,0.005,-0.00259900775958688,-0.7548162281862395,-0.9938480763343013,-0.009485556776341473,-0.2739963315668754,42,0.19047619047619047,0.8847385207296219,-97.3002922877758,0.8091216216216216,0.8280405405405405,0.8212837837837837,0.8003378378378379,0.8149662162162163,False
USDCAD1440_comma,daily,75,200,long_only,none,0.001,-0.003633063484750343,-0.7257998345165798,-0.9573215518989798,-0.014475944341723765,-0.2509724684612683,15,0.4,0.8936686171567814,-217.53239111646866,0.8577702702702703,0.775,0.7827702702702702,0.8094594594594594,0.8148310810810812,True
USDCAD1440_comma,daily,20,150,long_only,slow_slope,0.001,-0.002658979719629917,-0.7462697031821134,-1.0014814608678277,-0.011611000597858955,-0.22900521770020643,63,0.3333333333333333,0.8812443849795627,-66.33389700443381,0.822972972972973,0.8087837837837838,0.8182432432432433,0.7969594594594595,0.8145777027027028,False
USDCAD1440_comma,daily,40,150,long_only,price_slow,0.0025,-0.0023100604207123565,-0.7611175585068497,-1.0217286622320438,-0.009637313124406317,-0.23969963317495324,54,0.25925925925925924,0.9069538253094421,-67.41001232767219,0.7956081081081081,0.8263513513513514,0.8320945945945946,0.8216216216216217,0.8144932432432432,False
USDCAD1440_comma,daily,5,500,long_only,none,0.001,-0.003361266296187715,-0.734037269517618,-0.9628624909694694,-0.010887961296526423,-0.3087140195162208,37,0.13513513513513514,0.8511533626888271,-142.0307682807398,0.8429054054054054,0.8162162162162162,0.7959459459459459,0.7591216216216217,0.8142736486486486,False
USDCAD1440_comma,daily,5,200,long_only,price_slow,0.0,-0.0037015239085227414,-0.7272321113612437,-0.972232088629803,-0.01261150996863896,-0.2935036262689654,73,0.1643835616438356,0.8658130363673611,-79.07431786021716,0.8550675675675675,0.7976351351351352,0.7793918918918918,0.7763513513513514,0.8137668918918919,False
USDCAD1440_comma,daily,60,500,long_only,price_slow,0.0,-0.002965526101755156,-0.7501811260680223,-0.9892839397100861,-0.009692403582487134,-0.3059639517192063,45,0.15555555555555556,0.8729117744427796,-103.33674556480997,0.8168918918918919,0.8256756756756757,0.8108108108108109,0.7875,0.8134628378378379,False
USDCAD1440_comma,daily,30,500,long_only,slow_slope,0.005,-0.002126023489081752,-0.7711713358006544,-1.0272995196985921,-0.007674679241662376,-0.2770178950985376,43,0.11627906976744186,0.89625573344758,-78.01762813335006,0.7800675675675676,0.8476351351351351,0.8381756756756756,0.8121621621621622,0.8133952702702704,False
USDCAD1440_comma,daily,40,100,long_only,price_slow,0.001,-0.0018893356317460919,-0.770590209133348,-1.0416244027686297,-0.010374957545402805,-0.18210538438138146,76,0.3026315789473684,0.9295092462816226,-39.2969141014623,0.7810810810810811,0.8192567567567568,0.8456081081081082,0.8442567567567567,0.8130067567567567,False
USDCAD1440_comma,daily,20,150,long_only,price_slow,0.001,-0.0029864410374049744,-0.7429498266349934,-0.9938947240557237,-0.012730739766757766,-0.23458503528625296,54,0.25925925925925924,0.8846030215991936,-86.70773233369088,0.8307432432432432,0.7945945945945946,0.8101351351351351,0.8,0.812972972972973,False
USDCAD1440_comma,daily,50,200,long_only,price_slow,0.0025,-0.002806016761087271,-0.7544155112278838,-1.0127464681905425,-0.009933708516512351,-0.282474239748726,54,0.2222222222222222,0.8851623286931133,-81.57929939349432,0.8097972972972973,0.8226351351351351,0.8152027027027027,0.8016891891891892,0.8128716216216215,False
USDCAD1440_comma,daily,50,75,long_only,none,0.005,0.001851997167631847,-0.8645859075836185,-1.1832734618997052,0.013767371725083853,-0.13452074982892692,31,0.45161290322580644,1.1080415103693761,97.13021354716422,0.6260135135135135,0.9459459459459459,0.9273648648648649,0.9310810810810811,0.8120270270270269,False
USDCAD1440_comma,daily,30,50,long_only,combined,0.0,0.0004031087966236413,-0.8299323092902502,-1.1209902690161155,0.0018357140879089805,-0.2195923642351153,123,0.24390243902439024,1.01052793858155,5.270518315351616,0.6814189189189189,0.9,0.9010135135135136,0.8932432432432432,0.8117567567567568,False
USDCAD1440_comma,daily,30,150,long_only,none,0.0025,-0.003176797392072217,-0.7306405879470791,-0.9772686007598386,-0.012260725003493815,-0.2591035514757045,25,0.28,0.8333195476319234,-198.94328764495148,0.85,0.8013513513513514,0.802027027027027,0.7344594594594595,0.8109121621621621,False
USDCAD1440_comma,daily,60,100,long_only,price_slow,0.0,-0.001580305121694603,-0.7819337645121565,-1.0531045606239904,-0.00877413825397221,-0.18010943934912016,80,0.3,0.9311236217555325,-31.29820716450056,0.7577702702702702,0.8361486486486487,0.8587837837837838,0.8466216216216216,0.8108952702702703,False
USDCAD1440_comma,daily,40,400,long_only,none,0.0025,-0.0034044084485085335,-0.7461649438237545,-0.9857464602505651,-0.011822469331068154,-0.2879608610666573,16,0.1875,0.8877925119068765,-181.65209967526994,0.8239864864864865,0.8067567567567567,0.793581081081081,0.8050675675675676,0.8107601351351352,True
USDCAD1440_comma,daily,5,200,long_only,none,0.005,-0.003067373054007949,-0.7430460995211258,-0.9981859978823776,-0.012099617197004633,-0.25350992548485785,49,0.22448979591836735,0.8649284992669104,-98.08564316950374,0.8300675675675676,0.8037162162162163,0.8057432432432432,0.7746621621621622,0.8103040540540541,False
USDCAD1440_comma,daily,40,250,long_only,price_slow,0.005,-0.0030238645846714096,-0.752143534513515,-1.0069825155428769,-0.010930122095241107,-0.276654236642789,43,0.20930232558139536,0.8728108387858524,-110.22244464914594,0.8131756756756757,0.8158783783783784,0.8077702702702703,0.7868243243243244,0.8088175675675677,False
USDCAD1440_comma,daily,100,500,long_only,price_slow,0.0,-0.0028475414602545657,-0.7610074208987131,-0.9966658142595953,-0.009172095795317744,-0.31045701263916203,52,0.15384615384615385,0.8777001644651984,-85.94395533500582,0.7962837837837838,0.8331081081081081,0.8141891891891891,0.7929054054054054,0.8085641891891892,False
USDCAD1440_comma,daily,20,500,long_only,price_slow,0.0025,-0.003071811815357761,-0.7504295364396564,-0.9877921741629175,-0.009861499865476811,-0.31149539697420425,42,0.14285714285714285,0.8599850895206396,-114.59504369013268,0.8162162162162162,0.8233108108108108,0.8050675675675676,0.7675675675675676,0.8084628378378379,False
USDCAD1440_comma,daily,10,150,long_only,price_slow,0.0,-0.0034072907418190024,-0.7343625149491635,-0.9803935715644483,-0.014349875108092928,-0.23744393007973885,65,0.23076923076923078,0.8760153408197031,-81.92713612981346,0.8418918918918918,0.777027027027027,0.7932432432432432,0.7915540540540541,0.8083952702702702,False
USDCAD1440_comma,daily,10,150,long_only,slow_slope,0.0025,-0.0026433783022268287,-0.7550478454146837,-1.0113355183920818,-0.012074753841383106,-0.21891777977016236,64,0.296875,0.8851274033516976,-64.92187640533874,0.808445945945946,0.8040540540540541,0.8189189189189189,0.8013513513513514,0.8083783783783784,False
USDCAD1440_comma,daily,10,500,long_only,price_slow,0.0025,-0.0031045617661933367,-0.748494103633964,-0.9860414757898507,-0.009531373144173327,-0.3257203048535774,45,0.13333333333333333,0.8493766421045239,-108.06921835529384,0.8182432432432433,0.8277027027027027,0.8037162162162163,0.7554054054054054,0.8082770270270272,False
USDCAD1440_comma,daily,75,150,long_only,none,0.001,-0.0033934473426056044,-0.7328853333951656,-0.9711481442754566,-0.012613362326404136,-0.26903590452657844,22,0.4090909090909091,0.8442204368546071,-229.56836442704227,0.8445945945945946,0.7969594594594595,0.7949324324324324,0.745945945945946,0.8079560810810811,False
USDCAD1440_comma,daily,50,75,long_only,slow_slope,0.005,0.0017735937276115443,-0.8689880856268591,-1.1912618915475872,0.01290947769833773,-0.1373869469436334,35,0.42857142857142855,1.1008888417548344,82.3388936653521,0.6195945945945946,0.9432432432432433,0.9253378378378379,0.9280405405405405,0.8079222972972973,False
USDCAD1440_comma,daily,100,150,long_only,slow_slope,0.0,-0.003091074214327527,-0.7512790497460253,-1.001939704303874,-0.01270807701155108,-0.2432369753124629,64,0.34375,0.8996573668419363,-65.27397498033152,0.8152027027027027,0.7949324324324324,0.8047297297297298,0.8141891891891891,0.8078885135135137,False
USDCAD1440_comma,daily,60,250,long_only,none,0.0025,-0.003674782046564795,-0.7281960100506826,-0.9594832476434771,-0.014427639926119278,-0.2547043082155178,13,0.3076923076923077,0.8620626571389748,-265.9895461805115,0.8543918918918919,0.7760135135135136,0.7810810810810811,0.7719594594594594,0.8077702702702702,True
USDCAD1440_comma,daily,40,100,long_only,none,0.005,-0.001530841221920265,-0.7940863802716851,-1.0722439222455238,-0.006976852795264993,-0.21941715940448203,30,0.3,0.9217281547778445,-80.87948946865251,0.7422297297297298,0.8527027027027027,0.8597972972972973,0.8381756756756756,0.8077533783783784,False
USDCAD1440_comma,daily,5,75,long_only,price_slow,0.001,-0.0028848415293588614,-0.7648852252006133,-1.024490635131598,-0.01131770001502452,-0.25489644764653285,104,0.23076923076923078,0.9211365759864378,-43.52272997070697,0.7912162162162162,0.8111486486486487,0.8125,0.8371621621621622,0.807347972972973,False
USDCAD1440_comma,daily,50,300,long_only,price_slow,0.0,-0.0033231204065289344,-0.738749998405278,-0.9845678845101674,-0.013139932950722095,-0.252902386868444,52,0.15384615384615385,0.867329172828694,-99.94192896258694,0.8361486486486487,0.7864864864864864,0.7969594594594595,0.779054054054054,0.8073310810810812,False
USDCAD1440_comma,daily,100,150,long_only,slow_slope,0.001,-0.0025645077557138185,-0.7724953525901631,-1.031566261325326,-0.01101558999993235,-0.23280711752430583,51,0.4117647058823529,0.9390258651327352,-45.76881532428507,0.7783783783783784,0.8141891891891891,0.8219594594594595,0.8523648648648648,0.8071452702702702,False
USDCAD1440_comma,daily,30,75,long_only,price_slow,0.001,-0.0017755874585401177,-0.7931218538853313,-1.0761031497085227,-0.008077172858082035,-0.2198278394851314,84,0.2976190476190476,0.9436592650708898,-33.44227188022086,0.7439189189189189,0.8432432432432433,0.8516891891891892,0.856081081081081,0.8071283783783784,False
USDCAD1440_comma,daily,20,50,long_only,slow_slope,0.001,-0.0015199126995987244,-0.806475154966764,-1.09004402621794,-0.005756319029521927,-0.26404247085744936,106,0.3018867924528302,0.9586970555288226,-22.72887085965869,0.7233108108108108,0.8628378378378379,0.8601351351351352,0.864527027027027,0.8067398648648649,False
USDCAD1440_comma,daily,40,500,long_only,price_slow,0.0025,-0.002922926964452399,-0.759801334985896,-1.0018568887579777,-0.00945491203547553,-0.30914375019940543,39,0.1794871794871795,0.8710583130836356,-117.55935753294965,0.7986486486486486,0.8290540540540541,0.8118243243243243,0.7827702702702702,0.8065033783783784,False
USDCAD1440_comma,daily,5,300,long_only,price_slow,0.0025,-0.0036609395663572686,-0.7314490713508323,-0.9679454335313242,-0.013014535129855247,-0.2812962222491605,45,0.15555555555555556,0.8506091251722353,-126.90811189225929,0.8476351351351351,0.7891891891891892,0.7817567567567567,0.7577702702702702,0.8063682432432433,False
USDCAD1440_comma,daily,100,500,long_short,none,0.0025,-0.005174262063057156,-0.6857555310910332,-0.9157756001945045,-0.01636714235473816,-0.31613716988043716,19,0.3684210526315789,0.8223875376794606,-389.8118272101397,0.9054054054054054,0.7594594594594595,0.7307432432432432,0.720945945945946,0.8063175675675677,True
USDCAD1440_comma,daily,30,200,long_short,none,0.0,-0.006566994226558265,-0.618951691547533,-0.8715671526076165,-0.02491157922650183,-0.26361212056648986,35,0.2857142857142857,0.8453108151147994,-221.42429769700263,0.9611486486486487,0.6831081081081081,0.6935810810810811,0.7486486486486487,0.80625,False
USDCAD1440_comma,daily,5,150,long_only,slow_slope,0.0,-0.0029941921473722877,-0.7530042436163717,-1.007357268796057,-0.012755902220480378,-0.2347299387859002,78,0.28205128205128205,0.8903917390990602,-60.18074292699753,0.8114864864864865,0.7942567567567568,0.8097972972972973,0.8074324324324325,0.8062331081081081,False
USDCAD1440_comma,daily,10,500,long_only,slow_slope,0.005,-0.0024119798760282585,-0.7736031466023275,-1.0233973629423259,-0.008085558914725913,-0.2983071302140182,49,0.1836734693877551,0.8808676010349011,-77.50704336430178,0.7756756756756756,0.8429054054054054,0.8273648648648648,0.7966216216216216,0.805962837837838,False
USDCAD1440_comma,daily,10,100,long_only,none,0.0025,-0.0029746992642613046,-0.7511961334749531,-1.0067243618595083,-0.013650687293132045,-0.21791571372072527,52,0.2692307692307692,0.893621127605349,-89.69649744488326,0.8155405405405406,0.7847972972972973,0.8104729729729729,0.8091216216216216,0.8058783783783785,False
USDCAD1440_comma,daily,60,100,long_only,slow_slope,0.0,-0.0030481986927564098,-0.7597512220647531,-1.0236107360848274,-0.010970406215826197,-0.2778565016452169,65,0.2923076923076923,0.8888151367867404,-73.4898026606372,0.7989864864864865,0.8148648648648649,0.8067567567567567,0.8054054054054054,0.805472972972973,False
USDCAD1440_comma,daily,5,500,long_only,none,0.0025,-0.00344851817003744,-0.745222049815927,-0.9747553124838766,-0.011137475267507123,-0.3096319486426401,43,0.13953488372093023,0.848377498553457,-125.30323119647564,0.8260135135135135,0.8131756756756757,0.7912162162162162,0.754054054054054,0.8050506756756757,False
USDCAD1440_comma,daily,5,150,long_only,price_slow,0.001,-0.003693180536065155,-0.7377862117220714,-0.9847751131962441,-0.0138096865860158,-0.2674340589166597,66,0.22727272727272727,0.8701445629126612,-87.2692829795271,0.8385135135135136,0.7831081081081082,0.7800675675675676,0.7820945945945946,0.8045101351351353,False
USDCAD1440_comma,daily,40,500,long_only,slow_slope,0.005,-0.002339458963349972,-0.7783758771026585,-1.0334770399968645,-0.00825924370947495,-0.283253412254461,40,0.15,0.8873075429249779,-92.14137956879154,0.7672297297297297,0.8418918918918918,0.831418918918919,0.8043918918918919,0.8043074324324325,False
USDCAD1440_comma,daily,50,250,long_only,price_slow,0.001,-0.003476533550787253,-0.7475126012011601,-0.9977175101755361,-0.011987813576563961,-0.2900056401931238,53,0.22641509433962265,0.8665443132451872,-102.46555451222163,0.8202702702702702,0.8050675675675676,0.7898648648648648,0.7780405405405405,0.804054054054054,False
USDCAD1440_comma,daily,40,75,long_only,slow_slope,0.0025,-0.001202825409839181,-0.8107252944950291,-1.0983842989471861,-0.0059570697273376326,-0.20191561705569538,70,0.2714285714285714,0.9518823475664117,-27.302482877166558,0.716554054054054,0.8614864864864865,0.864527027027027,0.860472972972973,0.8039695945945946,False
USDCAD1440_comma,daily,75,250,long_only,slow_slope,0.0025,-0.0027958575083830706,-0.7550007370893136,-0.9932096287332903,-0.011341961040112352,-0.24650565263759494,27,0.2222222222222222,0.8518512454254038,-162.58022944469843,0.8087837837837838,0.8104729729729729,0.8162162162162162,0.7594594594594595,0.8032939189189189,False
USDCAD1440_comma,daily,50,150,long_short,none,0.0,-0.0068784070077667625,-0.6195956921229739,-0.8711468099695219,-0.023812424931174504,-0.28885789782634697,43,0.4186046511627907,0.8249977306639493,-223.37268714591812,0.9608108108108108,0.6935810810810811,0.6837837837837838,0.725,0.8032263513513515,False
USDCAD1440_comma,daily,30,500,long_short,slow_slope,0.0,-0.0054636817020063955,-0.7017333418480212,-0.9439723922469118,-0.01770563209201319,-0.30858439131755144,78,0.1794871794871795,0.8613318340884836,-88.80885710496203,0.8898648648648648,0.7469594594594594,0.7219594594594595,0.7716216216216216,0.802820945945946,False
USDCAD1440_comma,daily,30,400,long_only,combined,0.005,0.0027058919219016264,-0.8843209063600765,-1.2222117871283211,0.01536819283704133,-0.17607092457739892,80,0.275,1.0967459942143507,55.347151960428256,0.5929054054054054,0.9516891891891892,0.9418918918918919,0.9266891891891892,0.8024662162162162,False
USDCAD1440_comma,daily,5,500,long_only,none,0.005,-0.0031165291505301784,-0.7582112418372783,-0.9949219020812436,-0.009572612631862383,-0.3255672479795986,38,0.15789473684210525,0.8510859280218132,-128.4585378315036,0.8023648648648649,0.827027027027027,0.8030405405405405,0.7587837837837837,0.8021283783783785,False
USDCAD1440_comma,daily,60,250,long_only,none,0.005,-0.003268740272272863,-0.757361306066768,-1.0003601158829587,-0.012876361147430685,-0.2538559019001342,15,0.26666666666666666,0.9046403803994854,-198.61340448865187,0.8033783783783783,0.7925675675675675,0.7983108108108108,0.8182432432432433,0.8018918918918919,True
USDCAD1440_comma,daily,5,250,long_only,price_slow,0.001,-0.003916496886336218,-0.7343246531080153,-0.9784261992074441,-0.014025469241983203,-0.2792417721478262,62,0.14516129032258066,0.8559660595185864,-98.35287030972488,0.8422297297297298,0.7807432432432433,0.7712837837837838,0.7638513513513514,0.8009121621621623,False
USDCAD1440_comma,daily,75,200,long_only,slow_slope,0.0,-0.003522561701070681,-0.7443303960551962,-0.9907501461816413,-0.012868694126158155,-0.27373109241211824,57,0.2982456140350877,0.8510600806897113,-99.07421423175273,0.8277027027027027,0.7929054054054054,0.7891891891891892,0.7584459459459459,0.8009121621621623,False
USDCAD1440_comma,daily,10,400,long_only,none,0.001,-0.003639216655616284,-0.7439455433032576,-0.9756308914013258,-0.012023003417588753,-0.30268781678065426,30,0.13333333333333333,0.8424220843724343,-189.26330827163136,0.8290540540540541,0.8043918918918919,0.7824324324324324,0.7442567567567567,0.8008445945945947,False
USDCAD1440_comma,daily,40,250,long_only,price_slow,0.0025,-0.0036415008016381645,-0.748063479843621,-0.998665820073501,-0.012251586765202795,-0.2972268712148233,48,0.20833333333333334,0.860370198010509,-118.36179336715959,0.8192567567567568,0.8016891891891892,0.7820945945945946,0.7695945945945946,0.7999831081081081,False
USDCAD1440_comma,daily,10,50,long_only,slow_slope,0.0025,-0.0013511869055167214,-0.8211576671579681,-1.1140349701438548,-0.005105463302986719,-0.26465510088502076,102,0.29411764705882354,0.9633081578846486,-21.024693429145184,0.6993243243243243,0.8665540540540541,0.8628378378378379,0.8695945945945946,0.799375,False
USDCAD1440_comma,daily,30,75,long_short,none,0.005,-0.005180405202654503,-0.721320541300199,-0.974536929983211,-0.01840703454282739,-0.28143616455987663,72,0.3611111111111111,0.9024627945735519,-95.16417480263229,0.8614864864864865,0.7432432432432432,0.7304054054054054,0.8155405405405406,0.7988175675675676,False
USDCAD1440_comma,daily,20,50,long_short,none,0.001,-0.007507048508579195,-0.6410480366201593,-0.8970942559205665,-0.02507409079280072,-0.2993946448791922,103,0.34951456310679613,0.8828727437047826,-108.60892933883918,0.9405405405405406,0.6810810810810811,0.6608108108108108,0.797972972972973,0.7983445945945946,False
USDCAD1440_comma,daily,50,75,long_only,fast_slope,0.005,0.0021675955372641997,-0.8896840075292238,-1.2363841695540185,0.014939977830743934,-0.1450869313074653,45,0.35555555555555557,1.108874235970775,78.50105463043793,0.5858108108108108,0.95,0.9327702702702703,0.9320945945945946,0.7981925675675675,False
USDCAD1440_comma,daily,20,75,long_short,none,0.001,-0.007137878073766091,-0.6332124224891297,-0.8903608201115334,-0.02733372704692601,-0.2611381192733768,85,0.32941176470588235,0.8845054986907733,-114.83274817100619,0.9489864864864865,0.6550675675675676,0.6733108108108108,0.7996621621621621,0.797972972972973,False
USDCAD1440_comma,daily,10,50,long_only,price_slow,0.005,-0.0007440648392204041,-0.8304019229255337,-1.117833632673202,-0.003934463478338328,-0.18911468954202892,71,0.29577464788732394,0.9778804992129281,-16.708786979697493,0.6800675675675676,0.8729729729729729,0.8777027027027027,0.8777027027027027,0.7974662162162163,False
USDCAD1440_comma,daily,5,500,long_only,slow_slope,0.0,-0.0031487185858248834,-0.7672671617331572,-1.0084778062643873,-0.010383829032453804,-0.30323289953867905,52,0.19230769230769232,0.8699136697451003,-94.82031867576111,0.7868243243243244,0.8189189189189189,0.8023648648648649,0.7817567567567567,0.797195945945946,False
USDCAD1440_comma,daily,20,500,long_only,price_slow,0.001,-0.0035571500122630884,-0.7538939807815029,-0.9931673145145858,-0.011481739493328974,-0.3098093293555244,47,0.1276595744680851,0.8443717293671591,-118.15448427245546,0.8111486486486487,0.8091216216216216,0.7864864864864864,0.7462837837837838,0.7959797297297297,False
USDCAD1440_comma,daily,40,250,long_only,price_slow,0.001,-0.003879503091896108,-0.7481222175778033,-0.9990917727388453,-0.01300978695329571,-0.2981988179993471,51,0.21568627450980393,0.8603593283927924,-118.4695559028539,0.8189189189189189,0.789527027027027,0.772972972972973,0.7692567567567568,0.7949324324324324,False
USDCAD1440_comma,daily,60,300,long_only,none,0.005,-0.003764383353949574,-0.7474808878892756,-0.9792450053077031,-0.014359517347741936,-0.26215249877751157,11,0.36363636363636365,0.8679130907703422,-318.41214475009207,0.8206081081081081,0.7766891891891892,0.777027027027027,0.7797297297297298,0.7947804054054055,True
USDCAD1440_comma,daily,30,50,long_only,fast_slope,0.005,0.0037858886234454214,-0.9084567814086295,-1.277837060411436,0.021086422861959924,-0.1795415300276082,61,0.4426229508196721,1.157271774176239,102.39041280224333,0.5493243243243243,0.9638513513513514,0.9584459459459459,0.9456081081081081,0.7942229729729731,False
USDCAD1440_comma,daily,20,75,long_short,none,0.0025,-0.006874063436461242,-0.661305436529491,-0.9094228874443264,-0.026399466784316608,-0.26038644994697335,87,0.3333333333333333,0.8867269112181563,-109.20642469100113,0.9266891891891892,0.6635135135135135,0.6841216216216216,0.8033783783783783,0.7938851351351351,False
USDCAD1440_comma,daily,10,150,long_only,slow_slope,0.0,-0.0032347866800208624,-0.7567826470573631,-1.0124658490817193,-0.014495430860676155,-0.22315905688573456,71,0.29577464788732394,0.8715678128499598,-71.29825492724454,0.8043918918918919,0.7746621621621622,0.8,0.7841216216216216,0.7930405405405405,False
USDCAD1440_comma,daily,60,400,long_only,none,0.0025,-0.003910696794105495,-0.7585852871206616,-0.9977641943890733,-0.012897409112934499,-0.30321568928007037,12,0.25,0.8783566335737164,-318.64387904348115,0.802027027027027,0.7922297297297297,0.7722972972972973,0.793581081081081,0.7923648648648649,True
USDCAD1440_comma,daily,30,150,long_only,price_slow,0.0025,-0.0032202402748297,-0.7662292972118083,-1.0253470522301493,-0.012644423313140297,-0.25467672151431153,50,0.24,0.8714390710052421,-100.79919829771275,0.7885135135135135,0.7962837837837838,0.8013513513513514,0.7837837837837838,0.7923141891891893,False
USDCAD1440_comma,daily,10,75,long_only,price_slow,0.0,-0.0032242069460529654,-0.7755794841547539,-1.0398359885607824,-0.012612345155459264,-0.2556389716830232,103,0.23300970873786409,0.9112136681768216,-48.9904713398723,0.7722972972972973,0.7972972972972973,0.8003378378378379,0.8266891891891892,0.7923141891891893,False
USDCAD1440_comma,daily,10,200,long_only,price_slow,0.0,-0.004250658005911623,-0.7441593844598462,-0.9951658267186374,-0.013831740455969637,-0.3073118686287294,72,0.16666666666666666,0.8466111688386824,-91.69001005359087,0.8283783783783784,0.7824324324324324,0.7621621621621621,0.7503378378378378,0.7919425675675675,False
USDCAD1440_comma,daily,40,75,long_short,none,0.001,-0.007491101355793339,-0.6493094523577538,-0.9007445470653801,-0.02615746451846954,-0.28638484247981844,76,0.39473684210526316,0.8786985605989782,-118.62519625528547,0.9344594594594594,0.6655405405405406,0.6611486486486486,0.7942567567567568,0.7915371621621621,False
USDCAD1440_comma,daily,50,400,long_only,none,0.0025,-0.003955409059562709,-0.7541438616695799,-0.9945048403025328,-0.012865725856617882,-0.30743769171236635,13,0.15384615384615385,0.8581262937324688,-299.6638523871935,0.8104729729729729,0.7932432432432432,0.7692567567567568,0.7662162162162162,0.7912837837837837,True
USDCAD1440_comma,daily,50,300,long_only,price_slow,0.0025,-0.0035923129952074584,-0.7526503376815384,-1.0009690872832044,-0.014255834613628728,-0.25198896399746173,47,0.1702127659574468,0.8542893127639015,-119.29113489499083,0.8125,0.7793918918918918,0.7851351351351351,0.7618243243243243,0.7911486486486488,False
USDCAD1440_comma,daily,75,150,long_only,slow_slope,0.0,-0.0035665395097774777,-0.7553162417810659,-1.002650474334336,-0.015104857525490158,-0.23611871239161142,68,0.3088235294117647,0.8757108514571085,-78.1553228430594,0.8067567567567567,0.7695945945945946,0.7858108108108108,0.7908783783783784,0.7908952702702703,False
USDCAD1440_comma,daily,10,250,long_only,price_slow,0.0025,-0.0041281046837056135,-0.7454217871081434,-0.9944578530032397,-0.013691511956529685,-0.3015083138233582,59,0.2033898305084746,0.8407114125213543,-108.76621179784176,0.8256756756756757,0.7841216216216216,0.764527027027027,0.7408783783783783,0.7903378378378378,False
USDCAD1440_comma,daily,30,400,long_only,none,0.005,-0.0032360516810547857,-0.7635342349616,-1.010006132169895,-0.011243802525503223,-0.28780758766571757,15,0.13333333333333333,0.832744814008413,-337.60719057548823,0.7929054054054054,0.8121621621621622,0.7996621621621621,0.7337837837837838,0.7902027027027028,True
USDCAD1440_comma,daily,5,150,long_only,none,0.0,-0.004500440339598177,-0.7360805804601873,-0.9821512454307015,-0.01565046707678485,-0.28755949055820285,54,0.2222222222222222,0.8434977722530468,-129.19652104782043,0.8402027027027027,0.7662162162162162,0.7520270270270271,0.7449324324324325,0.7897804054054054,False
USDCAD1440_comma,daily,60,400,long_only,none,0.005,-0.003607214310300755,-0.7735566252996566,-1.0164142328498083,-0.0118710068590928,-0.3038675954885619,11,0.18181818181818182,0.8896245705117278,-294.1528583156855,0.7760135135135136,0.8057432432432432,0.7837837837837838,0.8067567567567567,0.7896114864864865,True
USDCAD1440_comma,daily,5,75,long_only,none,0.0,-0.003925846156893287,-0.7551432543639821,-1.002314633427993,-0.01581230758744718,-0.2482778769121513,74,0.2972972972972973,0.8876009344514662,-82.59470406265368,0.8077702702702703,0.764527027027027,0.7706081081081081,0.8047297297297298,0.7890709459459461,False
USDCAD1440_comma,daily,30,250,long_only,combined,0.0,4.609277939926493e-05,-0.8585980665409846,-1.169518398229779,0.00020874544654821568,-0.2208085501334205,99,0.23232323232323232,1.001378004008269,0.7467374560470108,0.635472972972973,0.8922297297297297,0.8922297297297297,0.8881756756756757,0.788918918918919,False
USDCAD1440_comma,daily,100,400,long_only,price_slow,0.005,-0.0024413396870565096,-0.7986484956329449,-1.052065603082619,-0.009307780431622323,-0.2622902103236432,38,0.15789473684210525,0.887048006960434,-105.06175944407953,0.7375,0.8320945945945946,0.8263513513513514,0.8037162162162163,0.7888513513513514,False
USDCAD1440_comma,daily,75,500,long_only,slow_slope,0.0025,-0.0027304292048948575,-0.7941182817187955,-1.0442643345351112,-0.009338393280500703,-0.2923874721143098,42,0.19047619047619047,0.889128481494623,-102.11994854454909,0.7418918918918919,0.831418918918919,0.816554054054054,0.8060810810810811,0.7888344594594595,False
USDCAD1440_comma,daily,30,300,long_only,price_slow,0.005,-0.0035928173677388653,-0.7562309282746016,-1.0064878081817867,-0.013649856953574065,-0.26321282193350204,35,0.2,0.849172262920727,-160.21284055249103,0.8054054054054054,0.7851351351351351,0.7847972972972973,0.7550675675675675,0.7886655405405405,False
USDCAD1440_comma,daily,30,75,long_only,slow_slope,0.0025,-0.0021776216938165227,-0.8055928349936881,-1.0924524946412917,-0.010102702940301578,-0.2155484236925923,75,0.29333333333333333,0.9220089533409739,-45.79800309584415,0.725,0.8216216216216217,0.8371621621621622,0.8385135135135136,0.788614864864865,False
USDCAD1440_comma,daily,75,400,long_only,price_slow,0.0,-0.003049951670053286,-0.7797956663666108,-1.0234516220330614,-0.010935784791169724,-0.27889646040913485,43,0.16279069767441862,0.8686048628035181,-114.58573479738055,0.7631756756756757,0.8155405405405406,0.8064189189189189,0.7807432432432433,0.7875506756756758,False
USDCAD1440_comma,daily,20,100,long_only,slow_slope,0.0,-0.0035513524596454404,-0.7674045275640556,-1.0319097317132293,-0.012999074876858656,-0.2732004002813819,82,0.2073170731707317,0.8722849956013097,-67.61524276047912,0.7861486486486486,0.7902027027027027,0.7875,0.7861486486486486,0.7874324324324324,False
USDCAD1440_comma,daily,20,200,long_only,slow_slope,0.005,-0.0034700702114648374,-0.7692028246405545,-1.0333538320598328,-0.012940195012740055,-0.2681621264631976,48,0.22916666666666666,0.8599931151620568,-112.93416040940947,0.7841216216216216,0.7918918918918919,0.7905405405405406,0.7679054054054054,0.7849155405405406,False
USDCAD1440_comma,daily,50,250,long_only,price_slow,0.0025,-0.0036913029456957513,-0.7618382959799698,-1.0144034353597509,-0.013120098641155558,-0.28134719461001234,47,0.2127659574468085,0.8534362601153916,-122.48776884381566,0.7949324324324324,0.7868243243243244,0.7804054054054054,0.7608108108108108,0.7848817567567569,False
USDCAD1440_comma,daily,30,250,long_only,fast_slope,0.001,-0.0009975855571038306,-0.8494057100064568,-1.158501995776631,-0.00455852340644034,-0.21883962593993245,105,0.24761904761904763,0.9728688693688404,-15.119139458121087,0.654054054054054,0.8706081081081081,0.8706081081081081,0.8763513513513513,0.7848479729729729,False
USDCAD1440_comma,daily,40,75,long_only,price_slow,0.005,0.00048051997059594953,-0.878172895569811,-1.2064958636042242,0.002681204058366119,-0.1792179782424954,50,0.34,1.0209673169582907,15.464308598083472,0.6047297297297297,0.9060810810810811,0.9030405405405405,0.8986486486486487,0.7838175675675676,False
USDCAD1440_comma,daily,20,150,long_only,slow_slope,0.005,-0.0029995505985958015,-0.7793444710746903,-1.0541717036781497,-0.013017398204313121,-0.2304262765505587,59,0.3220338983050847,0.8764705747217892,-79.70017331563848,0.7641891891891892,0.7888513513513513,0.8094594594594594,0.7922297297297297,0.7836148648648649,False
USDCAD1440_comma,daily,30,50,long_only,price_slow,0.005,0.003137270014243354,-0.9149853344441936,-1.2789991260575637,0.01729536505625943,-0.18139368576715487,60,0.35,1.1243409166689846,85.84029267752412,0.535472972972973,0.956418918918919,0.9483108108108108,0.9368243243243243,0.7834797297297298,False
USDCAD1440_comma,daily,40,400,long_only,price_slow,0.001,-0.0034834000109815744,-0.7682034055410258,-1.0170541670672177,-0.012412028963261853,-0.2806471062299346,45,0.1111111111111111,0.836364821960462,-124.17245300509872,0.785472972972973,0.8003378378378379,0.789527027027027,0.7371621621621621,0.7827533783783786,False
USDCAD1440_comma,daily,40,50,long_short,none,0.001,-0.007272493248070444,-0.692488553080681,-0.9367361609543534,-0.025459753141077093,-0.28564665210115137,128,0.34375,0.8933761329023596,-83.07285002634478,0.8966216216216216,0.6736486486486486,0.6682432432432432,0.8087837837837838,0.7820270270270271,False
USDCAD1440_comma,daily,5,100,long_only,none,0.0025,-0.003921204027438896,-0.7595440121121614,-1.0186975259736961,-0.016161558771543745,-0.2426253607630413,67,0.26865671641791045,0.8712232988030222,-91.1192896601801,0.7993243243243243,0.7614864864864865,0.7709459459459459,0.783445945945946,0.7818074324324324,False
USDCAD1440_comma,daily,10,50,long_only,slow_slope,0.001,-0.002475901141638537,-0.8199818385631581,-1.108070873917211,-0.009350001419311802,-0.26480222094134964,109,0.27522935779816515,0.936221732697904,-35.74889718044858,0.7013513513513514,0.831081081081081,0.8246621621621621,0.85,0.7807432432432433,False
USDCAD1440_comma,daily,50,500,long_only,price_slow,0.0025,-0.0035346644279592443,-0.7783683117915277,-1.0269870616551948,-0.01133123658526604,-0.311939866523955,39,0.1794871794871795,0.8452061692774708,-141.51497177807227,0.7675675675675676,0.8108108108108109,0.7885135135135135,0.7483108108108109,0.779679054054054,False
USDCAD1440_comma,daily,10,150,long_only,none,0.0,-0.0046226323006632875,-0.7378548196678381,-0.9843542484092631,-0.017420840763082136,-0.2653507005505422,41,0.2682926829268293,0.8165280237565806,-174.62223827091833,0.8375,0.7493243243243243,0.7489864864864865,0.7141891891891892,0.7792567567567568,False
USDCAD1440_comma,daily,60,400,long_only,price_slow,0.001,-0.003373092767257946,-0.7796697182280026,-1.027943876816698,-0.012012019756221357,-0.28080979183462695,42,0.11904761904761904,0.8485123380110658,-129.04909468855186,0.7635135135135135,0.8047297297297298,0.7956081081081081,0.7543918918918919,0.7788682432432432,False
USDCAD1440_comma,daily,5,150,long_only,none,0.005,-0.0038742770268567206,-0.7656050955181278,-1.0231604134406225,-0.014330466100317001,-0.2703524784006166,58,0.20689655172413793,0.8504013231696019,-104.03523430187968,0.7902027027027027,0.7780405405405405,0.7733108108108108,0.7574324324324324,0.7788682432432431,False
USDCAD1440_comma,daily,50,75,long_only,fast_slope,0.0,-0.002363026911975208,-0.8231398553708742,-1.1225563911973582,-0.00939288915806292,-0.25157615215194673,106,0.32075471698113206,0.9379582134752763,-35.11441770756827,0.6935810810810811,0.8304054054054054,0.8307432432432432,0.8506756756756757,0.7787837837837838,False
USDCAD1440_comma,daily,60,250,long_only,price_slow,0.0,-0.003930072609316104,-0.7607484240641292,-1.0089178439317112,-0.015063393205257588,-0.26090221212205944,52,0.21153846153846154,0.8470626721187116,-117.66144519260274,0.7966216216216216,0.7709459459459459,0.7702702702702703,0.7513513513513513,0.7781418918918919,False
USDCAD1440_comma,daily,30,50,long_only,slow_slope,0.005,0.0021273962888550546,-0.908247519737755,-1.2770887551215384,0.010310868732519617,-0.20632561077471823,54,0.3888888888888889,1.087075279946828,64.18486782194098,0.5503378378378379,0.9327702702702703,0.9314189189189189,0.9222972972972973,0.7779560810810812,False
USDCAD1440_comma,daily,5,250,long_only,price_slow,0.005,-0.004171979696634964,-0.7581348086008762,-1.012581916057579,-0.014600398669773057,-0.2857442314415797,53,0.22641509433962265,0.832067762102498,-122.32620537376549,0.8027027027027027,0.7739864864864865,0.7635135135135135,0.7324324324324324,0.7771452702702704,False
USDCAD1440_comma,daily,100,500,long_short,none,0.0,-0.007554635625379169,-0.678872380981063,-0.9178152239665339,-0.021357036840401775,-0.35373051429530844,20,0.2,0.7964229383064234,-479.409668983528,0.9118243243243244,0.7131756756756756,0.6594594594594595,0.6810810810810811,0.7770777027027027,False
USDCAD1440_comma,daily,5,100,long_only,price_slow,0.0025,-0.0038715027675534364,-0.7673181522411894,-1.0284506356629206,-0.01637785462216229,-0.2363864411346387,78,0.24358974358974358,0.8724184676244218,-77.30573872243708,0.7864864864864864,0.7591216216216217,0.7736486486486487,0.7864864864864864,0.7770777027027027,False
USDCAD1440_comma,daily,50,300,long_only,price_slow,0.001,-0.004116923526964911,-0.7567884472730645,-1.0077543900075934,-0.01584815639165236,-0.25977302502727717,50,0.18,0.841080605247289,-128.00717975682153,0.8040540540540541,0.7635135135135135,0.7655405405405405,0.7415540540540541,0.7768412162162164,False
USDCAD1440_comma,daily,20,250,long_short,none,0.0,-0.007959115633505154,-0.6432006132556122,-0.8999203242441131,-0.02538432374101062,-0.3135445212056801,34,0.29411764705882354,0.8024003790831168,-274.5929410302484,0.9388513513513513,0.6746621621621621,0.6456081081081081,0.6885135135135135,0.7766047297297297,False
USDCAD1440_comma,daily,20,150,long_only,none,0.005,-0.003811060965247637,-0.7697913233067495,-1.0383945296469026,-0.01405017553029341,-0.2712465020120678,32,0.375,0.8472342493855622,-185.57462220612393,0.7824324324324324,0.7804054054054054,0.7756756756756756,0.7516891891891891,0.7759628378378378,False
USDCAD1440_comma,daily,100,250,long_only,slow_slope,0.005,-0.003034357120001885,-0.7933347421687552,-1.0503175387367747,-0.010852989148247257,-0.27958722510027845,26,0.3076923076923077,0.8481000628202217,-182.90915375851498,0.7429054054054054,0.8168918918918919,0.8070945945945946,0.7537162162162162,0.7758614864864865,False
USDCAD1440_comma,daily,60,75,long_only,fast_slope,0.0,-0.002594168281114806,-0.8058192537783784,-1.0896081315693549,-0.013117917300426725,-0.1977576334492075,95,0.35789473684210527,0.9186284095906336,-42.938426065264274,0.7236486486486486,0.7871621621621622,0.8216216216216217,0.8331081081081081,0.7755405405405404,False
USDCAD1440_comma,daily,20,500,long_only,slow_slope,0.005,-0.003240047600392537,-0.793129662684034,-1.0515270883068855,-0.010818565016329149,-0.2994895899319482,44,0.1590909090909091,0.8507279250218803,-115.23203882440679,0.7435810810810811,0.8172297297297297,0.7993243243243243,0.7581081081081081,0.7753209459459459,False
USDCAD1440_comma,daily,40,200,long_only,price_slow,0.005,-0.003601776789196154,-0.7792376858742766,-1.0475036704792282,-0.012996390153453363,-0.2771367084758609,48,0.1875,0.8546065544187016,-117.10534785438956,0.7648648648648648,0.7905405405405406,0.7841216216216216,0.7625,0.7747804054054054,False
USDCAD1440_comma,daily,10,300,long_only,slow_slope,0.005,-0.003137032262517825,-0.7792437719000714,-1.0316366975509685,-0.014600357342625898,-0.21485996465026413,46,0.1956521739130435,0.8564844081046435,-106.79968883693462,0.764527027027027,0.7743243243243243,0.8027027027027027,0.764527027027027,0.7746114864864866,False
USDCAD1440_comma,daily,5,250,long_only,price_slow,0.0,-0.00503701472956497,-0.7469047010714245,-0.9912786218196054,-0.01697943309945741,-0.29665388120207214,72,0.1388888888888889,0.8319556924893139,-108.01751499211643,0.8219594594594595,0.7533783783783784,0.7378378378378379,0.7320945945945946,0.7745101351351352,False
USDCAD1440_comma,daily,50,75,long_only,price_slow,0.0,-0.002082058048893498,-0.8278356411866141,-1.1243750987549994,-0.009953500928797583,-0.20917846532466422,94,0.30851063829787234,0.9297504310973471,-34.96238768137651,0.6858108108108109,0.8222972972972973,0.8388513513513514,0.8449324324324324,0.7744087837837839,False
USDCAD1440_comma,daily,75,500,long_only,slow_slope,0.005,-0.002905355092595263,-0.8123860725011647,-1.0680057425725404,-0.00945690936823754,-0.30722035915384127,38,0.23684210526315788,0.873999066727337,-119.94344626796929,0.7148648648648649,0.8287162162162162,0.8121621621621622,0.789527027027027,0.7739864864864865,False
USDCAD1440_comma,daily,20,500,long_only,price_slow,0.005,-0.003707507049040659,-0.7785478753247678,-1.0263679924109559,-0.011631580897049097,-0.3187448964896289,36,0.1388888888888889,0.831175799535344,-160.59715317602434,0.7658783783783784,0.8081081081081081,0.779054054054054,0.731418918918919,0.773902027027027,False
USDCAD1440_comma,daily,30,150,long_only,price_slow,0.005,-0.0032206674655905765,-0.7881914898350124,-1.0601223710308707,-0.013042535938984868,-0.24693567881717093,47,0.2978723404255319,0.8659985081376358,-107.24707270113397,0.7503378378378378,0.7881756756756757,0.8010135135135135,0.7766891891891892,0.7738851351351352,False
USDCAD1440_comma,daily,20,200,long_short,none,0.001,-0.007907235742449226,-0.6466772914033259,-0.904176186595032,-0.027478504971099788,-0.28776076976406006,45,0.26666666666666666,0.815368795763724,-234.628807521463,0.9358108108108109,0.6533783783783784,0.6472972972972973,0.7111486486486487,0.7738006756756758,False
USDCAD1440_comma,daily,30,100,long_only,fast_slope,0.005,-0.0002294975341065042,-0.8792133226949279,-1.207343204012204,-0.0011934063378049458,-0.19230460475735633,84,0.30952380952380953,0.9923287113488573,-4.372899354262247,0.6027027027027027,0.8864864864864865,0.8861486486486486,0.885472972972973,0.7727533783783784,False
USDCAD1440_comma,daily,60,200,long_only,none,0.005,-0.0037301727739097457,-0.7815436667100714,-1.0344041594325393,-0.013837168590510618,-0.2695763045387666,16,0.375,0.8732395914560719,-221.83255225319368,0.7584459459459459,0.7820945945945946,0.7780405405405405,0.7881756756756757,0.7727364864864865,True
USDCAD1440_comma,daily,5,500,long_only,price_slow,0.005,-0.0039606636972427944,-0.7749978216813965,-1.0168141999158693,-0.01183468954130952,-0.33466561868124367,39,0.15384615384615385,0.8170610903383206,-158.0669873617158,0.7736486486486487,0.8060810810810811,0.768918918918919,0.7162162162162162,0.772195945945946,False
USDCAD1440_comma,daily,30,150,long_only,fast_slope,0.0,-0.001795131046455234,-0.8525361241413594,-1.1612593946370136,-0.006937517577944095,-0.25875697269039766,109,0.30275229357798167,0.9540829053776452,-26.05187959829919,0.6486486486486487,0.8530405405405406,0.8506756756756757,0.8618243243243243,0.7721283783783784,False
USDCAD1440_comma,daily,10,250,long_only,none,0.005,-0.004474380414352996,-0.7592224159454048,-1.0142730195596639,-0.014409140977591717,-0.3105237447056213,34,0.14705882352941177,0.8145202745479259,-204.04592291098945,0.8,0.7763513513513514,0.7527027027027027,0.7091216216216216,0.7709966216216217,False
USDCAD1440_comma,daily,50,75,long_only,price_slow,0.001,-0.0017154076277158259,-0.8440691337611779,-1.1470235302494955,-0.009682184550193797,-0.1771715483032691,85,0.3176470588235294,0.9401807265234742,-31.94311177049321,0.6635135135135135,0.8260135135135135,0.8550675675675675,0.8530405405405406,0.7708783783783784,False
USDCAD1440_comma,daily,5,500,long_only,slow_slope,0.001,-0.0038705411644390786,-0.7844299134307636,-1.0304726389408372,-0.012131491996511576,-0.31904906383749476,55,0.18181818181818182,0.8477192686965506,-109.6071488840196,0.7550675675675675,0.8027027027027027,0.7739864864864865,0.7530405405405406,0.7704560810810811,False
USDCAD1440_comma,daily,50,250,long_short,none,0.0,-0.007306094192256696,-0.634747350401608,-0.8854934251292023,-0.030786367533432897,-0.23731588938911152,25,0.32,0.8069740292668091,-290.4665286831477,0.9462837837837837,0.6172297297297298,0.6658783783783784,0.6952702702702702,0.7702871621621622,False
USDCAD1440_comma,daily,5,500,long_only,slow_slope,0.0025,-0.0037123014331733595,-0.7890727239390205,-1.0356048980672057,-0.011829283264235924,-0.3138230229380803,60,0.21666666666666667,0.8502839258549554,-96.47944512765046,0.7483108108108109,0.8064189189189189,0.7787162162162162,0.7567567567567568,0.7701858108108108,False
USDCAD1440_comma,daily,20,50,long_only,slow_slope,0.0,-0.0028816658781817273,-0.8235621959707152,-1.1086413689216028,-0.011027326114303834,-0.26132045505064394,112,0.2857142857142857,0.925382935749542,-40.37043410506409,0.6922297297297297,0.8138513513513513,0.8128378378378378,0.8418918918918918,0.769206081081081,False
USDCAD1440_comma,daily,60,150,long_only,none,0.0025,-0.004462532222837989,-0.7618902006952883,-1.01436008522614,-0.01586140736761277,-0.2813452879313839,21,0.42857142857142855,0.8277605150010031,-232.7665574379072,0.7945945945945946,0.7631756756756757,0.7533783783783784,0.7280405405405406,0.7685135135135135,False
USDCAD1440_comma,daily,30,150,long_only,price_slow,0.001,-0.004080840965985266,-0.7732770968249723,-1.0349273560765142,-0.015718418667003672,-0.2596215975944085,57,0.21052631578947367,0.84755034752894,-111.33282844171697,0.7766891891891892,0.7655405405405405,0.7662162162162162,0.7520270270270271,0.768108108108108,False
USDCAD1440_comma,daily,5,400,long_only,price_slow,0.0,-0.00456498985446574,-0.7659145007678071,-1.0032792129114954,-0.01496224365562507,-0.3051006225760484,60,0.13333333333333333,0.8270334959012072,-117.88788888793235,0.789527027027027,0.7716216216216216,0.75,0.7266891891891892,0.7677195945945946,False
USDCAD1440_comma,daily,30,500,long_only,combined,0.001,0.0004441893902256133,-0.8996303258476254,-1.2266357343719858,0.002097061528051718,-0.21181514432639892,108,0.2222222222222222,1.013073152951535,6.616294024560594,0.5668918918918919,0.9033783783783784,0.9016891891891892,0.8949324324324325,0.7671790540540541,False
USDCAD1440_comma,daily,50,250,long_only,none,0.005,-0.004473664244384445,-0.7657385736348461,-1.0166172959039217,-0.01717888869914793,-0.2604163937918952,15,0.26666666666666666,0.8467007914184308,-300.09672752230875,0.7898648648648648,0.7520270270270271,0.7530405405405406,0.7506756756756757,0.767162162162162,True
USDCAD1440_comma,daily,30,150,long_only,combined,0.0,-0.0011241491295659323,-0.8716699648665658,-1.1935696971096366,-0.005371201039578341,-0.20929194816624885,110,0.3,0.9676839039314893,-16.247446444616678,0.6155405405405405,0.8652027027027027,0.8665540540540541,0.8729729729729729,0.7667736486486487,False
USDCAD1440_comma,daily,50,400,long_only,price_slow,0.0,-0.0038588871991028784,-0.7784758305734917,-1.02941234462831,-0.013408667774740276,-0.28779049969247406,46,0.10869565217391304,0.8230783145271022,-133.83739959796355,0.7665540540540541,0.7861486486486486,0.7743243243243243,0.7219594594594595,0.7663175675675676,False
USDCAD1440_comma,daily,100,150,long_only,price_slow,0.0,-0.003382038102787366,-0.8021223974024111,-1.0794689537298245,-0.013564161898504557,-0.24933631197370432,66,0.2878787878787879,0.8744527846171667,-80.10293245048594,0.7304054054054054,0.785472972972973,0.7952702702702703,0.7902027027027027,0.7661148648648649,False
USDCAD1440_comma,daily,50,500,long_only,price_slow,0.005,-0.003700091868245714,-0.7948291941404666,-1.0476314902805863,-0.011822430534730368,-0.31297218092134904,35,0.17142857142857143,0.8409832635839823,-164.86439033697522,0.7405405405405405,0.8070945945945946,0.7797297297297298,0.7412162162162163,0.7651182432432433,False
USDCAD1440_comma,daily,40,200,long_only,slow_slope,0.005,-0.003890408617512109,-0.7784187983794674,-1.0417561031150415,-0.014282457795339787,-0.2723906958633904,49,0.22448979591836735,0.8250778133766069,-123.64160346764406,0.7668918918918919,0.779054054054054,0.7726351351351352,0.7256756756756757,0.7648986486486488,False
USDCAD1440_comma,daily,10,500,long_only,price_slow,0.005,-0.004071929877746183,-0.7778237725650508,-1.0237644438951607,-0.012400211695587209,-0.3283758356476476,37,0.16216216216216217,0.8041551218793873,-171.14959045781208,0.7692567567567568,0.8006756756756757,0.7665540540540541,0.6912162162162162,0.7648648648648649,False
USDCAD1440_comma,daily,100,500,long_only,price_slow,0.005,-0.0032682736146233404,-0.8129220538966637,-1.066230992576883,-0.011007923934488796,-0.2969019075780085,39,0.20512820512820512,0.8608786991843833,-131.11028028774143,0.7141891891891892,0.8145270270270271,0.7986486486486486,0.7709459459459459,0.7646790540540541,False
USDCAD1440_comma,daily,60,300,long_only,price_slow,0.0,-0.004421006377190895,-0.7631665897987474,-1.0125068852845267,-0.017934454497157422,-0.24650910781209523,55,0.18181818181818182,0.832692606217142,-124.68240876955052,0.7932432432432432,0.7456081081081081,0.7547297297297297,0.7331081081081081,0.7646114864864866,False
USDCAD1440_comma,daily,75,400,long_only,price_slow,0.0025,-0.0033951574840050958,-0.7997732489746004,-1.0518420032711622,-0.012547623132160806,-0.27058172278883397,35,0.11428571428571428,0.8445854384166936,-155.81797018511057,0.7351351351351352,0.797972972972973,0.7945945945945946,0.7469594594594594,0.7645101351351351,False
USDCAD1440_comma,daily,60,500,long_only,fast_slope,0.0,-0.0018224225202359001,-0.8589195508498516,-1.1639624539261675,-0.007719960120084473,-0.236066312764315,98,0.29591836734693877,0.9417770166433965,-29.410581180721664,0.6347972972972973,0.8469594594594595,0.85,0.8540540540540541,0.763766891891892,False
USDCAD1440_comma,daily,30,100,long_only,slow_slope,0.0025,-0.0035564538458826567,-0.7968744312658173,-1.0774649619531667,-0.014430976312880454,-0.24644582381500568,69,0.2463768115942029,0.8661956080239877,-80.46670724344419,0.7391891891891892,0.7756756756756756,0.7871621621621622,0.7777027027027027,0.7636824324324325,False
USDCAD1440_comma,daily,100,200,long_only,price_slow,0.0,-0.004198456202704315,-0.787013654857459,-1.0565208103327959,-0.013751052870800685,-0.3053188902807157,63,0.20634920634920634,0.8546426719444439,-103.54198931547077,0.7513513513513513,0.783445945945946,0.7628378378378379,0.7628378378378379,0.7633952702702703,False
USDCAD1440_comma,daily,60,150,long_short,none,0.0,-0.008396052546735033,-0.641381253502917,-0.8977013070301555,-0.02772300723949452,-0.30285504289642573,43,0.27906976744186046,0.7706723350065202,-279.29649149739413,0.9402027027027027,0.6506756756756756,0.6317567567567568,0.6398648648648648,0.761081081081081,False
USDCAD1440_comma,daily,20,300,long_only,slow_slope,0.0025,-0.0038009914430126024,-0.775263859190856,-1.0242498771883324,-0.016858935807854445,-0.22545856312245705,46,0.2608695652173913,0.8213470134227603,-128.763972580095,0.7733108108108108,0.7543918918918919,0.7760135135135136,0.7195945945945946,0.7610641891891893,False
USDCAD1440_comma,daily,30,500,long_only,fast_slope,0.001,-0.000754014454984131,-0.8898471298019028,-1.2088009523616008,-0.0031296909725938037,-0.24092297341396107,103,0.23300970873786409,0.9793421981718534,-11.670850357601436,0.585472972972973,0.8780405405405406,0.8770270270270271,0.8787162162162162,0.7609121621621622,False
USDCAD1440_comma,daily,75,400,long_only,none,0.005,-0.004293592315895767,-0.7857445125531077,-1.0314726118772803,-0.014312731022079696,-0.299984140641797,11,0.2727272727272727,0.8460867555254757,-486.4070006355371,0.7533783783783784,0.7787162162162162,0.7601351351351351,0.75,0.7605574324324325,True
USDCAD1440_comma,daily,30,400,long_short,combined,0.001,-0.0017614825785570165,-0.8687122948803994,-1.189205201195637,-0.007998680636093275,-0.22022164138026668,141,0.2553191489361702,0.9657982168651786,-16.956615329647192,0.6202702702702703,0.8442567567567567,0.8530405405405406,0.8716216216216216,0.7605236486486487,False
USDCAD1440_comma,daily,75,400,long_only,slow_slope,0.001,-0.0035293181541057317,-0.8085168581427143,-1.063578697221003,-0.012990978041240346,-0.27167455313231836,56,0.23214285714285715,0.8627795259846671,-104.70444992266552,0.7199324324324324,0.7908783783783784,0.7888513513513513,0.7726351351351352,0.7593581081081081,False
USDCAD1440_comma,daily,5,400,long_only,none,0.001,-0.00481890370803284,-0.7674371273349696,-0.9995129825237029,-0.0151358750621837,-0.31837628734612466,41,0.14634146341463414,0.8049666415883467,-181.77047661952437,0.7858108108108108,0.7692567567567568,0.7439189189189189,0.6922297297297297,0.7592567567567567,False
USDCAD1440_comma,daily,10,400,long_only,slow_slope,0.0025,-0.0035425437679216243,-0.8094241037824448,-1.0695744546484898,-0.012519388366624083,-0.28296460371545207,56,0.23214285714285715,0.8503168107560133,-98.76895331768277,0.7185810810810811,0.7986486486486486,0.7881756756756757,0.7570945945945946,0.758293918918919,False
USDCAD1440_comma,daily,100,500,long_short,slow_slope,0.005,-0.005401572588755399,-0.7662146029376031,-1.0119536126457587,-0.016946748043231232,-0.31873800064625746,54,0.18518518518518517,0.8306199612875156,-137.37213211548578,0.7888513513513513,0.754054054054054,0.7226351351351351,0.731081081081081,0.7582432432432432,False
USDCAD1440_comma,daily,20,50,long_short,none,0.0025,-0.008487024233083784,-0.7040549021265293,-0.9568288475188793,-0.027993149768248148,-0.3031821821891004,107,0.34579439252336447,0.8656612051094529,-121.84987929399031,0.8851351351351351,0.6476351351351352,0.6277027027027027,0.7760135135135136,0.7579054054054054,False
USDCAD1440_comma,daily,5,50,long_only,slow_slope,0.001,-0.003102592869713039,-0.8369730781615774,-1.1317641277751107,-0.011227049773728596,-0.2763497919972828,123,0.25203252032520324,0.9248207958992689,-39.51302583620375,0.668918918918919,0.8125,0.8040540540540541,0.8412162162162162,0.7576858108108109,False
USDCAD1440_comma,daily,60,500,long_only,fast_slope,0.0025,-0.0011938643646721703,-0.8837417099265179,-1.1957007878205617,-0.0052040321695773365,-0.22941141133820742,83,0.30120481927710846,0.9599120347387042,-22.856181400727305,0.5942567567567567,0.8655405405405405,0.8648648648648649,0.8662162162162163,0.7569932432432432,False
USDCAD1440_comma,daily,20,100,long_only,price_slow,0.001,-0.0041691155251474266,-0.7872592726055757,-1.0567883714456305,-0.0172457865747632,-0.2417469047917098,83,0.26506024096385544,0.8601121391600868,-78.05995597188851,0.7510135135135135,0.7513513513513513,0.7638513513513514,0.768581081081081,0.7563006756756757,False
USDCAD1440_comma,daily,75,400,long_only,combined,0.001,-0.0006847559413396542,-0.8955918898586124,-1.2031878012958412,-0.003192071693087269,-0.21451771989412316,85,0.29411764705882354,0.9716445151911952,-12.849988117866285,0.5746621621621621,0.8773648648648649,0.8787162162162162,0.8753378378378378,0.7562499999999999,False
USDCAD1440_comma,daily,5,300,long_only,price_slow,0.005,-0.0048469545269757,-0.7668199459257462,-1.0160948412912187,-0.016548400801039295,-0.29289564503847976,45,0.15555555555555556,0.8038805436864367,-166.54233030600386,0.7875,0.7567567567567568,0.7425675675675676,0.6902027027027027,0.7562331081081081,False
USDCAD1440_comma,daily,20,75,long_only,slow_slope,0.0025,-0.003027098526442229,-0.824942699415892,-1.124499733562662,-0.01370828958141091,-0.2208224817884733,87,0.28735632183908044,0.9026523856335218,-54.534704253641436,0.6908783783783784,0.7837837837837838,0.8074324324324325,0.8158783783783784,0.7561655405405406,False
USDCAD1440_comma,daily,30,500,long_only,price_slow,0.0025,-0.004531028650339053,-0.7818107772341573,-1.0321206912334708,-0.013952027291514305,-0.32475772557403526,45,0.13333333333333333,0.8163719548207505,-156.05397936908088,0.7581081081081081,0.7814189189189189,0.7503378378378378,0.7131756756756756,0.7556418918918919,False
USDCAD1440_comma,daily,10,300,long_only,slow_slope,0.0025,-0.0037802447250819826,-0.7814197689334836,-1.0326527185093597,-0.01696624392468123,-0.22280975929992164,52,0.21153846153846154,0.8230467247831772,-113.30240534609395,0.7587837837837837,0.7537162162162162,0.7766891891891892,0.7216216216216216,0.7555236486486486,False
USDCAD1440_comma,daily,5,400,long_only,slow_slope,0.0025,-0.0036169444034265252,-0.8129677244042068,-1.0711861467809907,-0.012540338645748075,-0.2884247790750759,61,0.22950819672131148,0.8499937189726524,-92.5260423512681,0.7135135135135136,0.7983108108108108,0.7831081081081082,0.7557432432432433,0.7549662162162163,False
USDCAD1440_comma,daily,5,50,long_only,slow_slope,0.0,-0.0034143986596455456,-0.8321896975127,-1.1245718862857068,-0.012486691447755367,-0.27344302323249325,135,0.2518518518518518,0.9206115367485136,-39.52658911607686,0.6766891891891892,0.7996621621621621,0.7925675675675675,0.8358108108108108,0.7544763513513514,False
USDCAD1440_comma,daily,20,50,long_short,none,0.0,-0.009745443300876677,-0.6515031961303036,-0.9200472467849871,-0.03275805659442099,-0.2974976025450917,102,0.3333333333333333,0.8521392708855554,-140.23677340873786,0.9324324324324325,0.5976351351351351,0.5902027027027027,0.7601351351351351,0.7544425675675677,False
USDCAD1440_comma,daily,10,100,long_only,price_slow,0.0,-0.004687371394454409,-0.7757285962136892,-1.0385025393391003,-0.020044444046655573,-0.2338489101291138,89,0.2247191011235955,0.8537191665529061,-81.53121323720164,0.7719594594594594,0.727027027027027,0.7479729729729729,0.7611486486486486,0.7543074324324324,False
USDCAD1440_comma,daily,20,500,long_short,slow_slope,0.0,-0.0072974480011862575,-0.7340939563029037,-0.9831068270198555,-0.02180814130552832,-0.33462035571717286,84,0.20238095238095238,0.8139583281698163,-116.42300992811677,0.8425675675675676,0.7108108108108108,0.6665540540540541,0.7077702702702703,0.7542060810810811,False
USDCAD1440_comma,daily,20,500,long_short,none,0.0,-0.008307875491226469,-0.6898099790740069,-0.9483526126348255,-0.02459238269976773,-0.33782312160037,44,0.20454545454545456,0.7708514126613207,-249.52249198810176,0.8989864864864865,0.6858108108108109,0.6351351351351351,0.6402027027027027,0.7541047297297299,False
USDCAD1440_comma,daily,30,300,long_only,fast_slope,0.001,-0.0018791572784532251,-0.8751011604678001,-1.1945119988839896,-0.007938908204814646,-0.23670223032854665,105,0.24761904761904763,0.949254170093758,-28.292405037928265,0.6094594594594595,0.8452702702702702,0.8469594594594595,0.8594594594594595,0.7534121621621622,False
USDCAD1440_comma,daily,40,250,long_only,price_slow,0.0,-0.005251342589125851,-0.7693266316586839,-1.0267304915735607,-0.017527259693635736,-0.2996100178188521,55,0.18181818181818182,0.8167451388532733,-147.18655579151024,0.783445945945946,0.7489864864864865,0.727027027027027,0.7155405405405405,0.7533614864864864,False
USDCAD1440_comma,daily,10,400,long_only,price_slow,0.0,-0.0048549836019684545,-0.7758836601078734,-1.0183426120259818,-0.015802121104828423,-0.3072361975814113,57,0.08771929824561403,0.8093288464713722,-131.69071113893762,0.7716216216216216,0.7648648648648648,0.7422297297297298,0.6986486486486486,0.7531081081081081,False
USDCAD1440_comma,daily,100,500,long_short,slow_slope,0.0,-0.006914095306613133,-0.7476590695244038,-0.9908412182992957,-0.020058285133439675,-0.34470022041348236,74,0.1891891891891892,0.8135238916308223,-127.4342396014668,0.8199324324324324,0.7266891891891892,0.6817567567567567,0.706418918918919,0.7519594594594595,False
USDCAD1440_comma,daily,30,250,long_only,price_slow,0.005,-0.004895816695511757,-0.7764861308998832,-1.035674167599398,-0.016236376605250777,-0.30153382214160207,42,0.23809523809523808,0.810605072132588,-180.17146043739348,0.7706081081081081,0.760472972972973,0.7412162162162163,0.7013513513513514,0.7518074324324324,False
USDCAD1440_comma,daily,10,400,long_only,price_slow,0.001,-0.004825022659638911,-0.7779320803029306,-1.0220967842005564,-0.015699331613021537,-0.3073393682337967,50,0.1,0.8061412843409267,-149.234251326687,0.768918918918919,0.7658783783783784,0.7435810810810811,0.6935810810810811,0.7517905405405406,False
USDCAD1440_comma,daily,30,300,long_only,fast_slope,0.0,-0.0019739270529720576,-0.8736884485645074,-1.1898005744674223,-0.008535507887320552,-0.231260644244066,109,0.23853211009174313,0.9476665119898355,-28.608320898428126,0.6118243243243243,0.8391891891891892,0.841554054054054,0.8584459459459459,0.7516047297297297,False
USDCAD1440_comma,daily,10,300,long_only,slow_slope,0.001,-0.004091095976142767,-0.7788277498407746,-1.027658747172738,-0.01910670912651731,-0.21411829473370303,56,0.19642857142857142,0.8221526701104298,-113.59699571066689,0.7652027027027027,0.735472972972973,0.7658783783783784,0.7202702702702702,0.7511655405405406,False
USDCAD1440_comma,daily,30,400,long_only,fast_slope,0.0,-0.0010700307555565614,-0.8975915963253,-1.226047986709728,-0.004628718635167975,-0.23117213205112652,107,0.2336448598130841,0.9711085093660137,-15.905329165646691,0.5712837837837837,0.8699324324324325,0.8692567567567567,0.8746621621621622,0.7510472972972974,False
USDCAD1440_comma,daily,20,75,long_short,price_slow,0.005,-0.0066276250211998455,-0.7470699330479317,-1.0071460556762883,-0.02680769561687856,-0.24722844946907652,102,0.30392156862745096,0.8801746175290903,-84.12157201729939,0.8216216216216217,0.658445945945946,0.6918918918918919,0.7959459459459459,0.7510304054054054,False
USDCAD1440_comma,daily,100,500,long_short,slow_slope,0.0025,-0.006129281597618164,-0.7626997318636076,-1.0097237539272323,-0.018939186225040143,-0.3236296177031319,61,0.19672131147540983,0.8221865529180903,-137.6193251051277,0.793918918918919,0.7371621621621621,0.7047297297297297,0.7206081081081082,0.7508952702702703,False
USDCAD1440_comma,daily,10,150,long_only,price_slow,0.005,-0.004300402891787458,-0.7838666679820604,-1.0489625013565789,-0.01675676965784329,-0.25663674918241663,47,0.23404255319148937,0.8203008038179477,-142.05238769519033,0.7560810810810811,0.7550675675675675,0.7597972972972973,0.7175675675675676,0.7507939189189189,False
USDCAD1440_comma,daily,40,400,long_only,price_slow,0.005,-0.004057047985220885,-0.801256761774701,-1.0600857859621444,-0.013675360500256147,-0.29666844871437903,35,0.17142857142857143,0.8165253293891143,-184.43951138398515,0.7317567567567568,0.7844594594594595,0.7675675675675676,0.7138513513513514,0.7494087837837837,False
USDCAD1440_comma,daily,5,400,long_only,price_slow,0.0025,-0.0047501656637108924,-0.7823939053435356,-1.025226118380378,-0.015609134836023088,-0.304319599619856,48,0.125,0.8119424482202153,-153.12597670636274,0.7570945945945946,0.7665540540540541,0.7462837837837838,0.7030405405405405,0.7491891891891892,False
USDCAD1440_comma,daily,30,150,long_only,none,0.005,-0.004358303150653775,-0.7782408936493123,-1.0463967446746707,-0.0161275419829689,-0.270239764699187,29,0.3793103448275862,0.78488041967994,-233.22182728215196,0.768581081081081,0.7618243243243243,0.7577702702702702,0.6635135135135135,0.7489695945945946,False
USDCAD1440_comma,daily,20,400,long_only,slow_slope,0.0025,-0.0037263692445871355,-0.8145026375629759,-1.079033411283082,-0.0140604191048954,-0.26502547447463565,58,0.20689655172413793,0.8477039639674173,-100.17401958506171,0.7118243243243243,0.7800675675675676,0.7783783783783784,0.7527027027027027,0.7483277027027028,False
USDCAD1440_comma,daily,75,150,long_only,slow_slope,0.001,-0.0043385851065851355,-0.7887059302215716,-1.0471224441390319,-0.018006829334051292,-0.24094109107708261,63,0.31746031746031744,0.8368141060404563,-102.92033096042955,0.7489864864864865,0.7449324324324325,0.7584459459459459,0.7381756756756757,0.7482432432432432,False
USDCAD1440_comma,daily,30,400,long_only,price_slow,0.005,-0.004118705775442599,-0.7997994595012342,-1.0586093885341648,-0.013875039216512095,-0.2968428204902731,30,0.06666666666666667,0.8117971731840754,-213.43482097045253,0.7347972972972973,0.7817567567567567,0.7652027027027027,0.7027027027027027,0.747804054054054,False
USDCAD1440_comma,daily,10,50,long_short,none,0.0,-0.00981301893223907,-0.6528392380802828,-0.9248852570613285,-0.03405014117447151,-0.28819319373618946,118,0.3135593220338983,0.8436384364481727,-126.84885395822688,0.9314189189189189,0.5827702702702703,0.5878378378378378,0.7456081081081081,0.747668918918919,False
USDCAD1440_comma,daily,60,400,long_only,price_slow,0.0,-0.004265122903857388,-0.794684935654866,-1.047284433346013,-0.014784279950808454,-0.2884904045410853,43,0.09302325581395349,0.8107492480143283,-157.40086217711902,0.7412162162162163,0.7726351351351352,0.7618243243243243,0.7016891891891892,0.7472635135135135,False
USDCAD1440_comma,daily,20,400,long_only,slow_slope,0.005,-0.0035570942554025153,-0.8217733370881088,-1.090490611686476,-0.013004523650461149,-0.27352745483117935,49,0.22448979591836735,0.8489817343762059,-113.3301230154552,0.6966216216216217,0.7898648648648648,0.7868243243243244,0.7547297297297297,0.7466891891891893,False
USDCAD1440_comma,daily,30,250,long_short,none,0.0,-0.008943039347796389,-0.6579792080501912,-0.9197325416106685,-0.03002059500496851,-0.29789680538697805,31,0.3225806451612903,0.7681569610695306,-346.86314565255225,0.9280405405405405,0.625,0.6179054054054054,0.6375,0.7466722972972973,False
USDCAD1440_comma,daily,40,400,long_only,price_slow,0.0025,-0.004311918954801097,-0.7911076432471207,-1.0468579157551676,-0.015200155685928505,-0.2836759730555156,43,0.06976744186046512,0.8001666342848046,-159.03401670230554,0.7472972972972973,0.768581081081081,0.7591216216216217,0.6861486486486487,0.7458108108108108,False
USDCAD1440_comma,daily,40,100,long_only,slow_slope,0.001,-0.004506016245598099,-0.7996418647451221,-1.0793260939133766,-0.01724775218485313,-0.26125237638532717,76,0.25,0.8451709707934384,-91.90744246607888,0.7358108108108108,0.7510135135135135,0.7513513513513513,0.7476351351351351,0.7444932432432432,False
USDCAD1440_comma,daily,40,50,long_only,none,0.0025,-5.286115477931563e-05,-0.9201358999843742,-1.274634261266402,-0.000356814286487655,-0.14814752878776483,54,0.42592592592592593,0.9978588690538709,-1.568881332107013,0.5239864864864865,0.889527027027027,0.8905405405405405,0.8871621621621621,0.7431587837837837,False
USDCAD1440_comma,daily,40,150,long_only,slow_slope,0.0025,-0.004527847356652237,-0.7919480883514185,-1.0592426770748982,-0.0172384868631518,-0.26265921090387323,64,0.359375,0.815853641681689,-109.65101457177025,0.7452702702702703,0.7516891891891891,0.7506756756756757,0.7118243243243243,0.7429391891891893,False
USDCAD1440_comma,daily,20,300,long_only,slow_slope,0.001,-0.00440962459613925,-0.7822163823652855,-1.0309072922025757,-0.019063878584438025,-0.2313078409835686,52,0.25,0.8095216048221857,-131.54727544741297,0.7574324324324324,0.7361486486486486,0.7550675675675675,0.6989864864864865,0.7428716216216217,False
USDCAD1440_comma,daily,20,250,long_short,none,0.001,-0.009235508245312385,-0.6668857272788635,-0.929028785246062,-0.028948600214760613,-0.3190312545959748,37,0.24324324324324326,0.7576127887239317,-326.3552414404293,0.9226351351351352,0.6368243243243243,0.6091216216216216,0.6179054054054054,0.7427702702702704,False
USDCAD1440_comma,daily,10,100,long_only,price_slow,0.001,-0.004827347016442385,-0.7829671723184689,-1.0486905110544842,-0.02118856242145269,-0.227827963050238,84,0.25,0.8468804628193816,-88.87116470537127,0.7564189189189189,0.7155405405405405,0.7432432432432432,0.7510135135135135,0.7427533783783784,False
USDCAD1440_comma,daily,10,150,long_only,price_slow,0.0025,-0.005022309047167051,-0.7783448196278486,-1.0361945684066827,-0.019591131558222563,-0.25635625141107,54,0.2037037037037037,0.8074819957133921,-143.6185999051348,0.7682432432432432,0.731418918918919,0.7391891891891892,0.6966216216216217,0.7424831081081082,False
USDCAD1440_comma,daily,20,300,long_only,price_slow,0.005,-0.005087130777928217,-0.7775208420357445,-1.0310062760736194,-0.01798207384915407,-0.2829001160045581,35,0.2571428571428571,0.7908193535850413,-224.3345951700415,0.7695945945945946,0.7452702702702703,0.7351351351351352,0.672972972972973,0.7421283783783784,False
USDCAD1440_comma,daily,60,500,long_only,combined,0.001,-0.0012302702926779707,-0.903852379496694,-1.2230229255070855,-0.005135144723695482,-0.23957850438003092,98,0.2857142857142857,0.9588130716461903,-19.942640493803648,0.5567567567567567,0.8658783783783783,0.8641891891891892,0.8648648648648649,0.7417398648648649,False
USDCAD1440_comma,daily,30,100,long_only,combined,0.005,-0.0010304381341416091,-0.9085202642039024,-1.2474140370885707,-0.004774967658073037,-0.21580002377596164,89,0.3146067415730337,0.9658127886079175,-18.420062141168778,0.5489864864864865,0.8685810810810811,0.8699324324324325,0.8719594594594594,0.7415202702702703,False
USDCAD1440_comma,daily,30,50,long_only,combined,0.005,0.002273852790559916,-0.966034782081884,-1.353574829839799,0.01326192020317156,-0.17145728188110565,65,0.38461538461538464,1.0896708243509843,57.05674915975841,0.4486486486486487,0.9442567567567568,0.9347972972972973,0.9233108108108108,0.7409797297297297,False
USDCAD1440_comma,daily,10,50,long_short,none,0.0025,-0.009267605789853528,-0.695388984232081,-0.9522096601476788,-0.033645966204168744,-0.27544478091716296,135,0.32592592592592595,0.8588632142808014,-104.10360559387878,0.8942567567567568,0.5864864864864865,0.6077702702702703,0.7668918918918919,0.7409121621621622,False
USDCAD1440_comma,daily,100,300,long_short,none,0.005,-0.007608442404030247,-0.715846685440648,-0.9535483202201795,-0.025106613856646982,-0.30304534285159723,21,0.2857142857142857,0.7534496622362793,-485.01033655064884,0.8682432432432432,0.6804054054054054,0.6577702702702702,0.6084459459459459,0.7402195945945945,False
USDCAD1440_comma,daily,30,250,long_only,combined,0.001,-0.0016353680821764582,-0.8999101332230157,-1.2252504274472695,-0.00719022448392024,-0.2274432579725002,99,0.23232323232323232,0.9526605604714135,-26.16191965127007,0.5662162162162162,0.8510135135135135,0.8577702702702703,0.8608108108108108,0.7399155405405407,False
USDCAD1440_comma,daily,60,400,long_only,price_slow,0.005,-0.003973464170005769,-0.8163670358359812,-1.074870476591884,-0.013985449713405885,-0.284114150880466,33,0.12121212121212122,0.8159983079180533,-191.8009784306341,0.7087837837837838,0.7810810810810811,0.768581081081081,0.7125,0.7393750000000001,False
USDCAD1440_comma,daily,20,75,long_short,none,0.005,-0.007917574442418251,-0.7395509264410643,-1.0001202894904657,-0.02875163034736152,-0.2753782775711302,78,0.3333333333333333,0.8607732388585353,-134.13064776454135,0.835472972972973,0.6398648648648648,0.6466216216216216,0.7706081081081081,0.7390709459459459,False
USDCAD1440_comma,daily,60,500,long_only,slow_slope,0.005,-0.003939373856947315,-0.8258539334163636,-1.0887835336406495,-0.0129560344045669,-0.3040570697742757,37,0.1891891891891892,0.8335134972635279,-165.74188747283014,0.6898648648648649,0.7915540540540541,0.7699324324324325,0.7347972972972973,0.7380405405405406,False
USDCAD1440_comma,daily,20,200,long_short,none,0.0025,-0.009342046676035998,-0.6832761623418803,-0.9458966623354726,-0.03034310720616237,-0.30788035689827853,49,0.2857142857142857,0.7740109020419724,-254.2700915559683,0.9087837837837838,0.6212837837837838,0.6067567567567568,0.6462837837837838,0.7371283783783784,False
USDCAD1440_comma,daily,20,100,long_only,slow_slope,0.001,-0.005039343150976094,-0.8028525927922299,-1.0808666702823195,-0.017045165683748233,-0.295646475046052,79,0.21518987341772153,0.8278630855449325,-98.4901431403049,0.7290540540540541,0.7523648648648649,0.7375,0.7283783783783784,0.7364695945945946,False
USDCAD1440_comma,daily,5,400,long_only,price_slow,0.001,-0.005390586865366975,-0.7855085290823587,-1.0258348139496287,-0.017335092410263073,-0.3109638378492595,54,0.1111111111111111,0.797131617069495,-153.72790451435125,0.754054054054054,0.75,0.7233108108108108,0.6820945945945946,0.7360979729729731,False
USDCAD1440_comma,daily,30,50,long_short,none,0.0025,-0.008502504501985308,-0.7425170773548811,-1.0021807553028148,-0.028324969161994385,-0.3001770082558014,105,0.38095238095238093,0.8690161929143151,-119.84250575876496,0.831081081081081,0.6442567567567568,0.6270270270270271,0.7810810810810811,0.7360641891891891,False
USDCAD1440_comma,daily,50,200,long_only,slow_slope,0.005,-0.00473993502313752,-0.8068820149105468,-1.0804606269860306,-0.015546222901929708,-0.30489303112649735,51,0.2549019607843137,0.8124304070060336,-146.63682673767372,0.7226351351351351,0.7668918918918919,0.7466216216216216,0.7043918918918919,0.7357601351351352,False
USDCAD1440_comma,daily,20,250,long_short,slow_slope,0.0,-0.008775949865091892,-0.7231789548323458,-0.9693812325581426,-0.02533329912366118,-0.34641954142069076,82,0.25609756097560976,0.7799415458417851,-133.5183919610263,0.8594594594594595,0.6756756756756757,0.6219594594594594,0.6557432432432433,0.7354560810810811,False
USDCAD1440_comma,daily,40,400,long_only,slow_slope,0.005,-0.003796234631050943,-0.8286186594147179,-1.0974079859012875,-0.013057857764426617,-0.2907241524251386,46,0.1956521739130435,0.8287671852053127,-136.23744362581027,0.6841216216216216,0.7878378378378378,0.7763513513513514,0.7293918918918919,0.7352871621621622,False
USDCAD1440_comma,daily,50,250,long_short,slow_slope,0.0,-0.008333115351484732,-0.7067695383420489,-0.9459631818917603,-0.02713529132404975,-0.30709511285398183,76,0.21052631578947367,0.7535689392179101,-145.34003606414848,0.8817567567567568,0.6554054054054054,0.6344594594594595,0.6087837837837838,0.7347635135135135,False
USDCAD1440_comma,daily,10,300,long_only,slow_slope,0.0,-0.004724728641392284,-0.7861459727308473,-1.0352310091796508,-0.020891975257923506,-0.22615040383031182,61,0.18032786885245902,0.8087480426357447,-119.87005267488131,0.7527027027027027,0.7175675675675676,0.7469594594594594,0.6976351351351351,0.7345101351351351,False
USDCAD1440_comma,daily,30,200,long_only,slow_slope,0.005,-0.005046558615807273,-0.7918021049252594,-1.060996237018405,-0.017638648243907026,-0.2861080138355002,49,0.22448979591836735,0.7940050102634856,-159.00904731143845,0.745945945945946,0.7483108108108109,0.7364864864864865,0.677027027027027,0.7343074324324325,False
USDCAD1440_comma,daily,30,100,long_only,slow_slope,0.0,-0.005294344307541166,-0.7912058867891115,-1.067680280294032,-0.018551177850078957,-0.28539127543961484,79,0.22784810126582278,0.8104536403217366,-103.27770264418464,0.7466216216216216,0.7408783783783783,0.7256756756756757,0.7006756756756757,0.7341047297297297,False
USDCAD1440_comma,daily,5,300,long_only,none,0.005,-0.0055764407910670055,-0.7787024456544582,-1.0306376028458775,-0.018542999698052454,-0.3007302422408329,45,0.15555555555555556,0.7825821366733724,-190.56997281002577,0.7655405405405405,0.7412162162162163,0.7172297297297298,0.6601351351351351,0.7339864864864866,False
USDCAD1440_comma,daily,40,75,long_only,slow_slope,0.0,-0.004306975440501182,-0.8158060522688789,-1.097043281952556,-0.019267292116649445,-0.22353818141260207,92,0.31521739130434784,0.8548449698411207,-72.67759277915523,0.7097972972972973,0.7337837837837838,0.7594594594594595,0.7631756756756757,0.7337331081081082,False
USDCAD1440_comma,daily,5,150,long_only,none,0.001,-0.006081268307549403,-0.7726151823516157,-1.0310536794521126,-0.020675656818401215,-0.29412697071548943,54,0.25925925925925924,0.7937058288910112,-172.5361778715725,0.7777027027027027,0.7192567567567567,0.706418918918919,0.6766891891891892,0.7336824324324325,False
USDCAD1440_comma,daily,30,75,long_short,none,0.001,-0.010082097462019712,-0.6781653448722177,-0.9498437486360864,-0.03559188796804392,-0.28326953240221187,78,0.358974358974359,0.8288320733545013,-178.2375078068693,0.9128378378378378,0.5668918918918919,0.5804054054054054,0.7297297297297297,0.7323986486486486,False
USDCAD1440_comma,daily,5,250,long_only,none,0.005,-0.005537229115826547,-0.7811480931249511,-1.0421687726808349,-0.018474491939392115,-0.2997229441541408,52,0.23076923076923078,0.7840147551702693,-163.80446027829652,0.7594594594594595,0.7422297297297298,0.7185810810810811,0.6618243243243244,0.7323310810810811,False
USDCAD1440_comma,daily,20,500,long_short,none,0.001,-0.008339482254152486,-0.7031504211697848,-0.9622116216312155,-0.0259216782409883,-0.3217184542074052,33,0.21212121212121213,0.7272422494966148,-337.5021709448578,0.8868243243243243,0.668581081081081,0.6341216216216217,0.5567567567567567,0.732212837837838,False
USDCAD1440_comma,daily,30,400,long_only,fast_slope,0.001,-0.0015151876264043462,-0.91420059000656,-1.2485036012877293,-0.006473892444771554,-0.23404584480362234,104,0.23076923076923078,0.9589140043522353,-23.09476459258244,0.5361486486486486,0.8584459459459459,0.860472972972973,0.8652027027027027,0.730945945945946,False
USDCAD1440_comma,daily,20,400,long_only,slow_slope,0.0,-0.004607168528504069,-0.8167498798067285,-1.076397774642835,-0.016090060362894384,-0.2863363110264492,67,0.23880597014925373,0.8167268502673762,-106.5131925755081,0.7081081081081081,0.7621621621621621,0.7493243243243243,0.7152027027027027,0.7309290540540541,False
USDCAD1440_comma,daily,50,150,long_only,price_slow,0.0025,-0.004477938506806001,-0.8170099048057404,-1.0977659672493696,-0.016422575588848243,-0.2726696846411075,56,0.26785714285714285,0.8210290121212791,-123.98025144485622,0.7070945945945946,0.7587837837837837,0.7523648648648649,0.7189189189189189,0.7308445945945946,False
USDCAD1440_comma,daily,100,400,long_only,slow_slope,0.005,-0.0037389779349389363,-0.8329382570521113,-1.0957336749961337,-0.014638934549541554,-0.25541325581348606,47,0.2978723404255319,0.8399994613054044,-131.5002031403878,0.6763513513513514,0.7736486486486487,0.7777027027027027,0.7405405405405405,0.7305743243243243,False
USDCAD1440_comma,daily,20,100,long_only,slow_slope,0.0025,-0.004855666616166654,-0.8180813478515592,-1.1041643803085925,-0.01783904082452405,-0.2721932565730425,75,0.24,0.8449222822206027,-100.09851145270812,0.7057432432432432,0.745945945945946,0.7418918918918919,0.7472972972972973,0.7292567567567568,False
USDCAD1440_comma,daily,30,200,long_short,none,0.001,-0.009879962456189051,-0.6744936058514538,-0.9433221256904031,-0.032590808794011786,-0.3031518032778735,37,0.21621621621621623,0.7642977085190695,-337.6211361505648,0.9158783783783784,0.5996621621621622,0.585472972972973,0.6314189189189189,0.7280743243243243,False
USDCAD1440_comma,daily,5,50,long_only,price_slow,0.005,-0.003303645910359476,-0.8637237387440635,-1.1641453556869001,-0.014992207126397343,-0.22035754192207113,91,0.24175824175824176,0.9137276476373881,-56.78325413471444,0.6273648648648649,0.7712837837837838,0.7976351351351352,0.8293918918918919,0.7277027027027028,False
USDCAD1440_comma,daily,100,300,long_only,price_slow,0.005,-0.004139906770848301,-0.8286868785976622,-1.1048426569161165,-0.015343435717382805,-0.2698161511608602,50,0.14,0.8233231069995796,-128.69973046533235,0.6837837837837838,0.7682432432432432,0.7641891891891892,0.7226351351351351,0.7268074324324325,False
USDCAD1440_comma,daily,30,150,long_only,slow_slope,0.001,-0.005222199900107527,-0.7958786647343665,-1.066021336326038,-0.01926202919122468,-0.27111369463019175,63,0.3333333333333333,0.7923947348546357,-127.81082330125221,0.7402027027027027,0.7341216216216216,0.7283783783783784,0.6753378378378379,0.726587837837838,False
USDCAD1440_comma,daily,50,75,long_only,fast_slope,0.001,-0.0033303015217439613,-0.8679943257057108,-1.1821325509509386,-0.014317712647158096,-0.232600108956998,95,0.29473684210526313,0.9109491768228095,-54.82033010645711,0.6216216216216216,0.7783783783783784,0.7966216216216216,0.8260135135135135,0.7264695945945946,False
USDCAD1440_comma,daily,50,75,long_only,combined,0.001,-0.0023820462429076095,-0.8940872761993288,-1.2216582643192202,-0.010937861482609201,-0.21777988747571686,94,0.32978723404255317,0.91996936621455,-39.91013420802204,0.5766891891891892,0.8152027027027027,0.8297297297297297,0.8351351351351352,0.7256925675675676,False
USDCAD1440_comma,daily,30,150,long_only,combined,0.001,-0.0021816069777019775,-0.9010557743069534,-1.2321375587919952,-0.01031082309127117,-0.21158417309563382,104,0.27884615384615385,0.9356905302101896,-33.0868626452203,0.5645270270270271,0.8195945945945946,0.8368243243243243,0.8489864864864864,0.7254222972972973,False
USDCAD1440_comma,daily,5,75,long_only,price_slow,0.0,-0.005786054730713697,-0.8097029104328836,-1.0808475446671137,-0.020310607622193087,-0.28487846539811856,113,0.20353982300884957,0.8553781893805953,-78.62070557968256,0.7179054054054054,0.7246621621621622,0.7114864864864865,0.7635135135135135,0.7251520270270271,False
USDCAD1440_comma,daily,40,500,long_only,price_slow,0.001,-0.005493833117955038,-0.8007357956351495,-1.05692796109059,-0.016540707456397987,-0.33214015376531003,45,0.1111111111111111,0.7776827635248541,-187.86234280836345,0.7331081081081081,0.7574324324324324,0.720945945945946,0.6523648648648649,0.7246452702702703,False
USDCAD1440_comma,daily,60,250,long_only,price_slow,0.001,-0.005504920034178684,-0.7932213097078032,-1.0507503711513106,-0.020004860925126617,-0.2751791204538875,51,0.19607843137254902,0.7911399746626684,-166.0817072711038,0.7432432432432432,0.7273648648648648,0.7202702702702702,0.6736486486486486,0.7242398648648649,False
USDCAD1440_comma,daily,100,400,long_only,slow_slope,0.0025,-0.0043648657648689415,-0.8302910913628172,-1.0881627890435697,-0.01546102397330963,-0.282314145065942,55,0.2545454545454545,0.8246179403341299,-129.4739939040698,0.6804054054054054,0.7675675675675676,0.7574324324324324,0.7246621621621622,0.7242398648648648,False
USDCAD1440_comma,daily,30,200,long_only,fast_slope,0.005,-0.0024735324004040438,-0.8994041352944523,-1.2333855262490283,-0.010269537596872078,-0.24086112710249374,93,0.26881720430107525,0.9303844044642732,-41.859901182580046,0.5675675675675675,0.8206081081081081,0.825,0.845945945945946,0.724070945945946,False
USDCAD1440_comma,daily,75,250,long_only,slow_slope,0.005,-0.00443322473112473,-0.8127948875394322,-1.069858169682227,-0.016746570799910696,-0.2647243297803017,25,0.2,0.777823267111544,-275.0343337777405,0.714527027027027,0.7554054054054054,0.7543918918918919,0.6527027027027027,0.7234459459459459,False
USDCAD1440_comma,daily,30,100,long_only,price_slow,0.001,-0.004778421548276346,-0.8084775671931148,-1.0909904845283245,-0.02305581981535297,-0.207254462714632,89,0.2696629213483146,0.8419576034297069,-83.0585571736501,0.7202702702702702,0.6986486486486486,0.7452702702702703,0.7429054054054054,0.7232601351351351,False
USDCAD1440_comma,daily,30,250,long_short,none,0.001,-0.009902630181645944,-0.6776874900116109,-0.9435214403625973,-0.03171042421211077,-0.31228311912219564,32,0.3125,0.7430572168562939,-382.51725331315015,0.9135135135135135,0.6094594594594595,0.5851351351351352,0.5881756756756756,0.7230236486486488,False
USDCAD1440_comma,daily,10,75,long_short,price_slow,0.005,-0.008296180440646062,-0.7328358339780312,-0.989553246588639,-0.03494911209671996,-0.23737886151976584,122,0.3114754098360656,0.8575843868108716,-93.6285618492843,0.8449324324324324,0.5719594594594595,0.6358108108108108,0.7655405405405405,0.7229560810810811,False
USDCAD1440_comma,daily,50,500,long_only,price_slow,0.001,-0.005521331001763108,-0.8056159363237829,-1.0600045019658335,-0.016662917637837046,-0.3313543955366878,47,0.19148936170212766,0.7848014109940651,-180.73150452192436,0.7246621621621622,0.7557432432432433,0.7195945945945946,0.6631756756756757,0.722195945945946,False
USDCAD1440_comma,daily,75,500,long_only,price_slow,0.0,-0.005557554556156696,-0.8043358355335707,-1.0569926652277777,-0.017296363551024704,-0.32131346798775196,50,0.14,0.7836281026706136,-170.95611347390658,0.7273648648648648,0.7503378378378378,0.7182432432432433,0.6614864864864864,0.721402027027027,False
USDCAD1440_comma,daily,40,75,long_short,none,0.005,-0.006737506780416291,-0.7841537502440394,-1.0588862357828488,-0.025334996900475814,-0.2659367517147695,62,0.3709677419354839,0.8435413561109681,-146.8481658258758,0.7557432432432433,0.6753378378378379,0.6875,0.7452702702702703,0.7204222972972972,False
USDCAD1440_comma,daily,20,75,long_only,slow_slope,0.0,-0.004664699579316145,-0.8194084143951845,-1.1078045747540621,-0.022331363587614183,-0.20888556854196594,101,0.31683168316831684,0.8501241640374013,-71.50892020779331,0.7027027027027027,0.7047297297297297,0.7483108108108109,0.7564189189189189,0.7203885135135135,False
USDCAD1440_comma,daily,50,400,long_only,price_slow,0.005,-0.004712763281212062,-0.8215024227791585,-1.0829978219867042,-0.015756513275089926,-0.2990993755365059,33,0.06060606060606061,0.7887956904887332,-225.39305856547344,0.6983108108108108,0.7652027027027027,0.7472972972972973,0.6672297297297297,0.720168918918919,False
USDCAD1440_comma,daily,60,150,long_only,slow_slope,0.0025,-0.0055341531604414795,-0.8167542729915436,-1.0885215186438348,-0.01991023119177358,-0.27795524356985146,58,0.3448275862068966,0.8301371357369023,-112.35125623888476,0.7077702702702703,0.7293918918918919,0.7189189189189189,0.7307432432432432,0.7188513513513513,False
USDCAD1440_comma,daily,40,500,long_short,slow_slope,0.0025,-0.007926198890715108,-0.7638549778246434,-1.0191371635283888,-0.023659837923647196,-0.33500647452843046,69,0.15942028985507245,0.781840408072756,-158.32255612717722,0.7918918918918919,0.6952702702702702,0.6462837837837838,0.6594594594594595,0.71875,False
USDCAD1440_comma,daily,60,100,long_only,fast_slope,0.0,-0.003915493989946839,-0.8387104876375522,-1.1330022426891848,-0.020525890336037397,-0.19075878930680967,96,0.34375,0.8672781813044621,-63.50377187825996,0.6668918918918919,0.7222972972972973,0.7719594594594594,0.7787162162162162,0.7185304054054054,False
USDCAD1440_comma,daily,10,150,long_only,none,0.0025,-0.00585604113911764,-0.7806512652108922,-1.039792048952592,-0.021537518009337873,-0.27189953534008315,41,0.21951219512195122,0.7613100402560532,-219.19321729103112,0.7608108108108108,0.7121621621621622,0.710472972972973,0.6263513513513513,0.7184121621621622,False
USDCAD1440_comma,daily,60,75,long_only,none,0.001,-0.004402425012486666,-0.8273275807278808,-1.1015153800054056,-0.02021877924232586,-0.21773940749452658,47,0.40425531914893614,0.8396974430317754,-145.31184024741862,0.6868243243243243,0.7256756756756757,0.7560810810810811,0.7402027027027027,0.7183952702702703,False
USDCAD1440_comma,daily,50,400,long_only,price_slow,0.001,-0.005246452763621567,-0.8077728892254414,-1.0672106544937467,-0.017288598232152393,-0.30346316648532556,43,0.09302325581395349,0.7712398527016269,-191.40816794290558,0.7212837837837838,0.7506756756756757,0.7277027027027027,0.6408783783783784,0.7178547297297297,False
USDCAD1440_comma,daily,30,400,long_only,slow_slope,0.005,-0.004407160312684288,-0.8372407133843726,-1.10921736089643,-0.015092949372892172,-0.2920012652132663,48,0.16666666666666666,0.8152955893321291,-142.43252478261778,0.6682432432432432,0.7699324324324325,0.7557432432432433,0.7108108108108108,0.7175506756756757,False
USDCAD1440_comma,daily,30,250,long_short,slow_slope,0.0,-0.009260824384442867,-0.7290449938921193,-0.9765828647468168,-0.02754039540246307,-0.3362633051962147,81,0.2222222222222222,0.7515341359488231,-151.91332841870044,0.8537162162162162,0.6530405405405405,0.6084459459459459,0.6037162162162162,0.7169932432432432,False
USDCAD1440_comma,daily,60,500,long_only,combined,0.0025,-0.0015023129824965897,-0.9311710630918698,-1.2600953943148483,-0.0062595176641011855,-0.24000459190529488,88,0.2727272727272727,0.9493661271677895,-27.064507182567983,0.5020270270270271,0.8594594594594595,0.8611486486486486,0.8597972972972973,0.7168749999999999,False
USDCAD1440_comma,daily,50,200,long_short,none,0.001,-0.009642292552997755,-0.6734453067978974,-0.9356453201548951,-0.034223740467360715,-0.28174280254940687,28,0.17857142857142858,0.7341238652842794,-391.7302768853819,0.9172297297297297,0.5804054054054054,0.5942567567567567,0.5726351351351351,0.7167398648648649,False
USDCAD1440_comma,daily,30,400,long_short,combined,0.0,-0.0031100497432990926,-0.8929248456463917,-1.220512370449657,-0.013459389582736682,-0.23106915244418758,147,0.2585034013605442,0.938230670829471,-30.272168291693987,0.5797297297297297,0.7858108108108108,0.8033783783783783,0.8513513513513513,0.7167229729729729,False
USDCAD1440_comma,daily,100,500,long_short,none,0.001,-0.009594732417976592,-0.729899309033989,-0.979964151546401,-0.02503263729320695,-0.38328891620941163,18,0.16666666666666666,0.7333477203468396,-729.4229399396354,0.8513513513513513,0.6817567567567567,0.5962837837837838,0.5716216216216217,0.7159797297297297,True
USDCAD1440_comma,daily,30,75,long_short,fast_slope,0.0025,-0.0076065053830810525,-0.7997605163517825,-1.0840621176018796,-0.02547402203028174,-0.2985985241764716,174,0.2988505747126437,0.8933685857546916,-58.111983714134084,0.735472972972973,0.672972972972973,0.6581081081081082,0.808445945945946,0.715320945945946,False
USDCAD1440_comma,daily,60,500,long_only,fast_slope,0.005,-0.0018868322016415418,-0.9228810965775405,-1.2453120326952358,-0.007945154984788446,-0.23748211397436725,79,0.3037974683544304,0.935046590454522,-37.75524185481474,0.518581081081081,0.8449324324324324,0.845945945945946,0.8476351351351351,0.715,False
USDCAD1440_comma,daily,30,500,long_only,combined,0.0025,-0.0011159787213005368,-0.9427511691963366,-1.2854244707771452,-0.004900244685377606,-0.22773938710257302,106,0.2169811320754717,0.9680103892524573,-16.73903956471841,0.4831081081081081,0.8679054054054054,0.8675675675675676,0.8736486486486487,0.7147804054054054,False
USDCAD1440_comma,daily,10,50,long_only,none,0.005,-0.003314641060925827,-0.8769349925793367,-1.1773130339379592,-0.016463713433981415,-0.2013300993252437,66,0.3181818181818182,0.9012864781614692,-78.54618105858934,0.6070945945945946,0.7581081081081081,0.7972972972972973,0.8148648648648649,0.7140540540540541,False
USDCAD1440_comma,daily,75,400,long_only,combined,0.0025,-0.0017053396564167267,-0.9269105007496435,-1.2446170976081512,-0.0077388454177173,-0.22036099241787732,80,0.2875,0.9309236670372169,-33.74290557882357,0.5108108108108108,0.8462837837837838,0.8557432432432432,0.8462837837837838,0.7139864864864864,False
USDCAD1440_comma,daily,10,500,long_short,slow_slope,0.0025,-0.008296746762631813,-0.7653917982778031,-1.0209341701508483,-0.023756446706150177,-0.3492419074812191,85,0.21176470588235294,0.7725869430092511,-129.2823510398773,0.7905405405405406,0.6942567567567568,0.635472972972973,0.6425675675675676,0.7132601351351352,False
USDCAD1440_comma,daily,50,75,long_only,slow_slope,0.001,-0.004280114166097526,-0.8444667027912441,-1.1312368172045795,-0.020578209166883382,-0.20799254839850378,75,0.29333333333333333,0.8603125927519402,-88.61291943694603,0.6614864864864864,0.720945945945946,0.7608108108108108,0.768918918918919,0.712331081081081,False
USDCAD1440_comma,daily,75,250,long_only,combined,0.0,-0.0034566647717261256,-0.8751942349659685,-1.1786442292275445,-0.015469700165258653,-0.22344743174072568,91,0.3626373626373626,0.8739424048940818,-59.34548104649895,0.6091216216216216,0.7672297297297297,0.7908783783783784,0.7891891891891892,0.7120101351351352,False
USDCAD1440_comma,daily,30,400,long_only,slow_slope,0.001,-0.004903328792989714,-0.8272551030144933,-1.0940015535107968,-0.016800140970421647,-0.29186236006129485,60,0.16666666666666666,0.789103667402953,-132.0528133241615,0.6871621621621622,0.7547297297297297,0.7408783783783783,0.6679054054054054,0.7119087837837837,False
USDCAD1440_comma,daily,100,500,long_only,price_slow,0.0025,-0.005063439627910116,-0.8335705770825921,-1.0896630432838301,-0.015821097414976587,-0.3200435150040196,41,0.21951219512195122,0.8026444781628232,-190.64691554081858,0.6753378378378379,0.7641891891891892,0.7361486486486486,0.6891891891891891,0.7117905405405406,False
USDCAD1440_comma,daily,30,500,long_short,slow_slope,0.001,-0.00855052163661807,-0.7610783001692213,-1.0191687942641714,-0.025122758025340728,-0.3403496394780128,78,0.1794871794871795,0.7754034981048513,-143.65532172599558,0.7959459459459459,0.6800675675675676,0.6256756756756757,0.6489864864864865,0.7108783783783784,False
USDCAD1440_comma,daily,40,150,long_only,none,0.005,-0.0053480418751096215,-0.8018929687641426,-1.072440453698955,-0.018453596865111124,-0.28981026919585395,28,0.35714285714285715,0.7419280388206204,-294.22846528393956,0.731081081081081,0.7425675675675676,0.7243243243243244,0.5858108108108108,0.7108108108108109,False
USDCAD1440_comma,daily,20,100,long_short,none,0.0025,-0.010702838308310425,-0.7095535552885305,-0.9748578913041287,-0.03574464532855571,-0.29942494071301173,73,0.3287671232876712,0.8104092121045462,-198.29757746757713,0.879054054054054,0.5635135135135135,0.5655405405405406,0.7003378378378379,0.7106587837837839,False
USDCAD1440_comma,daily,30,100,long_short,none,0.005,-0.00941475177506168,-0.7461235065753533,-1.0096130861799948,-0.03020352111819484,-0.311710404168412,60,0.31666666666666665,0.808418486792686,-209.90162395746611,0.8243243243243243,0.6229729729729729,0.6027027027027027,0.6972972972972973,0.7106081081081081,False
USDCAD1440_comma,daily,10,200,long_only,slow_slope,0.0,-0.006189256875599902,-0.8031449687379817,-1.073423298658749,-0.021318857058378965,-0.29031841897768784,65,0.27692307692307694,0.7876681527668132,-145.7660613690698,0.7283783783783784,0.7138513513513514,0.7030405405405405,0.6665540540540541,0.7104054054054054,False
USDCAD1440_comma,daily,30,75,long_only,fast_slope,0.0,-0.003754614688916358,-0.8833623832969962,-1.1992340860783774,-0.014824084065666005,-0.25327802191923643,113,0.2920353982300885,0.9084021691996212,-51.79556470467451,0.5956081081081082,0.7722972972972973,0.7773648648648649,0.8236486486486486,0.7103378378378379,False
USDCAD1440_comma,daily,60,200,long_only,slow_slope,0.0025,-0.005827058706224131,-0.8048082700196977,-1.0753874412969477,-0.01961373018833537,-0.2970907955942814,50,0.22,0.7603023442557381,-181.71155356319952,0.7263513513513513,0.731081081081081,0.7108108108108108,0.6256756756756757,0.7093243243243242,False
USDCAD1440_comma,daily,50,200,long_only,fast_slope,0.0,-0.004290966055083945,-0.8771738501927947,-1.196545566714085,-0.014848673497913845,-0.2889797567228346,102,0.27450980392156865,0.8945330538365419,-65.31647195411453,0.606081081081081,0.7719594594594594,0.760472972972973,0.8108108108108109,0.7091385135135135,False
USDCAD1440_comma,daily,75,250,long_only,price_slow,0.0,-0.00576948934711119,-0.8086164956009347,-1.0719432866890581,-0.021274405347101136,-0.27119391837184037,53,0.18867924528301888,0.7857963348710817,-167.16595946330258,0.7195945945945946,0.7148648648648649,0.7121621621621622,0.6658783783783784,0.7088682432432432,False
USDCAD1440_comma,daily,100,400,long_only,price_slow,0.0,-0.005345073262670641,-0.8263190402666819,-1.0783466999108475,-0.017410203758279744,-0.30700808197771334,47,0.14893617021276595,0.7898344588373211,-178.2194420891591,0.6891891891891891,0.7496621621621622,0.7246621621621622,0.6702702702702703,0.7085641891891892,False
USDCAD1440_comma,daily,30,75,long_short,none,0.0,-0.01210907347021084,-0.6888455579453185,-0.9826145568730533,-0.037143543177324004,-0.3260074950954971,76,0.3157894736842105,0.8065981527269424,-218.55875449839527,0.9,0.5513513513513514,0.5260135135135136,0.6945945945945946,0.7072297297297298,False
USDCAD1440_comma,daily,50,100,long_only,slow_slope,0.0,-0.00625825995258078,-0.8103638955169649,-1.09267733094268,-0.02231231100936094,-0.28048461452312945,76,0.23684210526315788,0.8039727412149346,-125.99364080044839,0.7172297297297298,0.7050675675675676,0.702027027027027,0.6905405405405406,0.7071452702702703,False
USDCAD1440_comma,daily,30,75,long_only,combined,0.005,-0.0010919472133824604,-0.9524101573675974,-1.304603076194423,-0.005476226896621525,-0.19939773022482332,82,0.25609756097560976,0.962398271031494,-21.17612873366232,0.46621621621621623,0.864527027027027,0.8682432432432432,0.8689189189189189,0.7066047297297297,False
USDCAD1440_comma,daily,10,100,long_only,none,0.005,-0.005001097106138497,-0.8317409386991435,-1.1231612422388468,-0.020978197822687887,-0.23839498265812986,52,0.2692307692307692,0.8243553289185316,-148.5359435890976,0.677027027027027,0.716554054054054,0.7398648648648649,0.7243243243243244,0.7065709459459459,False
USDCAD1440_comma,daily,10,400,long_only,slow_slope,0.0,-0.005231251542583859,-0.8310256375279886,-1.0936787816063385,-0.017685880667681862,-0.2957868845142182,64,0.21875,0.7996701367782193,-126.02336085473581,0.6780405405405405,0.7472972972972973,0.7280405405405406,0.6854729729729729,0.7064695945945946,False
USDCAD1440_comma,daily,60,500,long_only,price_slow,0.005,-0.005248273695001027,-0.835572145107567,-1.096939293007478,-0.015829229215580515,-0.3315558593235365,35,0.17142857142857143,0.7907868856291931,-231.16327133705607,0.6722972972972973,0.7638513513513514,0.7273648648648648,0.6726351351351352,0.7062499999999999,False
USDCAD1440_comma,daily,75,250,long_only,none,0.0025,-0.006505323468280144,-0.786270311191218,-1.0295004062799737,-0.023376816020348475,-0.27828098842107285,13,0.38461538461538464,0.7542047128346856,-610.5310456039381,0.7523648648648649,0.6962837837837837,0.6959459459459459,0.610472972972973,0.705777027027027,True
USDCAD1440_comma,daily,10,500,long_short,slow_slope,0.001,-0.008878692328334381,-0.7667056771182619,-1.0224242248451643,-0.0248776981145819,-0.35689364375437105,84,0.19047619047619047,0.7685031485304576,-138.1313076198726,0.7878378378378378,0.6841216216216216,0.6195945945945946,0.6378378378378379,0.7057601351351351,False
USDCAD1440_comma,daily,75,100,long_only,slow_slope,0.0,-0.005328343123704227,-0.8151974082374107,-1.0944792918585948,-0.020317090723901133,-0.2622591588586025,69,0.2898550724637681,0.766904970144767,-129.3912037573138,0.7101351351351352,0.7243243243243244,0.725,0.635472972972973,0.7054560810810812,False
USDCAD1440_comma,daily,60,300,long_only,price_slow,0.001,-0.006127369588518894,-0.801241377715019,-1.061481446443711,-0.0236305749857435,-0.2592983705312114,48,0.14583333333333334,0.7756980424812454,-195.5076793791733,0.7320945945945946,0.6956081081081081,0.7050675675675676,0.6496621621621622,0.7052027027027027,False
USDCAD1440_comma,daily,5,100,long_only,price_slow,0.005,-0.005091845613529711,-0.8231953362093565,-1.106232735465906,-0.024696527582299378,-0.2061765807586312,77,0.2857142857142857,0.8280592220916663,-102.06119533059092,0.6932432432432433,0.6854729729729729,0.7347972972972973,0.7287162162162162,0.7049324324324324,False
USDCAD1440_comma,daily,10,100,long_only,price_slow,0.005,-0.0047948680214322525,-0.8361506487075849,-1.1282459743346118,-0.021086868269408553,-0.22738644544900644,61,0.2459016393442623,0.8238970482256193,-121.58599136857265,0.6709459459459459,0.7158783783783784,0.7445945945945946,0.7239864864864864,0.7048648648648648,False
USDCAD1440_comma,daily,10,100,long_only,price_slow,0.0025,-0.005685755337462961,-0.8151774035651672,-1.0930053131241397,-0.02488604444226335,-0.22847163801600323,77,0.24675324675324675,0.8141640563321293,-113.46298803046895,0.710472972972973,0.683445945945946,0.7131756756756756,0.7084459459459459,0.7039527027027027,False
USDCAD1440_comma,daily,40,50,long_only,combined,0.0,-0.003566386691141843,-0.8983768563043611,-1.2134138203981637,-0.014153565399789252,-0.25197797094963414,128,0.265625,0.9081929902436184,-43.49450507537668,0.5702702702702702,0.7797297297297298,0.7861486486486486,0.8233108108108108,0.7037668918918918,False
USDCAD1440_comma,daily,10,200,long_only,slow_slope,0.005,-0.005565617577522386,-0.8230426520373347,-1.1025970288166342,-0.018744169781328535,-0.2969252648931091,56,0.23214285714285715,0.7756551574963539,-152.8516711731358,0.6945945945945946,0.739527027027027,0.7179054054054054,0.6493243243243243,0.7036993243243244,False
USDCAD1440_comma,daily,30,100,long_only,slow_slope,0.001,-0.006048084200163006,-0.8170282594790589,-1.1030716312832176,-0.021901017849053208,-0.2761553934090085,79,0.21518987341772153,0.7942440953832623,-117.32150110127063,0.7067567567567568,0.7097972972972973,0.7070945945945946,0.6777027027027027,0.7032263513513514,False
USDCAD1440_comma,daily,5,500,long_only,slow_slope,0.005,-0.0053945917846857094,-0.8349988671301727,-1.0967156935041174,-0.016062891253529492,-0.33584189169557865,56,0.21428571428571427,0.7813520459686074,-148.34333388237883,0.672972972972973,0.7625,0.722972972972973,0.6577702702702702,0.7030743243243244,False
USDCAD1440_comma,daily,60,500,long_short,slow_slope,0.001,-0.008416793863479821,-0.7715805079359014,-1.0262817853155506,-0.025020624360155553,-0.33639423790252265,75,0.21333333333333335,0.7624115047004624,-154.75328216653264,0.7797297297297298,0.6820945945945946,0.6310810810810811,0.6287162162162162,0.7029391891891893,False
USDCAD1440_comma,daily,30,300,long_only,fast_slope,0.0025,-0.0030236295084534737,-0.9115432328347002,-1.2408609005383286,-0.012680778801624748,-0.23844194081092762,100,0.22,0.9177530578926412,-47.392049918024895,0.5422297297297297,0.7959459459459459,0.8081081081081081,0.8324324324324325,0.7023648648648648,False
USDCAD1440_comma,daily,10,250,long_only,price_slow,0.005,-0.0066852026412064225,-0.8043860934089286,-1.072453561831034,-0.02000138665460761,-0.3342369584993943,43,0.13953488372093023,0.753629950082056,-237.12524650197756,0.727027027027027,0.7277027027027027,0.6891891891891891,0.6091216216216216,0.7019425675675676,False
USDCAD1440_comma,daily,50,400,long_only,none,0.005,-0.006245319016456419,-0.8205228645845062,-1.0758105406394713,-0.01899123376491103,-0.3288527271985626,12,0.16666666666666666,0.7736415202452368,-599.1795798543183,0.7006756756756757,0.7364864864864865,0.7023648648648648,0.6456081081081081,0.7017060810810811,True
USDCAD1440_comma,daily,50,400,long_only,price_slow,0.0025,-0.005592861229525958,-0.819222672070541,-1.082601716136329,-0.01879471596708249,-0.297576257035298,42,0.047619047619047616,0.7558684592792874,-208.13311227344582,0.7033783783783784,0.7391891891891892,0.7158783783783784,0.6138513513513514,0.701402027027027,False
USDCAD1440_comma,daily,5,75,long_only,slow_slope,0.0025,-0.0050822833953440005,-0.8528313851701632,-1.1543616058001538,-0.020439696831538266,-0.24864768970066542,114,0.2982456140350877,0.8528385408615436,-68.8115112121727,0.6472972972972973,0.7233108108108108,0.735472972972973,0.760472972972973,0.7009121621621621,False
USDCAD1440_comma,daily,60,500,long_only,combined,0.0,-0.002640931582218564,-0.9232974617788804,-1.2510685422613774,-0.01048721361296311,-0.25182395245140643,103,0.27184466019417475,0.9166363401876567,-40.30320562657001,0.5182432432432432,0.8182432432432433,0.8192567567567568,0.8307432432432432,0.7003209459459458,False
USDCAD1440_comma,daily,40,100,long_only,slow_slope,0.0025,-0.005137976832218838,-0.8416788994665232,-1.1387511657398504,-0.01861751452563432,-0.2759754437223291,62,0.27419354838709675,0.7973931053084056,-127.85786205423548,0.6648648648648648,0.7405405405405405,0.7320945945945946,0.683445945945946,0.7000168918918919,False
USDCAD1440_comma,daily,30,400,long_only,slow_slope,0.0,-0.0054189838320573,-0.8336667948541967,-1.101588937778368,-0.018381609786648326,-0.29480463870979545,65,0.18461538461538463,0.7850017339088827,-133.6184768049293,0.6746621621621621,0.7435810810810811,0.7222972972972973,0.6648648648648648,0.6999493243243243,False
USDCAD1440_comma,daily,60,400,long_only,combined,0.005,-0.0016772838932597178,-0.9507190324824506,-1.2791509542242219,-0.007645233087817519,-0.21938950375920208,82,0.32926829268292684,0.9435121666510031,-32.38512639375053,0.4706081081081081,0.8483108108108108,0.856081081081081,0.8557432432432432,0.6998986486486487,False
USDCAD1440_comma,daily,40,75,long_only,fast_slope,0.0,-0.004399486296057464,-0.8870382328882997,-1.2091143786112915,-0.015902384281622575,-0.27665576545912585,121,0.2727272727272727,0.8896539788072184,-56.40700063587274,0.5908783783783784,0.7628378378378379,0.7567567567567568,0.8070945945945946,0.6994763513513513,False
USDCAD1440_comma,daily,100,500,long_short,slow_slope,0.001,-0.008267861179321323,-0.7857956176973695,-1.0381011638329771,-0.022996243925595797,-0.35953093931652214,67,0.19402985074626866,0.7692912461752435,-171.23620846641194,0.7530405405405406,0.7,0.6375,0.6381756756756757,0.6994425675675675,False
USDCAD1440_comma,daily,50,500,long_short,none,0.005,-0.008530271877080664,-0.7498164560014637,-1.0045827725842362,-0.025245602541718357,-0.3378913956592793,21,0.19047619047619047,0.7105344655820861,-558.004599664991,0.8172297297297297,0.677027027027027,0.6263513513513513,0.5165540540540541,0.6989020270270271,False
USDCAD1440_comma,daily,60,75,long_only,none,0.0025,-0.00240798837494538,-0.9155357159637713,-1.2360614291437613,-0.012627283185627449,-0.19069726555956124,40,0.4,0.8855648756598972,-94.79183638799644,0.5341216216216216,0.7966216216216216,0.8280405405405405,0.8027027027027027,0.6988175675675676,False
USDCAD1440_comma,daily,50,100,long_only,price_slow,0.001,-0.004277019683939787,-0.8381320699672486,-1.1346384979218824,-0.025518182783616287,-0.16760675006551828,78,0.3076923076923077,0.8424218382508872,-85.1450927618805,0.6672297297297297,0.6719594594594595,0.7611486486486486,0.7439189189189189,0.6986993243243244,False
USDCAD1440_comma,daily,30,500,long_only,fast_slope,0.0025,-0.0023896895233777027,-0.9357749381467282,-1.2718900772928272,-0.009291772163125229,-0.2571833963881811,101,0.2376237623762376,0.9359600823500639,-37.261138329682844,0.4929054054054054,0.8324324324324325,0.8293918918918919,0.8496621621621622,0.698597972972973,False
USDCAD1440_comma,daily,30,250,long_short,slow_slope,0.001,-0.009851716515437814,-0.7413471431723233,-0.9927949330993765,-0.028603730011461524,-0.3444206930875878,80,0.2375,0.7406057948994318,-164.274188973034,0.8327702702702703,0.6412162162162162,0.5864864864864865,0.5847972972972973,0.6984290540540541,False
USDCAD1440_comma,daily,20,200,long_short,none,0.0,-0.011708153918987607,-0.6926930119243825,-0.9782671998426493,-0.03569413309223826,-0.32801339897322124,48,0.22916666666666666,0.7521864762274366,-315.18904414647835,0.8962837837837838,0.5645270270270271,0.5391891891891892,0.606081081081081,0.6983952702702704,False
USDCAD1440_comma,daily,30,250,long_short,slow_slope,0.0025,-0.00974241016537769,-0.7451632317878306,-0.9984540775801987,-0.028781796117574993,-0.33849208456551794,78,0.23076923076923078,0.748680439833859,-167.8009770651737,0.8263513513513514,0.6391891891891892,0.5905405405405405,0.5993243243243244,0.6983445945945946,False
USDCAD1440_comma,daily,5,500,long_only,price_slow,0.001,-0.0068849491182850775,-0.8032753175752603,-1.0532417252631838,-0.019860446262749337,-0.34666638539732264,56,0.125,0.7399676602487146,-187.24083076527668,0.7280405405405406,0.7300675675675675,0.6831081081081081,0.5837837837837838,0.6979222972972973,False
USDCAD1440_comma,daily,5,100,long_only,slow_slope,0.0,-0.006405078593276992,-0.8231061157285384,-1.1066097029066704,-0.022032661574708547,-0.2907083454969157,96,0.2604166666666667,0.8054431016181809,-101.97370868127497,0.6939189189189189,0.7077702702702703,0.6976351351351351,0.6925675675675675,0.6979222972972973,False
USDCAD1440_comma,daily,5,500,long_only,price_slow,0.0,-0.006935534479713512,-0.8012351288599884,-1.0501499085606039,-0.020330159910616517,-0.34114510216379257,61,0.09836065573770492,0.7382010978795708,-173.09118193345776,0.7324324324324324,0.7239864864864864,0.6810810810810811,0.581418918918919,0.6973986486486486,False
USDCAD1440_comma,daily,50,75,long_only,combined,0.005,-0.00045493283270803264,-0.9790928515557205,-1.3473553681689587,-0.0028621704660471694,-0.15894679862877714,45,0.37777777777777777,0.9775929886965574,-16.153627391000455,0.4222972972972973,0.879054054054054,0.8831081081081081,0.8773648648648649,0.6969087837837838,False
USDCAD1440_comma,daily,30,75,long_short,price_slow,0.005,-0.007736961521067065,-0.8048805445080135,-1.0867656615795245,-0.027755273284055876,-0.2787564525805477,105,0.3238095238095238,0.8500471284960496,-100.78485000386375,0.7260135135135135,0.6503378378378378,0.6516891891891892,0.7560810810810811,0.6967398648648648,False
USDCAD1440_comma,daily,75,150,long_only,price_slow,0.001,-0.005260195690574787,-0.844784564389805,-1.131166613005141,-0.01948309865623065,-0.2699876330448385,60,0.25,0.8062467717967595,-135.13956382091413,0.660472972972973,0.7320945945945946,0.7266891891891892,0.6939189189189189,0.6966385135135135,False
USDCAD1440_comma,daily,30,500,long_only,combined,0.005,-0.001268721591779931,-0.9689274239148055,-1.3231903256882875,-0.005674946638832639,-0.2235653782360344,95,0.23157894736842105,0.9622054372259358,-21.20926861744987,0.44256756756756754,0.8631756756756757,0.8638513513513514,0.8679054054054054,0.695777027027027,False
USDCAD1440_comma,daily,10,50,long_only,slow_slope,0.0,-0.00538289222980326,-0.8665252095087442,-1.1651765101171463,-0.018947591980132048,-0.2840937378980728,122,0.2459016393442623,0.8690992752607771,-67.95026267891942,0.6236486486486487,0.7368243243243243,0.7239864864864864,0.7814189189189189,0.6956756756756757,False
USDCAD1440_comma,daily,40,150,long_only,price_slow,0.005,-0.00511662054264761,-0.8440920690305751,-1.1340507016003527,-0.019418934749882693,-0.2634861596967114,49,0.30612244897959184,0.7895506574708226,-161.13250869593693,0.6631756756756757,0.7327702702702703,0.7337837837837838,0.668581081081081,0.6955067567567568,False
USDCAD1440_comma,daily,30,500,long_only,price_slow,0.005,-0.006101615323291787,-0.8283291552261967,-1.0934848191757887,-0.018178099505656645,-0.33565749386469645,40,0.15,0.760214010941495,-233.66783319723217,0.6847972972972973,0.7445945945945946,0.7054054054054054,0.6246621621621622,0.6948479729729731,False
USDCAD1440_comma,daily,10,200,long_only,slow_slope,0.001,-0.006593870196788365,-0.8173975643427731,-1.0926785781400947,-0.021755185297572165,-0.3030941868155096,62,0.22580645161290322,0.7656288761785235,-162.32105012052833,0.706081081081081,0.7111486486486487,0.6925675675675675,0.6331081081081081,0.6936993243243244,False
USDCAD1440_comma,daily,30,400,long_only,fast_slope,0.0025,-0.002208096164456941,-0.9430840500123064,-1.2849542884066945,-0.009801313889834611,-0.22528573100256055,99,0.24242424242424243,0.9371331641701139,-35.1729732121156,0.4820945945945946,0.8239864864864865,0.8364864864864865,0.8503378378378378,0.6936824324324324,False
USDCAD1440_comma,daily,5,500,long_only,price_slow,0.0025,-0.006773958977619232,-0.8106790761199721,-1.059222991865584,-0.019662568357282636,-0.3445103841233583,55,0.12727272727272726,0.7367569552693523,-187.72643709562385,0.7168918918918918,0.7307432432432432,0.6864864864864865,0.5787162162162162,0.6935472972972972,False
USDCAD1440_comma,daily,20,250,long_short,slow_slope,0.001,-0.010039472730026033,-0.7462169124828452,-0.9986683501088164,-0.028412189589220125,-0.3533508988633214,81,0.20987654320987653,0.7357449580802204,-165.6499194736064,0.8236486486486486,0.6425675675675676,0.581418918918919,0.5777027027027027,0.6930405405405405,False
USDCAD1440_comma,daily,40,75,long_only,slow_slope,0.001,-0.005290265403731231,-0.8505934619772526,-1.1430727890282886,-0.021874802575488385,-0.2418428868317738,85,0.3058823529411765,0.8296628257998548,-95.91647235347016,0.6506756756756756,0.710472972972973,0.7260135135135135,0.7300675675675675,0.6926013513513514,False
USDCAD1440_comma,daily,50,250,long_short,none,0.001,-0.010761814949676651,-0.6921637031787297,-0.958952727490779,-0.034761469626482085,-0.30959033278265236,29,0.2413793103448276,0.7088177850242086,-418.8466659078702,0.8969594594594594,0.5746621621621621,0.5638513513513513,0.5131756756756757,0.692195945945946,False
USDCAD1440_comma,daily,100,500,long_only,price_slow,0.001,-0.006099561292892575,-0.836318888574038,-1.0886001230735909,-0.017708272263570864,-0.3444470020624475,49,0.14285714285714285,0.7699337082394185,-190.68794899389064,0.6706081081081081,0.7466216216216216,0.7057432432432432,0.6388513513513514,0.691875,False
USDCAD1440_comma,daily,20,400,long_only,slow_slope,0.001,-0.005669444074892893,-0.8412571969876333,-1.1096576392403428,-0.019076514185673403,-0.2971949707222028,64,0.203125,0.7818351856300098,-136.13505177477407,0.6655405405405406,0.7358108108108108,0.7138513513513514,0.6591216216216216,0.6918074324324325,False
USDCAD1440_comma,daily,50,200,long_only,price_slow,0.005,-0.006094859639669159,-0.8451231767955043,-1.135929952491903,-0.019211562041012858,-0.317249561834579,54,0.2037037037037037,0.798111550615865,-172.90432262344106,0.6594594594594595,0.7344594594594595,0.706081081081081,0.6841216216216216,0.691233108108108,False
USDCAD1440_comma,daily,30,200,long_short,none,0.0025,-0.011083942178041428,-0.7062417021975514,-0.9731527733818766,-0.034628162118010626,-0.32008462188284903,40,0.25,0.725627476875917,-376.4854526778894,0.8831081081081081,0.5756756756756757,0.5554054054054054,0.5523648648648649,0.691097972972973,False
USDCAD1440_comma,daily,5,100,long_only,none,0.005,-0.00547937178271074,-0.8272123771730466,-1.111844758164041,-0.026890932211781068,-0.2037628052295709,73,0.273972602739726,0.8166210854572807,-115.51314825713371,0.6875,0.6577702702702702,0.7216216216216216,0.7148648648648649,0.6909966216216217,False
USDCAD1440_comma,daily,75,300,long_only,price_slow,0.001,-0.00647944252450372,-0.8181165042723855,-1.0785832006371456,-0.02390367802036394,-0.2710646670769149,54,0.12962962962962962,0.772297975075525,-183.29010490482813,0.7054054054054054,0.6918918918918919,0.6969594594594595,0.6422297297297297,0.6908614864864866,False
USDCAD1440_comma,daily,30,300,long_only,slow_slope,0.0,-0.0060477084099881395,-0.8072470275331379,-1.06531436123603,-0.025759548142366407,-0.23477540741646585,53,0.20754716981132076,0.7577793188459606,-174.86506775265292,0.7219594594594595,0.6702702702702703,0.7074324324324325,0.6192567567567567,0.6907263513513514,False
USDCAD1440_comma,daily,10,50,long_short,none,0.001,-0.011957019391303558,-0.7029899683208238,-0.9857572291423745,-0.042885036556539406,-0.2788156511313564,126,0.30158730158730157,0.8252234666574169,-137.90431323865937,0.8875,0.4817567567567568,0.5304054054054054,0.7260135135135135,0.6904222972972972,False
USDCAD1440_comma,daily,50,250,long_short,slow_slope,0.001,-0.010175702397609121,-0.7409274128013372,-0.9912668692637984,-0.0296394338255148,-0.3433163554173384,78,0.20512820512820512,0.7282047318903241,-174.1705984612366,0.8334459459459459,0.6283783783783784,0.5780405405405405,0.5608108108108109,0.6902027027027027,False
USDCAD1440_comma,daily,75,300,long_only,none,0.005,-0.006322590560306818,-0.8053699934438606,-1.0535621756551408,-0.020250389661869594,-0.31222068641039136,12,0.3333333333333333,0.7132602689363896,-717.3170055819681,0.7253378378378378,0.7253378378378378,0.7003378378378379,0.5239864864864865,0.6901351351351351,True
USDCAD1440_comma,daily,30,50,long_short,fast_slope,0.0,-0.010662938129475608,-0.7710188112676143,-1.0462829366762922,-0.03337180921643139,-0.3195193302323406,217,0.3087557603686636,0.8660087554518309,-73.54698546877027,0.7804054054054054,0.5898648648648649,0.5679054054054054,0.777027027027027,0.6897635135135136,False
USDCAD1440_comma,daily,30,150,long_only,slow_slope,0.0025,-0.0060162440901946335,-0.8186189098911408,-1.0956401602083723,-0.022752136648850067,-0.2644254552021911,58,0.29310344827586204,0.7519352315350872,-158.99633090499356,0.7043918918918919,0.7016891891891892,0.7081081081081081,0.6043918918918919,0.6894594594594594,False
USDCAD1440_comma,daily,75,200,long_only,fast_slope,0.0,-0.0051370094003871936,-0.8573253818560143,-1.154743049095642,-0.020970434437390963,-0.2449643766667866,92,0.30434782608695654,0.8235930582837295,-86.14947737726905,0.6375,0.7168918918918918,0.7324324324324324,0.7233108108108108,0.6892060810810812,False
USDCAD1440_comma,daily,30,150,long_only,combined,0.005,-0.002405867576346199,-0.9344574213418384,-1.2804227593760487,-0.012496092453495597,-0.19252959157429994,96,0.2916666666666667,0.9202137904741151,-39.46243875206622,0.49527027027027026,0.7993243243243243,0.8283783783783784,0.835472972972973,0.6889358108108108,False
USDCAD1440_comma,daily,30,250,long_only,combined,0.0025,-0.0028707045886744442,-0.9313719962169608,-1.2668193605748244,-0.012363698039480304,-0.2321881834631988,98,0.22448979591836735,0.9188289443836947,-45.965907400452494,0.5016891891891891,0.8010135135135135,0.8135135135135135,0.8337837837837838,0.6886993243243243,False
USDCAD1440_comma,daily,50,250,long_only,combined,0.0025,-0.003473935791054039,-0.9184264421135448,-1.2541911085315025,-0.0130347996089094,-0.2665124048918691,98,0.2755102040816326,0.9014078693813055,-55.37471147037926,0.5277027027027027,0.7885135135135135,0.7902027027027027,0.8152027027027027,0.6885304054054054,False
USDCAD1440_comma,daily,60,100,long_only,none,0.001,-0.006335943666680444,-0.8111309495147275,-1.0837588965719689,-0.024153626375448566,-0.26231852593036464,31,0.3548387096774194,0.7486512214034743,-312.5414406486232,0.7158783783783784,0.6898648648648649,0.6989864864864865,0.5989864864864864,0.6884628378378379,False
USDCAD1440_comma,daily,40,100,long_short,none,0.0,-0.012369246611555584,-0.6951717010320969,-0.9935498990062273,-0.03953443982703617,-0.3128726919028382,66,0.3181818181818182,0.7752408232341726,-251.33018995791585,0.8945945945945946,0.5162162162162162,0.5206081081081081,0.6486486486486487,0.6883108108108108,False
USDCAD1440_comma,daily,75,400,long_only,fast_slope,0.001,-0.0034079430567703906,-0.9127492157666273,-1.219104226006462,-0.014472572506258831,-0.23547597051571767,87,0.3333333333333333,0.8818863242296361,-61.221349450130724,0.5402027027027027,0.7753378378378378,0.7929054054054054,0.7972972972972973,0.6880912162162162,False
USDCAD1440_comma,daily,10,500,long_short,slow_slope,0.0,-0.009628783411515296,-0.7733965458923555,-1.031708932483019,-0.026192525306033918,-0.36761569566173646,89,0.19101123595505617,0.7555756345899909,-143.9333580530453,0.7763513513513514,0.6648648648648648,0.5949324324324324,0.6135135135135135,0.6877702702702703,False
USDCAD1440_comma,daily,40,500,long_short,none,0.0025,-0.009711912963282443,-0.737840829319085,-1.0046647685467944,-0.028766079871050277,-0.3376168392362825,25,0.16,0.7002248262731355,-529.2880150017774,0.8378378378378378,0.639527027027027,0.5918918918918918,0.49527027027027026,0.6876858108108108,False
USDCAD1440_comma,daily,10,75,long_only,slow_slope,0.005,-0.004353828471756249,-0.8794410893744752,-1.1957407725824791,-0.021083357324627194,-0.20650546327698005,90,0.2777777777777778,0.8635214695705057,-75.07460422257995,0.602027027027027,0.7162162162162162,0.7581081081081081,0.772972972972973,0.6874324324324325,False
USDCAD1440_comma,daily,50,500,long_short,slow_slope,0.0,-0.009443064711302074,-0.7691834958741092,-1.029923493320321,-0.027435427987327277,-0.34419236017254506,74,0.1891891891891892,0.7468579558628904,-175.46324353313386,0.7844594594594595,0.6537162162162162,0.6013513513513513,0.5956081081081082,0.6868243243243244,False
USDCAD1440_comma,daily,20,100,long_short,none,0.005,-0.00976526302087699,-0.7402407618922734,-1.0060400097317048,-0.037977467507563416,-0.25713307552516995,66,0.3484848484848485,0.7904717198098035,-202.88933223743794,0.8347972972972973,0.5364864864864864,0.589527027027027,0.6719594594594595,0.6867398648648648,False
USDCAD1440_comma,daily,100,150,long_only,none,0.001,-0.007187169310336139,-0.8136824732691627,-1.0784639130780378,-0.023826045854204215,-0.3016517870533658,22,0.36363636363636365,0.7589623528347428,-424.7274291337037,0.7125,0.6932432432432433,0.6722972972972973,0.6226351351351351,0.6861655405405406,False
USDCAD1440_comma,daily,30,75,long_short,fast_slope,0.005,-0.006894211732448641,-0.8543812553892668,-1.1539558883518137,-0.02428520564888517,-0.28388525228589634,134,0.291044776119403,0.8802768302696932,-72.96890636644852,0.6449324324324325,0.6885135135135135,0.6827702702702703,0.7962837837837838,0.686097972972973,False
USDCAD1440_comma,daily,60,400,long_only,price_slow,0.0025,-0.005866652301621866,-0.8366047695978682,-1.1003824854504858,-0.01957609493636116,-0.29968450401846947,41,0.07317073170731707,0.7576718813929373,-223.01492888384232,0.6699324324324324,0.7317567567567568,0.7101351351351352,0.6185810810810811,0.6857263513513514,False
USDCAD1440_comma,daily,30,400,long_only,slow_slope,0.0025,-0.005611778677561352,-0.8483619992735832,-1.1208657899543821,-0.019773483244031175,-0.28380324337925256,57,0.17543859649122806,0.7721979833369182,-151.36358667098702,0.6564189189189189,0.7304054054054054,0.7152027027027027,0.6418918918918919,0.6844932432432432,False
USDCAD1440_comma,daily,75,400,long_only,price_slow,0.005,-0.005568461397321589,-0.8541258300252172,-1.1226433792626134,-0.018797684534818036,-0.29623123991720357,35,0.11428571428571428,0.7749854806073722,-248.7337820757632,0.6459459459459459,0.7385135135135135,0.7175675675675676,0.6483108108108108,0.6837668918918918,False
USDCAD1440_comma,daily,10,75,long_only,slow_slope,0.0025,-0.0049594229112450705,-0.8687783329615159,-1.1754801881212316,-0.02298479876885663,-0.21576969026872084,94,0.2765957446808511,0.8451716943649131,-81.50939907328826,0.6199324324324325,0.7006756756756757,0.7405405405405405,0.7479729729729729,0.683445945945946,False
USDCAD1440_comma,daily,20,100,long_only,slow_slope,0.005,-0.005145392038048202,-0.8619304371479345,-1.1703997676649678,-0.02018432514010759,-0.2549201918980173,61,0.2459016393442623,0.8041929593048487,-130.13425969631317,0.6287162162162162,0.7260135135135135,0.731418918918919,0.691554054054054,0.6830067567567567,False
USDCAD1440_comma,daily,30,500,long_short,none,0.001,-0.010390825447495144,-0.7325664785569661,-1.0062255074065845,-0.02983246295163476,-0.34830598681513647,30,0.13333333333333333,0.6963102680019702,-449.8403336408828,0.845945945945946,0.6260135135135135,0.5743243243243243,0.4871621621621622,0.6828209459459461,False
USDCAD1440_comma,daily,100,400,long_only,slow_slope,0.0,-0.006062266614921152,-0.8499616600249491,-1.107098565194392,-0.020482404312283972,-0.2959743652401887,60,0.26666666666666666,0.7843055198538144,-160.4591951325438,0.652027027027027,0.722972972972973,0.7067567567567568,0.6621621621621622,0.6822297297297298,False
USDCAD1440_comma,daily,100,400,long_only,price_slow,0.001,-0.006188321908614847,-0.8479492817559826,-1.1086533613908112,-0.019281550485314672,-0.3209452431394474,45,0.1111111111111111,0.7648633549840697,-213.64031772886773,0.6567567567567567,0.7334459459459459,0.7033783783783784,0.6317567567567568,0.6815033783783784,False
USDCAD1440_comma,daily,10,75,long_short,none,0.005,-0.010149237457119709,-0.7517989638235248,-1.0169219940850847,-0.03917227032263868,-0.25909239810525353,106,0.330188679245283,0.828664373138241,-133.206692262712,0.8135135135135135,0.5202702702702703,0.5790540540540541,0.7290540540540541,0.6806418918918918,False
USDCAD1440_comma,daily,50,150,long_only,slow_slope,0.0025,-0.006655190337542249,-0.8381138630781843,-1.118520222828787,-0.022509407812313156,-0.29566261329637067,57,0.3157894736842105,0.7852422837339886,-145.72843922674022,0.6675675675675675,0.7033783783783784,0.6898648648648649,0.6652027027027027,0.680625,False
USDCAD1440_comma,daily,40,250,long_short,none,0.005,-0.01013487717901107,-0.7162209158880992,-0.9728217487022136,-0.03323958735816892,-0.30490382054999654,32,0.1875,0.6871918226943434,-418.4466564743658,0.8675675675675676,0.5922297297297298,0.5793918918918919,0.4618243243243243,0.6802364864864864,False
USDCAD1440_comma,daily,20,300,long_only,slow_slope,0.005,-0.005502000211876301,-0.8199132076601265,-1.0834404826545496,-0.025997556567292895,-0.21163528186330705,42,0.19047619047619047,0.742596355146045,-201.56805655663734,0.7016891891891892,0.6662162162162162,0.7206081081081082,0.5868243243243243,0.6793750000000001,False
USDCAD1440_comma,daily,40,75,long_short,slow_slope,0.005,-0.007666023933479593,-0.821596842540423,-1.110354947176416,-0.029003914978085812,-0.2643099712322192,79,0.31645569620253167,0.8343257188093453,-133.23686419643474,0.6976351351351351,0.6351351351351351,0.6554054054054054,0.7358108108108108,0.6792905405405405,False
USDCAD1440_comma,daily,30,200,long_only,combined,0.0,-0.0033972933918559045,-0.9260667119529791,-1.2584538552749294,-0.015366478861575689,-0.2210847014764672,102,0.23529411764705882,0.9052167947213366,-52.05917122614786,0.5121621621621621,0.7679054054054054,0.793918918918919,0.8195945945945946,0.6785641891891893,False
USDCAD1440_comma,daily,50,75,long_only,slow_slope,0.0,-0.005939757648931621,-0.8523624832300574,-1.1414237060422447,-0.024883915389730896,-0.23869867566672576,90,0.26666666666666666,0.8119490948863977,-101.21917052409194,0.65,0.6837837837837838,0.7094594594594594,0.7033783783783784,0.6783445945945945,False
USDCAD1440_comma,daily,60,400,long_only,combined,0.001,-0.0028326449501858697,-0.9467563168496294,-1.2751528290230976,-0.012107146333223804,-0.23396470747302955,90,0.3111111111111111,0.9115802739338871,-49.4022388142254,0.4760135135135135,0.8033783783783783,0.8148648648648649,0.8273648648648648,0.6783277027027027,False
USDCAD1440_comma,daily,50,500,long_short,none,0.0025,-0.01012542701700514,-0.7502851942525887,-1.0172355780048064,-0.029747524499471278,-0.3403788109220687,19,0.15789473684210525,0.7121403342952498,-630.2029760109131,0.816554054054054,0.6273648648648649,0.5797297297297297,0.5216216216216216,0.6776520270270271,True
USDCAD1440_comma,daily,40,500,long_short,slow_slope,0.0,-0.009829969398929883,-0.7759211231247748,-1.0424757114977974,-0.02797013041912159,-0.351445247184464,78,0.1794871794871795,0.7480127687809766,-174.38922411833633,0.7712837837837838,0.647972972972973,0.5875,0.5972972972972973,0.6776013513513515,False
USDCAD1440_comma,daily,75,500,long_only,price_slow,0.005,-0.006029138105342335,-0.8596545086169477,-1.1236500647219723,-0.017821017958388037,-0.3383161455434439,36,0.19444444444444445,0.7709401224990342,-256.68515866655105,0.6334459459459459,0.7462837837837838,0.7077702702702703,0.6405405405405405,0.6775844594594594,False
USDCAD1440_comma,daily,60,75,long_only,price_slow,0.0,-0.004408093271190627,-0.8915614385991314,-1.2065125261247125,-0.02064211029231832,-0.21354857661190962,92,0.25,0.8476724666391913,-74.32783599724681,0.5827702702702703,0.7195945945945946,0.7554054054054054,0.7523648648648649,0.6769425675675677,False
USDCAD1440_comma,daily,50,75,long_only,combined,0.0,-0.00418146120951679,-0.913164289287369,-1.2461587276054586,-0.016191984720565985,-0.2582426602839969,111,0.2972972972972973,0.8740755445698557,-58.53661011955208,0.5385135135135135,0.7611486486486486,0.7631756756756757,0.7898648648648648,0.6768074324324325,False
USDCAD1440_comma,daily,5,300,long_only,slow_slope,0.0025,-0.006375144338281014,-0.8276136187927818,-1.0879552325973159,-0.025203684619480828,-0.25294493382739114,56,0.19642857142857142,0.7575873509552342,-174.03377318902815,0.6861486486486487,0.6783783783783783,0.6986486486486486,0.6172297297297298,0.6763682432432433,False
USDCAD1440_comma,daily,60,400,long_only,slow_slope,0.001,-0.006229362975112118,-0.8545388174083249,-1.1242496772601127,-0.020498990346383097,-0.30388633146564925,56,0.23214285714285715,0.7745148369178525,-176.26493695358593,0.6442567567567568,0.7226351351351351,0.7027027027027027,0.6469594594594594,0.675945945945946,False
USDCAD1440_comma,daily,100,300,long_only,slow_slope,0.005,-0.005655707545828004,-0.8547055801830088,-1.1288258661210553,-0.02027293138263848,-0.2789782808948631,44,0.18181818181818182,0.7613635181588455,-197.55503238458843,0.643918918918919,0.725,0.714527027027027,0.6266891891891891,0.6757263513513514,False
USDCAD1440_comma,daily,20,50,long_short,none,0.005,-0.00821847524355479,-0.7994192706876785,-1.0840738741235294,-0.035747104662477165,-0.22990603913668894,104,0.3076923076923077,0.8455081878680317,-119.71199849317131,0.7364864864864865,0.5631756756756757,0.639527027027027,0.7493243243243243,0.6756925675675677,False
USDCAD1440_comma,daily,30,400,long_short,combined,0.0025,-0.0038398118402012127,-0.9245828726625225,-1.259126429547906,-0.016593861737798355,-0.23139953200011854,136,0.2647058823529412,0.916017931445506,-41.36382176830192,0.5158783783783784,0.7564189189189189,0.775,0.8300675675675676,0.6749662162162162,False
USDCAD1440_comma,daily,75,150,long_only,price_slow,0.0,-0.006557665082092989,-0.8493106239942216,-1.136168657209906,-0.02281261456182238,-0.2874578476886839,65,0.23076923076923078,0.780323434780203,-154.02058130789501,0.6543918918918918,0.7013513513513514,0.6939189189189189,0.6560810810810811,0.6742905405405406,False
USDCAD1440_comma,daily,75,500,long_only,price_slow,0.0025,-0.0065079137155775735,-0.8547193502053946,-1.1158409962334674,-0.01879696487908085,-0.34622151807179435,40,0.15,0.7579703743931502,-248.47638116265404,0.643581081081081,0.7388513513513514,0.6952702702702702,0.6202702702702703,0.6742398648648649,False
USDCAD1440_comma,daily,75,300,long_only,price_slow,0.0025,-0.00671849945860481,-0.8333439254717776,-1.0965676374640234,-0.02434356652393844,-0.2759866534756984,52,0.17307692307692307,0.7615573179174524,-197.01227147658955,0.6760135135135135,0.6878378378378378,0.6885135135135135,0.6273648648648649,0.6741722972972973,False
USDCAD1440_comma,daily,75,300,long_only,price_slow,0.0,-0.006981994805337566,-0.8210334542384305,-1.0827595384289337,-0.026655902595868544,-0.2619305341556778,55,0.14545454545454545,0.7566323386357685,-193.19326121887596,0.6996621621621621,0.6601351351351351,0.6793918918918919,0.6155405405405405,0.6731081081081082,False
USDCAD1440_comma,daily,30,250,long_only,fast_slope,0.0025,-0.0040487362463144105,-0.9223868358789447,-1.25595462988309,-0.01654431820980734,-0.24472064638567892,104,0.2403846153846154,0.8966350012769873,-60.55340770942375,0.5195945945945946,0.7570945945945946,0.7679054054054054,0.8125,0.6725675675675675,False
USDCAD1440_comma,daily,20,75,long_only,slow_slope,0.001,-0.00614755572213177,-0.8591087976906833,-1.162482143936035,-0.024794470218963593,-0.24794059594102258,94,0.2765957446808511,0.8146448352706551,-100.1475795823491,0.6344594594594595,0.6847972972972973,0.7040540540540541,0.7094594594594594,0.6722128378378378,False
USDCAD1440_comma,daily,50,500,long_only,fast_slope,0.0025,-0.0032874078520849226,-0.9448609913303677,-1.2792357780618682,-0.012792191011576515,-0.2569855194555746,97,0.30927835051546393,0.9047575998051938,-53.015482154368506,0.4783783783783784,0.793918918918919,0.797972972972973,0.8185810810810811,0.6722128378378378,False
USDCAD1440_comma,daily,20,250,long_short,none,0.0025,-0.01200802313160687,-0.7165024685575285,-0.9870214157875821,-0.034222456031050986,-0.3508813955582749,42,0.21428571428571427,0.7003394754813825,-378.91374636371387,0.8665540540540541,0.5807432432432432,0.5287162162162162,0.49594594594594593,0.6719425675675675,False
USDCAD1440_comma,daily,30,100,long_only,fast_slope,0.0,-0.005167637441719886,-0.90478753162854,-1.2282094159460277,-0.01941052137911204,-0.2662286777768298,116,0.2672413793103448,0.8760738886616215,-68.7171492298259,0.5560810810810811,0.7331081081081081,0.731081081081081,0.7918918918918919,0.6707094594594594,False
USDCAD1440_comma,daily,75,400,long_only,slow_slope,0.0025,-0.005986039776780361,-0.8644577040435186,-1.1362287341343733,-0.02056264692584594,-0.29111231634563006,50,0.22,0.7783129772324053,-190.32728957289027,0.6263513513513513,0.7216216216216216,0.7084459459459459,0.6533783783783784,0.6706418918918918,False
USDCAD1440_comma,daily,30,300,long_only,slow_slope,0.001,-0.006401957407856984,-0.8194342692738011,-1.0823074739014917,-0.027619777197499012,-0.2317888867125505,49,0.20408163265306123,0.7373576483335139,-199.6924992094842,0.7023648648648648,0.652027027027027,0.697972972972973,0.5797297297297297,0.6705067567567567,False
USDCAD1440_comma,daily,30,100,long_short,price_slow,0.005,-0.009564404382770841,-0.7812315688853698,-1.0543320584939935,-0.03545066561746905,-0.2697947758153738,99,0.29292929292929293,0.8105022344594396,-128.6522806876378,0.7591216216216217,0.5682432432432433,0.597972972972973,0.7010135135135135,0.6704560810810811,False
USDCAD1440_comma,daily,5,300,long_only,slow_slope,0.0,-0.006525333370588249,-0.8230795766023224,-1.0790236537085807,-0.02697477039067413,-0.24190505706192122,63,0.2222222222222222,0.7481084940560246,-158.16460359848887,0.6942567567567568,0.6560810810810811,0.6949324324324324,0.5976351351351351,0.6703547297297298,False
USDCAD1440_comma,daily,30,150,long_only,fast_slope,0.001,-0.004402119082442257,-0.9180943766071613,-1.245974095227985,-0.01755523322309108,-0.2507582227191365,101,0.26732673267326734,0.8854303731549759,-67.61581649686187,0.5287162162162162,0.7486486486486487,0.7564189189189189,0.8023648648648649,0.6702871621621622,False
USDCAD1440_comma,daily,100,200,long_only,fast_slope,0.0,-0.006997064894835647,-0.8563814282998935,-1.151084932733033,-0.022044611829200606,-0.3174047676161499,67,0.2835820895522388,0.7941791169864761,-126.78397665435217,0.639527027027027,0.7074324324324325,0.6787162162162163,0.6773648648648649,0.670016891891892,False
USDCAD1440_comma,daily,60,150,long_short,none,0.001,-0.011837145714870712,-0.7079323358845615,-0.9757032181803948,-0.03766412548428146,-0.3142817087260067,44,0.25,0.7004240407657762,-373.8376952721475,0.8810810810810811,0.5432432432432432,0.535472972972973,0.4966216216216216,0.6698310810810811,False
USDCAD1440_comma,daily,30,50,long_short,none,0.005,-0.006501795825827328,-0.8741491616350705,-1.201950756498272,-0.02516808749075965,-0.25833491830535127,91,0.4175824175824176,0.8643280381882724,-103.22508337042865,0.6111486486486486,0.6790540540540541,0.6962837837837837,0.7733108108108108,0.6694763513513513,False
USDCAD1440_comma,daily,60,500,long_short,none,0.001,-0.01075567928108856,-0.745582150573958,-1.0112280800591444,-0.03168090966951742,-0.3395003297975817,22,0.3181818181818182,0.6994753635255485,-602.8156470924586,0.825,0.6101351351351352,0.5641891891891891,0.49324324324324326,0.6693581081081081,False
USDCAD1440_comma,daily,75,500,long_only,price_slow,0.001,-0.006960595506516953,-0.8449465973132994,-1.1077719348723833,-0.020384129927513768,-0.3414713078884859,45,0.13333333333333333,0.7435626525514349,-235.43876699734523,0.6597972972972973,0.7236486486486486,0.6804054054054054,0.589527027027027,0.6693412162162162,False
USDCAD1440_comma,daily,50,150,long_short,none,0.001,-0.012051097277513412,-0.7103965044851606,-0.9847767542636245,-0.03941376444843402,-0.30575859591590526,45,0.4,0.7251210532923549,-354.44457292301234,0.8780405405405406,0.5179054054054054,0.5280405405405405,0.5516891891891892,0.669054054054054,False
USDCAD1440_comma,daily,20,100,long_short,price_slow,0.0025,-0.011384021392196964,-0.7546523424886233,-1.0248361744843113,-0.038486639200437434,-0.2957915169705848,130,0.23846153846153847,0.8026283900562988,-117.29317743229598,0.8094594594594594,0.5297297297297298,0.5462837837837838,0.6888513513513513,0.6688006756756757,False
USDCAD1440_comma,daily,60,400,long_only,combined,0.0,-0.0030689084531093647,-0.9517751176123584,-1.2815765431264208,-0.012956111686585666,-0.23686955834803525,92,0.30434782608695654,0.9049272826915621,-52.26681647977067,0.46756756756756757,0.7912162162162162,0.8054054054054054,0.8189189189189189,0.6687500000000001,False
USDCAD1440_comma,daily,10,200,long_only,slow_slope,0.0025,-0.0070717438319497505,-0.835895322527876,-1.1150227138214306,-0.023290007175883094,-0.3036385424248633,60,0.21666666666666667,0.75088646005059,-179.25086734979146,0.6716216216216216,0.6972972972972973,0.6763513513513514,0.602027027027027,0.6685472972972973,False
USDCAD1440_comma,daily,20,500,long_short,slow_slope,0.001,-0.009611147783538332,-0.7808705620579879,-1.0437239073820024,-0.028346598690905226,-0.33905823722766393,80,0.1875,0.7274338875134112,-164.75130025696131,0.760472972972973,0.643581081081081,0.5956081081081082,0.5570945945945946,0.6677702702702704,False
USDCAD1440_comma,daily,20,300,long_short,none,0.0025,-0.011753365912001046,-0.7309848145204481,-0.9979986439995653,-0.03228255683319072,-0.3640779128100856,38,0.18421052631578946,0.689247365007685,-413.1372923117001,0.8489864864864864,0.6023648648648648,0.5375,0.46655405405405403,0.667668918918919,False
USDCAD1440_comma,daily,50,500,long_short,slow_slope,0.0025,-0.00939183259077958,-0.7972208291882346,-1.06215490435795,-0.026776112339913293,-0.3507541524906074,67,0.16417910447761194,0.7350060446444724,-194.58285611797032,0.7385135135135135,0.6591216216216216,0.6043918918918919,0.5760135135135135,0.6674662162162163,False
USDCAD1440_comma,daily,30,75,long_short,price_slow,0.0025,-0.010241804678979283,-0.7826734139786774,-1.0620237880856436,-0.03706216978183952,-0.2763412055814868,145,0.2827586206896552,0.8393055287914208,-93.9334453884432,0.7567567567567568,0.5516891891891892,0.5760135135135135,0.7398648648648649,0.6668074324324325,False
USDCAD1440_comma,daily,60,75,long_only,slow_slope,0.0,-0.006328420166786031,-0.85527569148161,-1.1447931230622201,-0.025948841393347986,-0.24388064464443981,83,0.30120481927710846,0.8016691432059345,-116.60024968450404,0.6415540540540541,0.6679054054054054,0.6996621621621621,0.6881756756756757,0.6667567567567568,False
USDCAD1440_comma,daily,30,150,long_only,combined,0.0025,-0.003436367915034211,-0.9370444438044916,-1.2780241693971954,-0.01630516545856605,-0.2107533299043517,103,0.27184466019417475,0.8968961082792857,-52.13147930966655,0.4912162162162162,0.7597972972972973,0.7915540540540541,0.8128378378378378,0.6666722972972974,False
USDCAD1440_comma,daily,30,500,long_short,none,0.005,-0.009645956119928356,-0.7559754895954622,-1.020556792191063,-0.027861366788836092,-0.3462125958513077,28,0.17857142857142858,0.6715052987742937,-470.364491113134,0.8060810810810811,0.6489864864864865,0.5939189189189189,0.4212837837837838,0.6666554054054055,False
USDCAD1440_comma,daily,50,100,long_only,fast_slope,0.0,-0.005775485056796592,-0.8923379112351089,-1.2113175995368333,-0.021985932594137766,-0.2626900192688002,113,0.3008849557522124,0.854484653697994,-78.4832533651156,0.5804054054054054,0.7084459459459459,0.7118243243243243,0.7621621621621621,0.6659628378378379,False
USDCAD1440_comma,daily,10,300,long_short,none,0.0,-0.013152526193267011,-0.7280242955388508,-1.0092195092050642,-0.03496396402206096,-0.3761737709422266,62,0.1774193548387097,0.7192473509754304,-277.4342060600171,0.8547297297297297,0.5712837837837837,0.5030405405405406,0.5375,0.6659459459459459,False
USDCAD1440_comma,daily,100,150,long_only,fast_slope,0.0,-0.006942011940730852,-0.8504967628474382,-1.141191194014434,-0.022528187287899997,-0.3081478261883699,70,0.3,0.7562728619281536,-142.04260742717835,0.6510135135135136,0.7030405405405405,0.6807432432432432,0.614527027027027,0.6644932432432432,False
USDCAD1440_comma,daily,40,300,long_only,price_slow,0.005,-0.0072356281744976325,-0.8264451274364112,-1.097485757068671,-0.025317645327977936,-0.2857938833080069,40,0.175,0.7327312656620656,-274.773208168711,0.6888513513513513,0.6760135135135135,0.6699324324324324,0.5706081081081081,0.6641216216216217,False
USDCAD1440_comma,daily,5,50,long_only,slow_slope,0.0025,-0.0056032354999024925,-0.9052882414856348,-1.2224735441702748,-0.019886813126610742,-0.2817563309027502,118,0.288135593220339,0.8650143289884931,-73.00963846878385,0.5554054054054054,0.7297297297297297,0.7155405405405405,0.775,0.6639527027027027,False
USDCAD1440_comma,daily,5,400,long_only,slow_slope,0.0,-0.006749472760738118,-0.8583124794826628,-1.1269394993178679,-0.02129091724127439,-0.31701183581013825,71,0.19718309859154928,0.75886735658437,-144.92255854016418,0.6361486486486486,0.7141891891891892,0.6871621621621622,0.6222972972972973,0.6637837837837839,False
USDCAD1440_comma,daily,75,500,long_short,none,0.005,-0.009630505874544726,-0.7800927048813049,-1.0352068962395706,-0.028108726433156428,-0.3426162297835307,14,0.2857142857142857,0.7130146843218508,-912.6876527682886,0.7618243243243243,0.6456081081081081,0.5945945945945946,0.5233108108108108,0.6635472972972973,True
USDCAD1440_comma,daily,5,50,long_only,none,0.005,-0.005311056890371035,-0.9018238243348099,-1.2136279713505718,-0.02212844158025308,-0.24001043503716513,89,0.23595505617977527,0.8669085108152943,-91.95141262243435,0.5621621621621622,0.706418918918919,0.7253378378378378,0.7783783783783784,0.663293918918919,False
USDCAD1440_comma,daily,30,400,long_short,none,0.0,-0.011878276495431384,-0.736752456809409,-1.0187027412740477,-0.030690417614987572,-0.3870353490931535,30,0.16666666666666666,0.6788348782118577,-504.3469750012571,0.8398648648648649,0.6179054054054054,0.5341216216216216,0.439527027027027,0.6631756756756757,False
USDCAD1440_comma,daily,30,250,long_short,none,0.0025,-0.012104283520347314,-0.7187671229466087,-0.9932936853645392,-0.035223122813057416,-0.3436459505475814,36,0.2222222222222222,0.6890090784081729,-445.6235632487558,0.8641891891891892,0.5695945945945946,0.5266891891891892,0.46452702702702703,0.6630912162162163,False
USDCAD1440_comma,daily,10,300,long_short,none,0.005,-0.011272011558555617,-0.7516979624041974,-1.0141228520283574,-0.03180499073280259,-0.3544101506978289,51,0.17647058823529413,0.7019357831536368,-297.0380979969812,0.8141891891891891,0.6077702702702703,0.5506756756756757,0.5006756756756757,0.6628547297297297,False
USDCAD1440_comma,daily,5,400,long_only,slow_slope,0.001,-0.006693857691270955,-0.8637965948424996,-1.1313467433392874,-0.020748478175083074,-0.32261921258926995,67,0.19402985074626866,0.7581381323896387,-152.37209727153078,0.6270270270270271,0.7189189189189189,0.6888513513513513,0.6216216216216216,0.6615540540540541,False
USDCAD1440_comma,daily,10,150,long_only,none,0.005,-0.00707125969669109,-0.8305895859107107,-1.1101996358272095,-0.023660283506426346,-0.29886622849512656,43,0.23255813953488372,0.718017257388878,-250.10126430005707,0.6793918918918919,0.6949324324324324,0.6766891891891892,0.5344594594594595,0.6609966216216216,False
USDCAD1440_comma,daily,50,200,long_only,fast_slope,0.001,-0.0055919625514146976,-0.913663652688698,-1.240114593567898,-0.01833062004095396,-0.305061287557171,101,0.27722772277227725,0.8654671099521792,-85.13391920059311,0.5378378378378378,0.7439189189189189,0.7162162162162162,0.7756756756756756,0.6607094594594595,False
USDCAD1440_comma,daily,30,500,long_only,fast_slope,0.005,-0.0030069048113586794,-0.9753248255826104,-1.3277068994681396,-0.011662036096464589,-0.25783703518721224,92,0.25,0.9168283056652451,-51.23456625232293,0.42905405405405406,0.8077702702702703,0.8091216216216216,0.831418918918919,0.6601013513513514,False
USDCAD1440_comma,daily,100,400,long_short,none,0.0025,-0.011281117803589535,-0.7567518512673586,-1.009038684086839,-0.030363331355716238,-0.3715375520369486,16,0.1875,0.695465065420099,-898.1453521875328,0.8047297297297298,0.6206081081081081,0.55,0.4837837837837838,0.6596114864864865,True
USDCAD1440_comma,daily,75,150,long_only,none,0.0025,-0.006967729212890572,-0.8266716042603576,-1.090213611479745,-0.02404381518865568,-0.289792994922789,21,0.38095238095238093,0.7022369391358662,-469.20276322460336,0.6885135135135135,0.6912162162162162,0.6800675675675676,0.5020270270270271,0.659527027027027,False
USDCAD1440_comma,daily,20,300,long_short,none,0.001,-0.012736679572884047,-0.7314816591641143,-1.0078600166463267,-0.03339752001863223,-0.3813660285487769,45,0.24444444444444444,0.6911609696375457,-372.2987491957249,0.8469594594594595,0.589527027027027,0.5118243243243243,0.47162162162162163,0.6592736486486487,False
USDCAD1440_comma,daily,20,100,long_short,none,0.001,-0.01319647830984394,-0.7261147935003571,-1.0156051181890788,-0.04223290006555002,-0.31246914820818794,72,0.3055555555555556,0.7592795295434952,-243.96743478472823,0.8567567567567568,0.48986486486486486,0.5016891891891891,0.6239864864864865,0.6591047297297299,False
USDCAD1440_comma,daily,20,500,long_short,none,0.0025,-0.010458837910463537,-0.7474508755405648,-1.014922686748115,-0.028947001238500872,-0.3613098926652475,34,0.20588235294117646,0.6506045376166667,-407.84495033484114,0.8209459459459459,0.6371621621621621,0.5726351351351351,0.36858108108108106,0.6574831081081081,False
USDCAD1440_comma,daily,50,100,long_only,slow_slope,0.0025,-0.006174863994646729,-0.8673208913644807,-1.1716284307205593,-0.024290884840009838,-0.2542049841048206,57,0.21052631578947367,0.763942956855654,-165.85564334603365,0.6226351351351351,0.6881756756756757,0.7037162162162162,0.6300675675675675,0.6563513513513515,False
USDCAD1440_comma,daily,10,400,long_short,none,0.005,-0.010738928604861808,-0.7741266663611696,-1.0334332203918926,-0.029139344393859394,-0.36853707000782243,49,0.1836734693877551,0.7017821661510583,-298.34620973831085,0.775,0.6337837837837837,0.5645270270270271,0.5,0.6563513513513514,False
USDCAD1440_comma,daily,100,400,long_only,slow_slope,0.001,-0.006725656344174102,-0.8676576960990291,-1.1324819521787064,-0.021996838222572375,-0.3057555943323015,58,0.25862068965517243,0.7576546218253266,-182.58278827426332,0.6222972972972973,0.7081081081081081,0.6881756756756757,0.6182432432432432,0.6563175675675675,False
USDCAD1440_comma,daily,30,150,long_only,fast_slope,0.005,-0.0038445690183247505,-0.9450085621545171,-1.2886549696574507,-0.016454005091690704,-0.23365551407701113,91,0.3076923076923077,0.8867201677819964,-65.81430926707114,0.4780405405405405,0.7584459459459459,0.7746621621621622,0.8030405405405405,0.6562162162162163,False
USDCAD1440_comma,daily,30,300,long_only,combined,0.001,-0.0034175752647557234,-0.9544631558802221,-1.295296098290621,-0.01627121852039193,-0.21003806570925476,101,0.22772277227722773,0.9009856068544297,-52.88046801485134,0.4635135135135135,0.7601351351351351,0.7922297297297297,0.8145270270270271,0.6560641891891892,False
USDCAD1440_comma,daily,40,500,long_only,price_slow,0.005,-0.007189888695400493,-0.8532783988446253,-1.1243432503743578,-0.02054741314851542,-0.349916977063362,38,0.15789473684210525,0.723927490765744,-287.5040802907039,0.6469594594594594,0.7219594594594595,0.6719594594594595,0.5486486486486486,0.6559628378378379,False
USDCAD1440_comma,daily,10,250,long_short,slow_slope,0.0025,-0.011210953442976734,-0.7799949856384224,-1.0420939733286871,-0.030081694607155852,-0.3726835734948877,86,0.20930232558139536,0.7286267058355462,-176.97563765351853,0.7621621621621621,0.6243243243243243,0.552027027027027,0.5625,0.6557263513513514,False
USDCAD1440_comma,daily,60,200,long_only,price_slow,0.0025,-0.007197814456618712,-0.8525343332996015,-1.140615301558347,-0.02342019083723965,-0.307333723565297,53,0.18867924528301888,0.7405314985393933,-206.35010457315764,0.6489864864864865,0.6959459459459459,0.6706081081081081,0.5844594594594594,0.6553716216216217,False
USDCAD1440_comma,daily,30,400,long_short,combined,0.005,-0.0042739601978987185,-0.946431666883683,-1.2917430450199254,-0.016660465995572776,-0.25653305249891856,124,0.28225806451612906,0.9051207704259182,-50.90636579670538,0.47635135135135137,0.7560810810810811,0.7614864864864865,0.8192567567567568,0.6547466216216217,False
USDCAD1440_comma,daily,40,500,long_short,slow_slope,0.001,-0.010479243578726538,-0.7911921527447627,-1.0604140346078064,-0.02913320332979165,-0.35970104145775317,75,0.17333333333333334,0.7241154257345003,-193.1850074523904,0.7469594594594594,0.6341216216216217,0.5719594594594595,0.5496621621621621,0.6541554054054054,False
USDCAD1440_comma,daily,10,150,long_only,slow_slope,0.005,-0.0067503762998295525,-0.8495983860984186,-1.1381936420863568,-0.025931347411592778,-0.2603172211873477,66,0.25757575757575757,0.7398421428819089,-155.92136484020838,0.6533783783783784,0.6682432432432432,0.6868243243243243,0.5834459459459459,0.6532939189189189,False
USDCAD1440_comma,daily,40,75,long_short,none,0.0025,-0.011329639117534929,-0.7603685745303422,-1.0309815081945812,-0.04000214609373362,-0.2832257822114631,75,0.3466666666666667,0.7733138664858406,-203.69802008209732,0.7969594594594595,0.5101351351351351,0.5486486486486486,0.6452702702702703,0.6528378378378379,False
USDCAD1440_comma,daily,30,300,long_only,combined,0.0,-0.00354272229113084,-0.9547139715015874,-1.2937562156353908,-0.01699614427244605,-0.20844270525958408,105,0.21904761904761905,0.8987095024176505,-52.67935947363721,0.4625,0.7527027027027027,0.7878378378378378,0.8135135135135135,0.6527702702702703,False
USDCAD1440_comma,daily,20,75,long_short,price_slow,0.0025,-0.011364771628001313,-0.7689587170303673,-1.0417153633469416,-0.04246427054081209,-0.26763138712293943,144,0.2569444444444444,0.8192847744832378,-110.03077973698636,0.7847972972972973,0.4868243243243243,0.5472972972972973,0.7168918918918918,0.6526182432432432,False
USDCAD1440_comma,daily,10,400,long_short,slow_slope,0.005,-0.009174750470272386,-0.8226993361492201,-1.0895103696415307,-0.027849130574836158,-0.32944477191551835,83,0.24096385542168675,0.7457080132726317,-154.6488708337967,0.6952702702702702,0.6493243243243243,0.6121621621621621,0.5945945945945946,0.6520608108108108,False
USDCAD1440_comma,daily,30,300,long_only,slow_slope,0.0025,-0.006634196794111924,-0.8288449760558169,-1.0960306961645865,-0.028963737415555784,-0.229051820865799,46,0.1956521739130435,0.7212116231096445,-220.05266612758678,0.6827702702702703,0.6364864864864865,0.691554054054054,0.5425675675675675,0.6519256756756757,False
USDCAD1440_comma,daily,60,75,long_only,fast_slope,0.001,-0.005042414357997349,-0.8948295034689789,-1.2046550083445815,-0.026833932517453946,-0.18791186698846862,77,0.36363636363636365,0.8317380135609198,-101.10759989615141,0.5753378378378379,0.6581081081081082,0.7371621621621621,0.7317567567567568,0.6518581081081082,False
USDCAD1440_comma,daily,75,400,long_only,slow_slope,0.0,-0.007130168388314595,-0.8726888661370097,-1.1437476223030332,-0.02299347175562969,-0.310095337672044,58,0.22413793103448276,0.771450155112323,-192.6176669654534,0.6135135135135135,0.7003378378378379,0.6739864864864865,0.6412162162162162,0.6514695945945945,False
USDCAD1440_comma,daily,60,500,long_short,slow_slope,0.0,-0.010401867109750995,-0.7885343505980563,-1.0542056150433206,-0.030055623067284206,-0.346087222562806,76,0.18421052631578946,0.7193272481772665,-191.65190835505996,0.7493243243243243,0.6246621621621622,0.5739864864864865,0.5378378378378378,0.6513682432432433,False
USDCAD1440_comma,daily,50,100,long_only,price_slow,0.0025,-0.005122549717036073,-0.8854569481396343,-1.1985371307594521,-0.026535811248806936,-0.19304289094483162,70,0.2571428571428571,0.7969724506736072,-112.91847632603935,0.5922297297297298,0.6618243243243244,0.7334459459459459,0.6817567567567567,0.6513006756756756,False
USDCAD1440_comma,daily,10,250,long_short,slow_slope,0.0,-0.011739011804690835,-0.7721682741528313,-1.0335816018006543,-0.031594060617215994,-0.3715575514941597,90,0.2222222222222222,0.7145083507342255,-170.25395432709442,0.7787162162162162,0.6108108108108108,0.5378378378378378,0.5277027027027027,0.6509121621621622,False
USDCAD1440_comma,daily,60,250,long_only,price_slow,0.005,-0.006990087876498574,-0.8640225944922032,-1.1438298477377409,-0.023897068161414563,-0.2925081783791842,45,0.2,0.7524235806266,-236.38460452228287,0.6266891891891891,0.6922297297297297,0.6790540540540541,0.606418918918919,0.6505067567567567,False
USDCAD1440_comma,daily,30,500,long_short,combined,0.0,-0.005748829811208722,-0.9239744039320171,-1.254796646665156,-0.020891760261535882,-0.2751721127966883,161,0.22981366459627328,0.8945054004268407,-50.44772484933989,0.5172297297297297,0.7179054054054054,0.7125,0.8104729729729729,0.6504391891891892,False
USDCAD1440_comma,daily,75,100,long_only,price_slow,0.0,-0.005518669251027508,-0.8838010495622578,-1.1889270409720178,-0.026503420537925374,-0.20822479283873963,86,0.26744186046511625,0.7973713737812534,-98.72620729784116,0.5939189189189189,0.6625,0.7199324324324324,0.6827702702702703,0.6495945945945947,False
USDCAD1440_comma,daily,75,200,long_only,slow_slope,0.001,-0.007704358237889064,-0.8375062760123979,-1.1099941578841928,-0.02458794709236232,-0.3133388163293326,54,0.2222222222222222,0.7186145098489538,-218.50616818167921,0.6679054054054054,0.6861486486486487,0.6527027027027027,0.535472972972973,0.6495608108108109,False
USDCAD1440_comma,daily,100,200,long_only,slow_slope,0.001,-0.007981215572286371,-0.8421253237461374,-1.117621417188506,-0.023301111433203327,-0.34252510208218645,51,0.3137254901960784,0.7188379987177861,-239.07962404870364,0.664527027027027,0.6969594594594595,0.6445945945945946,0.5358108108108108,0.6493412162162162,False
USDCAD1440_comma,daily,40,300,long_only,slow_slope,0.0,-0.00712734096104406,-0.8268291511006752,-1.0911832336841385,-0.029259160783879273,-0.24359348559890903,49,0.1836734693877551,0.7208080639079891,-221.12526057396647,0.6881756756756757,0.6314189189189189,0.6746621621621621,0.5415540540540541,0.6492905405405406,False
USDCAD1440_comma,daily,50,75,long_only,fast_slope,0.0025,-0.004505992215747323,-0.9324167633914107,-1.267426463943233,-0.019974051112046354,-0.22559230425868682,75,0.29333333333333333,0.8610571236509995,-93.13239505116663,0.49966216216216214,0.7283783783783784,0.7516891891891891,0.7712837837837838,0.6479898648648648,False
USDCAD1440_comma,daily,75,250,long_only,price_slow,0.001,-0.0075940931084343966,-0.8523873537884554,-1.1253509652968892,-0.0259091442495072,-0.2931047446145906,51,0.17647058823529413,0.7452012212366261,-225.58481335545127,0.6496621621621622,0.6692567567567568,0.6587837837837838,0.5932432432432433,0.6479222972972973,False
USDCAD1440_comma,daily,75,200,long_only,none,0.005,-0.0071904152120012554,-0.8550472160753597,-1.12427017499814,-0.02479233198673993,-0.29002577151060327,17,0.29411764705882354,0.7276548290966339,-531.3201044323155,0.6425675675675676,0.6851351351351351,0.6716216216216216,0.5577702702702703,0.6463006756756757,True
USDCAD1440_comma,daily,30,100,long_only,fast_slope,0.0025,-0.00457671662806769,-0.934876589121322,-1.2739164134920016,-0.020565084675436395,-0.22254791070878832,99,0.2727272727272727,0.8722608852406113,-71.62448238085187,0.49358108108108106,0.7212837837837838,0.7496621621621622,0.785472972972973,0.6455067567567568,False
USDCAD1440_comma,daily,30,150,long_only,fast_slope,0.0025,-0.004804233903991095,-0.9415137234794619,-1.2773033438353907,-0.01886731506226692,-0.25463262197805603,99,0.26262626262626265,0.8716590403210301,-75.05771944192476,0.4851351351351351,0.7378378378378379,0.7442567567567567,0.7844594594594595,0.6450337837837838,False
USDCAD1440_comma,daily,75,500,long_short,slow_slope,0.005,-0.009261743262603095,-0.8312465716654248,-1.0952864236197537,-0.025512508601331398,-0.36302754101255885,55,0.18181818181818182,0.7282098235135713,-236.86517395521386,0.6777027027027027,0.6722972972972973,0.6081081081081081,0.5611486486486487,0.6449493243243243,False
USDCAD1440_comma,daily,30,75,long_short,slow_slope,0.005,-0.009572523771428365,-0.8269490224765379,-1.116303997366852,-0.03391713495584848,-0.2822326763121168,100,0.28,0.8056740974469625,-130.8384595444465,0.6878378378378378,0.585472972972973,0.5969594594594595,0.6929054054054054,0.6448310810810811,False
USDCAD1440_comma,daily,50,250,long_only,combined,0.001,-0.005024775919074909,-0.9429275179339398,-1.2837443438512914,-0.017641195291405513,-0.28483194228470976,102,0.2549019607843137,0.8673706595034913,-76.06932532677493,0.48277027027027025,0.7479729729729729,0.7388513513513514,0.7793918918918918,0.6447804054054055,False
USDCAD1440_comma,daily,40,75,long_only,fast_slope,0.0025,-0.004436024574597686,-0.9497823901351584,-1.299492550638191,-0.016516033066992956,-0.26858898602370895,95,0.25263157894736843,0.8648563450772513,-72.42165527486502,0.47094594594594597,0.7577702702702702,0.754054054054054,0.7739864864864865,0.6447297297297298,False
USDCAD1440_comma,daily,40,50,long_only,fast_slope,0.0025,-0.002320717242616399,-1.009426347075013,-1.395771774424417,-0.012503819257563102,-0.18560067086803755,65,0.36923076923076925,0.9176524264317574,-56.25602732173078,0.3837837837837838,0.7989864864864865,0.8317567567567568,0.8320945945945946,0.6444256756756757,False
USDCAD1440_comma,daily,60,75,long_only,fast_slope,0.0025,-0.0030128756446868854,-0.9606811452871202,-1.3032197905119227,-0.019932948189004054,-0.15115052806633633,55,0.41818181818181815,0.8731908553037993,-85.86780188109935,0.45304054054054055,0.7287162162162162,0.8087837837837838,0.7878378378378378,0.6433277027027028,False
USDCAD1440_comma,daily,40,400,long_only,slow_slope,0.0025,-0.006837723296888698,-0.8736159837213856,-1.1548407967020322,-0.021591004740120927,-0.31669314972557416,54,0.2037037037037037,0.7266546198923973,-199.10006999805543,0.6121621621621621,0.7114864864864865,0.6851351351351351,0.5554054054054054,0.6430743243243243,False
USDCAD1440_comma,daily,30,100,long_short,none,0.001,-0.013407889614999058,-0.7260326263131094,-1.0178629416450056,-0.0447637751176535,-0.2995254439501325,66,0.30303030303030304,0.7362549941060333,-273.7643368685818,0.8574324324324324,0.4570945945945946,0.49527027027027026,0.5780405405405405,0.6430067567567568,False
USDCAD1440_comma,daily,50,500,long_only,fast_slope,0.005,-0.0035898936374266777,-0.977707087265958,-1.3204747083656638,-0.01382142011915152,-0.259734065420121,94,0.2872340425531915,0.8890260963521196,-59.60647398762486,0.422972972972973,0.7827702702702702,0.785472972972973,0.8057432432432432,0.6428378378378379,False
USDCAD1440_comma,daily,30,400,long_only,fast_slope,0.005,-0.0033442433381183356,-0.9919092032666827,-1.3523478474532455,-0.01279315754131441,-0.26140875130462415,89,0.24719101123595505,0.9043008385252891,-58.754932120606654,0.40540540540540543,0.793581081081081,0.7962837837837838,0.8179054054054054,0.6425,False
USDCAD1440_comma,daily,40,50,long_only,slow_slope,0.0025,-0.0026191054321410556,-0.9918252586168809,-1.373039208387397,-0.015092527830112529,-0.17353656469100098,61,0.4098360655737705,0.9053308818133073,-67.50154520065824,0.40574324324324323,0.7702702702702703,0.8206081081081081,0.8199324324324324,0.6419763513513514,False
USDCAD1440_comma,daily,20,50,long_short,slow_slope,0.005,-0.00893958565425157,-0.8527678361986442,-1.1598841796860728,-0.033462711384618926,-0.26715066664803,134,0.29850746268656714,0.839185771980243,-100.6459454260076,0.6476351351351352,0.5891891891891892,0.6182432432432432,0.7391891891891892,0.6408783783783784,False
USDCAD1440_comma,daily,30,300,long_short,none,0.001,-0.012849239741396179,-0.733152473561469,-1.0162792098494706,-0.036296712401579556,-0.3540056079799946,34,0.20588235294117646,0.6679703742680905,-508.0991500092082,0.8439189189189189,0.5570945945945946,0.5097972972972973,0.41216216216216217,0.640625,False
USDCAD1440_comma,daily,50,500,long_short,none,0.0,-0.012292948858914965,-0.7514764805281611,-1.0318133388684283,-0.03399627623235608,-0.3615969224069049,19,0.15789473684210525,0.6730631550694713,-789.2178301652276,0.8148648648648649,0.5841216216216216,0.5219594594594594,0.4263513513513513,0.6403209459459459,True
USDCAD1440_comma,daily,20,300,long_only,slow_slope,0.0,-0.007291017882541495,-0.8304912220219938,-1.092687990084703,-0.030104688806201537,-0.24218878093965057,55,0.21818181818181817,0.7132697043327252,-201.28213905961482,0.6797297297297298,0.6239864864864865,0.6668918918918919,0.5243243243243243,0.6399155405405406,False
USDCAD1440_comma,daily,20,50,long_only,combined,0.005,-0.0016375559664616457,-1.0428176901482518,-1.450332605066213,-0.009552306470298666,-0.17143042589277868,108,0.2962962962962963,0.9471784413496697,-24.01345005858737,0.3320945945945946,0.8273648648648648,0.8574324324324324,0.8581081081081081,0.6398817567567567,False
USDCAD1440_comma,daily,40,300,long_short,none,0.001,-0.012733522767604755,-0.7285072144891168,-1.0095825896079216,-0.03515958935536062,-0.3621635804362241,26,0.3076923076923077,0.6463775361613466,-592.8385063012857,0.8540540540540541,0.5706081081081081,0.5125,0.3530405405405405,0.6397297297297299,False
USDCAD1440_comma,daily,50,300,long_only,price_slow,0.005,-0.00785083909445039,-0.84283996311969,-1.1165663492748088,-0.02676791977146079,-0.29329283565847863,43,0.11627906976744186,0.7160101061005331,-276.0741061682687,0.6638513513513513,0.6594594594594595,0.6486486486486487,0.5297297297297298,0.6395945945945946,False
USDCAD1440_comma,daily,10,250,long_short,none,0.0,-0.013933629749555587,-0.7296676606608208,-1.0203864677325811,-0.0380918437572572,-0.36579037334996345,50,0.22,0.6856876634960865,-356.7907210233082,0.8523648648648648,0.5351351351351351,0.4810810810810811,0.4564189189189189,0.6394087837837837,False
USDCAD1440_comma,daily,60,200,long_only,slow_slope,0.005,-0.007020541095325239,-0.8698268684207987,-1.156292443608229,-0.022470430763952994,-0.31243464662847376,48,0.2708333333333333,0.7182830853195935,-225.41144551814045,0.6179054054054054,0.7043918918918919,0.6773648648648649,0.5347972972972973,0.6389527027027028,False
USDCAD1440_comma,daily,10,400,long_only,slow_slope,0.001,-0.007331249941403661,-0.875795095072299,-1.1527179274812327,-0.023011571749797666,-0.3185897087393921,63,0.19047619047619047,0.7371318089946763,-176.63944672508072,0.6081081081081081,0.6996621621621621,0.664527027027027,0.5790540540540541,0.6379222972972973,False
USDCAD1440_comma,daily,75,250,long_only,combined,0.001,-0.0052139552997179095,-0.9237702795884197,-1.2384237833283283,-0.02204654703785256,-0.23649759260558445,90,0.34444444444444444,0.8224436183897493,-89.33181071398336,0.5179054054054054,0.7070945945945946,0.7287162162162162,0.7212837837837838,0.6378716216216217,False
USDCAD1440_comma,daily,50,250,long_only,combined,0.0,-0.005203109342983514,-0.9436021439363786,-1.2834310095983785,-0.01893716015078212,-0.27475657921014207,103,0.2524271844660194,0.8600689637186948,-77.9008388689404,0.4810810810810811,0.7375,0.7290540540540541,0.7682432432432432,0.6378547297297298,False
USDCAD1440_comma,daily,20,100,long_short,price_slow,0.005,-0.010474702109521616,-0.7767610429101522,-1.0515999539708782,-0.04410823299564183,-0.2374772553359048,101,0.297029702970297,0.783247870325898,-141.72227928510063,0.7702702702702703,0.46452702702702703,0.5722972972972973,0.6608108108108108,0.637820945945946,False
USDCAD1440_comma,daily,75,250,long_only,none,0.005,-0.007530469825117514,-0.8423997515106398,-1.1028999704683105,-0.025710711724361037,-0.2928923129725092,13,0.3076923076923077,0.6947565779560425,-755.6093483737964,0.6641891891891892,0.6706081081081081,0.6601351351351351,0.48277027027027025,0.6377702702702703,True
USDCAD1440_comma,daily,100,400,long_only,fast_slope,0.005,-0.005094375948827334,-0.9347289531089512,-1.2403011737058536,-0.018480396846949444,-0.27566377448589596,53,0.2830188679245283,0.8169981341789723,-117.12819998661071,0.49425675675675673,0.7418918918918919,0.7341216216216216,0.7158783783783784,0.6373817567567568,False
USDCAD1440_comma,daily,30,100,long_short,none,0.0,-0.014099856469910632,-0.7202100869728079,-1.0252122521614688,-0.04496501057709444,-0.31357396092981726,62,0.3064516129032258,0.7243011854010382,-312.1798195120275,0.8628378378378379,0.4540540540540541,0.4743243243243243,0.55,0.6360135135135135,False
USDCAD1440_comma,daily,100,300,long_only,price_slow,0.0025,-0.007575835917575047,-0.8689975521565643,-1.1496253747996943,-0.024957787940361065,-0.3035459687244,55,0.14545454545454545,0.7308631937451425,-208.70398653425315,0.6192567567567567,0.6824324324324325,0.6591216216216216,0.5668918918918919,0.6351689189189189,False
USDCAD1440_comma,daily,75,400,long_only,combined,0.0,-0.004064319725594845,-0.9662940764526367,-1.2925536324441738,-0.016989441907536065,-0.23922620576441778,88,0.2727272727272727,0.851958814027335,-71.83021167734319,0.44797297297297295,0.7530405405405406,0.7672297297297297,0.7597972972972973,0.6348648648648648,False
USDCAD1440_comma,daily,50,75,long_only,price_slow,0.005,-0.0023017998936786244,-1.0078027751445147,-1.3745529157202547,-0.014346038276544222,-0.1604484701147123,40,0.35,0.8843118087891111,-90.68370437409938,0.38513513513513514,0.7773648648648649,0.8327702702702703,0.7993243243243243,0.634847972972973,False
USDCAD1440_comma,daily,60,500,long_short,slow_slope,0.0025,-0.01016038375578443,-0.8227358570104861,-1.0901451697535145,-0.028004989434743954,-0.362806198497583,66,0.13636363636363635,0.7148663132159347,-215.75127384418505,0.6949324324324324,0.6472972972972973,0.5787162162162162,0.5283783783783784,0.6347972972972974,False
USDCAD1440_comma,daily,60,300,long_only,price_slow,0.0025,-0.008164783774860185,-0.8472828368359029,-1.119150729565824,-0.02834095820172722,-0.2880913099953899,50,0.14,0.7249652346990204,-246.34468293339694,0.6570945945945946,0.643918918918919,0.6412162162162162,0.5513513513513514,0.6347635135135136,False
USDCAD1440_comma,daily,30,500,long_short,slow_slope,0.0025,-0.010797733787396901,-0.8071906431345109,-1.078028976287134,-0.029546718533219846,-0.36544612476193716,77,0.15584415584415584,0.7037621768981047,-194.77532110165632,0.7222972972972973,0.629054054054054,0.5635135135135135,0.5047297297297297,0.6345945945945947,False
USDCAD1440_comma,daily,5,200,long_only,slow_slope,0.005,-0.007462465075588232,-0.8599009802417161,-1.1521478406705608,-0.025980577867014572,-0.2872324516331377,63,0.2222222222222222,0.7238304003881715,-179.6261418928785,0.6327702702702702,0.6665540540540541,0.6618243243243244,0.5476351351351352,0.6342567567567567,False
USDCAD1440_comma,daily,40,200,long_short,none,0.0025,-0.013033258181340157,-0.7355902630788949,-1.0139052510824966,-0.04021316481501815,-0.324104263896999,36,0.2777777777777778,0.6879871806174392,-446.9134199583748,0.8408783783783784,0.5074324324324324,0.5057432432432433,0.4635135135135135,0.6338851351351352,False
USDCAD1440_comma,daily,40,300,long_short,none,0.0,-0.013269919625657267,-0.7300198330749843,-1.0192692556422878,-0.03595042469357636,-0.3691171867582511,27,0.25925925925925924,0.6451181690407203,-608.6990697197456,0.8510135135135135,0.5614864864864865,0.5,0.35,0.633277027027027,False
USDCAD1440_comma,daily,50,250,long_only,fast_slope,0.0,-0.0063303278713982,-0.9308130317125605,-1.265058102738639,-0.02131920605003347,-0.296930751386413,105,0.26666666666666666,0.8478603016245676,-92.196199281962,0.504054054054054,0.7135135135135136,0.6993243243243243,0.7533783783783784,0.6328716216216217,False
USDCAD1440_comma,daily,40,100,long_only,price_slow,0.005,-0.005091968883144449,-0.9106030068651902,-1.233404030931746,-0.025816279068125118,-0.19723868299174874,60,0.3,0.7897536502545389,-130.98158467901285,0.543581081081081,0.6699324324324324,0.7344594594594595,0.6699324324324324,0.6322972972972973,False
USDCAD1440_comma,daily,20,500,long_short,none,0.005,-0.010980987489377925,-0.7805671272842558,-1.0498690081414672,-0.02909034440689167,-0.3774787721927577,33,0.18181818181818182,0.6552467795212634,-450.2930819047018,0.7611486486486486,0.6344594594594595,0.5577702702702703,0.3810810810810811,0.6317905405405405,False
USDCAD1440_comma,daily,60,250,long_only,combined,0.0,-0.005524186761816763,-0.9310254624827968,-1.2618429099728161,-0.023113129372845913,-0.23900643970378,103,0.3300970873786408,0.8445221536720956,-82.51061790284673,0.5027027027027027,0.6983108108108108,0.7192567567567567,0.7466216216216216,0.6315033783783784,False
USDCAD1440_comma,daily,10,300,long_short,price_slow,0.005,-0.012417935250609968,-0.773005339008262,-1.0412092216343674,-0.034343555867487385,-0.36157977637853955,63,0.2222222222222222,0.6891432425951692,-265.55885610012945,0.777027027027027,0.5793918918918919,0.518918918918919,0.46554054054054056,0.6292736486486487,False
USDCAD1440_comma,daily,10,500,long_short,none,0.0,-0.012940802300397958,-0.7601914788805911,-1.036857370360083,-0.03276474294871492,-0.39496120328651974,54,0.14814814814814814,0.6611435843556155,-317.4677586908354,0.7972972972972973,0.5972972972972973,0.5081081081081081,0.3956081081081081,0.6292060810810812,False
USDCAD1440_comma,daily,10,300,long_short,none,0.001,-0.014024040182612385,-0.75273321411094,-1.036549753241088,-0.03633604718545822,-0.3859539291941706,60,0.11666666666666667,0.6880854508225424,-306.29228184542484,0.8121621621621622,0.5567567567567567,0.4766891891891892,0.46385135135135136,0.6289695945945946,False
USDCAD1440_comma,daily,30,75,long_only,slow_slope,0.0,-0.00748973549277987,-0.8720268835805872,-1.173307780474095,-0.030794154564528543,-0.24321939013085347,96,0.2708333333333333,0.7728652519234609,-118.28651727682052,0.6141891891891892,0.6168918918918919,0.6614864864864864,0.6442567567567568,0.6288344594594595,False
USDCAD1440_comma,daily,100,500,long_only,fast_slope,0.0,-0.006326464650242558,-0.9166568128417564,-1.216820889396974,-0.02125480099830591,-0.2976487359607273,74,0.25675675675675674,0.7746271460614038,-116.8658063676377,0.5310810810810811,0.7152027027027027,0.7,0.6472972972972973,0.6283277027027027,False
USDCAD1440_comma,daily,20,250,long_short,slow_slope,0.0025,-0.0120579596689957,-0.7848757743942566,-1.0489277008121272,-0.03269204545505017,-0.36883466608336746,79,0.21518987341772153,0.6918338762761156,-205.49166422758353,0.7543918918918919,0.5989864864864864,0.5277027027027027,0.47297297297297297,0.6279898648648649,False
USDCAD1440_comma,daily,40,100,long_short,none,0.001,-0.01355504311427902,-0.7374572416081406,-1.02924765020748,-0.04538764021942278,-0.29865053677054565,61,0.29508196721311475,0.7214310120259744,-301.0636436699413,0.8388513513513514,0.44797297297297295,0.4925675675675676,0.5429054054054054,0.6274831081081081,False
USDCAD1440_comma,daily,50,75,long_only,slow_slope,0.0025,-0.005697204795593214,-0.9123504429188758,-1.2249908358384727,-0.026645894660039516,-0.21381172853382302,59,0.3050847457627119,0.8005936186612228,-148.36436861796966,0.5412162162162162,0.6611486486486486,0.7128378378378378,0.6871621621621622,0.6274155405405405,False
USDCAD1440_comma,daily,60,75,long_short,none,0.0025,-0.008269024388274815,-0.8492356329480263,-1.1424737704691692,-0.0379109675429029,-0.2181169440984846,81,0.43209876543209874,0.8004839299286968,-138.41844107566902,0.6547297297297298,0.5388513513513513,0.6371621621621621,0.6864864864864865,0.6270101351351351,False
USDCAD1440_comma,daily,75,400,long_only,combined,0.005,-0.003685621621428603,-0.9849312451101729,-1.319419019112678,-0.01619748794848437,-0.22754279139769162,76,0.3026315789473684,0.8562852689820042,-75.635636656753,0.41486486486486485,0.7608108108108108,0.7807432432432433,0.7641891891891892,0.6269256756756757,False
USDCAD1440_comma,daily,100,300,long_short,none,0.0025,-0.012257964168834623,-0.7551103476692491,-1.0122926417744642,-0.0385246629608341,-0.3181848516441693,19,0.3157894736842105,0.6808948794118916,-818.6044067589806,0.8081081081081081,0.529054054054054,0.5226351351351352,0.4449324324324324,0.6267736486486487,True
USDCAD1440_comma,daily,40,150,long_only,slow_slope,0.005,-0.007256376698548617,-0.8696860470946487,-1.161102334596849,-0.02591896972758938,-0.2799639327802673,54,0.3333333333333333,0.7117793792072042,-204.08795638489931,0.6185810810810811,0.668918918918919,0.668918918918919,0.5199324324324325,0.626435810810811,False
USDCAD1440_comma,daily,50,100,long_only,slow_slope,0.001,-0.007701941289214642,-0.8664283461416853,-1.1725935442976898,-0.030361822812322997,-0.25367190029475584,68,0.27941176470588236,0.7521676410018228,-171.45429330850098,0.6239864864864865,0.620945945945946,0.6533783783783784,0.6054054054054054,0.6263175675675676,False
USDCAD1440_comma,daily,100,150,long_only,slow_slope,0.0025,-0.007310970990259014,-0.9056738701805077,-1.200717187919768,-0.02528936790043758,-0.28909267400600047,44,0.4090909090909091,0.7933577570288006,-201.05005647562928,0.5547297297297298,0.6763513513513514,0.6652027027027027,0.6760135135135135,0.6254222972972974,False
USDCAD1440_comma,daily,40,500,long_short,none,0.005,-0.01069916039691643,-0.7799504003585201,-1.049817631923313,-0.030385146500616588,-0.35211811128504245,23,0.13043478260869565,0.6428958160042783,-641.4714275746716,0.7625,0.6199324324324325,0.5662162162162162,0.34459459459459457,0.6249155405405405,False
USDCAD1440_comma,daily,100,400,long_only,combined,0.005,-0.004390829324887879,-0.9635522765788591,-1.2839246015702688,-0.017684909626396315,-0.24828112880679765,61,0.29508196721311475,0.8135490424806249,-114.04539648500919,0.45,0.7476351351351351,0.7570945945945946,0.7074324324324325,0.6244425675675676,False
USDCAD1440_comma,daily,30,75,long_only,fast_slope,0.001,-0.005930542772285885,-0.9448374255077135,-1.2822936923769508,-0.02223589077196769,-0.2667103752714235,106,0.3018867924528302,0.8540522182843272,-85.81335558611923,0.47905405405405405,0.7057432432432432,0.7097972972972973,0.7614864864864865,0.6242398648648649,False
USDCAD1440_comma,daily,60,150,long_only,fast_slope,0.001,-0.006482740884926397,-0.9137121530845028,-1.2376676312163362,-0.026653796565224486,-0.24322016824366788,101,0.3069306930693069,0.8092443729215016,-98.04417348315192,0.5375,0.660472972972973,0.6966216216216217,0.6983108108108108,0.6241891891891892,False
USDCAD1440_comma,daily,60,400,long_only,slow_slope,0.005,-0.0069132579001197625,-0.8989934834118869,-1.1794654739582169,-0.021276295689529955,-0.32492770362849255,48,0.22916666666666666,0.7229014544971327,-226.25356566539335,0.5682432432432433,0.714527027027027,0.6820945945945946,0.5452702702702703,0.6241385135135136,False
USDCAD1440_comma,daily,30,200,long_only,combined,0.001,-0.005011887000656912,-0.964622281937276,-1.3086195062007009,-0.020789935089279437,-0.24107275848308674,102,0.23529411764705882,0.8660554796719335,-75.88148460299374,0.4489864864864865,0.7185810810810811,0.739527027027027,0.7773648648648649,0.6237499999999999,False
USDCAD1440_comma,daily,50,500,long_only,combined,0.0025,-0.003916209883371713,-1.0011163550494158,-1.3590930271324972,-0.015080294252107485,-0.2596905483342554,103,0.2912621359223301,0.8849706617716446,-59.198487009745705,0.3915540540540541,0.7706081081081081,0.7716216216216216,0.8010135135135135,0.6237499999999999,False
USDCAD1440_comma,daily,60,250,long_only,price_slow,0.0025,-0.008381373534372183,-0.8553321913089198,-1.1306957446061228,-0.027639422594249126,-0.3032398200719315,48,0.20833333333333334,0.7105722129028719,-262.9943026278576,0.6412162162162162,0.6516891891891892,0.6324324324324324,0.5168918918918919,0.6234290540540541,False
USDCAD1440_comma,daily,30,300,long_only,combined,0.0025,-0.004241008512565925,-0.976979714007154,-1.326544497142492,-0.0200971982968148,-0.21102486276597476,99,0.21212121212121213,0.8787503139101035,-66.53705185246574,0.42533783783783785,0.7263513513513513,0.7625,0.7945945945945946,0.6234121621621621,False
USDCAD1440_comma,daily,60,400,long_only,slow_slope,0.0,-0.00782908538888405,-0.8838259545655446,-1.1623116408862602,-0.024585751599957226,-0.31843994506548545,58,0.22413793103448276,0.7280082224387953,-209.81176297838957,0.5935810810810811,0.6864864864864865,0.65,0.5587837837837838,0.6228716216216216,False
USDCAD1440_comma,daily,30,300,long_only,fast_slope,0.005,-0.004779654204036365,-0.9725626364344333,-1.3168380505092139,-0.01991613323582631,-0.2399890655199295,92,0.22826086956521738,0.8682313320773151,-80.37011525425102,0.4337837837837838,0.7290540540540541,0.7449324324324325,0.7800675675675676,0.6217736486486487,False
USDCAD1440_comma,daily,100,400,long_short,none,0.0,-0.013339408529575492,-0.7589423261702096,-1.0229096713049617,-0.034153898946829915,-0.3905676640415786,18,0.16666666666666666,0.6533727805832406,-943.8956207395954,0.8006756756756757,0.5820945945945946,0.4962837837837838,0.377027027027027,0.6216047297297297,True
USDCAD1440_comma,daily,50,250,long_short,slow_slope,0.0025,-0.012105524056909789,-0.7844348402990121,-1.0427106137075208,-0.0333315627528885,-0.36318501315575824,76,0.19736842105263158,0.6804022268076142,-216.08659427257518,0.7547297297297297,0.5912162162162162,0.5263513513513514,0.44256756756756754,0.6213513513513513,False
USDCAD1440_comma,daily,100,150,long_only,price_slow,0.001,-0.006847490072727003,-0.9081871593391352,-1.2212711102240876,-0.02505569183969205,-0.27329080021169205,60,0.26666666666666666,0.7602396015681945,-173.85561903500553,0.5506756756756757,0.6814189189189189,0.6844594594594594,0.625,0.6212668918918919,False
USDCAD1440_comma,daily,100,250,long_only,price_slow,0.001,-0.008094292482673127,-0.8714537583041613,-1.1502862555950208,-0.02803548088475561,-0.2887160208146965,54,0.2037037037037037,0.7298209435573616,-226.24566525609836,0.6158783783783783,0.6466216216216216,0.6429054054054054,0.5641891891891891,0.6212162162162161,False
USDCAD1440_comma,daily,40,500,long_short,none,0.0,-0.013086230946938948,-0.7637432124257232,-1.0571162192488208,-0.034815005546065675,-0.3758790424325461,27,0.2222222222222222,0.6611489427412511,-588.8153037388948,0.7922297297297297,0.5736486486486486,0.5043918918918919,0.39594594594594595,0.6205743243243244,False
USDCAD1440_comma,daily,100,300,long_only,fast_slope,0.005,-0.005971734164379128,-0.9300972455525087,-1.2495456116254395,-0.01945634442076645,-0.30692991629019906,61,0.3114754098360656,0.7580427044044363,-142.49628081711543,0.5057432432432433,0.7324324324324324,0.7091216216216216,0.6212837837837838,0.6204222972972973,False
USDCAD1440_comma,daily,40,400,long_only,slow_slope,0.0,-0.0077465759128294565,-0.8789346713069771,-1.1584160102662109,-0.024125122892996714,-0.3210999565551731,60,0.18333333333333332,0.7031332357682473,-200.86502622562338,0.6030405405405406,0.6902027027027027,0.6513513513513514,0.5033783783783784,0.619543918918919,False
USDCAD1440_comma,daily,60,200,long_only,fast_slope,0.0,-0.007329167932613179,-0.9162828735248851,-1.2429498971572528,-0.02541275910147689,-0.28840504501485775,106,0.3113207547169811,0.8088920630005929,-104.95562773259437,0.5331081081081082,0.6739864864864865,0.6648648648648648,0.697972972972973,0.6194087837837838,False
USDCAD1440_comma,daily,30,250,long_only,combined,0.005,-0.004509488001718132,-0.9857704621548671,-1.3403989101058207,-0.01825004088078656,-0.2470946794681249,90,0.2111111111111111,0.8706014013227825,-77.66851611900059,0.4135135135135135,0.7442567567567567,0.7510135135135135,0.7824324324324324,0.6190371621621622,False
USDCAD1440_comma,daily,5,250,long_short,slow_slope,0.001,-0.012675730791787632,-0.7998823253403166,-1.0699862485124167,-0.03435415419587547,-0.36897228554995154,98,0.20408163265306123,0.7107557250543443,-170.3457997371184,0.7337837837837838,0.5790540540540541,0.5131756756756757,0.5175675675675676,0.6185472972972973,False
USDCAD1440_comma,daily,30,200,long_only,combined,0.0025,-0.004980014143760703,-0.9707750261882645,-1.3212323580223324,-0.02092402664292956,-0.23800457859976487,100,0.24,0.8652062829699507,-76.92515471894436,0.43648648648648647,0.7172297297297298,0.7402027027027027,0.7753378378378378,0.6182432432432432,False
USDCAD1440_comma,daily,60,150,long_only,fast_slope,0.0,-0.006879303181458685,-0.909939151566784,-1.2305457880164967,-0.028938204843597562,-0.23772390922793185,108,0.28703703703703703,0.8064299607457702,-97.0122864346373,0.5449324324324324,0.6375,0.683445945945946,0.6942567567567568,0.6181756756756758,False
USDCAD1440_comma,daily,40,200,long_only,fast_slope,0.0,-0.006555261996578521,-0.9391016930744137,-1.279962973659545,-0.02400977244799721,-0.2730247448523958,118,0.2711864406779661,0.8377116698827974,-84.81226823477557,0.4885135135135135,0.691554054054054,0.6942567567567568,0.7388513513513514,0.617972972972973,False
USDCAD1440_comma,daily,60,200,long_only,price_slow,0.005,-0.007302719971756577,-0.894182150351269,-1.1912819339677578,-0.02444161073310008,-0.29878227141007774,49,0.22448979591836735,0.7237340178472758,-226.27191445823837,0.5763513513513514,0.6868243243243243,0.6662162162162162,0.5472972972972973,0.6175844594594594,False
USDCAD1440_comma,daily,30,100,long_short,none,0.0025,-0.013516141725393838,-0.7590016544228314,-1.0374236319657648,-0.04427776408503347,-0.3052580003686882,61,0.32786885245901637,0.726159222333964,-303.5038660846347,0.8003378378378379,0.4625,0.49324324324324326,0.5543918918918919,0.6175675675675676,False
USDCAD1440_comma,daily,75,100,long_only,fast_slope,0.0,-0.006907315133628078,-0.8975040303511639,-1.2036693651795176,-0.02691585637839471,-0.25662624426739633,91,0.2967032967032967,0.7426665392272888,-115.58025662585109,0.5716216216216217,0.6570945945945946,0.6824324324324325,0.5871621621621622,0.6174831081081082,False
USDCAD1440_comma,daily,60,200,long_only,fast_slope,0.001,-0.007098800722690979,-0.9202317338534899,-1.2500094258926426,-0.025669392463076233,-0.2765472822507251,105,0.3047619047619048,0.807908008290654,-102.80033304871097,0.5236486486486487,0.6712837837837838,0.6760135135135135,0.6969594594594595,0.617027027027027,False
USDCAD1440_comma,daily,100,400,long_only,combined,0.0025,-0.004833696251655417,-0.9625168747758649,-1.2807196048410063,-0.0186921292242259,-0.25859527257016357,67,0.2835820895522388,0.8005510835798452,-113.70340923396589,0.4506756756756757,0.7402027027027027,0.7429054054054054,0.6868243243243243,0.6169256756756758,False
USDCAD1440_comma,daily,40,50,long_short,price_slow,0.001,-0.010864007382694996,-0.8599027188504095,-1.1559018731313608,-0.0359764053629947,-0.3019758998454499,187,0.25133689839572193,0.8411649425231844,-86.65820561343313,0.6324324324324324,0.5611486486486487,0.5618243243243243,0.7418918918918919,0.6169087837837838,False
USDCAD1440_comma,daily,50,500,long_short,slow_slope,0.001,-0.011663709413723411,-0.816526806048773,-1.0897272671550302,-0.03192389950339839,-0.36535979611393576,75,0.16,0.6986238312206019,-215.53705444495534,0.7084459459459459,0.6067567567567568,0.5405405405405406,0.4912162162162162,0.6168581081081081,False
USDCAD1440_comma,daily,60,500,long_only,combined,0.005,-0.003945385833333037,-1.011613464328347,-1.3611329399640946,-0.014724924126909142,-0.26793929797729965,85,0.27058823529411763,0.8728402230558558,-72.2533318484279,0.37905405405405407,0.772972972972973,0.7695945945945946,0.7871621621621622,0.6168581081081081,False
USDCAD1440_comma,daily,20,400,long_short,none,0.0,-0.013336911177414201,-0.7588738335512181,-1.0425091714277057,-0.03610675256371502,-0.36937443083200305,45,0.17777777777777778,0.6536509200360635,-390.2357965835252,0.8013513513513514,0.5601351351351351,0.4966216216216216,0.3783783783783784,0.6166554054054054,False
USDCAD1440_comma,daily,75,400,long_only,slow_slope,0.005,-0.007374176410497424,-0.9045873770550108,-1.1865126755705664,-0.023878367198960325,-0.30882247303821087,46,0.2608695652173913,0.7435306489028964,-250.46065956699096,0.5564189189189189,0.6925675675675675,0.6628378378378378,0.5891891891891892,0.6166554054054054,False
USDCAD1440_comma,daily,100,300,long_only,price_slow,0.001,-0.008518619422515639,-0.8697328394850302,-1.1454974134082865,-0.02858003683150229,-0.2980618769926149,60,0.15,0.7270843195130183,-213.62367559251274,0.6182432432432432,0.6415540540540541,0.6266891891891891,0.5560810810810811,0.6164358108108108,False
USDCAD1440_comma,daily,60,150,long_only,price_slow,0.0025,-0.0075167770349406915,-0.8884011734937384,-1.1883855982422653,-0.025496219048220133,-0.29481928362493537,55,0.23636363636363636,0.7207738714319087,-207.16764797230397,0.5875,0.6726351351351352,0.660472972972973,0.5408783783783784,0.6163851351351352,False
USDCAD1440_comma,daily,50,500,long_only,combined,0.005,-0.003812517524147685,-1.0182045384599636,-1.3802483295398282,-0.014711273309154537,-0.25915618886471437,96,0.2604166666666667,0.8796362935885349,-61.88117642431249,0.3695945945945946,0.7733108108108108,0.7753378378378378,0.7952702702702703,0.6155236486486486,False
USDCAD1440_comma,daily,30,100,long_only,combined,0.0025,-0.005183845195969372,-0.970349785180149,-1.3231876036805021,-0.020855858183683126,-0.24855583262572367,106,0.2830188679245283,0.8579063313676003,-75.42665446467169,0.4375,0.7182432432432433,0.7300675675675675,0.7658783783783784,0.6154560810810811,False
USDCAD1440_comma,daily,20,250,long_short,none,0.005,-0.013100144984660611,-0.7589194675425828,-1.030427540561162,-0.03788937241669133,-0.34574721482823056,46,0.21739130434782608,0.6608636298469419,-381.0820949532855,0.8010135135135135,0.5391891891891892,0.5037162162162162,0.3949324324324324,0.6151858108108108,False
USDCAD1440_comma,daily,75,500,long_short,slow_slope,0.0025,-0.01099627338698217,-0.8442213451802428,-1.1152121765011564,-0.028614902515356002,-0.3842848453207587,64,0.15625,0.7112876268166513,-238.9895230000743,0.6628378378378378,0.6408783783783784,0.5574324324324325,0.5192567567567568,0.6147297297297298,False
USDCAD1440_comma,daily,10,250,long_short,slow_slope,0.001,-0.013089901959898786,-0.7968314584459866,-1.065003898654345,-0.0338607549616701,-0.38658033392097646,89,0.19101123595505617,0.6931679465237408,-197.48768019509097,0.739527027027027,0.5858108108108108,0.504054054054054,0.47736486486486485,0.614679054054054,False
USDCAD1440_comma,daily,50,200,long_only,fast_slope,0.0025,-0.0068141625702258235,-0.9485784213409535,-1.2886958128553614,-0.021893800941261306,-0.3112370752117224,100,0.27,0.8332500586436952,-103.83134346615023,0.47364864864864864,0.7101351351351352,0.6861486486486487,0.7341216216216216,0.6143412162162163,False
USDCAD1440_comma,daily,50,150,long_only,fast_slope,0.0,-0.007244906425299846,-0.9369706927803823,-1.2678867463378523,-0.023714634628452295,-0.3055036073213444,107,0.308411214953271,0.8271657628680733,-102.8435969651093,0.49155405405405406,0.6945945945945946,0.6695945945945946,0.727027027027027,0.6132432432432433,False
USDCAD1440_comma,daily,30,300,long_short,none,0.0,-0.013999487058771187,-0.7408206784449979,-1.0335015095392546,-0.03823045822041275,-0.36618674508317317,34,0.20588235294117646,0.6380040899826899,-540.3655599189192,0.8344594594594594,0.533445945945946,0.47871621621621624,0.3347972972972973,0.6131081081081081,False
USDCAD1440_comma,daily,100,500,long_only,fast_slope,0.005,-0.005386764446130843,-0.9490073438770444,-1.2618052887698719,-0.01920808399092211,-0.28044257036134734,60,0.26666666666666666,0.7673814662073662,-139.46179527190958,0.4726351351351351,0.7347972972972973,0.7236486486486486,0.6361486486486486,0.6129054054054055,False
USDCAD1440_comma,daily,10,75,long_short,price_slow,0.0025,-0.013244652142396451,-0.7794599926490157,-1.0625650540340568,-0.04686597438511755,-0.2826069940114664,144,0.24305555555555555,0.7854667381675574,-129.01939167787646,0.7638513513513514,0.4297297297297297,0.5003378378378378,0.6655405405405406,0.6128716216216217,False
USDCAD1440_comma,daily,10,300,long_short,none,0.0025,-0.014000102129109293,-0.7688913798954891,-1.0501919258294832,-0.03571962755924269,-0.3919442358655465,60,0.11666666666666667,0.6684088676265589,-308.9370606673808,0.7851351351351351,0.5641891891891891,0.4783783783783784,0.4131756756756757,0.6127533783783784,False
USDCAD1440_comma,daily,50,250,long_only,price_slow,0.005,-0.008377230765057142,-0.8676995713202451,-1.149851747897258,-0.02755891059726451,-0.30397539610613866,44,0.18181818181818182,0.7001300574214122,-286.7698545609824,0.6219594594594594,0.6527027027027027,0.6327702702702702,0.49493243243243246,0.6127533783783784,False
USDCAD1440_comma,daily,50,150,long_only,price_slow,0.005,-0.007125750457281144,-0.8985259790127414,-1.2070892581449983,-0.025215265094627386,-0.2825966901612875,47,0.23404255319148937,0.7183480488332039,-230.48611998848708,0.5699324324324324,0.6777027027027027,0.675,0.5351351351351351,0.612668918918919,False
USDCAD1440_comma,daily,40,75,long_short,price_slow,0.0,-0.013276170813130816,-0.800345212183599,-1.0864933076413372,-0.044833263466057025,-0.29612323053801604,177,0.2542372881355932,0.807418179281994,-100.32354900696664,0.7334459459459459,0.4557432432432432,0.49864864864864866,0.6962837837837837,0.6114864864864864,False
USDCAD1440_comma,daily,50,200,long_short,none,0.0,-0.01389564731530335,-0.7247309279100783,-1.0165722780461428,-0.04412591756019455,-0.31490897149838404,29,0.20689655172413793,0.6510192043233671,-579.2970227980255,0.8584459459459459,0.46418918918918917,0.4820945945945946,0.37027027027027026,0.6113851351351351,False
USDCAD1440_comma,daily,40,250,long_short,slow_slope,0.005,-0.011449861915253545,-0.7909528835740532,-1.055487684252836,-0.03440613761894311,-0.33278544781933195,68,0.14705882352941177,0.6589482388978802,-228.72958312709042,0.7476351351351351,0.5777027027027027,0.5445945945945946,0.3912162162162162,0.6110810810810811,False
USDCAD1440_comma,daily,40,50,long_short,none,0.005,0.0005726836543467062,-1.2159615765200327,-1.737583940448231,0.004141913638473685,-0.13826547444812076,30,0.4,1.0430143668631011,32.972708978605105,0.16486486486486487,0.9108108108108108,0.9050675675675676,0.908445945945946,0.6109290540540541,False
USDCAD1440_comma,daily,50,75,long_short,fast_slope,0.005,-0.007279709833612036,-0.9216315782773891,-1.2686306828282423,-0.02922270554847564,-0.2491114254132356,83,0.3614457831325301,0.8338275885488335,-118.16507797979612,0.5216216216216216,0.6324324324324324,0.6675675675675675,0.735472972972973,0.6105912162162163,False
USDCAD1440_comma,daily,10,75,long_only,slow_slope,0.001,-0.007872066877675166,-0.8986153786007532,-1.2080324587944742,-0.030262218103284815,-0.26012854876690916,104,0.2692307692307692,0.7748355637537042,-114.4366692106702,0.5695945945945946,0.6219594594594594,0.6483108108108108,0.647972972972973,0.6101858108108108,False
USDCAD1440_comma,daily,40,75,long_only,fast_slope,0.001,-0.006651202562599101,-0.9559312385359597,-1.298641798323393,-0.02194607111561631,-0.3030703093760715,109,0.24770642201834864,0.8322106310964937,-93.09255820503611,0.4614864864864865,0.7091216216216216,0.6902027027027027,0.7327702702702703,0.6098310810810811,False
USDCAD1440_comma,daily,50,150,long_only,fast_slope,0.001,-0.006976605887293985,-0.9431061783432587,-1.2782464429658802,-0.023857807512150827,-0.29242443521856676,103,0.2815533980582524,0.8206411938394262,-103.0859482961106,0.4817567567567568,0.6929054054054054,0.6797297297297298,0.7182432432432433,0.6096114864864866,False
USDCAD1440_comma,daily,5,75,long_only,slow_slope,0.001,-0.008201766148451584,-0.8965409162709339,-1.2034092637381693,-0.031122011356538366,-0.26353586387752825,118,0.2796610169491525,0.7813583403663956,-104.82744509677482,0.572972972972973,0.614527027027027,0.6398648648648648,0.6581081081081082,0.6095101351351351,False
USDCAD1440_comma,daily,20,50,long_short,price_slow,0.001,-0.014424958970002288,-0.8075777273147877,-1.0936795204349876,-0.04331548792545129,-0.33302081220529156,208,0.22596153846153846,0.8166130371479912,-101.27996079208127,0.7216216216216216,0.47736486486486485,0.4685810810810811,0.714527027027027,0.6088851351351352,False
USDCAD1440_comma,daily,5,100,long_only,slow_slope,0.001,-0.008996239163306496,-0.8827324892529477,-1.1865262557734917,-0.029258930029036873,-0.3074698614877076,98,0.22448979591836735,0.7430277044166123,-137.6362003536675,0.5972972972972973,0.6317567567567568,0.6172297297297298,0.5878378378378378,0.6084797297297297,False
USDCAD1440_comma,daily,50,250,long_only,fast_slope,0.001,-0.007135583034709847,-0.9519726046636076,-1.2938994358767122,-0.022484117922491404,-0.3173610394371732,105,0.2571428571428571,0.834402611837042,-103.30480429770216,0.4672297297297297,0.7037162162162162,0.6736486486486486,0.7361486486486486,0.6079729729729729,False
USDCAD1440_comma,daily,50,250,long_only,fast_slope,0.0025,-0.006674502932000892,-0.9574114958341114,-1.29940016488332,-0.022140326114876246,-0.30146362331656196,101,0.26732673267326734,0.8327259330657923,-100.80074072682041,0.45878378378378376,0.706081081081081,0.6895270270270271,0.7334459459459459,0.6079560810810811,False
USDCAD1440_comma,daily,50,150,long_only,fast_slope,0.0025,-0.006577691784734885,-0.9563962905979225,-1.2998132217827063,-0.02227491018381136,-0.2952959958292144,100,0.29,0.8232584829109248,-100.40418731502709,0.46013513513513515,0.7054054054054054,0.6929054054054054,0.7222972972972973,0.6073310810810811,False
USDCAD1440_comma,daily,40,250,long_short,slow_slope,0.0025,-0.012431072480267757,-0.7885320343912643,-1.049996246574496,-0.03486608174844143,-0.35653769672078073,80,0.1875,0.664799322306845,-208.31457875548904,0.7496621621621622,0.572972972972973,0.5182432432432432,0.40371621621621623,0.6073141891891892,False
USDCAD1440_comma,daily,60,400,long_only,combined,0.0025,-0.004650926408851119,-0.9996300965816403,-1.3423302412434368,-0.01879802182700644,-0.24741573616907397,87,0.3103448275862069,0.8574628873469912,-82.77948174765308,0.39425675675675675,0.7381756756756757,0.7486486486486487,0.7648648648648648,0.606706081081081,False
USDCAD1440_comma,daily,100,200,long_only,price_slow,0.001,-0.00877709289390094,-0.8939770311026558,-1.1914942544626392,-0.0250899785725902,-0.3498246468607814,62,0.1774193548387097,0.7189296216656772,-212.5985397166454,0.577027027027027,0.6807432432432432,0.6216216216216216,0.5361486486486486,0.6057432432432434,False
USDCAD1440_comma,daily,20,400,long_only,combined,0.0,-0.0031934418389630848,-1.037510608251972,-1.4266528429749585,-0.018731309282382702,-0.17048684589104524,143,0.2867132867132867,0.9100255198525423,-34.95817409417539,0.34121621621621623,0.7398648648648649,0.8016891891891892,0.825,0.6055405405405406,False
USDCAD1440_comma,daily,100,300,long_only,price_slow,0.0,-0.00915449956712766,-0.8717372381191375,-1.1468623585646864,-0.029337442651168257,-0.3120414985033849,60,0.13333333333333333,0.7142116734956889,-228.49318196225224,0.6152027027027027,0.6300675675675675,0.6131756756756757,0.527027027027027,0.6052871621621622,False
USDCAD1440_comma,daily,60,400,long_only,slow_slope,0.0025,-0.008107509362022092,-0.9012668402545175,-1.1852229221679564,-0.02513855366266792,-0.3225129604040097,53,0.24528301886792453,0.7194780614339547,-237.04571415879082,0.5638513513513513,0.6797297297297298,0.6425675675675676,0.5381756756756757,0.6047128378378378,False
USDCAD1440_comma,daily,50,75,long_short,slow_slope,0.005,-0.007772659859421327,-0.902674875770819,-1.2299567178582727,-0.0332051159009416,-0.23408019061306506,65,0.4153846153846154,0.797722409953642,-161.4197380369241,0.5594594594594594,0.5925675675675676,0.6510135135135136,0.6837837837837838,0.604695945945946,False
USDCAD1440_comma,daily,60,250,long_only,combined,0.005,-0.005132908757126242,-0.9773665949947048,-1.322767912748854,-0.02210545756871367,-0.23220097304798426,91,0.3516483516483517,0.8422418685292443,-87.0293068715323,0.4243243243243243,0.7067567567567568,0.7327702702702703,0.7435810810810811,0.6045101351351352,False
USDCAD1440_comma,daily,40,250,long_short,slow_slope,0.0,-0.013317197874485043,-0.7902001591086103,-1.0584500392595346,-0.035625199148957766,-0.3738139910124445,81,0.19753086419753085,0.6729439500856983,-221.3505922025391,0.7479729729729729,0.5662162162162162,0.49763513513513513,0.42567567567567566,0.6041216216216215,False
USDCAD1440_comma,daily,5,300,long_only,slow_slope,0.001,-0.008279220430305045,-0.8581640897871728,-1.125628639029416,-0.033586899689373756,-0.24650147845960402,63,0.1746031746031746,0.70212478766212,-198.08407669528796,0.6364864864864865,0.5878378378378378,0.6364864864864865,0.5013513513513513,0.6040540540540541,False
USDCAD1440_comma,daily,30,400,long_short,none,0.001,-0.013671297069463906,-0.7730046656116175,-1.0628285324715991,-0.03408804220605398,-0.4010584411631568,28,0.21428571428571427,0.6359369391884114,-612.432443837925,0.7773648648648649,0.5824324324324325,0.48986486486486486,0.33006756756756755,0.6040371621621622,False
USDCAD1440_comma,daily,30,75,long_only,combined,0.0025,-0.005036195001903221,-0.985966755970496,-1.344953764066858,-0.022591471666670162,-0.22292460961422278,110,0.2545454545454545,0.8597733033458481,-70.69129878820793,0.41283783783783784,0.7027027027027027,0.7381756756756757,0.7672297297297297,0.6035304054054054,False
USDCAD1440_comma,daily,10,100,long_only,slow_slope,0.005,-0.007633140632002378,-0.9086646366747284,-1.231798238106572,-0.029173161002775592,-0.26164941917936646,78,0.20512820512820512,0.7619777963923837,-148.21328041731917,0.5486486486486486,0.6334459459459459,0.6564189189189189,0.6277027027027027,0.6032601351351352,False
USDCAD1440_comma,daily,100,200,long_only,none,0.0025,-0.00946175558703699,-0.8553554655711297,-1.1246498273178702,-0.028830399465865457,-0.32818676682712966,18,0.3333333333333333,0.6806172444573889,-665.5342310138143,0.6408783783783784,0.6385135135135135,0.6006756756756757,0.4435810810810811,0.602652027027027,True
USDCAD1440_comma,daily,5,75,long_only,slow_slope,0.0,-0.008421089429685447,-0.8920160428082597,-1.1961572340418025,-0.03279969673523694,-0.2567429052061513,116,0.3017241379310345,0.7642127723212312,-109.30878184028509,0.581418918918919,0.5962837837837838,0.6304054054054054,0.6310810810810811,0.6023817567567568,False
USDCAD1440_comma,daily,75,500,long_only,fast_slope,0.0,-0.0062780681672439664,-0.9533157594690418,-1.2777167590256617,-0.02260436947521185,-0.2777369293192872,94,0.2765957446808511,0.7903144084127363,-102.17458536527913,0.46452702702702703,0.7023648648648648,0.7013513513513514,0.6709459459459459,0.6023141891891892,False
USDCAD1440_comma,daily,75,150,long_only,slow_slope,0.0025,-0.007969761269390752,-0.8821155108723754,-1.1632026309438819,-0.029613846931205737,-0.26912279542421,54,0.3333333333333333,0.7069766393300575,-209.27197215317307,0.5983108108108108,0.6287162162162162,0.6452702702702703,0.5097972972972973,0.602027027027027,False
USDCAD1440_comma,daily,20,200,long_only,fast_slope,0.001,-0.005192995222674801,-0.9746079249775701,-1.3346238009226312,-0.026937578908204498,-0.19277884030970383,158,0.2911392405063291,0.8752623473626233,-50.68855849591371,0.43108108108108106,0.6567567567567567,0.7293918918918919,0.7905405405405406,0.6010810810810812,False
USDCAD1440_comma,daily,50,400,long_only,slow_slope,0.005,-0.007674751867481455,-0.9088771498602596,-1.195288371813026,-0.023043642236900818,-0.33305289973611596,48,0.1875,0.7061709428855037,-248.9536898283014,0.5476351351351352,0.6989864864864865,0.6543918918918918,0.5077702702702702,0.6008445945945946,False
USDCAD1440_comma,daily,40,400,long_only,slow_slope,0.001,-0.008324877595875968,-0.8933447842743741,-1.177041932156874,-0.02520779611981137,-0.3302501161271001,59,0.1694915254237288,0.6944194866294807,-218.1378594297896,0.5783783783783784,0.6780405405405405,0.6347972972972973,0.4817567567567568,0.6000844594594594,False
USDCAD1440_comma,daily,60,250,long_short,slow_slope,0.005,-0.011877589895551544,-0.8114775560399261,-1.0720369487964927,-0.034822669648913125,-0.3410878607327644,59,0.2033898305084746,0.6725933256969296,-275.8416161050811,0.7152027027027027,0.5733108108108108,0.5344594594594595,0.4246621621621622,0.6,False
USDCAD1440_comma,daily,20,500,long_short,slow_slope,0.0025,-0.011759659731735095,-0.8257011067870323,-1.0994796502081428,-0.031247241710228694,-0.37634232937384693,75,0.16,0.6703891887340803,-213.9551911544332,0.6902027027027027,0.6135135135135135,0.5371621621621622,0.41824324324324325,0.5996283783783783,False
USDCAD1440_comma,daily,50,75,long_only,combined,0.0025,-0.005034053527566029,-0.9874877508221548,-1.3452574100993264,-0.02145325885793166,-0.2346521598840844,75,0.29333333333333333,0.8277557624688038,-103.63813746840039,0.41081081081081083,0.7125,0.7385135135135135,0.7277027027027027,0.5993074324324325,False
USDCAD1440_comma,daily,40,100,long_short,none,0.005,-0.011998037846357223,-0.8184133352685397,-1.1056283040147672,-0.03887918260498651,-0.3085979962145191,53,0.32075471698113206,0.7167259809972795,-306.57276056472887,0.7050675675675676,0.5256756756756756,0.5297297297297298,0.5320945945945946,0.5992060810810811,False
USDCAD1440_comma,daily,50,500,long_short,slow_slope,0.005,-0.011002214822975476,-0.8464023532289255,-1.1210846854073333,-0.02980711917371479,-0.36911365901732984,62,0.11290322580645161,0.6822353211941867,-247.15615510725056,0.6581081081081082,0.6263513513513513,0.5567567567567567,0.4483108108108108,0.5984290540540541,False
USDCAD1440_comma,daily,5,50,long_short,none,0.001,-0.01542347606251715,-0.7562831680955788,-1.0541651545420432,-0.05354568298860823,-0.2880433155703416,170,0.27647058823529413,0.8040553728246009,-128.0795020290247,0.8050675675675676,0.3341216216216216,0.4429054054054054,0.6908783783783784,0.5977702702702703,False
USDCAD1440_comma,daily,60,75,long_only,slow_slope,0.0025,-0.004712635000536536,-0.9756244384550307,-1.3137375048976496,-0.024103583950212407,-0.19551594527481075,47,0.3617021276595745,0.8059522081661291,-155.19178933523034,0.4280405405405405,0.6905405405405406,0.7476351351351351,0.6932432432432433,0.5973648648648648,False
USDCAD1440_comma,daily,75,400,long_only,fast_slope,0.0025,-0.0056123615201140176,-0.9722348211194647,-1.2962078579289757,-0.022678233636248976,-0.24747789488962657,83,0.3253012048192771,0.8098276507959226,-103.95883268403837,0.4341216216216216,0.702027027027027,0.7148648648648649,0.6996621621621621,0.5970777027027028,False
USDCAD1440_comma,daily,50,400,long_only,combined,0.0,-0.00489328061286165,-1.0197499546124213,-1.3799104921030443,-0.018444401707908665,-0.26529896118904683,101,0.25742574257425743,0.8586110683513255,-74.88538931231864,0.3675675675675676,0.7429054054054054,0.7415540540540541,0.7665540540540541,0.5960472972972973,False
USDCAD1440_comma,daily,100,500,long_short,price_slow,0.005,-0.01096151196528905,-0.8506695832092281,-1.1205874409426508,-0.03011717871029602,-0.36396211181433435,60,0.18333333333333332,0.6842485753916688,-253.02010327709104,0.6503378378378378,0.6236486486486487,0.558445945945946,0.4540540540540541,0.5958445945945946,False
USDCAD1440_comma,daily,10,50,long_only,slow_slope,0.005,-0.005984421503468007,-0.9761882705301343,-1.3144547725594338,-0.024057062965273563,-0.24875943967501501,90,0.26666666666666666,0.8362901316736434,-101.94643353082705,0.42702702702702705,0.6908783783783784,0.7087837837837838,0.7368243243243243,0.5958108108108109,False
USDCAD1440_comma,daily,60,200,long_short,none,0.0,-0.01477453513717586,-0.7371988077876056,-1.0247757389104555,-0.04454540046016044,-0.33167364047809134,29,0.3103448275862069,0.6477863152949601,-615.730706755103,0.839527027027027,0.4594594594594595,0.4570945945945946,0.3570945945945946,0.5956587837837838,False
USDCAD1440_comma,daily,75,500,long_short,slow_slope,0.0,-0.012006851110409,-0.8335754614894769,-1.108910082039129,-0.032194198826206784,-0.37295076591982657,76,0.17105263157894737,0.6861494992293214,-219.06906554617484,0.675,0.6037162162162162,0.529054054054054,0.45878378378378376,0.5955574324324324,False
USDCAD1440_comma,daily,50,75,long_only,price_slow,0.0025,-0.00558142654288496,-0.9672869131411104,-1.309965914005735,-0.02519677749546423,-0.2215135067922751,71,0.28169014084507044,0.7957880791222481,-120.88729174085536,0.4462837837837838,0.6787162162162163,0.7168918918918918,0.6807432432432432,0.5936824324324325,False
USDCAD1440_comma,daily,5,300,long_short,none,0.0,-0.01537849720362583,-0.7601359790809884,-1.0444213607589004,-0.04159020017256342,-0.3697625195314844,84,0.16666666666666666,0.6676055277168054,-236.31424806800308,0.797972972972973,0.49594594594594593,0.4445945945945946,0.41047297297297297,0.5936655405405405,False
USDCAD1440_comma,daily,50,150,long_only,slow_slope,0.005,-0.008041493163979285,-0.8905539497122754,-1.191654857207397,-0.027371984568980094,-0.2937855362191196,47,0.3191489361702128,0.6830443715322682,-258.3471879608779,0.5834459459459459,0.6547297297297298,0.643581081081081,0.4506756756756757,0.5933783783783784,False
USDCAD1440_comma,daily,60,250,long_only,combined,0.001,-0.006573787327015523,-0.9576090834708002,-1.2959344238920394,-0.026573439536603984,-0.247381876100772,102,0.3333333333333333,0.8135408749883205,-98.37989928036036,0.4577702702702703,0.6614864864864864,0.6932432432432433,0.7067567567567568,0.5931418918918919,False
USDCAD1440_comma,daily,20,400,long_short,none,0.0025,-0.013324526425835592,-0.7876338526166058,-1.063367087998124,-0.03446594561047416,-0.386599763616707,35,0.14285714285714285,0.634177076438244,-518.9131277002247,0.7506756756756757,0.577027027027027,0.4972972972972973,0.3253378378378378,0.5927871621621622,False
USDCAD1440_comma,daily,5,50,long_short,price_slow,0.0,-0.01566653206991775,-0.765970841556574,-1.0639002171314504,-0.05373340238372398,-0.29156039586027016,253,0.20553359683794467,0.8156023587376197,-86.22544345161941,0.7891891891891892,0.3310810810810811,0.4358108108108108,0.7114864864864865,0.5923310810810811,False
USDCAD1440_comma,daily,50,150,long_short,slow_slope,0.0,-0.013431292516523974,-0.7801302101548897,-1.0496888072065986,-0.045341143959291286,-0.29622747340876565,116,0.3275862068965517,0.7070156741397662,-153.13766671823322,0.7614864864864865,0.4489864864864865,0.4945945945945946,0.5101351351351351,0.5922804054054055,False
USDCAD1440_comma,daily,30,500,long_short,combined,0.001,-0.007541164100703823,-0.9701122253887084,-1.3143627825744681,-0.025397500518009482,-0.2969254433268482,157,0.21656050955414013,0.8648999704402676,-66.22570362334837,0.43885135135135134,0.6743243243243243,0.6597972972972973,0.7743243243243243,0.5922297297297298,False
USDCAD1440_comma,daily,5,100,long_short,none,0.0025,-0.015987423992671834,-0.7745200584641483,-1.0726713219748587,-0.0463614417279678,-0.344843115243919,123,0.24390243902439024,0.7442215304892764,-173.49115332859043,0.7746621621621622,0.4337837837837838,0.42567567567567566,0.5908783783783784,0.5920777027027028,False
USDCAD1440_comma,daily,40,300,long_short,none,0.0025,-0.01378898314312016,-0.7630329730622358,-1.0435607635055133,-0.040091746734681216,-0.34393570413314145,28,0.25,0.6360490641722867,-598.130666699879,0.793581081081081,0.5094594594594595,0.4858108108108108,0.3307432432432432,0.591570945945946,False
USDCAD1440_comma,daily,100,150,long_only,fast_slope,0.001,-0.008185207515237436,-0.9102583764980697,-1.2221067897631244,-0.02635503029736785,-0.3105747716046039,61,0.29508196721311475,0.7163050347881793,-176.95358673794826,0.5442567567567568,0.6641891891891892,0.6405405405405405,0.5304054054054054,0.591418918918919,False
USDCAD1440_comma,daily,40,300,long_only,slow_slope,0.0025,-0.00836591233447681,-0.8586049408492289,-1.1302546825413708,-0.03416045206578095,-0.24490051590555717,45,0.2,0.6768429487019942,-280.041799788576,0.6351351351351351,0.5817567567567568,0.6331081081081081,0.43513513513513513,0.5913851351351351,False
USDCAD1440_comma,daily,40,300,long_only,slow_slope,0.001,-0.008569648624662807,-0.8576325874776671,-1.1293887083608176,-0.03364028223327973,-0.25474366015232197,47,0.19148936170212766,0.6749299515737657,-274.2411682276072,0.6371621621621621,0.5868243243243243,0.625,0.43175675675675673,0.5913344594594595,False
USDCAD1440_comma,daily,40,50,long_short,slow_slope,0.005,-0.00020940335078467598,-1.2443627697785815,-1.7738495964175047,-0.001514502095483333,-0.13826547444812065,29,0.3793103448275862,0.9850507190296943,-12.262207120601802,0.15101351351351353,0.8847972972972973,0.8875,0.8814189189189189,0.5913175675675675,False
USDCAD1440_comma,daily,30,150,long_only,slow_slope,0.005,-0.008112821833365147,-0.8794161779406592,-1.1813576777544796,-0.028393126762845066,-0.2857318921275517,61,0.3114754098360656,0.66650422546006,-200.71399890028138,0.6023648648648648,0.6429054054054054,0.6422297297297297,0.40743243243243243,0.591233108108108,False
USDCAD1440_comma,daily,60,400,long_only,fast_slope,0.005,-0.005490827252367825,-0.9979090637696844,-1.3379495929920797,-0.021970019262263427,-0.24992364307113224,90,0.3111111111111111,0.8362846725435357,-93.88187792292,0.39797297297297296,0.7087837837837838,0.7212837837837838,0.7364864864864865,0.5911148648648649,False
USDCAD1440_comma,daily,100,150,long_only,combined,0.0,-0.00778122659119751,-0.918362244452592,-1.23508795068091,-0.0274113458349724,-0.2838688270923909,80,0.275,0.7299401809508863,-147.1499309922882,0.5283783783783784,0.654054054054054,0.6506756756756756,0.5645270270270271,0.5896790540540542,False
USDCAD1440_comma,daily,20,50,long_only,fast_slope,0.005,-0.003397186632339677,-1.0530451832868573,-1.4528801454493188,-0.020596603820860412,-0.1649391648199291,103,0.30097087378640774,0.8952487279846428,-51.55216341839408,0.3222972972972973,0.7202702702702702,0.7942567567567568,0.8114864864864865,0.5895608108108108,False
USDCAD1440_comma,daily,50,100,long_only,combined,0.0,-0.007245111660317494,-0.9537779778541382,-1.2979797954318286,-0.02691096782426929,-0.26922523588258274,117,0.24786324786324787,0.8128100092967351,-94.05606716834305,0.46385135135135136,0.6574324324324324,0.6692567567567568,0.7050675675675676,0.5895101351351352,False
USDCAD1440_comma,daily,30,500,long_short,none,0.0025,-0.013038186598365531,-0.7862767868247579,-1.069099251702695,-0.03398260270729924,-0.3836723958628694,30,0.13333333333333333,0.6149478631724252,-596.5008865579512,0.7520270270270271,0.5847972972972973,0.5054054054054054,0.27364864864864863,0.5891385135135135,False
USDCAD1440_comma,daily,75,200,long_only,price_slow,0.001,-0.009132087480731022,-0.8965965631804867,-1.1910022457204104,-0.0280276380776704,-0.3258243686258583,60,0.16666666666666666,0.7035561723293152,-227.97152954395312,0.5726351351351351,0.6469594594594594,0.6135135135135135,0.504054054054054,0.5891047297297297,False
USDCAD1440_comma,daily,60,400,long_only,fast_slope,0.0,-0.0063790229079631056,-0.97739571232995,-1.3117840361186355,-0.024852563464184643,-0.2566746451389612,96,0.3020833333333333,0.8206527600942026,-101.57853821636945,0.4239864864864865,0.6844594594594594,0.6983108108108108,0.7185810810810811,0.5881587837837838,False
USDCAD1440_comma,daily,5,100,long_short,none,0.0,-0.016866055515089573,-0.7600059413793242,-1.0727281625834426,-0.0491682687269509,-0.3430272399614648,116,0.27586206896551724,0.7354533700151585,-193.39715215918426,0.7983108108108108,0.40405405405405403,0.40337837837837837,0.5766891891891892,0.5875168918918919,False
USDCAD1440_comma,daily,30,500,long_short,fast_slope,0.0,-0.009380068436428912,-0.9429748119440579,-1.27589941826027,-0.028296852178882743,-0.3314880530573302,162,0.24074074074074073,0.8434270575898385,-81.45361323467242,0.48243243243243245,0.6445945945945946,0.6047297297297297,0.7445945945945946,0.5867567567567568,False
USDCAD1440_comma,daily,75,300,long_only,fast_slope,0.0,-0.007369946390525017,-0.9308954907472472,-1.2408105857513694,-0.02951683093602396,-0.2496862351686383,91,0.32967032967032966,0.7659370540799402,-122.89906071703804,0.5033783783783784,0.6293918918918919,0.6631756756756757,0.6341216216216217,0.5864527027027028,False
USDCAD1440_comma,daily,40,50,long_short,slow_slope,0.001,-0.015045828635804726,-0.8542090733723128,-1.1569477421780392,-0.03907724659959524,-0.3850278600734518,173,0.3352601156069364,0.8161204502499716,-125.75586540597904,0.6456081081081081,0.5222972972972973,0.4523648648648649,0.7128378378378378,0.5862162162162162,False
USDCAD1440_comma,daily,75,300,long_only,fast_slope,0.001,-0.007194226828894701,-0.9348047454451542,-1.2438691135764808,-0.029178564483242655,-0.24655862809928053,90,0.3333333333333333,0.7705443150385711,-121.45994703967386,0.4939189189189189,0.6331081081081081,0.6712837837837838,0.639527027027027,0.5860304054054054,False
USDCAD1440_comma,daily,20,100,long_short,none,0.0,-0.016543991273203162,-0.7552166575418505,-1.067118138787727,-0.04879146977162315,-0.33907548492882367,72,0.2777777777777778,0.7120568358543635,-302.9608609422094,0.8074324324324325,0.41047297297297297,0.41047297297297297,0.5209459459459459,0.5858277027027028,False
USDCAD1440_comma,daily,50,300,long_only,fast_slope,0.0,-0.007616833632394848,-0.966322335428991,-1.309619449316618,-0.025287980071305408,-0.30120371856183825,107,0.27102803738317754,0.8127534848679262,-107.82553635722927,0.44763513513513514,0.6766891891891892,0.6570945945945946,0.7047297297297297,0.5853547297297298,False
USDCAD1440_comma,daily,30,300,long_short,none,0.0025,-0.014016845766832042,-0.7665863294451115,-1.0481344540403807,-0.03893834377790022,-0.3599753971761742,35,0.17142857142857143,0.620323734138452,-537.5209029871475,0.7881756756756757,0.5253378378378378,0.4777027027027027,0.2875,0.5852702702702702,False
USDCAD1440_comma,daily,75,500,long_only,combined,0.0,-0.00579391954367281,-0.9946685188091993,-1.3347471111014173,-0.020581498979277576,-0.28151105755253303,92,0.2391304347826087,0.7903997281230796,-96.69234169598779,0.40371621621621623,0.7206081081081082,0.7111486486486487,0.6716216216216216,0.5846114864864865,False
USDCAD1440_comma,daily,20,50,long_short,price_slow,0.005,-0.010417048262687634,-0.8771227738375184,-1.1881943466615539,-0.04364684149227157,-0.2386667146242908,146,0.2876712328767123,0.8253221550196114,-107.25921313607994,0.606418918918919,0.47128378378378377,0.5733108108108108,0.7263513513513513,0.5840033783783785,False
USDCAD1440_comma,daily,30,500,long_short,slow_slope,0.005,-0.011848021853760549,-0.8455491667748157,-1.1280161190327385,-0.03168791171843752,-0.3738972122567109,72,0.1111111111111111,0.6662476148211688,-226.81212149079735,0.6587837837837838,0.6097972972972973,0.5351351351351351,0.4064189189189189,0.5839527027027027,False
USDCAD1440_comma,daily,20,250,long_short,slow_slope,0.005,-0.012768405206425748,-0.8130042381063937,-1.0844298433102504,-0.03543990206210211,-0.3602833095884801,73,0.1643835616438356,0.6489324042394421,-237.76363720914088,0.7131756756756756,0.5685810810810811,0.5108108108108108,0.3625,0.5839527027027026,False
USDCAD1440_comma,daily,40,100,long_only,fast_slope,0.0025,-0.0066375780156467945,-0.9805811040489752,-1.3405201367985136,-0.024944765902192512,-0.2660910125062904,106,0.27358490566037735,0.8130784472375395,-95.54082525628624,0.4212837837837838,0.6827702702702703,0.6912162162162162,0.7054054054054054,0.5832601351351351,False
USDCAD1440_comma,daily,10,500,long_short,slow_slope,0.005,-0.012043420868685706,-0.8449394004130296,-1.1222732380600722,-0.03138160778377337,-0.38377322639641975,84,0.16666666666666666,0.6646285214885174,-196.99677817771695,0.6601351351351351,0.6121621621621621,0.5283783783783784,0.40304054054054056,0.5832263513513514,False
USDCAD1440_comma,daily,10,400,long_short,price_slow,0.005,-0.013329174233612795,-0.8190687849514948,-1.0926884140734938,-0.03419885460916503,-0.389754989924156,63,0.1746031746031746,0.6540401994393311,-287.7845971953009,0.7037162162162162,0.581418918918919,0.49695945945945946,0.3793918918918919,0.583141891891892,False
USDCAD1440_comma,daily,100,250,long_only,price_slow,0.0,-0.009565311298472046,-0.8891457340056452,-1.174299361208647,-0.03106534860806519,-0.3079093500334549,58,0.1724137931034483,0.6998031963959974,-246.23137958149368,0.5868243243243243,0.6155405405405405,0.5976351351351351,0.4939189189189189,0.5822297297297296,False
USDCAD1440_comma,daily,10,250,long_short,slow_slope,0.005,-0.013273102583783336,-0.8300048865165097,-1.1083126058561936,-0.034336338583649983,-0.38656138456485345,82,0.2073170731707317,0.6747432752563634,-218.99797824957932,0.6810810810810811,0.5797297297297297,0.49932432432432433,0.4300675675675676,0.581739864864865,False
USDCAD1440_comma,daily,40,500,long_short,none,0.001,-0.014091972242415318,-0.7888406310572089,-1.0843045803597833,-0.03613312987290218,-0.39000142783046055,26,0.11538461538461539,0.6277132071860785,-664.7281427112589,0.7486486486486487,0.5597972972972973,0.475,0.3097972972972973,0.5808783783783784,False
USDCAD1440_comma,daily,10,100,long_only,slow_slope,0.0025,-0.009195360542620268,-0.9023829076051905,-1.214820247336632,-0.032278959044040094,-0.28487165679892257,88,0.19318181818181818,0.7259620026116956,-156.43894434141927,0.5604729729729729,0.6027027027027027,0.6114864864864865,0.5533783783783783,0.5801689189189189,False
USDCAD1440_comma,daily,60,300,long_only,price_slow,0.005,-0.009197469790433677,-0.8841680186560802,-1.1596982210159532,-0.03145712978402331,-0.2923810866910356,46,0.15217391304347827,0.682489041904294,-299.3384860036751,0.5932432432432433,0.6114864864864865,0.6111486486486486,0.45,0.5798986486486487,False
USDCAD1440_comma,daily,50,400,long_only,combined,0.0025,-0.005143524160995838,-1.0359018978759593,-1.400719786711518,-0.019198549967582332,-0.2679121167838677,95,0.2736842105263158,0.8458786340237358,-83.53072078194849,0.34324324324324323,0.7351351351351352,0.7317567567567568,0.7496621621621622,0.5798817567567568,False
USDCAD1440_comma,daily,30,75,long_short,slow_slope,0.0025,-0.01387875381877135,-0.8306457927079188,-1.1254347629870136,-0.043574483119627305,-0.3185064474699397,138,0.2898550724637681,0.7592110223372219,-135.77230148652492,0.6790540540540541,0.4726351351351351,0.48243243243243245,0.6236486486486487,0.5798141891891891,False
USDCAD1440_comma,daily,5,200,long_only,slow_slope,0.0025,-0.009577990746855058,-0.882934562839901,-1.1768282026846784,-0.0303889589016937,-0.3151799565703858,69,0.18840579710144928,0.6810080225438194,-207.23206538471246,0.5966216216216216,0.6195945945945946,0.5966216216216216,0.4452702702702703,0.5796621621621622,False
USDCAD1440_comma,daily,60,400,long_only,fast_slope,0.001,-0.006615920326885294,-0.9861757241653505,-1.3230226426467553,-0.025233616257247713,-0.2621867694046841,96,0.3020833333333333,0.8158997569453541,-105.16569023235911,0.41216216216216217,0.6773648648648649,0.6922297297297297,0.7121621621621622,0.5794763513513513,False
USDCAD1440_comma,daily,30,100,long_only,fast_slope,0.001,-0.007426574212941572,-0.969041922947338,-1.3157426094232616,-0.028090670294302733,-0.2643786757359011,116,0.2672413793103448,0.8235394337463158,-97.11221363951893,0.4418918918918919,0.6459459459459459,0.6625,0.722972972972973,0.5791891891891892,False
USDCAD1440_comma,daily,60,500,long_short,none,0.005,-0.012764521027314513,-0.8260356841065943,-1.1002790551220076,-0.03440323780129614,-0.3710267359438364,18,0.2222222222222222,0.6525238872351505,-925.8722123416745,0.6895270270270271,0.5780405405405405,0.5111486486486486,0.37466216216216214,0.57875,True
USDCAD1440_comma,daily,40,50,long_only,none,0.005,0.0008411851591529906,-1.415358807153162,-2.005813134757599,0.005860728324580778,-0.14352911661592183,17,0.35294117647058826,1.0934205950362759,79.83816385682432,0.07145270270270271,0.916722972972973,0.910304054054054,0.9255067567567568,0.5786486486486486,True
USDCAD1440_comma,daily,40,50,long_only,slow_slope,0.005,0.0008411851591529906,-1.415358807153162,-2.005813134757599,0.005860728324580778,-0.14352911661592183,17,0.35294117647058826,1.0934205950362759,79.83816385682432,0.07145270270270271,0.916722972972973,0.910304054054054,0.9255067567567568,0.5786486486486486,True
USDCAD1440_comma,daily,40,200,long_short,price_slow,0.0,-0.015366398260482472,-0.798315252910797,-1.0907950805123998,-0.042297309690087194,-0.3632949323035489,112,0.15178571428571427,0.69391217189466,-183.51993290307655,0.7378378378378379,0.4888513513513513,0.4456081081081081,0.47905405405405405,0.5783277027027027,False
USDCAD1440_comma,daily,50,300,long_only,fast_slope,0.0025,-0.007274596749318407,-0.9776123251463624,-1.324509268851988,-0.025140527837287215,-0.28935735941586227,102,0.2647058823529412,0.8120453871077389,-108.30322674487985,0.4233108108108108,0.6793918918918919,0.6679054054054054,0.7037162162162162,0.5783108108108108,False
USDCAD1440_comma,daily,75,500,long_short,slow_slope,0.001,-0.012513156663650493,-0.8543080697277751,-1.1313710503594454,-0.032526771223295954,-0.38470331339522756,71,0.16901408450704225,0.6799502154972461,-245.2616141383575,0.6452702702702703,0.6006756756756757,0.5168918918918919,0.44155405405405407,0.5778885135135136,False
USDCAD1440_comma,daily,10,100,long_only,slow_slope,0.0,-0.009957329077455168,-0.8888742610019369,-1.189913185424387,-0.032050494478353224,-0.31067630124022916,92,0.22826086956521738,0.7018691429768612,-161.12798122605892,0.5871621621621622,0.6054054054054054,0.5831081081081081,0.5003378378378378,0.5778885135135136,False
USDCAD1440_comma,daily,50,400,long_only,slow_slope,0.0,-0.008848799570728927,-0.9032328441201951,-1.1892015525240203,-0.026418906761438158,-0.33494192816656987,59,0.23728813559322035,0.6741785361739641,-230.59757635287602,0.5581081081081081,0.6631756756756757,0.6206081081081081,0.4293918918918919,0.5775675675675676,False
USDCAD1440_comma,daily,30,250,long_only,fast_slope,0.005,-0.00664825004089753,-1.000914502679182,-1.361397542217359,-0.024368969606686722,-0.27281621456301886,98,0.22448979591836735,0.8338017243826591,-103.49802839197521,0.39222972972972975,0.6875,0.6905405405405406,0.7351351351351352,0.5771452702702703,False
USDCAD1440_comma,daily,50,300,long_short,none,0.005,-0.013824282642535213,-0.7885237696213169,-1.0574911502286288,-0.03831152501588794,-0.3608387459596617,24,0.25,0.6274030430338948,-706.6259838076107,0.75,0.5324324324324324,0.4851351351351351,0.3081081081081081,0.5763513513513514,False
USDCAD1440_comma,daily,50,500,long_only,fast_slope,0.0,-0.007100233883267526,-1.000553632119332,-1.3475275527718418,-0.022935365267875235,-0.3095757926826034,113,0.3008849557522124,0.8250689569280949,-95.54070255498559,0.39256756756756755,0.7010135135135135,0.6756756756756757,0.7253378378378378,0.5762162162162162,False
USDCAD1440_comma,daily,75,100,long_only,none,0.001,-0.009222905443683316,-0.9066326239126433,-1.1963873226011685,-0.03348484673378297,-0.27543519959965346,36,0.3888888888888889,0.7319825795040161,-330.348133456315,0.5540540540540541,0.5888513513513514,0.6094594594594595,0.5692567567567568,0.5761148648648649,False
USDCAD1440_comma,daily,100,250,long_only,price_slow,0.0025,-0.008903730747033767,-0.9073991818370151,-1.1937633963298546,-0.029310605974411624,-0.30377163661531903,52,0.19230769230769232,0.6958971820449867,-256.8995664186756,0.5533783783783783,0.6304054054054054,0.6185810810810811,0.4858108108108108,0.5755405405405405,False
USDCAD1440_comma,daily,30,100,long_short,slow_slope,0.005,-0.014009581222496403,-0.8555031293706107,-1.1553219069231146,-0.03774168953024477,-0.3711964513742728,100,0.29,0.741626502914272,-194.5378249156816,0.6405405405405405,0.5418918918918919,0.4780405405405405,0.585472972972973,0.5751182432432432,False
USDCAD1440_comma,daily,10,500,long_short,none,0.001,-0.0147027021780064,-0.7972054752848,-1.0825147087741291,-0.03547615054813467,-0.4144390513299213,51,0.1568627450980392,0.6252109563632925,-378.30645652884783,0.7388513513513514,0.5679054054054054,0.4597972972972973,0.30236486486486486,0.5748310810810812,False
USDCAD1440_comma,daily,20,200,long_only,fast_slope,0.0025,-0.005676982920938212,-0.9974778936586888,-1.3681117435370422,-0.029753349266909937,-0.1908014748192347,155,0.27741935483870966,0.8604877766481497,-56.28219130959708,0.39966216216216216,0.6270270270270271,0.7135135135135136,0.7699324324324325,0.5748141891891893,False
USDCAD1440_comma,daily,20,300,long_short,none,0.005,-0.01367312849265201,-0.7843188887372645,-1.0580665901625819,-0.03949739986038326,-0.34617793933231666,37,0.1891891891891892,0.6252449736355404,-502.3181403340672,0.7554054054054054,0.5168918918918919,0.48952702702702705,0.3033783783783784,0.5747972972972973,False
USDCAD1440_comma,daily,60,500,long_short,none,0.0,-0.014246675418590149,-0.7810708029763319,-1.0701161908805419,-0.03896020646967324,-0.3656724825028792,23,0.2608695652173913,0.6247360953465669,-789.2855317178917,0.7601351351351351,0.5246621621621622,0.47195945945945944,0.30033783783783785,0.5746621621621621,False
USDCAD1440_comma,daily,10,250,long_short,none,0.001,-0.016402328405303868,-0.7718937408121709,-1.0727403862316336,-0.04187686469453376,-0.39167995323787663,57,0.17543859649122806,0.6512727634697346,-377.0683287081984,0.779054054054054,0.4925675675675676,0.4158783783783784,0.3716216216216216,0.5736824324324324,False
USDCAD1440_comma,daily,100,400,long_only,fast_slope,0.0025,-0.007452985822528291,-0.9642478457472221,-1.276946566738269,-0.024248303325359502,-0.3073611263652317,62,0.27419354838709675,0.7453484441678971,-151.89368723225883,0.44932432432432434,0.6891891891891891,0.6621621621621622,0.5939189189189189,0.5735472972972973,False
USDCAD1440_comma,daily,30,250,long_short,slow_slope,0.005,-0.01315401254415105,-0.8215226075918541,-1.09729880949257,-0.03726122713369956,-0.353021453022796,71,0.15492957746478872,0.6531497536237831,-251.4012535317488,0.697972972972973,0.5489864864864865,0.5027027027027027,0.37601351351351353,0.5733783783783784,False
USDCAD1440_comma,daily,50,500,long_short,none,0.001,-0.014072113613587067,-0.7935057720779567,-1.0855947329853801,-0.037873426301990656,-0.37155639158127673,24,0.16666666666666666,0.6271265577298605,-724.6460500283983,0.7425675675675676,0.5398648648648648,0.47533783783783784,0.30777027027027026,0.5732263513513514,False
USDCAD1440_comma,daily,5,250,long_short,slow_slope,0.0,-0.014732412858734723,-0.824607373500676,-1.1002144650012078,-0.037695050160827824,-0.39083149633381953,108,0.2037037037037037,0.6861573747092178,-180.78790831335866,0.6918918918918919,0.5425675675675675,0.45878378378378376,0.4591216216216216,0.5730236486486486,False
USDCAD1440_comma,daily,50,300,long_only,slow_slope,0.0,-0.009428324330905902,-0.8657809689888115,-1.1384189361648827,-0.03468350928767217,-0.27183882267233794,46,0.15217391304347827,0.659944485098799,-306.329068349367,0.6243243243243243,0.575,0.6023648648648648,0.39256756756756755,0.5728378378378378,False
USDCAD1440_comma,daily,10,100,long_only,slow_slope,0.001,-0.010119696498588904,-0.8961455771173648,-1.2005694479502353,-0.03216459045891037,-0.31462227108150553,91,0.2087912087912088,0.7049102087030938,-165.35675748925698,0.5739864864864865,0.6047297297297297,0.5800675675675676,0.5060810810810811,0.5727027027027027,False
USDCAD1440_comma,daily,75,500,long_only,fast_slope,0.005,-0.0061368173047493535,-1.009503494844091,-1.3461677687002134,-0.021588463947469508,-0.28426373083707424,76,0.27631578947368424,0.7894188114011372,-123.66024247857649,0.38344594594594594,0.7118243243243243,0.7043918918918919,0.6682432432432432,0.5724493243243244,False
USDCAD1440_comma,daily,5,50,long_only,slow_slope,0.005,-0.007306730720075372,-0.9883207018037284,-1.3379793021379736,-0.026463814441271164,-0.2761027037992033,112,0.24107142857142858,0.8276222563276063,-99.0453859781188,0.4101351351351351,0.6628378378378378,0.6655405405405406,0.7273648648648648,0.5719763513513514,False
USDCAD1440_comma,daily,40,50,long_short,fast_slope,0.005,-0.0007837405862742841,-1.2838751407445594,-1.8275457684575767,-0.005902404196772718,-0.1327832795156274,30,0.36666666666666664,0.9484529835433332,-42.29254687090738,0.1304054054054054,0.8621621621621621,0.8766891891891891,0.8587837837837838,0.5718581081081081,False
USDCAD1440_comma,daily,60,200,long_short,none,0.001,-0.014723103437622065,-0.7473641303222792,-1.0297037341447768,-0.04790041829219956,-0.3073689951475784,28,0.2857142857142857,0.6277549538281044,-640.6835747489006,0.8212837837837837,0.4189189189189189,0.4594594594594595,0.31013513513513513,0.5716554054054055,False
USDCAD1440_comma,daily,60,250,long_short,slow_slope,0.0,-0.013835083231039214,-0.7947990004676269,-1.05254590743298,-0.03969977588019405,-0.34849272884538984,77,0.18181818181818182,0.6357215213639766,-243.431650319043,0.7408783783783783,0.5148648648648648,0.4847972972972973,0.32972972972972975,0.5714864864864865,False
USDCAD1440_comma,daily,75,250,long_only,fast_slope,0.0,-0.007707731019941488,-0.9296045393917652,-1.244893998398523,-0.032792443699162545,-0.23504594810475588,93,0.3225806451612903,0.7459931863749827,-125.45328757693034,0.5060810810810811,0.5966216216216216,0.652027027027027,0.5952702702702702,0.5712837837837839,False
USDCAD1440_comma,daily,5,300,long_short,none,0.001,-0.015793916254729923,-0.7761968669556013,-1.0638651915054806,-0.04267736006584504,-0.3700771610606227,82,0.14634146341463414,0.6510031770574177,-251.20461355382733,0.7709459459459459,0.48412162162162165,0.43175675675675673,0.36993243243243246,0.5712499999999999,False
USDCAD1440_comma,daily,20,100,long_short,slow_slope,0.005,-0.013856978381599383,-0.8442890119133585,-1.1457344127605846,-0.04168207303689415,-0.3324445588235049,107,0.2616822429906542,0.7315036742324149,-179.19960002339994,0.6621621621621622,0.4956081081081081,0.4834459459459459,0.5685810810810811,0.5707432432432432,False
USDCAD1440_comma,daily,5,75,long_only,slow_slope,0.005,-0.008221143943459297,-0.9437515548230784,-1.285097833511472,-0.031750483497382756,-0.25892972446032136,112,0.25,0.7778385631738742,-110.68826173878834,0.4804054054054054,0.6091216216216216,0.6391891891891892,0.6530405405405405,0.5702364864864865,False
USDCAD1440_comma,daily,60,500,long_short,none,0.0025,-0.013309301873055013,-0.8094006635498864,-1.0861022801854905,-0.03562804238117563,-0.373562536236543,18,0.2222222222222222,0.6155643533670927,-978.8158083816738,0.7189189189189189,0.5658783783783784,0.4983108108108108,0.27635135135135136,0.570152027027027,True
USDCAD1440_comma,daily,50,150,long_short,slow_slope,0.001,-0.013941281406402939,-0.7993086961571421,-1.0722145630664468,-0.04839125992861535,-0.28809502846110024,111,0.32432432432432434,0.7037129372778691,-165.67094057675718,0.7368243243243243,0.41385135135135137,0.4800675675675676,0.5043918918918919,0.5698648648648649,False
USDCAD1440_comma,daily,50,400,long_only,combined,0.005,-0.005044355125459532,-1.0610985833351494,-1.4298457121961976,-0.018512064751274513,-0.272490140523749,90,0.25555555555555554,0.8454071095748984,-86.53521230743362,0.31148648648648647,0.7415540540540541,0.7368243243243243,0.7489864864864865,0.569695945945946,False
USDCAD1440_comma,daily,60,500,long_short,slow_slope,0.005,-0.012000518480096867,-0.8713727139490614,-1.1514730082415854,-0.030979822517306133,-0.387365630432294,57,0.14035087719298245,0.6719984785769528,-295.5897634333015,0.6162162162162163,0.6158783783783783,0.5293918918918918,0.42195945945945945,0.5696283783783783,False
USDCAD1440_comma,daily,100,250,long_only,price_slow,0.005,-0.008295079324794563,-0.9309793069272055,-1.232138078613246,-0.025686813037330915,-0.32293143227769194,46,0.17391304347826086,0.6952534552427572,-271.77681913618255,0.5030405405405406,0.6709459459459459,0.6361486486486486,0.4834459459459459,0.5686993243243244,False
USDCAD1440_comma,daily,20,100,long_short,price_slow,0.001,-0.015722219867306042,-0.8065580909994431,-1.1015490407637354,-0.047646409662928185,-0.3299770114586176,148,0.22972972972972974,0.7382666015329338,-139.7867262066558,0.722972972972973,0.4212837837837838,0.4337837837837838,0.5817567567567568,0.5685304054054054,False
USDCAD1440_comma,daily,50,400,long_only,slow_slope,0.0025,-0.008902416906951593,-0.9132576196675964,-1.2036107026409495,-0.0265036241154415,-0.33589432404321196,55,0.21818181818181817,0.6727566210312874,-248.7301712614287,0.5381756756756757,0.6621621621621622,0.6189189189189189,0.42533783783783785,0.5683952702702704,False
USDCAD1440_comma,daily,50,100,long_short,none,0.0,-0.01604068581100193,-0.7478278891936679,-1.0676977117718571,-0.05191592826268354,-0.30897426565965413,54,0.3148148148148148,0.6761688242263165,-398.4505158976763,0.8195945945945946,0.3597972972972973,0.42364864864864865,0.43344594594594593,0.5675337837837838,False
USDCAD1440_comma,daily,75,400,long_only,fast_slope,0.0,-0.007008677202750779,-0.9829293377682583,-1.3075879198884945,-0.02664952191817874,-0.26299448163720607,91,0.3076923076923077,0.784975341917075,-117.18818808487647,0.4175675675675676,0.6608108108108108,0.6777027027027027,0.6641891891891892,0.5673986486486486,False
USDCAD1440_comma,daily,50,400,long_only,combined,0.001,-0.00565646275023024,-1.0413257854137206,-1.4061072311103702,-0.0206228559280237,-0.274281252314034,99,0.25252525252525254,0.8373928086675804,-87.81346756917237,0.33378378378378376,0.7199324324324324,0.7141891891891892,0.7385135135135135,0.5671114864864866,False
USDCAD1440_comma,daily,100,200,long_only,none,0.005,-0.007706341318831411,-0.9018979399345072,-1.1951041833778444,-0.02926005877843037,-0.2633740887941173,18,0.3888888888888889,0.6478966137272592,-583.9127482028032,0.5618243243243243,0.6310810810810811,0.6523648648648649,0.35743243243243245,0.5665878378378378,True
USDCAD1440_comma,daily,40,75,long_only,fast_slope,0.005,-0.005067527779834768,-1.0412134495192145,-1.4251433672514318,-0.02192379316763856,-0.23114283833487737,70,0.2857142857142857,0.8215232944498757,-111.75137666259168,0.3341216216216216,0.7094594594594594,0.7358108108108108,0.7199324324324324,0.5661655405405405,False
USDCAD1440_comma,daily,50,300,long_short,none,0.0025,-0.014405470477833027,-0.7697005347697404,-1.0415755217543126,-0.04332512207976703,-0.3324969391040776,26,0.23076923076923078,0.6100745377570167,-683.0311096524767,0.7827702702702702,0.4766891891891892,0.46959459459459457,0.2662162162162162,0.5661317567567568,False
USDCAD1440_comma,daily,40,250,long_short,none,0.0025,-0.014627469165841012,-0.7601760298227732,-1.0435837921843705,-0.04360870074354053,-0.33542547511020915,30,0.13333333333333333,0.5959306120903203,-589.6605843399082,0.7976351351351352,0.4722972972972973,0.4618243243243243,0.2391891891891892,0.5653716216216216,False
USDCAD1440_comma,daily,30,50,long_short,fast_slope,0.001,-0.01504897596387511,-0.87472927156944,-1.1795121303764649,-0.0413134217806207,-0.36426360527063106,205,0.3024390243902439,0.8131075379158506,-105.0512006552917,0.6101351351351352,0.5,0.452027027027027,0.7057432432432432,0.5653209459459461,False
USDCAD1440_comma,daily,60,150,long_only,slow_slope,0.005,-0.008780509694277794,-0.926016914824619,-1.2294026975150498,-0.028901193629633164,-0.3038113168196245,43,0.37209302325581395,0.7064360126076886,-255.48421643649635,0.5128378378378379,0.6378378378378379,0.6212837837837838,0.5084459459459459,0.5651182432432432,False
USDCAD1440_comma,daily,40,75,long_short,slow_slope,0.0,-0.015246029916921144,-0.8081667532987813,-1.1027124818651366,-0.05033589578087891,-0.30288583684474035,173,0.2774566473988439,0.7487833135583084,-118.7168011150095,0.720945945945946,0.3861486486486487,0.44797297297297295,0.5996621621621622,0.5644594594594595,False
USDCAD1440_comma,daily,20,500,long_short,slow_slope,0.005,-0.012796374914254005,-0.8604791623673875,-1.1445169760171299,-0.032168317148769186,-0.39779435321637946,73,0.1506849315068493,0.6578840360030727,-240.1634663898005,0.6317567567567568,0.6043918918918919,0.510472972972973,0.3885135135135135,0.5641722972972972,False
USDCAD1440_comma,daily,20,400,long_short,none,0.001,-0.015088630195214225,-0.7964815886000389,-1.0860144534712375,-0.037263578330142315,-0.40491629820234176,40,0.125,0.6126229330639226,-504.82856354219257,0.7398648648648649,0.5486486486486486,0.4516891891891892,0.2689189189189189,0.5637837837837838,False
USDCAD1440_comma,daily,100,500,long_only,fast_slope,0.0025,-0.007056254464384626,-0.9669161953174844,-1.2809678785645264,-0.023373502137161363,-0.3018911938389386,63,0.2698412698412698,0.702389208092998,-178.0295931885329,0.4469594594594595,0.6966216216216217,0.677027027027027,0.5027027027027027,0.56375,False
USDCAD1440_comma,daily,75,150,long_only,fast_slope,0.001,-0.007929071606646021,-0.9399580853756878,-1.2649999302380184,-0.03178690171092929,-0.24944461963462672,86,0.27906976744186046,0.7364669938578018,-139.33182167174772,0.4875,0.6081081081081081,0.6459459459459459,0.5783783783783784,0.562972972972973,False
USDCAD1440_comma,daily,50,75,long_short,none,0.0025,-0.013199237788959706,-0.8129244700827811,-1.0915102507117647,-0.05123657530048221,-0.25761358388126854,80,0.375,0.7281663761187621,-222.58425262316604,0.7138513513513514,0.37094594594594593,0.5013513513513513,0.5601351351351351,0.5625675675675675,False
USDCAD1440_comma,daily,5,100,long_only,slow_slope,0.005,-0.008729781047371432,-0.9202716302557343,-1.2417118769683897,-0.034395417934404246,-0.2538065117865427,94,0.23404255319148937,0.7280828152509635,-139.517501815713,0.5233108108108108,0.5783783783783784,0.6233108108108109,0.5597972972972973,0.5625506756756757,False
USDCAD1440_comma,daily,60,100,long_only,none,0.0025,-0.00814589353258599,-0.9007508887588327,-1.1965565249131005,-0.03269569162248574,-0.24914271967820467,34,0.29411764705882354,0.6585473844243364,-361.4839752201283,0.5648648648648649,0.5986486486486486,0.6415540540540541,0.3898648648648649,0.5623986486486486,False
USDCAD1440_comma,daily,60,150,long_short,slow_slope,0.0,-0.014177329846181919,-0.791285142263126,-1.0625412897147588,-0.048821537247491414,-0.29039089396781315,116,0.3275862068965517,0.6799484926063402,-161.0985145708164,0.7462837837837838,0.4101351351351351,0.47331081081081083,0.4412162162162162,0.5618918918918918,False
USDCAD1440_comma,daily,100,300,long_only,slow_slope,0.0025,-0.009395460426556368,-0.9019328843387308,-1.183069944310646,-0.03159665370959741,-0.29735618565527144,51,0.13725490196078433,0.6722664376062522,-275.4005568598526,0.5614864864864865,0.610472972972973,0.6037162162162162,0.4233108108108108,0.5614527027027028,False
USDCAD1440_comma,daily,40,500,long_short,slow_slope,0.005,-0.012199635398983832,-0.8610078051191894,-1.1443654012328168,-0.03254532147798692,-0.3748506650098832,66,0.12121212121212122,0.6490429482063675,-255.68812080851106,0.6300675675675675,0.6003378378378378,0.5239864864864865,0.3635135135135135,0.5614358108108108,False
USDCAD1440_comma,daily,20,300,long_short,none,0.0,-0.01592734009818042,-0.7694859761554926,-1.0682251851162592,-0.04198091818250099,-0.37939475332436756,42,0.16666666666666666,0.609391210089085,-507.24891009869515,0.7831081081081082,0.49155405405405406,0.42702702702702705,0.2652027027027027,0.5613175675675676,False
USDCAD1440_comma,daily,5,200,long_only,slow_slope,0.001,-0.01061683863155749,-0.8922387031491897,-1.1867670020996226,-0.032183637631518984,-0.3298831149266952,73,0.2191780821917808,0.6735621512154848,-215.4650456406795,0.5807432432432432,0.6040540540540541,0.5689189189189189,0.4280405405405405,0.5613006756756758,False
USDCAD1440_comma,daily,40,50,long_only,fast_slope,0.005,0.00026624440518419057,-1.469502732067628,-2.0774432947667165,0.0019605676776906196,-0.13579965038381314,18,0.3333333333333333,1.0276273048951527,23.762771465244814,0.051351351351351354,0.9016891891891892,0.8986486486486487,0.9006756756756756,0.5607939189189189,True
USDCAD1440_comma,daily,20,50,long_short,price_slow,0.0025,-0.015167189572903417,-0.8607042250067957,-1.1570875977878439,-0.044098682164848246,-0.34393747904315886,183,0.2677595628415301,0.7954818556687852,-120.89491399203321,0.6314189189189189,0.4648648648648649,0.44966216216216215,0.6800675675675676,0.5607263513513513,False
USDCAD1440_comma,daily,40,75,long_short,price_slow,0.005,-0.010551698865845394,-0.9125324626910027,-1.2319507783563968,-0.0384577873849627,-0.27437092935750096,97,0.29896907216494845,0.7761195591396052,-150.63290084264102,0.5405405405405406,0.5310810810810811,0.5706081081081081,0.6506756756756756,0.5607094594594595,False
USDCAD1440_comma,daily,60,75,long_only,combined,0.0,-0.007228632288399095,-0.9689010296912876,-1.3109388326053493,-0.030371997261230643,-0.23800319176329987,96,0.25,0.7602693498321732,-114.38407508188368,0.4429054054054054,0.6202702702702703,0.6702702702702703,0.6253378378378378,0.5600844594594595,False
USDCAD1440_comma,daily,5,200,long_only,slow_slope,0.0,-0.010862710351978055,-0.8921613596471569,-1.1861322446060785,-0.03203210183097995,-0.33911949984724854,78,0.20512820512820512,0.6727267730309777,-205.94989908908923,0.581081081081081,0.6057432432432432,0.5621621621621622,0.425,0.5600506756756757,False
USDCAD1440_comma,daily,10,50,long_short,slow_slope,0.0025,-0.01560133451259893,-0.8555709747867978,-1.163501437748224,-0.044351307997864235,-0.35176717929830215,191,0.29842931937172773,0.7910790338608465,-114.58189682422275,0.6398648648648648,0.46114864864864863,0.43817567567567567,0.6733108108108108,0.5598648648648649,False
USDCAD1440_comma,daily,50,75,long_short,none,0.0,-0.01775059728895978,-0.7700674715718546,-1.0948099900209485,-0.051503148406859434,-0.34465072210217873,84,0.36904761904761907,0.7164299959483902,-277.85033732053324,0.7820945945945946,0.3662162162162162,0.37567567567567567,0.5310810810810811,0.5591891891891893,False
USDCAD1440_comma,daily,40,200,long_only,fast_slope,0.001,-0.008235292016592233,-0.9796117362528859,-1.3357308103597756,-0.028747685825962075,-0.2864679983790184,117,0.2564102564102564,0.7985837727639642,-106.12922748749378,0.42162162162162165,0.6402027027027027,0.6388513513513514,0.6844594594594594,0.5591385135135136,False
USDCAD1440_comma,daily,30,500,long_short,combined,0.005,-0.007828804011467905,-1.0100512717863275,-1.3693818236401067,-0.026792203016253513,-0.29220456439205666,141,0.2198581560283688,0.8413752124763757,-81.50544531287909,0.3820945945945946,0.6587837837837838,0.6503378378378378,0.7422297297297298,0.5589358108108109,False
USDCAD1440_comma,daily,50,500,long_only,fast_slope,0.001,-0.007360830888483161,-1.018535075241871,-1.3721149450165158,-0.024385575759243727,-0.3018518390197502,108,0.2962962962962963,0.8149622095656147,-103.43274736194687,0.36925675675675673,0.6871621621621622,0.6635135135135135,0.7101351351351352,0.5587162162162161,False
USDCAD1440_comma,daily,75,100,long_only,combined,0.0,-0.007257824514439459,-0.9507887617538835,-1.2819560307503628,-0.03221539259264436,-0.22529058100308907,100,0.25,0.7349789808378829,-110.22830203496932,0.46925675675675677,0.6033783783783784,0.668581081081081,0.5753378378378379,0.5585641891891893,False
USDCAD1440_comma,daily,75,200,long_only,slow_slope,0.005,-0.00902062073985399,-0.920899047456354,-1.2199065163747,-0.028254891771373504,-0.31925872563395374,46,0.2608695652173913,0.6754606643251478,-296.88203549758475,0.5222972972972973,0.6449324324324325,0.6162162162162163,0.43277027027027026,0.5583108108108109,False
USDCAD1440_comma,daily,20,75,long_short,price_slow,0.0,-0.016039578724268644,-0.8091558237261609,-1.1055408066588235,-0.05202329792104093,-0.3083153003604834,178,0.2303370786516854,0.7715313731197115,-126.26792447869295,0.7192567567567567,0.3581081081081081,0.4239864864864865,0.6415540540540541,0.5582601351351352,False
USDCAD1440_comma,daily,50,150,long_only,combined,0.001,-0.007640579431213879,-0.9931104302115477,-1.3496251301215245,-0.027863167974272653,-0.27421790078819386,112,0.24107142857142858,0.7969000019196782,-103.31486036210644,0.40405405405405403,0.6486486486486487,0.6560810810810811,0.6814189189189189,0.5572128378378379,False
USDCAD1440_comma,daily,100,200,long_only,slow_slope,0.005,-0.007613917074781096,-0.9347102885212725,-1.2473338427894385,-0.027834844789106902,-0.2735390526682866,38,0.3157894736842105,0.6759402793824912,-307.11461834449983,0.4945945945945946,0.6496621621621622,0.6574324324324324,0.4331081081081081,0.5567060810810811,False
USDCAD1440_comma,daily,40,100,long_only,fast_slope,0.0,-0.008849465547158264,-0.9713830860781667,-1.3182892269996653,-0.029648198198159625,-0.29848240651965097,125,0.272,0.792621995712855,-106.26149814571731,0.435472972972973,0.6280405405405406,0.6202702702702703,0.6756756756756757,0.5566047297297297,False
USDCAD1440_comma,daily,50,400,long_only,slow_slope,0.001,-0.009434977823003732,-0.9174781234532169,-1.2068006408868883,-0.027646371997866966,-0.3412736334348565,58,0.20689655172413793,0.663878248509248,-248.6351447229673,0.5297297297297298,0.6513513513513514,0.6016891891891892,0.4,0.5550675675675676,False
USDCAD1440_comma,daily,10,200,long_short,none,0.005,-0.0154809450126977,-0.7998004864125569,-1.0933499532802609,-0.0449112073555498,-0.34470115421612413,68,0.19117647058823528,0.6601298177490682,-306.91956706655026,0.7344594594594595,0.45506756756756755,0.4408783783783784,0.3932432432432432,0.5547128378378379,False
USDCAD1440_comma,daily,30,75,long_short,fast_slope,0.0,-0.01531069972373078,-0.8810519982719419,-1.1897235879470698,-0.04313932247193145,-0.35491284624816877,203,0.29064039408866993,0.8096878083571085,-104.25525560519077,0.6003378378378378,0.47871621621621624,0.4469594594594595,0.6993243243243243,0.5541047297297297,False
USDCAD1440_comma,daily,20,50,long_short,slow_slope,0.001,-0.017306968395251365,-0.855203357387479,-1.1648734136963317,-0.04248440608711228,-0.4073722570056467,190,0.26842105263157895,0.7783597854648138,-124.70640333179338,0.6422297297297297,0.485472972972973,0.38716216216216215,0.654054054054054,0.5538006756756757,False
USDCAD1440_comma,daily,5,500,long_short,slow_slope,0.0025,-0.014196690896042918,-0.8649596776265223,-1.1453388538920202,-0.03495835392114983,-0.4061029569087894,105,0.18095238095238095,0.6789682662310031,-180.8022230110756,0.6256756756756757,0.5716216216216217,0.4726351351351351,0.4402027027027027,0.5537331081081082,False
USDCAD1440_comma,daily,40,250,long_short,slow_slope,0.001,-0.014585688210413505,-0.816270558754849,-1.0904520561920987,-0.038343563501942436,-0.38039469674420356,79,0.16455696202531644,0.6231011170503533,-246.70773905372886,0.7091216216216216,0.5320945945945946,0.4631756756756757,0.2959459459459459,0.5536993243243242,False
USDCAD1440_comma,daily,50,100,long_short,none,0.0025,-0.015027041236654548,-0.8143345822874802,-1.1072148209763573,-0.04598385052816369,-0.32678953728442006,58,0.3103448275862069,0.6849737376260678,-350.10473026331186,0.7121621621621622,0.4391891891891892,0.45304054054054055,0.45506756756756755,0.5535304054054054,False
USDCAD1440_comma,daily,20,400,long_only,combined,0.005,-0.004064623779956755,-1.0872003824122052,-1.4983816966389085,-0.024277338830486484,-0.1674246015322144,127,0.2755905511811024,0.8717006689285101,-49.77572575793766,0.27533783783783783,0.6888513513513513,0.7668918918918919,0.7847972972972973,0.553445945945946,False
USDCAD1440_comma,daily,20,50,long_short,slow_slope,0.0025,-0.01603069766651677,-0.880375497422928,-1.1887214534123083,-0.039999029024044896,-0.4007771702878118,170,0.2647058823529412,0.7895638037838439,-130.97744344595776,0.6013513513513513,0.510472972972973,0.4243243243243243,0.668918918918919,0.5533614864864864,False
USDCAD1440_comma,daily,50,150,long_only,none,0.005,-0.009089406231124864,-0.883675201609339,-1.1802040003973377,-0.02878185798844154,-0.31580331731103195,24,0.2916666666666667,0.5836380310702834,-567.444029081009,0.5945945945945946,0.6388513513513514,0.614527027027027,0.21722972972972973,0.5530405405405405,False
USDCAD1440_comma,daily,20,75,long_short,slow_slope,0.005,-0.013670686466722093,-0.8739815027452129,-1.1808505945108028,-0.042905456370579506,-0.31862349507826593,120,0.25,0.7486268476426636,-154.50141039946044,0.6114864864864865,0.4814189189189189,0.4902027027027027,0.5986486486486486,0.5527871621621623,False
USDCAD1440_comma,daily,40,100,long_short,price_slow,0.0,-0.015835740701556023,-0.8217819764960813,-1.119496860530975,-0.049454933013692255,-0.3202054827810946,159,0.2389937106918239,0.7434743101649082,-134.177843148503,0.6962837837837837,0.3989864864864865,0.4304054054054054,0.5888513513513514,0.5526689189189189,False
USDCAD1440_comma,daily,5,500,long_short,slow_slope,0.001,-0.01455746852254658,-0.8608358422483994,-1.1421865584043902,-0.03461804707545514,-0.42051674639000947,101,0.1782178217821782,0.6700410611253402,-196.68242540796564,0.6310810810810811,0.5760135135135135,0.46385135135135136,0.4172297297297297,0.5517905405405406,False
USDCAD1440_comma,daily,5,50,long_short,none,0.0025,-0.01586484002945343,-0.791947333094316,-1.0862342101680451,-0.05712301819017691,-0.27773112367129105,169,0.28994082840236685,0.7826889686261082,-131.81854110153233,0.7456081081081081,0.2733108108108108,0.4300675675675676,0.660472972972973,0.5516554054054055,False
USDCAD1440_comma,daily,5,250,long_short,slow_slope,0.0025,-0.0150108893598625,-0.8443989246783371,-1.126630643240959,-0.03764518754663772,-0.3987465686355227,96,0.1875,0.6633825437513086,-209.9074334032125,0.6618243243243244,0.543581081081081,0.4537162162162162,0.39966216216216216,0.5513175675675676,False
USDCAD1440_comma,daily,100,150,long_only,combined,0.001,-0.007990573747084784,-0.9582110509129936,-1.2893557374322877,-0.028414294614238632,-0.28121668531868615,68,0.27941176470588236,0.71395852109044,-177.49972671653688,0.45675675675675675,0.6422297297297297,0.6442567567567568,0.5260135135135136,0.5510135135135135,False
USDCAD1440_comma,daily,60,150,long_short,slow_slope,0.001,-0.01450666890915231,-0.8084042869997797,-1.0832834075397266,-0.04630815136731216,-0.3132638311144553,104,0.3076923076923077,0.6661305443015819,-184.1170032485112,0.7206081081081082,0.43445945945945946,0.46554054054054056,0.40574324324324323,0.5508277027027028,False
USDCAD1440_comma,daily,50,100,long_only,fast_slope,0.001,-0.008255752949267614,-0.9701930796376368,-1.32028769350444,-0.033362304995395636,-0.24745751081668366,105,0.29523809523809524,0.7888748687878284,-118.53414865373885,0.43851351351351353,0.5905405405405405,0.6381756756756757,0.6675675675675675,0.5508108108108108,False
USDCAD1440_comma,daily,40,100,long_only,slow_slope,0.005,-0.008082390260172212,-0.9495914283093773,-1.2804667277951765,-0.030010318448757137,-0.269320376388973,49,0.2653061224489796,0.7081931873519256,-248.98726687736817,0.47162162162162163,0.6253378378378378,0.6432432432432432,0.5121621621621621,0.550456081081081,False
USDCAD1440_comma,daily,30,100,long_only,combined,0.0,-0.008167605920493037,-1.0004222232034516,-1.3599474014500201,-0.028506650804979747,-0.2865158020971815,126,0.25396825396825395,0.8069298249288774,-97.78757293025745,0.3932432432432432,0.6418918918918919,0.6408783783783784,0.6949324324324324,0.5501858108108109,False
USDCAD1440_comma,daily,50,500,long_only,combined,0.0,-0.0069172061602247314,-1.0463207359637667,-1.415833801889653,-0.023192154995943837,-0.298256292329648,119,0.2689075630252101,0.8211614847679248,-88.50497046687526,0.32837837837837835,0.697972972972973,0.6814189189189189,0.7192567567567567,0.5500168918918918,False
USDCAD1440_comma,daily,30,300,long_short,none,0.005,-0.01480065467430336,-0.8024906111197637,-1.0810277210098278,-0.03991650299106659,-0.37079036401600063,32,0.15625,0.6050796805857641,-628.1083582416422,0.7300675675675675,0.5131756756756757,0.4564189189189189,0.25506756756756754,0.5498648648648649,False
USDCAD1440_comma,daily,75,400,long_short,none,0.005,-0.014154544992010742,-0.8287311692774759,-1.1054273962759686,-0.03788546237119106,-0.3736141545094134,18,0.2222222222222222,0.6282158290571765,-1026.9417040715628,0.683445945945946,0.539527027027027,0.47364864864864864,0.31216216216216214,0.5498141891891892,True
USDCAD1440_comma,daily,60,100,long_short,none,0.0,-0.017889015061829716,-0.7747940434350088,-1.097523388388132,-0.04528041386303361,-0.39507180998701286,60,0.36666666666666664,0.6470261730889891,-404.4963272120776,0.7739864864864865,0.45,0.3712837837837838,0.3547297297297297,0.5495608108108108,False
USDCAD1440_comma,daily,75,500,long_only,fast_slope,0.0025,-0.00715621321286275,-1.0122967626695605,-1.3475662633570895,-0.025466876952239273,-0.28100081632638163,81,0.25925925925925924,0.7656519740814905,-134.2802549755211,0.37804054054054054,0.6733108108108108,0.6726351351351352,0.6334459459459459,0.5490878378378379,False
USDCAD1440_comma,daily,10,200,long_short,price_slow,0.005,-0.01590224019686204,-0.8149297262466657,-1.1119649508262632,-0.04396853846354211,-0.36167315886671736,81,0.18518518518518517,0.6687459846664445,-263.1423122731748,0.7111486486486487,0.46655405405405403,0.4283783783783784,0.4152027027027027,0.549054054054054,False
USDCAD1440_comma,daily,50,250,long_short,none,0.0025,-0.01538869694083711,-0.7773033093649855,-1.058941721082166,-0.044938980129742845,-0.34243538452382694,28,0.21428571428571427,0.6047254526701138,-680.0177781565724,0.7699324324324325,0.45472972972972975,0.44391891891891894,0.2543918918918919,0.548597972972973,False
USDCAD1440_comma,daily,10,250,long_short,none,0.0025,-0.016825281984246154,-0.7974218337075369,-1.0966850640626142,-0.04344997521600596,-0.3872334080883,62,0.1774193548387097,0.647549663061059,-360.87866025478206,0.7381756756756757,0.47533783783783784,0.40405405405405403,0.3560810810810811,0.5483277027027027,False
USDCAD1440_comma,daily,30,50,long_short,fast_slope,0.0025,-0.013857799895405254,-0.9154524798584153,-1.2281115992877834,-0.03829813508015679,-0.361840070447329,167,0.31736526946107785,0.8069920560279198,-120.41099800171588,0.5344594594594595,0.5327702702702702,0.4831081081081081,0.6956081081081081,0.5479391891891893,False
USDCAD1440_comma,daily,50,250,long_only,combined,0.005,-0.007127421225658903,-1.0250621236405701,-1.3912441551085686,-0.02595240789234508,-0.2746342942521802,96,0.2604166666666667,0.798995749382543,-112.86722226852932,0.3581081081081081,0.6675675675675675,0.6743243243243243,0.6851351351351351,0.5477702702702703,False
USDCAD1440_comma,daily,50,100,long_only,fast_slope,0.0025,-0.0076032435252579855,-0.9883541253095988,-1.3445353217255858,-0.03121985158675767,-0.24353874662501618,93,0.25806451612903225,0.7795237255846293,-123.84846321329657,0.4097972972972973,0.6138513513513514,0.658445945945946,0.6554054054054054,0.5473817567567568,False
USDCAD1440_comma,daily,50,300,long_only,fast_slope,0.001,-0.008666870369781532,-0.9965528909607655,-1.3501752270300824,-0.028364265405231244,-0.30555596085287984,106,0.2641509433962264,0.7896383129900206,-122.888618325359,0.4010135135135135,0.6432432432432432,0.6243243243243243,0.6695945945945946,0.5465202702702703,False
USDCAD1440_comma,daily,20,400,long_only,combined,0.0025,-0.004449347324619657,-1.0805305963577865,-1.486217796660692,-0.026314012288292297,-0.1690866172696618,134,0.2835820895522388,0.8685250782516839,-51.49279745474303,0.2810810810810811,0.664527027027027,0.7537162162162162,0.7804054054054054,0.5463682432432433,False
USDCAD1440_comma,daily,75,250,long_only,price_slow,0.005,-0.009215115778096639,-0.9269672360101324,-1.220082725293566,-0.029948925845622285,-0.3076943669231341,43,0.18604651162790697,0.671369363444598,-320.79511531957957,0.510472972972973,0.6256756756756757,0.6101351351351352,0.4209459459459459,0.5457770270270271,False
USDCAD1440_comma,daily,20,400,long_only,combined,0.001,-0.004761269413773306,-1.0803417979309153,-1.4837403927849873,-0.025663371463806203,-0.18552782203570806,140,0.2857142857142857,0.8647162272789894,-52.61870389653257,0.2814189189189189,0.6716216216216216,0.745945945945946,0.7736486486486487,0.5457094594594594,False
USDCAD1440_comma,daily,30,500,long_short,combined,0.0025,-0.008999968449565965,-1.0101881456195598,-1.3672431000556855,-0.028980646772810943,-0.3105509866677494,155,0.2129032258064516,0.8301344572524623,-84.98199496894067,0.38175675675675674,0.6361486486486486,0.6168918918918919,0.7304054054054054,0.544679054054054,False
USDCAD1440_comma,daily,75,150,long_only,fast_slope,0.0,-0.009161284383017887,-0.9365761203267337,-1.258463286224191,-0.033320547875493746,-0.2749439900343216,96,0.2604166666666667,0.7102626957740094,-142.90691683782077,0.4918918918918919,0.591554054054054,0.6128378378378379,0.5162162162162162,0.5446452702702702,False
USDCAD1440_comma,daily,100,400,long_short,none,0.001,-0.015958850008849668,-0.8112185684416027,-1.0854890495600005,-0.038137845954567914,-0.41845179268542865,18,0.16666666666666666,0.608849683882843,-1136.1042004939102,0.7155405405405405,0.5341216216216216,0.4260135135135135,0.264527027027027,0.5446283783783784,True
USDCAD1440_comma,daily,100,250,long_short,none,0.005,-0.014023398226371997,-0.8217373212438687,-1.0919114631925304,-0.039001033915090785,-0.3595647812030409,24,0.2916666666666667,0.607825444815558,-773.9390574747712,0.6969594594594595,0.5233108108108108,0.47702702702702704,0.26216216216216215,0.5443412162162162,False
USDCAD1440_comma,daily,10,200,long_short,none,0.0025,-0.017169022629590525,-0.7992469710517024,-1.1027763713949934,-0.04499056738714026,-0.38161382766864105,65,0.18461538461538463,0.6563950411054509,-349.62015469856425,0.7371621621621621,0.45337837837837835,0.39054054054054055,0.3841216216216216,0.5439358108108108,False
USDCAD1440_comma,daily,60,250,long_short,slow_slope,0.001,-0.014557513536610944,-0.8110068063033138,-1.0732176735778949,-0.041753877081498254,-0.3486505817937944,76,0.18421052631578946,0.6135192307097196,-259.6731891097382,0.7162162162162162,0.49493243243243246,0.4635135135135135,0.2716216216216216,0.5436655405405406,False
USDCAD1440_comma,daily,60,150,long_only,none,0.005,-0.009464714533638174,-0.9120161231724268,-1.209476628228155,-0.029650439105731303,-0.31920992805157766,21,0.42857142857142855,0.6366159599806539,-569.802873734513,0.5418918918918919,0.6277027027027027,0.6003378378378378,0.3324324324324324,0.5436148648648649,False
USDCAD1440_comma,daily,60,300,long_only,fast_slope,0.0,-0.008884044585422579,-0.9703706970109792,-1.3081061862856789,-0.03365791710680456,-0.263951110142419,107,0.308411214953271,0.7783366381061018,-124.59047598072934,0.43716216216216214,0.5861486486486487,0.6192567567567567,0.6537162162162162,0.5433108108108108,False
USDCAD1440_comma,daily,5,300,long_only,slow_slope,0.005,-0.009498401715277938,-0.9017847427465521,-1.1862976994261165,-0.03606307080829878,-0.2633830536996916,59,0.1694915254237288,0.6567271463880964,-240.48352771548676,0.5625,0.5608108108108109,0.5996621621621622,0.38547297297297295,0.5429560810810811,False
USDCAD1440_comma,daily,30,100,long_short,fast_slope,0.005,-0.011811451613676582,-0.9282502458672652,-1.2562525195603447,-0.03986349602384728,-0.29629743479123594,145,0.30344827586206896,0.8027195687809493,-111.3141236791855,0.5081081081081081,0.514527027027027,0.5358108108108108,0.6895270270270271,0.5424662162162163,False
USDCAD1440_comma,daily,75,300,long_only,fast_slope,0.0025,-0.008119879188237644,-0.9677420373128607,-1.2841753472067734,-0.03281140612133253,-0.2474712347959528,89,0.3258426966292135,0.7375734840191612,-137.680499109431,0.4449324324324324,0.595945945945946,0.6418918918918919,0.5800675675675676,0.542347972972973,False
USDCAD1440_comma,daily,30,300,long_only,combined,0.005,-0.006464986323482025,-1.0424287116801993,-1.4104315548721642,-0.027866077771367726,-0.23200201967873535,94,0.2127659574468085,0.8171937260662188,-105.070673890912,0.3324324324324324,0.6483108108108108,0.6972972972972973,0.716554054054054,0.5419932432432433,False
USDCAD1440_comma,daily,40,50,long_only,combined,0.0025,-0.0041275640618594345,-1.1082820645737796,-1.5140672722870827,-0.02301423366701635,-0.17934831641928606,72,0.2777777777777778,0.85749635941403,-89.1165550695214,0.2483108108108108,0.6993243243243243,0.7648648648648648,0.7652027027027027,0.5419087837837837,False
USDCAD1440_comma,daily,75,500,long_only,combined,0.005,-0.0062748676548406435,-1.05799658143265,-1.4082694802686955,-0.021367700250838714,-0.29366134779031006,79,0.24050632911392406,0.7726230866198979,-121.51573430755658,0.3158783783783784,0.7128378378378378,0.7016891891891892,0.6432432432432432,0.5413851351351352,False
USDCAD1440_comma,daily,100,400,long_short,slow_slope,0.0025,-0.01266866716088244,-0.8786471310702239,-1.156360165235815,-0.03655605343396893,-0.3465545640413785,73,0.2191780821917808,0.657379412410397,-245.4700472396282,0.6037162162162162,0.5550675675675676,0.5141891891891892,0.3875,0.5412162162162162,False
USDCAD1440_comma,daily,20,100,long_short,slow_slope,0.0025,-0.01652660500365921,-0.8496205759849899,-1.1561986032574343,-0.04469828992148826,-0.36973685196207495,128,0.234375,0.7267541796810502,-179.34938516079356,0.6530405405405405,0.4574324324324324,0.41114864864864864,0.5557432432432432,0.5411655405405406,False
USDCAD1440_comma,daily,50,150,long_only,combined,0.0,-0.008439896730605634,-1.0004914127422724,-1.3561436063378192,-0.0294768556883368,-0.28632282967498035,115,0.25217391304347825,0.7899362875570658,-110.49016634838101,0.3929054054054054,0.6297297297297297,0.6297297297297297,0.6706081081081081,0.5411317567567568,False
USDCAD1440_comma,daily,100,400,long_only,combined,0.001,-0.007283029783295869,-1.0066976233611804,-1.332414301888083,-0.025348408939083522,-0.2873170383513305,68,0.27941176470588236,0.729693461131592,-164.66133167905187,0.3858108108108108,0.675,0.6672297297297297,0.5635135135135135,0.5410472972972973,False
USDCAD1440_comma,daily,75,400,long_short,none,0.001,-0.016249961907288224,-0.8134805053618402,-1.1034060825382979,-0.04011601629536961,-0.40507416757540493,21,0.23809523809523808,0.6234762118184249,-994.2081134548228,0.7128378378378378,0.5091216216216217,0.4192567567567568,0.29662162162162165,0.5407601351351352,False
USDCAD1440_comma,daily,50,75,long_short,none,0.005,-0.009705444361882365,-0.9332384241818313,-1.2670152573011664,-0.038691305433721485,-0.2508430318668846,58,0.41379310344827586,0.7533505282530184,-228.7437960907055,0.49763513513513513,0.5273648648648649,0.5925675675675676,0.6081081081081081,0.540625,False
USDCAD1440_comma,daily,5,100,long_short,price_slow,0.0025,-0.01725011082757577,-0.8030796228306603,-1.1042915423228845,-0.05211818808111183,-0.3309806319576829,149,0.2214765100671141,0.7236101683125354,-153.6091194899503,0.7287162162162162,0.3547297297297297,0.3885135135135135,0.5466216216216216,0.5398648648648648,False
USDCAD1440_comma,daily,100,400,long_short,none,0.005,-0.014373193806315632,-0.8367086135306254,-1.11092335048871,-0.037387438994295294,-0.3844391109139287,17,0.23529411764705882,0.6150959433408131,-1096.9788912705915,0.6695945945945946,0.5469594594594595,0.4706081081081081,0.2743243243243243,0.5398479729729729,True
USDCAD1440_comma,daily,75,300,long_only,price_slow,0.005,-0.009967315544476274,-0.9156465506619336,-1.2033248648585404,-0.03154161680765782,-0.3160052195566704,46,0.15217391304347827,0.6535072954828601,-322.5553993763224,0.533445945945946,0.6111486486486486,0.5827702702702703,0.3777027027027027,0.5393749999999999,False
USDCAD1440_comma,daily,40,300,long_short,none,0.005,-0.015014907139180411,-0.804902050084345,-1.084188203352824,-0.04039659686914557,-0.3716874267359045,32,0.1875,0.5803076633917211,-634.5383336058834,0.7256756756756757,0.5057432432432433,0.45337837837837835,0.21317567567567566,0.5393581081081081,False
USDCAD1440_comma,daily,50,150,long_only,fast_slope,0.005,-0.0076700190157462655,-1.0189782334959245,-1.3862988474033917,-0.026964278848506423,-0.2844511087738998,87,0.27586206896551724,0.7727310714244826,-133.4863864465669,0.3689189189189189,0.6564189189189189,0.6550675675675676,0.643581081081081,0.539222972972973,False
USDCAD1440_comma,daily,50,200,long_only,fast_slope,0.005,-0.008492145642121307,-1.0221179526454218,-1.3910205889304394,-0.025975867402233444,-0.3269244299187922,98,0.2653061224489796,0.7916749475452389,-130.4090782817773,0.3635135135135135,0.6668918918918919,0.6273648648648649,0.6746621621621621,0.5388006756756757,False
USDCAD1440_comma,daily,10,75,long_only,slow_slope,0.0,-0.010197982702972785,-0.9281583708653737,-1.2419212212405921,-0.03666972499384916,-0.2781036046679749,111,0.2972972972972973,0.7206294917931038,-136.53262606769292,0.5084459459459459,0.5540540540540541,0.577027027027027,0.5402027027027027,0.5383277027027027,False
USDCAD1440_comma,daily,30,75,long_short,combined,0.005,-0.010589744096774045,-0.9473921329220014,-1.276437920410512,-0.03914328860384081,-0.27053792551643097,141,0.2624113475177305,0.8044844498800837,-105.94598073752852,0.47533783783783784,0.5209459459459459,0.5699324324324324,0.6918918918918919,0.5381418918918919,False
USDCAD1440_comma,daily,30,50,long_short,fast_slope,0.005,-0.009220442246293703,-0.9972808455593933,-1.3710147113887845,-0.03282909592540523,-0.28086189967718067,121,0.38016528925619836,0.8164319295634355,-111.85860928390393,0.40033783783783783,0.5956081081081082,0.6097972972972973,0.7135135135135136,0.5380236486486486,False
USDCAD1440_comma,daily,20,75,long_short,price_slow,0.001,-0.01707155156401652,-0.8365945150458577,-1.1374494423313135,-0.0498526709957778,-0.34244005833634006,167,0.2215568862275449,0.7562845612116954,-139.37972884964876,0.6702702702702703,0.3932432432432432,0.3956081081081081,0.6148648648648649,0.5377702702702704,False
USDCAD1440_comma,daily,75,500,long_only,fast_slope,0.001,-0.007901871513032344,-1.006875258022942,-1.3447133530758741,-0.027389533386003154,-0.28849967619639805,90,0.24444444444444444,0.7475433034034306,-132.7093013888354,0.38547297297297295,0.6543918918918918,0.6476351351351352,0.5969594594594595,0.5368581081081081,False
USDCAD1440_comma,daily,50,500,long_only,combined,0.001,-0.007147840251910065,-1.0614840388299216,-1.4359099556904824,-0.024238326197827224,-0.29489826127312424,114,0.2631578947368421,0.8117475723937018,-95.30394101331319,0.3108108108108108,0.6895270270270271,0.672972972972973,0.702027027027027,0.5366047297297297,False
USDCAD1440_comma,daily,30,300,long_only,slow_slope,0.005,-0.009522214670841023,-0.8961629780802791,-1.1808799109321322,-0.0369911906090984,-0.2574184424466437,42,0.16666666666666666,0.6355862677926556,-338.6094985543663,0.5736486486486486,0.552027027027027,0.5986486486486486,0.3290540540540541,0.5365540540540541,False
USDCAD1440_comma,daily,40,250,long_short,none,0.0,-0.017008952260570864,-0.774753658071585,-1.0842081962477086,-0.04540488634644658,-0.37460620715554327,31,0.1935483870967742,0.5938737195406291,-675.4198764454611,0.7743243243243243,0.44763513513513514,0.3989864864864865,0.23412162162162162,0.536554054054054,False
USDCAD1440_comma,daily,40,100,long_only,fast_slope,0.001,-0.00885077054176664,-0.9952305042104631,-1.3510513352875737,-0.031174399643720794,-0.28391149927242876,118,0.288135593220339,0.777336982254575,-112.58065978989822,0.40304054054054056,0.6141891891891892,0.6199324324324325,0.652027027027027,0.536554054054054,False
USDCAD1440_comma,daily,20,75,long_short,slow_slope,0.0025,-0.015117658961709135,-0.8461378302918855,-1.1485725127791107,-0.05163506579850374,-0.2927789231585952,154,0.2532467532467532,0.7540471243700212,-133.2148339089541,0.658445945945946,0.3641891891891892,0.4510135135135135,0.6097972972972973,0.536097972972973,False
USDCAD1440_comma,daily,100,200,long_only,fast_slope,0.001,-0.010217592725002111,-0.9393801879832,-1.2539936252648667,-0.029299858912412026,-0.348724980401654,67,0.2835820895522388,0.6836101138354328,-193.47432423120057,0.48783783783783785,0.6307432432432433,0.5763513513513514,0.452027027027027,0.5358952702702703,False
USDCAD1440_comma,daily,40,50,long_short,price_slow,0.005,-0.0014548172389357017,-1.3691495314556659,-1.9107097316436001,-0.01137147999015128,-0.1279356108611811,33,0.3333333333333333,0.9081401607119826,-66.66719969018213,0.09273648648648648,0.8099662162162162,0.8619932432432432,0.8228040540540541,0.5354054054054054,False
USDCAD1440_comma,daily,40,50,long_short,combined,0.005,-0.0014548172389357017,-1.3691495314556659,-1.9107097316436001,-0.01137147999015128,-0.1279356108611811,33,0.3333333333333333,0.9081401607119826,-66.66719969018213,0.09273648648648648,0.8099662162162162,0.8619932432432432,0.8228040540540541,0.5354054054054054,False
USDCAD1440_comma,daily,10,250,long_short,none,0.005,-0.016417292462881594,-0.8170070206735669,-1.1087517979396155,-0.042317265931511056,-0.38795730540466344,60,0.11666666666666667,0.629578775313212,-362.87335646704554,0.7074324324324325,0.48817567567567566,0.41452702702702704,0.31554054054054054,0.5352533783783784,False
USDCAD1440_comma,daily,30,150,long_short,none,0.0,-0.018023438040581707,-0.7798490916010477,-1.104424446607193,-0.04606236534549157,-0.39128338081200564,52,0.25,0.6301706223082264,-456.8505068351199,0.7628378378378379,0.4375,0.3662162162162162,0.31655405405405407,0.5352364864864865,False
USDCAD1440_comma,daily,50,300,long_only,slow_slope,0.0025,-0.010212028967626186,-0.8909929429216569,-1.1690660073201982,-0.03772768441570936,-0.2706773321973086,46,0.21739130434782608,0.6398361231211973,-329.8787805545697,0.5831081081081081,0.5422297297297297,0.5766891891891892,0.3385135135135135,0.5349155405405406,False
USDCAD1440_comma,daily,5,500,long_short,slow_slope,0.0,-0.015276504070304786,-0.8671664546180646,-1.1523258006519015,-0.03692184531459336,-0.41375245305701847,98,0.1836734693877551,0.6567266303543291,-212.51008599726856,0.6229729729729729,0.5527027027027027,0.4472972972972973,0.38513513513513514,0.5345945945945946,False
USDCAD1440_comma,daily,10,500,long_short,none,0.0025,-0.015447927890753554,-0.8273922235714748,-1.1134362364544481,-0.036876594248148195,-0.41890874701720293,53,0.1320754716981132,0.5873478398407544,-385.79689933397555,0.6864864864864865,0.5530405405405405,0.4418918918918919,0.22162162162162163,0.5344763513513514,False
USDCAD1440_comma,daily,100,300,long_only,fast_slope,0.0,-0.009810962749670749,-0.947120098312639,-1.253929429285672,-0.030453584838943934,-0.3221611774625799,68,0.25,0.692640298549217,-184.73674234882338,0.4756756756756757,0.6192567567567567,0.5881756756756756,0.4756756756756757,0.534070945945946,False
USDCAD1440_comma,daily,30,75,long_short,fast_slope,0.001,-0.015443595195173798,-0.8997867039353488,-1.2134126750967305,-0.04413316921512763,-0.34993170601217916,191,0.29842931937172773,0.7987578462671318,-111.96199143650061,0.566554054054054,0.46385135135135136,0.44222972972972974,0.6847972972972973,0.5337500000000001,False
USDCAD1440_comma,daily,60,500,long_short,price_slow,0.001,-0.01440486256475526,-0.8464517882447676,-1.1291302706943112,-0.03795780507829156,-0.37949672103125753,76,0.14473684210526316,0.6174967655567684,-257.35752844498893,0.6577702702702702,0.5371621621621622,0.46993243243243243,0.28074324324324323,0.5334966216216216,False
USDCAD1440_comma,daily,50,200,long_short,none,0.0025,-0.01618375217972401,-0.7866135457880157,-1.0742415185547451,-0.045852841262341175,-0.35294982239226436,33,0.21212121212121213,0.603085355536714,-601.1873178326722,0.7516891891891891,0.44256756756756754,0.4206081081081081,0.25236486486486487,0.5332939189189189,False
USDCAD1440_comma,daily,10,75,long_short,price_slow,0.001,-0.01745552541869,-0.8216926701185069,-1.1277303164920816,-0.0525177354184093,-0.3323739167277808,170,0.2235294117647059,0.7470362571175901,-140.34060070393645,0.6972972972972973,0.3527027027027027,0.3831081081081081,0.595945945945946,0.5331081081081082,False
USDCAD1440_comma,daily,30,250,long_short,none,0.005,-0.01587261648221816,-0.8020467731329787,-1.0908943731585643,-0.04356399839223547,-0.36435169102951714,37,0.24324324324324326,0.5985196512658579,-574.5306760658567,0.7307432432432432,0.47297297297297297,0.4293918918918919,0.24324324324324326,0.5329054054054054,False
USDCAD1440_comma,daily,20,200,long_short,price_slow,0.0025,-0.016786455346356033,-0.8212552122146051,-1.1230240799233666,-0.0451797079653962,-0.37154855802107056,97,0.18556701030927836,0.6619155299403242,-230.42238713238424,0.6986486486486486,0.45135135135135135,0.40506756756756757,0.3969594594594595,0.5328547297297298,False
USDCAD1440_comma,daily,60,150,long_only,price_slow,0.005,-0.008735810222190943,-0.9607440906580599,-1.2798401449471222,-0.02907283887484556,-0.3004801237263882,46,0.2826086956521739,0.68561094006278,-285.2851670616766,0.4523648648648649,0.6347972972972973,0.6229729729729729,0.4560810810810811,0.532652027027027,False
USDCAD1440_comma,daily,40,75,long_short,slow_slope,0.001,-0.015915331311039504,-0.8367180227626623,-1.131545606108006,-0.051055976733783905,-0.31172317775889846,154,0.2792207792207792,0.731830602407383,-138.8602010725925,0.6692567567567568,0.37567567567567567,0.4280405405405405,0.5689189189189189,0.5325675675675676,False
USDCAD1440_comma,daily,40,400,long_only,combined,0.0,-0.006319312745473704,-1.0727183051002174,-1.4584846621176473,-0.025955750082011626,-0.24346484788560363,112,0.25,0.8204955093742441,-86.29059715796474,0.2929054054054054,0.6672297297297297,0.7006756756756757,0.7179054054054054,0.5317905405405405,False
USDCAD1440_comma,daily,5,50,long_short,price_slow,0.0025,-0.016918452908790682,-0.8211586626071086,-1.1184821750632357,-0.05588285582630834,-0.3027485381451438,197,0.2436548223350254,0.7764168053912773,-119.7928620672147,0.6989864864864865,0.2939189189189189,0.4023648648648649,0.6513513513513514,0.53125,False
USDCAD1440_comma,daily,50,100,long_only,none,0.005,-0.007673186507910601,-0.9488743129594013,-1.2669626281510358,-0.03076600661913224,-0.24940469534771958,31,0.3548387096774194,0.6536462070838465,-374.7689975234056,0.47297297297297297,0.6175675675675676,0.6547297297297298,0.37804054054054054,0.5312331081081082,False
USDCAD1440_comma,daily,75,500,long_only,combined,0.0025,-0.0068417542861411995,-1.0540872004737287,-1.4014846979693214,-0.023764480191835136,-0.28789833528493713,82,0.21951219512195122,0.7574876646985134,-127.11028042421327,0.3206081081081081,0.6939189189189189,0.6847972972972973,0.6168918918918919,0.5312162162162162,False
USDCAD1440_comma,daily,30,50,long_short,price_slow,0.005,-0.009542503431888227,-0.9985344995414742,-1.369215168349383,-0.03400888171098033,-0.28058856839174673,119,0.31932773109243695,0.8148544264759684,-116.88636488466885,0.39763513513513515,0.5834459459459459,0.5983108108108108,0.7097972972972973,0.5310472972972973,False
USDCAD1440_comma,daily,40,75,long_short,slow_slope,0.0025,-0.014547532799852436,-0.859898350166814,-1.1564385118825813,-0.049289948187986286,-0.29514197792153873,129,0.2558139534883721,0.7282109989983463,-153.38685294886193,0.6331081081081081,0.40168918918918917,0.46452702702702703,0.5614864864864865,0.5307939189189189,False
USDCAD1440_comma,daily,30,100,long_short,price_slow,0.0025,-0.014909939153529006,-0.82849562881154,-1.1201550401331772,-0.053281684638585965,-0.27983235242399607,131,0.2366412213740458,0.7199629404390863,-154.12518063424696,0.6844594594594594,0.33952702702702703,0.4554054054054054,0.5391891891891892,0.530625,False
USDCAD1440_comma,daily,30,200,long_short,fast_slope,0.0,-0.013517269073316962,-0.9258575540419192,-1.24686723594312,-0.041485167435287865,-0.3258337837108254,179,0.26256983240223464,0.7954610488540721,-105.10934243998437,0.5135135135135135,0.4983108108108108,0.4929054054054054,0.6797297297297298,0.5305236486486486,False
USDCAD1440_comma,daily,100,400,long_only,combined,0.0,-0.007626180454577414,-1.0121415381810248,-1.3395688702769881,-0.026183717553936555,-0.29125659635107337,71,0.28169014084507044,0.7211946478373699,-164.61767021404611,0.3783783783783784,0.6652027027027027,0.6567567567567567,0.5422297297297297,0.5303378378378378,False
USDCAD1440_comma,daily,60,500,long_short,price_slow,0.0025,-0.01409949335190841,-0.8608511230873738,-1.1447068347881557,-0.03589132737083904,-0.39283844830336245,64,0.171875,0.6176335508911779,-300.3966145136509,0.6307432432432433,0.5618243243243243,0.47466216216216217,0.28175675675675677,0.5299493243243244,False
USDCAD1440_comma,daily,20,400,long_short,slow_slope,0.0025,-0.01365505010437551,-0.887104979370056,-1.1757253870909097,-0.03753357742623296,-0.36380891566258555,88,0.19318181818181818,0.6601710759146721,-213.90079043610748,0.5905405405405405,0.5445945945945946,0.4908783783783784,0.3935810810810811,0.5295777027027028,False
USDCAD1440_comma,daily,75,250,long_only,price_slow,0.0025,-0.010578811313873282,-0.9227235759001847,-1.2116196228885137,-0.03318000910471518,-0.31883087435228996,51,0.19607843137254902,0.6609181906629967,-307.3921962151019,0.518918918918919,0.5929054054054054,0.5702702702702702,0.3952702702702703,0.5291385135135135,False
USDCAD1440_comma,daily,75,400,long_short,combined,0.005,-0.008599403144566198,-0.9949764767707798,-1.3273604200259963,-0.03240185398198502,-0.2653984907575766,104,0.2692307692307692,0.7570990251110621,-121.05185120609134,0.40337837837837837,0.6013513513513513,0.6246621621621622,0.6162162162162163,0.529054054054054,False
USDCAD1440_comma,daily,5,100,long_short,price_slow,0.0,-0.0183327905744467,-0.8010524875847518,-1.117587779151261,-0.05466470831753506,-0.3353679391821799,183,0.19672131147540983,0.7335608632659013,-131.87028842592252,0.7327702702702703,0.3158783783783784,0.35574324324324325,0.5719594594594595,0.5290202702702703,False
USDCAD1440_comma,daily,5,250,long_short,price_slow,0.005,-0.016313508217574046,-0.8186340642558493,-1.1105216930418127,-0.04487598010000981,-0.3635242769342988,87,0.1724137931034483,0.6354672976698413,-248.88846558918397,0.7040540540540541,0.4554054054054054,0.41824324324324325,0.32837837837837835,0.5283783783783784,False
USDCAD1440_comma,daily,100,500,long_only,fast_slope,0.001,-0.00875901389802114,-0.9843991192984897,-1.298397863221834,-0.027077359910478258,-0.323481089994731,72,0.25,0.6973682953105425,-175.3693483824236,0.4158783783783784,0.6557432432432433,0.6222972972972973,0.48986486486486486,0.5282263513513514,False
USDCAD1440_comma,daily,40,50,long_short,slow_slope,0.0,-0.019340947754750926,-0.8526337196363292,-1.1715755352854742,-0.04891997349141889,-0.39535891731714745,221,0.3393665158371041,0.7895674072720404,-117.46906511004575,0.6483108108108108,0.40844594594594597,0.33175675675675675,0.6692567567567568,0.5281756756756757,False
USDCAD1440_comma,daily,30,100,long_short,price_slow,0.0,-0.016739591922065644,-0.8234340480483731,-1.1249262260983173,-0.052603182306113876,-0.3182239398493589,157,0.2356687898089172,0.7227984267778684,-144.22579380218832,0.6925675675675675,0.3506756756756757,0.4060810810810811,0.5449324324324324,0.5276520270270271,False
USDCAD1440_comma,daily,100,300,long_only,fast_slope,0.001,-0.00979865129601154,-0.9575563785894713,-1.26763887883273,-0.03107444948287823,-0.31532823458097037,67,0.26865671641791045,0.6948332866084214,-185.6515219373615,0.45844594594594595,0.6152027027027027,0.5885135135135136,0.4831081081081081,0.527347972972973,False
USDCAD1440_comma,daily,100,200,long_short,none,0.0,-0.01764443913562752,-0.7783622279994323,-1.08318277699354,-0.04852524963165999,-0.3636135675665957,27,0.3333333333333333,0.6163628748636707,-813.4860596605829,0.7679054054054054,0.4114864864864865,0.3777027027027027,0.2777027027027027,0.5272297297297297,False
USDCAD1440_comma,daily,75,400,long_only,fast_slope,0.005,-0.007348866607419846,-1.028024955875017,-1.3688977042543753,-0.027605326134684364,-0.2662119103960324,80,0.3125,0.7492628925818575,-139.41961355284093,0.3527027027027027,0.6523648648648649,0.6641891891891892,0.6003378378378378,0.5270608108108109,False
USDCAD1440_comma,daily,30,75,long_only,slow_slope,0.001,-0.009869151707371016,-0.93116932394362,-1.254541417487461,-0.03847343122016329,-0.2565186258250539,92,0.25,0.7054289867350126,-159.80502851435634,0.5023648648648649,0.5307432432432433,0.5858108108108108,0.5070945945945946,0.5268581081081082,False
USDCAD1440_comma,daily,60,300,long_only,fast_slope,0.001,-0.009068071254476173,-0.9851869425789574,-1.3272969090218218,-0.03565664236853888,-0.25431646537973673,101,0.32673267326732675,0.7695921742980703,-134.5428967681949,0.41385135135135137,0.5655405405405406,0.6152027027027027,0.6385135135135135,0.5257432432432433,False
USDCAD1440_comma,daily,30,500,long_short,price_slow,0.0,-0.01567293230961886,-0.8413142792742206,-1.1360736690088533,-0.039178761884279614,-0.40003643698367064,89,0.1348314606741573,0.6139145859796342,-232.08923155672173,0.6652027027027027,0.5195945945945946,0.43513513513513513,0.27263513513513515,0.523902027027027,False
USDCAD1440_comma,daily,20,400,long_only,fast_slope,0.0025,-0.006307238279936622,-1.0706069848751332,-1.4643531208946694,-0.031276005726654475,-0.20166380371779313,152,0.3026315789473684,0.8415204338226969,-63.46674885371833,0.2972972972972973,0.6131756756756757,0.7010135135135135,0.7425675675675676,0.5238006756756757,False
USDCAD1440_comma,daily,75,200,long_only,combined,0.0,-0.009212935181750925,-0.9709075050668995,-1.3040347746553986,-0.03487008413272705,-0.2642074262477674,106,0.3113207547169811,0.7278722704006606,-130.10516941013591,0.43614864864864866,0.5726351351351351,0.610472972972973,0.5581081081081081,0.523429054054054,False
USDCAD1440_comma,daily,100,150,long_only,none,0.0025,-0.010722782781729667,-0.9317221983176446,-1.2281686147096338,-0.03291258667897937,-0.325795808342773,21,0.38095238095238093,0.6676575899380239,-654.3589054044967,0.5003378378378378,0.5942567567567567,0.5652027027027027,0.41081081081081083,0.5233614864864865,False
USDCAD1440_comma,daily,75,400,long_short,combined,0.001,-0.009403855766823344,-0.9886723628477365,-1.3172274443726855,-0.033076692967028254,-0.2843045940595501,120,0.25833333333333336,0.7512761036561912,-114.46688971223006,0.40912162162162163,0.5932432432432433,0.6030405405405406,0.6033783783783784,0.5230743243243243,False
USDCAD1440_comma,daily,100,300,long_only,fast_slope,0.0025,-0.009341578894338065,-0.9702514250742685,-1.291386901944158,-0.02861650359145402,-0.3264402607566571,63,0.30158730158730157,0.6786184662245466,-192.9124348866357,0.43783783783783786,0.6405405405405405,0.6070945945945946,0.43885135135135134,0.5225168918918919,False
USDCAD1440_comma,daily,40,100,long_short,price_slow,0.001,-0.015527584949908357,-0.8360380304831294,-1.1348874963515345,-0.053507527001227975,-0.2901944047900402,140,0.2357142857142857,0.723865930149677,-149.9792770484726,0.6712837837837838,0.33513513513513515,0.439527027027027,0.5483108108108108,0.5224493243243243,False
USDCAD1440_comma,daily,50,150,long_short,none,0.0025,-0.017031472129062974,-0.8147934876833199,-1.1080648858180038,-0.04626506902831893,-0.36812810370255755,45,0.3111111111111111,0.6349174455797423,-483.3453007675671,0.7114864864864865,0.43513513513513513,0.39763513513513515,0.3273648648648649,0.5220101351351352,False
USDCAD1440_comma,daily,60,75,long_only,price_slow,0.0025,-0.005191663804067659,-1.0626817216796582,-1.4366014317646718,-0.030209432210686175,-0.17185572267164884,59,0.3220338983050847,0.7740020572810785,-135.70878383880657,0.30844594594594593,0.6226351351351351,0.7297297297297297,0.6459459459459459,0.521875,False
USDCAD1440_comma,daily,40,400,long_only,combined,0.0025,-0.006506139136685962,-1.0878408189822981,-1.481876807518558,-0.025864347693039726,-0.2515485491419066,101,0.25742574257425743,0.8117740875283931,-98.38095048687701,0.2733108108108108,0.6695945945945946,0.6956081081081081,0.7023648648648648,0.5211993243243244,False
USDCAD1440_comma,daily,60,250,long_only,fast_slope,0.0,-0.009722247833045872,-0.9823223850344203,-1.3246383830352428,-0.03519644278751477,-0.27622813736434304,107,0.308411214953271,0.7575878246952075,-135.50400263623564,0.4192567567567568,0.5702702702702702,0.5912162162162162,0.6175675675675676,0.5211486486486486,False
USDCAD1440_comma,daily,30,200,long_only,combined,0.005,-0.00784778539687292,-1.046717102263346,-1.4213841991148448,-0.029213732911223755,-0.26863343417019614,96,0.21875,0.794521243907432,-123.61289053481148,0.32804054054054055,0.6327702702702702,0.6493243243243243,0.6787162162162163,0.5210810810810811,False
USDCAD1440_comma,daily,30,50,long_short,slow_slope,0.0,-0.0188827977932704,-0.8552729570832356,-1.1764238065791497,-0.05021443775625789,-0.37604319866983205,210,0.32857142857142857,0.7805193228717268,-122.06667035930738,0.6418918918918919,0.3878378378378378,0.34324324324324323,0.6567567567567567,0.5208783783783784,False
USDCAD1440_comma,daily,30,200,long_short,price_slow,0.0025,-0.016996435886521,-0.830945447670608,-1.131695585069776,-0.04532282818675095,-0.3750082809591636,96,0.1875,0.6534507850427335,-235.54448514719584,0.6787162162162163,0.44932432432432434,0.4,0.37736486486486487,0.5204222972972973,False
USDCAD1440_comma,daily,5,100,long_short,none,0.001,-0.01903555696427839,-0.8035892136932431,-1.1251032767960232,-0.053154602776359014,-0.3581168134087651,123,0.24390243902439024,0.706570764053007,-204.74088382066103,0.7277027027027027,0.34155405405405403,0.33783783783783783,0.5087837837837837,0.5203547297297297,False
USDCAD1440_comma,daily,100,500,long_short,price_slow,0.0025,-0.014035261840280588,-0.8868558520757713,-1.1690816679675564,-0.03610298492144757,-0.3887562723918352,67,0.1791044776119403,0.6316793365003837,-287.602583071687,0.591554054054054,0.5604729729729729,0.47635135135135137,0.3206081081081081,0.5201013513513514,False
USDCAD1440_comma,daily,30,100,long_short,fast_slope,0.0,-0.01603057050377099,-0.9083245717180755,-1.226291697041957,-0.04448899302366295,-0.36032666541237734,192,0.2604166666666667,0.7867163618599827,-115.65556669884626,0.5496621621621621,0.46013513513513515,0.4246621621621622,0.6662162162162162,0.5197635135135135,False
USDCAD1440_comma,daily,50,200,long_only,combined,0.001,-0.00943400894743951,-1.025678282517277,-1.386879490374974,-0.029256708900605857,-0.3224562605277912,114,0.2631578947368421,0.7805384317774943,-123.67580068039658,0.3567567567567568,0.6320945945945946,0.602027027027027,0.6570945945945946,0.519695945945946,False
USDCAD1440_comma,daily,40,50,long_short,combined,0.001,-0.01393535004034352,-0.9316612561096264,-1.2514233173162406,-0.04274986623049475,-0.32597412036819473,186,0.25268817204301075,0.7947854260204266,-109.40847868647595,0.5006756756756757,0.48277027027027025,0.48074324324324325,0.6793918918918919,0.5190202702702703,False
USDCAD1440_comma,daily,50,200,long_only,combined,0.0,-0.009620677751856821,-1.0217539643812559,-1.3858760077708316,-0.03018758024964809,-0.3186965524329819,116,0.25862068965517243,0.7803723161553126,-123.77771591420638,0.3641891891891892,0.6233108108108109,0.5952702702702702,0.6564189189189189,0.5190202702702703,False
USDCAD1440_comma,daily,100,200,long_only,combined,0.0,-0.009796680593570417,-0.9562846435156944,-1.286359231422255,-0.03030839192072964,-0.32323326883172276,82,0.2926829268292683,0.6668868726323383,-178.07205276506187,0.4608108108108108,0.6216216216216216,0.5888513513513514,0.40844594594594597,0.5187668918918918,False
USDCAD1440_comma,daily,50,300,long_only,slow_slope,0.005,-0.010049321396112476,-0.903652044456126,-1.18736104424384,-0.03997320989312128,-0.2514014116700144,43,0.18604651162790697,0.642085708371335,-347.6878637986894,0.5574324324324325,0.5114864864864865,0.581081081081081,0.34324324324324323,0.5185472972972973,False
USDCAD1440_comma,daily,60,100,long_short,none,0.001,-0.017393161476235153,-0.8102330164977415,-1.1180202318741572,-0.04882842502353661,-0.35620975830883717,63,0.3968253968253968,0.6432064701507978,-372.37318798659004,0.7175675675675676,0.4097972972972973,0.3844594594594595,0.3452702702702703,0.5181587837837838,False
USDCAD1440_comma,daily,50,75,long_short,none,0.001,-0.017824200889917985,-0.815156644017461,-1.12059875723721,-0.05383924054821185,-0.3310633788371663,85,0.36470588235294116,0.7081652666696217,-282.6893698133819,0.7108108108108108,0.3287162162162162,0.37398648648648647,0.5118243243243243,0.5180743243243243,False
USDCAD1440_comma,daily,40,50,long_only,price_slow,0.0025,-0.004770479894936841,-1.1189824110387254,-1.5260159569961094,-0.027649183936745588,-0.17253601067758473,75,0.26666666666666666,0.83928340553059,-98.40483350648442,0.23783783783783785,0.6510135135135136,0.7456081081081081,0.739527027027027,0.5179391891891892,False
USDCAD1440_comma,daily,20,200,long_only,fast_slope,0.0,-0.008009855928750254,-1.0275195955622043,-1.402854447127234,-0.036636370424010696,-0.218631262760155,166,0.28313253012048195,0.8237232352841168,-72.87578531388775,0.3530405405405405,0.5547297297297298,0.643918918918919,0.7236486486486486,0.5172297297297298,False
USDCAD1440_comma,daily,100,400,long_short,slow_slope,0.005,-0.01261939434544368,-0.8948436963621349,-1.1800912082454855,-0.0384750805823827,-0.32798876972909985,61,0.2459016393442623,0.6419699896277101,-293.5954883255839,0.575,0.5304054054054054,0.5152027027027027,0.34290540540540543,0.5170777027027027,False
USDCAD1440_comma,daily,30,200,long_short,price_slow,0.001,-0.017615835012181336,-0.8293512655882619,-1.133538974910808,-0.045950494622287806,-0.3833655144951793,109,0.12844036697247707,0.657494136755473,-213.36188646522024,0.6820945945945946,0.43986486486486487,0.37972972972972974,0.3878378378378378,0.5169256756756757,False
USDCAD1440_comma,daily,50,400,long_only,fast_slope,0.0,-0.008536999226532394,-1.0480376358128831,-1.4075978717242983,-0.028074414249697872,-0.30408467833391273,105,0.2571428571428571,0.7844493940680218,-122.31742109376343,0.3266891891891892,0.6462837837837838,0.6260135135135135,0.6625,0.5168243243243243,False
USDCAD1440_comma,daily,75,400,long_short,combined,0.0025,-0.009517728932047165,-0.9995442036582942,-1.331879381200497,-0.03277781425457833,-0.2903710680073107,114,0.24561403508771928,0.7451347820742041,-121.7959119266523,0.3949324324324324,0.5969594594594595,0.5989864864864864,0.5929054054054054,0.5159459459459459,False
USDCAD1440_comma,daily,30,100,long_short,slow_slope,0.0025,-0.016792154728966335,-0.8595241949557971,-1.1668539841579728,-0.04587557131994806,-0.3660369614114126,117,0.23931623931623933,0.69110385624369,-196.8267141898209,0.6341216216216217,0.44222972972972974,0.4047297297297297,0.47094594594594597,0.5157939189189189,False
USDCAD1440_comma,daily,75,400,long_short,slow_slope,0.005,-0.013169547061461895,-0.9027878589387582,-1.189162311302408,-0.03812033806828415,-0.3454729870934399,66,0.22727272727272727,0.6562760380161359,-279.82661572575955,0.5587837837837838,0.5344594594594595,0.5023648648648649,0.38344594594594594,0.5151182432432433,False
USDCAD1440_comma,daily,30,50,long_short,price_slow,0.0025,-0.014733623686307595,-0.9254631182655355,-1.2427431313290858,-0.04405779913130902,-0.33441578964023566,163,0.24539877300613497,0.7916904748478203,-129.52566391941215,0.5141891891891892,0.46554054054054056,0.45844594594594595,0.675,0.5150000000000001,False
USDCAD1440_comma,daily,5,50,long_short,slow_slope,0.0,-0.018519057676894213,-0.861980133292611,-1.1830341574925811,-0.051013459191763214,-0.3630229741386437,245,0.2653061224489796,0.7815681055286541,-104.51292336904943,0.6283783783783784,0.3766891891891892,0.3530405405405405,0.6587837837837838,0.5149493243243244,False
USDCAD1440_comma,daily,50,300,long_only,slow_slope,0.001,-0.01095048922259545,-0.8981857811646002,-1.1801983207375604,-0.03896978931582982,-0.2809994463620895,46,0.15217391304347827,0.6214625112593901,-351.81389285951894,0.5706081081081081,0.5243243243243243,0.5591216216216216,0.28986486486486485,0.5146283783783784,False
USDCAD1440_comma,daily,30,50,long_short,price_slow,0.0,-0.016480355824369575,-0.8566780605367398,-1.1582931972886175,-0.05573552443386217,-0.295688539612214,231,0.21645021645021645,0.7936448511598468,-101.43445414410319,0.6391891891891892,0.29662162162162165,0.4118243243243243,0.6763513513513514,0.5136486486486487,False
USDCAD1440_comma,daily,40,500,long_only,combined,0.0025,-0.007194935083040255,-1.0911872510910823,-1.4772013320084723,-0.02636973818934294,-0.27284818041720316,109,0.2018348623853211,0.8121786513269588,-100.29737598081121,0.2695945945945946,0.6638513513513513,0.6709459459459459,0.7040540540540541,0.5135979729729729,False
USDCAD1440_comma,daily,40,50,long_short,price_slow,0.0,-0.016533081643930636,-0.8816585891577454,-1.1842864799278452,-0.05265867941643899,-0.31396688688644436,235,0.25957446808510637,0.7973748413020006,-96.93641489935948,0.5989864864864864,0.3493243243243243,0.41081081081081083,0.6831081081081081,0.511554054054054,False
USDCAD1440_comma,daily,100,150,long_only,fast_slope,0.0025,-0.008949110496102253,-0.9756683905241421,-1.3033204347744214,-0.03022517110439174,-0.2960813841282751,47,0.3191489361702128,0.6653779789043274,-238.89928727581037,0.4277027027027027,0.6222972972972973,0.6175675675675676,0.4043918918918919,0.5108277027027027,False
USDCAD1440_comma,daily,5,250,long_short,slow_slope,0.005,-0.015698917473752072,-0.8719093742831897,-1.1622670095340957,-0.040077668017827243,-0.39171234880155503,93,0.1935483870967742,0.6366833266082903,-226.86466066775174,0.6148648648648649,0.5097972972972973,0.43445945945945946,0.3327702702702703,0.5102027027027027,False
USDCAD1440_comma,daily,60,400,long_only,fast_slope,0.0025,-0.008420689163065043,-1.0404644817099802,-1.3906050596640396,-0.030457391582495837,-0.27647440327439254,93,0.2903225806451613,0.7662903144876672,-136.33605969022778,0.3347972972972973,0.6189189189189189,0.6307432432432433,0.6347972972972973,0.5100168918918919,False
USDCAD1440_comma,daily,50,100,long_short,none,0.001,-0.01740074359979915,-0.799622498370764,-1.1169792667550489,-0.055822791040780396,-0.31171396620221536,63,0.36507936507936506,0.6741171698065173,-366.729167276002,0.7361486486486486,0.29493243243243245,0.3841216216216216,0.4287162162162162,0.5093243243243244,False
USDCAD1440_comma,daily,60,100,long_short,none,0.0025,-0.015379011326250858,-0.8442696082455654,-1.1298126216655358,-0.045701704023740415,-0.3365084881356285,57,0.38596491228070173,0.6216150500945749,-368.2280655716844,0.6625,0.4449324324324324,0.44425675675675674,0.29155405405405405,0.5088175675675676,False
USDCAD1440_comma,daily,20,300,long_short,price_slow,0.0025,-0.017305306440955515,-0.8358788471670073,-1.128447076925329,-0.04273338058508334,-0.40495992135469305,83,0.14457831325301204,0.6153012544512008,-273.58755599135696,0.6719594594594595,0.4831081081081081,0.3878378378378378,0.27533783783783783,0.508429054054054,False
USDCAD1440_comma,daily,20,100,long_short,price_slow,0.0,-0.017947482420957006,-0.829697218341932,-1.1337790149389297,-0.05405655332908282,-0.33201307363599764,161,0.22981366459627328,0.7177535302002114,-146.83172389513334,0.6817567567567567,0.3239864864864865,0.36925675675675673,0.5341216216216216,0.507668918918919,False
USDCAD1440_comma,daily,50,500,long_short,price_slow,0.005,-0.014697425219383553,-0.8801028740865603,-1.169955201221206,-0.037174612840760575,-0.3953618907166768,62,0.14516129032258066,0.6009868891038481,-322.1929337143066,0.6016891891891892,0.5503378378378379,0.46013513513513515,0.24864864864864866,0.5075844594594595,False
USDCAD1440_comma,daily,75,500,long_short,none,0.0025,-0.015805930167471338,-0.8585517394170528,-1.1451785213568675,-0.039214578483588926,-0.40306260525243254,18,0.2222222222222222,0.5998274453587747,-1150.6070622393065,0.6358108108108108,0.518918918918919,0.4314189189189189,0.24594594594594596,0.5072297297297298,True
USDCAD1440_comma,daily,50,100,long_only,combined,0.0025,-0.008270136432991793,-1.0297098362040433,-1.403681240129818,-0.03270504787230526,-0.25287033565222117,99,0.23232323232323232,0.7504960565988109,-125.9236620528705,0.35033783783783784,0.5983108108108108,0.6368243243243243,0.6010135135135135,0.5072297297297298,False
USDCAD1440_comma,daily,75,500,long_only,combined,0.001,-0.007850408419146304,-1.056532589043747,-1.4100615733141597,-0.026756232575059748,-0.2934048505193476,91,0.21978021978021978,0.7332989275082286,-130.44585945017448,0.3168918918918919,0.6597972972972973,0.6489864864864865,0.5712837837837837,0.507195945945946,False
USDCAD1440_comma,daily,20,400,long_short,slow_slope,0.005,-0.013984567231754563,-0.9076545138464891,-1.2016221598647099,-0.0372224129905674,-0.37570286577870216,78,0.19230769230769232,0.6455847319939461,-247.5324999229543,0.5527027027027027,0.5493243243243243,0.47905405405405405,0.35135135135135137,0.5069256756756757,False
USDCAD1440_comma,daily,20,250,long_only,combined,0.001,-0.007351086321937705,-1.0724015765549548,-1.4633900060747458,-0.03297655406965946,-0.22291857137071747,151,0.2913907284768212,0.8196689795069986,-73.88579074963043,0.29324324324324325,0.5939189189189189,0.6638513513513513,0.7172297297297298,0.5061317567567568,False
USDCAD1440_comma,daily,5,200,long_short,price_slow,0.005,-0.016682250065028326,-0.8192721687015844,-1.115534077637232,-0.05145912099750224,-0.32418451270938076,90,0.2,0.6417232347271389,-247.2325267006804,0.7030405405405405,0.3672297297297297,0.40709459459459457,0.34256756756756757,0.5058277027027027,False
USDCAD1440_comma,daily,40,400,long_only,combined,0.001,-0.007123807887066125,-1.0960227385025811,-1.4892460982422677,-0.02813225483545265,-0.25322562761974576,111,0.24324324324324326,0.800736814868309,-97.56802255711773,0.2631756756756757,0.6452702702702703,0.6753378378378379,0.6875,0.5047804054054055,False
USDCAD1440_comma,daily,30,50,long_short,slow_slope,0.005,-0.011283325460934246,-0.9967077502571539,-1.3700577553937778,-0.03744736405665488,-0.3013116075103036,104,0.375,0.7771761953179146,-156.42995007101544,0.4006756756756757,0.5456081081081081,0.5496621621621621,0.6516891891891892,0.5043581081081081,False
USDCAD1440_comma,daily,30,200,long_short,price_slow,0.0,-0.018230584705659858,-0.8348137985938643,-1.1440620499983445,-0.04718108429859066,-0.3863960520764128,115,0.1391304347826087,0.6531001133600078,-208.7712657816248,0.6733108108108108,0.42567567567567566,0.3584459459459459,0.37567567567567567,0.5037837837837839,False
USDCAD1440_comma,daily,60,250,long_short,none,0.001,-0.01647115222491935,-0.7754262810804697,-1.057099293003231,-0.05391043718249225,-0.3055280774140793,24,0.25,0.5746946218988757,-845.7120731807669,0.772972972972973,0.3273648648648649,0.41216216216216217,0.20202702702702702,0.5037668918918918,False
USDCAD1440_comma,daily,60,250,long_only,combined,0.0025,-0.009162772034671196,-1.0261919968746964,-1.3841461809586426,-0.033540990742734776,-0.2731813173007097,101,0.31683168316831684,0.7554482464592117,-135.85288094797872,0.3554054054054054,0.5881756756756756,0.6125,0.6131756756756757,0.5036824324324324,False
USDCAD1440_comma,daily,30,50,long_short,slow_slope,0.001,-0.019032994932879688,-0.8917428959787574,-1.2145778041219835,-0.04767862087825723,-0.39919348719164105,192,0.3177083333333333,0.7762255389549144,-136.7574505536855,0.5820945945945946,0.4206081081081081,0.3381756756756757,0.6510135135135136,0.503277027027027,False
USDCAD1440_comma,daily,50,200,long_only,combined,0.0025,-0.009788458867316496,-1.042084109326541,-1.4105396368115504,-0.029789821481415305,-0.32858400556119916,112,0.25892857142857145,0.7678872956326958,-130.272669895448,0.3327702702702703,0.6266891891891891,0.5891891891891892,0.6368243243243243,0.503141891891892,False
USDCAD1440_comma,daily,75,300,long_only,fast_slope,0.005,-0.008794694989901042,-1.00613933410662,-1.3362296341189024,-0.032842030251716954,-0.2677877988204235,82,0.32926829268292684,0.7026884879429484,-161.04664566058207,0.3861486486486487,0.5952702702702702,0.620945945945946,0.5030405405405406,0.5029222972972973,False
USDCAD1440_comma,daily,40,200,long_only,fast_slope,0.0025,-0.009865337913059546,-1.0227780643194226,-1.3932992713908698,-0.03336420988716463,-0.29568624422467704,115,0.23478260869565218,0.758018408534157,-127.79821519449392,0.3625,0.5902027027027027,0.5861486486486487,0.6206081081081081,0.5028716216216216,False
USDCAD1440_comma,daily,40,400,long_only,combined,0.005,-0.006831099324821954,-1.1147768817275172,-1.5160971503252945,-0.026020121084941072,-0.2625314195319174,96,0.25,0.7945366545416276,-108.41285039494943,0.24121621621621622,0.6658783783783784,0.6854729729729729,0.6790540540540541,0.5019087837837838,False
USDCAD1440_comma,daily,20,50,long_only,fast_slope,0.0025,-0.00791213277424363,-1.0580965293167168,-1.4353802038671222,-0.036237295870506094,-0.21834225165469356,139,0.28776978417266186,0.8152355833974838,-86.03193119809791,0.31554054054054054,0.5581081081081081,0.6469594594594594,0.710472972972973,0.5017060810810812,False
USDCAD1440_comma,daily,20,50,long_only,fast_slope,0.001,-0.008431217948004277,-1.0376071464787393,-1.401721252436519,-0.03858666279128271,-0.21850083262212072,157,0.28662420382165604,0.8134508326286811,-80.85425576408527,0.34087837837837837,0.5283783783783784,0.6300675675675675,0.706081081081081,0.5003716216216216,False
USDCAD1440_comma,daily,30,200,long_short,fast_slope,0.001,-0.014488594713027103,-0.9509976415289098,-1.2804015226961647,-0.04272966360910685,-0.3390757962798282,176,0.26704545454545453,0.7806502278293576,-113.75903607435053,0.4685810810810811,0.4834459459459459,0.46655405405405403,0.6574324324324324,0.5002195945945946,False
USDCAD1440_comma,daily,10,100,long_short,none,0.0025,-0.01865129079849026,-0.8222757651330426,-1.135782120799445,-0.055058279830901426,-0.33875542163273753,94,0.2553191489361702,0.7008482269567824,-263.7204974788323,0.6956081081081081,0.30844594594594593,0.34966216216216217,0.497972972972973,0.4999831081081082,False
USDCAD1440_comma,daily,40,150,long_only,fast_slope,0.001,-0.010283821640228341,-1.0224010832674773,-1.3853232941656677,-0.03400135676915556,-0.3024532729693111,124,0.25806451612903225,0.7599149988013381,-123.1694942561707,0.36283783783783785,0.5837837837837838,0.5756756756756757,0.6243243243243243,0.49986486486486487,False
USDCAD1440_comma,daily,20,200,long_short,price_slow,0.001,-0.01889740006559182,-0.8399009053392142,-1.1520708752939228,-0.04734035627967343,-0.39918161903876104,110,0.13636363636363635,0.6594935761647637,-226.20185216098326,0.6662162162162162,0.4239864864864865,0.34290540540540543,0.3918918918918919,0.499847972972973,False
USDCAD1440_comma,daily,75,400,long_short,none,0.0,-0.01832659080378496,-0.8345902136042788,-1.1371099081414349,-0.042683716095806214,-0.4293579022653464,22,0.18181818181818182,0.6038438929312515,-1075.0430364714878,0.6736486486486486,0.4837837837837838,0.3564189189189189,0.2537162162162162,0.4997466216216216,False
USDCAD1440_comma,daily,50,75,long_short,combined,0.005,-0.009700817890843982,-1.0041135926384606,-1.37275692259069,-0.03899000512959754,-0.2488026831132688,83,0.3493975903614458,0.7589753331514284,-159.39235236994634,0.3881756756756757,0.5236486486486487,0.5929054054054054,0.6233108108108109,0.4982601351351352,False
USDCAD1440_comma,daily,20,250,long_only,fast_slope,0.001,-0.008440666978018263,-1.0447815897551442,-1.4267598529798973,-0.03779101782818203,-0.2233511417023485,167,0.2694610778443114,0.8102991442894473,-76.09255289777367,0.33006756756756755,0.5408783783783784,0.6293918918918919,0.7,0.498125,False
USDCAD1440_comma,daily,60,300,long_only,slow_slope,0.0,-0.011530368859024143,-0.9087306952288968,-1.1888967274867177,-0.040901995522760186,-0.28190235492564153,52,0.17307692307692307,0.6221512312720877,-326.3052555985862,0.5483108108108108,0.5023648648648649,0.5432432432432432,0.2925675675675676,0.4974493243243243,False
USDCAD1440_comma,daily,20,250,long_only,combined,0.0,-0.007650824639461429,-1.0781020765926341,-1.4699319037220953,-0.033995585482938545,-0.22505347476075,151,0.2913907284768212,0.8141620690312058,-76.7278189364783,0.2847972972972973,0.5844594594594594,0.6557432432432433,0.7081081081081081,0.4973986486486487,False
USDCAD1440_comma,daily,30,100,long_only,combined,0.001,-0.009466539116158024,-1.0434189132916742,-1.4164429990159435,-0.033958010393871696,-0.27877190113194683,123,0.2601626016260163,0.778634914124903,-114.9939796652326,0.3310810810810811,0.5851351351351352,0.6,0.6547297297297298,0.4969256756756757,False
USDCAD1440_comma,daily,50,150,long_short,price_slow,0.0,-0.01726155775110183,-0.8576607184335503,-1.1544158146850796,-0.04850979416619525,-0.3558365490474663,124,0.20967741935483872,0.6645867816669196,-186.52257315130015,0.6368243243243243,0.4118243243243243,0.3881756756756757,0.4027027027027027,0.49572635135135135,False
USDCAD1440_comma,daily,100,250,long_only,combined,0.0,-0.009904693053304992,-0.9742078283049561,-1.29374753998497,-0.032456287653462465,-0.3051702387857149,67,0.2835820895522388,0.6512701884974648,-220.16627043585297,0.4320945945945946,0.6010135135135135,0.5844594594594594,0.3712837837837838,0.4956756756756757,False
USDCAD1440_comma,daily,30,500,long_short,fast_slope,0.005,-0.011336316927603618,-1.0376534016496493,-1.4037836952744362,-0.03290806350798011,-0.3444844733830842,138,0.2536231884057971,0.7915623066944902,-118.21785161959414,0.34054054054054056,0.5945945945945946,0.5483108108108108,0.6743243243243243,0.4956756756756757,False
USDCAD1440_comma,daily,40,300,long_only,fast_slope,0.0,-0.010349373736971312,-1.029035455522084,-1.4017063595051065,-0.034214953779356544,-0.30248100885103535,124,0.27419354838709675,0.7653018450661419,-123.89473055904533,0.3510135135135135,0.581081081081081,0.575,0.6327702702702702,0.49559121621621616,False
USDCAD1440_comma,daily,10,200,long_short,price_slow,0.0025,-0.018592220652982605,-0.8343029194210948,-1.1449069251250727,-0.0475755303996147,-0.3907937651312696,98,0.16326530612244897,0.636206052706894,-249.00522070102957,0.6743243243243243,0.4222972972972973,0.3516891891891892,0.3310810810810811,0.49530405405405414,False
USDCAD1440_comma,daily,75,150,long_only,price_slow,0.0025,-0.010027811158138,-0.9680890721101612,-1.2846692532339556,-0.03328745462723987,-0.3012489621219646,55,0.2545454545454545,0.6449335098481805,-271.28988924692055,0.4445945945945946,0.5918918918918918,0.5817567567567568,0.34966216216216217,0.4946114864864865,False
USDCAD1440_comma,daily,100,200,long_only,price_slow,0.0025,-0.01091585768366543,-0.9747646338140302,-1.2922890723287648,-0.03084281677715493,-0.353918961505187,57,0.19298245614035087,0.6504917492656193,-283.09424468953716,0.4304054054054054,0.6165540540540541,0.5608108108108109,0.36824324324324326,0.49369932432432434,False
USDCAD1440_comma,daily,60,75,long_only,price_slow,0.001,-0.008241609601321587,-1.019737876789376,-1.3687221509802885,-0.037271220226163686,-0.22112529590689745,80,0.275,0.7226250692985856,-155.32580262129886,0.3679054054054054,0.547972972972973,0.6385135135135135,0.5445945945945946,0.4935472972972973,False
USDCAD1440_comma,daily,5,200,long_short,none,0.005,-0.017034620134997236,-0.8206330526939097,-1.1209494196436915,-0.05254593811691621,-0.32418528901500854,86,0.19767441860465115,0.6269290039281201,-263.5882661743207,0.7003378378378379,0.3516891891891892,0.3972972972972973,0.30675675675675673,0.49353040540540544,False
USDCAD1440_comma,daily,75,500,long_short,none,0.0,-0.01774842603417104,-0.8354636919823689,-1.138046382599294,-0.042788981927691,-0.4147896312224503,24,0.20833333333333334,0.5696385865044401,-963.6563881722446,0.6726351351351352,0.48243243243243245,0.37601351351351353,0.19087837837837837,0.49349662162162167,False
USDCAD1440_comma,daily,75,200,long_only,none,0.0025,-0.012226969535444776,-0.910585528435714,-1.191160383138949,-0.03616207694731211,-0.3381157988591027,16,0.25,0.578094838104396,-988.7818219213975,0.543918918918919,0.5594594594594594,0.522972972972973,0.20743243243243242,0.4931418918918919,True
USDCAD1440_comma,daily,30,400,long_short,slow_slope,0.005,-0.014406749821294085,-0.910665905243597,-1.205362729529461,-0.03746838352982848,-0.3845041729602482,74,0.17567567567567569,0.6251282794572351,-267.5966650753958,0.5432432432432432,0.5452702702702703,0.46925675675675677,0.30202702702702705,0.4927702702702703,False
USDCAD1440_comma,daily,10,500,long_short,none,0.005,-0.016029598808123158,-0.8609240446943942,-1.1494746645685283,-0.039003176075454574,-0.4109818845806992,49,0.14285714285714285,0.5573808870624645,-441.58466165956736,0.6304054054054054,0.522972972972973,0.425,0.16216216216216217,0.4922297297297298,False
USDCAD1440_comma,daily,40,150,long_short,none,0.005,-0.016562207311947796,-0.8392430593684678,-1.1303606211094037,-0.04580464259842762,-0.3615835944218533,48,0.3333333333333333,0.5818993453726854,-468.39157646683043,0.6665540540540541,0.4435810810810811,0.4097972972972973,0.21452702702702703,0.49165540540540553,False
USDCAD1440_comma,daily,40,100,long_short,none,0.0025,-0.017232888935377222,-0.8335229170925216,-1.1355824551771776,-0.05101882955705449,-0.33777507412445906,60,0.35,0.6348712048329889,-380.6086615238875,0.6756756756756757,0.37635135135135134,0.3898648648648649,0.327027027027027,0.49138513513513515,False
USDCAD1440_comma,daily,30,400,long_short,none,0.0025,-0.017026119953899577,-0.8406332433962281,-1.1388542117384752,-0.04188746567996402,-0.40647290728891383,30,0.16666666666666666,0.5487653606025807,-766.286496559098,0.6658783783783784,0.4922297297297297,0.39797297297297296,0.14763513513513513,0.49114864864864866,False
USDCAD1440_comma,daily,5,100,long_only,slow_slope,0.0025,-0.012370645781708989,-0.9547739925139325,-1.2822720765302804,-0.03715705453256039,-0.33292859020535936,99,0.21212121212121213,0.6748218619751714,-182.75105524449327,0.46216216216216216,0.5506756756756757,0.5199324324324325,0.4304054054054054,0.49108108108108106,False
USDCAD1440_comma,daily,40,500,long_only,combined,0.0,-0.008353172760280692,-1.1005065591003163,-1.4918695389820862,-0.028983690165681874,-0.28820252743976893,120,0.2,0.7956001380792461,-104.86564219311782,0.2570945945945946,0.6358108108108108,0.6337837837837837,0.6804054054054054,0.4906081081081081,False
USDCAD1440_comma,daily,30,250,long_short,fast_slope,0.0,-0.014665335013885894,-0.9607184468180411,-1.289728499347538,-0.04304469310613734,-0.340700187540538,175,0.25142857142857145,0.7748060168668396,-116.31064412207112,0.4527027027027027,0.4793918918918919,0.4608108108108108,0.6476351351351352,0.4902364864864865,False
USDCAD1440_comma,daily,40,250,long_short,none,0.001,-0.01803960057467069,-0.7998267620796367,-1.111462610921427,-0.049073604777875264,-0.36760292332964717,31,0.1935483870967742,0.5475541309770615,-713.8298117959107,0.7341216216216216,0.40506756756756757,0.36486486486486486,0.14594594594594595,0.48978040540540546,False
USDCAD1440_comma,daily,100,500,long_only,combined,0.0,-0.009055962001415452,-1.034891600907031,-1.3695911155973037,-0.029000127519473572,-0.31227317863807247,86,0.26744186046511625,0.6898345154384311,-157.8127997250828,0.3439189189189189,0.635472972972973,0.6155405405405405,0.46790540540540543,0.4897297297297298,False
USDCAD1440_comma,daily,60,100,long_only,slow_slope,0.001,-0.011425606390273568,-0.9404446238365051,-1.2614062797313814,-0.03761019842772322,-0.3037901119354778,65,0.26153846153846155,0.6344759653646183,-258.8717985943096,0.4868243243243243,0.543918918918919,0.5456081081081081,0.32635135135135135,0.48878378378378384,False
USDCAD1440_comma,daily,5,50,long_short,price_slow,0.001,-0.019108066567203097,-0.8309724406762417,-1.1416127676076613,-0.06024240257511797,-0.3171863297347197,230,0.2217391304347826,0.769988889121311,-113.5758622792005,0.6783783783783783,0.21655405405405406,0.33547297297297296,0.6391891891891892,0.48846283783783784,False
USDCAD1440_comma,daily,40,200,long_short,price_slow,0.001,-0.018318300641960494,-0.848757290493433,-1.1583211405292808,-0.04809315232708405,-0.3808920762227598,112,0.17857142857142858,0.6388044343198628,-216.79992455435695,0.6557432432432433,0.4168918918918919,0.3570945945945946,0.3364864864864865,0.48841216216216227,False
USDCAD1440_comma,daily,40,75,long_short,price_slow,0.001,-0.017061902537636064,-0.8876021522908696,-1.1961230409869865,-0.05279759351346479,-0.32315682216245,163,0.26380368098159507,0.7355173549301597,-139.15619724944486,0.5888513513513514,0.34797297297297297,0.39594594594594595,0.577027027027027,0.488277027027027,False
USDCAD1440_comma,daily,75,200,long_only,price_slow,0.005,-0.010405141112798222,-0.9784503655394851,-1.299130132822642,-0.032865405074548236,-0.31659859628068954,50,0.2,0.6510250921556158,-308.787640197985,0.4226351351351351,0.5949324324324324,0.5736486486486486,0.3706081081081081,0.4881081081081081,False
USDCAD1440_comma,daily,20,250,long_only,combined,0.0025,-0.007840914137128507,-1.0873983941296648,-1.484139660010282,-0.03480624844369909,-0.2252731761600677,148,0.2905405405405405,0.8071496654158532,-80.11520751549571,0.275,0.5743243243243243,0.6496621621621622,0.6959459459459459,0.4879054054054055,False
USDCAD1440_comma,daily,5,100,long_short,price_slow,0.001,-0.019373930627906044,-0.8232715808110643,-1.1403318060247987,-0.05724553893901036,-0.33843564034827434,168,0.20833333333333334,0.7082065029164966,-151.6955921925198,0.6929054054054054,0.2706081081081081,0.3307432432432432,0.5125,0.4878378378378378,False
USDCAD1440_comma,daily,75,250,long_only,combined,0.0025,-0.009122390884916065,-1.0233639625127031,-1.3582247991105056,-0.03514706358011214,-0.25954916159988806,87,0.3563218390804598,0.7068973789390345,-157.06605620147073,0.3614864864864865,0.5709459459459459,0.6138513513513514,0.5091216216216217,0.4864695945945946,False
USDCAD1440_comma,daily,40,75,long_only,combined,0.0025,-0.00845526471043423,-1.073738366467016,-1.452714463494995,-0.031079170566940244,-0.2720556744660465,101,0.22772277227722773,0.7509563153955436,-126.02038243762148,0.29121621621621624,0.6148648648648649,0.6287162162162162,0.6023648648648648,0.48630067567567575,False
USDCAD1440_comma,daily,75,250,long_only,fast_slope,0.001,-0.010074604231460116,-0.9910965861650556,-1.3207593691137638,-0.03825479706316492,-0.2633553176305,93,0.3118279569892473,0.6998107671948981,-161.13330579092377,0.4064189189189189,0.5331081081081082,0.5807432432432432,0.49425675675675673,0.4861317567567568,False
USDCAD1440_comma,daily,75,150,long_only,combined,0.001,-0.009181446684777383,-0.9928822216371266,-1.3320077280424707,-0.04039403600243314,-0.22729708623877887,94,0.26595744680851063,0.702294592234945,-146.24690723833524,0.4047297297297297,0.5060810810810811,0.6118243243243243,0.5023648648648649,0.48613175675675674,False
USDCAD1440_comma,daily,50,150,long_only,combined,0.0025,-0.009663005417721249,-1.0540781332571878,-1.4281591043478112,-0.03235435983984911,-0.2986616167203484,108,0.25,0.7439611341776903,-133.48964211425005,0.32094594594594594,0.602027027027027,0.5935810810810811,0.5902027027027027,0.48613175675675674,False
USDCAD1440_comma,daily,100,200,long_only,slow_slope,0.0025,-0.011907083637023419,-0.9479446755826945,-1.2533942262377367,-0.03260860494008197,-0.36515158066107345,46,0.2608695652173913,0.61049944753448,-382.6469658203805,0.47466216216216217,0.5993243243243244,0.5314189189189189,0.2665540540540541,0.4859628378378379,False
USDCAD1440_comma,daily,30,200,long_short,none,0.005,-0.01778687758550601,-0.8287760400886208,-1.127479791457315,-0.04765666709917656,-0.37322957454180306,41,0.21951219512195122,0.5830784672114003,-582.6197943542346,0.6831081081081081,0.4209459459459459,0.37533783783783786,0.21587837837837837,0.485929054054054,False
USDCAD1440_comma,daily,20,250,long_only,fast_slope,0.0025,-0.008727478224982432,-1.0571810955756655,-1.4446869884220006,-0.03910787254993972,-0.2231642289883622,163,0.26380368098159507,0.8016187336860265,-80.43809152669738,0.31655405405405407,0.5216216216216216,0.6236486486486487,0.6878378378378378,0.48493243243243245,False
USDCAD1440_comma,daily,5,250,long_short,none,0.0,-0.020117337926662593,-0.8203196963073787,-1.13898549079379,-0.04953869009768446,-0.40609345719464063,88,0.17045454545454544,0.6213366366479014,-292.65987686197076,0.7010135135135135,0.3983108108108108,0.30743243243243246,0.28952702702702704,0.48489864864864873,False
USDCAD1440_comma,daily,40,50,long_only,price_slow,0.005,-0.0017742711697292801,-1.6415518591382297,-2.2436832450439534,-0.012693681247392844,-0.1397759353768,22,0.2727272727272727,0.8367309915217316,-127.59527383060386,0.012331081081081082,0.7954391891891892,0.8521959459459459,0.737668918918919,0.4848817567567568,False
USDCAD1440_comma,daily,40,50,long_only,combined,0.005,-0.0017742711697292801,-1.6415518591382297,-2.2436832450439534,-0.012693681247392844,-0.1397759353768,22,0.2727272727272727,0.8367309915217316,-127.59527383060386,0.012331081081081082,0.7954391891891892,0.8521959459459459,0.737668918918919,0.4848817567567568,False
USDCAD1440_comma,daily,40,500,long_only,fast_slope,0.0,-0.009597405371340795,-1.0797503734666969,-1.4555857371938279,-0.030459036128078966,-0.3150922219266594,122,0.2459016393442623,0.776069441715366,-117.42576538538115,0.28209459459459457,0.6185810810810811,0.595945945945946,0.6503378378378378,0.48422297297297295,False
USDCAD1440_comma,daily,100,250,long_only,fast_slope,0.005,-0.00950757594100271,-0.9993139254268363,-1.331110726046829,-0.028863910254398183,-0.32939320615972256,57,0.2982456140350877,0.6258383443255018,-240.75620981311363,0.39594594594594595,0.6381756756756757,0.5993243243243244,0.3054054054054054,0.48359797297297297,False
USDCAD1440_comma,daily,60,300,long_only,fast_slope,0.0025,-0.010183966243036635,-1.0220053345259217,-1.371810659311054,-0.037919021425665465,-0.2685714414598164,99,0.31313131313131315,0.7420051706150821,-152.88743367678373,0.3638513513513513,0.5378378378378378,0.5777027027027027,0.5861486486486487,0.48346283783783783,False
USDCAD1440_comma,daily,30,400,long_short,slow_slope,0.001,-0.015273510357543874,-0.9016271304690571,-1.1976595237856487,-0.03998593161616981,-0.3819721021922484,92,0.16304347826086957,0.6138780122158418,-230.1333127698284,0.5628378378378378,0.5108108108108108,0.44763513513513514,0.2722972972972973,0.4832094594594595,False
USDCAD1440_comma,daily,20,400,long_only,fast_slope,0.0,-0.00844371654724263,-1.0934604782689352,-1.48691547349266,-0.03456780308249664,-0.2442653508263617,166,0.28313253012048195,0.8142868002427504,-76.5768715351135,0.26722972972972975,0.5766891891891892,0.629054054054054,0.7087837837837838,0.48319256756756757,False
USDCAD1440_comma,daily,100,500,long_only,combined,0.005,-0.008361611502922583,-1.064388129826943,-1.4070835442229987,-0.0277557578670119,-0.30125682544811627,66,0.2878787878787879,0.6928139216965121,-190.84550488216357,0.30574324324324326,0.65,0.6334459459459459,0.4766891891891892,0.4829898648648649,False
USDCAD1440_comma,daily,100,200,long_only,price_slow,0.005,-0.009077520380303183,-1.0156952001602086,-1.3586703508325655,-0.031425940955915534,-0.2888543701217149,50,0.2,0.6557926990593235,-272.0408536000863,0.37364864864864866,0.6118243243243243,0.6148648648648649,0.3827702702702703,0.4828040540540541,False
USDCAD1440_comma,daily,60,300,long_short,none,0.0,-0.018229586041265233,-0.8025786001604674,-1.09270789978876,-0.051813024839595996,-0.35183404361549675,25,0.2,0.5691115307403379,-924.0693774063967,0.7297297297297297,0.3614864864864865,0.3587837837837838,0.18986486486486487,0.4825,False
USDCAD1440_comma,daily,10,100,long_short,none,0.0,-0.019722026735593867,-0.801449061981351,-1.1302033122922654,-0.05833284057721015,-0.3380947428659765,92,0.2717391304347826,0.6692537363911654,-290.04403648507264,0.731418918918919,0.25135135135135134,0.3212837837837838,0.41621621621621624,0.4820945945945947,False
USDCAD1440_comma,daily,75,250,long_only,combined,0.005,-0.008710606778145724,-1.0462487322715235,-1.3911836173689653,-0.03306467974768536,-0.263441437951792,80,0.3375,0.7085375959920178,-163.59619158956153,0.3287162162162162,0.5935810810810811,0.6239864864864865,0.5128378378378379,0.4816047297297297,False
USDCAD1440_comma,daily,30,150,long_short,price_slow,0.005,-0.016419107370764352,-0.8712335955514334,-1.1665353505861058,-0.04809329547226972,-0.34140117056922215,84,0.23809523809523808,0.6313551738835672,-268.71348868378385,0.6165540540540541,0.41655405405405405,0.4141891891891892,0.31925675675675674,0.4814864864864865,False
USDCAD1440_comma,daily,20,50,long_only,combined,0.001,-0.008477666631964809,-1.0968377468302812,-1.490178993449137,-0.0336000251098879,-0.25231131834690146,164,0.25609756097560976,0.8038713683868011,-77.80284376801959,0.2625,0.5875,0.6283783783783784,0.6898648648648649,0.4810304054054054,False
USDCAD1440_comma,daily,20,500,long_short,price_slow,0.0,-0.01773116506168415,-0.868420730924243,-1.171612831292791,-0.04180202195109108,-0.4241700337469285,98,0.11224489795918367,0.5889058879440788,-238.47544560276842,0.6206081081081081,0.49358108108108106,0.37635135135135134,0.22567567567567567,0.48076013513513516,False
USDCAD1440_comma,daily,40,400,long_only,fast_slope,0.0,-0.009394793549592495,-1.0806176968432535,-1.4571880975504103,-0.03175062116044827,-0.29589322054888123,123,0.2764227642276423,0.7669159517747788,-114.18293201922046,0.28074324324324323,0.6087837837837838,0.6040540540540541,0.6358108108108108,0.4806756756756757,False
USDCAD1440_comma,daily,10,75,long_short,none,0.0025,-0.018809693835168284,-0.8446996247967322,-1.1592239271091158,-0.05713825233476727,-0.32919617010622204,108,0.24074074074074073,0.7139654799826848,-238.06635647192522,0.6608108108108108,0.2722972972972973,0.3456081081081081,0.5263513513513514,0.480472972972973,False
USDCAD1440_comma,daily,40,75,long_only,combined,0.005,-0.00699966415820974,-1.106990721342238,-1.5013173499915358,-0.031327719079564685,-0.22343357141425835,70,0.22857142857142856,0.7548515489197077,-152.15890542171906,0.24932432432432433,0.6128378378378379,0.6783783783783783,0.6121621621621621,0.4804391891891892,False
USDCAD1440_comma,daily,30,500,long_short,fast_slope,0.001,-0.013272367784949113,-1.0334691437241572,-1.3934651598384373,-0.03555837470261734,-0.37325574905908665,158,0.22151898734177214,0.7879481232737111,-115.62544662162898,0.34662162162162163,0.5672297297297297,0.49966216216216214,0.6668918918918919,0.48042229729729735,False
USDCAD1440_comma,daily,60,400,long_short,none,0.005,-0.01670839603512797,-0.8682337124909324,-1.161113264927613,-0.04114778844758723,-0.406058178713799,20,0.2,0.5593416174810996,-1043.826158708399,0.6212837837837838,0.5006756756756757,0.40675675675675677,0.16722972972972974,0.4801182432432433,False
USDCAD1440_comma,daily,40,400,long_short,slow_slope,0.005,-0.014645294914703122,-0.9163839684446866,-1.2142967818948547,-0.03797393674714559,-0.38566701714970264,71,0.18309859154929578,0.612813343474593,-288.0885163248671,0.5324324324324324,0.5368243243243244,0.4614864864864865,0.2695945945945946,0.4799155405405406,False
USDCAD1440_comma,daily,30,50,long_short,slow_slope,0.0025,-0.01756880590334131,-0.9343988910172084,-1.2603148960143469,-0.04592591946813848,-0.38254663394447286,156,0.30128205128205127,0.7639671391897305,-157.9829466288507,0.4956081081081081,0.4408783783783784,0.38074324324324327,0.6304054054054054,0.4791722972972974,False
USDCAD1440_comma,daily,10,50,long_short,price_slow,0.0025,-0.018706422524725208,-0.8683341811692837,-1.171146643941194,-0.05710169207692653,-0.32759839234753674,192,0.2604166666666667,0.7569717729415714,-137.3299725300797,0.620945945945946,0.2743243243243243,0.34864864864864864,0.6158783783783783,0.47907094594594596,False
USDCAD1440_comma,daily,75,500,long_short,price_slow,0.005,-0.015313176652517857,-0.9139653877562716,-1.2050216847022832,-0.03774602437798972,-0.405689788656185,60,0.18333333333333332,0.6079663577367055,-351.14743584952095,0.5371621621621622,0.5415540540540541,0.4466216216216216,0.2628378378378378,0.4790033783783785,False
USDCAD1440_comma,daily,40,50,long_short,none,0.0025,-0.01137677154783412,-0.9474040862058866,-1.2883108404337413,-0.053687304251335236,-0.21190804244098682,108,0.4074074074074074,0.772911900696708,-152.97614897475253,0.475,0.3314189189189189,0.5466216216216216,0.6445945945945946,0.47886824324324323,False
USDCAD1440_comma,daily,20,200,long_only,fast_slope,0.005,-0.008265490622631932,-1.0768976489487943,-1.4716582565540681,-0.03775041301604878,-0.21895099847299782,143,0.26573426573426573,0.7914929325902016,-87.13194277138318,0.28614864864864864,0.5412162162162162,0.6378378378378379,0.6739864864864865,0.478429054054054,False
USDCAD1440_comma,daily,100,250,long_short,slow_slope,0.005,-0.015374704651947568,-0.8902549223176583,-1.1725646282185396,-0.040627478320019145,-0.378431182236868,57,0.24561403508771928,0.5719108175534422,-363.807190011733,0.5841216216216216,0.5043918918918919,0.4452702702702703,0.19594594594594594,0.4781925675675676,False
USDCAD1440_comma,daily,20,500,long_only,combined,0.0,-0.007973707079569459,-1.1286028945930984,-1.5297578746195948,-0.031856045028756434,-0.25030436365756004,159,0.2578616352201258,0.8135409414470111,-75.76105799915109,0.22668918918918918,0.6074324324324324,0.6449324324324325,0.7070945945945946,0.47758445945945943,False
USDCAD1440_comma,daily,10,100,long_short,none,0.001,-0.019921266542797356,-0.8159269839756438,-1.1442159323946217,-0.05781092123141749,-0.34459348023624115,97,0.29896907216494845,0.6766274648319411,-277.9913056544609,0.7094594594594594,0.2608108108108108,0.31655405405405407,0.4341216216216216,0.4774155405405405,False
USDCAD1440_comma,daily,5,500,long_short,slow_slope,0.005,-0.0161300925644271,-0.916623495927701,-1.21049952382732,-0.037846336669761185,-0.4261995739554595,97,0.18556701030927836,0.6248694805808009,-222.79251001505597,0.5314189189189189,0.5402027027027027,0.4222972972972973,0.3010135135135135,0.4772297297297297,False
USDCAD1440_comma,daily,50,100,long_only,combined,0.001,-0.009978368957490491,-1.0388924578006593,-1.4163915230567772,-0.037396958464471323,-0.26682300826604277,112,0.24107142857142858,0.7446835956737109,-132.61421114391376,0.3381756756756757,0.5466216216216216,0.5824324324324325,0.591554054054054,0.4771452702702703,False
USDCAD1440_comma,daily,50,300,long_only,fast_slope,0.005,-0.010286112428256167,-1.0630268254277013,-1.4341406753535964,-0.03201223617145502,-0.3213181476346906,99,0.23232323232323232,0.7380077786902811,-154.3046613476373,0.3081081081081081,0.606081081081081,0.5753378378378379,0.5807432432432432,0.4769425675675676,False
USDCAD1440_comma,daily,40,100,long_only,combined,0.0025,-0.00939694206079611,-1.067526158923455,-1.456997097019087,-0.033623883067294184,-0.27947224423750383,116,0.23275862068965517,0.7454105049204077,-121.09904845530863,0.30033783783783785,0.5871621621621622,0.6033783783783784,0.5942567567567567,0.47673986486486486,False
USDCAD1440_comma,daily,50,400,long_only,fast_slope,0.001,-0.009741059788442863,-1.0811278991821776,-1.44987834989526,-0.030685773337110048,-0.31744547160108383,104,0.25,0.7553036630365743,-139.66313652255147,0.2797297297297297,0.6182432432432432,0.5908783783783784,0.6128378378378379,0.47655405405405404,False
USDCAD1440_comma,daily,40,150,long_only,fast_slope,0.0,-0.01127148857509186,-1.0288877127485352,-1.39087946611751,-0.03751241714304638,-0.3004735347261204,126,0.2857142857142857,0.745093934749645,-131.89306767743173,0.35135135135135137,0.5449324324324324,0.5510135135135135,0.5925675675675676,0.47586148648648646,False
USDCAD1440_comma,daily,40,50,long_short,fast_slope,0.001,-0.01790601457000973,-0.9315316668607698,-1.2535333954462005,-0.04705353993518415,-0.3805455358868879,188,0.31382978723404253,0.7578821250320653,-134.02389246946305,0.5013513513513513,0.42702702702702705,0.3706081081081081,0.6199324324324325,0.4744087837837838,False
USDCAD1440_comma,daily,20,500,long_short,price_slow,0.0025,-0.01730811786955544,-0.8769938607423248,-1.1763178440450692,-0.04079769405259155,-0.4242425527100592,75,0.10666666666666667,0.56816787150974,-304.83914282228363,0.6067567567567568,0.5030405405405406,0.38682432432432434,0.18783783783783783,0.4740033783783784,False
USDCAD1440_comma,daily,20,75,long_short,slow_slope,0.0,-0.01809143415423975,-0.854729547130633,-1.165417393401779,-0.05770630314115464,-0.3135088052684042,177,0.2768361581920904,0.7121093279214252,-137.01068036501064,0.6432432432432432,0.26385135135135135,0.3625,0.5212837837837838,0.47395270270270273,False
USDCAD1440_comma,daily,5,50,long_short,slow_slope,0.001,-0.020044322107850565,-0.9023100907934068,-1.230989387322184,-0.05114106034012424,-0.3919418560065364,228,0.2543859649122807,0.7627747301982659,-120.00206650205187,0.5608108108108109,0.372972972972973,0.3097972972972973,0.629054054054054,0.4738851351351352,False
USDCAD1440_comma,daily,20,250,long_short,price_slow,0.001,-0.019779572263880385,-0.8487474988016526,-1.1603030460891948,-0.04958377228943323,-0.39891221160870804,107,0.12149532710280374,0.6287630617910915,-241.3458150310573,0.6560810810810811,0.39797297297297296,0.3185810810810811,0.31351351351351353,0.47266891891891893,False
USDCAD1440_comma,daily,5,250,long_short,none,0.005,-0.018405854132878985,-0.8488985824326845,-1.151009706372556,-0.04849051853844343,-0.37957635198903406,86,0.1744186046511628,0.5993526423339093,-282.0454973185817,0.6554054054054054,0.41216216216216217,0.35405405405405405,0.24425675675675676,0.472652027027027,False
USDCAD1440_comma,daily,20,50,long_only,combined,0.0025,-0.00841128800528912,-1.1247128126762027,-1.5319689545639097,-0.03239462743373583,-0.25965070975101223,149,0.2483221476510067,0.8000370553965124,-85.00657002074557,0.23243243243243245,0.6016891891891892,0.6314189189189189,0.6858108108108109,0.4725506756756757,False
USDCAD1440_comma,daily,50,500,long_short,fast_slope,0.005,-0.011896362076377565,-1.0392873031055911,-1.3931132824304508,-0.03568209693992681,-0.3333986255461915,130,0.2846153846153846,0.7481221898659512,-129.73189828143134,0.33716216216216216,0.5648648648648649,0.5327702702702702,0.597972972972973,0.4723310810810811,False
USDCAD1440_comma,daily,40,200,long_short,slow_slope,0.0,-0.01807832017585087,-0.8453594032332107,-1.144322784507327,-0.05052359119644985,-0.3578193819508456,104,0.22115384615384615,0.6076918227765403,-233.23256112395603,0.6591216216216216,0.3841216216216216,0.3641891891891892,0.26182432432432434,0.47179054054054054,False
USDCAD1440_comma,daily,75,300,long_only,slow_slope,0.0,-0.012174259462515935,-0.9250893734512619,-1.2076162527269494,-0.043486004117601076,-0.27995810858115544,54,0.2037037037037037,0.6176591965241974,-330.2005739565332,0.5148648648648648,0.47466216216216217,0.5243243243243243,0.28209459459459457,0.47179054054054054,False
USDCAD1440_comma,daily,50,150,long_only,combined,0.005,-0.009349524012806532,-1.072283441139969,-1.4566496326661094,-0.03257844338689069,-0.28698498273151707,93,0.25806451612903225,0.7260676105076393,-150.33870482678628,0.2939189189189189,0.6,0.6057432432432432,0.5537162162162163,0.4717736486486487,False
USDCAD1440_comma,daily,30,300,long_short,fast_slope,0.001,-0.014587776205352565,-1.001226631569363,-1.3489870973018798,-0.040149405048786065,-0.3633372944786297,167,0.24550898203592814,0.7665246498261362,-121.91216221540132,0.39087837837837835,0.5087837837837837,0.46283783783783783,0.6351351351351351,0.47138513513513514,False
USDCAD1440_comma,daily,20,250,long_short,price_slow,0.0,-0.020078009667993557,-0.8490300204701207,-1.162799436308828,-0.049678908243433205,-0.4041556140809025,110,0.11818181818181818,0.6301225254441719,-231.75759294297083,0.6550675675675676,0.3969594594594595,0.3091216216216216,0.3162162162162162,0.47052364864864865,False
USDCAD1440_comma,daily,30,75,long_only,combined,0.0,-0.00970563616824871,-1.059117603392249,-1.4399894156319826,-0.03894713520510608,-0.2492002586874804,133,0.24812030075187969,0.7656999539463791,-108.84157623157387,0.3141891891891892,0.525,0.5922297297297298,0.6337837837837837,0.4704391891891892,False
USDCAD1440_comma,daily,20,500,long_short,price_slow,0.001,-0.01763296429200334,-0.8734322894945544,-1.1750001795735299,-0.0424726381249014,-0.41516056149253555,82,0.0975609756097561,0.5680898023263696,-284.9327528003653,0.6125,0.4864864864864865,0.3783783783783784,0.18716216216216217,0.47037162162162166,False
USDCAD1440_comma,daily,40,150,long_only,combined,0.001,-0.010516327776103895,-1.05897257215654,-1.439873259419484,-0.036228383495552983,-0.29027869204803936,128,0.2734375,0.7509664114606126,-121.80923934288822,0.314527027027027,0.558445945945946,0.5716216216216217,0.6027027027027027,0.47015202702702696,False
USDCAD1440_comma,daily,30,400,long_short,fast_slope,0.0,-0.014067754630840867,-1.031072184133307,-1.3847536414716828,-0.036934426385271286,-0.38088461112396776,168,0.24404761904761904,0.7741690534586932,-117.43154209937525,0.3493243243243243,0.5523648648648649,0.4756756756756757,0.6466216216216216,0.46994932432432435,False
USDCAD1440_comma,daily,40,100,long_only,combined,0.0,-0.011109398294089412,-1.0517247371586398,-1.4276761812262762,-0.03521698993839714,-0.31545564551434924,132,0.25,0.7395765620619551,-124.23554728003711,0.32263513513513514,0.5699324324324324,0.5540540540540541,0.5831081081081081,0.46981418918918916,False
USDCAD1440_comma,daily,50,200,long_short,none,0.005,-0.017846080445429235,-0.8537667949555492,-1.150510546041711,-0.049244611007285166,-0.36239661722150907,36,0.25,0.5964193943879672,-619.465137334942,0.6466216216216216,0.40202702702702703,0.37263513513513513,0.23986486486486486,0.46966216216216217,False
USDCAD1440_comma,daily,40,100,long_short,slow_slope,0.0,-0.020593645189648346,-0.8811089797925117,-1.2115936512585521,-0.04969361036013951,-0.4144123367250254,142,0.23943661971830985,0.6917749667598205,-194.16840787762595,0.6,0.3966216216216216,0.2959459459459459,0.4726351351351351,0.46923986486486485,False
USDCAD1440_comma,daily,20,50,long_short,price_slow,0.0,-0.019620763961714527,-0.8720005559987795,-1.1767641319069724,-0.05798856377316569,-0.3383557495658147,228,0.21052631578947367,0.7615421428764743,-119.96674736481413,0.614527027027027,0.2574324324324324,0.325,0.6270270270270271,0.46922297297297294,False
USDCAD1440_comma,daily,60,250,long_only,fast_slope,0.001,-0.01127437029242262,-1.020452891985717,-1.3734269504792738,-0.03887006734890014,-0.29005275939511943,107,0.29906542056074764,0.7191277989796742,-155.349746196326,0.3662162162162162,0.5260135135135136,0.5503378378378379,0.5368243243243244,0.4685810810810811,False
USDCAD1440_comma,daily,100,150,long_only,price_slow,0.0025,-0.009833820878176747,-1.0238522207088052,-1.3665497242608948,-0.03353406388495525,-0.29324870710312567,53,0.2641509433962264,0.662180417608004,-276.47640688970444,0.3608108108108108,0.5885135135135136,0.5868243243243243,0.39797297297297296,0.46851351351351356,False
USDCAD1440_comma,daily,20,300,long_only,fast_slope,0.001,-0.009448496751919944,-1.0743308626528763,-1.4625197596318813,-0.03919168109841316,-0.24108424255122107,166,0.28313253012048195,0.7971504646872527,-85.05531720531664,0.2902027027027027,0.5192567567567568,0.6010135135135135,0.6824324324324325,0.4684628378378378,False
USDCAD1440_comma,daily,50,500,long_short,combined,0.005,-0.011042097273298301,-1.0714986066999452,-1.439222749470614,-0.033335399256952385,-0.33124238855472465,126,0.25396825396825395,0.7521778655014207,-124.54140224985028,0.2962837837837838,0.5908783783783784,0.5560810810810811,0.6057432432432432,0.46831081081081083,False
USDCAD1440_comma,daily,60,500,long_short,price_slow,0.005,-0.015919157853581,-0.9131330358943089,-1.2084413578855786,-0.03897239761601653,-0.40847263261623623,61,0.14754098360655737,0.5964583964727854,-356.2766470562314,0.5388513513513513,0.5239864864864865,0.4277027027027027,0.24054054054054055,0.4681587837837838,False
USDCAD1440_comma,daily,10,500,long_short,price_slow,0.0025,-0.017967129771539248,-0.878842289962628,-1.178046869354877,-0.04017145038857249,-0.447261166767589,76,0.10526315789473684,0.5627598836871258,-309.03151559103503,0.6033783783783784,0.5077702702702702,0.36824324324324326,0.17432432432432432,0.46809121621621624,False
USDCAD1440_comma,daily,60,250,long_short,none,0.0,-0.01816552073055855,-0.792570351153529,-1.084943617577635,-0.056027361446987584,-0.3242258828795025,25,0.24,0.5588643513850279,-909.3769140876303,0.7445945945945946,0.2925675675675676,0.360472972972973,0.16587837837837838,0.4679560810810811,False
USDCAD1440_comma,daily,20,250,long_only,fast_slope,0.005,-0.008557708096583516,-1.0776995286444613,-1.4733179597057886,-0.03995480316840926,-0.21418471417598595,151,0.26490066225165565,0.7903701744191578,-85.248426228079,0.28547297297297297,0.5118243243243243,0.6253378378378378,0.6712837837837838,0.46790540540540543,False
USDCAD1440_comma,daily,50,200,long_only,combined,0.005,-0.010185391948222211,-1.086176735127907,-1.4738094736438552,-0.03135717862976739,-0.32481850706278825,106,0.24528301886792453,0.7423772610336329,-142.80958251484722,0.2756756756756757,0.6125,0.5773648648648648,0.5864864864864865,0.46684121621621627,False
USDCAD1440_comma,daily,10,100,long_short,price_slow,0.0,-0.019660714998102846,-0.8345634893396976,-1.152275321114379,-0.05947005990284996,-0.3305985403448476,171,0.19298245614035087,0.701030575469944,-151.30411439942858,0.6739864864864865,0.2304054054054054,0.3233108108108108,0.49864864864864866,0.46665540540540545,False
USDCAD1440_comma,daily,10,100,long_short,price_slow,0.001,-0.019405069729537816,-0.837159732544544,-1.1528799131176546,-0.058834253259469976,-0.32982605632738904,159,0.22012578616352202,0.6942328965657383,-161.02168571063078,0.668581081081081,0.24391891891891893,0.32972972972972975,0.4804054054054054,0.46641891891891896,False
USDCAD1440_comma,daily,50,250,long_short,slow_slope,0.005,-0.01645452220879584,-0.8783136522074774,-1.1609957737198298,-0.044098314420611524,-0.37313267921880044,67,0.1791044776119403,0.5600621560805602,-330.8015288399576,0.6043918918918919,0.4652027027027027,0.41283783783783784,0.16891891891891891,0.4659628378378379,False
USDCAD1440_comma,daily,100,400,long_only,fast_slope,0.0,-0.01088208229397658,-1.0215038534672045,-1.345108166686968,-0.03210206269182983,-0.3389838964069476,67,0.26865671641791045,0.6503033999596012,-210.01738000187373,0.3652027027027027,0.6050675675675675,0.5611486486486487,0.3675675675675676,0.46471283783783784,False
USDCAD1440_comma,daily,60,75,long_short,none,0.0,-0.021205067604913475,-0.8185817666452202,-1.1561783599397235,-0.05927200444211203,-0.35775857092235497,86,0.37209302325581395,0.6867631101202862,-322.4377660601294,0.7047297297297297,0.23378378378378378,0.2756756756756757,0.4608108108108108,0.46459459459459457,False
USDCAD1440_comma,daily,30,100,long_short,fast_slope,0.001,-0.01718976778641812,-0.9434442248184943,-1.273226139577584,-0.04980282836081243,-0.3451564570164847,190,0.2631578947368421,0.7680263711341241,-123.41844837736518,0.4814189189189189,0.3935810810810811,0.3902027027027027,0.6371621621621621,0.4645777027027027,False
USDCAD1440_comma,daily,60,75,long_only,combined,0.0025,-0.006735008384614716,-1.1045180164171762,-1.4916306922451863,-0.035421002782706386,-0.19014166329313953,62,0.3548387096774194,0.7240508156613109,-165.6218262377402,0.25236486486486487,0.5689189189189189,0.6878378378378378,0.5489864864864865,0.46309121621621624,False
USDCAD1440_comma,daily,100,400,long_only,fast_slope,0.001,-0.010999124152279438,-1.027494356450742,-1.3528030250765484,-0.031913474599034784,-0.34465454766282655,64,0.265625,0.6571276068206092,-220.70680311780418,0.3533783783783784,0.6070945945945946,0.5570945945945946,0.3864864864864865,0.4625168918918919,False
USDCAD1440_comma,daily,100,200,long_short,none,0.001,-0.019261660707367345,-0.8253643391496727,-1.1321737907631975,-0.05205706043024478,-0.37001053359855984,29,0.3103448275862069,0.5731817372933611,-810.9070253226532,0.6905405405405406,0.3570945945945946,0.3331081081081081,0.19763513513513514,0.46175675675675676,False
USDCAD1440_comma,daily,40,500,long_only,fast_slope,0.0025,-0.00991947513257374,-1.1098523780920342,-1.4925966961337847,-0.03177516498222734,-0.3121769828141555,116,0.2413793103448276,0.7622327165154205,-127.34089871899594,0.2462837837837838,0.6084459459459459,0.5837837837837838,0.6280405405405406,0.46158783783783786,False
USDCAD1440_comma,daily,10,100,long_short,price_slow,0.0025,-0.019167048815703858,-0.8494135520533599,-1.1600106993093153,-0.05873181488923539,-0.3263486553557342,143,0.23076923076923078,0.6935385422451558,-175.06843406238087,0.6537162162162162,0.24527027027027026,0.3344594594594595,0.4783783783783784,0.46145270270270267,False
USDCAD1440_comma,daily,75,100,long_only,slow_slope,0.001,-0.011702045708872011,-0.9840505379577539,-1.3018209903776157,-0.039973569905660235,-0.29274457438976464,60,0.2833333333333333,0.660485907416666,-256.02606471975025,0.41655405405405405,0.5111486486486486,0.539527027027027,0.39425675675675675,0.46145270270270267,False
USDCAD1440_comma,daily,100,500,long_short,price_slow,0.0,-0.017134115866520916,-0.9038429678273332,-1.1962928003330051,-0.04015433921755115,-0.4267064581411846,86,0.12790697674418605,0.5855998340882311,-270.1883782766956,0.5570945945945946,0.5084459459459459,0.39256756756756755,0.21858108108108107,0.46125000000000005,False
USDCAD1440_comma,daily,40,500,long_only,combined,0.001,-0.009343739521540995,-1.1289834838004706,-1.5287500233073863,-0.031959776959540415,-0.2923593469807293,116,0.19827586206896552,0.7727319789719337,-120.46074328045299,0.22635135135135134,0.606418918918919,0.606418918918919,0.643918918918919,0.4600168918918919,False
USDCAD1440_comma,daily,40,75,long_short,price_slow,0.0025,-0.016433927812544602,-0.92608418496219,-1.2479465790878492,-0.05143441363833987,-0.31951230022955956,143,0.2937062937062937,0.7191833675681172,-155.16366042565164,0.5118243243243243,0.3679054054054054,0.4135135135135135,0.5371621621621622,0.4599831081081081,False
USDCAD1440_comma,daily,30,100,long_short,fast_slope,0.0025,-0.015946583914886348,-0.9507678110752544,-1.2799552865178208,-0.05108217232975551,-0.3121751324893718,167,0.2694610778443114,0.757802830012907,-131.29923535764053,0.46959459459459457,0.375,0.4263513513513513,0.6195945945945946,0.4597972972972973,False
USDCAD1440_comma,daily,30,50,long_short,combined,0.0,-0.018029624761818352,-0.9546510219578436,-1.2775138779777633,-0.0490254654378622,-0.36776039963700446,244,0.24180327868852458,0.7849979192292786,-102.87800144030824,0.4631756756756757,0.40709459459459457,0.3652027027027027,0.664527027027027,0.4597635135135135,False
USDCAD1440_comma,daily,100,250,long_only,fast_slope,0.001,-0.011537551432739379,-0.9820401804387909,-1.3051304083881434,-0.036254708371437266,-0.31823594647444653,70,0.2571428571428571,0.6214710854006689,-215.92060226697117,0.42027027027027025,0.5577702702702703,0.5425675675675675,0.2902027027027027,0.4595945945945946,False
USDCAD1440_comma,daily,20,400,long_short,slow_slope,0.001,-0.01629626391784622,-0.9178511191036043,-1.2142974111772507,-0.04175833810441448,-0.3902517355240117,98,0.1836734693877551,0.6106678290453682,-225.90716934794258,0.529054054054054,0.4945945945945946,0.4185810810810811,0.26722972972972975,0.459070945945946,False
USDCAD1440_comma,daily,10,50,long_short,price_slow,0.0,-0.01993226841634521,-0.8471507508325613,-1.160200875260084,-0.0632390075106948,-0.31518945664943143,238,0.21008403361344538,0.7543447770402743,-115.32212040619028,0.6574324324324324,0.16385135135135134,0.3158783783783784,0.6108108108108108,0.45873310810810813,False
USDCAD1440_comma,daily,50,100,long_short,price_slow,0.0,-0.017608986479277222,-0.8749851117389932,-1.187064440256613,-0.056192931547049615,-0.3133665746648837,154,0.2012987012987013,0.6803139114866338,-151.80285785488385,0.6097972972972973,0.28952702702702704,0.38006756756756754,0.44222972972972974,0.4586486486486486,False
USDCAD1440_comma,daily,60,150,long_short,price_slow,0.001,-0.01748458585498014,-0.8871183149225438,-1.186048605230642,-0.05018575703670595,-0.34839737183185027,115,0.2,0.632204601082286,-204.70738723767613,0.5902027027027027,0.3881756756756757,0.3827702702702703,0.3222972972972973,0.4580236486486487,False
USDCAD1440_comma,daily,100,400,long_short,price_slow,0.0025,-0.016466217364855984,-0.9168104902952051,-1.2077378501655398,-0.04104362762862836,-0.40118815797292307,72,0.1111111111111111,0.6023887432152101,-313.8810412246503,0.5307432432432433,0.5016891891891891,0.4125,0.25101351351351353,0.45787162162162165,False
USDCAD1440_comma,daily,100,400,long_short,combined,0.0025,-0.011723305031652087,-1.0215886396237803,-1.3527408236946141,-0.03552002722290358,-0.33004774906514744,93,0.23655913978494625,0.6687357123547588,-183.2215368092182,0.36452702702702705,0.5675675675675675,0.5388513513513513,0.41486486486486485,0.4577027027027027,False
USDCAD1440_comma,daily,5,400,long_short,slow_slope,0.005,-0.0155785988668532,-0.9328524983596863,-1.2284533520060614,-0.04100053141150281,-0.3799609012502355,97,0.21649484536082475,0.6244100187150211,-220.77206518588687,0.49864864864864866,0.5020270270270271,0.43851351351351353,0.29864864864864865,0.45746621621621625,False
USDCAD1440_comma,daily,20,50,long_only,fast_slope,0.0,-0.009904376977210694,-1.0531433141820277,-1.4136349900772132,-0.045809777736283634,-0.21620661497700155,163,0.2883435582822086,0.7907538856617273,-90.49511521596952,0.3219594594594595,0.44324324324324327,0.5847972972972973,0.6722972972972973,0.4573986486486487,False
USDCAD1440_comma,daily,30,75,long_short,price_slow,0.0,-0.01933350791855215,-0.8833134326395289,-1.1991119462177062,-0.057124136838551935,-0.3384472657012535,177,0.21468926553672316,0.7285212255818855,-146.44797344190002,0.595945945945946,0.27297297297297296,0.3320945945945946,0.5621621621621622,0.45736486486486494,False
USDCAD1440_comma,daily,40,250,long_only,combined,0.001,-0.010598007401862564,-1.0788345624103295,-1.46438449555536,-0.03583751169015005,-0.295723863126787,119,0.25210084033613445,0.7472631940208319,-131.9599002005624,0.28344594594594597,0.5621621621621622,0.5695945945945946,0.5966216216216216,0.4573310810810811,False
USDCAD1440_comma,daily,20,400,long_short,none,0.005,-0.017815643533422243,-0.888183291592043,-1.1861775826102143,-0.041576305475781394,-0.4285047295460158,35,0.14285714285714285,0.5510613692621215,-684.630395147563,0.5881756756756756,0.4962837837837838,0.37466216216216214,0.15202702702702703,0.45707770270270265,False
USDCAD1440_comma,daily,20,200,long_short,price_slow,0.0,-0.02073591752662929,-0.8622882776470231,-1.1875880850492078,-0.049852953871759434,-0.415941602577249,120,0.125,0.6354110830055736,-220.7978217816732,0.6280405405405406,0.3929054054054054,0.2908783783783784,0.32804054054054055,0.4568243243243244,False
USDCAD1440_comma,daily,20,150,long_short,none,0.0,-0.01961842431088545,-0.8026186760164571,-1.1433581599511256,-0.05828695836281626,-0.33658342898539173,64,0.265625,0.5998576619215383,-402.524393214379,0.7293918918918919,0.2516891891891892,0.3256756756756757,0.2462837837837838,0.4567567567567568,False
USDCAD1440_comma,daily,100,300,long_short,none,0.001,-0.018841037812258765,-0.8281826190796168,-1.1176438077995143,-0.0543136863569263,-0.3468930038819963,20,0.2,0.5881742254677675,-1209.3599716651518,0.6851351351351351,0.3202702702702703,0.34459459459459457,0.22398648648648647,0.45663851351351353,False
USDCAD1440_comma,daily,100,250,long_only,fast_slope,0.0,-0.012127686669942572,-0.981782145806683,-1.3051982840654575,-0.0372694565553341,-0.32540551408192797,71,0.2535211267605634,0.627086654198782,-221.15438778766045,0.4206081081081081,0.5483108108108108,0.5253378378378378,0.30743243243243246,0.4565033783783784,False
USDCAD1440_comma,daily,60,400,long_short,combined,0.005,-0.011653528968490923,-1.0670777006388772,-1.4214199424063962,-0.03654461495992012,-0.31888498432044765,118,0.2796610169491525,0.74420951993908,-142.27462372983317,0.3016891891891892,0.5554054054054054,0.5408783783783784,0.5905405405405405,0.45628378378378376,False
USDCAD1440_comma,daily,20,300,long_short,price_slow,0.001,-0.019727180373220077,-0.8626247863152102,-1.169522625489283,-0.04641191535804879,-0.4250455991965213,99,0.1111111111111111,0.5833065166044505,-258.034881236195,0.6277027027027027,0.43344594594594593,0.32094594594594594,0.2168918918918919,0.45616554054054054,False
USDCAD1440_comma,daily,20,250,long_only,fast_slope,0.0,-0.00998765707999405,-1.0749630205399638,-1.4626054147299368,-0.04150784979615504,-0.24062092180258465,167,0.2634730538922156,0.7836213933891967,-89.01555995331532,0.28986486486486485,0.49763513513513513,0.5820945945945946,0.6611486486486486,0.45594594594594595,False
USDCAD1440_comma,daily,100,300,long_only,slow_slope,0.001,-0.012931188810896388,-0.9487828922373208,-1.238109298750765,-0.0415682188784,-0.31108354314444275,54,0.14814814814814814,0.6131896422554112,-348.78761604943764,0.47331081081081083,0.49695945945945946,0.5087837837837837,0.2699324324324324,0.4558108108108109,False
USDCAD1440_comma,daily,75,500,long_short,none,0.001,-0.018552665821921055,-0.8723759421198025,-1.177095951326502,-0.04397907305812914,-0.42185213402290567,25,0.2,0.5519045791700705,-971.1980691417729,0.6138513513513514,0.46621621621621623,0.35202702702702704,0.1527027027027027,0.4554054054054054,False
USDCAD1440_comma,daily,60,100,long_only,price_slow,0.001,-0.009688227349021084,-0.9695453621383352,-1.2981364053055078,-0.04605514748532785,-0.21036144444239457,77,0.23376623376623376,0.6405873131879046,-187.68598857819813,0.44054054054054054,0.43783783783783786,0.5932432432432433,0.34054054054054056,0.4554054054054054,False
USDCAD1440_comma,daily,30,100,long_short,combined,0.005,-0.014496147054472552,-1.0095146452003003,-1.3644113171325007,-0.04381378458437081,-0.3308581349907763,157,0.3057324840764331,0.7541811364577402,-129.43912617076427,0.3831081081081081,0.46959459459459457,0.46621621621621623,0.6101351351351352,0.45540540540540536,False
USDCAD1440_comma,daily,60,250,long_short,none,0.005,-0.017711503917647864,-0.856854411515084,-1.142135235503161,-0.05008954494993552,-0.353596822158207,29,0.20689655172413793,0.5653938546450328,-768.0815546287967,0.6381756756756757,0.3891891891891892,0.377027027027027,0.17972972972972973,0.4549324324324324,False
USDCAD1440_comma,daily,30,400,long_short,slow_slope,0.0,-0.016555580758992994,-0.9170867846002936,-1.2184068933727181,-0.04220858789126672,-0.39223251916509794,97,0.18556701030927836,0.6050880630424579,-234.28156586876352,0.5300675675675676,0.4902027027027027,0.4101351351351351,0.2554054054054054,0.4549155405405405,False
USDCAD1440_comma,daily,40,100,long_only,combined,0.001,-0.01087191974859436,-1.0686645683522336,-1.4518835252331137,-0.03675978543006332,-0.29575580002441904,126,0.23015873015873015,0.7281947524696579,-127.59223011822421,0.29864864864864865,0.5533783783783783,0.5614864864864865,0.5604729729729729,0.4541722972972973,False
USDCAD1440_comma,daily,30,100,long_short,price_slow,0.001,-0.018768533323640924,-0.8667391930263876,-1.1795946331912488,-0.05793606174101744,-0.3239525221361952,155,0.21935483870967742,0.6905185013563133,-161.21798737390046,0.6233108108108109,0.25844594594594594,0.34628378378378377,0.46993243243243243,0.45368243243243245,False
USDCAD1440_comma,daily,60,75,long_short,fast_slope,0.0025,-0.011021175672276451,-0.9404034946811469,-1.2658959099446812,-0.059823728114042574,-0.18422749667601246,111,0.38738738738738737,0.7531121899714515,-136.53904995928534,0.4871621621621622,0.22398648648648647,0.5564189189189189,0.6074324324324324,0.45326013513513513,False
USDCAD1440_comma,daily,75,400,long_short,slow_slope,0.001,-0.016393089107406333,-0.9279639802496195,-1.2273065660812457,-0.04302597479312858,-0.3810044789508029,88,0.20454545454545456,0.6269496487399584,-258.4680694838424,0.5091216216216217,0.4797297297297297,0.41621621621621624,0.3070945945945946,0.45288851351351356,False
USDCAD1440_comma,daily,40,300,long_only,fast_slope,0.001,-0.011642841030370499,-1.0651652203088333,-1.4458026722403994,-0.037442992707298534,-0.310948462944337,122,0.26229508196721313,0.7343807915266077,-140.32148480885286,0.3050675675675676,0.5459459459459459,0.5412162162162162,0.5733108108108108,0.4527533783783784,False
USDCAD1440_comma,daily,100,500,long_short,fast_slope,0.005,-0.012419788081193706,-1.0058426279226178,-1.3295042383691174,-0.035673916262919665,-0.34814759303853426,91,0.23076923076923078,0.6457028474671956,-196.7379948820561,0.3864864864864865,0.5652027027027027,0.518581081081081,0.35202702702702704,0.45241554054054056,False
USDCAD1440_comma,daily,20,500,long_short,price_slow,0.005,-0.01751524345265343,-0.9027759265162776,-1.2041229331216292,-0.03989801025233087,-0.4390004248803404,59,0.11864406779661017,0.5559478772393889,-396.9654649310842,0.5591216216216216,0.5135135135135135,0.3820945945945946,0.15844594594594594,0.4522128378378379,False
USDCAD1440_comma,daily,60,300,long_only,slow_slope,0.001,-0.0124616732687719,-0.9322995242535981,-1.2195280413162644,-0.0449610696195623,-0.2771658542427091,49,0.16326530612244897,0.5926072874171655,-371.7001824145064,0.5,0.4543918918918919,0.5179054054054054,0.23310810810810811,0.4521452702702703,False
USDCAD1440_comma,daily,20,500,long_only,combined,0.005,-0.00819755933769628,-1.1720875531515893,-1.5963137714901767,-0.03428495433693062,-0.2391007803929358,141,0.2695035460992908,0.7942564748460612,-87.68566603691343,0.19222972972972974,0.5800675675675676,0.6402027027027027,0.6780405405405405,0.45165540540540544,False
USDCAD1440_comma,daily,10,100,long_short,none,0.005,-0.01901044530064333,-0.8778781082725671,-1.1904598031330191,-0.05573663191654541,-0.3410763199525173,93,0.24731182795698925,0.6822222173544286,-269.95801133599355,0.6050675675675675,0.2962837837837838,0.33918918918918917,0.44797297297297295,0.45113175675675676,False
USDCAD1440_comma,daily,10,300,long_short,price_slow,0.0025,-0.0199365179048554,-0.8701201576005527,-1.1809648454441979,-0.046334077080076155,-0.4302776522428713,90,0.12222222222222222,0.5823177063170176,-288.07016674274615,0.6172297297297298,0.4341216216216216,0.31554054054054054,0.21486486486486486,0.4507601351351352,False
USDCAD1440_comma,daily,50,400,long_only,fast_slope,0.0025,-0.010359174981918962,-1.1058110269907404,-1.4821173761791513,-0.03273800568659495,-0.31642657408910757,102,0.2549019607843137,0.7344812550724076,-150.7488723661129,0.25033783783783786,0.597972972972973,0.5746621621621621,0.5736486486486486,0.45060810810810814,False
USDCAD1440_comma,daily,20,250,long_only,combined,0.005,-0.00848138370660001,-1.1227783392237745,-1.5308544293938802,-0.038607129792085665,-0.21968438866798812,142,0.28169014084507044,0.7813824738966483,-89.89373173465921,0.23412162162162162,0.5280405405405405,0.6280405405405406,0.658445945945946,0.4500337837837838,False
USDCAD1440_comma,daily,20,400,long_only,fast_slope,0.001,-0.009361264470926,-1.127672356400939,-1.5324822269101794,-0.03720630217550969,-0.25160426926511037,162,0.2839506172839506,0.7847255229025748,-86.40643682312464,0.22804054054054054,0.5496621621621621,0.6054054054054054,0.6628378378378378,0.4491385135135135,False
USDCAD1440_comma,daily,30,250,long_short,combined,0.0,-0.014506897801559782,-1.0379907482192283,-1.3871874499724945,-0.03992313034533255,-0.3633707496400216,164,0.21951219512195122,0.7546495844793977,-124.72362832427252,0.33952702702702703,0.5128378378378379,0.4652027027027027,0.6118243243243243,0.44883445945945954,False
USDCAD1440_comma,daily,60,200,long_only,combined,0.001,-0.011896580935870427,-1.0536528495114112,-1.422740550194058,-0.03866292366507805,-0.3076999825188055,116,0.29310344827586204,0.7221498060940637,-150.5147932570083,0.3212837837837838,0.5277027027027027,0.5324324324324324,0.5442567567567568,0.4485641891891892,False
USDCAD1440_comma,daily,10,250,long_short,price_slow,0.005,-0.019661521911264468,-0.8745948786572845,-1.1814393863227433,-0.04713488501573968,-0.4171331255968679,73,0.1095890410958904,0.586714663051616,-352.41961910284317,0.610472972972973,0.4266891891891892,0.32297297297297295,0.2206081081081081,0.4485472972972973,False
USDCAD1440_comma,daily,75,300,long_short,none,0.001,-0.019063574362005897,-0.8279807303683955,-1.122218175811363,-0.053673318994057216,-0.3551778559495574,21,0.23809523809523808,0.5560202013528865,-1142.7948164187685,0.6854729729729729,0.3320945945945946,0.3368243243243243,0.15878378378378377,0.44839527027027026,False
USDCAD1440_comma,daily,60,150,long_short,price_slow,0.0,-0.018023848472353166,-0.8828219291852675,-1.183007902902955,-0.051677603016536226,-0.3487748544874604,125,0.192,0.6252161230953406,-193.95615644102912,0.5969594594594595,0.3635135135135135,0.3658783783783784,0.3027027027027027,0.4482432432432433,False
USDCAD1440_comma,daily,75,250,long_short,slow_slope,0.0,-0.01821831331017143,-0.8654930760252341,-1.1462048870822177,-0.047578062649890895,-0.38291414772882115,75,0.2,0.5417312938150499,-325.2561513097507,0.625,0.42195945945945945,0.35912162162162165,0.13716216216216215,0.44788851351351355,False
USDCAD1440_comma,daily,40,75,long_only,combined,0.0,-0.010950030473998895,-1.0733448392955018,-1.4483071685319826,-0.03783700773102207,-0.2894000115400539,127,0.23622047244094488,0.7279774921455342,-127.42374611163984,0.2922297297297297,0.5405405405405406,0.5594594594594594,0.558445945945946,0.4476858108108108,False
USDCAD1440_comma,daily,75,400,long_short,none,0.0025,-0.018937524267681916,-0.8768815971771365,-1.1805974355727396,-0.04556076452904453,-0.4156542249331535,20,0.15,0.5588800731198236,-1195.1315656863967,0.6074324324324324,0.44594594594594594,0.34121621621621623,0.1662162162162162,0.44763513513513514,False
USDCAD1440_comma,daily,30,400,long_short,fast_slope,0.001,-0.014738684886842712,-1.0559273067470816,-1.4181982870269618,-0.03799488929254529,-0.3879122998190835,163,0.22085889570552147,0.7641154105460296,-126.8589198173281,0.31756756756756754,0.5361486486486486,0.4581081081081081,0.6307432432432433,0.4472972972972973,False
USDCAD1440_comma,daily,75,150,long_only,combined,0.0,-0.010692113044670548,-1.0038280740683587,-1.3449812405810804,-0.04429601148963843,-0.2413786859155843,104,0.25,0.6706509094178268,-152.2277567957129,0.3885135135135135,0.46216216216216216,0.5668918918918919,0.4195945945945946,0.4472635135135135,False
USDCAD1440_comma,daily,30,50,long_short,combined,0.005,-0.011611653293718827,-1.0760127548500011,-1.47581556041739,-0.04043627728270587,-0.2871593053073903,126,0.3253968253968254,0.7760290626858743,-133.67456039456556,0.2875,0.5050675675675675,0.5415540540540541,0.65,0.44707770270270275,False
USDCAD1440_comma,daily,50,500,long_short,price_slow,0.0025,-0.01741605874912111,-0.9075307525706424,-1.211480546720408,-0.041280471742700164,-0.42189582661929925,71,0.14084507042253522,0.5563427925951598,-329.57056373563034,0.5530405405405405,0.5003378378378378,0.38344594594594594,0.15945945945945947,0.4469087837837838,False
USDCAD1440_comma,daily,100,250,long_only,fast_slope,0.0025,-0.011428554386502254,-1.002074598969878,-1.3269588355120931,-0.03466706783563188,-0.3296660231170643,64,0.28125,0.6029721669019388,-245.98164387307293,0.3902027027027027,0.5753378378378379,0.5452702702702703,0.2516891891891892,0.44672297297297303,False
USDCAD1440_comma,daily,75,200,long_only,slow_slope,0.0025,-0.013347888362428728,-0.9696159301879749,-1.276199742925966,-0.036401348838422054,-0.36668664179663235,50,0.22,0.5827598392995407,-390.14366506709933,0.4402027027027027,0.5560810810810811,0.49594594594594593,0.21554054054054053,0.4466216216216216,False
USDCAD1440_comma,daily,20,300,long_only,combined,0.0025,-0.00839130335445859,-1.115717253121529,-1.5245361416397347,-0.04230436496514287,-0.19835549739069935,156,0.28205128205128205,0.7945193772861765,-81.01124313977748,0.24054054054054055,0.4885135135135135,0.6320945945945946,0.6783783783783783,0.4465202702702703,False
USDCAD1440_comma,daily,60,150,long_short,slow_slope,0.0025,-0.018199490282054476,-0.8938218696917263,-1.1937430769984365,-0.049298732425407096,-0.3691675097243474,94,0.2872340425531915,0.6207578329623846,-241.4893816393457,0.5773648648648648,0.40135135135135136,0.3597972972972973,0.2885135135135135,0.44652027027027025,False
USDCAD1440_comma,daily,100,300,long_only,slow_slope,0.0,-0.013498173524849055,-0.9510198476011765,-1.2384046083016296,-0.042545016301360525,-0.31726803039014007,55,0.14545454545454545,0.6075944965858598,-355.9785270295122,0.46824324324324323,0.4847972972972973,0.49358108108108106,0.2614864864864865,0.4464358108108108,False
USDCAD1440_comma,daily,75,200,long_only,fast_slope,0.001,-0.011437445347015074,-1.0120214674485848,-1.3488641013663292,-0.039076746602212026,-0.29269185235517103,92,0.29347826086956524,0.6493860853289655,-183.07212589628904,0.3787162162162162,0.5226351351351352,0.5449324324324324,0.36452702702702705,0.44581081081081075,False
USDCAD1440_comma,daily,40,100,long_only,fast_slope,0.005,-0.009371142051961767,-1.0972354772277733,-1.4908712050039865,-0.03618693957954791,-0.2589647580271789,81,0.25925925925925924,0.7164122861005103,-172.982599043659,0.26216216216216215,0.5591216216216216,0.6050675675675675,0.5307432432432433,0.4452702702702703,False
USDCAD1440_comma,daily,100,500,long_only,combined,0.0025,-0.009719671544268227,-1.079892939556697,-1.4232132257880625,-0.030945533853072967,-0.31408963860234196,72,0.2777777777777778,0.6643195738531618,-201.32446975398668,0.28175675675675677,0.6162162162162163,0.591554054054054,0.4010135135135135,0.44521959459459465,False
USDCAD1440_comma,daily,30,300,long_short,combined,0.001,-0.013233836382612219,-1.0536462382145073,-1.4177617647879102,-0.04232283703293243,-0.3126878373563343,161,0.2422360248447205,0.7629951388462116,-117.18171143580444,0.3216216216216216,0.48783783783783785,0.5006756756756757,0.6293918918918919,0.44515202702702705,False
USDCAD1440_comma,daily,60,200,long_only,combined,0.0,-0.012362019696525839,-1.0556814754269377,-1.4235520151158714,-0.03872432749136168,-0.3192313591316327,118,0.2966101694915254,0.7232074201958961,-153.2278279824934,0.31824324324324327,0.5266891891891892,0.5209459459459459,0.5456081081081081,0.44499999999999995,False
USDCAD1440_comma,daily,75,150,long_only,combined,0.0025,-0.009929790992821874,-1.0335182574738129,-1.3776873413154724,-0.040418218912916,-0.24567611487820218,81,0.2839506172839506,0.6716972599051927,-182.54050394073394,0.34628378378378377,0.5054054054054054,0.5834459459459459,0.42162162162162165,0.4447972972972973,False
USDCAD1440_comma,daily,30,150,long_short,slow_slope,0.0,-0.018962484320172557,-0.8699485874200179,-1.1736670278393468,-0.05374602350852595,-0.3528165077582802,121,0.3140495867768595,0.6279155743379073,-207.2889117353012,0.6175675675675676,0.3304054054054054,0.34054054054054056,0.31114864864864866,0.4444087837837839,False
USDCAD1440_comma,daily,40,75,long_only,combined,0.001,-0.010827254264359598,-1.0877673929388632,-1.4646275166414653,-0.03580099453845994,-0.30242886835806204,115,0.23478260869565218,0.7220075200307452,-139.26817166265292,0.27364864864864863,0.5628378378378378,0.5631756756756757,0.543581081081081,0.4443412162162162,False
USDCAD1440_comma,daily,40,300,long_only,slow_slope,0.005,-0.012148808789953836,-0.943897169327315,-1.2401654368306483,-0.04347333509002721,-0.27945426236094717,45,0.2,0.5697128345041388,-395.4862583572936,0.4797297297297297,0.475,0.525,0.1912162162162162,0.44432432432432434,False
USDCAD1440_comma,daily,40,400,long_short,none,0.005,-0.018693053912931634,-0.8882156592283361,-1.1930243576143738,-0.04292974117130134,-0.43543365049281957,26,0.15384615384615385,0.532916427318089,-895.265418872023,0.5878378378378378,0.4810810810810811,0.3493243243243243,0.12432432432432433,0.44391891891891894,False
USDCAD1440_comma,daily,75,300,long_only,slow_slope,0.001,-0.013139652040167538,-0.9520388099554385,-1.2390596085808139,-0.042998143415657636,-0.30558649737846066,53,0.16981132075471697,0.5968913733849152,-360.5458693236437,0.4668918918918919,0.48074324324324325,0.5033783783783784,0.24155405405405406,0.44385135135135134,False
USDCAD1440_comma,daily,20,100,long_short,slow_slope,0.001,-0.020774356409743677,-0.9003707952474952,-1.2304318576854842,-0.05009909098851011,-0.41466533623350843,137,0.21897810218978103,0.669278864635244,-205.67521526770636,0.5655405405405406,0.38885135135135135,0.28952702702702704,0.41655405405405405,0.4438175675675676,False
USDCAD1440_comma,daily,40,100,long_short,price_slow,0.0025,-0.01724491223518565,-0.8967866724672336,-1.2104679611683304,-0.05625295174315831,-0.30656013063853205,124,0.24193548387096775,0.6748715251478105,-185.34906744589014,0.5719594594594595,0.2891891891891892,0.3891891891891892,0.43074324324324326,0.44353040540540545,False
USDCAD1440_comma,daily,100,400,long_short,combined,0.005,-0.01186712466375317,-1.036282546225966,-1.3720572388833416,-0.03627671537448182,-0.32712787090147855,85,0.24705882352941178,0.6643277060070588,-203.57346552458753,0.3422297297297297,0.5574324324324325,0.5347972972972973,0.40168918918918917,0.4434628378378378,False
USDCAD1440_comma,daily,40,150,long_short,none,0.0025,-0.020091523620415996,-0.850108668503464,-1.1561130808270619,-0.05107152288016674,-0.3933997360438687,47,0.3191489361702128,0.5655252406483661,-572.4675010605719,0.6516891891891892,0.37533783783783786,0.30844594594594593,0.1810810810810811,0.4433614864864865,False
USDCAD1440_comma,daily,100,200,long_only,fast_slope,0.0025,-0.01172523600273545,-1.009602934182331,-1.3419931944401997,-0.03441674109668411,-0.34068408655533977,62,0.27419354838709675,0.6042811864192527,-244.3492889578691,0.3827702702702703,0.5773648648648648,0.5385135135135135,0.25405405405405407,0.4432601351351352,False
USDCAD1440_comma,daily,5,250,long_short,price_slow,0.0025,-0.020515118346907446,-0.860148279627445,-1.1723492767199402,-0.0510888966917125,-0.4015572790836047,90,0.12222222222222222,0.5999172656773183,-295.6481171501243,0.6320945945945946,0.37466216216216214,0.2976351351351351,0.24662162162162163,0.44302364864864874,False
USDCAD1440_comma,daily,30,100,long_short,slow_slope,0.001,-0.020520198430620695,-0.8916660481832508,-1.2211766148207808,-0.051146429471279016,-0.4012049060461531,134,0.21641791044776118,0.6562440259267615,-205.05303653872124,0.5824324324324325,0.37263513513513513,0.29695945945945945,0.3831081081081081,0.44298986486486486,False
USDCAD1440_comma,daily,40,250,long_only,combined,0.005,-0.010418324428131065,-1.0984453318334977,-1.4948960033565806,-0.03728906418282227,-0.2793935609928879,110,0.2545454545454545,0.7356131748947697,-140.52219777847336,0.2611486486486487,0.5476351351351352,0.572972972972973,0.5773648648648648,0.4425675675675676,False
USDCAD1440_comma,daily,30,150,long_short,fast_slope,0.005,-0.014911207789679248,-1.0042475618687143,-1.3469690212165837,-0.04630307417659996,-0.3220349416284519,148,0.32432432432432434,0.7402889381934893,-140.63394782984005,0.3878378378378378,0.4347972972972973,0.45506756756756755,0.5841216216216216,0.44246621621621623,False
USDCAD1440_comma,daily,40,400,long_only,fast_slope,0.001,-0.010603429598311398,-1.1145492070881995,-1.5024446495661752,-0.03481076061935335,-0.3046020658455917,123,0.2764227642276423,0.7430179789010829,-127.72873709215153,0.2418918918918919,0.5739864864864865,0.5692567567567568,0.5875,0.4422297297297298,False
USDCAD1440_comma,daily,10,50,long_short,slow_slope,0.001,-0.020875310597039176,-0.9121899220694196,-1.2440154914097539,-0.054104884784164406,-0.3858304232661268,204,0.25980392156862747,0.7393300692899171,-138.21882042752583,0.5415540540540541,0.3236486486486487,0.28581081081081083,0.5827702702702703,0.44211148648648657,False
USDCAD1440_comma,daily,20,200,long_short,none,0.005,-0.0197458369909832,-0.8651843890259479,-1.1807089354674585,-0.04963756134920356,-0.3978003039285093,46,0.17391304347826086,0.568965485272087,-566.5572186471677,0.6253378378378378,0.39763513513513515,0.3202702702702703,0.18952702702702703,0.442027027027027,False
USDCAD1440_comma,daily,100,250,long_short,slow_slope,0.0025,-0.01764303273103196,-0.8901862875470481,-1.1704870962221037,-0.04593131902040168,-0.38411770241554166,72,0.2361111111111111,0.5496636481983569,-329.5835651183399,0.5844594594594594,0.4402027027027027,0.37804054054054054,0.1489864864864865,0.44179054054054057,False
USDCAD1440_comma,daily,60,150,long_short,none,0.0025,-0.019056771708617415,-0.8555443003653073,-1.1534104133614183,-0.05161065340529566,-0.36924104717228867,39,0.358974358974359,0.5651547706763081,-622.0989288862744,0.6402027027027027,0.36452702702702705,0.33716216216216216,0.17905405405405406,0.44150337837837844,False
USDCAD1440_comma,daily,40,400,long_short,none,0.0,-0.020318232086290577,-0.8657144034773083,-1.1915725933434111,-0.04394003979785177,-0.4624081402694573,24,0.16666666666666666,0.5077969471878218,-1060.4445565327871,0.6246621621621622,0.4672297297297297,0.30405405405405406,0.09324324324324325,0.4414695945945946,False
USDCAD1440_comma,daily,20,500,long_only,combined,0.0025,-0.009001929564322109,-1.1651145943666312,-1.5789171417702232,-0.036200931609494835,-0.24866568798359512,150,0.26,0.7823470532510742,-89.97541235783191,0.19797297297297298,0.5587837837837838,0.6165540540540541,0.6597972972972973,0.4411655405405405,False
USDCAD1440_comma,daily,5,250,long_short,none,0.001,-0.021347276986153796,-0.8525158932076724,-1.1817215327842956,-0.05172011773412324,-0.41274610193065286,87,0.12643678160919541,0.5974351768504742,-311.6849935998712,0.6493243243243243,0.36283783783783785,0.27094594594594595,0.24256756756756756,0.44101351351351353,False
USDCAD1440_comma,daily,40,500,long_short,price_slow,0.0025,-0.01804140887352068,-0.9068008932720415,-1.2133875794471776,-0.0428653627407864,-0.4208854823559973,77,0.12987012987012986,0.5610759265569017,-312.59337673056547,0.5537162162162163,0.4820945945945946,0.36452702702702705,0.17060810810810811,0.44050675675675677,False
USDCAD1440_comma,daily,50,250,long_only,fast_slope,0.005,-0.01134861729681269,-1.0877368852473117,-1.466668516105073,-0.035391237549775724,-0.3206617819128681,99,0.25252525252525254,0.7133703519053199,-168.9166866196261,0.2739864864864865,0.5692567567567568,0.547972972972973,0.5246621621621622,0.4402027027027027,False
USDCAD1440_comma,daily,60,500,long_short,combined,0.0025,-0.012871192389757868,-1.0762983711836203,-1.4400363797679268,-0.03582609686816943,-0.35926862022174666,123,0.23577235772357724,0.7238420608689347,-148.88137976032925,0.28716216216216217,0.5625,0.5094594594594595,0.547972972972973,0.4395777027027027,False
USDCAD1440_comma,daily,30,250,long_short,price_slow,0.0,-0.020455761506029235,-0.8615534853597177,-1.1746489032499963,-0.051914441651148835,-0.39402834462684744,108,0.12037037037037036,0.6021529944505526,-245.77445260382592,0.6293918918918919,0.3601351351351351,0.3,0.25033783783783786,0.43934121621621625,False
USDCAD1440_comma,daily,40,75,long_short,fast_slope,0.0,-0.019021529661468528,-0.9331639107137433,-1.2638091804679903,-0.05390896460957728,-0.3528453903581229,213,0.27230046948356806,0.7488758225001004,-116.90069072138961,0.497972972972973,0.3277027027027027,0.33885135135135136,0.6,0.43888513513513516,False
USDCAD1440_comma,daily,40,400,long_short,none,0.001,-0.020126327660795584,-0.8690922511473472,-1.1941170548546376,-0.043853003687199535,-0.4589498088741035,24,0.16666666666666666,0.5023487794281278,-1046.6202006208998,0.6189189189189189,0.4685810810810811,0.3070945945945946,0.0831081081081081,0.43859797297297304,False
USDCAD1440_comma,daily,10,500,long_short,price_slow,0.005,-0.01815376636010635,-0.9033684576429893,-1.2041247557363486,-0.04157560561103263,-0.4366446644204507,64,0.125,0.5331721801126028,-377.94452199842095,0.5577702702702703,0.4966216216216216,0.36114864864864865,0.12466216216216217,0.4381925675675675,False
USDCAD1440_comma,daily,40,250,long_only,combined,0.0,-0.011246328930640703,-1.0887263712766122,-1.476399974462797,-0.038415703679583205,-0.29275342772434465,121,0.24793388429752067,0.7347646734876931,-137.06199499036234,0.2719594594594595,0.5314189189189189,0.5516891891891892,0.5746621621621621,0.43817567567567567,False
USDCAD1440_comma,daily,30,300,long_short,fast_slope,0.0,-0.01619266038005973,-1.0243761449082096,-1.3768187736108113,-0.04342407987072395,-0.37289587777717426,174,0.2471264367816092,0.7526272323406228,-126.72758292272673,0.35945945945945945,0.4756756756756757,0.42027027027027025,0.6067567567567568,0.43777027027027027,False
USDCAD1440_comma,daily,75,100,long_only,none,0.0025,-0.011328396788662487,-1.0253159740363973,-1.3685436367038823,-0.03917649811978337,-0.28916307818084097,35,0.4,0.6497562424064062,-437.7042301078706,0.35743243243243245,0.5199324324324325,0.5489864864864865,0.3662162162162162,0.4376858108108108,False
USDCAD1440_comma,daily,40,150,long_short,price_slow,0.005,-0.017004897266293284,-0.9029431087299346,-1.208958550554652,-0.05073685649033279,-0.3351586685220306,87,0.2413793103448276,0.6062708418494117,-266.76437262328585,0.558445945945946,0.38141891891891894,0.39966216216216216,0.2577702702702703,0.4373310810810811,False
USDCAD1440_comma,daily,20,400,long_only,fast_slope,0.005,-0.00873827203868327,-1.1553745475037602,-1.5776987143460863,-0.03791540103216577,-0.2304676147634599,147,0.272108843537415,0.7726130660633689,-89.29644174395645,0.20439189189189189,0.5381756756756757,0.6226351351351351,0.6429054054054054,0.4372635135135135,False
USDCAD1440_comma,daily,40,250,long_only,fast_slope,0.001,-0.012369915917670005,-1.073901567912561,-1.456448274239527,-0.038346723010417784,-0.32258078256933265,122,0.2540983606557377,0.7280113611271336,-148.29003255181746,0.2905405405405405,0.5317567567567567,0.5202702702702703,0.5591216216216216,0.43707770270270263,False
USDCAD1440_comma,daily,40,150,long_only,combined,0.0,-0.011595398172905669,-1.0758521712787432,-1.4605800331212861,-0.039931883589631754,-0.2903794444576713,130,0.2692307692307692,0.7313852578720558,-131.1954720872623,0.2881756756756757,0.5125,0.5422297297297297,0.5679054054054054,0.437027027027027,False
USDCAD1440_comma,daily,75,150,long_only,fast_slope,0.0025,-0.010916446340555552,-1.0346262075501,-1.381603937110513,-0.03936354292921436,-0.27732377545857834,79,0.27848101265822783,0.6554818534555393,-204.2680023756419,0.34493243243243243,0.5182432432432432,0.5604729729729729,0.3820945945945946,0.43694256756756755,False
USDCAD1440_comma,daily,40,400,long_short,combined,0.0025,-0.01189340415521567,-1.085682542717537,-1.4702637932267553,-0.03909963009075647,-0.3041820121471529,143,0.2727272727272727,0.7458013471400604,-117.82583805891989,0.27635135135135136,0.5219594594594594,0.5331081081081082,0.5949324324324324,0.43689189189189187,False
USDCAD1440_comma,daily,10,400,long_short,none,0.0,-0.020800225687240714,-0.8732417119313773,-1.1881102387000457,-0.046172873726757026,-0.4504858374276811,59,0.11864406779661017,0.5588171219706349,-454.9801127950806,0.6128378378378379,0.43648648648648647,0.2885135135135135,0.16554054054054054,0.43679054054054056,False
USDCAD1440_comma,daily,100,200,long_only,fast_slope,0.005,-0.009254332180699487,-1.0340441800540205,-1.3837070214615474,-0.03403380806752892,-0.27191585973386534,51,0.3333333333333333,0.5762631400875223,-249.464397925662,0.3452702702702703,0.5831081081081081,0.6087837837837838,0.20472972972972972,0.4363513513513514,False
USDCAD1440_comma,daily,30,50,long_short,price_slow,0.001,-0.01920750949263006,-0.941522618535709,-1.2651497492469144,-0.05387135658760555,-0.35654400982820666,209,0.22966507177033493,0.758974044009895,-127.48040717173785,0.4847972972972973,0.32804054054054055,0.33344594594594595,0.6229729729729729,0.4360641891891892,False
USDCAD1440_comma,daily,30,75,long_short,combined,0.0025,-0.01609723751207548,-0.9916188043511751,-1.3372026401783443,-0.04994533176079125,-0.32229713858287645,190,0.25263157894736843,0.752787814077942,-116.00047171140042,0.4060810810810811,0.3918918918918919,0.422972972972973,0.6070945945945946,0.4360641891891892,False
USDCAD1440_comma,daily,75,500,long_short,combined,0.005,-0.011680568535803015,-1.0737421916511138,-1.4229154965978552,-0.03457070417451575,-0.3378747646226281,100,0.21,0.6828817804748942,-168.8200494623158,0.2908783783783784,0.5763513513513514,0.5402027027027027,0.4503378378378378,0.4360304054054054,False
USDCAD1440_comma,daily,60,250,long_only,fast_slope,0.005,-0.011099333162201797,-1.0791681147602317,-1.4482620788946108,-0.03851212863126744,-0.28820357525474216,97,0.29896907216494845,0.7155507763626073,-168.92214892237214,0.2827702702702703,0.5293918918918918,0.5550675675675676,0.5293918918918918,0.4358783783783784,False
USDCAD1440_comma,daily,30,300,long_short,combined,0.0,-0.013706224408419176,-1.0598605311105411,-1.4249226551053598,-0.043319635020408025,-0.3163975043178948,165,0.23030303030303031,0.7611443992336651,-115.51675328357985,0.3125,0.47702702702702704,0.4885135135135135,0.6260135135135135,0.43586148648648654,False
USDCAD1440_comma,daily,5,75,long_short,price_slow,0.005,-0.02001447643251486,-0.8995263126779184,-1.2124611694374106,-0.05653023707524624,-0.35404904468866816,161,0.2484472049689441,0.7021825216071231,-167.25917896837046,0.5672297297297297,0.28581081081081083,0.3108108108108108,0.5016891891891891,0.4357601351351352,False
USDCAD1440_comma,daily,20,500,long_only,combined,0.001,-0.009317395396155503,-1.166419596658424,-1.5811190883399007,-0.03730421092136136,-0.24976792608740372,155,0.2645161290322581,0.7786074537827246,-89.91458232262133,0.19763513513513514,0.5472972972972973,0.6074324324324324,0.6543918918918918,0.4355236486486486,False
USDCAD1440_comma,daily,100,250,long_only,combined,0.001,-0.011489132746826947,-1.0152766195822491,-1.3436245271875924,-0.03668772194305207,-0.3131601565412202,67,0.2835820895522388,0.6033163597009714,-252.42267377737267,0.37398648648648647,0.5537162162162163,0.5442567567567568,0.25304054054054054,0.4348310810810811,False
USDCAD1440_comma,daily,30,200,long_short,fast_slope,0.0025,-0.01641718718457197,-1.003173575944694,-1.3533980758646087,-0.04674930017864812,-0.35117503624300705,166,0.25903614457831325,0.743238584152498,-135.7309389532193,0.3891891891891892,0.4314189189189189,0.41486486486486485,0.5885135135135136,0.4347804054054054,False
USDCAD1440_comma,daily,100,400,long_short,slow_slope,0.0,-0.017165451842835133,-0.9334567066994695,-1.224753711076651,-0.043622987610228675,-0.3934955578056326,90,0.2222222222222222,0.6084064550525113,-262.8108610830433,0.4972972972972973,0.47195945945945944,0.39087837837837835,0.2635135135135135,0.4346114864864865,False
USDCAD1440_comma,daily,20,50,long_short,slow_slope,0.0,-0.022001094161315016,-0.9153687861791684,-1.25161692513528,-0.05334342758350194,-0.4124424537001352,210,0.2619047619047619,0.7337505426684385,-139.97495769538241,0.5347972972972973,0.3385135135135135,0.25101351351351353,0.5722972972972973,0.4345945945945946,False
USDCAD1440_comma,daily,10,500,long_short,price_slow,0.001,-0.01982712746124038,-0.8957303526174507,-1.2049791410646926,-0.04355633433563757,-0.4552065219367628,92,0.09782608695652174,0.5521623963645362,-277.7444540807861,0.5743243243243243,0.47331081081081083,0.31722972972972974,0.15304054054054053,0.4344594594594595,False
USDCAD1440_comma,daily,5,250,long_short,none,0.0025,-0.02098820857704231,-0.8611950592542058,-1.177168933742749,-0.05136594189478362,-0.40860164931919085,79,0.1518987341772152,0.5880658492267381,-343.6747465363652,0.6297297297297297,0.36925675675675673,0.28209459459459457,0.22364864864864864,0.4341722972972973,False
USDCAD1440_comma,daily,20,400,long_short,price_slow,0.0025,-0.019080642929883318,-0.901603416367793,-1.2045139151540052,-0.04430842942140985,-0.4306323464641594,68,0.11764705882352941,0.5621769859195669,-375.69731955820845,0.5631756756756757,0.4618243243243243,0.3364864864864865,0.17364864864864865,0.43407094594594603,False
USDCAD1440_comma,daily,40,100,long_short,price_slow,0.005,-0.01566418747212972,-0.9292697365718592,-1.2528189912264305,-0.05392083168083338,-0.29050344706937614,103,0.24271844660194175,0.6688960773775816,-205.3468490722007,0.5064189189189189,0.3266891891891892,0.43614864864864866,0.4155405405405405,0.4338006756756757,False
USDCAD1440_comma,daily,20,50,long_only,combined,0.0,-0.0101696621058609,-1.1249058012904132,-1.522217275749371,-0.03987563815942302,-0.2550344665382541,170,0.2647058823529412,0.7729544306884232,-88.91876902715936,0.23209459459459458,0.5138513513513514,0.5783783783783784,0.6449324324324325,0.4337162162162162,False
USDCAD1440_comma,daily,20,250,long_short,price_slow,0.0025,-0.02093274750380336,-0.8745393178031726,-1.1886323839310884,-0.05076579465607325,-0.4123396008201582,102,0.14705882352941177,0.600690799884325,-266.83771504180436,0.6108108108108108,0.3810810810810811,0.28344594594594597,0.24797297297297297,0.43347972972972976,False
USDCAD1440_comma,daily,20,300,long_only,combined,0.001,-0.009105844689657139,-1.1259791164403472,-1.5344388227221215,-0.043351092288482676,-0.21004879482762973,161,0.2795031055900621,0.7848863372039768,-84.7306174242554,0.23006756756756758,0.4760135135135135,0.6141891891891892,0.6638513513513513,0.433445945945946,False
USDCAD1440_comma,daily,75,250,long_short,slow_slope,0.001,-0.018523883114946238,-0.8805498503045274,-1.160967822880661,-0.048411259123778666,-0.3826358464997591,72,0.19444444444444445,0.5324020971883828,-343.6188339903881,0.6010135135135135,0.4135135135135135,0.3527027027027027,0.12297297297297298,0.4327702702702703,False
USDCAD1440_comma,daily,75,100,long_short,none,0.0,-0.02276558733517342,-0.8445220805321298,-1.1916265028173136,-0.050779610204049856,-0.44832142751182014,73,0.3972602739726027,0.5674418571430978,-430.35748076039727,0.6611486486486486,0.38074324324324327,0.225,0.18614864864864866,0.43256756756756753,False
USDCAD1440_comma,daily,30,300,long_short,fast_slope,0.0025,-0.01564844977591373,-1.034781559812942,-1.3903981222603048,-0.04350166755030686,-0.35972068789816647,158,0.22151898734177214,0.7453196873577413,-137.6787194262405,0.34425675675675677,0.4739864864864865,0.43648648648648647,0.5935810810810811,0.4325337837837838,False
USDCAD1440_comma,daily,60,150,long_only,combined,0.001,-0.011155085599439674,-1.044455642303528,-1.4104553804393238,-0.04228620675089467,-0.26379962774040167,111,0.25225225225225223,0.6818875586824514,-148.2972743798036,0.3304054054054054,0.48952702702702705,0.5533783783783783,0.4466216216216216,0.4322128378378378,False
USDCAD1440_comma,daily,20,400,long_short,slow_slope,0.0,-0.01723386920322545,-0.9260223738159115,-1.2257221764746506,-0.04498154551953138,-0.3831319934470093,104,0.21153846153846154,0.595710669476496,-223.78612711054762,0.5125,0.4537162162162162,0.389527027027027,0.23817567567567569,0.4320608108108108,False
USDCAD1440_comma,daily,30,150,long_short,fast_slope,0.0,-0.018300684664843248,-0.996195334294339,-1.3375484820836858,-0.04651798987457959,-0.39341090864383876,187,0.2727272727272727,0.7544734600146217,-131.78943862038867,0.40135135135135136,0.4331081081081081,0.35743243243243245,0.6111486486486486,0.4319763513513514,False
USDCAD1440_comma,daily,60,300,long_only,fast_slope,0.005,-0.011399687964468885,-1.073495448076451,-1.4292212094700176,-0.04088390762870721,-0.2788306848747607,96,0.3125,0.714869266562958,-174.91351526357093,0.2918918918918919,0.5027027027027027,0.5459459459459459,0.5287162162162162,0.4309290540540541,False
USDCAD1440_comma,daily,50,100,long_only,fast_slope,0.005,-0.009348849006895699,-1.1000261044658812,-1.48858738555627,-0.03715475037211547,-0.25161921189792147,66,0.22727272727272727,0.6854835385339818,-211.82666399194343,0.2587837837837838,0.5510135135135135,0.606081081081081,0.4557432432432432,0.43084459459459457,False
USDCAD1440_comma,daily,60,100,long_only,fast_slope,0.001,-0.011102616427112522,-1.0108981164413988,-1.3584970373292145,-0.04725886389551112,-0.23493193682481017,91,0.3076923076923077,0.6666744304295795,-180.10878358893004,0.38074324324324327,0.4246621621621622,0.5543918918918919,0.4081081081081081,0.43055743243243244,False
USDCAD1440_comma,daily,50,75,long_short,price_slow,0.005,-0.011767022704879393,-1.0329141034383367,-1.4026863141862616,-0.046041492768507636,-0.25557430911380075,75,0.3466666666666667,0.699779551273042,-214.23691201550247,0.34797297297297297,0.43851351351351353,0.5368243243243244,0.49358108108108106,0.4302195945945946,False
USDCAD1440_comma,daily,10,75,long_short,none,0.001,-0.022381172043435815,-0.8615543968908795,-1.2067316160787602,-0.05884543250343769,-0.3803383047975445,112,0.26785714285714285,0.6885587689733925,-266.35812245650726,0.629054054054054,0.2435810810810811,0.2391891891891892,0.46418918918918917,0.4299831081081081,False
USDCAD1440_comma,daily,50,75,long_short,slow_slope,0.0025,-0.0163690409045264,-0.9101402754844287,-1.2185449432479207,-0.059022373763666675,-0.2773362008459739,114,0.3157894736842105,0.6863018262856435,-194.34638612610746,0.5445945945945946,0.23851351351351352,0.4172297297297297,0.46013513513513515,0.4299324324324324,False
USDCAD1440_comma,daily,50,400,long_only,fast_slope,0.005,-0.010700219590527027,-1.147884527684138,-1.532538021969213,-0.03225169134681824,-0.33177235498945845,96,0.23958333333333334,0.7232814800701253,-165.0285825858023,0.2097972972972973,0.6030405405405406,0.5658783783783784,0.5459459459459459,0.42974662162162164,False
USDCAD1440_comma,daily,10,500,long_short,price_slow,0.0,-0.02009462553514385,-0.8941872670092942,-1.206251385003657,-0.04465307466630248,-0.45001661554805084,103,0.10679611650485436,0.5541341398450765,-253.2163471117794,0.5760135135135135,0.4577702702702703,0.3081081081081081,0.15506756756756757,0.4297297297297298,False
USDCAD1440_comma,daily,60,400,long_short,slow_slope,0.005,-0.015818395314949885,-0.952730140659095,-1.2530197164944443,-0.04028403028788196,-0.3926716170628115,73,0.2054794520547945,0.5745140651350447,-300.54795506987756,0.4648648648648649,0.5064189189189189,0.43108108108108106,0.20135135135135135,0.4289695945945946,False
USDCAD1440_comma,daily,40,250,long_only,combined,0.0025,-0.011497327543651292,-1.1051583974657386,-1.4970287432682776,-0.037912192428225897,-0.3032620064222783,118,0.2542372881355932,0.7297465747143521,-143.4183230324211,0.25135135135135134,0.5385135135135135,0.543918918918919,0.5638513513513513,0.42853040540540543,False
USDCAD1440_comma,daily,30,75,long_short,price_slow,0.001,-0.01979878757857323,-0.9051223373457556,-1.2262889829377195,-0.058234730888967266,-0.33998246881783334,168,0.23809523809523808,0.7145397502954163,-157.87202221670958,0.5557432432432432,0.25304054054054054,0.3179054054054054,0.5280405405405405,0.42834459459459456,False
USDCAD1440_comma,daily,40,150,long_only,combined,0.0025,-0.011527025249058243,-1.0999901718459628,-1.4912044188450628,-0.03912900828898826,-0.2945902733829877,126,0.2619047619047619,0.7304110727482408,-134.6299206989979,0.2591216216216216,0.5212837837837838,0.543581081081081,0.5662162162162162,0.42761824324324327,False
USDCAD1440_comma,daily,10,400,long_short,none,0.0025,-0.02042682824743136,-0.8933128559049979,-1.2002256988241777,-0.044763855859666364,-0.456324144896476,53,0.11320754716981132,0.5459536561260244,-506.9501561312592,0.5787162162162162,0.45675675675675675,0.3013513513513513,0.14425675675675675,0.4275844594594595,False
USDCAD1440_comma,daily,30,100,long_short,slow_slope,0.0,-0.021381686591351867,-0.8932527084179106,-1.2274547141331529,-0.0516492224172407,-0.41397886726392574,139,0.2302158273381295,0.6405356962524923,-204.74778765916017,0.5790540540540541,0.3638513513513513,0.2695945945945946,0.3402027027027027,0.4275337837837838,False
USDCAD1440_comma,daily,50,300,long_only,combined,0.0,-0.01093823744375122,-1.0976519166590397,-1.4696883574737674,-0.039664626804043514,-0.2757680665392306,106,0.2641509433962264,0.7236336651237835,-152.51689361546804,0.2614864864864865,0.5152027027027027,0.5597972972972973,0.5469594594594595,0.4273986486486487,False
USDCAD1440_comma,daily,10,200,long_short,none,0.001,-0.022422917889053262,-0.8596313946335831,-1.1975657281668421,-0.05122009790672952,-0.43777577172704396,69,0.18840579710144928,0.5874336753912129,-418.33645087481773,0.6337837837837837,0.3712837837837838,0.23783783783783785,0.22195945945945947,0.427195945945946,False
USDCAD1440_comma,daily,75,300,long_short,none,0.0,-0.019968303511511243,-0.8293466136984068,-1.128574204146508,-0.056491256201507495,-0.35347600414979585,19,0.2631578947368421,0.538874321742961,-1351.2538081263156,0.6824324324324325,0.28716216216216217,0.31216216216216214,0.13108108108108107,0.42685810810810815,True
USDCAD1440_comma,daily,30,150,long_short,combined,0.0,-0.015746370242988306,-1.0168528898910987,-1.3692550433045223,-0.048063266207056546,-0.3276175650475551,184,0.266304347826087,0.7381234795498527,-118.48161453536079,0.3716216216216216,0.4172297297297297,0.43344594594594593,0.581081081081081,0.4268074324324324,False
USDCAD1440_comma,daily,40,500,long_only,fast_slope,0.001,-0.011595648837814054,-1.1334462125379077,-1.5251540172356963,-0.03561922910296738,-0.3255446322067661,120,0.25,0.7371561504585779,-142.13123860059216,0.22466216216216217,0.566554054054054,0.5418918918918919,0.5793918918918919,0.42679054054054055,False
USDCAD1440_comma,daily,5,150,long_short,slow_slope,0.0025,-0.01874895189889303,-0.8868757065206118,-1.1878949058733868,-0.05665628673300685,-0.330924474229093,138,0.2536231884057971,0.6365846056329816,-181.6395725986624,0.5912162162162162,0.28378378378378377,0.3472972972972973,0.3320945945945946,0.4267060810810811,False
USDCAD1440_comma,daily,60,150,long_only,combined,0.0,-0.011372810877739448,-1.0402546118087506,-1.403801725557179,-0.04510483280215737,-0.25214173673193363,116,0.25862068965517243,0.6902465673279031,-144.44327608551217,0.33513513513513515,0.452027027027027,0.5469594594594595,0.46824324324324323,0.4266891891891892,False
USDCAD1440_comma,daily,50,150,long_short,price_slow,0.001,-0.018715943313709626,-0.8932355364331023,-1.1986971990275728,-0.0538548040520234,-0.34752597550313513,119,0.21008403361344538,0.619623417090017,-211.73678510801167,0.5793918918918919,0.32837837837837835,0.34797297297297297,0.2868243243243243,0.4264695945945946,False
USDCAD1440_comma,daily,50,250,long_short,price_slow,0.0,-0.01952465171610185,-0.8711251696159155,-1.1774971171339448,-0.053127040192193456,-0.36750874216724805,105,0.12380952380952381,0.5692010932026655,-243.033324099468,0.6168918918918919,0.3422297297297297,0.3273648648648649,0.1902027027027027,0.4263175675675676,False
USDCAD1440_comma,daily,20,75,long_short,slow_slope,0.001,-0.01963259125486927,-0.8924373860240978,-1.2122408252324086,-0.05940104251120054,-0.3305092036249597,167,0.25748502994011974,0.6917502881094084,-155.64494421836127,0.5800675675675676,0.23175675675675675,0.32432432432432434,0.4722972972972973,0.42567567567567566,False
USDCAD1440_comma,daily,30,500,long_short,fast_slope,0.0025,-0.015033475758985393,-1.0826769817519188,-1.4590574002289187,-0.03885885585479878,-0.3868738651276803,153,0.22875816993464052,0.7538666948119622,-138.77192608493274,0.27871621621621623,0.5263513513513514,0.4527027027027027,0.6094594594594595,0.4250337837837838,False
USDCAD1440_comma,daily,75,250,long_only,fast_slope,0.005,-0.010640918151615053,-1.0613466581009523,-1.4097456597491047,-0.040171419777640896,-0.26488777868731705,80,0.3125,0.6625843419071097,-197.02282597558863,0.31114864864864866,0.5081081081081081,0.5685810810810811,0.39864864864864863,0.425,False
USDCAD1440_comma,daily,100,500,long_short,price_slow,0.001,-0.018085206510108143,-0.9375272453927423,-1.2352296827195564,-0.04076421499286995,-0.44365398703915715,82,0.12195121951219512,0.5740571838607794,-298.48639464580526,0.4905405405405405,0.5033783783783784,0.36283783783783785,0.20101351351351351,0.4247804054054054,False
USDCAD1440_comma,daily,20,500,long_only,fast_slope,0.0,-0.010925078957972123,-1.1384523816422827,-1.5339245104872383,-0.039331062972482574,-0.27777227799858095,172,0.27325581395348836,0.7674871538035759,-93.88899326513793,0.21858108108108107,0.518581081081081,0.5601351351351351,0.6364864864864865,0.4245777027027027,False
USDCAD1440_comma,daily,60,150,long_short,none,0.005,-0.01732626141270588,-0.8891637414294161,-1.180585653921166,-0.052076162943669665,-0.33271002380585424,35,0.34285714285714286,0.5557134721390603,-619.351922598671,0.5864864864864865,0.3554054054054054,0.3858108108108108,0.1581081081081081,0.4243243243243243,False
USDCAD1440_comma,daily,60,400,long_short,none,0.001,-0.020836399495551716,-0.882210388716583,-1.2090876612330952,-0.045930047975845135,-0.4536550779679066,22,0.18181818181818182,0.5260628916272403,-1183.991676055013,0.597972972972973,0.44054054054054054,0.28716216216216217,0.11486486486486487,0.42398648648648657,False
USDCAD1440_comma,daily,40,50,long_short,fast_slope,0.0,-0.021682068471009508,-0.9169803950138584,-1.244918075312214,-0.056785869488434566,-0.3818215458587887,237,0.3333333333333333,0.7472465623237778,-121.36372751669263,0.5304054054054054,0.28006756756756757,0.2614864864864865,0.5962837837837838,0.423918918918919,False
USDCAD1440_comma,daily,40,150,long_only,fast_slope,0.0025,-0.012402710732426048,-1.0876236128661958,-1.4685700415968543,-0.03948086847200506,-0.3141448304568202,121,0.24793388429752067,0.7196050272413473,-149.8758718319527,0.27466216216216216,0.5172297297297297,0.5195945945945946,0.5388513513513513,0.42391891891891886,False
USDCAD1440_comma,daily,30,400,long_short,slow_slope,0.0025,-0.016971905614119875,-0.9417384599976801,-1.2452336632834562,-0.043706075831324104,-0.38831913621392034,86,0.16279069767441862,0.5813298502987037,-268.8419255706781,0.48445945945945945,0.4706081081081081,0.4010135135135135,0.2141891891891892,0.42376689189189193,False
USDCAD1440_comma,daily,100,250,long_short,slow_slope,0.0,-0.019181414568310684,-0.8849611650024782,-1.1716825739424073,-0.049037222350411545,-0.39116029923643714,77,0.2077922077922078,0.5299928659283408,-332.24997174152713,0.5925675675675676,0.4064189189189189,0.3341216216216216,0.11993243243243243,0.423445945945946,False
USDCAD1440_comma,daily,20,500,long_only,fast_slope,0.005,-0.009908154735757013,-1.1718095740754628,-1.5903578234193476,-0.037936574271735544,-0.2611768438759383,150,0.2866666666666667,0.7652572441233338,-98.37279193618689,0.19256756756756757,0.5375,0.5841216216216216,0.6320945945945946,0.4230405405405405,False
USDCAD1440_comma,daily,40,400,long_short,none,0.0025,-0.01993942617693445,-0.8825670043840649,-1.1997691053031754,-0.04606994186359632,-0.4328077130197171,28,0.14285714285714285,0.4946028607598985,-883.8304149963336,0.5976351351351351,0.43716216216216214,0.3152027027027027,0.07567567567567568,0.4227364864864865,False
USDCAD1440_comma,daily,40,400,long_short,slow_slope,0.0025,-0.017008881778205476,-0.9405482171741189,-1.2481787880346689,-0.04261408594969682,-0.399137548046516,82,0.1951219512195122,0.5654736386267507,-283.6867541292244,0.4864864864864865,0.48445945945945945,0.3993243243243243,0.18074324324324326,0.42268581081081086,False
USDCAD1440_comma,daily,60,200,long_only,fast_slope,0.0025,-0.012735855257035689,-1.0606296333545646,-1.4328067417232104,-0.040253636312269095,-0.3163901804606375,104,0.28846153846153844,0.6851575769628064,-178.62136733431822,0.31216216216216214,0.5067567567567568,0.5121621621621621,0.4554054054054054,0.4222972972972973,False
USDCAD1440_comma,daily,10,400,long_short,price_slow,0.0025,-0.020161792468029294,-0.9026484857045343,-1.208349282945291,-0.045686337453306684,-0.44130901253871524,79,0.10126582278481013,0.558065883603135,-335.7321533921059,0.5597972972972973,0.4452702702702703,0.30675675675675673,0.16385135135135134,0.42116554054054056,False
USDCAD1440_comma,daily,60,100,long_short,price_slow,0.0,-0.01831928592337162,-0.9054623897996714,-1.2188998546694296,-0.05575297237305169,-0.32857953833913045,155,0.22580645161290322,0.6480391997655991,-157.07897862002045,0.5550675675675676,0.29527027027027025,0.3567567567567568,0.3587837837837838,0.4210135135135135,False
USDCAD1440_comma,daily,20,500,long_only,fast_slope,0.001,-0.010689294720661935,-1.1463559908685947,-1.5520868944978392,-0.039952935243760604,-0.2675471690739235,164,0.27439024390243905,0.7623086058326571,-96.51123311543984,0.21283783783783783,0.5121621621621621,0.5672297297297297,0.6283783783783784,0.42087837837837844,False
USDCAD1440_comma,daily,40,200,long_short,slow_slope,0.001,-0.019790535766130435,-0.8772182271658366,-1.187833150955855,-0.05351170631006472,-0.3698356328138268,103,0.21359223300970873,0.5778224273732231,-254.71495678823678,0.6057432432432432,0.3347972972972973,0.31824324324324327,0.2070945945945946,0.4207094594594595,False
USDCAD1440_comma,daily,10,300,long_short,price_slow,0.001,-0.021539956850108233,-0.8813063867539316,-1.1997869117247668,-0.04975100756289731,-0.4329551883522462,107,0.09345794392523364,0.5705313464259619,-257.83935054480725,0.5996621621621622,0.3956081081081081,0.2648648648648649,0.1929054054054054,0.4206756756756757,False
USDCAD1440_comma,daily,100,300,long_short,price_slow,0.005,-0.01705500997046927,-0.9412821693731847,-1.2511744457482963,-0.04528712520416998,-0.376597319736667,87,0.14942528735632185,0.5916721661495601,-265.7352098041983,0.485472972972973,0.44966216216216215,0.39628378378378376,0.23141891891891891,0.42057432432432434,False
USDCAD1440_comma,daily,40,250,long_only,fast_slope,0.005,-0.01198048503695548,-1.1020682438058014,-1.5001302850290716,-0.0384860702714711,-0.31129405918682107,116,0.25,0.7173825054494125,-151.4829180536269,0.25472972972972974,0.5300675675675676,0.5300675675675676,0.533445945945946,0.4204391891891892,False
USDCAD1440_comma,daily,60,500,long_short,fast_slope,0.001,-0.015104597600908432,-1.0266691572058273,-1.375222344207188,-0.04362891763899399,-0.34620610407736707,139,0.2733812949640288,0.6903973666657306,-151.82583040137217,0.35405405405405405,0.47162162162162163,0.45135135135135135,0.4689189189189189,0.4201351351351351,False
USDCAD1440_comma,daily,60,100,long_only,combined,0.0,-0.011775067540500506,-1.0389476001829636,-1.4036330394642949,-0.04327913042816568,-0.27207264619247973,110,0.2727272727272727,0.6567326556242132,-157.24382330368184,0.33783783783783783,0.4777027027027027,0.5364864864864864,0.3858108108108108,0.4197297297297298,False
USDCAD1440_comma,daily,60,500,long_short,fast_slope,0.005,-0.013861290927682623,-1.0677618066995131,-1.4275374460034604,-0.03956765005767449,-0.3503187808090237,115,0.26956521739130435,0.6964225266739842,-170.21074561776305,0.3,0.5158783783783784,0.48277027027027025,0.48817567567567566,0.41875,False
USDCAD1440_comma,daily,30,300,long_short,combined,0.0025,-0.013925458206216601,-1.0722960922771052,-1.443590208905512,-0.044609357938360336,-0.31216450650238714,158,0.22151898734177214,0.7504235471276774,-125.15330459852818,0.2935810810810811,0.45878378378378376,0.4814189189189189,0.6006756756756757,0.4185135135135135,False
USDCAD1440_comma,daily,40,250,long_only,fast_slope,0.0,-0.013058143850087633,-1.0813047655122472,-1.4649960959120618,-0.04066446861686025,-0.3211192545787622,123,0.25203252032520324,0.7132338372042359,-154.48573740386365,0.2793918918918919,0.504054054054054,0.5050675675675675,0.5236486486486487,0.4173310810810811,False
USDCAD1440_comma,daily,20,300,long_only,fast_slope,0.0025,-0.01072283791064299,-1.1189433904990689,-1.5199616395226043,-0.04421675466246234,-0.2425062172133159,159,0.27672955974842767,0.7582202573078828,-99.83388564200288,0.23817567567567569,0.4631756756756757,0.5648648648648649,0.6219594594594594,0.4173310810810811,False
USDCAD1440_comma,daily,30,50,long_short,combined,0.0025,-0.017632192552637704,-1.025784117516548,-1.371126874168668,-0.047051709157875404,-0.3747407451974881,183,0.2568306010928962,0.7559782903589547,-135.66153260729996,0.3564189189189189,0.42736486486486486,0.3787162162162162,0.6141891891891892,0.41728040540540545,False
USDCAD1440_comma,daily,10,200,long_short,none,0.0,-0.023058292567717853,-0.8566786759034176,-1.204153378284446,-0.053495627063989956,-0.4310313540233144,76,0.18421052631578946,0.5900823639570337,-383.80377414000674,0.6388513513513514,0.33614864864864863,0.21655405405405406,0.22804054054054054,0.4170945945945947,False
USDCAD1440_comma,daily,60,75,long_short,slow_slope,0.0025,-0.013274708824638437,-0.9620623436118166,-1.2907145859291052,-0.05827995928452112,-0.22777484726493513,97,0.35051546391752575,0.6978131069330409,-186.24719490762075,0.45135135135135135,0.25236486486486487,0.49898648648648647,0.4905405405405405,0.4170101351351352,False
USDCAD1440_comma,daily,20,150,long_only,fast_slope,0.0,-0.010973891294970062,-1.0809755405484338,-1.4704084383540106,-0.04906658703382974,-0.2236530388266854,167,0.2634730538922156,0.7549639595099275,-97.09718801079867,0.28006756756756757,0.40540540540540543,0.5581081081081081,0.6125,0.416875,False
USDCAD1440_comma,daily,75,200,long_short,none,0.0,-0.020406172630142994,-0.8194575954916336,-1.131273891714543,-0.05990553813196823,-0.340639167370293,29,0.27586206896551724,0.5392885824358427,-895.9766142923007,0.702027027027027,0.2233108108108108,0.3016891891891892,0.13175675675675674,0.4167398648648649,False
USDCAD1440_comma,daily,40,500,long_only,combined,0.005,-0.010531941881678386,-1.1926367397318827,-1.6086800612672976,-0.034394963650270304,-0.3062059314487927,107,0.19626168224299065,0.7328363273793868,-145.9152879645738,0.1793918918918919,0.5787162162162162,0.5712837837837837,0.5709459459459459,0.41633445945945946,False
USDCAD1440_comma,daily,75,200,long_short,none,0.005,-0.01765426197779063,-0.8835128132616555,-1.168269760596083,-0.053360688734803714,-0.330847715731898,29,0.20689655172413793,0.5322686268915086,-761.3738165606509,0.5949324324324324,0.3381756756756757,0.37736486486486487,0.12162162162162163,0.4162331081081081,False
USDCAD1440_comma,daily,75,400,long_short,slow_slope,0.0025,-0.017011327327959958,-0.9522836742647354,-1.2572056764115616,-0.04482148289314803,-0.37953512980625903,79,0.17721518987341772,0.5958221293162509,-296.4995718505239,0.46655405405405403,0.4560810810810811,0.39864864864864863,0.23885135135135135,0.4161993243243243,False
USDCAD1440_comma,daily,75,200,long_only,price_slow,0.0025,-0.013842450599216294,-1.0112938915610574,-1.3346982849522513,-0.03811039015852139,-0.36321986055871314,55,0.16363636363636364,0.5876215178043616,-364.1386903965185,0.38006756756756754,0.5347972972972973,0.48412162162162165,0.22263513513513514,0.41594594594594597,False
USDCAD1440_comma,daily,50,100,long_only,price_slow,0.005,-0.009751049660037703,-1.05007696443931,-1.4093439337881413,-0.042369759687931954,-0.2301417268320043,58,0.25862068965517243,0.6249851821489566,-250.6687984549414,0.32432432432432434,0.4875,0.5898648648648649,0.3016891891891892,0.41483108108108113,False
USDCAD1440_comma,daily,50,500,long_short,combined,0.0025,-0.013637453646251907,-1.1049545161322922,-1.4832446726038822,-0.038182642400716026,-0.3571636950405551,140,0.2785714285714286,0.7240879684957631,-137.0386396308987,0.2516891891891892,0.5337837837837838,0.49155405405405406,0.5493243243243243,0.41483108108108113,False
USDCAD1440_comma,daily,60,100,long_only,slow_slope,0.0025,-0.011884131012323995,-1.0023514646552973,-1.3365935063501782,-0.043495222692377454,-0.2732284208860182,62,0.1935483870967742,0.5879155701925507,-281.3393555920484,0.389527027027027,0.4743243243243243,0.5337837837837838,0.2233108108108108,0.4146452702702703,False
USDCAD1440_comma,daily,100,300,long_short,none,0.0,-0.021412437505580084,-0.8502334649335758,-1.1522085932607935,-0.056033602652524314,-0.3821356559627789,21,0.19047619047619047,0.5654191392461196,-1312.4988823893002,0.6513513513513514,0.2922297297297297,0.2685810810810811,0.1804054054054054,0.41437500000000005,False
USDCAD1440_comma,daily,40,300,long_short,price_slow,0.001,-0.020656280415349393,-0.8917693376043765,-1.2043283483056892,-0.04978423584265781,-0.41491608871196095,99,0.12121212121212122,0.5555313478517663,-272.839791831555,0.5817567567567568,0.3939189189189189,0.2945945945945946,0.15777027027027027,0.4137668918918919,False
USDCAD1440_comma,daily,20,75,long_only,fast_slope,0.005,-0.009569431644213311,-1.156874353773311,-1.5813312210263835,-0.04308882492491337,-0.2220861594830913,133,0.2706766917293233,0.7576798801746009,-107.422084881159,0.20405405405405405,0.47905405405405405,0.5972972972972973,0.6189189189189189,0.4136824324324324,False
USDCAD1440_comma,daily,60,100,long_short,none,0.005,-0.014888257186635667,-0.9593321811915172,-1.263660292676297,-0.04720844443004119,-0.31537275515821683,50,0.36,0.58975470288641,-407.0863213930297,0.45506756756756755,0.425,0.4560810810810811,0.22635135135135134,0.41344594594594597,False
USDCAD1440_comma,daily,100,200,long_only,combined,0.001,-0.012831039636994501,-1.037768767874063,-1.3845283023007129,-0.03572069785917799,-0.35920461821822236,80,0.3,0.5901677010105147,-233.77993668577477,0.3402027027027027,0.5638513513513513,0.5101351351351351,0.22837837837837838,0.4133277027027027,False
USDCAD1440_comma,daily,60,150,long_only,fast_slope,0.0025,-0.012210551681996473,-1.0557705168441904,-1.4240417247256354,-0.041109085661290214,-0.29702805318033054,95,0.29473684210526313,0.6515947176675408,-188.20231017525595,0.3179054054054054,0.5010135135135135,0.5236486486486487,0.37263513513513513,0.41304054054054057,False
USDCAD1440_comma,daily,50,300,long_short,none,0.001,-0.02128301842721303,-0.8569497791746024,-1.171797988588562,-0.052892247283183896,-0.40238446124749117,25,0.16,0.5147304165172124,-1059.4218492899754,0.6378378378378379,0.34628378378378377,0.27297297297297296,0.1043918918918919,0.41195945945945944,False
USDCAD1440_comma,daily,10,50,long_short,slow_slope,0.0,-0.02210192162741942,-0.9163209244242388,-1.2541286075977398,-0.05776880573090526,-0.38259267000209585,219,0.2557077625570776,0.7265887586817165,-135.42446421998866,0.5327702702702702,0.2625,0.2483108108108108,0.5550675675675676,0.4116554054054054,False
USDCAD1440_comma,daily,50,100,long_short,slow_slope,0.0025,-0.019090462824819854,-0.9185579427929425,-1.2421363869164586,-0.052037566494548104,-0.36685925401257824,102,0.22549019607843138,0.6225845132700111,-250.34430385157677,0.5273648648648649,0.35777027027027025,0.33614864864864863,0.2929054054054054,0.4115540540540541,False
USDCAD1440_comma,daily,10,100,long_short,price_slow,0.005,-0.01942970823477319,-0.8943661485887076,-1.2084886652824,-0.06018310771803339,-0.3228432191605026,117,0.2222222222222222,0.6648881685383522,-217.40010858371227,0.5756756756756757,0.21824324324324323,0.3290540540540541,0.40405405405405403,0.41125,False
USDCAD1440_comma,daily,60,300,long_short,none,0.001,-0.020506754404874927,-0.8498115325527079,-1.1507292454849245,-0.05537023502364385,-0.37035700491641876,22,0.18181818181818182,0.5082966356887659,-1184.1028790099742,0.6523648648648649,0.3033783783783784,0.29864864864864865,0.09493243243243243,0.4107601351351351,False
USDCAD1440_comma,daily,60,500,long_short,fast_slope,0.0025,-0.014953272374764182,-1.0591929702109721,-1.418548154810959,-0.041766732564543566,-0.3580187258281786,122,0.27049180327868855,0.691160024485519,-172.11613866526056,0.31351351351351353,0.49425675675675673,0.4540540540540541,0.47128378378378377,0.410472972972973,False
USDCAD1440_comma,daily,50,500,long_short,price_slow,0.0,-0.019638195308431694,-0.91647693763324,-1.2287926863943814,-0.045552504451075455,-0.431111209912149,86,0.12790697674418605,0.5439029541030259,-302.1812696867074,0.5320945945945946,0.4462837837837838,0.3239864864864865,0.14054054054054055,0.4102871621621622,False
USDCAD1440_comma,daily,5,500,long_short,none,0.0025,-0.020826850503740668,-0.9088513052570952,-1.2168623409523986,-0.04536495048919693,-0.4590956295367348,78,0.10256410256410256,0.5436804341707335,-345.2626558320832,0.547972972972973,0.4486486486486487,0.2875,0.14020270270270271,0.40988175675675675,False
USDCAD1440_comma,daily,5,300,long_short,none,0.0025,-0.021914560344398648,-0.8829479651025687,-1.1927489840458307,-0.05121209846799811,-0.42791764055700277,81,0.13580246913580246,0.5664810293886215,-345.66948001382565,0.5962837837837838,0.3716216216216216,0.25304054054054054,0.1831081081081081,0.40949324324324327,False
USDCAD1440_comma,daily,75,200,long_only,fast_slope,0.005,-0.010856756585072902,-1.0713011801760794,-1.4291591513686295,-0.04143124393262652,-0.26204273766743846,73,0.3287671232876712,0.6479251037904545,-219.9450880916345,0.29662162162162165,0.49864864864864866,0.5625,0.35777027027027025,0.40947635135135135,False
USDCAD1440_comma,daily,5,100,long_short,none,0.005,-0.020600482137780207,-0.8871380778954617,-1.2013656434192295,-0.06087352483902982,-0.3384144780880497,127,0.2440944881889764,0.672240959367297,-210.77989854576688,0.5898648648648649,0.20371621621621622,0.2956081081081081,0.422972972972973,0.40944256756756764,False
USDCAD1440_comma,daily,30,150,long_short,none,0.005,-0.019626699267153547,-0.883456766932063,-1.191577989042025,-0.05327021089099617,-0.36843667293366933,51,0.3137254901960784,0.5451260266155478,-518.5492821260367,0.5952702702702702,0.3398648648648649,0.32466216216216215,0.14222972972972972,0.4093412162162162,False
USDCAD1440_comma,daily,40,75,long_short,fast_slope,0.005,-0.014666257255382176,-1.0223805827354857,-1.379515790121554,-0.04997304837831148,-0.29348334214783256,116,0.29310344827586204,0.6999391966693519,-173.13512416906232,0.36317567567567566,0.39087837837837835,0.46047297297297296,0.4945945945945946,0.40927364864864857,False
USDCAD1440_comma,daily,20,150,long_short,price_slow,0.0025,-0.020953672866773188,-0.8961900993276005,-1.2123216107132302,-0.05412427738983969,-0.38714000218147304,106,0.20754716981132076,0.6182991368555302,-257.40887308520814,0.5733108108108108,0.3233108108108108,0.2831081081081081,0.2831081081081081,0.4092398648648649,False
USDCAD1440_comma,daily,30,500,long_short,price_slow,0.005,-0.01886264621005107,-0.9306576867810451,-1.2423075372252952,-0.043775609977621956,-0.43089396629067267,63,0.1111111111111111,0.5414301493278605,-399.3098685681988,0.5047297297297297,0.4702702702702703,0.34425675675675677,0.13648648648648648,0.40878378378378377,False
USDCAD1440_comma,daily,100,500,long_short,combined,0.005,-0.012956255598043698,-1.0667856204150896,-1.4053178908144122,-0.03754681932077168,-0.3450693249767771,89,0.23595505617977527,0.6382585594094304,-208.74441930229816,0.30202702702702705,0.5442567567567568,0.5077702702702702,0.33513513513513515,0.4086993243243243,False
USDCAD1440_comma,daily,50,400,long_short,none,0.001,-0.021416131874998023,-0.8898494794974336,-1.216328451100179,-0.045676543762696316,-0.46886498212871386,23,0.13043478260869565,0.4835915780366166,-1159.5002384269526,0.5851351351351352,0.4456081081081081,0.2682432432432432,0.0625,0.4084797297297298,False
USDCAD1440_comma,daily,40,200,long_short,none,0.005,-0.019967364087934425,-0.8729850104126947,-1.1809186564523495,-0.053099602918023195,-0.3760360339937129,40,0.15,0.5113760226414565,-664.5621642796352,0.6131756756756757,0.34290540540540543,0.3125,0.09966216216216216,0.40844594594594597,False
USDCAD1440_comma,daily,40,400,long_short,combined,0.005,-0.01265900321261415,-1.119626914644623,-1.514983840150978,-0.039646208007529354,-0.3192992179784264,137,0.26277372262773724,0.7220098935664011,-130.8139105660388,0.23716216216216215,0.5155405405405405,0.5148648648648648,0.543918918918919,0.40831081081081083,False
USDCAD1440_comma,daily,100,150,long_only,combined,0.0025,-0.011258161478886808,-1.0753198234576966,-1.4353685368334281,-0.03636643982411739,-0.3095755738899867,58,0.29310344827586204,0.6206333542747791,-286.215603299498,0.2891891891891892,0.5564189189189189,0.5513513513513514,0.2881756756756757,0.40827702702702706,False
USDCAD1440_comma,daily,50,75,long_short,slow_slope,0.001,-0.01983733692940104,-0.9092457618276834,-1.2247595646485276,-0.059893157170351013,-0.3312120760803897,153,0.2549019607843137,0.6892157460275883,-171.68210350486638,0.5466216216216216,0.22364864864864864,0.3168918918918919,0.46621621621621623,0.40787162162162166,False
USDCAD1440_comma,daily,50,300,long_short,none,0.0,-0.021707949219130107,-0.8549913375047915,-1.175262852501962,-0.05304727905803491,-0.40921890065994004,25,0.2,0.5022703919420525,-1098.2521403514731,0.6429054054054054,0.34459459459459457,0.26047297297297295,0.08277027027027027,0.407820945945946,False
USDCAD1440_comma,daily,20,300,long_only,fast_slope,0.0,-0.011530728651324318,-1.1106895765822336,-1.5062901369133606,-0.047172540786461506,-0.24443730312346523,171,0.26900584795321636,0.7639298700074766,-99.23016290932853,0.2456081081081081,0.4260135135135135,0.5429054054054054,0.6297297297297297,0.40778716216216215,False
USDCAD1440_comma,daily,40,300,long_only,fast_slope,0.0025,-0.012416367381618665,-1.1029532080428213,-1.4893113378164216,-0.0415423154640352,-0.2988848176353578,120,0.25833333333333336,0.7108073988228477,-151.27607371842103,0.25405405405405407,0.4972972972972973,0.5192567567567568,0.5179054054054054,0.40748310810810817,False
USDCAD1440_comma,daily,40,100,long_short,slow_slope,0.005,-0.018292893502810936,-0.9534861029161454,-1.2825880237044234,-0.0497646282627542,-0.3675882678400726,89,0.29213483146067415,0.6424669299190567,-276.53202282202426,0.46418918918918917,0.3945945945945946,0.35777027027027025,0.3439189189189189,0.4074662162162162,False
USDCAD1440_comma,daily,60,500,long_short,combined,0.005,-0.01369929560647365,-1.1178888227396047,-1.490725637729735,-0.03664951949677437,-0.3737919567452819,115,0.24347826086956523,0.7020700291006612,-168.57338490858746,0.23952702702702702,0.5543918918918919,0.4888513513513513,0.5010135135135135,0.40733108108108107,False
USDCAD1440_comma,daily,30,300,long_short,price_slow,0.0025,-0.020857902603675038,-0.8999341779207023,-1.2124829750723582,-0.04916797402902886,-0.4242172474172008,86,0.12790697674418605,0.5481112110200663,-316.7414098278876,0.5658783783783784,0.4043918918918919,0.2868243243243243,0.14662162162162162,0.40680743243243245,False
USDCAD1440_comma,daily,75,150,long_short,none,0.0025,-0.01936790780502562,-0.8775807502807763,-1.1737159149356482,-0.05501342246298678,-0.35205786038955156,39,0.28205128205128205,0.5408695121137826,-652.5154574669242,0.6054054054054054,0.31013513513513513,0.3310810810810811,0.1347972972972973,0.4061317567567568,False
USDCAD1440_comma,daily,100,500,long_short,fast_slope,0.0025,-0.014469853577864011,-1.0234851982825783,-1.3516575506698851,-0.039152042154654995,-0.36958106861211615,97,0.23711340206185566,0.603667183898463,-216.1526080028312,0.36114864864864865,0.5206081081081081,0.4672297297297297,0.2533783783783784,0.4060641891891892,False
USDCAD1440_comma,daily,5,300,long_short,price_slow,0.001,-0.02213334733871053,-0.8810169414047085,-1.1997750930537088,-0.052560238011576374,-0.42110439708883485,115,0.12173913043478261,0.5688912163799832,-246.65044130682946,0.6006756756756757,0.35135135135135137,0.24662162162162163,0.1891891891891892,0.40581081081081083,False
USDCAD1440_comma,daily,20,500,long_only,fast_slope,0.0025,-0.011157342517191027,-1.1672299907158379,-1.57689235621214,-0.040465903988224104,-0.27572206271328825,159,0.27044025157232704,0.7512265094925393,-103.54751202422544,0.19594594594594594,0.5047297297297297,0.5530405405405405,0.6030405405405406,0.405625,False
USDCAD1440_comma,daily,50,100,long_only,combined,0.005,-0.00983164269206549,-1.125968358673293,-1.5247807412714214,-0.03718022841428915,-0.2644320143091693,71,0.19718309859154928,0.6581618857985175,-206.34139897448466,0.2304054054054054,0.55,0.5871621621621622,0.3891891891891892,0.405472972972973,False
USDCAD1440_comma,daily,5,75,long_short,none,0.005,-0.021359033607173616,-0.915615572473801,-1.2349072775197885,-0.05779294974400513,-0.36957853339869007,154,0.24675324675324675,0.6918918584175188,-185.24784520051176,0.5337837837837838,0.2614864864864865,0.2706081081081081,0.47331081081081083,0.40400337837837835,False
USDCAD1440_comma,daily,30,200,long_short,slow_slope,0.0,-0.02093236656451869,-0.8879814458737563,-1.2015187582975229,-0.05491480579065867,-0.3811789236643246,107,0.21495327102803738,0.5888648960780881,-258.0531442275651,0.5885135135135136,0.31182432432432433,0.28378378378378377,0.22533783783783784,0.40391891891891896,False
USDCAD1440_comma,daily,40,400,long_only,fast_slope,0.0025,-0.011781353925873983,-1.1549597144586483,-1.5558574670290908,-0.03741048732126511,-0.31492115632444995,116,0.27586206896551724,0.7119647764227637,-149.1832344860796,0.20506756756756755,0.5462837837837838,0.5361486486486486,0.5202702702702703,0.4038682432432433,False
USDCAD1440_comma,daily,75,400,long_short,combined,0.0,-0.013720562232314104,-1.0697239169993402,-1.4180459438820712,-0.04169054676384734,-0.32910487622129536,126,0.23809523809523808,0.6722070101056183,-155.29178222766188,0.2976351351351351,0.49527027027027026,0.48783783783783785,0.4226351351351351,0.40383445945945945,False
USDCAD1440_comma,daily,60,300,long_only,slow_slope,0.0025,-0.01402266546243014,-0.9705864156370946,-1.2656829986436138,-0.04685463103903173,-0.2992802451213139,48,0.14583333333333334,0.5625408810095747,-422.1171565911323,0.43682432432432433,0.4300675675675676,0.47736486486486485,0.17398648648648649,0.40381756756756754,False
USDCAD1440_comma,daily,75,150,long_only,slow_slope,0.005,-0.01258707563160244,-1.0250947653142073,-1.3516777125809776,-0.0420585735838064,-0.2992749054249614,42,0.38095238095238093,0.5907615331371229,-388.3198713284741,0.35777027027027025,0.4912162162162162,0.5155405405405405,0.22939189189189188,0.40342905405405405,False
USDCAD1440_comma,daily,50,100,long_only,slow_slope,0.005,-0.011326034207742697,-1.0428353585512,-1.3930604975047516,-0.039527652117041394,-0.2865344537592647,44,0.29545454545454547,0.5782615215656148,-379.36926566698634,0.33175675675675675,0.5165540540540541,0.5493243243243243,0.20810810810810812,0.40292229729729734,False
USDCAD1440_comma,daily,100,400,long_short,slow_slope,0.001,-0.01802428331641792,-0.9568568027254574,-1.2554483428757488,-0.04500776136695845,-0.4004705581657765,88,0.2159090909090909,0.583177619838889,-281.23331466104105,0.4591216216216216,0.4527027027027027,0.3655405405405405,0.21621621621621623,0.4023648648648649,False
USDCAD1440_comma,daily,50,500,long_short,fast_slope,0.0025,-0.015322821631973738,-1.076856791045519,-1.4438273262198411,-0.042480602554103485,-0.3607016075739162,138,0.2971014492753623,0.7090499674392532,-154.73169124184918,0.2864864864864865,0.4858108108108108,0.44594594594594594,0.5141891891891892,0.4023648648648649,False
USDCAD1440_comma,daily,40,250,long_only,fast_slope,0.0025,-0.013476174668915042,-1.1064202155176122,-1.498983827618339,-0.040243955002521,-0.33486208470491663,122,0.2540983606557377,0.7080116610517382,-160.24639798652004,0.25,0.5070945945945946,0.49425675675675673,0.5114864864864865,0.402347972972973,False
USDCAD1440_comma,daily,30,250,long_short,combined,0.001,-0.016182050521417968,-1.0751510040761716,-1.4365364800528349,-0.043894792387766175,-0.36865536071946503,163,0.22085889570552147,0.7303256781784723,-138.65285113651908,0.28952702702702704,0.46790540540540543,0.4209459459459459,0.5652027027027027,0.40175675675675676,False
USDCAD1440_comma,daily,60,75,long_only,slow_slope,0.001,-0.012121743258754925,-1.0136904552359305,-1.3455598592574916,-0.04831019636606594,-0.25091479999177735,72,0.2638888888888889,0.6173833059664443,-246.67727393625813,0.37533783783783786,0.41486486486486485,0.5256756756756756,0.28040540540540543,0.4010472972972973,False
USDCAD1440_comma,daily,20,250,long_short,price_slow,0.005,-0.021027794685597456,-0.8988323310953248,-1.2093765952514233,-0.05149930125115294,-0.4083122328796004,82,0.17073170731707318,0.5605594666165983,-333.3229739304772,0.5689189189189189,0.36655405405405406,0.2814189189189189,0.16959459459459458,0.40092905405405405,False
USDCAD1440_comma,daily,75,200,long_only,combined,0.001,-0.012662241611409608,-1.0672544860671653,-1.4246648752391597,-0.04238733552169528,-0.2987270007790096,104,0.28846153846153844,0.6507503612082085,-177.68487566065215,0.3013513513513513,0.4871621621621622,0.514527027027027,0.3689189189189189,0.4005743243243244,False
USDCAD1440_comma,daily,40,500,long_short,price_slow,0.0,-0.02002453140122562,-0.9211201386779686,-1.2397852147188608,-0.045777238036519015,-0.43743424156020405,90,0.13333333333333333,0.5323105119535801,-293.22100847611637,0.5219594594594594,0.44391891891891894,0.310472972972973,0.1222972972972973,0.4002027027027027,False
USDCAD1440_comma,daily,60,200,long_short,none,0.005,-0.01816872730258856,-0.881942622118935,-1.1732292784341045,-0.05707658718592575,-0.31832189341321904,29,0.2413793103448276,0.5285441011254987,-793.5214961426996,0.5986486486486486,0.27466216216216216,0.3601351351351351,0.11858108108108108,0.39793918918918914,False
USDCAD1440_comma,daily,60,100,long_only,price_slow,0.0025,-0.010663298203125504,-1.039714847131992,-1.3891555046969986,-0.047429376928499564,-0.22482475827587978,73,0.273972602739726,0.6227308639116846,-216.3338714562439,0.33614864864864863,0.42364864864864865,0.5675675675675675,0.2935810810810811,0.39792229729729733,False
USDCAD1440_comma,daily,10,300,long_short,price_slow,0.0,-0.022578462415643208,-0.8900971871910309,-1.217163860401652,-0.052066851401462104,-0.43364370627199433,124,0.11290322580645161,0.5661019559463061,-233.82176911981634,0.5847972972972973,0.3564189189189189,0.23378378378378378,0.18243243243243243,0.39714527027027036,False
USDCAD1440_comma,daily,10,75,long_short,slow_slope,0.005,-0.017961813035596963,-0.9245452875089338,-1.2433103420804057,-0.06246532643384011,-0.28754853389938084,162,0.25925925925925924,0.6955673125562801,-148.04111154917712,0.5162162162162162,0.1766891891891892,0.36858108108108106,0.48412162162162165,0.39699324324324325,False
USDCAD1440_comma,daily,10,250,long_short,price_slow,0.0,-0.022923250263693684,-0.8866081005396487,-1.2203705532621059,-0.05359482431715941,-0.42771388013215983,116,0.1206896551724138,0.5832190256546063,-249.87318270017116,0.5918918918918918,0.3331081081081081,0.2206081081081081,0.21655405405405406,0.39663851351351354,False
USDCAD1440_comma,daily,30,400,long_short,none,0.005,-0.020239845903787135,-0.9187780496314335,-1.2337670008787722,-0.04522472901525505,-0.4475393516887608,29,0.10344827586206896,0.4985234854301756,-929.6635670141843,0.5266891891891892,0.4506756756756757,0.3054054054054054,0.0804054054054054,0.3964864864864865,False
USDCAD1440_comma,daily,30,500,long_short,price_slow,0.001,-0.020331157016580836,-0.9244955828980899,-1.2432425605085713,-0.04605396218412211,-0.44146379708433314,84,0.11904761904761904,0.5361083230817845,-312.2830308530912,0.5165540540540541,0.43817567567567567,0.3033783783783784,0.12837837837837837,0.396097972972973,False
USDCAD1440_comma,daily,40,400,long_short,combined,0.0,-0.0137474285286171,-1.113296134439324,-1.5024610635559295,-0.04301660587467698,-0.3195842221645371,158,0.25949367088607594,0.720865073654366,-122.3514068055565,0.24324324324324326,0.4800675675675676,0.4868243243243243,0.5418918918918919,0.3959628378378378,False
USDCAD1440_comma,daily,60,250,long_short,slow_slope,0.0025,-0.019957902453588194,-0.9083204470390651,-1.1989651846098297,-0.04976963141338467,-0.4010056310809018,75,0.16,0.5102814233227126,-351.8509387793167,0.55,0.39425675675675675,0.31317567567567567,0.09763513513513514,0.39584459459459465,False
USDCAD1440_comma,daily,30,250,long_short,fast_slope,0.001,-0.017939914199508356,-1.0314563609787233,-1.384840626411699,-0.049941215511292034,-0.3592206159950597,173,0.24277456647398843,0.7280245061847829,-141.5435455250525,0.3489864864864865,0.39222972972972975,0.36993243243243246,0.5594594594594594,0.3955574324324324,False
USDCAD1440_comma,daily,5,150,long_short,price_slow,0.0025,-0.02281898470753041,-0.8895913865465666,-1.214102519962785,-0.055621193344367104,-0.4102570141969337,119,0.18487394957983194,0.6152302967810312,-245.32612503885338,0.5861486486486487,0.29864864864864865,0.22297297297297297,0.275,0.39496621621621625,False
USDCAD1440_comma,daily,75,250,long_only,fast_slope,0.0025,-0.01252584521507405,-1.0607114399375273,-1.4038996834403685,-0.04422746915979745,-0.2832141529468293,91,0.31868131868131866,0.6401708015630383,-201.0821751205665,0.31182432432432433,0.46283783783783783,0.5162162162162162,0.33952702702702703,0.39461148648648653,False
USDCAD1440_comma,daily,100,250,long_only,combined,0.0025,-0.012671550902967454,-1.0594269198815096,-1.395310177905947,-0.03766694531553412,-0.33641036714866324,65,0.2923076923076923,0.5755709201148288,-284.48538205315117,0.31317567567567567,0.5429054054054054,0.5135135135135135,0.20337837837837838,0.3942060810810811,False
USDCAD1440_comma,daily,30,200,long_short,price_slow,0.005,-0.020885399267542626,-0.9096018229387012,-1.2317202137825276,-0.05282657950986803,-0.39535778127829047,84,0.16666666666666666,0.5803971576451882,-327.23428952865754,0.5459459459459459,0.34695945945945944,0.2851351351351351,0.21351351351351353,0.39417229729729725,False
USDCAD1440_comma,daily,30,100,long_short,combined,0.0025,-0.01778934561729606,-1.0332789079842677,-1.39050644205202,-0.05081049778854695,-0.35011161849522177,182,0.2857142857142857,0.7308370178470931,-134.61757311396119,0.3472972972972973,0.38006756756756754,0.375,0.566554054054054,0.3939189189189189,False
USDCAD1440_comma,daily,75,500,long_short,combined,0.0,-0.014046573268523432,-1.0678695605008008,-1.422050219285649,-0.04072681091206042,-0.34489745094094326,123,0.1951219512195122,0.6461586678992259,-162.4306428032046,0.2996621621621622,0.5037162162162162,0.4760135135135135,0.3527027027027027,0.39390202702702704,False
USDCAD1440_comma,daily,75,300,long_only,slow_slope,0.0025,-0.014338744600319253,-0.9886247190059325,-1.2816442194056576,-0.04525557691162857,-0.31683928432331765,50,0.2,0.54911575353096,-413.4095808397641,0.40945945945945944,0.4503378378378378,0.47094594594594597,0.14864864864864866,0.39285472972972973,False
USDCAD1440_comma,daily,30,400,long_short,price_slow,0.0,-0.02103855044338665,-0.9198659732309239,-1.2403343318047269,-0.04700790743719889,-0.4475534349512048,93,0.08602150537634409,0.5362667577115786,-297.40653919763963,0.5246621621621622,0.4283783783783784,0.28006756756756757,0.1287162162162162,0.39228040540540543,False
USDCAD1440_comma,daily,20,100,long_short,slow_slope,0.0,-0.02264071268310397,-0.9187381588204777,-1.2569761871649983,-0.05360777327174705,-0.4223401066918838,145,0.21379310344827587,0.6435588623790265,-207.1763220849943,0.527027027027027,0.3327702702702703,0.2304054054054054,0.34662162162162163,0.39207770270270265,False
USDCAD1440_comma,daily,20,150,long_short,slow_slope,0.0,-0.019758068193713174,-0.8814222878342848,-1.1922445796445262,-0.060729686608033226,-0.3253444780842918,127,0.28346456692913385,0.5987047670524954,-206.73436216430133,0.5993243243243244,0.20743243243243242,0.3195945945945946,0.2435810810810811,0.392043918918919,False
USDCAD1440_comma,daily,40,150,long_short,none,0.001,-0.022300634028476263,-0.8567935198159283,-1.1890915564991926,-0.057120239227781776,-0.390415627279618,48,0.2708333333333333,0.5397105293154221,-610.1481720692785,0.6385135135135135,0.27364864864864863,0.24121621621621622,0.13277027027027027,0.3919763513513514,False
USDCAD1440_comma,daily,5,500,long_short,price_slow,0.005,-0.020480126804877985,-0.9346372072617347,-1.2393885499740482,-0.043920303289826684,-0.4663020350686381,73,0.1232876712328767,0.525991356803936,-365.1022766147716,0.49493243243243246,0.46756756756756757,0.2996621621621622,0.11452702702702702,0.3919763513513514,False
USDCAD1440_comma,daily,5,150,long_short,slow_slope,0.005,-0.018343682309825082,-0.9005555955438703,-1.2025584062389194,-0.06028942690533354,-0.30426035295754816,130,0.23076923076923078,0.6137289469304917,-189.2043592426453,0.5652027027027027,0.2152027027027027,0.3554054054054054,0.2719594594594595,0.39175675675675675,False
USDCAD1440_comma,daily,60,500,long_short,combined,0.001,-0.015146075644042467,-1.095315619974639,-1.4629656909756874,-0.04149640544102334,-0.3649972927310243,143,0.23776223776223776,0.6924664349246132,-148.41799206392582,0.264527027027027,0.497972972972973,0.4506756756756757,0.475,0.3916891891891892,False
USDCAD1440_comma,daily,100,500,long_only,combined,0.001,-0.011950137252700443,-1.1158037506982088,-1.4646349864295802,-0.03488262184505761,-0.3425813949932096,83,0.27710843373493976,0.6275097724959484,-211.22187563178193,0.2402027027027027,0.5722972972972973,0.5307432432432433,0.3091216216216216,0.3916722972972973,False
USDCAD1440_comma,daily,40,300,long_short,price_slow,0.0025,-0.02069338156951772,-0.9077416695908788,-1.2183643165842184,-0.05157615641426178,-0.4012199242477016,88,0.10227272727272728,0.543098654954811,-307.37131385221403,0.552027027027027,0.3652027027027027,0.2922297297297297,0.13952702702702702,0.39148648648648643,False
USDCAD1440_comma,daily,40,200,long_short,slow_slope,0.0025,-0.020915503272737057,-0.9076910284988149,-1.2229130794359546,-0.052086203169308114,-0.401555536784865,96,0.20833333333333334,0.5570981324444941,-289.79896121003156,0.5523648648648649,0.3550675675675676,0.28445945945945944,0.1608108108108108,0.3907263513513514,False
USDCAD1440_comma,daily,50,400,long_short,combined,0.005,-0.013984085789027212,-1.1329207754541029,-1.5146055028263308,-0.03987157262556352,-0.35072822234409096,133,0.24812030075187969,0.7062792923204327,-147.61575339826973,0.225,0.5141891891891892,0.4793918918918919,0.5081081081081081,0.3906418918918919,False
USDCAD1440_comma,daily,50,250,long_short,none,0.005,-0.020782495898636344,-0.8903030294336525,-1.1937296915141506,-0.052990832939466145,-0.39219039871249317,34,0.20588235294117646,0.5037329298537032,-748.1791271775224,0.5837837837837838,0.34493243243243243,0.2891891891891892,0.08614864864864864,0.3905067567567568,False
USDCAD1440_comma,daily,30,75,long_only,combined,0.001,-0.012293471644018727,-1.125810014764481,-1.5260265322275766,-0.04460944626822768,-0.2755800098952258,128,0.234375,0.7135701346873133,-140.54434796796093,0.23074324324324325,0.45844594594594595,0.5216216216216216,0.5256756756756756,0.39008445945945946,False
USDCAD1440_comma,daily,5,100,long_short,price_slow,0.005,-0.021068980628417,-0.8981250841610302,-1.214018276652369,-0.06233390415429809,-0.3380019415479567,136,0.25,0.6664462002824726,-200.69417800803706,0.5709459459459459,0.1793918918918919,0.27905405405405403,0.40675675675675677,0.3900506756756757,False
USDCAD1440_comma,daily,40,500,long_short,combined,0.0025,-0.01441938034298984,-1.1270227529578352,-1.5130306022214193,-0.04250113629080771,-0.3392704666606411,150,0.22,0.7259597574821974,-135.02262222924503,0.22905405405405405,0.4851351351351351,0.4689189189189189,0.5530405405405405,0.3896452702702703,False
USDCAD1440_comma,daily,40,250,long_short,price_slow,0.0025,-0.021433061215010762,-0.9013715922927485,-1.21660016613992,-0.052758957492361216,-0.4062449721095035,95,0.12631578947368421,0.5552680562759823,-291.62452164157804,0.5635135135135135,0.34864864864864864,0.26756756756756755,0.15675675675675677,0.3895945945945946,False
USDCAD1440_comma,daily,5,100,long_short,slow_slope,0.0,-0.02262702241687542,-0.924088390819661,-1.260824139969009,-0.05442808818224198,-0.4157232629798274,165,0.2545454545454545,0.6529305264026305,-179.7814156178147,0.5168918918918919,0.31925675675675674,0.23141891891891891,0.37533783783783786,0.3891554054054054,False
USDCAD1440_comma,daily,30,50,long_short,combined,0.001,-0.01998141663991171,-1.016480594436042,-1.3549048886197752,-0.05280331837066341,-0.37841213879113,223,0.24663677130044842,0.7521409110157837,-124.14586920325048,0.37195945945945946,0.3476351351351351,0.31148648648648647,0.6050675675675675,0.38875000000000004,False
USDCAD1440_comma,daily,10,250,long_short,price_slow,0.001,-0.0233335158119502,-0.896708764454255,-1.2278856542031442,-0.053260222090398435,-0.4381039901100353,111,0.11711711711711711,0.5810597751057612,-269.52873957846117,0.5722972972972973,0.34054054054054056,0.2125,0.21385135135135136,0.38863175675675676,False
USDCAD1440_comma,daily,75,400,long_short,price_slow,0.005,-0.01874383427582549,-0.9602435155601162,-1.2692687538254255,-0.045753017732621554,-0.40967427297066084,63,0.1111111111111111,0.5616251227519214,-403.4409862894376,0.4540540540540541,0.4445945945945946,0.3476351351351351,0.17263513513513515,0.3881925675675676,False
USDCAD1440_comma,daily,50,100,long_short,slow_slope,0.0,-0.022549022739033697,-0.909803812474265,-1.2464904237659677,-0.0561093742577335,-0.40187621119167605,138,0.2246376811594203,0.6365649276146343,-215.12957934288937,0.5452702702702703,0.2908783783783784,0.23479729729729729,0.33175675675675675,0.3875506756756757,False
USDCAD1440_comma,daily,50,200,long_short,price_slow,0.0,-0.021835292479019386,-0.9081424834026903,-1.2333095644655518,-0.05347812598185058,-0.40830324694679565,113,0.12389380530973451,0.5798242089100969,-251.98264687411918,0.5513513513513514,0.3364864864864865,0.25506756756756754,0.21216216216216216,0.3875,False
USDCAD1440_comma,daily,10,100,long_short,slow_slope,0.001,-0.02240675839427353,-0.9221862746097794,-1.2561896652131723,-0.05549932796236787,-0.40373026515684585,154,0.22077922077922077,0.6512998551403731,-194.53531587823196,0.5202702702702703,0.3,0.23817567567567569,0.37195945945945946,0.38653716216216216,False
USDCAD1440_comma,daily,20,400,long_short,price_slow,0.005,-0.020268196274714878,-0.9423213513476465,-1.253611331864874,-0.0454603579489861,-0.44584330588551646,59,0.15254237288135594,0.5394925669208406,-458.3911840817114,0.4834459459459459,0.4469594594594595,0.3047297297297297,0.1320945945945946,0.38587837837837835,False
USDCAD1440_comma,daily,40,200,long_only,fast_slope,0.005,-0.013202698175744487,-1.125030928379939,-1.5249425350942059,-0.041791826229422006,-0.31591579901932143,113,0.23893805309734514,0.6869880746850594,-169.83847022420105,0.23175675675675675,0.4939189189189189,0.5010135135135135,0.4614864864864865,0.3856081081081081,False
USDCAD1440_comma,daily,50,200,long_short,price_slow,0.001,-0.021605625995775646,-0.913105438288898,-1.2344402083456683,-0.05305597411046277,-0.4072232459777788,110,0.12727272727272726,0.5763484205372379,-256.39990970741763,0.5391891891891892,0.3439189189189189,0.2635135135135135,0.20506756756756755,0.3851182432432433,False
USDCAD1440_comma,daily,30,75,long_short,slow_slope,0.0,-0.021434836008925262,-0.9063433879057323,-1.2332948885105546,-0.06156051209141015,-0.3481913207137888,176,0.25,0.667552296446124,-159.41575735938468,0.5543918918918919,0.19324324324324324,0.26722972972972975,0.4101351351351351,0.38503378378378383,False
USDCAD1440_comma,daily,20,150,long_short,price_slow,0.005,-0.020737236469095532,-0.9200689165000479,-1.2392683412594843,-0.05400669509411406,-0.3839752910811902,84,0.23809523809523808,0.5959802141330462,-327.9199171306442,0.5243243243243243,0.325,0.2905405405405405,0.23952702702702702,0.3850168918918919,False
USDCAD1440_comma,daily,50,400,long_short,combined,0.0025,-0.01472347170308208,-1.1231592379069633,-1.5054108512634101,-0.04140286827443644,-0.355614775418177,140,0.2642857142857143,0.7008253714845032,-147.07652267554474,0.23378378378378378,0.49932432432432433,0.4591216216216216,0.49763513513513513,0.3848141891891892,False
USDCAD1440_comma,daily,20,200,long_only,combined,0.001,-0.010849221687922128,-1.1480852326210864,-1.5572811007250793,-0.048959255823974895,-0.2215969484284801,149,0.2751677852348993,0.7350033729276212,-107.68951942898201,0.20945945945945946,0.4077702702702703,0.5628378378378378,0.5756756756756757,0.3846452702702703,False
USDCAD1440_comma,daily,60,300,long_short,none,0.005,-0.020351566541262134,-0.8935188498031358,-1.1797448846726386,-0.053368835986608305,-0.381338025554256,25,0.2,0.4705824765416927,-1021.6561881885206,0.5777027027027027,0.33783783783783783,0.3027027027027027,0.05101351351351351,0.3837331081081082,False
USDCAD1440_comma,daily,100,250,long_short,slow_slope,0.001,-0.020375774276799263,-0.9140058223518215,-1.2040410425327595,-0.051023644573078494,-0.3993398442484074,74,0.20270270270270271,0.5099778116148938,-365.5453108269562,0.5368243243243244,0.37601351351351353,0.30202702702702705,0.09695945945945945,0.3836824324324325,False
USDCAD1440_comma,daily,40,150,long_short,price_slow,0.0025,-0.020371880153276622,-0.9224187639213213,-1.2345966056653561,-0.054567443357070325,-0.37333396802137386,106,0.18867924528301888,0.5953517802436145,-256.43089476033305,0.5192567567567568,0.31756756756756754,0.30236486486486486,0.23716216216216215,0.38314189189189196,False
USDCAD1440_comma,daily,60,75,long_only,combined,0.001,-0.01118447593574512,-1.094502093323299,-1.468434424157895,-0.04538097591737817,-0.24645736918720917,86,0.26744186046511625,0.648425247837965,-191.8697435357706,0.26587837837837835,0.4483108108108108,0.5527027027027027,0.360472972972973,0.3830405405405406,False
USDCAD1440_comma,daily,60,500,long_short,price_slow,0.0,-0.02051716912105417,-0.9336192759635698,-1.2493333756352625,-0.047474322109941715,-0.43217403027978396,87,0.12643678160919541,0.5305813807810528,-311.80031549113306,0.4966216216216216,0.422972972972973,0.2972972972972973,0.12060810810810811,0.38194256756756756,False
USDCAD1440_comma,daily,5,300,long_short,price_slow,0.0,-0.023316753083197028,-0.8934750325914028,-1.2223706061371402,-0.05440110654046049,-0.4286080663792259,129,0.10852713178294573,0.5681082563006233,-229.04534556125702,0.5780405405405405,0.3195945945945946,0.21283783783783783,0.1875,0.3818074324324325,False
USDCAD1440_comma,daily,75,500,long_short,combined,0.0025,-0.01385017127799959,-1.1013332559867273,-1.4567790558122826,-0.03945693270018082,-0.35101996861342744,107,0.18691588785046728,0.6465207537959193,-184.51306454442408,0.25506756756756754,0.5175675675675676,0.4837837837837838,0.35371621621621624,0.3812331081081081,False
USDCAD1440_comma,daily,50,250,long_short,combined,0.001,-0.017499929659645863,-1.0615663842443375,-1.4220349148770872,-0.0468154582058878,-0.37380665127069,159,0.2578616352201258,0.6957433563384252,-150.3280091341544,0.310472972972973,0.4304054054054054,0.3824324324324324,0.4851351351351351,0.3810472972972973,False
USDCAD1440_comma,daily,20,400,long_short,price_slow,0.001,-0.02143671488166965,-0.9291710704787852,-1.2459653711735474,-0.047724053598960696,-0.4491805130764601,85,0.08235294117647059,0.5378014658603743,-331.2591377162328,0.5067567567567568,0.41993243243243245,0.2668918918918919,0.13074324324324324,0.38067567567567573,False
USDCAD1440_comma,daily,30,250,long_short,price_slow,0.001,-0.022464422084159552,-0.8989398073615763,-1.2242374204351185,-0.055104893678778744,-0.4076665534482421,104,0.1346153846153846,0.5709097587719896,-278.07322001218085,0.5685810810810811,0.30675675675675673,0.23648648648648649,0.19358108108108107,0.3804560810810811,False
USDCAD1440_comma,daily,50,100,long_short,price_slow,0.0025,-0.017967408428440135,-0.9410862098294098,-1.2665814386991294,-0.058952982325030524,-0.3047752245913342,125,0.224,0.644816688267246,-190.8948474980667,0.4858108108108108,0.24054054054054055,0.3679054054054054,0.3493243243243243,0.3804391891891892,False
USDCAD1440_comma,daily,50,400,long_short,none,0.005,-0.020802834759911182,-0.9254244479471836,-1.2420695898874792,-0.047036778850374175,-0.44226741856804885,22,0.13636363636363635,0.48651307392663123,-1165.8261705168022,0.514527027027027,0.4277027027027027,0.2881756756756757,0.06621621621621622,0.38030405405405404,False
USDCAD1440_comma,daily,40,250,long_short,price_slow,0.001,-0.022316535809298044,-0.9081869192617235,-1.2306775020646405,-0.053750820576495086,-0.41518502545534963,101,0.12871287128712872,0.5693380351547488,-284.6964165509188,0.5510135135135135,0.33006756756756755,0.24054054054054055,0.19054054054054054,0.3796114864864865,False
USDCAD1440_comma,daily,20,150,long_only,combined,0.0,-0.011073715504098969,-1.1367919551951418,-1.5445308509301192,-0.05134204159268255,-0.21568514146654494,163,0.26380368098159507,0.7384317146910636,-100.31112266210992,0.22128378378378377,0.3695945945945946,0.5557432432432432,0.5820945945945946,0.379375,False
USDCAD1440_comma,daily,50,200,long_short,slow_slope,0.001,-0.021201182980999267,-0.9012455908128856,-1.2128358853231538,-0.05552243978556448,-0.3818489076287216,103,0.17475728155339806,0.5551844440710871,-272.2322748067421,0.5641891891891891,0.2996621621621622,0.2760135135135135,0.15641891891891893,0.37925675675675674,False
USDCAD1440_comma,daily,50,150,long_short,fast_slope,0.005,-0.016984930155929945,-1.0358524316121356,-1.3952367827324397,-0.04953639067640223,-0.3428778302982235,132,0.2727272727272727,0.6678549406736644,-174.28696406637303,0.3435810810810811,0.39864864864864863,0.4006756756756757,0.4114864864864865,0.3789527027027027,False
USDCAD1440_comma,daily,5,500,long_short,none,0.005,-0.021098820369022553,-0.9421342115745164,-1.248349100215761,-0.04499355859310701,-0.4689297985924341,72,0.125,0.5172017157352498,-381.166148863628,0.48412162162162165,0.45304054054054055,0.27871621621621623,0.10641891891891891,0.37861486486486495,False
USDCAD1440_comma,daily,20,200,long_only,combined,0.0025,-0.01109979949183304,-1.1610021769712646,-1.5745173781642057,-0.04895520239109438,-0.2267338086595725,147,0.2653061224489796,0.7303689281705346,-111.46993622448964,0.20135135135135135,0.4081081081081081,0.5547297297297298,0.5655405405405406,0.3783445945945947,False
USDCAD1440_comma,daily,75,500,long_short,price_slow,0.0025,-0.019573461991224117,-0.9702369685565589,-1.2799828930130488,-0.04396075361630746,-0.4452485542459682,68,0.1323529411764706,0.5427257322570154,-386.3021350047859,0.43817567567567567,0.4668918918918919,0.3266891891891892,0.13885135135135135,0.3781587837837838,False
USDCAD1440_comma,daily,40,500,long_only,fast_slope,0.005,-0.012939495152070046,-1.2038215678152715,-1.6161828871341568,-0.03807510890479724,-0.3398413169197724,114,0.24561403508771928,0.6988214257672123,-165.31124179304112,0.17162162162162162,0.535472972972973,0.5084459459459459,0.4922297297297297,0.3780405405405406,False
USDCAD1440_comma,daily,100,250,long_only,combined,0.005,-0.012267099140017335,-1.0885061037386246,-1.439401626543492,-0.03642351784986554,-0.33679061947232036,61,0.29508196721311475,0.560690073806336,-294.3370661794028,0.2722972972972973,0.5557432432432432,0.5222972972972973,0.16993243243243245,0.3778040540540541,False
USDCAD1440_comma,daily,60,150,long_short,slow_slope,0.005,-0.018750058890144472,-0.9491586747364228,-1.2574888485295854,-0.05205853552538849,-0.3601726153245366,71,0.30985915492957744,0.5734427451251599,-326.92843999043697,0.4722972972972973,0.3567567567567568,0.34695945945945944,0.19864864864864865,0.37729729729729733,False
USDCAD1440_comma,daily,20,300,long_short,price_slow,0.005,-0.021251218344182976,-0.919007667855173,-1.22978757764898,-0.051272030018954556,-0.4144797531193264,69,0.17391304347826086,0.5359128529904699,-404.1185356814914,0.5260135135135136,0.3706081081081081,0.2743243243243243,0.12804054054054054,0.37712837837837837,False
USDCAD1440_comma,daily,50,400,long_short,combined,0.0,-0.015434336199543819,-1.1264756296372451,-1.5083210967336815,-0.042480512231971274,-0.3633274503674129,149,0.2483221476510067,0.7008098781291993,-144.165342079477,0.22939189189189188,0.48614864864864865,0.44256756756756754,0.4972972972972973,0.376402027027027,False
USDCAD1440_comma,daily,10,400,long_short,slow_slope,0.0025,-0.01926703711570743,-0.9762891062913012,-1.2847461624111083,-0.04618173931444955,-0.4172003350614184,97,0.1958762886597938,0.5739781034835838,-267.50556896786264,0.4266891891891892,0.43614864864864866,0.3327702702702703,0.20033783783783785,0.37631756756756757,False
USDCAD1440_comma,daily,5,200,long_short,none,0.0025,-0.02324482300877906,-0.8875289570058756,-1.223887665101923,-0.05714991875434715,-0.4067341391803978,94,0.1595744680851064,0.5733962727270883,-317.9304058552947,0.5891891891891892,0.2719594594594595,0.2141891891891892,0.1983108108108108,0.37625000000000003,False
USDCAD1440_comma,daily,50,400,long_short,slow_slope,0.005,-0.018355008714771026,-0.9833539901324989,-1.2979464651844639,-0.043789603577009784,-0.41916361911089983,75,0.17333333333333334,0.5420979030138413,-333.126752794941,0.4172297297297297,0.46993243243243243,0.3550675675675676,0.13817567567567568,0.37611486486486495,False
USDCAD1440_comma,daily,60,400,long_short,combined,0.001,-0.015764689195797654,-1.1109687296447672,-1.4790834166363962,-0.04325041463732059,-0.36449798985728965,135,0.2740740740740741,0.693980979814197,-163.82939715749075,0.24527027027027026,0.4780405405405405,0.43277027027027026,0.4793918918918919,0.3760810810810811,False
USDCAD1440_comma,daily,60,200,long_only,fast_slope,0.005,-0.01301250539477139,-1.12609473847378,-1.5106345984406446,-0.04229041010563629,-0.30769399876396886,91,0.27472527472527475,0.6647008922718088,-208.15023968580664,0.22972972972972974,0.4891891891891892,0.5064189189189189,0.40337837837837837,0.3759797297297297,False
USDCAD1440_comma,daily,50,300,long_only,combined,0.001,-0.01270679110981321,-1.1413372427880226,-1.5245194518757943,-0.044019091820515006,-0.28866545365416274,105,0.2571428571428571,0.6895234532579781,-176.55411130978118,0.21655405405405406,0.46587837837837837,0.5128378378378379,0.46756756756756757,0.37579391891891895,False
USDCAD1440_comma,daily,30,300,long_short,price_slow,0.001,-0.0223455487459443,-0.9127900682698956,-1.2375808886274597,-0.05153100228642057,-0.4336331092832788,101,0.09900990099009901,0.5410898765012729,-286.54182866525815,0.5398648648648648,0.3655405405405405,0.23986486486486486,0.1358108108108108,0.3756756756756757,False
USDCAD1440_comma,daily,75,400,long_short,slow_slope,0.0,-0.01973840504426838,-0.9767211972477152,-1.288897864969267,-0.04793999859616716,-0.41173144810743656,93,0.1935483870967742,0.5967344127203191,-289.25263854742906,0.4260135135135135,0.41824324324324325,0.3206081081081081,0.2408783783783784,0.37521959459459453,False
USDCAD1440_comma,daily,20,75,long_only,combined,0.005,-0.01095291998480008,-1.2208759595260037,-1.6708259038028719,-0.04460261630439772,-0.245566760255724,138,0.26811594202898553,0.7275844342955151,-117.29523005725726,0.16148648648648647,0.4591216216216216,0.5587837837837838,0.5574324324324325,0.37474662162162165,False
USDCAD1440_comma,daily,20,150,long_short,slow_slope,0.0025,-0.019953755472973955,-0.9096974995877372,-1.220338983220602,-0.058956866846906715,-0.33844667364681824,110,0.2545454545454545,0.587896440426492,-241.08499608153278,0.5456081081081081,0.2402027027027027,0.31385135135135134,0.22297297297297297,0.37451013513513515,False
USDCAD1440_comma,daily,30,150,long_short,combined,0.001,-0.017080392194667282,-1.0491336097154702,-1.4115166065437859,-0.052417091960743595,-0.32585539479105774,175,0.24571428571428572,0.7089769212767842,-134.16701975138685,0.3253378378378378,0.3530405405405405,0.3949324324324324,0.5138513513513514,0.37445945945945946,False
USDCAD1440_comma,daily,40,250,long_short,price_slow,0.005,-0.02087856757237372,-0.9150599399430406,-1.2310455262381195,-0.05391353191912298,-0.38726024486197963,86,0.13953488372093023,0.5447709891214108,-316.7092467072154,0.5351351351351351,0.327027027027027,0.28547297297297297,0.14155405405405405,0.37413851351351357,False
USDCAD1440_comma,daily,30,250,long_short,combined,0.0025,-0.017153127078843533,-1.0990989490174703,-1.4676755863925315,-0.045538969124442566,-0.37666920021772676,159,0.2138364779874214,0.7175125770615831,-149.80923816160143,0.2597972972972973,0.4466216216216216,0.3912162162162162,0.5337837837837838,0.37388513513513516,False
USDCAD1440_comma,daily,60,300,long_short,none,0.0025,-0.021296368864193393,-0.8765556084637524,-1.1742202112815106,-0.0571162425913716,-0.3728601164567954,24,0.25,0.4717808411999106,-1112.7562129910564,0.6077702702702703,0.2739864864864865,0.2719594594594595,0.05168918918918919,0.37375,False
USDCAD1440_comma,daily,50,300,long_only,combined,0.0025,-0.012564968753232097,-1.1471519973190163,-1.530101958146158,-0.04383708514732555,-0.28662874620893153,103,0.2621359223300971,0.6862680776447823,-178.15885318255405,0.21081081081081082,0.4689189189189189,0.5158783783783784,0.4597972972972973,0.3736993243243244,False
USDCAD1440_comma,daily,20,400,long_short,price_slow,0.0,-0.021804427792422088,-0.9291637192875289,-1.250147435724131,-0.04941452843248856,-0.44125540572975164,101,0.0891089108910891,0.5365777315585255,-282.2798837775276,0.5070945945945946,0.39966216216216216,0.2570945945945946,0.12905405405405404,0.37353040540540544,False
USDCAD1440_comma,daily,20,400,long_short,combined,0.001,-0.01276094465679567,-1.1468994649296564,-1.565356923706917,-0.050652730933740106,-0.2519300424983705,202,0.24752475247524752,0.7520642697592859,-90.58771379849766,0.21182432432432433,0.3831081081081081,0.5114864864864865,0.6047297297297297,0.37351351351351353,False
USDCAD1440_comma,daily,20,75,long_only,fast_slope,0.001,-0.01289147835202431,-1.133864342284935,-1.531662859282636,-0.04976093923435378,-0.25906822801938467,166,0.25301204819277107,0.726131166340227,-113.1455517613131,0.22432432432432434,0.3952702702702703,0.5091216216216217,0.5540540540540541,0.37347972972972976,False
USDCAD1440_comma,daily,50,250,long_short,combined,0.0025,-0.017364274234529575,-1.0720852627874717,-1.433989487803425,-0.04623531842151836,-0.37556298577254044,154,0.2597402597402597,0.6867082745159866,-154.20454310763955,0.29493243243243245,0.4358108108108108,0.38513513513513514,0.46047297297297296,0.3730236486486486,False
USDCAD1440_comma,daily,100,300,long_short,fast_slope,0.005,-0.016850732038803606,-1.0414422955610525,-1.3924558471197754,-0.041407168985932524,-0.40695204360695114,101,0.25742574257425743,0.5886715901052527,-228.73176179968644,0.33344594594594595,0.49898648648648647,0.40371621621621623,0.225,0.3726182432432433,False
USDCAD1440_comma,daily,100,400,long_short,price_slow,0.005,-0.018925697391266372,-0.9792760330124678,-1.2886389546453625,-0.04581543226369369,-0.41308564507998735,67,0.11940298507462686,0.5572964363538614,-384.3460961255787,0.42195945945945945,0.4429054054054054,0.34155405405405403,0.16148648648648647,0.3720439189189189,False
USDCAD1440_comma,daily,75,400,long_short,price_slow,0.001,-0.020239426255720283,-0.9591003786778737,-1.274893881562579,-0.046867874533918705,-0.4318400707732719,84,0.10714285714285714,0.5445236706403714,-321.6951460334069,0.4557432432432432,0.4293918918918919,0.30574324324324326,0.14121621621621622,0.3719763513513514,False
USDCAD1440_comma,daily,10,100,long_short,slow_slope,0.0025,-0.02203940659572634,-0.937315707140227,-1.2759020474926486,-0.05681659521044119,-0.38790438804182614,148,0.20945945945945946,0.6508572260442435,-197.54226958989466,0.4908783783783784,0.2797297297297297,0.24966216216216217,0.36925675675675673,0.3716047297297298,False
USDCAD1440_comma,daily,40,500,long_short,price_slow,0.005,-0.019955440136437463,-0.9604750399753467,-1.2783253466510054,-0.04544637795103854,-0.4390985824642917,63,0.12698412698412698,0.5136057471255191,-421.8985399839125,0.4537162162162162,0.4472972972972973,0.31351351351351353,0.10168918918918919,0.3712668918918919,False
USDCAD1440_comma,daily,30,400,long_short,fast_slope,0.0025,-0.017136202649498777,-1.123801249385378,-1.5033210104765036,-0.043155847205563896,-0.3970771925267518,156,0.23076923076923078,0.7171106472397892,-152.08710031106892,0.23310810810810811,0.4783783783783784,0.39222972972972975,0.5327702702702702,0.37119932432432434,False
USDCAD1440_comma,daily,20,75,long_only,fast_slope,0.0,-0.012958543863756722,-1.1182871059697463,-1.5099803553675524,-0.05207157028721181,-0.24886024739183243,171,0.26900584795321636,0.7310239832210413,-110.35431790023716,0.23851351351351352,0.35574324324324325,0.5074324324324324,0.5672297297297297,0.3709121621621622,False
USDCAD1440_comma,daily,20,150,long_short,price_slow,0.001,-0.022295287427509747,-0.9021079831381078,-1.2307751229577675,-0.05919218477847273,-0.3766593091799205,121,0.18181818181818182,0.6069045272640196,-240.42619366415386,0.5611486486486487,0.23547297297297298,0.24155405405405406,0.2594594594594595,0.3705574324324324,False
USDCAD1440_comma,daily,10,400,long_only,combined,0.005,-0.010698009807721176,-1.2808064316655126,-1.722398622676889,-0.04763267912211986,-0.22459391335712608,190,0.3,0.7788721834624012,-83.36699973007711,0.13277027027027027,0.42162162162162165,0.566554054054054,0.6550675675675676,0.3700844594594595,False
USDCAD1440_comma,daily,100,400,long_short,combined,0.0,-0.01537718853726977,-1.0778503517487328,-1.4214984092511727,-0.041044778855046565,-0.37464420484699734,107,0.2336448598130841,0.6163804127406404,-203.40981429947496,0.2851351351351351,0.5013513513513513,0.4449324324324324,0.27804054054054056,0.37008445945945945,False
USDCAD1440_comma,daily,75,500,long_short,fast_slope,0.005,-0.014750268597864213,-1.085865890605754,-1.4381298637998006,-0.044311978258644046,-0.33287316832863,105,0.23809523809523808,0.6456375551235418,-199.40901174082325,0.2760135135135135,0.4614864864864865,0.4577702702702703,0.3516891891891892,0.37008445945945945,False
USDCAD1440_comma,daily,20,200,long_short,price_slow,0.005,-0.021990694088204088,-0.9223354903617768,-1.2492575118507738,-0.05306359348115463,-0.41442150155198243,78,0.16666666666666666,0.5610909306602619,-369.0162931721142,0.5199324324324325,0.34324324324324323,0.25135135135135134,0.17094594594594595,0.36969594594594596,False
USDCAD1440_comma,daily,60,400,long_short,slow_slope,0.001,-0.019652541262187073,-0.9764546408563503,-1.2915011158111764,-0.047304772287481416,-0.4154452143380861,89,0.21348314606741572,0.5685255988790904,-300.0462137296644,0.4263513513513513,0.4243243243243243,0.3236486486486487,0.18885135135135134,0.36967905405405405,False
USDCAD1440_comma,daily,100,200,long_only,combined,0.005,-0.010646567361451753,-1.10516648844002,-1.4799800630733848,-0.037998768317912775,-0.28018190674967003,59,0.3050847457627119,0.5456335040059851,-267.2802994271042,0.25101351351351353,0.5358108108108108,0.5682432432432433,0.14358108108108109,0.36954391891891897,False
USDCAD1440_comma,daily,30,300,long_short,price_slow,0.005,-0.021267553229668446,-0.9266226503287553,-1.2389543774107485,-0.05171127100160044,-0.41127500480524304,73,0.1506849315068493,0.5372067920697183,-382.4069817163098,0.5111486486486486,0.36317567567567566,0.2739864864864865,0.1293918918918919,0.3694594594594595,False
USDCAD1440_comma,daily,60,200,long_only,combined,0.0025,-0.014288979308107241,-1.1220490261684817,-1.5154739854081838,-0.04354033302617695,-0.32817799761698063,112,0.2857142857142857,0.6704806395427194,-183.98426030933607,0.23479729729729729,0.47364864864864864,0.47128378378378377,0.4189189189189189,0.36942567567567564,False
USDCAD1440_comma,daily,60,100,long_short,slow_slope,0.005,-0.016452099557700106,-1.0057691403101707,-1.3244373025262395,-0.04915415094690298,-0.33470417534974617,69,0.3188405797101449,0.576547131710066,-322.0807442161445,0.38682432432432434,0.4047297297297297,0.4131756756756757,0.20540540540540542,0.36935810810810815,False
USDCAD1440_comma,daily,75,200,long_only,combined,0.005,-0.011899648275426888,-1.1122753105796725,-1.4829100915152746,-0.044372766193430016,-0.2681745876187631,85,0.3176470588235294,0.637706739596988,-205.45675366317724,0.24391891891891893,0.4608108108108108,0.5317567567567567,0.33344594594594595,0.3691385135135135,False
USDCAD1440_comma,daily,40,400,long_short,combined,0.001,-0.014765512056901131,-1.1385816082471591,-1.5361660285349148,-0.044641356738800195,-0.3307585865567485,156,0.2564102564102564,0.7040788413827611,-132.5832694526376,0.21824324324324323,0.4581081081081081,0.4574324324324324,0.5050675675675675,0.3690709459459459,False
USDCAD1440_comma,daily,60,250,long_only,fast_slope,0.0025,-0.01448530984859886,-1.10067513137622,-1.476663306031528,-0.04506593518010982,-0.32142481434607084,106,0.2830188679245283,0.6640061796525183,-196.7867613986956,0.2560810810810811,0.4523648648648649,0.4668918918918919,0.40033783783783783,0.3689527027027027,False
USDCAD1440_comma,daily,30,500,long_short,price_slow,0.0025,-0.02121313108059175,-0.9482074715927766,-1.2710931330536492,-0.04701294314994382,-0.4512189550212642,78,0.10256410256410256,0.5247309004541315,-357.80904705885393,0.4743243243243243,0.4280405405405405,0.27533783783783783,0.11351351351351352,0.3688344594594595,False
USDCAD1440_comma,daily,30,150,long_short,price_slow,0.0,-0.023008374479530858,-0.919014348664414,-1.2486262222024176,-0.05560951055292388,-0.4137489118454596,129,0.18604651162790697,0.610061942511347,-231.36124606725446,0.5256756756756756,0.2993243243243243,0.21756756756756757,0.26587837837837835,0.3684966216216216,False
USDCAD1440_comma,daily,40,150,long_short,none,0.0,-0.023194723929179206,-0.8539063453352856,-1.2022373249928011,-0.06111328888313841,-0.37953650266691497,45,0.26666666666666666,0.5188003988378308,-667.2592577585793,0.6462837837837838,0.20101351351351351,0.21486486486486486,0.10810810810810811,0.36795608108108113,False
USDCAD1440_comma,daily,30,300,long_short,fast_slope,0.005,-0.017247840459408748,-1.0954130925944519,-1.4658994173973483,-0.046951504994373415,-0.36735436833123236,146,0.23972602739726026,0.7092221436289307,-163.04593288951935,0.2641891891891892,0.4287162162162162,0.38885135135135135,0.5152027027027027,0.36790540540540545,False
USDCAD1440_comma,daily,60,200,long_short,price_slow,0.0,-0.02218955954428048,-0.9274396433199673,-1.2501353385317748,-0.05347474244174805,-0.4149540237328373,113,0.1504424778761062,0.5758441988207493,-256.510593870547,0.5097972972972973,0.3368243243243243,0.2445945945945946,0.20405405405405405,0.367652027027027,False
USDCAD1440_comma,daily,20,300,long_only,combined,0.005,-0.010539480699455206,-1.1832965770588297,-1.6118144243245942,-0.05111281712690585,-0.2062003484035555,150,0.2733333333333333,0.7311845099116809,-104.15495840389737,0.1847972972972973,0.37432432432432433,0.5709459459459459,0.5675675675675675,0.3668243243243243,False
USDCAD1440_comma,daily,20,200,long_only,combined,0.005,-0.01120026548172881,-1.1772785402111503,-1.5979540985357323,-0.04920166532629052,-0.2276399672135495,137,0.27007299270072993,0.7171973989010486,-120.59980186614011,0.1891891891891892,0.4027027027027027,0.5523648648648649,0.5331081081081082,0.3667905405405406,False
USDCAD1440_comma,daily,20,400,long_short,combined,0.005,-0.01209244987282887,-1.1597346618060662,-1.5850161831351564,-0.05132998752478494,-0.23558256013582646,182,0.24725274725274726,0.7415251577341367,-95.92448625289784,0.20236486486486485,0.37027027027027026,0.527027027027027,0.5851351351351352,0.3666891891891892,False
USDCAD1440_comma,daily,10,200,long_short,price_slow,0.001,-0.024295702102326233,-0.9095949101856903,-1.2513266095248425,-0.05418584795729598,-0.448377261189559,115,0.13043478260869565,0.5738135277322921,-268.9466248668022,0.5462837837837838,0.32263513513513514,0.1847972972972973,0.19966216216216215,0.3660810810810811,False
USDCAD1440_comma,daily,20,200,long_only,combined,0.0,-0.011738644951785226,-1.1640306940166134,-1.5778890258233729,-0.05006325178943134,-0.2344762781522579,154,0.2727272727272727,0.7216550954334477,-111.99958035998252,0.19864864864864865,0.3898648648648649,0.5381756756756757,0.5432432432432432,0.36604729729729735,False
USDCAD1440_comma,daily,40,400,long_only,fast_slope,0.005,-0.012988724691114228,-1.2085505869787245,-1.6244832438037033,-0.038716793570216554,-0.3354803818544,110,0.24545454545454545,0.6777723630889908,-171.9122974837762,0.16824324324324325,0.527027027027027,0.5067567567567568,0.4375,0.3660304054054054,False
USDCAD1440_comma,daily,75,100,long_only,price_slow,0.001,-0.011885503148735377,-1.0710900144893472,-1.418744710541704,-0.049321734970641525,-0.2409790157586742,76,0.27631578947368424,0.6107921135397743,-229.53786974999338,0.29695945945945945,0.4010135135135135,0.533445945945946,0.26756756756756755,0.3658614864864865,False
USDCAD1440_comma,daily,60,150,long_only,combined,0.0025,-0.012964064465375458,-1.0975561873148236,-1.481761177176207,-0.04588977166120786,-0.2825044448049501,105,0.2571428571428571,0.6333746934041564,-179.78917452259626,0.26182432432432434,0.4418918918918919,0.5070945945945946,0.32432432432432434,0.36527027027027026,False
USDCAD1440_comma,daily,5,50,long_short,slow_slope,0.0025,-0.022748620932762642,-0.9672756598452381,-1.3119205057944143,-0.058945585153725666,-0.3859257800806616,223,0.2645739910313901,0.720705296822668,-137.0065674869989,0.4466216216216216,0.2408783783783784,0.22567567567567567,0.5405405405405406,0.36508445945945944,False
USDCAD1440_comma,daily,30,100,long_short,combined,0.0,-0.020433530670597944,-1.0487769188284108,-1.4113084150992754,-0.05138637169306891,-0.3976449396475692,209,0.2727272727272727,0.7208027730251487,-132.09902845942787,0.3260135135135135,0.36858108108108106,0.3010135135135135,0.5412162162162162,0.36393581081081083,False
USDCAD1440_comma,daily,20,400,long_short,combined,0.0025,-0.01252193018465031,-1.1505487809435186,-1.5718757294377732,-0.052679317199494625,-0.23770107226770276,193,0.24870466321243523,0.7482111058147705,-93.19847869129035,0.20810810810810812,0.3489864864864865,0.5165540540540541,0.5983108108108108,0.36354729729729734,False
USDCAD1440_comma,daily,50,150,long_short,fast_slope,0.0025,-0.019374556268709653,-1.0347088018627035,-1.3890128363827476,-0.051207435551535965,-0.37835435537893314,157,0.2929936305732484,0.6806508963416207,-165.6942560364893,0.34459459459459457,0.37195945945945946,0.3304054054054054,0.44391891891891894,0.3634966216216216,False
USDCAD1440_comma,daily,50,250,long_short,combined,0.0,-0.017996796352394928,-1.068155983659976,-1.4305028072288795,-0.048866055205692226,-0.36828829903786764,161,0.2546583850931677,0.6841099364754173,-152.2663351495002,0.2989864864864865,0.40912162162162163,0.3672297297297297,0.4537162162162162,0.3633783783783784,False
USDCAD1440_comma,daily,20,100,long_only,combined,0.005,-0.011357866476470413,-1.2046289538185597,-1.6452937587414194,-0.04802988735709527,-0.23647497634184145,136,0.23529411764705882,0.7194907054196663,-123.05325260707332,0.17060810810810811,0.4175675675675676,0.5476351351351352,0.5385135135135135,0.3629391891891892,False
USDCAD1440_comma,daily,40,300,long_short,price_slow,0.0,-0.022662256693392613,-0.918971598826199,-1.2458122487011911,-0.05278881036039095,-0.42930038655307134,109,0.11009174311926606,0.5343050325740033,-268.9672508747414,0.5263513513513514,0.34831081081081083,0.22939189189189188,0.12635135135135134,0.36244932432432436,False
USDCAD1440_comma,daily,30,300,long_short,price_slow,0.0,-0.022889662320295545,-0.9165681405792239,-1.245339922051898,-0.05326273267634371,-0.42975005543532385,110,0.1,0.540733029190969,-266.50636275044917,0.5317567567567567,0.3402027027027027,0.22162162162162163,0.13445945945945945,0.3622466216216216,False
USDCAD1440_comma,daily,100,250,long_short,none,0.0025,-0.02103150767978501,-0.8757420442121249,-1.17312978501576,-0.0601835216866618,-0.3494562479956391,23,0.2608695652173913,0.4748318661028671,-1179.2994053324664,0.6087837837837838,0.2179054054054054,0.28074324324324323,0.05337837837837838,0.3621452702702703,False
USDCAD1440_comma,daily,20,150,long_short,none,0.0025,-0.023408028616327403,-0.8991454913644771,-1.2332706207497899,-0.05900364651890128,-0.3967217281872376,59,0.2542372881355932,0.5862727341918889,-512.800141062285,0.5679054054054054,0.23885135135135135,0.21047297297297296,0.21993243243243243,0.36195945945945945,False
USDCAD1440_comma,daily,50,150,long_short,fast_slope,0.0,-0.02099781409996837,-1.0173682954544232,-1.3689115165731163,-0.05349617510827345,-0.39251056841858123,183,0.30601092896174864,0.6965069831446168,-151.08609682812428,0.3706081081081081,0.3358108108108108,0.28175675675675677,0.4885135135135135,0.3618243243243244,False
USDCAD1440_comma,daily,20,150,long_short,none,0.001,-0.023409941281335,-0.8757795910186665,-1.2254818185327416,-0.06066677555585909,-0.3858774603865379,62,0.3064516129032258,0.5535769913763942,-493.1801517932112,0.6084459459459459,0.20945945945945946,0.21013513513513513,0.15472972972972973,0.36097972972972975,False
USDCAD1440_comma,daily,5,200,long_short,price_slow,0.0025,-0.023697130014995738,-0.9025653117327133,-1.2397347888506318,-0.057584859206076304,-0.41151667889283017,107,0.14018691588785046,0.5738841023461507,-284.15931181405585,0.5601351351351351,0.26554054054054055,0.20202702702702702,0.2,0.3608445945945946,False
USDCAD1440_comma,daily,40,50,long_short,combined,0.0,-0.021452215057312873,-0.9961920419114887,-1.335563563946056,-0.05816737191241627,-0.3688015179646398,242,0.25206611570247933,0.7271652696617797,-118.66265125403123,0.40168918918918917,0.2537162162162162,0.2662162162162162,0.5564189189189189,0.3608108108108108,False
USDCAD1440_comma,daily,5,75,long_short,none,0.0025,-0.024164683120583508,-0.9088933735711515,-1.2442015508064757,-0.06408165567787637,-0.37709205333354323,146,0.23972602739726026,0.6772673029720252,-217.19775793525696,0.5472972972972973,0.15304054054054053,0.18783783783783783,0.43614864864864866,0.36016891891891895,False
USDCAD1440_comma,daily,30,200,long_short,fast_slope,0.005,-0.01863710863706447,-1.0662832593887113,-1.4388316499181142,-0.05084697658484155,-0.366533270782919,151,0.25165562913907286,0.6983332014064805,-167.7397101529343,0.30405405405405406,0.3793918918918919,0.35,0.4908783783783784,0.36010135135135135,False
USDCAD1440_comma,daily,40,200,long_short,fast_slope,0.0,-0.01950281961340139,-1.01509072176988,-1.3679918045860007,-0.05612564022026336,-0.3474850271081661,189,0.2804232804232804,0.6941324476187304,-138.24694572298327,0.37432432432432433,0.2905405405405405,0.32804054054054055,0.4797297297297297,0.35993243243243245,False
USDCAD1440_comma,daily,20,150,long_only,combined,0.0025,-0.011898243669125286,-1.1739006561493937,-1.5931863521637455,-0.050658528052731605,-0.2348714841603794,155,0.25806451612903225,0.7200210421195564,-112.6576962337761,0.1912162162162162,0.3827702702702703,0.5320945945945946,0.539527027027027,0.359527027027027,False
USDCAD1440_comma,daily,10,400,long_short,none,0.001,-0.023535799659101464,-0.9250886008268139,-1.2544413788698465,-0.05022469747222107,-0.46861008315916586,58,0.08620689655172414,0.5132476359753468,-523.9775985900148,0.5152027027027027,0.3875,0.20641891891891892,0.10135135135135136,0.3594425675675676,False
USDCAD1440_comma,daily,5,75,long_short,price_slow,0.0025,-0.023652276100637692,-0.912947592258007,-1.2413638795090018,-0.06460176986945242,-0.3661242741249091,168,0.2261904761904762,0.6824309941118626,-185.2856025308862,0.539527027027027,0.14222972972972972,0.20337837837837838,0.44932432432432434,0.35944256756756754,False
USDCAD1440_comma,daily,50,250,long_short,price_slow,0.001,-0.022193773018101326,-0.9176775937707266,-1.2365980547916564,-0.05504258212310131,-0.40321097161585784,103,0.13592233009708737,0.5454390872978269,-278.4170896745855,0.5293918918918918,0.3091216216216216,0.24425675675675676,0.14290540540540542,0.35932432432432426,False
USDCAD1440_comma,daily,100,400,long_short,combined,0.001,-0.015619798084728131,-1.088450648683155,-1.433644806073114,-0.04181701733214684,-0.3735273121146402,104,0.23076923076923078,0.6072606498489248,-212.38974487082865,0.27263513513513515,0.49324324324324326,0.4375,0.26047297297297295,0.35893581081081083,False
USDCAD1440_comma,daily,60,100,long_short,slow_slope,0.0,-0.02330475901234741,-0.9279801192235135,-1.265842773508094,-0.055917228662384404,-0.4167724254192975,139,0.2446043165467626,0.6071493629277729,-219.36033087436758,0.5087837837837837,0.29324324324324325,0.21351351351351353,0.26013513513513514,0.35854729729729734,False
USDCAD1440_comma,daily,40,100,long_short,slow_slope,0.001,-0.022965448923954912,-0.9392992604798999,-1.281717058522524,-0.05617234317340451,-0.4088390767866025,135,0.22962962962962963,0.6274481959702278,-224.5429726971061,0.48817567567567566,0.2902027027027027,0.21858108108108107,0.30844594594594593,0.3578040540540541,False
USDCAD1440_comma,daily,5,500,long_short,none,0.001,-0.023416534203630435,-0.9324211983308458,-1.2578383052640092,-0.048691734881870286,-0.4809139427962602,70,0.11428571428571428,0.503856121979669,-433.9402755321878,0.49932432432432433,0.41114864864864864,0.2097972972972973,0.08648648648648649,0.3574493243243243,False
USDCAD1440_comma,daily,100,200,long_only,combined,0.0025,-0.01391492287388607,-1.098752487994335,-1.4619080798106583,-0.0385359306626535,-0.36108957626321203,73,0.273972602739726,0.5577759279580364,-275.641165755233,0.2608108108108108,0.5287162162162162,0.4817567567567568,0.16283783783783784,0.3572804054054054,False
USDCAD1440_comma,daily,100,300,long_short,price_slow,0.0025,-0.020483069170472157,-0.9693599996300656,-1.2851114229627079,-0.05090314043540897,-0.4023930349928633,95,0.1368421052631579,0.5628035257755813,-286.27286934037903,0.4412162162162162,0.3783783783783784,0.2993243243243243,0.17466216216216215,0.35714527027027027,False
USDCAD1440_comma,daily,10,200,long_only,fast_slope,0.005,-0.013027719313410513,-1.220003557432963,-1.6541775246056905,-0.05011194776440394,-0.25997231986788794,210,0.2857142857142857,0.758022116122433,-90.29382157024712,0.16216216216216217,0.3885135135135135,0.5060810810810811,0.620945945945946,0.3563513513513513,False
USDCAD1440_comma,daily,40,200,long_short,price_slow,0.0025,-0.022387912937709142,-0.925006182023279,-1.2547473712564092,-0.054997773269702385,-0.40706944311947946,102,0.16666666666666666,0.5587726062174195,-285.8525007267412,0.5155405405405405,0.310472972972973,0.23851351351351352,0.1652027027027027,0.35631756756756755,False
USDCAD1440_comma,daily,75,150,long_only,none,0.005,-0.014189048191150966,-1.0254078721333866,-1.3490045031406903,-0.04449899565673377,-0.3188622120958773,20,0.25,0.44089124947925,-923.0028778778209,0.3570945945945946,0.4597972972972973,0.47297297297297297,0.024324324324324326,0.3560304054054054,False
USDCAD1440_comma,daily,60,300,long_only,slow_slope,0.005,-0.015155654423302245,-1.0128209178408372,-1.309867761256825,-0.04987936152649086,-0.3038461992993454,43,0.13953488372093023,0.5238775248146009,-505.0717219600301,0.377027027027027,0.39256756756756755,0.45,0.11182432432432432,0.3557263513513514,False
USDCAD1440_comma,daily,20,400,long_short,combined,0.0,-0.01342995792647117,-1.1541772411766837,-1.5720860389144573,-0.053555973045362984,-0.2507648944235543,209,0.24880382775119617,0.7506085072226137,-91.77810849328155,0.20574324324324325,0.33378378378378376,0.49493243243243246,0.6016891891891892,0.3549831081081081,False
USDCAD1440_comma,daily,60,200,long_only,combined,0.005,-0.013654201192829007,-1.1639300511340385,-1.5632992926037321,-0.043836892764624956,-0.31147739567544197,101,0.297029702970297,0.6620058419918983,-195.86646271566158,0.19898648648648648,0.46925675675675677,0.4912162162162162,0.39763513513513515,0.3547972972972973,False
USDCAD1440_comma,daily,50,400,long_short,combined,0.001,-0.016241195914359463,-1.1470528959061765,-1.5337960412171618,-0.04370123640697191,-0.37164156554088734,147,0.24489795918367346,0.6859235907296691,-153.0830599320426,0.21114864864864866,0.47094594594594597,0.4195945945945946,0.4574324324324324,0.35472972972972977,False
USDCAD1440_comma,daily,50,300,long_only,combined,0.005,-0.013184060787580387,-1.178875762333477,-1.5689916879482182,-0.04517248628006767,-0.2918604193233846,100,0.25,0.6781940870677428,-191.6727373971792,0.1875,0.4516891891891892,0.5020270270270271,0.43851351351351353,0.3541047297297298,False
USDCAD1440_comma,daily,5,400,long_short,none,0.0,-0.024335371564835007,-0.9277911933806063,-1.2567312258813348,-0.050294624664631526,-0.48385631122819106,75,0.09333333333333334,0.5240600370220202,-412.87280940213344,0.5094594594594595,0.3864864864864865,0.18412162162162163,0.1125,0.35410472972972973,False
USDCAD1440_comma,daily,10,50,long_short,price_slow,0.001,-0.023771630858859805,-0.9205555079833587,-1.2521705325606065,-0.06804256502756167,-0.34936412008028717,224,0.21875,0.7142685629222926,-142.09741182165445,0.522972972972973,0.10067567567567567,0.20067567567567568,0.5273648648648649,0.353597972972973,False
USDCAD1440_comma,daily,60,200,long_short,none,0.0025,-0.0215662863522339,-0.8786136377316527,-1.1927570938423468,-0.060916273868634324,-0.3540316073622871,32,0.1875,0.47685560314431236,-828.4494545083887,0.6040540540540541,0.20304054054054055,0.2641891891891892,0.05574324324324324,0.35358108108108116,False
USDCAD1440_comma,daily,100,150,long_short,slow_slope,0.001,-0.020669059390551747,-0.9342234499744267,-1.2439105884160575,-0.0586105937103404,-0.35265057188637894,98,0.29591836734693877,0.5907509279581318,-265.2624401008918,0.49594594594594593,0.2472972972972973,0.2935810810810811,0.22905405405405405,0.353277027027027,False
USDCAD1440_comma,daily,10,400,long_short,slow_slope,0.0,-0.020662567504688978,-0.9845546058648985,-1.295392420416571,-0.04903528393270361,-0.4213816225281053,107,0.17757009345794392,0.5614991092051299,-257.49598759789467,0.4155405405405405,0.40675675675675677,0.2942567567567568,0.17229729729729729,0.35260135135135134,False
USDCAD1440_comma,daily,75,400,long_short,fast_slope,0.001,-0.017119617228905093,-1.0637235093001758,-1.4114222969933734,-0.04974932292959281,-0.34411759237675343,135,0.26666666666666666,0.64370689085267,-175.97046201819353,0.30675675675675673,0.39594594594594595,0.3932432432432432,0.34695945945945944,0.35238175675675676,False
USDCAD1440_comma,daily,30,400,long_short,price_slow,0.001,-0.02249962833312069,-0.9511977767592462,-1.2788436628559674,-0.0488587728914978,-0.4605033446723338,89,0.0898876404494382,0.5146635497656138,-331.18849501557946,0.46790540540540543,0.40945945945945944,0.23581081081081082,0.10405405405405406,0.3522972972972973,False
USDCAD1440_comma,daily,50,400,long_short,none,0.0,-0.024071309124855,-0.9238189372298192,-1.2692779234762261,-0.04917994474490184,-0.4894537651417413,24,0.20833333333333334,0.4561111028260568,-1250.1387081388832,0.5175675675675676,0.40371621621621623,0.19222972972972974,0.03581081081081081,0.3517736486486487,False
USDCAD1440_comma,daily,100,500,long_short,combined,0.0025,-0.015466216104433772,-1.1005430637418456,-1.4483131094696007,-0.0419021916471488,-0.3691027962134329,97,0.2268041237113402,0.6030090266342079,-225.32196211832718,0.25641891891891894,0.4918918918918919,0.44155405405405407,0.252027027027027,0.35165540540540546,False
USDCAD1440_comma,daily,20,300,long_only,combined,0.0,-0.0120748163269907,-1.1896088128446014,-1.6132415729180958,-0.05263805223238139,-0.22939329657723595,167,0.2634730538922156,0.732260762341137,-105.9766843393902,0.18277027027027026,0.35,0.5273648648648649,0.5699324324324324,0.35157094594594596,False
USDCAD1440_comma,daily,40,200,long_only,combined,0.0,-0.014917611465565916,-1.1522997744123775,-1.5557190926621838,-0.046151966152761285,-0.3232280812520355,127,0.23622047244094488,0.6835617824483612,-168.6154711218671,0.20641891891891892,0.43682432432432433,0.45472972972972975,0.4516891891891892,0.350472972972973,False
USDCAD1440_comma,daily,60,150,long_only,fast_slope,0.005,-0.013082503304745585,-1.134597715490182,-1.5200481863121569,-0.04385740426082755,-0.2982963430061132,76,0.27631578947368424,0.6195870839010271,-250.44464416152678,0.22364864864864864,0.46824324324324323,0.5047297297297297,0.2864864864864865,0.3504391891891892,False
USDCAD1440_comma,daily,5,500,long_short,none,0.0,-0.023910528367778072,-0.9302947047924398,-1.2595837749271472,-0.05053637439511902,-0.47313501718254314,68,0.11764705882352941,0.5025455508113555,-455.2612564828102,0.5050675675675675,0.3837837837837838,0.19695945945945945,0.08412162162162162,0.3499831081081081,False
USDCAD1440_comma,daily,50,100,long_short,none,0.005,-0.018908064114383727,-0.9675745719143728,-1.2868557874865825,-0.052535137523185234,-0.35991271757952603,52,0.34615384615384615,0.5126305050619592,-485.13767757458805,0.4452702702702703,0.35202702702702704,0.3418918918918919,0.10033783783783784,0.349543918918919,False
USDCAD1440_comma,daily,10,250,long_short,price_slow,0.0025,-0.02399233802082501,-0.9218083476834762,-1.2565012621004277,-0.05452219319834131,-0.4400471920405966,103,0.14563106796116504,0.550152199688408,-298.8315397392235,0.5209459459459459,0.31824324324324327,0.1939189189189189,0.14966216216216216,0.34917229729729726,False
USDCAD1440_comma,daily,50,150,long_short,fast_slope,0.001,-0.02050852734069808,-1.0258762241207193,-1.379677275859042,-0.05450634217104329,-0.3762594686016798,171,0.29239766081871343,0.6818183811983201,-159.48209035774423,0.3560810810810811,0.31891891891891894,0.2983108108108108,0.4462837837837838,0.3487668918918919,False
USDCAD1440_comma,daily,40,150,long_short,slow_slope,0.0,-0.021716642054581237,-0.9079000700969103,-1.2212701610469239,-0.06232545841380361,-0.34843934737544613,119,0.2689075630252101,0.5782600682294448,-235.04304446906946,0.5516891891891892,0.17972972972972973,0.2597972972972973,0.20777027027027026,0.34873310810810815,False
USDCAD1440_comma,daily,10,75,long_short,none,0.0,-0.02679653308378316,-0.8986512525537441,-1.2634092537029697,-0.06206587678536519,-0.43174340671042677,118,0.2711864406779661,0.6395578456187764,-293.88249296201906,0.5692567567567568,0.1831081081081081,0.1222972972972973,0.33783783783783783,0.3486148648648649,False
USDCAD1440_comma,daily,40,75,long_short,combined,0.005,-0.015750476062418195,-1.0623770796536736,-1.4249856911831476,-0.055385041463574564,-0.2843814077990158,113,0.24778761061946902,0.6685724455531217,-190.4125570860829,0.30945945945945946,0.30202702702702705,0.4331081081081081,0.41385135135135137,0.3479898648648649,False
USDCAD1440_comma,daily,5,100,long_short,slow_slope,0.001,-0.023796788690415238,-0.9525684380325914,-1.2955893855180418,-0.056499505134046286,-0.42118578975084553,166,0.2289156626506024,0.6370356519998968,-186.81255504990034,0.4652027027027027,0.2864864864864865,0.19966216216216215,0.3331081081081081,0.3476013513513514,False
USDCAD1440_comma,daily,30,150,long_short,combined,0.005,-0.01631619496644121,-1.072888509320611,-1.4414637991186616,-0.05494691594449703,-0.29694469081617836,150,0.2733333333333333,0.6869762382383854,-151.91606098164445,0.2925675675675676,0.3108108108108108,0.4179054054054054,0.46114864864864863,0.3474831081081081,False
USDCAD1440_comma,daily,60,400,long_short,none,0.0,-0.02421746269520475,-0.9257698925729464,-1.271088810835786,-0.05080105803651011,-0.4767117778885619,22,0.18181818181818182,0.4839102954621487,-1385.6497568462323,0.5138513513513514,0.3804054054054054,0.1864864864864865,0.06351351351351352,0.34746621621621626,False
USDCAD1440_comma,daily,60,200,long_short,price_slow,0.001,-0.022136974890700767,-0.9362056783232852,-1.2596876963534274,-0.05539109173621488,-0.39964864740565387,109,0.14678899082568808,0.5610075187062651,-266.30279108235936,0.4925675675675676,0.3016891891891892,0.2462837837837838,0.17027027027027028,0.3472466216216217,False
USDCAD1440_comma,daily,40,100,long_short,fast_slope,0.0025,-0.019755749790843047,-1.0239487709764639,-1.3835830744479485,-0.05604827378970082,-0.3524773994818958,162,0.2777777777777778,0.6792552478490715,-161.75368611922232,0.3601351351351351,0.2918918918918919,0.3199324324324324,0.4408783783783784,0.34714527027027026,False
USDCAD1440_comma,daily,40,50,long_short,slow_slope,0.0025,-0.015934644719581503,-1.0596292994001963,-1.441187379148341,-0.05935102731902223,-0.2684813631604046,122,0.3770491803278688,0.7125734304401956,-186.11977696883807,0.31283783783783786,0.23243243243243245,0.4266891891891892,0.5222972972972973,0.34692567567567567,False
USDCAD1440_comma,daily,5,200,long_short,price_slow,0.001,-0.025129922666746518,-0.9111907675939814,-1.2559423304113755,-0.05727418847675274,-0.43876523325942207,119,0.13445378151260504,0.5713313035688665,-265.68660828993546,0.5425675675675675,0.26925675675675675,0.16148648648648647,0.19527027027027027,0.34592905405405405,False
USDCAD1440_comma,daily,75,100,long_only,fast_slope,0.001,-0.013840025270875356,-1.0926664679114477,-1.4437131586711354,-0.0483378788957078,-0.2863184232956546,82,0.2926829268292683,0.6027878605325724,-244.20090826628785,0.2685810810810811,0.41452702702702704,0.48445945945945945,0.25135135135135134,0.3456587837837838,False
USDCAD1440_comma,daily,10,150,long_short,price_slow,0.005,-0.02293555026917482,-0.9316323709899528,-1.2550081061537066,-0.056420034841935196,-0.4065142875829556,88,0.18181818181818182,0.5710749328834585,-338.63748264266724,0.5010135135135135,0.2881756756756757,0.22027027027027027,0.19425675675675674,0.3456418918918919,False
USDCAD1440_comma,daily,10,100,long_short,slow_slope,0.005,-0.021700745985325565,-0.9741630119075826,-1.3182408975692619,-0.05715456245155923,-0.3796852789087103,136,0.20588235294117646,0.6447277297206342,-211.91202469228415,0.43243243243243246,0.2716216216216216,0.2608108108108108,0.3489864864864865,0.3453885135135135,False
USDCAD1440_comma,daily,60,400,long_short,combined,0.0,-0.017104961787277495,-1.1361469311940515,-1.5110203421952866,-0.04522348885729765,-0.37823180430090353,139,0.2589928057553957,0.6749547324934808,-171.23257380552394,0.2222972972972973,0.4510135135135135,0.3935810810810811,0.4320945945945946,0.3452027027027027,False
USDCAD1440_comma,daily,50,100,long_short,price_slow,0.001,-0.02073512234496755,-0.9497201153175732,-1.2850824128387586,-0.061278572813847264,-0.33837475960735797,145,0.2413793103448276,0.6336410620039751,-187.13776672514527,0.47128378378378377,0.1972972972972973,0.29121621621621624,0.32466216216216215,0.34478040540540544,False
USDCAD1440_comma,daily,5,250,long_short,price_slow,0.001,-0.02467117703049604,-0.9144009408109189,-1.2582849851746978,-0.056970197450805546,-0.43305409028641506,116,0.09482758620689655,0.5619723730064372,-266.6616186526254,0.5358108108108108,0.27702702702702703,0.17331081081081082,0.17331081081081082,0.3442398648648649,False
USDCAD1440_comma,daily,50,75,long_short,price_slow,0.0,-0.021737701553059097,-0.9674825033528416,-1.3008023114804836,-0.061260642277613846,-0.35483959594401104,178,0.2640449438202247,0.6743734754853309,-161.38695330060816,0.4456081081081081,0.19797297297297298,0.2591216216216216,0.4297297297297297,0.3440202702702703,False
USDCAD1440_comma,daily,20,150,long_only,combined,0.001,-0.012158830786661023,-1.1699149518751661,-1.587281869476017,-0.05353578480607391,-0.22711595301544063,161,0.2670807453416149,0.7111730103117117,-110.62268210369359,0.1939189189189189,0.3344594594594595,0.5246621621621622,0.518918918918919,0.34395270270270273,False
USDCAD1440_comma,daily,100,400,long_short,price_slow,0.0,-0.021553137190260307,-0.9827883583756709,-1.2935411230329503,-0.04818197215060383,-0.44732783296812806,87,0.10344827586206896,0.5336065572950711,-328.4046156098276,0.4185810810810811,0.4158783783783784,0.264527027027027,0.12533783783783783,0.3431081081081081,False
USDCAD1440_comma,daily,20,200,long_short,slow_slope,0.001,-0.022704878905649872,-0.9272493241343964,-1.253542314997716,-0.05731980613085858,-0.39610878748988854,108,0.2222222222222222,0.5637849508099897,-276.3988750385743,0.5101351351351351,0.2682432432432432,0.22736486486486487,0.1766891891891892,0.3430912162162162,False
USDCAD1440_comma,daily,40,500,long_short,price_slow,0.001,-0.02210495431263948,-0.9614656829964993,-1.2912080460098023,-0.0494143591830949,-0.44733868207688476,85,0.09411764705882353,0.5023881912069365,-339.8092674730582,0.452027027027027,0.4,0.24797297297297297,0.08344594594594594,0.3429222972972973,False
USDCAD1440_comma,daily,50,400,long_short,none,0.0025,-0.02331072021536007,-0.932922477253485,-1.2665650503109516,-0.05007102334950705,-0.4655531014943709,25,0.12,0.440483394025383,-1156.5197439164137,0.4983108108108108,0.389527027027027,0.21317567567567566,0.02364864864864865,0.3428885135135135,False
USDCAD1440_comma,daily,75,100,long_short,price_slow,0.0,-0.020488962204612493,-0.9672957408278591,-1.2985875754264777,-0.058582893918823715,-0.34974308768363915,160,0.2375,0.6190301445253338,-169.98043738355187,0.44594594594594594,0.24763513513513513,0.2989864864864865,0.28445945945945944,0.3427533783783784,False
USDCAD1440_comma,daily,40,150,long_short,slow_slope,0.001,-0.021733040489331223,-0.9184167350187342,-1.230860580265954,-0.06121567257355591,-0.3550241233275204,118,0.2966101694915254,0.5733408401871697,-241.62634502291002,0.5280405405405405,0.19864864864864865,0.2594594594594595,0.19797297297297298,0.34246621621621626,False
USDCAD1440_comma,daily,40,150,long_short,price_slow,0.001,-0.022671385717582426,-0.9389093053473636,-1.2636522095928455,-0.05686157198024024,-0.39871190556358305,119,0.15966386554621848,0.5791263135021626,-249.93519167549633,0.4888513513513513,0.27804054054054056,0.22905405405405405,0.20945945945945946,0.3422804054054054,False
USDCAD1440_comma,daily,30,250,long_short,combined,0.005,-0.017717496464419002,-1.1370782398570098,-1.5196088942102541,-0.04719694502765251,-0.37539498486688894,143,0.1958041958041958,0.694384553540546,-171.47933973909335,0.2206081081081081,0.42533783783783785,0.3766891891891892,0.4814189189189189,0.3421283783783784,False
USDCAD1440_comma,daily,20,150,long_short,price_slow,0.0,-0.023639643740530736,-0.912444176578498,-1.2521933979873507,-0.061224231082932824,-0.38611581268385486,132,0.1590909090909091,0.5932458481099234,-231.70617965690667,0.5408783783783784,0.1983108108108108,0.20439189189189189,0.23344594594594595,0.34182432432432436,False
USDCAD1440_comma,daily,50,300,long_short,price_slow,0.0025,-0.022283552341532342,-0.940907981059715,-1.2557039875780323,-0.054038171277053626,-0.41236688464686566,93,0.0967741935483871,0.5276021175334268,-313.2468473645966,0.48614864864864865,0.32432432432432434,0.2418918918918919,0.11587837837837837,0.3413006756756757,False
USDCAD1440_comma,daily,20,500,long_short,combined,0.0,-0.016622429561648833,-1.1964982642476878,-1.6131027270234326,-0.048484401817474806,-0.342840768134583,221,0.2398190045248869,0.7346866039459263,-103.89179965150726,0.17601351351351352,0.4125,0.4081081081081081,0.5739864864864865,0.34124999999999994,False
USDCAD1440_comma,daily,40,400,long_short,slow_slope,0.0,-0.020684421401264363,-0.9900474771447981,-1.3122510943397876,-0.04809631365686928,-0.4300625105872359,93,0.1827956989247312,0.5146152388981685,-298.28114460830915,0.40743243243243243,0.41621621621621624,0.2929054054054054,0.10371621621621621,0.3411655405405405,False
USDCAD1440_comma,daily,20,200,long_short,slow_slope,0.0025,-0.022851001722206554,-0.9421856872261596,-1.271743290664923,-0.054603907289575426,-0.4184865672894639,104,0.22115384615384615,0.555463671706479,-286.6640426282245,0.4837837837837838,0.31655405405405407,0.22263513513513514,0.15743243243243243,0.34079391891891897,False
USDCAD1440_comma,daily,5,150,long_short,price_slow,0.005,-0.0235090653325275,-0.9258678512737546,-1.2476329774592096,-0.058821775244470215,-0.3996660290312739,114,0.14035087719298245,0.5859047780482469,-264.7716438182518,0.5131756756756757,0.24425675675675676,0.20777027027027026,0.21891891891891893,0.3407263513513514,False
USDCAD1440_comma,daily,20,300,long_short,price_slow,0.0,-0.02397087028379985,-0.9220437563971988,-1.254731779517541,-0.0553799508116427,-0.432843834862352,115,0.11304347826086956,0.5279333280497185,-265.9703107844333,0.5206081081081081,0.30236486486486486,0.1945945945945946,0.11722972972972973,0.34033783783783783,False
USDCAD1440_comma,daily,20,200,long_short,slow_slope,0.0,-0.02334289805245382,-0.9308786915662279,-1.2600554493301546,-0.05747691530162662,-0.40612649321828176,113,0.22123893805309736,0.5735732726444673,-270.4182171743927,0.5037162162162162,0.2665540540540541,0.21182432432432433,0.19898648648648648,0.34033783783783783,False
USDCAD1440_comma,daily,100,400,long_short,price_slow,0.001,-0.02163218517242782,-0.992257924082256,-1.3047011949981733,-0.04793644836089228,-0.4512679998645015,83,0.08433734939759036,0.5342919110021661,-345.85237488277903,0.40506756756756757,0.4185810810810811,0.2628378378378378,0.1260135135135135,0.3381418918918919,False
USDCAD1440_comma,daily,60,500,long_short,combined,0.0,-0.017627980317629577,-1.1275400469336394,-1.5072110514043766,-0.04597646078862441,-0.3834131643728246,152,0.23026315789473684,0.6661475532409817,-160.13076832554708,0.22837837837837838,0.439527027027027,0.3793918918918919,0.4060810810810811,0.3380236486486487,False
USDCAD1440_comma,daily,50,150,long_short,slow_slope,0.005,-0.020183959969720888,-0.9575822325015514,-1.2770855722330918,-0.05507772528706742,-0.3664632093014234,80,0.2625,0.5206861065503817,-334.0601982143272,0.4581081081081081,0.30777027027027026,0.30608108108108106,0.11013513513513513,0.3379222972972973,False
USDCAD1440_comma,daily,100,500,long_short,combined,0.0,-0.017021835044923272,-1.1000321474244985,-1.4499859761008853,-0.043011412645618044,-0.39575159237783,114,0.21929824561403508,0.5920745217260495,-208.86222056328927,0.25844594594594594,0.4804054054054054,0.3983108108108108,0.23175675675675675,0.3379054054054054,False
USDCAD1440_comma,daily,75,500,long_short,price_slow,0.0,-0.022242548287677688,-0.972793169269824,-1.2952864546024483,-0.04891028613204687,-0.4547621788109717,88,0.11363636363636363,0.5077017270708255,-332.8787192684218,0.4331081081081081,0.40878378378378377,0.24222972972972973,0.0929054054054054,0.33782094594594597,False
USDCAD1440_comma,daily,20,100,long_only,combined,0.0025,-0.013786030870892696,-1.2156053975288637,-1.650666891165419,-0.04874415935369419,-0.2828242614845278,159,0.22641509433962265,0.6936200651978407,-125.49835807077267,0.1652027027027027,0.41081081081081083,0.48614864864864865,0.47871621621621624,0.33782094594594597,False
USDCAD1440_comma,daily,30,300,long_short,combined,0.005,-0.01688460324588581,-1.1517967329936787,-1.545818401723908,-0.04932778011849475,-0.342294001581376,149,0.2214765100671141,0.6986334573663731,-157.98061883440093,0.2070945945945946,0.4006756756756757,0.40304054054054056,0.4918918918918919,0.33739864864864866,False
USDCAD1440_comma,daily,100,300,long_short,slow_slope,0.005,-0.020030764162787373,-0.9897977971040105,-1.2985704239610518,-0.05133910253088258,-0.39016584192795434,82,0.17073170731707318,0.5346439670515377,-328.45956888974786,0.40844594594594597,0.36993243243243246,0.31013513513513513,0.1266891891891892,0.33689189189189195,False
USDCAD1440_comma,daily,5,100,long_short,slow_slope,0.005,-0.022107779356183577,-0.970070255445349,-1.3085604290666566,-0.05851690228354282,-0.37780160079323144,159,0.2389937106918239,0.6353258448972057,-183.62995956362036,0.4391891891891892,0.2489864864864865,0.2472972972972973,0.3277027027027027,0.3365371621621622,False
USDCAD1440_comma,daily,20,150,long_only,fast_slope,0.001,-0.013572182134370725,-1.1522080314838437,-1.5611701222418874,-0.05461835172023909,-0.24849124345401086,163,0.26993865030674846,0.7034752124970896,-120.70857322590281,0.20675675675675675,0.3162162162162162,0.4918918918918919,0.5037162162162162,0.3356925675675676,False
USDCAD1440_comma,daily,75,400,long_short,price_slow,0.0025,-0.021271915110376738,-0.9864545470264595,-1.3080550615513706,-0.049430739362998674,-0.43033778949096213,73,0.0821917808219178,0.5165313841383989,-387.3262118227744,0.4118243243243243,0.3993243243243243,0.27364864864864863,0.10540540540540541,0.3351013513513514,False
USDCAD1440_comma,daily,5,500,long_short,price_slow,0.0025,-0.023778502472183605,-0.9635744032404889,-1.2873546818811625,-0.049039121116745084,-0.4848884305160214,92,0.09782608695652174,0.5057926299627252,-328.87369936821773,0.44966216216216215,0.4060810810810811,0.20033783783783785,0.08952702702702703,0.33488175675675674,False
USDCAD1440_comma,daily,5,75,long_short,none,0.001,-0.026487034551542776,-0.9141693819346588,-1.271784467022378,-0.06478787922175318,-0.4088270039042965,144,0.22916666666666666,0.6618321185620957,-239.04399237339533,0.5364864864864864,0.13952702702702702,0.1293918918918919,0.3966216216216216,0.334847972972973,False
USDCAD1440_comma,daily,40,100,long_only,combined,0.005,-0.01250771879811019,-1.1906988829652625,-1.612654510202093,-0.04681043242615567,-0.2671993859027333,91,0.21978021978021978,0.6401668108896986,-200.81790098052986,0.18141891891891893,0.43074324324324326,0.5172297297297297,0.33918918918918917,0.3345777027027027,False
USDCAD1440_comma,daily,5,300,long_short,price_slow,0.0025,-0.02451399230415252,-0.9283437234167824,-1.250965799846885,-0.05509337440465774,-0.44495354603075543,92,0.11956521739130435,0.5336052026350468,-337.08605719009853,0.5077702702702702,0.30743243243243246,0.17871621621621622,0.125,0.33445945945945943,False
USDCAD1440_comma,daily,50,100,long_short,combined,0.0,-0.021653465287875262,-1.0307463959872096,-1.3893096603194521,-0.05530528401983281,-0.3915261565262046,190,0.2631578947368421,0.6801436069427895,-150.22497649966863,0.34966216216216217,0.3037162162162162,0.26182432432432434,0.4418918918918919,0.3344425675675675,False
USDCAD1440_comma,daily,5,400,long_short,none,0.005,-0.02281151055597508,-0.9626451125959541,-1.2784360357752804,-0.05085665109606163,-0.44854527508874087,78,0.1282051282051282,0.5106922894513142,-381.33360109929845,0.4503378378378378,0.37905405405405407,0.2233108108108108,0.09797297297297297,0.33425675675675676,False
USDCAD1440_comma,daily,5,400,long_short,price_slow,0.005,-0.02290701009196061,-0.9661496191420254,-1.2823627031410505,-0.05091497495229916,-0.44990712680152667,81,0.13580246913580246,0.518147058682124,-368.5211191043734,0.4483108108108108,0.37804054054054054,0.22094594594594594,0.10777027027027027,0.33418918918918916,False
USDCAD1440_comma,daily,50,150,long_short,price_slow,0.0025,-0.02138958791164891,-0.9622094026572549,-1.2863232403615361,-0.056253257702890025,-0.38023731931439797,108,0.2037037037037037,0.5668808100913594,-264.51130021065524,0.4510135135135135,0.28885135135135137,0.26925675675675675,0.18445945945945946,0.3341385135135135,False
USDCAD1440_comma,daily,50,150,long_short,price_slow,0.005,-0.020085374409600454,-0.9771093473461591,-1.3063762626879472,-0.05452034319348463,-0.36840146692254727,89,0.16853932584269662,0.5489298843426117,-303.05259936647366,0.425,0.3185810810810811,0.3087837837837838,0.14831081081081082,0.3336486486486486,False
USDCAD1440_comma,daily,10,100,long_short,slow_slope,0.0,-0.02434964838103737,-0.9484479952507056,-1.2948314417911313,-0.058381127345787466,-0.4170808185463095,157,0.2356687898089172,0.6230204141548416,-204.24738501041813,0.4739864864864865,0.25101351351351353,0.18344594594594596,0.2956081081081081,0.33337837837837836,False
USDCAD1440_comma,daily,40,400,long_short,slow_slope,0.001,-0.02104952832397544,-0.9995650700449498,-1.3237921906180083,-0.04835740450291095,-0.4352906972645385,90,0.16666666666666666,0.5159824644109622,-313.1278765161575,0.3945945945945946,0.4141891891891892,0.2797297297297297,0.10506756756756756,0.33309121621621623,False
USDCAD1440_comma,daily,5,75,long_short,price_slow,0.001,-0.025431399963720236,-0.9193994011031689,-1.2664739476248044,-0.06712057503678598,-0.37889127066897665,191,0.20418848167539266,0.6721541560124824,-173.89908621880346,0.525,0.11283783783783784,0.15337837837837837,0.4222972972972973,0.33222972972972975,False
USDCAD1440_comma,daily,60,75,long_short,price_slow,0.0025,-0.01379129911922039,-1.0545931989593003,-1.4120314348939655,-0.06198472587499907,-0.22249512157289342,107,0.32710280373831774,0.6643852420945247,-176.11689765092615,0.3195945945945946,0.1847972972972973,0.485472972972973,0.4023648648648649,0.3314864864864865,False
USDCAD1440_comma,daily,5,250,long_short,price_slow,0.0,-0.02559345747704056,-0.9192605284547644,-1.2669652752397267,-0.05784742377854834,-0.4424303764160268,129,0.09302325581395349,0.5642609766649973,-248.23983063192597,0.5253378378378378,0.2597972972972973,0.14831081081081082,0.17804054054054055,0.3314527027027027,False
USDCAD1440_comma,daily,60,100,long_short,slow_slope,0.0025,-0.020751316281310328,-0.9665631522087419,-1.2923350802090983,-0.05773989599240502,-0.3593930318828408,108,0.24074074074074073,0.5674574959865618,-254.37804771839959,0.4472972972972973,0.2631756756756757,0.28986486486486485,0.1864864864864865,0.33065878378378377,False
USDCAD1440_comma,daily,60,400,long_short,price_slow,0.005,-0.02132610420450065,-0.9959543266165617,-1.3178140777616039,-0.04899769953928581,-0.4352470504743109,65,0.1076923076923077,0.5045748859542601,-438.0239711915576,0.4023648648648649,0.40743243243243243,0.2716216216216216,0.08783783783783784,0.33030405405405405,False
USDCAD1440_comma,daily,60,250,long_short,none,0.0025,-0.022957994861011688,-0.8873518283617972,-1.1955649529354988,-0.06164270972018631,-0.37243649679296253,26,0.19230769230769232,0.4367643582214737,-1090.995611580856,0.589527027027027,0.19054054054054054,0.21925675675675677,0.019932432432432434,0.33028716216216214,False
USDCAD1440_comma,daily,40,500,long_short,combined,0.0,-0.01762941775867566,-1.1713246571672469,-1.5738881657146282,-0.04784759672522188,-0.36844938858512555,169,0.20710059171597633,0.6944951182056462,-144.0659568908671,0.1929054054054054,0.4192567567567568,0.37905405405405407,0.4820945945945946,0.3301013513513514,False
USDCAD1440_comma,daily,50,250,long_short,fast_slope,0.0,-0.02069033267938658,-1.0492462478971305,-1.4113083386835956,-0.05561252493952928,-0.37204447562638776,173,0.2543352601156069,0.6808658620312998,-158.99124570319066,0.325,0.2989864864864865,0.2925675675675676,0.44425675675675674,0.32989864864864865,False
USDCAD1440_comma,daily,30,250,long_short,price_slow,0.0025,-0.024293604336165675,-0.9340894135775063,-1.2678431778706554,-0.05668115701954351,-0.42860106627303507,98,0.14285714285714285,0.5510257338373372,-317.0559978926317,0.4962837837837838,0.28209459459459457,0.18513513513513513,0.1516891891891892,0.3288175675675676,False
USDCAD1440_comma,daily,20,100,long_only,combined,0.0,-0.014604125428126946,-1.199496634860671,-1.621710391383498,-0.04976211728061217,-0.2934787791639417,175,0.22285714285714286,0.6842536379515645,-120.06992174795161,0.17331081081081082,0.3949324324324324,0.4625,0.4543918918918919,0.3287162162162162,False
USDCAD1440_comma,daily,100,300,long_only,combined,0.005,-0.013555129391474297,-1.1486194793201614,-1.517042774743045,-0.04139093048917443,-0.32749032774268183,73,0.2328767123287671,0.5424567427226594,-269.2223407324578,0.20912162162162162,0.49966216216216214,0.4922297297297297,0.13851351351351351,0.3277871621621622,False
USDCAD1440_comma,daily,20,100,long_only,fast_slope,0.005,-0.011911199322109711,-1.1928690243689755,-1.6268970578693707,-0.05590305064575484,-0.21306886090328636,136,0.23529411764705882,0.7069553310802045,-128.52420949335306,0.17905405405405406,0.2935810810810811,0.5310810810810811,0.5094594594594595,0.327652027027027,False
USDCAD1440_comma,daily,75,400,long_short,fast_slope,0.005,-0.0167255932139746,-1.0957992378149946,-1.452505051327931,-0.04996024089045475,-0.33477807384171643,116,0.27586206896551724,0.6193347968359207,-201.10046476415516,0.26385135135135135,0.3915540540540541,0.4064189189189189,0.28614864864864864,0.32763513513513515,False
USDCAD1440_comma,daily,20,150,long_only,fast_slope,0.0025,-0.014511445755699404,-1.1917425846027958,-1.609839902277632,-0.05148595611662719,-0.28185250600819645,160,0.2375,0.6902949937160225,-130.5815041355089,0.18074324324324326,0.3668918918918919,0.4648648648648649,0.4685810810810811,0.3272804054054054,False
USDCAD1440_comma,daily,40,75,long_short,fast_slope,0.001,-0.022041350384832237,-1.0127283260439142,-1.3595024223795997,-0.06009037357015188,-0.366803350941067,190,0.2789473684210526,0.6923948764642948,-150.7444145925474,0.37736486486486487,0.21993243243243243,0.2489864864864865,0.47466216216216217,0.32692567567567565,False
USDCAD1440_comma,daily,30,150,long_short,fast_slope,0.001,-0.020986384340113462,-1.0620194680429487,-1.4186477643699402,-0.056439359004290805,-0.371839523168893,175,0.2571428571428571,0.6992690216652988,-158.10225013091159,0.3097972972972973,0.28783783783783784,0.28243243243243243,0.4929054054054054,0.32630067567567567,False
USDCAD1440_comma,daily,75,150,long_only,price_slow,0.005,-0.01374509473152774,-1.1027611913277537,-1.4580008066856536,-0.045898047042007034,-0.2994701434452731,46,0.21739130434782608,0.5234088782205879,-432.6293683348243,0.2543918918918919,0.4412162162162162,0.4871621621621622,0.11148648648648649,0.3262162162162162,False
USDCAD1440_comma,daily,75,150,long_only,combined,0.005,-0.012343265398232828,-1.139751018061109,-1.5127716545853982,-0.04843931288131362,-0.25481916782090597,65,0.2923076923076923,0.5792039862227506,-277.78368423352026,0.21756756756756757,0.4131756756756757,0.5212837837837838,0.21013513513513513,0.326097972972973,False
USDCAD1440_comma,daily,40,250,long_short,price_slow,0.0,-0.024303430217120447,-0.9335327986182039,-1.2668506406649422,-0.056845971730537286,-0.4275312652288571,107,0.11214953271028037,0.5416185417142165,-288.8864233949361,0.49695945945945946,0.27871621621621623,0.18445945945945946,0.13682432432432431,0.3258783783783784,False
USDCAD1440_comma,daily,30,100,long_short,combined,0.001,-0.02128930414957264,-1.0769858163393264,-1.4480884939270169,-0.05474485077591597,-0.38888231217790614,204,0.27450980392156865,0.7094416999641753,-140.2686284241404,0.28581081081081083,0.31486486486486487,0.27263513513513515,0.5155405405405405,0.32489864864864865,False
USDCAD1440_comma,daily,50,75,long_short,price_slow,0.001,-0.021117883851151542,-0.9898442804014008,-1.326714767033089,-0.06313440386860997,-0.33449090443778184,165,0.2727272727272727,0.6730834939979179,-171.6812997298443,0.4081081081081081,0.16689189189189188,0.27837837837837837,0.42702702702702705,0.324695945945946,False
USDCAD1440_comma,daily,75,200,long_only,fast_slope,0.0025,-0.01477697321879723,-1.1147448924219685,-1.476563521257042,-0.04662017976161891,-0.3169651703265781,82,0.2926829268292683,0.5684248673765895,-258.9522765247451,0.24155405405405406,0.43277027027027026,0.45675675675675675,0.18817567567567567,0.3243918918918919,False
USDCAD1440_comma,daily,60,100,long_only,none,0.005,-0.012225120759483454,-1.125045026207723,-1.4738356810134248,-0.04442614649457074,-0.27517850914612796,27,0.2962962962962963,0.49832796909555915,-662.9124786561374,0.23141891891891891,0.46047297297297296,0.5233108108108108,0.07972972972972973,0.32430743243243243,False
USDCAD1440_comma,daily,5,400,long_short,slow_slope,0.0025,-0.021467031081880084,-1.0200661914528457,-1.3387094922816405,-0.04918546744566472,-0.43645068750428684,111,0.1891891891891892,0.5527098736290985,-257.5569197548265,0.3668918918918919,0.40337837837837837,0.26587837837837835,0.15371621621621623,0.32383445945945943,False
USDCAD1440_comma,daily,40,100,long_short,slow_slope,0.0025,-0.02295630567187068,-0.9742975074010463,-1.3200954625847747,-0.05494263789293149,-0.4178231434137979,110,0.2636363636363636,0.5718368963869049,-272.17540201954995,0.43175675675675673,0.31114864864864866,0.2195945945945946,0.1956081081081081,0.32375000000000004,False
USDCAD1440_comma,daily,20,300,long_short,slow_slope,0.0025,-0.021447808328050377,-0.9717884746893767,-1.2868168227686503,-0.05421634724579326,-0.39559670500883015,93,0.20430107526881722,0.5159105436846826,-303.8088307409743,0.43513513513513513,0.3222972972972973,0.2665540540540541,0.10472972972972973,0.3236486486486486,False
USDCAD1440_comma,daily,40,200,long_only,combined,0.001,-0.016117919774808476,-1.183285936028604,-1.5974740881601408,-0.04782117854420606,-0.3370456409791117,127,0.2283464566929134,0.6628958793264393,-180.59410781641043,0.18513513513513513,0.4195945945945946,0.4226351351351351,0.3993243243243243,0.32337837837837835,False
USDCAD1440_comma,daily,30,75,long_short,slow_slope,0.001,-0.023366595314540106,-0.9494043989850073,-1.2886889041205936,-0.06310099088102442,-0.37030472878939935,165,0.24848484848484848,0.6384675378105731,-183.75815251884504,0.47195945945945944,0.16722972972972974,0.21114864864864866,0.3358108108108108,0.3231925675675676,False
USDCAD1440_comma,daily,50,75,long_short,combined,0.0,-0.02215313233760463,-1.0266491145095147,-1.383784187976018,-0.05682057996150752,-0.3898786734069245,205,0.2780487804878049,0.6691933278565942,-141.13470452444733,0.3543918918918919,0.2793918918918919,0.24527027027027026,0.4158783783783784,0.32304054054054054,False
USDCAD1440_comma,daily,20,150,long_short,slow_slope,0.001,-0.021866468579854415,-0.9265575759735899,-1.2472148904414113,-0.0627946150508111,-0.3482220340416271,120,0.25833333333333336,0.5580044560304191,-240.08180099801484,0.5114864864864865,0.17195945945945945,0.25405405405405407,0.1635135135135135,0.3229222972972973,False
USDCAD1440_comma,daily,60,150,long_only,combined,0.005,-0.013667571475100226,-1.1645847531887379,-1.5604576395914578,-0.04662605606457423,-0.29313162271695203,84,0.2619047619047619,0.6003414269958534,-235.71363195840382,0.1983108108108108,0.4320945945945946,0.4905405405405405,0.24763513513513513,0.3226013513513514,False
USDCAD1440_comma,daily,60,75,long_short,none,0.005,-0.0065472569983170414,-1.2882269205125194,-1.7091523823440369,-0.04624179841067116,-0.14158742140976377,27,0.48148148148148145,0.5553608093178141,-359.4538248423197,0.12736486486486487,0.435472972972973,0.6945945945945946,0.1570945945945946,0.32229729729729734,False
USDCAD1440_comma,daily,50,75,long_short,slow_slope,0.0,-0.023948973850059452,-0.9461454487660321,-1.2849549022970839,-0.06290157452673861,-0.38073727136796975,176,0.25,0.6340500864079913,-175.07847694269182,0.4766891891891892,0.17060810810810811,0.19527027027027027,0.325,0.32113175675675676,False
USDCAD1440_comma,daily,30,200,long_short,combined,0.0,-0.01994846254767102,-1.107218067718512,-1.4830588281792882,-0.05294284873505997,-0.37679239074380766,178,0.2247191011235955,0.6945237399945922,-151.93740399236904,0.24864864864864866,0.3456081081081081,0.314527027027027,0.48243243243243245,0.32113175675675676,False
USDCAD1440_comma,daily,50,100,long_short,fast_slope,0.005,-0.01812826622732988,-1.0631200230740023,-1.425663704161686,-0.05422129405134237,-0.3343385019576285,113,0.2831858407079646,0.6244088085835683,-216.8308766464466,0.30777027027027026,0.3219594594594595,0.3618243243243243,0.2983108108108108,0.3207094594594595,False
USDCAD1440_comma,daily,5,250,long_only,combined,0.001,-0.015412637990164901,-1.3455107382506266,-1.8242233852142835,-0.050360034397745966,-0.30604899648072414,268,0.2873134328358209,0.7652772090370721,-82.25726957314335,0.10067567567567567,0.3858108108108108,0.44324324324324327,0.6324324324324324,0.3202364864864865,False
USDCAD1440_comma,daily,60,150,long_short,price_slow,0.0025,-0.021798829495637828,-0.9867747154219988,-1.3147632914474063,-0.054693120938492504,-0.3985662021399846,105,0.18095238095238095,0.5601006896972883,-275.51341199374934,0.41114864864864864,0.31554054054054054,0.2574324324324324,0.16925675675675675,0.32021959459459465,False
USDCAD1440_comma,daily,40,200,long_only,combined,0.0025,-0.016145837989005374,-1.1919783165417006,-1.6082335827780183,-0.04753967799483997,-0.33962867798048335,124,0.22580645161290322,0.6572157999806282,-185.2460063430209,0.1804054054054054,0.4226351351351351,0.42162162162162165,0.38682432432432434,0.32016891891891897,False
USDCAD1440_comma,daily,20,75,long_only,fast_slope,0.0025,-0.013779616313654652,-1.191203095774076,-1.6054878581380045,-0.055645478171820854,-0.2476322742902175,156,0.25,0.7047845418724378,-127.85827614631631,0.1810810810810811,0.297972972972973,0.4864864864864865,0.5057432432432433,0.32008445945945946,False
USDCAD1440_comma,daily,50,150,long_short,slow_slope,0.0025,-0.022200810484381495,-0.9546831570931799,-1.270647933525386,-0.05896009415207442,-0.3765396036702291,99,0.2727272727272727,0.5597497088204848,-281.46879764499386,0.46283783783783783,0.23986486486486486,0.24391891891891893,0.1679054054054054,0.319070945945946,False
USDCAD1440_comma,daily,40,150,long_only,fast_slope,0.005,-0.015407704375688724,-1.1930929739839444,-1.6119939951934128,-0.04680552028369096,-0.32918562345427926,118,0.23728813559322035,0.6408684959298615,-186.76851793987748,0.1783783783783784,0.43108108108108106,0.4435810810810811,0.34087837837837837,0.3189695945945946,False
USDCAD1440_comma,daily,10,200,long_short,price_slow,0.0,-0.026454226869061404,-0.9357634736322327,-1.2933185723035252,-0.05705690531164773,-0.4636463671586649,134,0.12686567164179105,0.5641270821260582,-246.57022385113603,0.49324324324324326,0.2756756756756757,0.13074324324324324,0.17736486486486486,0.31896959459459456,False
USDCAD1440_comma,daily,75,150,long_short,slow_slope,0.0025,-0.021371210085896153,-0.9567167634975031,-1.2699639097490123,-0.05892693585959186,-0.3626730250630781,91,0.2857142857142857,0.5403262694399218,-304.20088176721333,0.4594594594594595,0.24155405405405406,0.2702702702702703,0.13344594594594594,0.3182432432432432,False
USDCAD1440_comma,daily,50,300,long_short,fast_slope,0.0025,-0.020511448488267803,-1.0989809103964359,-1.473026035915463,-0.050501207629607886,-0.40615758416522174,159,0.2578616352201258,0.6583452137979361,-173.0044146349803,0.26013513513513514,0.3844594594594595,0.297972972972973,0.389527027027027,0.31819256756756753,False
USDCAD1440_comma,daily,30,400,long_short,fast_slope,0.005,-0.019403531078002523,-1.1971885531285025,-1.6029303176069334,-0.0447650535122733,-0.43345265012768563,144,0.22916666666666666,0.6822718462534323,-184.95272882357972,0.17567567567567569,0.4564189189189189,0.33006756756756755,0.4486486486486487,0.3176858108108108,False
USDCAD1440_comma,daily,60,150,long_short,fast_slope,0.0,-0.02098125948846663,-0.9998560392711145,-1.3403581611710758,-0.06121437086791003,-0.3427505533584677,173,0.27167630057803466,0.6479509661378181,-160.8306509275819,0.3939189189189189,0.19898648648648648,0.2827702702702703,0.3581081081081081,0.31758445945945946,False
USDCAD1440_comma,daily,50,500,long_short,price_slow,0.001,-0.022877423952157416,-0.9825277868467137,-1.3125304093111985,-0.05096932538336208,-0.44884690507646574,87,0.13793103448275862,0.49381406112649906,-343.6073898822665,0.4189189189189189,0.37736486486486487,0.22195945945945947,0.07466216216216216,0.3175,False
USDCAD1440_comma,daily,60,500,long_short,fast_slope,0.0,-0.019687603799166897,-1.0931855612537353,-1.4636025623864037,-0.05092656576156829,-0.3865880902188017,149,0.2550335570469799,0.6395845263166281,-179.6600249902604,0.2682432432432432,0.3777027027027027,0.32263513513513514,0.3381756756756757,0.3169763513513513,False
USDCAD1440_comma,daily,100,400,long_short,fast_slope,0.0025,-0.01882253783924759,-1.0840142859949478,-1.4263621023984305,-0.04602425142755881,-0.4089699941969477,98,0.22448979591836735,0.5659431041826983,-249.13753552723006,0.2773648648648649,0.43885135135135134,0.34493243243243243,0.1820945945945946,0.31695945945945947,False
USDCAD1440_comma,daily,5,150,long_short,none,0.0025,-0.025905201899733,-0.9287933043080553,-1.2739004775626863,-0.060046183099439515,-0.4314212921216437,108,0.2037037037037037,0.5749999361793171,-301.9235242272082,0.5074324324324324,0.2206081081081081,0.14189189189189189,0.20270270270270271,0.3169087837837838,False
USDCAD1440_comma,daily,75,150,long_short,slow_slope,0.001,-0.022128081668505994,-0.9378393680966878,-1.2530249505839228,-0.06135043881266891,-0.3606833479394206,106,0.2830188679245283,0.5472562879585761,-271.19075023396255,0.4902027027027027,0.19594594594594594,0.24695945945945946,0.14560810810810812,0.3163006756756757,False
USDCAD1440_comma,daily,30,150,long_short,price_slow,0.0025,-0.02349222698811626,-0.9581975414087803,-1.2878504599211735,-0.05731815001762842,-0.40985668555058274,103,0.1650485436893204,0.5572611431440929,-296.460193483996,0.4570945945945946,0.2685810810810811,0.2087837837837838,0.16114864864864864,0.3159121621621622,False
USDCAD1440_comma,daily,10,500,long_only,fast_slope,0.0,-0.015821457883019696,-1.2843986591792163,-1.7200228030851303,-0.052068264694079575,-0.30385990345514,247,0.291497975708502,0.7449188867675922,-91.3453486226569,0.12972972972972974,0.3560810810810811,0.43074324324324326,0.5918918918918918,0.31584459459459463,False
USDCAD1440_comma,daily,60,300,long_only,combined,0.0,-0.01426325896029812,-1.1407135020086714,-1.5150433654450417,-0.05503387241485797,-0.2591723666613608,108,0.2777777777777778,0.6544648253424191,-190.49088617608092,0.2168918918918919,0.3097972972972973,0.47162162162162163,0.3804054054054054,0.3155912162162162,False
USDCAD1440_comma,daily,75,200,long_only,combined,0.0025,-0.015208188916268184,-1.1459091696569446,-1.5191324875098906,-0.04770875956410296,-0.3187714175597878,97,0.28865979381443296,0.594435052270256,-224.58771519896058,0.21317567567567566,0.42027027027027025,0.4486486486486487,0.23513513513513515,0.31533783783783786,False
USDCAD1440_comma,daily,5,150,long_short,slow_slope,0.001,-0.02262436858541872,-0.9384767670046266,-1.2592311674135686,-0.06368246562651066,-0.35526841435612255,142,0.2535211267605634,0.5868946316321243,-209.49291037614705,0.48952702702702705,0.15743243243243243,0.23209459459459458,0.22094594594594594,0.31472972972972973,False
USDCAD1440_comma,daily,60,250,long_short,combined,0.005,-0.017820424243620514,-1.1067235187247466,-1.4699776566942437,-0.05312022528297202,-0.33547343123435414,134,0.30597014925373134,0.6483559004742215,-183.04137220156457,0.24966216216216217,0.34256756756756757,0.37432432432432433,0.3601351351351351,0.31439189189189193,False
USDCAD1440_comma,daily,50,100,long_short,combined,0.0025,-0.02025935506869936,-1.0645265181993835,-1.4349956655688159,-0.055223989256184304,-0.36685786995061387,163,0.26993865030674846,0.6495349850650848,-165.9667915320332,0.3054054054054054,0.3050675675675676,0.3050675675675676,0.3658783783783784,0.31432432432432433,False
USDCAD1440_comma,daily,60,400,long_short,none,0.0025,-0.024488626581633532,-0.9579897227969968,-1.2958923883266416,-0.05212594408161199,-0.4697972768280694,23,0.21739130434782608,0.4657845491035855,-1336.9880333950964,0.4574324324324324,0.3543918918918919,0.1804054054054054,0.044256756756756756,0.3142905405405406,False
USDCAD1440_comma,daily,50,400,long_short,slow_slope,0.0025,-0.021475926452315885,-1.016309660915197,-1.346529428657417,-0.049341488714507484,-0.43525088139469714,84,0.20238095238095238,0.4985897832360087,-341.9310326801004,0.3722972972972973,0.40033783783783783,0.26554054054054055,0.08074324324324324,0.31422297297297297,False
USDCAD1440_comma,daily,60,75,long_short,slow_slope,0.005,-0.006824448044451592,-1.2996188332862295,-1.7218524748212813,-0.046929379338700415,-0.1454195248396093,28,0.4642857142857143,0.5429234224407277,-361.5458170029824,0.1222972972972973,0.42905405405405406,0.6858108108108109,0.13918918918918918,0.31422297297297297,False
USDCAD1440_comma,daily,20,150,long_only,combined,0.005,-0.013315067001811398,-1.228812438953636,-1.6729769131272025,-0.05402945685117283,-0.24644088202641934,149,0.24161073825503357,0.6877614888029943,-129.7929889153725,0.15912162162162163,0.32466216216216215,0.497972972972973,0.4631756756756757,0.31388513513513516,False
USDCAD1440_comma,daily,30,250,long_short,fast_slope,0.0025,-0.02105575210527666,-1.1008413912838284,-1.4758118318752358,-0.05315726243106398,-0.3961030185213624,170,0.24705882352941178,0.6904811663411101,-166.07709469023777,0.2554054054054054,0.34121621621621623,0.2793918918918919,0.46959459459459457,0.3137837837837838,False
USDCAD1440_comma,daily,50,100,long_short,fast_slope,0.0025,-0.02128279521105303,-1.0467412838850219,-1.4127193694043658,-0.057073994481557,-0.37289829465029634,152,0.28289473684210525,0.6603039653890901,-184.00496373093011,0.3277027027027027,0.275,0.2733108108108108,0.3939189189189189,0.31358108108108107,False
USDCAD1440_comma,daily,100,200,long_short,price_slow,0.0,-0.023445711610322384,-0.9850931066327682,-1.3202707999692975,-0.054804238048474806,-0.4278083674766987,111,0.13513513513513514,0.5661797474118286,-276.4047510680766,0.4141891891891892,0.31351351351351353,0.20912162162162162,0.18277027027027026,0.3132939189189189,False
USDCAD1440_comma,daily,60,100,long_only,fast_slope,0.0025,-0.013495522160943851,-1.1194465877770219,-1.4957581295618956,-0.05361709361622371,-0.2517018594394739,83,0.27710843373493976,0.5953535422953564,-235.84763193399002,0.2375,0.3324324324324324,0.4939189189189189,0.2375,0.3125168918918919,False
USDCAD1440_comma,daily,60,75,long_short,fast_slope,0.005,-0.006637951461659908,-1.3084069919302037,-1.740141139667487,-0.04713661624562928,-0.14082367361860448,31,0.45161290322580644,0.5411631091836648,-318.17226468176966,0.11824324324324324,0.4263513513513513,0.6908783783783784,0.13614864864864865,0.3124831081081081,False
USDCAD1440_comma,daily,40,100,long_short,fast_slope,0.001,-0.021847457732038444,-1.0249352659569542,-1.3843410575811608,-0.060505193180907496,-0.3610840092141453,184,0.29347826086956524,0.6772151618251265,-156.73059885769138,0.3584459459459459,0.21114864864864866,0.2543918918918919,0.435472972972973,0.3123648648648649,False
USDCAD1440_comma,daily,5,200,long_short,none,0.001,-0.026678630193418207,-0.9217176664077097,-1.2786174084778874,-0.059544364311122165,-0.44804626772100686,93,0.15053763440860216,0.5448312471195598,-358.41886243760024,0.5212837837837838,0.22905405405405405,0.12466216216216217,0.14189189189189189,0.31199324324324323,False
USDCAD1440_comma,daily,40,300,long_only,fast_slope,0.005,-0.015866456910078153,-1.1980491364457393,-1.6121225385164577,-0.049231732912429785,-0.32228109740318056,117,0.24786324786324787,0.6498753746562205,-193.32520787766236,0.175,0.4023648648648649,0.4297297297297297,0.36655405405405406,0.3115202702702703,False
USDCAD1440_comma,daily,20,500,long_short,combined,0.005,-0.01709063160431379,-1.2525749524390093,-1.692497475649455,-0.05037395962446225,-0.33927512809642935,195,0.24615384615384617,0.707199485467947,-122.05589493244277,0.14864864864864866,0.38547297297297295,0.3945945945945946,0.5108108108108108,0.31136824324324325,False
USDCAD1440_comma,daily,20,100,long_only,combined,0.001,-0.015532727270574531,-1.2299124304441476,-1.6622906494745313,-0.04999907115499433,-0.31066031651715975,170,0.2235294117647059,0.6684990245551713,-130.57208149838635,0.15844594594594594,0.39054054054054055,0.4391891891891892,0.4135135135135135,0.31087837837837834,False
USDCAD1440_comma,daily,20,100,long_only,fast_slope,0.0025,-0.014499372424681911,-1.1983339765083207,-1.6180436023088005,-0.054582501455098485,-0.26564140591118957,158,0.24050632911392406,0.6858853540261176,-132.13608037388053,0.17432432432432432,0.31722972972972974,0.46587837837837837,0.45675675675675675,0.3107263513513514,False
USDCAD1440_comma,daily,10,200,long_only,combined,0.005,-0.014147789921668874,-1.292120654909654,-1.7470418128495933,-0.05375143348450429,-0.2632076766054521,198,0.2676767676767677,0.7246882397012484,-103.15005316804232,0.1260135135135135,0.32972972972972975,0.4739864864864865,0.5510135135135135,0.3102871621621622,False
USDCAD1440_comma,daily,100,200,long_short,none,0.0025,-0.02351741397535645,-0.930784535066499,-1.2447992572952689,-0.05973318571508794,-0.3937076801416304,30,0.26666666666666666,0.4873637486735933,-961.2002392497068,0.5043918918918919,0.22635135135135134,0.20743243243243242,0.06756756756756757,0.3099662162162163,False
USDCAD1440_comma,daily,40,150,long_only,combined,0.005,-0.015179235926143564,-1.2121203856823588,-1.6365451454204853,-0.049195947731980744,-0.308546468274988,117,0.24786324786324787,0.644077961962629,-185.88146535342318,0.16722972972972974,0.40304054054054056,0.44932432432432434,0.3472972972972973,0.3096114864864865,False
USDCAD1440_comma,daily,75,150,long_short,slow_slope,0.005,-0.019925348633285322,-0.9858827268668552,-1.3031701052261326,-0.05927522180690237,-0.33614971021441364,68,0.35294117647058826,0.550683828745224,-364.28648002010226,0.4131756756756757,0.23344594594594595,0.3162162162162162,0.15033783783783783,0.3094256756756757,False
USDCAD1440_comma,daily,10,500,long_only,fast_slope,0.0025,-0.016137387379908885,-1.325565047877494,-1.7715727153510765,-0.05023821553692394,-0.3212173682412799,231,0.2857142857142857,0.7314672294469046,-99.39348955529768,0.10743243243243243,0.38716216216216215,0.42195945945945945,0.5682432432432433,0.30939189189189187,False
USDCAD1440_comma,daily,60,75,long_short,combined,0.0025,-0.014451195507495407,-1.072252269721209,-1.4362811343121098,-0.06315978374702771,-0.2288037521688867,110,0.35454545454545455,0.6531805389534174,-179.13325686402763,0.2945945945945946,0.16587837837837838,0.46790540540540543,0.37635135135135134,0.30934121621621624,False
USDCAD1440_comma,daily,60,400,long_short,slow_slope,0.0025,-0.021716296101250254,-1.0245230094612976,-1.3526784794578943,-0.05067534329533862,-0.42853772049824146,82,0.2073170731707317,0.5294876626766579,-354.9661342796904,0.3587837837837838,0.3824324324324324,0.26013513513513514,0.1195945945945946,0.30908783783783783,False
USDCAD1440_comma,daily,30,200,long_short,slow_slope,0.0025,-0.024135511249001262,-0.9583720642419195,-1.2868845400175475,-0.05671731017687874,-0.4255404773909799,100,0.21,0.5323983513157401,-314.7950012282019,0.4564189189189189,0.28074324324324323,0.18952702702702703,0.12263513513513513,0.309054054054054,False
USDCAD1440_comma,daily,40,75,long_short,fast_slope,0.0025,-0.021128704241557883,-1.047709226337705,-1.4078482628963196,-0.05874130584029596,-0.3596907480913337,166,0.25903614457831325,0.6664758202099796,-168.629706810984,0.327027027027027,0.24493243243243243,0.27804054054054056,0.40709459459459457,0.30871621621621625,False
USDCAD1440_comma,daily,30,150,long_short,none,0.001,-0.025476417060907863,-0.9089053877502935,-1.2625567210719968,-0.061403672164872074,-0.41490054523941744,53,0.20754716981132076,0.49300774932579294,-609.627298127278,0.5469594594594595,0.19425675675675674,0.15101351351351353,0.07398648648648648,0.30864864864864866,False
USDCAD1440_comma,daily,30,200,long_short,slow_slope,0.001,-0.024110091947956658,-0.9436626121642568,-1.2720756926598071,-0.05926968715159283,-0.40678621917289326,103,0.20388349514563106,0.5375024981557506,-304.974612096831,0.48074324324324325,0.23412162162162162,0.19087837837837837,0.13006756756756757,0.3085135135135135,False
USDCAD1440_comma,daily,10,150,long_only,combined,0.001,-0.013738786488607824,-1.244362763708501,-1.6784273938487255,-0.05789814043883966,-0.23729236180081992,213,0.28169014084507044,0.7325236218422696,-93.39312830057365,0.15135135135135136,0.2594594594594595,0.4875,0.5702702702702702,0.30844594594594593,False
USDCAD1440_comma,daily,10,75,long_short,price_slow,0.0,-0.02677192109304638,-0.9448410871248804,-1.294240286157463,-0.06523911552247044,-0.4103660952274142,196,0.1989795918367347,0.6591620021738118,-176.3366505989487,0.47871621621621624,0.1341216216216216,0.12331081081081081,0.3915540540540541,0.30841216216216216,False
USDCAD1440_comma,daily,10,400,long_only,fast_slope,0.005,-0.014948861169354455,-1.3295844886417467,-1.7787409994081123,-0.05174872719420502,-0.2888739874365156,214,0.29439252336448596,0.7282657794189965,-100.25292336866723,0.10641891891891891,0.3621621621621622,0.4543918918918919,0.5618243243243243,0.30826013513513517,False
USDCAD1440_comma,daily,5,100,long_short,slow_slope,0.0025,-0.025140985302954943,-0.9835291649395164,-1.3334244943569014,-0.05773236786890032,-0.4354746952358777,165,0.22424242424242424,0.6212841755815751,-196.86877291271276,0.4168918918918919,0.2635135135135135,0.16047297297297297,0.28885135135135137,0.30805743243243244,False
USDCAD1440_comma,daily,60,400,long_short,combined,0.0025,-0.01816139421331242,-1.1750303088906537,-1.559989118208076,-0.048252184876411204,-0.3763849089907406,130,0.26153846153846155,0.6509820353152429,-193.2464881202524,0.1902027027027027,0.4152027027027027,0.3608108108108108,0.3695945945945946,0.3074831081081081,False
USDCAD1440_comma,daily,40,500,long_short,fast_slope,0.0025,-0.019120956151740587,-1.167738761885748,-1.565180373458616,-0.04972294395195782,-0.3845499608835552,162,0.25308641975308643,0.6709079636287246,-161.0510132532222,0.1956081081081081,0.39628378378378376,0.33513513513513515,0.41993243243243245,0.3073310810810811,False
USDCAD1440_comma,daily,75,500,long_short,combined,0.001,-0.017104277657734368,-1.1467049872618316,-1.5187543782374784,-0.046624777347924765,-0.36684953002774323,120,0.18333333333333332,0.5949381136984789,-199.06479174925025,0.21216216216216216,0.43243243243243246,0.3939189189189189,0.23682432432432432,0.30728040540540547,False
USDCAD1440_comma,daily,30,150,long_short,fast_slope,0.0025,-0.02119071268153261,-1.0914156029210589,-1.4580938527778873,-0.05504441329280161,-0.3849748124085066,165,0.24848484848484848,0.6811119492342397,-169.74239277030438,0.26925675675675675,0.3087837837837838,0.27635135135135136,0.4456081081081081,0.30701013513513514,False
USDCAD1440_comma,daily,5,400,long_short,slow_slope,0.0,-0.022729854865311316,-1.0173126128150523,-1.336310723427082,-0.05136951233582579,-0.44247752863052214,119,0.17647058823529413,0.5436564054373687,-251.9875139795361,0.37094594594594593,0.3689189189189189,0.22635135135135134,0.13986486486486485,0.3068581081081081,False
USDCAD1440_comma,daily,20,300,long_only,fast_slope,0.005,-0.013690813714491434,-1.216523036455532,-1.6406333431810287,-0.05543561488909124,-0.24696783361891683,152,0.26973684210526316,0.6837086711329851,-130.46210637263724,0.16452702702702704,0.3010135135135135,0.4891891891891892,0.4527027027027027,0.30680743243243247,False
USDCAD1440_comma,daily,5,300,long_short,price_slow,0.005,-0.024710479640923655,-0.9585356331231188,-1.2783058527657647,-0.0553794531401672,-0.44620302729210104,84,0.13095238095238096,0.5079623082855318,-378.55425211544383,0.4560810810810811,0.3027027027027027,0.17263513513513515,0.09391891891891892,0.306722972972973,False
USDCAD1440_comma,daily,100,400,long_short,fast_slope,0.005,-0.01862059031968033,-1.107005478824303,-1.454515021593263,-0.04589731233938924,-0.40570110471806586,88,0.22727272727272727,0.5628507003351887,-278.2302496283423,0.2489864864864865,0.44155405405405407,0.35135135135135137,0.175,0.3065033783783784,False
USDCAD1440_comma,daily,5,500,long_short,price_slow,0.001,-0.025516419577713778,-0.9758135426701725,-1.3125435144311268,-0.05089819603758361,-0.5013226708245664,100,0.1,0.4922698156235968,-325.7622153082619,0.42736486486486486,0.3787162162162162,0.15,0.07195945945945946,0.3064189189189189,False
USDCAD1440_comma,daily,10,400,long_short,slow_slope,0.001,-0.022427235728551542,-1.019802006775784,-1.3411220666828367,-0.05138818116967108,-0.43642789485976063,103,0.1650485436893204,0.5377799846825865,-287.63231533804515,0.3672297297297297,0.36824324324324326,0.2375,0.1304054054054054,0.30601351351351347,False
USDCAD1440_comma,daily,5,150,long_short,none,0.005,-0.024938037058402807,-0.9458846529056866,-1.276797043643846,-0.06039703255215481,-0.4129016940835296,112,0.14285714285714285,0.5667455252016573,-283.10901222531913,0.47736486486486485,0.21385135135135136,0.16824324324324325,0.1837837837837838,0.305625,False
USDCAD1440_comma,daily,20,150,long_only,fast_slope,0.005,-0.014443137145852436,-1.2244716410069572,-1.6615089253407278,-0.05394292985672029,-0.2677484738818481,150,0.23333333333333334,0.6804167095548445,-138.700538581288,0.16013513513513514,0.3256756756756757,0.46824324324324323,0.4429054054054054,0.3055574324324324,False
USDCAD1440_comma,daily,10,300,long_short,slow_slope,0.005,-0.021513969969983338,-0.9985793724266836,-1.3192293414791245,-0.054883666517711684,-0.39199221435106735,91,0.17582417582417584,0.5111014897842565,-313.1398044925236,0.3972972972972973,0.3125,0.2652027027027027,0.09864864864864865,0.30488175675675677,False
USDCAD1440_comma,daily,50,150,long_short,none,0.005,-0.022599134516522623,-0.9562054074882607,-1.2820784584073857,-0.056935292611338145,-0.3969266421583686,42,0.19047619047619047,0.4444255218466662,-711.9572933143828,0.46114864864864863,0.2773648648648649,0.23310810810810811,0.02668918918918919,0.3044256756756757,False
USDCAD1440_comma,daily,10,400,long_short,price_slow,0.0,-0.025480515477558918,-0.9700194289062101,-1.3046984621170654,-0.05328227816782971,-0.4782174552916041,107,0.06542056074766354,0.5067199881239207,-303.95519110967984,0.439527027027027,0.33918918918918917,0.15033783783783783,0.09155405405405405,0.3044087837837838,False
USDCAD1440_comma,daily,75,400,long_short,fast_slope,0.0025,-0.01814764141548486,-1.1005195106494787,-1.4586910821186412,-0.05195848292979129,-0.34927196469548183,123,0.2682926829268293,0.6085914187526364,-203.47919427001767,0.25675675675675674,0.35912162162162165,0.3614864864864865,0.26385135135135135,0.30435810810810815,False
USDCAD1440_comma,daily,60,100,long_short,slow_slope,0.001,-0.024279782438300646,-0.9743344408843782,-1.3180458652397928,-0.05725630054135768,-0.4240543347847412,124,0.27419354838709675,0.5653631584983204,-253.37521897781363,0.4314189189189189,0.2695945945945946,0.1858108108108108,0.1793918918918919,0.3040371621621622,False
USDCAD1440_comma,daily,10,500,long_only,fast_slope,0.001,-0.01641248708254539,-1.31212381026989,-1.7505980287535527,-0.052009971755589544,-0.31556423755953167,241,0.29045643153526973,0.7303938230460032,-96.69936619029643,0.11452702702702702,0.3584459459459459,0.4152027027027027,0.5658783783783784,0.3033445945945946,False
USDCAD1440_comma,daily,5,500,long_short,price_slow,0.0,-0.02558761646046115,-0.9710619792678883,-1.3103146069252503,-0.052527889780859434,-0.48712439367372007,110,0.09090909090909091,0.4927354026041116,-296.8124688361574,0.4358108108108108,0.35236486486486485,0.14864864864864866,0.07331081081081081,0.3031418918918919,False
USDCAD1440_comma,daily,20,150,long_short,none,0.005,-0.024396323117606755,-0.9524666553880583,-1.290777563790844,-0.059541669215278696,-0.40973529024521427,57,0.2982456140350877,0.5515921043844167,-559.4014958473151,0.46587837837837837,0.22939189189189188,0.18243243243243243,0.15236486486486486,0.3030405405405406,False
USDCAD1440_comma,daily,5,250,long_only,combined,0.0,-0.01667971555192005,-1.3565720011320592,-1.8296011475362748,-0.05174807456030006,-0.3223253366168013,275,0.28363636363636363,0.7572720543777943,-85.95619086316957,0.09594594594594595,0.3625,0.40743243243243243,0.6165540540540541,0.302972972972973,False
USDCAD1440_comma,daily,5,200,long_short,slow_slope,0.005,-0.02253574305065764,-0.975447187341128,-1.308233153021969,-0.058536518308993056,-0.38498605147131615,113,0.21238938053097345,0.5487771529368515,-262.4474371876783,0.4287162162162162,0.2483108108108108,0.23547297297297298,0.14797297297297296,0.3028547297297297,False
USDCAD1440_comma,daily,40,500,long_short,combined,0.001,-0.01862476079582276,-1.198302859736464,-1.606941000872306,-0.049970423625728136,-0.37271568748985906,163,0.2085889570552147,0.6749264666595581,-156.4799831664769,0.17466216216216215,0.3912162162162162,0.3510135135135135,0.4314189189189189,0.30258445945945944,False
USDCAD1440_comma,daily,5,75,long_short,price_slow,0.0,-0.027978066290969106,-0.9437521742237688,-1.3098583153121246,-0.06668332335273586,-0.41956616563594284,207,0.1932367149758454,0.6655880667191696,-174.43169544652122,0.4800675675675676,0.11858108108108108,0.10033783783783784,0.40506756756756757,0.3025,False
USDCAD1440_comma,daily,5,250,long_only,combined,0.0025,-0.016496885766244973,-1.3777069564468938,-1.8652250657030176,-0.0509776531905659,-0.32361014549994904,264,0.2878787878787879,0.7515611827891377,-88.67421856114971,0.08817567567567568,0.377027027027027,0.4114864864864865,0.6040540540540541,0.3024324324324324,False
USDCAD1440_comma,daily,40,100,long_short,fast_slope,0.005,-0.01886588555377533,-1.075338392171229,-1.451869346359902,-0.057788328736539746,-0.32646532554672014,127,0.2755905511811024,0.6452052973488916,-198.88228703889862,0.28885135135135137,0.26182432432432434,0.3435810810810811,0.3506756756756757,0.30231418918918923,False
USDCAD1440_comma,daily,10,75,long_only,fast_slope,0.0025,-0.013707660619858175,-1.2593561211268716,-1.7076632469242423,-0.05907501616579247,-0.23203820344945802,221,0.2669683257918552,0.7348344516029717,-89.8289255668951,0.14493243243243242,0.23716216216216215,0.48817567567567566,0.575,0.30114864864864865,False
USDCAD1440_comma,daily,10,250,long_only,combined,0.0025,-0.015195498337757463,-1.3100393458488555,-1.763152097031061,-0.05324693924109943,-0.28537787437796225,210,0.28095238095238095,0.715408889910984,-103.66117432361911,0.11655405405405406,0.34087837837837837,0.4489864864864865,0.529054054054054,0.3009966216216216,False
USDCAD1440_comma,daily,40,100,long_short,fast_slope,0.0,-0.023766273654050152,-1.0336526614743982,-1.3983383176875273,-0.060251945099741425,-0.39444823921795924,204,0.2696078431372549,0.6831131133839029,-151.8754648142215,0.34594594594594597,0.21621621621621623,0.20101351351351351,0.4510135135135135,0.30028716216216217,False
USDCAD1440_comma,daily,10,400,long_short,price_slow,0.001,-0.02543350342340578,-0.975227506186434,-1.3100244025611847,-0.05331368638269271,-0.4770539264691006,97,0.08247422680412371,0.5027047018076465,-335.426735781849,0.4297297297297297,0.33885135135135136,0.15304054054054053,0.08445945945945946,0.29988175675675677,False
USDCAD1440_comma,daily,40,500,long_short,combined,0.005,-0.017832071151290707,-1.2332133959919498,-1.6504543025741383,-0.04821481301139935,-0.36984631978298244,144,0.20833333333333334,0.6588826551085932,-170.85425079067824,0.1554054054054054,0.4155405405405405,0.3733108108108108,0.39087837837837835,0.2993412162162162,False
USDCAD1440_comma,daily,50,500,long_short,combined,0.0,-0.019552131631782266,-1.1925935334525324,-1.594145578862827,-0.048474847420948174,-0.40334591385083773,164,0.25,0.6587349109930751,-161.83780842666846,0.17972972972972973,0.41283783783783784,0.327027027027027,0.3902027027027027,0.29903716216216214,False
USDCAD1440_comma,daily,100,200,long_short,none,0.005,-0.020163715550930328,-0.9564000105129634,-1.267723144366006,-0.06127029013397754,-0.32909450088842496,31,0.3225806451612903,0.4491105404018605,-828.9157093505355,0.4597972972972973,0.19763513513513514,0.3064189189189189,0.029391891891891894,0.2990202702702703,False
USDCAD1440_comma,daily,5,150,long_only,combined,0.0025,-0.01550472353693233,-1.3439177372723778,-1.823437409115531,-0.05484626832101118,-0.2826942290072375,268,0.2873134328358209,0.754482651481148,-82.6931437707148,0.10135135135135136,0.31317567567567567,0.44054054054054054,0.6114864864864865,0.29866554054054056,False
USDCAD1440_comma,daily,50,75,long_short,combined,0.001,-0.021788818521942366,-1.0431849073582544,-1.4033943141213439,-0.060332255254756065,-0.3611470917163291,185,0.2972972972972973,0.6643221480548509,-155.1884511137114,0.3314189189189189,0.21452702702702703,0.2577702702702703,0.40135135135135136,0.29795608108108107,False
USDCAD1440_comma,daily,60,400,long_short,slow_slope,0.0,-0.022704605793920862,-1.0239326553995916,-1.3556577355236439,-0.05180732162086831,-0.43825090901389707,93,0.1935483870967742,0.5276669828908287,-325.79416736976225,0.360472972972973,0.3618243243243243,0.22804054054054054,0.11655405405405406,0.2977364864864865,False
USDCAD1440_comma,daily,10,400,long_only,combined,0.0025,-0.013935557698131262,-1.3492328643246312,-1.8040231923826713,-0.05519309723547416,-0.2524873289621168,202,0.297029702970297,0.732154897382493,-99.7455488131083,0.09898648648648649,0.3054054054054054,0.4804054054054054,0.5695945945945946,0.2974662162162162,False
USDCAD1440_comma,daily,10,250,long_only,combined,0.0,-0.015316676961605769,-1.3028247619992204,-1.7514011999462955,-0.05428889092563049,-0.2821328028709934,216,0.2824074074074074,0.7162086260812524,-101.49556884948795,0.12060810810810811,0.3206081081081081,0.4462837837837838,0.5300675675675676,0.2971621621621622,False
USDCAD1440_comma,daily,60,75,long_short,combined,0.0,-0.02164817897585858,-1.0096348988878456,-1.3474003652775193,-0.0626397202536561,-0.3455982703657594,173,0.24855491329479767,0.6320661345968143,-165.2600005468596,0.3824324324324324,0.17364864864864865,0.26216216216216215,0.3216216216216216,0.29706081081081076,False
USDCAD1440_comma,daily,50,400,long_short,slow_slope,0.001,-0.02249409287311155,-1.0262748488182922,-1.3580450832258535,-0.05069973225150938,-0.4436728139218502,91,0.18681318681318682,0.4955978359808365,-328.59781984051057,0.3550675675675676,0.3820945945945946,0.23614864864864865,0.07736486486486487,0.2963851351351352,False
USDCAD1440_comma,daily,50,400,long_short,slow_slope,0.0,-0.022626146578140216,-1.024484360859867,-1.3556980547606086,-0.050829884164898226,-0.44513472634992224,94,0.20212765957446807,0.49289684488467894,-319.98625295517724,0.35912162162162165,0.37972972972972974,0.23175675675675675,0.07364864864864865,0.29597972972972975,False
USDCAD1440_comma,daily,50,500,long_short,combined,0.001,-0.019161643355434466,-1.197275857986017,-1.6003397045282137,-0.04904179110982125,-0.3907207082328015,158,0.2468354430379747,0.6537081683796774,-165.30873813018522,0.17533783783783785,0.40574324324324323,0.3347972972972973,0.3787162162162162,0.29533783783783785,False
USDCAD1440_comma,daily,20,150,long_short,slow_slope,0.005,-0.02192038887265857,-0.9686758765856348,-1.2990766019045892,-0.06282498096252112,-0.348911985914256,102,0.24509803921568626,0.5561213844084951,-285.6639402301134,0.4435810810810811,0.17128378378378378,0.2527027027027027,0.15912162162162163,0.2946621621621622,False
USDCAD1440_comma,daily,30,75,long_short,combined,0.0,-0.021342379852926308,-1.0469174668668362,-1.409253412130712,-0.06533020358241852,-0.3266847290013636,225,0.24888888888888888,0.7060130453388168,-126.08963222294508,0.3273648648648649,0.1331081081081081,0.27128378378378376,0.5074324324324324,0.29459459459459464,False
USDCAD1440_comma,daily,60,150,long_short,price_slow,0.005,-0.020733117740711293,-1.0180860759898176,-1.3489580402096046,-0.057604334891777714,-0.3599228735070541,87,0.20689655172413793,0.547095584476496,-318.6874177943178,0.36993243243243246,0.2648648648648649,0.29155405405405405,0.14527027027027026,0.29429054054054055,False
USDCAD1440_comma,daily,75,300,long_short,none,0.005,-0.023788891521830835,-0.9598647897347012,-1.2625381844427488,-0.056664158017099175,-0.4198225536970339,24,0.25,0.4117878910295603,-1277.6831444687034,0.45472972972972975,0.2831081081081081,0.2,0.009797297297297298,0.2941385135135136,False
USDCAD1440_comma,daily,100,150,long_short,slow_slope,0.0025,-0.022169809038597,-0.9986182316949275,-1.3149701224535686,-0.05952038755224839,-0.3724742050635309,80,0.325,0.5677400030740632,-341.1540194713549,0.3969594594594595,0.22972972972972974,0.24493243243243243,0.18682432432432433,0.2932263513513514,False
USDCAD1440_comma,daily,10,250,long_only,combined,0.001,-0.015546978016356627,-1.3098156072593665,-1.760261353922065,-0.05437666147452674,-0.28591269847708023,215,0.27906976744186046,0.7129033448947832,-103.32701913761757,0.11722972972972973,0.3199324324324324,0.43885135135135134,0.5226351351351352,0.2930405405405405,False
USDCAD1440_comma,daily,5,300,long_short,none,0.005,-0.0254691578185805,-0.968173603306446,-1.2921033567330384,-0.0560834357795636,-0.4541297704849473,82,0.13414634146341464,0.49846272091525196,-397.7604587324808,0.44425675675675674,0.29155405405405405,0.15202702702702703,0.08006756756756757,0.2930067567567568,False
USDCAD1440_comma,daily,5,50,long_only,fast_slope,0.0,-0.01592696407505889,-1.2868318751946248,-1.7244045601968085,-0.058880549787365205,-0.2704961847770748,315,0.28888888888888886,0.7659433412774788,-72.04855035375721,0.1287162162162162,0.24324324324324326,0.42736486486486486,0.6344594594594595,0.2929391891891892,False
USDCAD1440_comma,daily,100,500,long_short,fast_slope,0.0,-0.020604595662828462,-1.0947140639745507,-1.4443199390769124,-0.047946945954345954,-0.42973739521277776,116,0.20689655172413793,0.5526477490594605,-235.43522202823695,0.26554054054054055,0.4179054054054054,0.29493243243243245,0.15337837837837837,0.2926858108108108,False
USDCAD1440_comma,daily,50,200,long_short,slow_slope,0.0,-0.02451839185217486,-0.9443774123581815,-1.2753596878982494,-0.06085584449258654,-0.4028929687297609,104,0.18269230769230768,0.5082688005766681,-305.4758724636816,0.4793918918918919,0.20405405405405405,0.1783783783783784,0.0945945945945946,0.29263513513513517,False
USDCAD1440_comma,daily,20,500,long_short,combined,0.001,-0.018084178350616487,-1.2352832503592899,-1.6647787396436553,-0.05367563842971569,-0.33691594324111096,214,0.24766355140186916,0.7016022791912454,-116.29174162076244,0.15472972972972973,0.33175675675675675,0.3635135135135135,0.49898648648648647,0.29238175675675676,False
USDCAD1440_comma,daily,75,100,long_only,slow_slope,0.0025,-0.015767801348447352,-1.1376741096134064,-1.5114138537281512,-0.04966098576043107,-0.3175088272414205,50,0.3,0.5327586336764989,-424.29133093716086,0.21993243243243243,0.3972972972972973,0.4320945945945946,0.12331081081081081,0.29221283783783786,False
USDCAD1440_comma,daily,60,75,long_short,none,0.001,-0.02454242671766016,-0.9509247286612793,-1.2761525220394825,-0.06530298569612622,-0.37582396051327893,94,0.3829787234042553,0.59447950277523,-333.1787489248432,0.4689189189189189,0.13378378378378378,0.17804054054054055,0.23547297297297298,0.29194256756756753,False
USDCAD1440_comma,daily,50,100,long_short,combined,0.005,-0.01894419948954773,-1.1002922672083804,-1.4756835325801991,-0.05341995614182944,-0.35462776194070755,124,0.25806451612903225,0.5970989054232967,-205.32657250367913,0.2577702702702703,0.33716216216216216,0.34087837837837837,0.2418918918918919,0.2918581081081081,False
USDCAD1440_comma,daily,20,300,long_short,slow_slope,0.005,-0.021144090722379882,-0.9860143876113399,-1.3040903481806863,-0.058944315725021734,-0.3587129727829593,83,0.1686746987951807,0.49190918906676295,-338.6989213232194,0.4125,0.24121621621621622,0.2773648648648649,0.07162162162162163,0.2915202702702703,False
USDCAD1440_comma,daily,75,400,long_short,price_slow,0.0,-0.024059873312138325,-1.0160557739254517,-1.3471664861040669,-0.0518417017657864,-0.46410269132054127,89,0.11235955056179775,0.5059328194950421,-352.8974739164851,0.37263513513513513,0.36114864864864865,0.19256756756756757,0.0902027027027027,0.29138513513513514,False
USDCAD1440_comma,daily,60,300,long_only,combined,0.001,-0.014621657628490103,-1.157246068105242,-1.5358003185088251,-0.058111566240853445,-0.25161355259103,105,0.2857142857142857,0.647596474170043,-200.33110075518053,0.20371621621621622,0.25472972972972974,0.46216216216216216,0.3564189189189189,0.2910641891891892,False
USDCAD1440_comma,daily,60,100,long_short,price_slow,0.001,-0.021755014821897123,-0.9977773734786036,-1.3346919178366063,-0.06137101411924005,-0.35448354787862046,142,0.22535211267605634,0.576046040211985,-202.30088765567234,0.39864864864864863,0.19527027027027027,0.2587837837837838,0.20439189189189189,0.2906925675675676,False
USDCAD1440_comma,daily,5,50,long_short,price_slow,0.005,-0.024369736802272057,-1.003506316140116,-1.3412670991870788,-0.0664127188773253,-0.36694382061494546,180,0.22777777777777777,0.6848091244746346,-181.59086302236955,0.38885135135135135,0.12128378378378378,0.1831081081081081,0.45472972972972975,0.29069256756756756,False
USDCAD1440_comma,daily,5,75,long_short,none,0.0,-0.02956664629906336,-0.9385655635457869,-1.3174999034382553,-0.06731924531289789,-0.4392005014559871,148,0.24324324324324326,0.6409591204929905,-255.15784684027668,0.4891891891891892,0.11081081081081082,0.07804054054054053,0.34121621621621623,0.29016891891891894,False
USDCAD1440_comma,daily,20,100,long_only,fast_slope,0.0,-0.01616195541545007,-1.1923978632625771,-1.6025625514978308,-0.05665664694398492,-0.2852614174543193,178,0.21910112359550563,0.6697388478988731,-129.16142940233442,0.18006756756756756,0.28344594594594597,0.4212837837837838,0.4168918918918919,0.28967905405405403,False
USDCAD1440_comma,daily,40,400,long_short,price_slow,0.0,-0.02519963354807253,-0.9976471419941025,-1.3385220012565155,-0.052245231168403246,-0.48233365963768016,90,0.07777777777777778,0.483670055045077,-361.9249537394159,0.3989864864864865,0.35405405405405405,0.15844594594594594,0.06283783783783783,0.28922297297297295,False
USDCAD1440_comma,daily,100,500,long_short,fast_slope,0.001,-0.020297079677106478,-1.1141084936872023,-1.4650858391490218,-0.04664911596447188,-0.43510105727544335,112,0.20535714285714285,0.5542635411136654,-244.7699175003026,0.24256756756756756,0.43175675675675673,0.3043918918918919,0.1554054054054054,0.2891554054054054,False
USDCAD1440_comma,daily,30,400,long_short,price_slow,0.0025,-0.024722960039199604,-1.0000215982568545,-1.336146028078613,-0.05260549752758063,-0.4699691325272146,82,0.10975609756097561,0.4841270369261978,-389.81343513547984,0.3935810810810811,0.35033783783783784,0.17229729729729729,0.06385135135135135,0.28905405405405404,False
USDCAD1440_comma,daily,40,300,long_only,combined,0.0,-0.015154151833199125,-1.209462116889589,-1.6165125439440404,-0.05491913078772098,-0.2759357552794216,121,0.21487603305785125,0.6480369153763802,-179.472471792427,0.16756756756756758,0.31148648648648647,0.4503378378378378,0.3584459459459459,0.2887331081081081,False
USDCAD1440_comma,daily,5,200,long_short,none,0.0,-0.028467997652224186,-0.9362747948939436,-1.3124382677124042,-0.060669884340424786,-0.46922782137654007,104,0.1346153846153846,0.540709946971728,-340.4243602493826,0.4922297297297297,0.2087837837837838,0.0956081081081081,0.13378378378378378,0.28827702702702707,False
USDCAD1440_comma,daily,75,500,long_short,fast_slope,0.0025,-0.018754400440079366,-1.1423251575650284,-1.5094261718751423,-0.05005956210283283,-0.37464171982874916,116,0.20689655172413793,0.5923186732051403,-223.37997061586168,0.21554054054054053,0.3902027027027027,0.34662162162162163,0.23209459459459458,0.28790540540540543,False
USDCAD1440_comma,daily,5,50,long_short,none,0.005,-0.024924355361579775,-1.0055074402512971,-1.3473002881502487,-0.06583387513586168,-0.3785946871598135,175,0.22857142857142856,0.6824731902709563,-190.11648000243835,0.38716216216216215,0.1260135135135135,0.16858108108108108,0.44966216216216215,0.2875337837837838,False
USDCAD1440_comma,daily,60,250,long_short,combined,0.0,-0.020438374580209362,-1.1003706952997,-1.4631470990458801,-0.05573925323536995,-0.36667829929303697,156,0.28846153846153844,0.6387942823476885,-177.11853924091434,0.2574324324324324,0.2959459459459459,0.30067567567567566,0.33614864864864863,0.2875168918918919,False
USDCAD1440_comma,daily,100,500,long_short,combined,0.001,-0.018902890244705817,-1.1580343830392514,-1.5180879476769007,-0.045774543903852376,-0.41295638651060274,110,0.22727272727272727,0.5641931735303907,-237.4702707263935,0.20337837837837838,0.44425675675675674,0.3422297297297297,0.1777027027027027,0.2875168918918919,False
USDCAD1440_comma,daily,5,50,long_only,combined,0.0025,-0.015679730557968785,-1.3964855932406897,-1.8826179828229908,-0.053813497013590436,-0.2913717083654481,261,0.2681992337164751,0.7353760008390712,-85.75982328095786,0.07939189189189189,0.3290540540540541,0.4347972972972973,0.5763513513513514,0.2874324324324325,False
USDCAD1440_comma,daily,75,300,long_only,slow_slope,0.005,-0.017845529335331456,-1.080937233381333,-1.3966644908580055,-0.05047330791662281,-0.3535636967723733,47,0.1702127659574468,0.4488820741057029,-533.5454621579518,0.28040540540540543,0.3847972972972973,0.372972972972973,0.029054054054054056,0.2873141891891892,False
USDCAD1440_comma,daily,30,250,long_short,price_slow,0.005,-0.025050460669125862,-0.9698822909713183,-1.304860735442382,-0.058112270497015325,-0.4310700727209147,81,0.1728395061728395,0.51107940930396,-395.49672789398437,0.43986486486486487,0.2543918918918919,0.1635135135135135,0.0983108108108108,0.2869932432432432,False
USDCAD1440_comma,daily,60,400,long_short,price_slow,0.001,-0.02443835193351751,-1.0106843881653356,-1.347131423465178,-0.052302677266501514,-0.46724858479031683,85,0.08235294117647059,0.4843618989987412,-373.46805304044375,0.3810810810810811,0.3533783783783784,0.1810810810810811,0.06418918918918919,0.28662162162162164,False
USDCAD1440_comma,daily,30,200,long_short,combined,0.001,-0.021290254886590088,-1.137060218942809,-1.5221978680312154,-0.054771775513072316,-0.3887085033697468,177,0.22033898305084745,0.6767047236812491,-161.56621103501425,0.22094594594594594,0.31385135135135134,0.2722972972972973,0.43445945945945946,0.2864695945945946,False
USDCAD1440_comma,daily,50,250,long_short,price_slow,0.0025,-0.024599806814879943,-0.9695167309336757,-1.2959522157132084,-0.05851430299586176,-0.4204067305837974,93,0.11827956989247312,0.5019470327996838,-339.7989983726206,0.4408783783783784,0.24932432432432433,0.17635135135135135,0.08243243243243244,0.28631756756756765,False
USDCAD1440_comma,daily,75,200,long_short,none,0.001,-0.024507748312308286,-0.910825883742646,-1.240788210080288,-0.06802211349297692,-0.3602908973835198,28,0.2857142857142857,0.4689517333670056,-1088.6958775554494,0.5429054054054054,0.10135135135135136,0.1793918918918919,0.04966216216216216,0.28582770270270275,False
USDCAD1440_comma,daily,60,200,long_short,slow_slope,0.0,-0.0248592090457046,-0.952547207669212,-1.279933294149173,-0.06072921708420694,-0.4093451264361748,103,0.20388349514563106,0.5012506749273211,-311.5119301689839,0.46554054054054056,0.20777027027027026,0.17094594594594595,0.08209459459459459,0.28466216216216217,False
USDCAD1440_comma,daily,75,300,long_short,none,0.0025,-0.024619018358905786,-0.9326483319869286,-1.247133057370128,-0.06159514242073544,-0.3996909072917091,21,0.23809523809523808,0.4166026468735126,-1485.1577276957444,0.49898648648648647,0.1918918918918919,0.17533783783783785,0.0125,0.2845101351351352,False
USDCAD1440_comma,daily,40,200,long_short,slow_slope,0.005,-0.024026983258018664,-0.9846275037271016,-1.3174461220985574,-0.056859331508906305,-0.4225688663654995,90,0.16666666666666666,0.48845624207159444,-348.9569021089966,0.4152027027027027,0.27837837837837837,0.1929054054054054,0.06824324324324324,0.2844932432432433,False
USDCAD1440_comma,daily,75,500,long_short,fast_slope,0.0,-0.019981228696581033,-1.1111366240303135,-1.4750421820771322,-0.051994321406919376,-0.3842963646011147,138,0.2463768115942029,0.5895715083160638,-198.27565988424797,0.24493243243243243,0.3587837837837838,0.31182432432432433,0.2260135135135135,0.2839358108108108,False
USDCAD1440_comma,daily,60,150,long_short,fast_slope,0.001,-0.02188168285129566,-1.0317801580555304,-1.3818482321652863,-0.06162821282823695,-0.35505950679247766,164,0.2804878048780488,0.62549038827865,-176.21261352025377,0.34864864864864864,0.19155405405405404,0.2533783783783784,0.3043918918918919,0.2836824324324324,False
USDCAD1440_comma,daily,60,400,long_short,fast_slope,0.005,-0.01968826540290347,-1.1619387514787274,-1.546712583341061,-0.05204839902372976,-0.3782684150174773,138,0.26811594202898553,0.635670404807333,-194.45727877250667,0.20067567567567568,0.35743243243243245,0.3222972972972973,0.3293918918918919,0.28349662162162165,False
USDCAD1440_comma,daily,10,500,long_only,fast_slope,0.005,-0.01677071351424575,-1.3658209018978642,-1.820081431402596,-0.05281341294543814,-0.31754648258713514,219,0.2968036529680365,0.7096477751569195,-108.45285285594743,0.09527027027027027,0.3472972972972973,0.40540540540540543,0.5158783783783784,0.2833952702702703,False
USDCAD1440_comma,daily,75,500,long_short,price_slow,0.001,-0.024194092630648423,-1.0228992399837895,-1.357217490332005,-0.05159999918129042,-0.4688777715992858,82,0.10975609756097561,0.4860201361695298,-385.182812845554,0.3621621621621622,0.36486486486486486,0.18716216216216217,0.06554054054054054,0.28334459459459466,False
USDCAD1440_comma,daily,50,100,long_short,price_slow,0.005,-0.019695979988413548,-1.0461134027371282,-1.3930617347733762,-0.057761187284842475,-0.3409898742434976,96,0.25,0.5445223550036621,-273.54554944692626,0.3293918918918919,0.2628378378378378,0.3219594594594595,0.14087837837837838,0.28298986486486494,False
USDCAD1440_comma,daily,30,150,long_short,combined,0.0025,-0.01994774940144406,-1.1202137456140338,-1.500968648484041,-0.05748888396388826,-0.34698446075199985,167,0.24550898203592814,0.6598399772926222,-162.47355085729362,0.23648648648648649,0.2662162162162162,0.31486486486486487,0.39222972972972975,0.2829560810810811,False
USDCAD1440_comma,daily,20,75,long_only,combined,0.001,-0.01589256497693614,-1.2630545242650604,-1.7136665748997484,-0.054268040853778586,-0.29285311809500436,176,0.23863636363636365,0.6627279214208843,-128.70429711582455,0.14189189189189189,0.32094594594594594,0.42905405405405406,0.3989864864864865,0.282652027027027,False
USDCAD1440_comma,daily,5,50,long_only,combined,0.001,-0.016215299596103017,-1.3935879049901565,-1.8739404490388973,-0.054246905139057985,-0.298916584356956,276,0.2717391304347826,0.7341374449445446,-83.54222244456123,0.08074324324324324,0.3216216216216216,0.41993243243243245,0.572972972972973,0.2826351351351351,False
USDCAD1440_comma,daily,10,200,long_only,fast_slope,0.0025,-0.01638413630428992,-1.2705082218721373,-1.7107561805368228,-0.058286089514234946,-0.2810985681289958,222,0.28378378378378377,0.7205933716267281,-104.81574632281098,0.13682432432432431,0.252027027027027,0.4168918918918919,0.5398648648648648,0.28209459459459457,False
USDCAD1440_comma,daily,20,75,long_only,combined,0.0,-0.015622229616801375,-1.2401574050054576,-1.682006024432653,-0.05649606170173351,-0.2765189138187667,184,0.2554347826086957,0.6686138730697225,-121.2531818851877,0.15202702702702703,0.2868243243243243,0.43716216216216214,0.4141891891891892,0.2820777027027027,False
USDCAD1440_comma,daily,5,200,long_only,fast_slope,0.005,-0.017080275759024155,-1.3520687639853541,-1.8373948811501186,-0.056534330733123486,-0.3021221890757577,275,0.28363636363636363,0.7563099208029898,-87.76423138868824,0.0983108108108108,0.28547297297297297,0.3952702702702703,0.6152027027027027,0.28202702702702703,False
USDCAD1440_comma,daily,50,250,long_short,fast_slope,0.001,-0.02277074466759721,-1.09387395936644,-1.468684929467041,-0.056676139039394974,-0.40176951100655445,172,0.25,0.661396342390596,-174.2179166221156,0.2668918918918919,0.28243243243243243,0.22432432432432434,0.39628378378378376,0.2816722972972973,False
USDCAD1440_comma,daily,60,100,long_only,slow_slope,0.005,-0.014204059852389594,-1.1831845524067022,-1.5470256465455834,-0.047431089370673495,-0.29946729119765747,37,0.24324324324324326,0.46791626285673216,-553.9595189099655,0.18547297297297297,0.4233108108108108,0.4722972972972973,0.04695945945945946,0.2815202702702703,False
USDCAD1440_comma,daily,60,75,long_short,slow_slope,0.0,-0.025966359639506775,-0.972011686200068,-1.3134762508907953,-0.06418506837012784,-0.4045545217739721,181,0.27624309392265195,0.6175977373419064,-183.4568296650665,0.43445945945945946,0.14932432432432433,0.14054054054054055,0.2814189189189189,0.2814358108108108,False
USDCAD1440_comma,daily,75,250,long_short,slow_slope,0.005,-0.02298236887931171,-0.9991627814605165,-1.3053380372290735,-0.05574941992931689,-0.4122440898658749,60,0.16666666666666666,0.4553414382198036,-504.2158093969214,0.3966216216216216,0.2956081081081081,0.21824324324324323,0.03412162162162162,0.2813175675675676,False
USDCAD1440_comma,daily,75,150,long_short,slow_slope,0.0,-0.024442808219957812,-0.9507315752171224,-1.274849461661016,-0.06479031786336102,-0.3772601991474446,117,0.26495726495726496,0.5484631337831611,-268.3643557488323,0.4702702702702703,0.13918918918918918,0.18074324324324326,0.14695945945945946,0.281097972972973,False
USDCAD1440_comma,daily,75,100,long_only,combined,0.005,-0.011142702011100014,-1.3675191555108017,-1.8131015178987109,-0.04211655842174703,-0.26456819903276907,38,0.2631578947368421,0.4866928718613685,-432.7426903985495,0.09391891891891892,0.4908783783783784,0.5537162162162163,0.06655405405405405,0.2810135135135135,False
USDCAD1440_comma,daily,50,300,long_short,fast_slope,0.005,-0.02137305354565966,-1.144244619199379,-1.5269133436528597,-0.05117948907812371,-0.4176097481753762,145,0.2482758620689655,0.6314956754469043,-197.84342934618394,0.21385135135135136,0.3722972972972973,0.2699324324324324,0.3199324324324324,0.28059121621621624,False
USDCAD1440_comma,daily,10,150,long_short,slow_slope,0.001,-0.02392653348787188,-0.9558169527945373,-1.283182516373266,-0.06642634950216908,-0.36019642306387145,134,0.23880597014925373,0.5633164071748062,-233.1213461258298,0.4618243243243243,0.12094594594594595,0.19628378378378378,0.17567567567567569,0.28057432432432433,False
USDCAD1440_comma,daily,50,100,long_short,slow_slope,0.001,-0.025020017082472812,-0.976799850027462,-1.3345758230679392,-0.0633076974298764,-0.3952128745511012,130,0.26153846153846155,0.5955709741508631,-248.84286382171598,0.42567567567567566,0.16283783783783784,0.1662162162162162,0.23783783783783785,0.27989864864864866,False
USDCAD1440_comma,daily,100,300,long_short,price_slow,0.001,-0.023949467548425307,-1.0079519483187749,-1.3348902746297697,-0.05720251017916481,-0.41867861171499,102,0.12745098039215685,0.5348309171536687,-305.7410966750174,0.3847972972972973,0.27128378378378376,0.19493243243243244,0.12702702702702703,0.2797804054054054,False
USDCAD1440_comma,daily,10,150,long_only,combined,0.0025,-0.014660284630351184,-1.275542461030396,-1.71863345101664,-0.060330045874035565,-0.24300138377087788,207,0.28502415458937197,0.713469180684185,-101.85691251302596,0.1347972972972973,0.21486486486486486,0.46114864864864863,0.525,0.27861486486486486,False
USDCAD1440_comma,daily,50,100,long_short,slow_slope,0.005,-0.0217683808009137,-1.0385029378857438,-1.3822353191636174,-0.05517293093164147,-0.3945482038625868,78,0.2948717948717949,0.5088659949620137,-366.32126064285166,0.33885135135135136,0.30574324324324326,0.2581081081081081,0.09527027027027027,0.27788851351351346,False
USDCAD1440_comma,daily,50,75,long_short,fast_slope,0.0,-0.02653509951166866,-1.02419974540601,-1.388066740059371,-0.06319125855853278,-0.41991724990078705,207,0.30917874396135264,0.6820348930072265,-163.75951994048162,0.3597972972972973,0.1652027027027027,0.1277027027027027,0.4472972972972973,0.27785472972972974,False
USDCAD1440_comma,daily,50,100,long_short,fast_slope,0.0,-0.024982423183626645,-1.037882062774238,-1.4090154381062145,-0.06179319702026879,-0.40429083440094804,189,0.2857142857142857,0.6672963921021593,-169.91426611650832,0.3398648648648649,0.1875,0.16756756756756758,0.40912162162162163,0.27770270270270275,False
USDCAD1440_comma,daily,75,100,long_only,none,0.005,-0.012469993232048004,-1.300087595490155,-1.713828350433939,-0.04213472978418783,-0.2959552202166418,22,0.3181818181818182,0.43065205125667455,-828.3798130564868,0.12162162162162163,0.4905405405405405,0.5175675675675676,0.018243243243243244,0.2775337837837838,False
USDCAD1440_comma,daily,50,200,long_short,price_slow,0.0025,-0.025333051658436356,-0.986539269409069,-1.3253825166089783,-0.05796444892437624,-0.43704463905949176,107,0.14018691588785046,0.5199661558016674,-304.34851268417935,0.4114864864864865,0.2577702702702703,0.15675675675675677,0.10945945945945947,0.27680743243243244,False
USDCAD1440_comma,daily,5,150,long_only,combined,0.0,-0.01704487432205637,-1.3685408257992693,-1.8529643632485862,-0.05654338364024731,-0.3014477242908383,278,0.2841726618705036,0.7443018597505878,-86.65950644345956,0.09324324324324325,0.2851351351351351,0.3969594594594595,0.5912162162162162,0.27665540540540545,False
USDCAD1440_comma,daily,5,400,long_short,price_slow,0.0,-0.027178338483482944,-0.9891266139587992,-1.3350751676081174,-0.055034038403649406,-0.49384597735936275,114,0.08771929824561403,0.5033835206652993,-302.0506295817239,0.40878378378378377,0.30945945945945946,0.1125,0.08581081081081081,0.27625000000000005,False
USDCAD1440_comma,daily,60,300,long_short,price_slow,0.0,-0.025029789066729258,-0.9771539383006587,-1.3061290185118917,-0.05945938045899535,-0.42095610269586337,108,0.1111111111111111,0.5143262673446752,-299.0025761169331,0.4246621621621622,0.23074324324324325,0.16554054054054054,0.10337837837837838,0.2761655405405406,False
USDCAD1440_comma,daily,100,300,long_short,fast_slope,0.0025,-0.02141793402339298,-1.0908289570813388,-1.4474202632156488,-0.05027590132787138,-0.4260079572461002,108,0.25925925925925924,0.5281538856982714,-253.43863544402194,0.2706081081081081,0.38682432432432434,0.2679054054054054,0.11756756756756757,0.27616554054054054,False
USDCAD1440_comma,daily,75,100,long_short,slow_slope,0.0,-0.02553510963933181,-0.9751406561116785,-1.328437003449069,-0.06021710432978763,-0.4240507730077008,143,0.24475524475524477,0.5373205808068773,-232.9017344873011,0.4300675675675676,0.21756756756756757,0.14966216216216216,0.12972972972972974,0.2758108108108108,False
USDCAD1440_comma,daily,5,200,long_short,price_slow,0.0,-0.028861773377433564,-0.9600126999221277,-1.3335039802639221,-0.0601286216385716,-0.48000058193449713,143,0.11188811188811189,0.5455033235488164,-249.67152327835123,0.4543918918918919,0.2195945945945946,0.08614864864864864,0.14324324324324325,0.27537162162162165,False
USDCAD1440_comma,daily,40,300,long_only,combined,0.0025,-0.015625379212304336,-1.2324346172593112,-1.6424095398884568,-0.0548895382982941,-0.28466953260545014,115,0.21739130434782608,0.6303105444991484,-194.03974604866605,0.15574324324324323,0.31216216216216214,0.43682432432432433,0.3168918918918919,0.27523648648648646,False
USDCAD1440_comma,daily,10,300,long_only,fast_slope,0.005,-0.01626774023213673,-1.307261473884044,-1.759830603575692,-0.05733708990156831,-0.2837210653708424,219,0.2876712328767123,0.7089320779640442,-105.5862362182861,0.11858108108108108,0.2679054054054054,0.4189189189189189,0.5135135135135135,0.2752195945945946,False
USDCAD1440_comma,daily,75,100,long_only,slow_slope,0.005,-0.012671239037813198,-1.3104578693898072,-1.727421810342124,-0.0418170418527268,-0.3030161502680978,26,0.2692307692307692,0.42828113747736873,-711.197578614112,0.11587837837837837,0.4929054054054054,0.5138513513513514,0.016891891891891893,0.27488175675675675,False
USDCAD1440_comma,daily,40,150,long_short,slow_slope,0.0025,-0.02355535570950329,-0.9690611523921749,-1.289482134456024,-0.06353274138096511,-0.37075931555128283,112,0.29464285714285715,0.5210415007188541,-275.2012113965927,0.44155405405405407,0.15912162162162163,0.20608108108108109,0.11081081081081082,0.2742398648648649,False
USDCAD1440_comma,daily,60,250,long_short,price_slow,0.001,-0.024490277424334517,-0.9681877767845666,-1.2946048260037735,-0.06144994986798625,-0.39854023440128605,103,0.11650485436893204,0.49826242348917177,-304.80828211346335,0.44391891891891894,0.1939189189189189,0.18006756756756756,0.07939189189189189,0.27396959459459463,False
USDCAD1440_comma,daily,20,500,long_short,combined,0.0025,-0.01900910187593119,-1.266703708856372,-1.704781420502674,-0.05414819734834509,-0.3510569660083459,208,0.23557692307692307,0.6890730269927825,-125.0261866627494,0.13851351351351351,0.32297297297297295,0.33952702702702703,0.4652027027027027,0.27383445945945944,False
USDCAD1440_comma,daily,75,200,long_short,price_slow,0.0,-0.024846572987304638,-0.9908304388445357,-1.3255375149208752,-0.05948589936652227,-0.4176884480507308,112,0.125,0.5352695363909586,-289.93454554527716,0.40709459459459457,0.23006756756756758,0.17128378378378378,0.1277027027027027,0.2737668918918919,False
USDCAD1440_comma,daily,20,75,long_only,combined,0.0025,-0.01489522370172569,-1.2673289261368545,-1.7187896997029701,-0.0577947355255758,-0.257726306146589,165,0.24242424242424243,0.6687304760902922,-129.60924006039005,0.13783783783783785,0.2611486486486487,0.4557432432432432,0.41452702702702704,0.27375,False
USDCAD1440_comma,daily,60,250,long_short,price_slow,0.0,-0.024909419096703522,-0.9687934236253632,-1.2960391065205357,-0.061506550400240986,-0.40498806931311704,106,0.11320754716981132,0.5075944244580304,-301.27914471770436,0.44324324324324327,0.19358108108108107,0.16959459459459458,0.09256756756756757,0.27349662162162164,False
USDCAD1440_comma,daily,40,200,long_short,fast_slope,0.001,-0.022428641039201613,-1.073732054822676,-1.4474300501575628,-0.06043243858518318,-0.3711357933634779,188,0.2712765957446808,0.6523009717678775,-157.12163635322634,0.29155405405405405,0.21283783783783783,0.23716216216216215,0.37432432432432433,0.2734121621621622,False
USDCAD1440_comma,daily,75,250,long_short,slow_slope,0.0025,-0.02413230942864475,-0.9828971463654786,-1.2868947523541066,-0.05808104772552011,-0.4154937001599801,70,0.17142857142857143,0.44458684018068567,-448.733712461133,0.41824324324324325,0.2554054054054054,0.1902027027027027,0.02702702702702703,0.2732432432432433,False
USDCAD1440_comma,daily,50,200,long_short,slow_slope,0.0025,-0.025423465925579758,-0.9829148864681729,-1.3152200248097372,-0.05815174221136013,-0.4371918184871373,101,0.18811881188118812,0.4946893539842812,-327.4417051996137,0.4179054054054054,0.25405405405405407,0.15371621621621623,0.07601351351351351,0.27282094594594597,False
USDCAD1440_comma,daily,40,300,long_only,combined,0.001,-0.015765521223326084,-1.2300111503879811,-1.6393188472460056,-0.055488637046306286,-0.2841216159295725,118,0.211864406779661,0.6313942685085582,-190.60767002502317,0.1581081081081081,0.30033783783783785,0.43243243243243246,0.3195945945945946,0.27275337837837843,False
USDCAD1440_comma,daily,10,150,long_only,combined,0.0,-0.015220145814252017,-1.275346131429163,-1.7182434879167936,-0.06089010284510272,-0.24996091487922567,216,0.2777777777777778,0.7110026396919674,-100.92700424025219,0.13547297297297298,0.20337837837837838,0.4483108108108108,0.518581081081081,0.2724831081081081,False
USDCAD1440_comma,daily,40,75,long_short,combined,0.0025,-0.020602038753059437,-1.0754338744418612,-1.434361211894392,-0.062179722566733285,-0.3313305029778585,162,0.25925925925925924,0.6452660419120554,-169.52664745101902,0.2885135135135135,0.18141891891891893,0.29527027027027025,0.3510135135135135,0.27246621621621625,False
USDCAD1440_comma,daily,40,75,long_short,combined,0.001,-0.02181615207720622,-1.0583389013961202,-1.4090786834020201,-0.06423294035603794,-0.33964118653577235,187,0.25133689839572193,0.6567256550402746,-153.87058700099908,0.3152027027027027,0.14864864864864866,0.2560810810810811,0.3847972972972973,0.27217905405405407,False
USDCAD1440_comma,daily,75,100,long_short,none,0.0025,-0.022873506152550682,-1.028218786626716,-1.3651168462771377,-0.05801286191304982,-0.3942833605905134,64,0.390625,0.5499862937577393,-452.5366463510634,0.35236486486486485,0.25641891891891894,0.2222972972972973,0.14932432432432433,0.2719087837837838,False
USDCAD1440_comma,daily,75,100,long_short,none,0.001,-0.026526799701333537,-0.9822877456542592,-1.3254650312688916,-0.05996266175701083,-0.44238862859072503,70,0.35714285714285715,0.5507037213907855,-471.51246650166024,0.4195945945945946,0.22263513513513514,0.12804054054054054,0.15067567567567566,0.2717060810810811,False
USDCAD1440_comma,daily,5,50,long_short,slow_slope,0.005,-0.02542325288507008,-1.0718942045069808,-1.4435805755160294,-0.06058578273120606,-0.41962407249671907,207,0.2318840579710145,0.689017309810325,-162.3731390687902,0.2959459459459459,0.21013513513513513,0.15405405405405406,0.4648648648648649,0.2714527027027027,False
USDCAD1440_comma,daily,100,300,long_short,slow_slope,0.0025,-0.023364109004265,-1.0157487640636567,-1.3307732781492676,-0.05868070433170583,-0.3981565877634007,91,0.14285714285714285,0.530261863821525,-340.331615873883,0.3733108108108108,0.24594594594594596,0.2114864864864865,0.12027027027027028,0.2711486486486487,False
USDCAD1440_comma,daily,10,50,long_short,none,0.005,-0.023805840844300152,-1.01159661342426,-1.3417076628060796,-0.07115343164313258,-0.33457052308731183,134,0.291044776119403,0.6666729598834572,-239.19751921578313,0.3793918918918919,0.07060810810810811,0.19898648648648648,0.4077702702702703,0.27037162162162165,False
USDCAD1440_comma,daily,40,400,long_short,price_slow,0.001,-0.02595458499917369,-1.0135147018057897,-1.3583135485652165,-0.05340296329593938,-0.48601394749094773,88,0.07954545454545454,0.4679017364429186,-380.0036492774006,0.3766891891891892,0.3375,0.14121621621621622,0.046621621621621624,0.2702871621621622,False
USDCAD1440_comma,daily,75,300,long_short,price_slow,0.001,-0.024828159834932584,-0.9975583513169777,-1.3277943184921668,-0.05889835241456547,-0.4215425188836457,102,0.09803921568627451,0.5143261351386182,-314.30876748505756,0.3993243243243243,0.2429054054054054,0.17162162162162162,0.10304054054054054,0.2702364864864865,False
USDCAD1440_comma,daily,60,75,long_short,price_slow,0.0,-0.023498638508075764,-1.019433909180285,-1.3591874387671845,-0.06483489852017191,-0.36243811657644065,181,0.2265193370165746,0.6278662531066271,-169.91045591078515,0.36858108108108106,0.13817567567567568,0.20810810810810812,0.3108108108108108,0.27021959459459455,False
USDCAD1440_comma,daily,75,100,long_only,combined,0.001,-0.014456493875987797,-1.1540708523481134,-1.527891562913088,-0.056510373451057874,-0.25582017943144864,91,0.25274725274725274,0.5508387168722103,-228.81634327857546,0.20608108108108109,0.28614864864864864,0.46756756756756757,0.15135135135135136,0.2701858108108108,False
USDCAD1440_comma,daily,30,250,long_short,fast_slope,0.005,-0.022003462257236595,-1.1544318481231564,-1.5496909851257192,-0.05514844034745608,-0.3989861203436841,154,0.21428571428571427,0.6670098508172194,-190.4508290496983,0.20540540540540542,0.30608108108108106,0.25067567567567567,0.40878378378378377,0.27013513513513515,False
USDCAD1440_comma,daily,40,50,long_short,price_slow,0.0025,-0.01693287686409206,-1.1635845272276646,-1.5682980636231043,-0.06383135478239191,-0.26527522284021854,136,0.2867647058823529,0.6922388604039632,-175.94868847110763,0.19932432432432431,0.1554054054054054,0.40135135135135136,0.4739864864864865,0.26994932432432434,False
USDCAD1440_comma,daily,5,150,long_only,combined,0.001,-0.01704852721214445,-1.3736154614551441,-1.8599155608728333,-0.05747402175200257,-0.2966301416265589,274,0.28832116788321166,0.7385261790653641,-87.94111508642,0.09054054054054055,0.2668918918918919,0.3966216216216216,0.5824324324324325,0.2696283783783784,False
USDCAD1440_comma,daily,5,300,long_only,fast_slope,0.0,-0.019811879935386134,-1.3508189591183144,-1.81269249833672,-0.05541787687426396,-0.3574998006570469,317,0.27129337539432175,0.7532984136701585,-86.5798044404285,0.09864864864864865,0.3013513513513513,0.31756756756756754,0.6077702702702703,0.26947635135135134,False
USDCAD1440_comma,daily,60,250,long_short,combined,0.001,-0.02078567993979441,-1.1122393017709218,-1.478586844739014,-0.05703436327741601,-0.3644413428215644,154,0.2922077922077922,0.624008673891753,-182.11220945144026,0.24425675675675676,0.2760135135135135,0.28885135135135137,0.2976351351351351,0.2691216216216216,False
USDCAD1440_comma,daily,50,250,long_short,combined,0.005,-0.020326550653678388,-1.1602043751576467,-1.5443026853026058,-0.053498337064602206,-0.3799473361037924,143,0.2517482517482518,0.6215331663115,-191.604212610367,0.20202702702702702,0.33547297297297296,0.3037162162162162,0.2908783783783784,0.269054054054054,False
USDCAD1440_comma,daily,5,75,long_only,combined,0.0025,-0.016593752934878747,-1.4004060723154412,-1.8954992088907476,-0.05644880132535642,-0.2939611213218968,270,0.2740740740740741,0.729204938999139,-87.15129830572755,0.07736486486486487,0.2875,0.40844594594594597,0.5631756756756757,0.2689864864864865,False
USDCAD1440_comma,daily,60,300,long_only,combined,0.0025,-0.015512147542860899,-1.1888921960433805,-1.570774252931205,-0.05891540914901227,-0.26329525275173216,105,0.2761904761904762,0.6287873801025371,-211.15402888559063,0.18344594594594596,0.2418918918918919,0.4402027027027027,0.31385135135135134,0.2689695945945946,False
USDCAD1440_comma,daily,40,50,long_short,combined,0.0025,-0.01734160325844214,-1.17829985089977,-1.5886722176124126,-0.06163978162385765,-0.2813378438662424,134,0.291044776119403,0.6860716493316744,-182.4524255499027,0.18817567567567567,0.1912162162162162,0.38547297297297295,0.45844594594594595,0.2689358108108108,False
USDCAD1440_comma,daily,5,50,long_only,fast_slope,0.001,-0.017100976924422695,-1.3400456140885835,-1.7925159133770623,-0.05889983156245265,-0.2903399970896384,297,0.26262626262626265,0.7436834354891974,-81.34941782427195,0.10202702702702703,0.24256756756756756,0.39425675675675675,0.5898648648648649,0.26878378378378376,False
USDCAD1440_comma,daily,20,100,long_only,fast_slope,0.001,-0.017402817561954054,-1.231878982277846,-1.6539979850589352,-0.05566070862299245,-0.3126589292965857,171,0.21052631578947367,0.6492188154688174,-143.46972741965064,0.15641891891891893,0.2976351351351351,0.3837837837837838,0.3641891891891892,0.2683614864864865,False
USDCAD1440_comma,daily,60,200,long_short,slow_slope,0.001,-0.024915403138612513,-0.9616202524148024,-1.2900908516246785,-0.06214449034653339,-0.4009269848328939,97,0.1958762886597938,0.47460978876013876,-331.6466355374896,0.4516891891891892,0.1820945945945946,0.16925675675675675,0.052702702702702706,0.2679560810810811,False
USDCAD1440_comma,daily,5,75,long_only,fast_slope,0.0025,-0.017878696399430516,-1.3855240444244572,-1.8566348759356295,-0.05566502950036946,-0.3211836328823261,290,0.2827586206896552,0.7302242329185047,-86.61100903281204,0.08445945945945946,0.2972972972972973,0.37195945945945946,0.5648648648648649,0.2672297297297297,False
USDCAD1440_comma,daily,10,500,long_only,combined,0.001,-0.016765465292874704,-1.3942534768662074,-1.8564344285374494,-0.054567143142685855,-0.30724469575098023,229,0.28820960698689957,0.7003686062015148,-103.68842387236452,0.0804054054054054,0.3179054054054054,0.40574324324324323,0.4962837837837838,0.2672297297297297,False
USDCAD1440_comma,daily,40,200,long_only,combined,0.005,-0.01790677150894182,-1.259564052794761,-1.6948707695819643,-0.05111552988456683,-0.35031959072673846,121,0.21487603305785125,0.6167683569323045,-207.8636868553179,0.14425675675675675,0.3733108108108108,0.37027027027027026,0.2797297297297297,0.26704391891891893,False
USDCAD1440_comma,daily,10,200,long_only,combined,0.0025,-0.015893655775148896,-1.3180801810245175,-1.778235595139676,-0.0588192877776666,-0.270211632538394,206,0.2669902912621359,0.7017571278798459,-109.96762555355605,0.11081081081081082,0.2445945945945946,0.4287162162162162,0.49966216216216214,0.26616554054054054,False
USDCAD1440_comma,daily,40,75,long_short,combined,0.0,-0.022650014190266687,-1.054342864928017,-1.4100230362081059,-0.06567463027140077,-0.3448822490003427,209,0.24401913875598086,0.6624342718368641,-142.080860448758,0.3199324324324324,0.1287162162162162,0.23006756756756758,0.3983108108108108,0.2659121621621622,False
USDCAD1440_comma,daily,50,75,long_short,price_slow,0.0025,-0.02074102887710061,-1.0509979309840136,-1.4036929203893085,-0.0648268625024074,-0.31994497460571025,136,0.27205882352941174,0.6217457917080511,-203.2687636939736,0.32297297297297295,0.13851351351351351,0.2902027027027027,0.2918918918918919,0.26564189189189186,False
USDCAD1440_comma,daily,40,150,long_short,price_slow,0.0,-0.02559651915408645,-0.9734967442527459,-1.3141125953245054,-0.06308240768561808,-0.4057631928326366,127,0.1732283464566929,0.5418415121187757,-259.60981949534556,0.43277027027027026,0.16756756756756758,0.14797297297297296,0.1375,0.2652195945945946,False
USDCAD1440_comma,daily,50,75,long_short,combined,0.0025,-0.020555255240996217,-1.0790812595872743,-1.448776224702312,-0.0624241413628261,-0.32928374811795136,147,0.2857142857142857,0.632140830802005,-186.44618649186032,0.2831081081081081,0.17736486486486486,0.29662162162162165,0.3219594594594595,0.26520270270270274,False
USDCAD1440_comma,daily,10,75,long_short,slow_slope,0.001,-0.02647962698663542,-0.9994126391048251,-1.3518275500643744,-0.06415641420325988,-0.4127354577944905,188,0.23404255319148937,0.6212843675733594,-180.71638745781277,0.3956081081081081,0.15,0.12972972972972974,0.2891891891891892,0.26506756756756755,False
USDCAD1440_comma,daily,5,100,long_only,fast_slope,0.0,-0.018812364055171504,-1.3376645039769295,-1.7872849153159547,-0.0572497841521299,-0.3286014844209961,312,0.28846153846153844,0.7378561652372648,-84.13605651360528,0.10337837837837838,0.2702702702702703,0.3452702702702703,0.5804054054054054,0.2650337837837838,False
USDCAD1440_comma,daily,10,75,long_only,fast_slope,0.005,-0.013971960815106321,-1.3014731169251335,-1.7626132498888296,-0.06331553182865834,-0.22067193327723467,198,0.2878787878787879,0.7170884250204658,-101.99925404486552,0.12128378378378378,0.1625,0.4797297297297297,0.5324324324324324,0.26494932432432433,False
USDCAD1440_comma,daily,75,100,long_only,price_slow,0.005,-0.011693914108705905,-1.3816037325473705,-1.8304859678738667,-0.04419999890938354,-0.26456819903276785,38,0.2631578947368421,0.46564592726246706,-452.3121593668612,0.08614864864864864,0.4635135135135135,0.5398648648648648,0.04391891891891892,0.26489864864864865,False
USDCAD1440_comma,daily,100,250,long_short,price_slow,0.005,-0.022556970773906615,-1.0440752932144077,-1.3753820212968553,-0.05570917181980689,-0.40490587163757996,75,0.13333333333333333,0.4932917516302562,-394.4276211417085,0.3307432432432432,0.29695945945945945,0.23412162162162162,0.07432432432432433,0.26451013513513516,False
USDCAD1440_comma,daily,60,100,long_short,price_slow,0.0025,-0.021130998036290705,-1.0381272810271784,-1.379828940196834,-0.06133647803321574,-0.3445094781093816,125,0.256,0.5550908994870009,-223.91765361520004,0.33918918918918917,0.1966216216216216,0.2777027027027027,0.15608108108108107,0.26378378378378375,False
USDCAD1440_comma,daily,5,250,long_only,fast_slope,0.0,-0.01961597798718351,-1.3542482091094006,-1.8201474088452143,-0.057009689139556514,-0.3440814760305866,315,0.27936507936507937,0.7505090897096177,-86.39033162795256,0.09662162162162162,0.27635135135135136,0.3260135135135135,0.6013513513513513,0.26314189189189185,False
USDCAD1440_comma,daily,100,150,long_short,slow_slope,0.0,-0.0251111894605327,-0.9718240650939277,-1.301735314019745,-0.06467549237644712,-0.38826437245149514,120,0.26666666666666666,0.5453260882671334,-265.781750063448,0.4347972972972973,0.14054054054054055,0.16283783783783784,0.14256756756756755,0.2630067567567568,False
USDCAD1440_comma,daily,5,400,long_only,combined,0.005,-0.016930093178988193,-1.4658066536159524,-1.954664142620937,-0.05487852012098931,-0.3085012704727248,250,0.276,0.7265317122871867,-95.79640145486833,0.05304054054054054,0.31283783783783786,0.40168918918918917,0.5547297297297298,0.262972972972973,False
USDCAD1440_comma,daily,5,150,long_short,slow_slope,0.0,-0.025385013944048684,-0.9754904056056258,-1.3112808389753488,-0.0654677399990747,-0.387748438305759,147,0.23809523809523808,0.5635823842320403,-223.14626290826763,0.4283783783783784,0.1314189189189189,0.1554054054054054,0.17635135135135135,0.2617398648648649,False
USDCAD1440_comma,daily,10,300,long_only,fast_slope,0.001,-0.01788847932554427,-1.296117091693038,-1.7411408837891682,-0.059032456977662066,-0.30302786367698176,239,0.27615062761506276,0.7120431180503606,-105.14289128678344,0.12398648648648648,0.23817567567567569,0.3716216216216216,0.5206081081081081,0.2615540540540541,False
USDCAD1440_comma,daily,30,200,long_short,combined,0.0025,-0.02215304374236371,-1.168436726707916,-1.5667036369394804,-0.05528443924913436,-0.4007102910555538,171,0.2222222222222222,0.6581223947814208,-173.12592739966158,0.1945945945945946,0.30405405405405406,0.2456081081081081,0.38885135135135135,0.26130067567567566,False
USDCAD1440_comma,daily,10,300,long_only,fast_slope,0.0025,-0.018005222942389043,-1.314999897450534,-1.7708865743785887,-0.05734886865765722,-0.3139595141775301,233,0.27896995708154504,0.7053090165454847,-108.46230605626603,0.1125,0.26756756756756755,0.3668918918918919,0.5067567567567568,0.2612837837837838,False
USDCAD1440_comma,daily,40,400,long_short,price_slow,0.0025,-0.02583998723557901,-1.0229771253045297,-1.3653789621048358,-0.053931698378626575,-0.47912430003909423,84,0.05952380952380952,0.46333428466357657,-396.69378084097957,0.3618243243243243,0.32635135135135135,0.14290540540540542,0.04222972972972973,0.2612331081081081,False
USDCAD1440_comma,daily,60,75,long_short,price_slow,0.005,-0.0077037756575984995,-1.3980927909759422,-1.8539836982531752,-0.05226631125851468,-0.14739466918747746,36,0.3611111111111111,0.4916519363794651,-316.3825850894678,0.07837837837837838,0.35371621621621624,0.6530405405405405,0.07128378378378378,0.26108108108108113,False
USDCAD1440_comma,daily,5,400,long_short,slow_slope,0.001,-0.024592031206042697,-1.0591232348876856,-1.3887541186980366,-0.05375395174104027,-0.4574925267730052,119,0.16806722689075632,0.5245655121938787,-270.0607032776645,0.31385135135135134,0.3293918918918919,0.1766891891891892,0.11283783783783784,0.260152027027027,False
USDCAD1440_comma,daily,50,400,long_short,price_slow,0.005,-0.02505029389869251,-1.0411195396053525,-1.3822098737707038,-0.05296737301867164,-0.47293819706448303,69,0.07246376811594203,0.46804361469811234,-472.3531875373875,0.3344594594594595,0.3452702702702703,0.16385135135135134,0.0472972972972973,0.2599662162162163,False
USDCAD1440_comma,daily,40,500,long_short,fast_slope,0.0,-0.022238272499131018,-1.1959520268562738,-1.6013652961060978,-0.05304792208566061,-0.4192110006348816,176,0.23863636363636365,0.6489727229653207,-169.27117823516332,0.1766891891891892,0.34425675675675677,0.24256756756756756,0.36317567567567566,0.25972972972972974,False
USDCAD1440_comma,daily,5,250,long_only,combined,0.005,-0.018330311355738593,-1.437568898409691,-1.946167279839709,-0.054255288918553135,-0.337852985784587,259,0.27413127413127414,0.7245060402829594,-99.10182382606752,0.06351351351351352,0.3212837837837838,0.3560810810810811,0.5506756756756757,0.2595439189189189,False
USDCAD1440_comma,daily,20,300,long_short,slow_slope,0.001,-0.02460396782063423,-1.0136871065098876,-1.3411049013079084,-0.058462892575474275,-0.4208475964282996,102,0.18627450980392157,0.4945352725355341,-310.07811162896803,0.37567567567567567,0.25,0.17601351351351352,0.07533783783783783,0.25927364864864866,False
USDCAD1440_comma,daily,50,300,long_short,price_slow,0.001,-0.02622843160767685,-0.9953794693806453,-1.3341615708681691,-0.059101612474257166,-0.4437853809674168,102,0.10784313725490197,0.4959565788865691,-329.2428221915851,0.4027027027027027,0.23648648648648649,0.13513513513513514,0.0777027027027027,0.25888513513513517,False
USDCAD1440_comma,daily,10,50,long_only,fast_slope,0.0025,-0.016356394388862938,-1.3058431709988547,-1.7450445802224621,-0.06106260140083169,-0.26786271815534146,215,0.2837209302325581,0.7090852208876873,-108.06693303321053,0.1195945945945946,0.20135135135135135,0.4175675675675676,0.514527027027027,0.25886824324324326,False
USDCAD1440_comma,daily,10,50,long_only,fast_slope,0.001,-0.01641019723938042,-1.266403709279193,-1.692988735918947,-0.06341119761946577,-0.25879021143645564,230,0.2956521739130435,0.7167147413360574,-101.31167156711032,0.13918918918918918,0.16047297297297297,0.4155405405405405,0.5317567567567567,0.25866554054054053,False
USDCAD1440_comma,daily,100,200,long_short,fast_slope,0.0,-0.024636671802558685,-1.0418152941931593,-1.3991296789163623,-0.05667114176378288,-0.43473046485016065,123,0.22764227642276422,0.5390464828566688,-248.92613741246262,0.3331081081081081,0.2827702702702703,0.17466216216216215,0.1314189189189189,0.2585810810810811,False
USDCAD1440_comma,daily,100,150,long_short,none,0.001,-0.02687256051987086,-0.9593280219568332,-1.2992042057717252,-0.06257315261499584,-0.429458312340663,44,0.25,0.4784600890642364,-746.8783949539965,0.4554054054054054,0.175,0.1195945945945946,0.057432432432432436,0.258445945945946,False
USDCAD1440_comma,daily,100,150,long_short,slow_slope,0.005,-0.01934497314496786,-1.0631699479785999,-1.4092117023414479,-0.0602175813898562,-0.32125124753393974,62,0.3387096774193548,0.511269484165929,-418.391580876187,0.30743243243243246,0.21722972972972973,0.3314189189189189,0.09898648648648649,0.2584121621621622,False
USDCAD1440_comma,daily,100,250,long_short,none,0.001,-0.026500903138612197,-0.9302752750204869,-1.2606027364057635,-0.06702635896918986,-0.3953803182236696,23,0.21739130434782608,0.4171512797440772,-1423.6221405093465,0.5054054054054054,0.11351351351351352,0.12905405405405404,0.012837837837837839,0.25827702702702704,False
USDCAD1440_comma,daily,60,100,long_short,fast_slope,0.0,-0.02504574074280319,-1.020150724464731,-1.3771334472033998,-0.06447700546063549,-0.3884445402492229,180,0.29444444444444445,0.6185881223143058,-180.293869198427,0.36655405405405406,0.14425675675675675,0.16418918918918918,0.28344594594594597,0.25804054054054054,False
USDCAD1440_comma,daily,75,250,long_short,none,0.0,-0.027033506101981852,-0.920850209415769,-1.2583073687580724,-0.06840901894636309,-0.3951745912798106,23,0.2608695652173913,0.40783878911614435,-1457.5393681364183,0.5226351351351352,0.0983108108108108,0.11554054054054054,0.007770270270270271,0.2579054054054054,False
USDCAD1440_comma,daily,30,400,long_short,price_slow,0.005,-0.02581432124188332,-1.039770548494745,-1.3839491679068339,-0.052648766494346105,-0.4903119856503284,64,0.09375,0.4683208988551395,-521.7725359349483,0.3358108108108108,0.34966216216216217,0.14425675675675675,0.047972972972972976,0.2577871621621622,False
USDCAD1440_comma,daily,50,300,long_short,price_slow,0.005,-0.025471501392522855,-1.0123794051510948,-1.340840463263478,-0.05725185546500715,-0.44490263565503596,80,0.1,0.47903735717928225,-411.5057478383909,0.3777027027027027,0.2699324324324324,0.1516891891891892,0.05810810810810811,0.25761824324324323,False
USDCAD1440_comma,daily,5,150,long_only,combined,0.005,-0.016426640602059006,-1.3868514174310156,-1.8754952846482615,-0.059688921000759926,-0.27520418071973307,251,0.2788844621513944,0.7289057074952048,-92.91729060126576,0.0831081081081081,0.22702702702702704,0.41385135135135137,0.5628378378378378,0.25719594594594597,False
USDCAD1440_comma,daily,30,150,long_short,slow_slope,0.001,-0.024765628479394675,-0.9727619693098966,-1.3059563144790078,-0.06446122207210654,-0.3841942129438961,116,0.28448275862068967,0.5030281219819748,-274.7175855263377,0.43344594594594593,0.14493243243243242,0.17195945945945945,0.08513513513513514,0.25677364864864866,False
USDCAD1440_comma,daily,60,75,long_short,combined,0.005,-0.00788060107626809,-1.4038297113596168,-1.8615273720041552,-0.05259787198935711,-0.1498273747246407,36,0.3888888888888889,0.4782285087751902,-323.40479481948364,0.07635135135135135,0.3510135135135135,0.647972972972973,0.057094594594594594,0.2564527027027027,False
USDCAD1440_comma,daily,100,150,long_only,slow_slope,0.005,-0.015526155405759301,-1.1928841322066348,-1.5815960783556453,-0.05151738691086723,-0.3013769978788301,40,0.325,0.45716043996791417,-557.4449797659603,0.17871621621621622,0.3658783783783784,0.43986486486486487,0.03648648648648649,0.2564020270270271,False
USDCAD1440_comma,daily,10,75,long_short,slow_slope,0.0025,-0.02470126504074943,-1.0012029849371331,-1.3478943377187773,-0.06970359044005688,-0.3543757916171022,169,0.23076923076923078,0.623636534989011,-188.88342817885302,0.3912162162162162,0.08243243243243244,0.17297297297297298,0.29695945945945945,0.2562331081081081,False
USDCAD1440_comma,daily,10,500,long_only,combined,0.0025,-0.01730939562507061,-1.41679946022093,-1.8844900578797912,-0.05469354382350264,-0.3164796869065285,222,0.2882882882882883,0.6924714367713475,-109.99189765878629,0.07094594594594594,0.3152027027027027,0.3864864864864865,0.47533783783783784,0.25577702702702704,False
USDCAD1440_comma,daily,50,200,long_short,price_slow,0.005,-0.02500435594102801,-1.0215636161796224,-1.3688770754458623,-0.05926615912112354,-0.4218993825789531,93,0.15053763440860216,0.5278809391040812,-348.0804548726105,0.36486486486486486,0.23445945945945945,0.16722972972972974,0.11689189189189189,0.25554054054054054,False
USDCAD1440_comma,daily,60,300,long_short,price_slow,0.001,-0.02572681762926743,-0.9974185518458014,-1.3296247584240024,-0.06045149206918405,-0.4255778765530589,97,0.09278350515463918,0.5032205742328967,-341.4276673731156,0.4,0.2125,0.14560810810810812,0.08547297297297297,0.2550675675675676,False
USDCAD1440_comma,daily,10,50,long_only,combined,0.0025,-0.016630358357075714,-1.3685025164877735,-1.8402440124944632,-0.05838792735359388,-0.28482529027556047,210,0.2571428571428571,0.6965529906368861,-112.26892820020501,0.09358108108108108,0.25067567567567567,0.4077702702702703,0.4888513513513513,0.2549831081081081,False
USDCAD1440_comma,daily,60,100,long_short,price_slow,0.005,-0.018626277342758568,-1.1139367628076229,-1.4653913231427669,-0.05782168117622192,-0.3221330989320711,96,0.25,0.5502760421961309,-259.7022640494701,0.2429054054054054,0.26047297297297295,0.3506756756756757,0.15,0.25491554054054055,False
USDCAD1440_comma,daily,5,250,long_only,fast_slope,0.001,-0.01944424093774988,-1.3739436325048433,-1.8554650441232816,-0.058001656071725756,-0.33523596143021894,305,0.2721311475409836,0.7450152159878778,-88.55166060179111,0.0902027027027027,0.25675675675675674,0.3287162162162162,0.5922297297297298,0.25484797297297296,False
USDCAD1440_comma,daily,10,500,long_only,combined,0.0,-0.01714990278203754,-1.4007210957555614,-1.8635372230924818,-0.05617287449609513,-0.3053057714400875,231,0.2813852813852814,0.6959510931212405,-104.85402866238194,0.07702702702702703,0.28986486486486485,0.3918918918918919,0.48614864864864865,0.25457770270270275,False
USDCAD1440_comma,daily,75,100,long_only,fast_slope,0.005,-0.013349164513422163,-1.3844413274228886,-1.8218312811454245,-0.04333317428276621,-0.30805877331564846,30,0.36666666666666664,0.42184341759219846,-646.127847500926,0.08479729729729729,0.47635135135135137,0.4956081081081081,0.014527027027027028,0.2543074324324325,False
USDCAD1440_comma,daily,30,300,long_short,slow_slope,0.001,-0.024422300811843156,-1.0113137712127758,-1.3419266387525732,-0.060129904637538346,-0.40615898127662453,97,0.18556701030927836,0.49265639704793174,-327.5458848389885,0.37972972972972974,0.21925675675675677,0.18141891891891893,0.07263513513513513,0.2538851351351351,False
USDCAD1440_comma,daily,60,100,long_only,fast_slope,0.005,-0.014402785806638896,-1.2817514434190305,-1.686008854358929,-0.0519161511990258,-0.27742398991451356,53,0.2641509433962264,0.5246402156833979,-391.56750856251494,0.1320945945945946,0.35945945945945945,0.4702702702702703,0.11317567567567567,0.2537331081081081,False
USDCAD1440_comma,daily,60,250,long_short,price_slow,0.005,-0.024153079876727657,-1.0144937690105074,-1.3399174561717662,-0.0602541357308468,-0.4008534780851999,81,0.14814814814814814,0.49821814434016787,-386.5017837519831,0.37466216216216214,0.21587837837837837,0.18885135135135134,0.07905405405405405,0.2534628378378378,False
USDCAD1440_comma,daily,50,500,long_short,fast_slope,0.0,-0.02262991908652312,-1.180061261549093,-1.574595348895716,-0.05355769422534941,-0.4225334830753813,161,0.2795031055900621,0.6342476554446095,-186.85422091715174,0.18614864864864866,0.33344594594594595,0.23074324324324325,0.3256756756756757,0.25282094594594595,False
USDCAD1440_comma,daily,10,200,long_short,slow_slope,0.005,-0.0251411441206274,-1.0136343606804497,-1.357154120958856,-0.059985721319028115,-0.4191188097400166,104,0.20192307692307693,0.5096529840095222,-313.7719949558727,0.37601351351351353,0.2222972972972973,0.1597972972972973,0.09628378378378379,0.2523817567567568,False
USDCAD1440_comma,daily,5,50,long_only,combined,0.005,-0.015994548522204055,-1.461979142919106,-1.9630652215607562,-0.05752710184199849,-0.27803501323835167,232,0.27586206896551724,0.7135622898765985,-98.1912589746965,0.05472972972972973,0.26587837837837835,0.42533783783783785,0.5253378378378378,0.25222972972972973,False
USDCAD1440_comma,daily,75,150,long_only,fast_slope,0.005,-0.01566737160524767,-1.2035397622273618,-1.59176080431403,-0.05374143984822279,-0.2915324124082951,62,0.2903225806451613,0.5065540090638381,-360.7691515956793,0.17195945945945945,0.3307432432432432,0.435472972972973,0.09087837837837838,0.25219594594594597,False
USDCAD1440_comma,daily,75,150,long_short,none,0.001,-0.02731227421607274,-0.9507443256981445,-1.2949496542467824,-0.06427727615007843,-0.4249133729982958,42,0.30952380952380953,0.45557711048303257,-830.444824712223,0.46993243243243243,0.14695945945945946,0.11114864864864865,0.03445945945945946,0.2521114864864865,False
USDCAD1440_comma,daily,5,400,long_short,none,0.0025,-0.027933207984618957,-1.0178830703503445,-1.3582680195383525,-0.0550697593186641,-0.5072331590007859,79,0.10126582278481013,0.4653275268222389,-448.17031537540277,0.37027027027027026,0.3081081081081081,0.10101351351351351,0.04358108108108108,0.251875,False
USDCAD1440_comma,daily,30,150,long_short,none,0.0025,-0.02714235077440219,-0.9605049995138845,-1.313463282980796,-0.06293985520020878,-0.4312426631434665,53,0.18867924528301888,0.45599678330233956,-648.1670718604117,0.45337837837837835,0.16959459459459458,0.11351351351351352,0.03513513513513514,0.25172297297297297,False
USDCAD1440_comma,daily,40,300,long_short,price_slow,0.005,-0.026010320393990538,-1.0135274470668745,-1.3491296237678283,-0.057989212425416804,-0.4485372245302327,79,0.12658227848101267,0.4796024744173045,-422.80986732676445,0.37635135135135134,0.2570945945945946,0.13986486486486485,0.058445945945945946,0.25155405405405407,False
USDCAD1440_comma,daily,50,300,long_short,price_slow,0.0,-0.0267147077800145,-0.9978755269964001,-1.3404284830875837,-0.059716946621259114,-0.44735555468778976,107,0.09345794392523364,0.4910951771313311,-318.5371688129489,0.3983108108108108,0.22668918918918918,0.12364864864864865,0.07060810810810811,0.25131756756756757,False
USDCAD1440_comma,daily,50,200,long_short,fast_slope,0.001,-0.024086533618442818,-1.094103632548721,-1.468567697884613,-0.060416291207106204,-0.3986761374655474,173,0.26011560693641617,0.6460999723902378,-181.5217419252974,0.2665540540540541,0.21351351351351353,0.1912162162162162,0.35236486486486485,0.251097972972973,False
USDCAD1440_comma,daily,10,50,long_short,price_slow,0.005,-0.02450947725263497,-1.0386372981263907,-1.3753803249861427,-0.07197315064114024,-0.3405363949514977,155,0.25806451612903225,0.6712909188906788,-211.80290709192914,0.3385135135135135,0.06722972972972972,0.17905405405405406,0.42027027027027025,0.25106418918918916,False
USDCAD1440_comma,daily,10,200,long_short,slow_slope,0.0025,-0.026287006206658692,-1.010275408091485,-1.3549605995894052,-0.06003852369671003,-0.4378356526461219,112,0.19642857142857142,0.5179737615925816,-300.4041848805951,0.38141891891891894,0.22128378378378377,0.13344594594594594,0.1070945945945946,0.2506418918918919,False
USDCAD1440_comma,daily,10,250,long_only,fast_slope,0.0025,-0.018425784711588622,-1.3169439910849672,-1.7713808497444872,-0.058657212813636984,-0.31412649574963925,233,0.2832618025751073,0.6962847851280686,-110.65749519802769,0.11148648648648649,0.24662162162162163,0.3533783783783784,0.4868243243243243,0.24994932432432432,False
USDCAD1440_comma,daily,75,150,long_short,none,0.0,-0.028934606698792886,-0.9379739181305229,-1.3073563628732012,-0.06628960496555995,-0.43648784321200207,45,0.26666666666666666,0.46310390900923876,-818.894529821661,0.48986486486486486,0.12195945945945946,0.08581081081081081,0.041891891891891894,0.24988175675675675,False
USDCAD1440_comma,daily,40,300,long_short,fast_slope,0.0,-0.023665863037238832,-1.1378875855352284,-1.5296352562221014,-0.05677230732136713,-0.4168557551003713,185,0.2702702702702703,0.6417068623401223,-168.34402215157763,0.21925675675675677,0.28040540540540543,0.20236486486486485,0.3422297297297297,0.2496114864864865,False
USDCAD1440_comma,daily,75,250,long_short,none,0.005,-0.025032044602815606,-0.9775577755061561,-1.2887187847521895,-0.06229703096599168,-0.4018176181860216,25,0.2,0.4175053881916698,-1262.9237343642753,0.42364864864864865,0.18006756756756756,0.1652027027027027,0.013513513513513514,0.24954391891891894,False
USDCAD1440_comma,daily,40,50,long_short,fast_slope,0.0025,-0.018900342625032485,-1.1451284625177642,-1.553669626241358,-0.06655786309378643,-0.28396859133533303,132,0.3560606060606061,0.6772628466667148,-200.55968216614932,0.21351351351351353,0.11993243243243243,0.34256756756756757,0.4358108108108108,0.2492736486486487,False
USDCAD1440_comma,daily,40,400,long_short,price_slow,0.005,-0.026352334185217763,-1.0500842830355004,-1.3947735300187705,-0.05306262147449761,-0.49662706916737875,72,0.125,0.4681230039480996,-472.5807245389999,0.3239864864864865,0.3435810810810811,0.1320945945945946,0.047635135135135134,0.24905405405405406,False
USDCAD1440_comma,daily,5,400,long_short,none,0.001,-0.028811422073963477,-1.00928914627053,-1.3594078137137178,-0.05670887412259661,-0.5080584391726282,79,0.08860759493670886,0.4685280516556861,-452.61955198356605,0.3841216216216216,0.2814189189189189,0.08682432432432433,0.04831081081081081,0.24861486486486487,False
USDCAD1440_comma,daily,60,100,long_only,price_slow,0.005,-0.01455030433415383,-1.2589258154241212,-1.6498894787140095,-0.05314866763983046,-0.2737661164482249,52,0.21153846153846154,0.4960256458118922,-402.7507178820769,0.14527027027027026,0.3418918918918919,0.46418918918918917,0.07804054054054053,0.24812499999999998,False
USDCAD1440_comma,daily,100,400,long_short,fast_slope,0.001,-0.022629886368861984,-1.1379466049762232,-1.491323077072217,-0.050705932396709855,-0.44629662249008095,110,0.21818181818181817,0.5327892458105812,-260.02434108957067,0.21891891891891893,0.38175675675675674,0.23108108108108108,0.12364864864864865,0.24777027027027027,False
USDCAD1440_comma,daily,10,200,long_only,combined,0.001,-0.016889217067488582,-1.3349333245064685,-1.800539525419673,-0.06038681156949374,-0.27968386852238925,215,0.26046511627906976,0.6932506184952578,-111.15527609025415,0.10472972972972973,0.2141891891891892,0.4027027027027027,0.4777027027027027,0.24763513513513516,False
USDCAD1440_comma,daily,40,500,long_short,fast_slope,0.005,-0.021226260386330686,-1.2466829236969625,-1.6678124277832405,-0.052838009921295025,-0.40172331278086193,153,0.24836601307189543,0.6255299438574459,-187.18946464147865,0.15033783783783783,0.34662162162162163,0.275,0.3047297297297297,0.24749999999999997,False
USDCAD1440_comma,daily,10,400,long_short,combined,0.005,-0.0182602393940281,-1.3148267550568142,-1.7585825414207825,-0.061657126623781575,-0.2961578067925241,261,0.28735632183908044,0.7253310463343061,-97.39871165047606,0.11317567567567567,0.1891891891891892,0.3581081081081081,0.552027027027027,0.24699324324324323,False
USDCAD1440_comma,daily,60,75,long_only,fast_slope,0.005,-0.0070045595947733075,-1.518984202269907,-1.9776951305224473,-0.05040292364405101,-0.13897129547960352,21,0.42857142857142855,0.31736281623998597,-507.53264260470615,0.03547297297297297,0.38513513513513514,0.6780405405405405,0.0010135135135135136,0.2462331081081081,False
USDCAD1440_comma,daily,100,200,long_short,slow_slope,0.0,-0.026157900739396056,-0.9899284560482559,-1.3295824495615598,-0.06189851510678498,-0.4225933480677111,101,0.22772277227722773,0.4833177036931938,-333.15248800246195,0.4077702702702703,0.18614864864864866,0.13614864864864865,0.061824324324324324,0.2461486486486487,False
USDCAD1440_comma,daily,100,150,long_only,fast_slope,0.005,-0.015468659312060984,-1.2357473686389642,-1.6465525304689688,-0.050544134787064994,-0.30604261755054607,46,0.21739130434782608,0.32709657920795043,-483.152351190771,0.15405405405405406,0.38344594594594594,0.4412162162162162,0.002364864864864865,0.24608108108108107,False
USDCAD1440_comma,daily,5,75,long_short,slow_slope,0.0025,-0.026087485806311372,-1.0110269140276313,-1.3633737676471354,-0.07037711134040493,-0.37068139497981945,201,0.2537313432835821,0.6274890222148828,-166.41601168665343,0.3804054054054054,0.07668918918918918,0.13851351351351351,0.3087837837837838,0.24535472972972971,False
USDCAD1440_comma,daily,75,300,long_short,price_slow,0.0,-0.025842097059294855,-1.0045843235973035,-1.339294958357936,-0.061345483894123205,-0.4212550854419209,105,0.10476190476190476,0.5024371248592147,-316.0023339708775,0.3875,0.19628378378378378,0.14256756756756755,0.08378378378378379,0.24515202702702707,False
USDCAD1440_comma,daily,50,400,long_short,price_slow,0.0,-0.02703496044530651,-1.036128007423678,-1.3843998218461766,-0.05458803183469225,-0.49525435405284246,90,0.07777777777777778,0.4581896253486786,-384.95518395695126,0.34256756756756757,0.3168918918918919,0.1152027027027027,0.037162162162162164,0.2448648648648649,False
USDCAD1440_comma,daily,10,150,long_short,slow_slope,0.0025,-0.025184826973495444,-0.9881109175701817,-1.3224214561934597,-0.06573244771281699,-0.3831414750220039,119,0.23529411764705882,0.5239081760302774,-274.8195377159444,0.41047297297297297,0.12736486486486487,0.15912162162162163,0.11216216216216217,0.24467905405405407,False
USDCAD1440_comma,daily,10,300,long_short,slow_slope,0.0025,-0.024377499800159352,-1.0267554649962465,-1.3581109012122294,-0.05931648281010206,-0.4109734536722679,105,0.1619047619047619,0.4764039222461345,-300.73139821655815,0.35371621621621624,0.23277027027027028,0.18277027027027026,0.05506756756756757,0.24449324324324329,False
USDCAD1440_comma,daily,30,150,long_short,price_slow,0.001,-0.026887612790593485,-0.9930977632661732,-1.3391536870543923,-0.0633721313215767,-0.4242813399182441,122,0.14754098360655737,0.5327985091817763,-279.25065633552737,0.4043918918918919,0.16148648648648647,0.11858108108108108,0.12398648648648648,0.24444256756756758,False
USDCAD1440_comma,daily,50,200,long_short,slow_slope,0.005,-0.025569795567088605,-1.0263576410477688,-1.3707743984086724,-0.05857090561593175,-0.436561383133769,92,0.1956521739130435,0.48924306858126493,-361.2383886809784,0.3547297297297297,0.24797297297297297,0.1489864864864865,0.06925675675675676,0.24407094594594594,False
USDCAD1440_comma,daily,30,300,long_short,slow_slope,0.0025,-0.024345521083907196,-1.019628737812058,-1.3497608017105769,-0.06055907352600618,-0.4020127730892775,94,0.1702127659574468,0.4686840791371734,-336.71595978146047,0.36824324324324326,0.21047297297297296,0.1837837837837838,0.048986486486486486,0.2440202702702703,False
USDCAD1440_comma,daily,75,100,long_only,fast_slope,0.0025,-0.016565519721499444,-1.217413086836975,-1.6076879989229569,-0.054758027719096145,-0.3025222129343135,68,0.27941176470588236,0.5284692728358892,-345.52417204315105,0.16385135135135134,0.314527027027027,0.40945945945945944,0.11790540540540541,0.24375,False
USDCAD1440_comma,daily,75,100,long_short,combined,0.0,-0.023145769812398798,-1.055330807045738,-1.4091546753943747,-0.06201930916809769,-0.3732026383858017,175,0.2342857142857143,0.565395481768999,-173.3805923055093,0.31891891891891894,0.1837837837837838,0.21587837837837837,0.18006756756756756,0.24369932432432434,False
USDCAD1440_comma,daily,40,300,long_short,fast_slope,0.001,-0.02365473120813355,-1.1475165834957428,-1.538444639477825,-0.0567127884340802,-0.4170969522267186,181,0.2596685082872928,0.6324857875088673,-172.13006963117118,0.21047297297297296,0.2810810810810811,0.20304054054054055,0.32297297297297295,0.24351351351351352,False
USDCAD1440_comma,daily,75,400,long_short,fast_slope,0.0,-0.021844281130919962,-1.143954158054897,-1.5111587708918082,-0.0559625968397094,-0.3903371602552208,141,0.24822695035460993,0.5859052257324322,-208.53896976492322,0.2141891891891892,0.2929054054054054,0.25472972972972974,0.21925675675675677,0.24273648648648652,False
USDCAD1440_comma,daily,100,400,long_short,fast_slope,0.0,-0.02294215811543121,-1.1345495611492467,-1.4891005513362112,-0.051452641970673896,-0.4458888258548005,117,0.21367521367521367,0.5200894661145465,-248.1589547197227,0.22398648648648647,0.3675675675675676,0.21993243243243243,0.1097972972972973,0.24194256756756757,False
USDCAD1440_comma,daily,100,250,long_short,fast_slope,0.005,-0.022211331109347032,-1.1238060066512507,-1.4923042225900882,-0.051844740504901794,-0.42842014239124226,98,0.2653061224489796,0.48638273591179,-300.2554108724173,0.23277027027027028,0.3608108108108108,0.2435810810810811,0.06587837837837837,0.24190878378378378,False
USDCAD1440_comma,daily,20,50,long_short,combined,0.005,-0.020683130314700704,-1.2195921560822485,-1.659038934265599,-0.06083837102801885,-0.3399685094325615,202,0.24257425742574257,0.6814126001772847,-142.92542867802374,0.1625,0.20439189189189189,0.29324324324324325,0.44594594594594594,0.2416385135135135,False
USDCAD1440_comma,daily,10,400,long_only,combined,0.0,-0.01692595238390282,-1.414334707978781,-1.8835986617771723,-0.05904309011063474,-0.2866711812032031,216,0.2777777777777778,0.6957209018124819,-110.85168620167285,0.07263513513513513,0.23783783783783785,0.40202702702702703,0.48445945945945945,0.24158783783783783,False
USDCAD1440_comma,daily,5,150,long_short,price_slow,0.0,-0.030076839240199993,-0.9747295370308181,-1.354295790148698,-0.06630380857409844,-0.45362159259052726,155,0.14193548387096774,0.5587423035899827,-240.33090236846954,0.43074324324324326,0.12162162162162163,0.07027027027027027,0.16486486486486487,0.2414864864864865,False
USDCAD1440_comma,daily,10,400,long_only,combined,0.001,-0.01682394726652936,-1.414808310576862,-1.8872663926215525,-0.05909527649311106,-0.2846919121952257,212,0.2783018867924528,0.6942631254089545,-112.34592806697476,0.0722972972972973,0.23682432432432432,0.4043918918918919,0.48074324324324325,0.24111486486486483,False
USDCAD1440_comma,daily,30,75,long_short,combined,0.001,-0.023418952297721618,-1.095265324617697,-1.4721615636964835,-0.0679704514616124,-0.34454607545085847,216,0.24074074074074073,0.682290619788514,-142.6100858452191,0.2652027027027027,0.10236486486486486,0.20945945945945946,0.4489864864864865,0.24091216216216216,False
USDCAD1440_comma,daily,50,200,long_short,fast_slope,0.0,-0.024889267571884366,-1.0952669353942843,-1.474668781147954,-0.06139359800691982,-0.4054049343887458,176,0.2556818181818182,0.642401365444727,-183.38294898294464,0.2648648648648649,0.1945945945945946,0.16993243243243245,0.3435810810810811,0.2401182432432433,False
USDCAD1440_comma,daily,40,250,long_short,combined,0.001,-0.02273600995590197,-1.174526580425787,-1.5705139047675367,-0.05683702345864179,-0.4000211230703544,179,0.26256983240223464,0.6326357126365407,-168.69739394199664,0.19054054054054054,0.27905405405405403,0.2260135135135135,0.3233108108108108,0.23967905405405404,False
USDCAD1440_comma,daily,10,150,long_short,slow_slope,0.0,-0.02605195536010818,-0.9842127451735173,-1.3231901736997358,-0.06846395195811052,-0.38052076479675023,136,0.25,0.5410704292607396,-247.062290544937,0.41621621621621624,0.09763513513513514,0.13885135135135135,0.13547297297297298,0.2389864864864865,False
USDCAD1440_comma,daily,50,500,long_short,fast_slope,0.001,-0.022583629887601653,-1.1951192737921816,-1.5950826940527978,-0.055135842343934705,-0.4095997980175231,154,0.2727272727272727,0.6244120581730637,-195.57045561322673,0.17702702702702702,0.3064189189189189,0.23344594594594595,0.2989864864864865,0.2389527027027027,False
USDCAD1440_comma,daily,60,75,long_short,fast_slope,0.001,-0.024153090744333805,-1.0334486190177925,-1.3817389528883908,-0.06923458002241661,-0.3488587745677604,157,0.3248407643312102,0.613270224253217,-198.81981698324438,0.34695945945945944,0.08648648648648649,0.1885135135135135,0.2706081081081081,0.23869932432432434,False
USDCAD1440_comma,daily,60,75,long_only,none,0.005,-0.007691142492007752,-1.5199526343001588,-1.9687129918124933,-0.05111467279894031,-0.15046838942432206,19,0.42105263157894735,0.3231574376905845,-612.8145613977317,0.03496621621621621,0.37381756756756757,0.6538851351351351,0.0018581081081081082,0.23849662162162164,True
USDCAD1440_comma,daily,60,75,long_only,slow_slope,0.005,-0.007691142492007752,-1.5199526343001588,-1.9687129918124933,-0.05111467279894031,-0.15046838942432206,19,0.42105263157894735,0.3231574376905845,-612.8145613977317,0.03496621621621621,0.37381756756756757,0.6538851351351351,0.0018581081081081082,0.23849662162162164,True
USDCAD1440_comma,daily,40,200,long_short,price_slow,0.005,-0.026246927700386835,-1.0169211260249524,-1.367191804485341,-0.060817355038917845,-0.4315697005170822,93,0.12903225806451613,0.49552629140683346,-361.4502541187821,0.3712837837837838,0.20540540540540542,0.13445945945945945,0.07702702702702703,0.23831081081081082,False
USDCAD1440_comma,daily,50,150,long_short,combined,0.005,-0.02086696028167767,-1.1413941374252399,-1.5327857377770282,-0.05963575406953986,-0.34990687394252107,141,0.24822695035460993,0.6017981877300226,-197.7135269530859,0.21621621621621623,0.22804054054054054,0.2864864864864865,0.24966216216216217,0.23824324324324325,False
USDCAD1440_comma,daily,5,50,long_only,fast_slope,0.0025,-0.018218046854018954,-1.3999704617928839,-1.8723872984160639,-0.060137315421716526,-0.30294080682291535,279,0.25806451612903225,0.7189658370545389,-91.50882179636352,0.0777027027027027,0.21891891891891893,0.35945945945945945,0.5364864864864864,0.23817567567567566,False
USDCAD1440_comma,daily,75,150,long_short,none,0.005,-0.022810272226866823,-1.001061988509364,-1.3197811617436377,-0.06519110593331638,-0.3498985314070193,34,0.2647058823529412,0.4305311839991348,-843.371787424828,0.3918918918918919,0.13513513513513514,0.22364864864864864,0.017905405405405406,0.23795608108108107,False
USDCAD1440_comma,daily,100,150,long_short,none,0.0,-0.030157981666012912,-0.956315836869701,-1.3337119674601554,-0.06626311558894461,-0.4551247160350017,49,0.2857142857142857,0.48096680060548896,-763.4709245515343,0.46047297297297296,0.1222972972972973,0.06824324324324324,0.06013513513513514,0.23743243243243245,False
USDCAD1440_comma,daily,75,300,long_short,fast_slope,0.001,-0.021819965734667268,-1.0876853526169528,-1.4412396395196063,-0.061667979230504905,-0.35382975098158764,139,0.2517985611510791,0.5704791746686948,-210.67223317647634,0.2743243243243243,0.18885135135135134,0.25574324324324327,0.19256756756756757,0.23697635135135134,False
USDCAD1440_comma,daily,5,500,long_only,combined,0.005,-0.019620380434602902,-1.4946328787712206,-1.96992943511726,-0.05510086285218035,-0.3560811831066729,263,0.2813688212927757,0.7109899752016156,-103.49123488528114,0.042905405405405404,0.3070945945945946,0.3253378378378378,0.5182432432432432,0.23673986486486487,False
USDCAD1440_comma,daily,60,300,long_short,fast_slope,0.001,-0.02267531391356603,-1.1087292011264889,-1.4782484446840771,-0.061364461306438335,-0.36951866651825305,150,0.3,0.6188365017123366,-201.13111117198432,0.24797297297297297,0.1956081081081081,0.2287162162162162,0.28378378378378377,0.236402027027027,False
USDCAD1440_comma,daily,5,50,long_only,combined,0.0,-0.018018702373354345,-1.4237982703554812,-1.9089923986651454,-0.059790451904830316,-0.3013642111625964,289,0.27335640138408307,0.71405546795588,-87.5022902216388,0.06925675675675676,0.225,0.36655405405405406,0.5266891891891892,0.2362668918918919,False
USDCAD1440_comma,daily,40,250,long_short,combined,0.0025,-0.022554471411450172,-1.178973233869658,-1.5737577434764825,-0.05722451153036191,-0.39414004258443214,176,0.26704545454545453,0.6279824829985067,-170.26174123240602,0.18716216216216217,0.27094594594594595,0.23445945945945945,0.31148648648648647,0.2362162162162162,False
USDCAD1440_comma,daily,75,250,long_short,none,0.001,-0.02763526738189037,-0.9460346854126446,-1.279933923686999,-0.06885365458776398,-0.40136239023689313,23,0.2608695652173913,0.4018732555319101,-1482.672745144771,0.47702702702702704,0.09121621621621621,0.10675675675675676,0.006418918918918919,0.2359290540540541,False
USDCAD1440_comma,daily,5,200,long_only,combined,0.005,-0.018084985504571827,-1.4388625366565748,-1.9488058118780718,-0.0600456220121733,-0.30118741214647393,256,0.27734375,0.723517040588054,-99.09756349592966,0.06283783783783783,0.22094594594594594,0.36317567567567566,0.5462837837837838,0.2349493243243243,False
USDCAD1440_comma,daily,5,300,long_only,fast_slope,0.001,-0.021395765262217536,-1.397333903157525,-1.8714418539087558,-0.0581706612367567,-0.3678102467347929,309,0.2815533980582524,0.7346888511941617,-94.83130527739526,0.07905405405405405,0.2533783783783784,0.2689189189189189,0.5743243243243243,0.23489864864864868,False
USDCAD1440_comma,daily,10,50,long_only,fast_slope,0.0,-0.017950251905952452,-1.2825124368840206,-1.7079258883201147,-0.06499427331318906,-0.27618205406275187,240,0.30416666666666664,0.6988248873171171,-105.01924540227078,0.13108108108108107,0.13716216216216215,0.3689189189189189,0.4925675675675676,0.23439189189189186,False
USDCAD1440_comma,daily,60,100,long_short,fast_slope,0.005,-0.019593440804091977,-1.1426782692333535,-1.5053337876523785,-0.05999884417432958,-0.3265636375787886,94,0.30851063829787234,0.5668238142027191,-279.40762182622854,0.2152027027027027,0.22162162162162163,0.32635135135135135,0.18412162162162163,0.234375,False
USDCAD1440_comma,daily,10,150,long_short,price_slow,0.001,-0.029214723620483163,-0.9812745337383479,-1.3427927722143715,-0.0673483173969736,-0.43378550125137905,135,0.14814814814814814,0.5464410781970237,-270.2301752658762,0.4209459459459459,0.11013513513513513,0.08209459459459459,0.1445945945945946,0.23402027027027028,False
USDCAD1440_comma,daily,60,400,long_short,price_slow,0.0,-0.027055918816229596,-1.0503583343086809,-1.400910916690098,-0.05537439649496767,-0.48859979573210144,89,0.06741573033707865,0.4510567611121887,-389.12575211350565,0.3236486486486487,0.3030405405405405,0.11486486486486487,0.031081081081081083,0.23285472972972973,False
USDCAD1440_comma,daily,50,250,long_short,fast_slope,0.0025,-0.023933638997519102,-1.135347010420972,-1.5156648573761238,-0.05920699511139055,-0.4042366776508579,167,0.25149700598802394,0.6267838552620998,-187.80505241731433,0.22263513513513514,0.23479729729729729,0.19594594594594594,0.30574324324324326,0.23280405405405405,False
USDCAD1440_comma,daily,10,200,long_only,fast_slope,0.001,-0.01896497528615637,-1.3191716329458287,-1.7723274385664527,-0.06172805834121993,-0.30723427555945326,232,0.27586206896551724,0.6986283528971653,-113.94029420430195,0.10945945945945947,0.18817567567567567,0.3402027027027027,0.49155405405405406,0.23260135135135135,False
USDCAD1440_comma,daily,50,75,long_short,fast_slope,0.0025,-0.02333668885708473,-1.0768360137459936,-1.443158794558398,-0.06739906272170461,-0.3462464894125239,150,0.2866666666666667,0.6315339515079749,-203.53904242225025,0.2868243243243243,0.10945945945945947,0.21216216216216216,0.3202702702702703,0.23256756756756758,False
USDCAD1440_comma,daily,5,150,long_only,fast_slope,0.0025,-0.020338057637044105,-1.4047423990879524,-1.8916477735750372,-0.058611719289796055,-0.34699643490213805,292,0.2773972602739726,0.7166833681634148,-96.12241658877412,0.07601351351351351,0.24695945945945946,0.3030405405405405,0.5314189189189189,0.23246621621621621,False
USDCAD1440_comma,daily,10,75,long_short,slow_slope,0.0,-0.028765440516400398,-1.0204616426568025,-1.3814914985831064,-0.06516730709161164,-0.44140907151437436,197,0.25888324873096447,0.590078202588941,-184.24334767467786,0.3658783783783784,0.1358108108108108,0.08851351351351351,0.2277027027027027,0.23216216216216218,False
USDCAD1440_comma,daily,75,300,long_only,combined,0.0,-0.016051873619495338,-1.1744370126693442,-1.5416562727123828,-0.062387668193870996,-0.25729241185315344,100,0.27,0.5633477387868226,-228.5246699104997,0.19087837837837837,0.17871621621621622,0.4233108108108108,0.17601351351351352,0.23209459459459458,False
USDCAD1440_comma,daily,30,200,long_short,slow_slope,0.005,-0.02687994710181074,-1.0206117734509441,-1.3677784924728738,-0.06027385201502135,-0.44596365095616863,89,0.1797752808988764,0.47221279192463084,-386.8207454400406,0.3655405405405405,0.21554054054054053,0.11925675675675676,0.05202702702702703,0.23175675675675675,False
USDCAD1440_comma,daily,40,100,long_short,combined,0.0025,-0.023530467872637573,-1.1353288315801409,-1.5296753379192503,-0.0598172598425432,-0.3933725472309624,181,0.2596685082872928,0.624734606084786,-170.57240752548523,0.22297297297297297,0.22432432432432434,0.2070945945945946,0.3,0.23168918918918918,False
USDCAD1440_comma,daily,10,500,long_only,combined,0.005,-0.01785679088022951,-1.451496445179203,-1.928855897629785,-0.05669851250487739,-0.31494284578794574,214,0.2897196261682243,0.6733012274001212,-117.24490364324605,0.05641891891891892,0.28175675675675677,0.3722972972972973,0.4277027027027027,0.23162162162162162,False
USDCAD1440_comma,daily,100,250,long_short,none,0.0,-0.028643732019964174,-0.9455532736777501,-1.2923358859374026,-0.07013924796318548,-0.4083837915541756,23,0.2608695652173913,0.4153134012695569,-1533.074816591922,0.4777027027027027,0.0777027027027027,0.0918918918918919,0.011486486486486487,0.23060810810810814,False
USDCAD1440_comma,daily,75,300,long_short,fast_slope,0.0,-0.02221764977914542,-1.0828445961509767,-1.4372404495540403,-0.06284325760642118,-0.35354070787182224,140,0.2571428571428571,0.5672846650689348,-212.1732723140226,0.27837837837837837,0.17094594594594595,0.24324324324324326,0.1858108108108108,0.2306081081081081,False
USDCAD1440_comma,daily,10,250,long_only,combined,0.005,-0.018078965728130614,-1.4048070791187253,-1.8852248545843653,-0.058252818107478496,-0.31035349559868997,202,0.26732673267326734,0.6722996373398704,-125.55267400159202,0.07567567567567568,0.2527027027027027,0.3638513513513513,0.42364864864864865,0.22976351351351348,False
USDCAD1440_comma,daily,50,400,long_short,price_slow,0.001,-0.027853972789220638,-1.0542466443640899,-1.4055314174988225,-0.05523647034218873,-0.5042677893186491,85,0.07058823529411765,0.44534157524784374,-417.7382798294783,0.3202702702702703,0.3047297297297297,0.10304054054054054,0.027702702702702704,0.22905405405405405,False
USDCAD1440_comma,daily,40,250,long_short,combined,0.005,-0.021946813539940435,-1.190555148253798,-1.5941451883388362,-0.058063871919193086,-0.37797709340644037,162,0.25925925925925924,0.6166802286036341,-181.27638048002714,0.1820945945945946,0.2560810810810811,0.2516891891891892,0.27871621621621623,0.2290033783783784,False
USDCAD1440_comma,daily,5,75,long_only,fast_slope,0.005,-0.01841573333683466,-1.4503157229990342,-1.95284714895343,-0.058905719433367115,-0.3126306496887139,262,0.25190839694656486,0.7002638941817579,-98.36263540817966,0.05777027027027027,0.24222972972972973,0.35371621621621624,0.4956081081081081,0.22875,False
USDCAD1440_comma,daily,50,75,long_short,fast_slope,0.001,-0.027116322892347,-1.0720081190739776,-1.4445839552259212,-0.06658442079064589,-0.40724725949942386,187,0.2887700534759358,0.6557127273180935,-186.03775233267265,0.29527027027027025,0.1195945945945946,0.11385135135135135,0.3824324324324324,0.22814189189189188,False
USDCAD1440_comma,daily,75,500,long_short,fast_slope,0.001,-0.02182217681465337,-1.1704441019482033,-1.5497779925086381,-0.05562563864934249,-0.3923042924903356,131,0.22137404580152673,0.5590345662874233,-225.33465542371135,0.19358108108108107,0.2983108108108108,0.2554054054054054,0.16689189189189188,0.228125,False
USDCAD1440_comma,daily,10,150,long_short,none,0.005,-0.027904431291097764,-1.0013564814427438,-1.3517328336687429,-0.06342553092235745,-0.43995581724427435,78,0.19230769230769232,0.49236646899426467,-452.0116933482598,0.39054054054054055,0.16013513513513514,0.10270270270270271,0.0722972972972973,0.22763513513513514,False
USDCAD1440_comma,daily,20,200,long_short,slow_slope,0.005,-0.027235866677099874,-1.0329678687531254,-1.3873448538645146,-0.059932421958525495,-0.45444295069449503,91,0.17582417582417584,0.4891126426254238,-380.9303610304129,0.3476351351351351,0.22297297297297297,0.11182432432432432,0.06891891891891892,0.22749999999999998,False
USDCAD1440_comma,daily,100,300,long_short,price_slow,0.0,-0.0264562542686384,-1.0373770558364916,-1.3737889344305823,-0.061021123081289375,-0.4335589535675157,106,0.11320754716981132,0.5089408082121006,-320.3911536876404,0.34155405405405403,0.20168918918918918,0.1304054054054054,0.0956081081081081,0.2274662162162162,False
USDCAD1440_comma,daily,30,200,long_short,combined,0.005,-0.023530886192267397,-1.213140768194579,-1.626940938389642,-0.056554630877224,-0.4160735527272955,158,0.21518987341772153,0.6319623804270589,-197.38181444274124,0.16655405405405405,0.2847972972972973,0.20675675675675675,0.3212837837837838,0.22736486486486487,False
USDCAD1440_comma,daily,10,300,long_only,combined,0.005,-0.016388659528536853,-1.3739668492313077,-1.8426177634236824,-0.06334727356171772,-0.258711363679603,209,0.28708133971291866,0.6808733325777323,-111.36245374752629,0.08986486486486486,0.16182432432432434,0.41655405405405405,0.4445945945945946,0.22640202702702705,False
USDCAD1440_comma,daily,10,300,long_short,slow_slope,0.001,-0.025692939897439704,-1.0339659444162557,-1.3686225797313023,-0.06138399822436014,-0.41856087320235036,112,0.16071428571428573,0.485432868769708,-293.19570338281665,0.3456081081081081,0.19493243243243244,0.14695945945945946,0.0652027027027027,0.22614864864864864,False
USDCAD1440_comma,daily,100,150,long_only,combined,0.005,-0.01571225261749909,-1.3099881391056964,-1.743700812882982,-0.051904014342537635,-0.30271748373462903,50,0.22,0.42634652432030484,-448.4884039600709,0.11689189189189189,0.360472972972973,0.4341216216216216,0.016216216216216217,0.22613175675675676,False
USDCAD1440_comma,daily,40,150,long_short,slow_slope,0.005,-0.024132321282746005,-1.013840655588343,-1.3461469200865794,-0.06666388259697413,-0.3619999367369786,95,0.28421052631578947,0.4767850146786308,-331.25273117221224,0.375,0.11891891891891893,0.18986486486486487,0.05540540540540541,0.22601351351351354,False
USDCAD1440_comma,daily,5,500,long_only,combined,0.0025,-0.020566494063243956,-1.4997219707217915,-1.9735432299953697,-0.056108814051003326,-0.36654658294058506,278,0.26618705035971224,0.7091095936001385,-101.92877935363785,0.04087837837837838,0.29121621621621624,0.2962837837837838,0.5148648648648648,0.2256418918918919,False
USDCAD1440_comma,daily,60,75,long_short,fast_slope,0.0,-0.02779176655610527,-1.0260677274584553,-1.3860137801008547,-0.07091508871348128,-0.3919020205755158,196,0.29591836734693877,0.6228351434118912,-180.65640430991442,0.35574324324324325,0.07263513513513513,0.10405405405405406,0.2942567567567568,0.22540540540540543,False
USDCAD1440_comma,daily,10,250,long_only,fast_slope,0.0,-0.01903240739897416,-1.3150952996740524,-1.7656557755854028,-0.06377733400153847,-0.2984196140672022,242,0.2809917355371901,0.6957314719123263,-109.56685852240717,0.11216216216216217,0.15641891891891893,0.3385135135135135,0.4847972972972973,0.2243918918918919,False
USDCAD1440_comma,daily,50,400,long_short,price_slow,0.0025,-0.027405268881666833,-1.0560904429888496,-1.4078551299974076,-0.056294510090021135,-0.4868195644272023,82,0.04878048780487805,0.4386005837678233,-427.3513705440029,0.31722972972972974,0.2885135135135135,0.1097972972972973,0.021283783783783785,0.2241722972972973,False
USDCAD1440_comma,daily,5,250,long_only,fast_slope,0.0025,-0.02092058024603205,-1.4237161889850805,-1.9163663284477797,-0.059671868932502495,-0.35059368208654984,295,0.27796610169491526,0.7244568758623822,-97.45919142530501,0.06959459459459459,0.22736486486486487,0.28412162162162163,0.5503378378378379,0.22405405405405407,False
USDCAD1440_comma,daily,100,300,long_only,combined,0.0025,-0.018776274696182704,-1.2323672296591592,-1.6114387250413782,-0.05291590416917687,-0.3548323512748318,80,0.2125,0.46019050047452886,-327.58682400585406,0.15608108108108107,0.34594594594594597,0.34594594594594597,0.03918918918918919,0.22398648648648647,False
USDCAD1440_comma,daily,10,75,long_only,fast_slope,0.001,-0.018864211875393777,-1.3325044153208416,-1.7864671584044374,-0.06169726967785908,-0.30575440329677117,237,0.2742616033755274,0.6773425624744415,-111.02492490453277,0.10608108108108108,0.1885135135135135,0.3439189189189189,0.43648648648648647,0.22381756756756757,False
USDCAD1440_comma,daily,5,75,long_short,slow_slope,0.001,-0.028599103405335335,-1.0284182690407253,-1.3904963954023253,-0.06817893990093578,-0.4194712244996758,210,0.23333333333333334,0.6065454748530354,-172.21302444330726,0.35202702702702704,0.10033783783783784,0.09324324324324325,0.25844594594594594,0.22331081081081083,False
USDCAD1440_comma,daily,10,150,long_short,price_slow,0.0025,-0.029323868683217125,-0.9995185142019143,-1.3565869254681888,-0.0655224166860004,-0.44753948597079907,119,0.13445378151260504,0.5198527169492604,-308.0523727580805,0.3952702702702703,0.1304054054054054,0.0804054054054054,0.10912162162162162,0.22315878378378382,False
USDCAD1440_comma,daily,100,150,long_only,none,0.005,-0.017587112210002198,-1.190502386237915,-1.5750438575297039,-0.05584522607007429,-0.31492597393972377,24,0.2916666666666667,0.3390701483921233,-1036.0508323919157,0.18243243243243243,0.2945945945945946,0.3804054054054054,0.002702702702702703,0.2231081081081081,False
USDCAD1440_comma,daily,100,150,long_short,none,0.0025,-0.026312514018444588,-1.0160520659941616,-1.340193865129863,-0.06405663499813705,-0.4107695326051678,39,0.3076923076923077,0.4805276403562445,-825.8861279250978,0.372972972972973,0.15371621621621623,0.13243243243243244,0.0597972972972973,0.22307432432432434,False
USDCAD1440_comma,daily,40,500,long_short,fast_slope,0.001,-0.023630309203404365,-1.2353301742391594,-1.6508244818628928,-0.055864641616868396,-0.4229922276323914,172,0.25,0.627860854126817,-182.13786124440637,0.1543918918918919,0.2942567567567568,0.20472972972972972,0.310472972972973,0.22283783783783784,False
USDCAD1440_comma,daily,10,150,long_short,none,0.001,-0.030276128840106886,-0.9690386198718289,-1.3521271928400116,-0.07076629520587245,-0.42783261087821456,82,0.21951219512195122,0.5056280775761395,-454.1319672968935,0.44222972972972974,0.07364864864864865,0.06655405405405405,0.0891891891891892,0.22199324324324327,False
USDCAD1440_comma,daily,10,50,long_only,fast_slope,0.005,-0.01657352823103997,-1.3911285789214312,-1.8560633027846047,-0.06353185524288274,-0.2608695774376374,183,0.25136612021857924,0.6821242922721537,-128.4460757468325,0.08209459459459459,0.15945945945945947,0.40912162162162163,0.44763513513513514,0.22167229729729732,False
USDCAD1440_comma,daily,10,50,long_short,slow_slope,0.005,-0.025378674670423984,-1.094451136990636,-1.4593447081420388,-0.06790299166498304,-0.3737489917327389,174,0.2471264367816092,0.6578446247316992,-193.7907070386643,0.2662162162162162,0.10304054054054054,0.15574324324324323,0.3881756756756757,0.22162162162162163,False
USDCAD1440_comma,daily,10,250,long_only,fast_slope,0.001,-0.019303594952174374,-1.3254673602876659,-1.7791794393280307,-0.06303916446166567,-0.3062159074762635,239,0.2719665271966527,0.687736869866943,-112.3021542763825,0.10777027027027027,0.16891891891891891,0.3324324324324324,0.46283783783783783,0.22125,False
USDCAD1440_comma,daily,5,150,long_short,none,0.0,-0.03197308372843055,-0.9821750162442903,-1.3837630630282518,-0.0679257918052485,-0.4707060879040066,108,0.1574074074074074,0.5251149196756699,-361.0300852178502,0.41993243243243245,0.10270270270270271,0.05168918918918919,0.11418918918918919,0.2211148648648649,False
USDCAD1440_comma,daily,5,75,long_only,combined,0.005,-0.01796970647272944,-1.475457424174075,-2.0003735052657383,-0.059615032938781246,-0.30142911253915694,248,0.23790322580645162,0.6908486788771833,-101.72730591980016,0.04932432432432433,0.22837837837837838,0.3675675675675676,0.4706081081081081,0.22092905405405405,False
USDCAD1440_comma,daily,40,100,long_short,combined,0.0,-0.02595634334605179,-1.1273229907549185,-1.5181525896016463,-0.061204662383012344,-0.4240909488826149,209,0.2583732057416268,0.6410958644312598,-161.13512494118913,0.2287162162162162,0.19932432432432431,0.14087837837837838,0.34155405405405403,0.22072635135135138,False
USDCAD1440_comma,daily,5,75,long_only,fast_slope,0.001,-0.020063830830261864,-1.4116671661079843,-1.885526964742996,-0.06082799047358272,-0.3298453668130872,301,0.2724252491694352,0.7113721279076871,-92.1735319263283,0.07364864864864865,0.20472972972972972,0.30945945945945946,0.5195945945945946,0.22047297297297297,False
USDCAD1440_comma,daily,60,100,long_short,fast_slope,0.001,-0.025552888439940857,-1.0654079975849176,-1.4314097609999699,-0.06508709502328333,-0.392595312954126,166,0.29518072289156627,0.58981559804774,-200.74626434504012,0.3047297297297297,0.13648648648648648,0.14932432432432433,0.22668918918918918,0.21988175675675675,False
USDCAD1440_comma,daily,60,300,long_short,fast_slope,0.0,-0.02385784151520498,-1.1170126177929116,-1.4887079288056713,-0.0625205937603243,-0.3815997270701741,161,0.2732919254658385,0.612132881323135,-195.5296802148006,0.23986486486486486,0.17567567567567569,0.19797297297297298,0.2682432432432432,0.21969594594594596,False
USDCAD1440_comma,daily,5,75,long_only,combined,0.001,-0.01905307061365291,-1.4444520685467264,-1.944941438420031,-0.06072717742887111,-0.3137486611487831,281,0.2669039145907473,0.7044513675580303,-94.44837537964706,0.06013513513513514,0.20810810810810812,0.3375,0.5054054054054054,0.2193918918918919,False
USDCAD1440_comma,daily,10,150,long_short,price_slow,0.0,-0.03025353912308093,-0.9909685480846698,-1.364207292933385,-0.06881582728181955,-0.43963053730625734,144,0.1527777777777778,0.539754758105363,-260.7437201640217,0.40675675675675677,0.09222972972972973,0.06722972972972972,0.1331081081081081,0.2191722972972973,False
USDCAD1440_comma,daily,10,300,long_only,fast_slope,0.0,-0.0201167255223621,-1.3345842652171542,-1.7867013085442578,-0.06246692304702663,-0.32203804095197286,250,0.276,0.692793763798152,-111.22696143497934,0.10506756756756756,0.17635135135135135,0.30777027027027026,0.47635135135135137,0.21912162162162163,False
USDCAD1440_comma,daily,60,150,long_short,fast_slope,0.005,-0.02123836614577157,-1.1112700097365809,-1.4775839313202614,-0.06434815642532825,-0.33005399572584926,114,0.2807017543859649,0.571106067336647,-247.74325331368362,0.2445945945945946,0.1462837837837838,0.27466216216216216,0.1945945945945946,0.21853040540540541,False
USDCAD1440_comma,daily,5,400,long_short,price_slow,0.001,-0.029946856557789614,-1.0396267253371312,-1.3962866090781214,-0.05866480867511892,-0.5104739491035067,106,0.08490566037735849,0.4694125745189359,-352.14944418949955,0.3364864864864865,0.2462837837837838,0.07297297297297298,0.05067567567567568,0.21836148648648648,False
USDCAD1440_comma,daily,10,200,long_short,slow_slope,0.001,-0.02817927346616933,-1.0290447104639924,-1.3857332208680113,-0.06220685623010997,-0.45299304890012626,117,0.19658119658119658,0.5039341538587454,-304.18830253091215,0.3506756756756757,0.18074324324324326,0.09695945945945945,0.08682432432432433,0.21787162162162163,False
USDCAD1440_comma,daily,50,300,long_short,fast_slope,0.001,-0.025390228976087226,-1.1765194354755473,-1.5758055667965025,-0.05699072737748125,-0.4455150889356725,166,0.25903614457831325,0.6160786290861654,-199.52956146547803,0.18952702702702703,0.27668918918918917,0.15506756756756757,0.27702702702702703,0.21755067567567565,False
USDCAD1440_comma,daily,60,400,long_short,price_slow,0.0025,-0.027088977403028958,-1.068871721175979,-1.4178577395302314,-0.05660951229920717,-0.47852341952446653,78,0.0641025641025641,0.4471086072702622,-446.47950513774833,0.2983108108108108,0.28412162162162163,0.11452702702702702,0.028040540540540542,0.21746621621621623,False
USDCAD1440_comma,daily,75,100,long_short,fast_slope,0.0,-0.02662254892996807,-1.0481258415863934,-1.4120513895599884,-0.0627242170366791,-0.42443812274930526,176,0.2556818181818182,0.5322985989798531,-194.12536561078122,0.32635135135135135,0.17263513513513515,0.12567567567567567,0.12195945945945946,0.2171283783783784,False
USDCAD1440_comma,daily,50,250,long_short,price_slow,0.005,-0.026904037551826687,-1.0321931695204791,-1.3698305391080077,-0.061648797624064895,-0.4364081472584077,86,0.13953488372093023,0.46393540679665607,-397.30687566941214,0.34831081081081083,0.18986486486486487,0.11824324324324324,0.04256756756756757,0.21682432432432436,False
USDCAD1440_comma,daily,60,150,long_short,fast_slope,0.0025,-0.023907807534217618,-1.1041613625910416,-1.476237991158722,-0.062033157957074696,-0.3854036828297729,145,0.2896551724137931,0.5746704494269275,-215.79150926181964,0.2527027027027027,0.18344594594594596,0.1972972972972973,0.20168918918918918,0.21665540540540543,False
USDCAD1440_comma,daily,5,200,long_only,fast_slope,0.0,-0.021874972058631093,-1.4085085124648986,-1.8940848345268237,-0.060482597888844296,-0.361673817299204,319,0.28213166144200624,0.7258062660104992,-93.59213712689865,0.07432432432432433,0.21216216216216216,0.2537162162162162,0.5527027027027027,0.2164189189189189,False
USDCAD1440_comma,daily,100,200,long_short,price_slow,0.001,-0.0269553142197807,-1.066616047910252,-1.4215416469719084,-0.05963859077506022,-0.4519777189479287,110,0.11818181818181818,0.5112963413939361,-314.50064320680605,0.3027027027027027,0.2277027027027027,0.11689189189189189,0.09932432432432432,0.2162837837837838,False
USDCAD1440_comma,daily,60,200,long_short,slow_slope,0.005,-0.025275335118122966,-1.0461957761660197,-1.3864579204714487,-0.061744705823320846,-0.4093522639891909,87,0.21839080459770116,0.4603218483715712,-379.8163941851553,0.3290540540540541,0.18783783783783783,0.1581081081081081,0.039527027027027026,0.21613175675675678,False
USDCAD1440_comma,daily,75,100,long_only,price_slow,0.0025,-0.015603049339337205,-1.2302236778018198,-1.6310026925439087,-0.060667267889657366,-0.2571905721503116,68,0.27941176470588236,0.5041309752056597,-327.73987701390524,0.15777027027027027,0.20912162162162162,0.43783783783783786,0.08716216216216216,0.2160304054054054,False
USDCAD1440_comma,daily,75,100,long_short,slow_slope,0.005,-0.01862936645290214,-1.23580770910102,-1.6249362465800965,-0.05397458391308937,-0.34515071914031625,44,0.3181818181818182,0.4357345889476902,-582.763225218755,0.15371621621621623,0.3253378378378378,0.35033783783783784,0.019594594594594596,0.21582770270270274,False
USDCAD1440_comma,daily,5,400,long_only,combined,0.0025,-0.01977342820873762,-1.5253049359178597,-2.0275865374313207,-0.05809180307365879,-0.3403824147731387,262,0.2633587786259542,0.7006524320655717,-104.58072720469728,0.033783783783783786,0.25506756756756754,0.31925675675675674,0.49695945945945946,0.2156756756756757,False
USDCAD1440_comma,daily,100,300,long_short,fast_slope,0.001,-0.02458244018337208,-1.122441193201851,-1.4861224888620008,-0.056600929561977265,-0.4343115983007776,116,0.23275862068965517,0.5119160089708829,-265.48163398886805,0.23445945945945945,0.28445945945945944,0.17736486486486486,0.1,0.2153716216216216,False
USDCAD1440_comma,daily,10,300,long_short,slow_slope,0.0,-0.026817349706689142,-1.0454328896317981,-1.3836466840028205,-0.06131913011844079,-0.43734067418911793,118,0.15254237288135594,0.48674887536836436,-287.98653294158737,0.32972972972972975,0.19695945945945945,0.12094594594594595,0.06689189189189189,0.21535472972972974,False
USDCAD1440_comma,daily,60,300,long_only,combined,0.005,-0.017532725703839236,-1.2623790124109973,-1.6481386199664014,-0.06191383612377274,-0.2831794442326161,101,0.27722772277227725,0.5939056213567625,-244.4864705035492,0.14290540540540542,0.18547297297297297,0.38175675675675674,0.23445945945945945,0.21505067567567568,False
USDCAD1440_comma,daily,75,100,long_short,none,0.005,-0.01869428078270985,-1.227278594486099,-1.613415510826933,-0.05476195198860782,-0.34137352858785674,37,0.3783783783783784,0.4341028694494012,-695.5932754046473,0.15945945945945947,0.3141891891891892,0.3489864864864865,0.019256756756756758,0.2150168918918919,False
USDCAD1440_comma,daily,5,150,long_short,price_slow,0.001,-0.030860099090529558,-0.9961840315324269,-1.3750001069523758,-0.0689025423964207,-0.4478804122056991,145,0.15172413793103448,0.5350996245786297,-262.35888816228123,0.40202702702702703,0.09054054054054055,0.06114864864864865,0.12736486486486487,0.2147804054054054,False
USDCAD1440_comma,daily,75,250,long_short,none,0.0025,-0.028273234616608245,-0.9753121891367283,-1.304510309424152,-0.06895547737530071,-0.41002159208799105,25,0.24,0.3981902670503317,-1389.637746295665,0.4293918918918919,0.08986486486486486,0.09662162162162162,0.0057432432432432436,0.2144087837837838,False
USDCAD1440_comma,daily,60,300,long_short,price_slow,0.0025,-0.027434866066791685,-1.0360599524089074,-1.3746148242029597,-0.062097732999877524,-0.4418014111214945,96,0.09375,0.48508280482352395,-364.8879520457272,0.34290540540540543,0.18277027027027026,0.10878378378378378,0.06486486486486487,0.21434121621621624,False
USDCAD1440_comma,daily,50,300,long_short,fast_slope,0.0,-0.025791104090329697,-1.1735299809832855,-1.5704339341651672,-0.05769658121293308,-0.4470126920544202,169,0.2603550295857988,0.6162619245602977,-198.72812855871524,0.19155405405405404,0.2641891891891892,0.14493243243243242,0.2773648648648649,0.21326013513513514,False
USDCAD1440_comma,daily,100,150,long_short,none,0.005,-0.021700584940666068,-1.0673362214532223,-1.4124738542919315,-0.06364067768592638,-0.3409860757259814,36,0.3055555555555556,0.4069228869772932,-799.4852051335066,0.30067567567567566,0.1581081081081081,0.2611486486486487,0.007432432432432433,0.2131418918918919,False
USDCAD1440_comma,daily,10,200,long_short,slow_slope,0.0,-0.028697726760851694,-1.0286242123414737,-1.3867411932290412,-0.06351156378516362,-0.4518504198373323,124,0.20967741935483872,0.5092872886065019,-290.7747840912145,0.3516891891891892,0.1597972972972973,0.08986486486486486,0.09594594594594595,0.21298986486486488,False
USDCAD1440_comma,daily,10,400,long_only,fast_slope,0.0025,-0.019465449566471893,-1.4120730950782048,-1.8732891662527247,-0.06079351244325286,-0.32018958576610845,231,0.29004329004329005,0.6805768784172923,-117.02841903047472,0.07331081081081081,0.20574324324324325,0.32837837837837835,0.44324324324324327,0.21292229729729728,False
USDCAD1440_comma,daily,60,100,long_only,combined,0.001,-0.017945719987455422,-1.1994084340485018,-1.6089124739608722,-0.06060809549997904,-0.29609443820028347,107,0.24299065420560748,0.5181256922498387,-235.50546405384293,0.17364864864864865,0.2097972972972973,0.3695945945945946,0.10743243243243243,0.21194256756756757,False
USDCAD1440_comma,daily,10,200,long_only,combined,0.0,-0.018707449856821268,-1.369974043711897,-1.842402341217263,-0.06333982875410375,-0.2953504962801028,225,0.26222222222222225,0.6753847232248205,-116.10628757494901,0.0918918918918919,0.16216216216216217,0.34831081081081083,0.43243243243243246,0.21182432432432435,False
USDCAD1440_comma,daily,40,300,long_short,fast_slope,0.0025,-0.024273219997881346,-1.185029367215856,-1.5848277368272574,-0.05913313147250208,-0.41048426480117683,173,0.24855491329479767,0.6164921226955657,-184.2755872992997,0.18412162162162163,0.23614864864864865,0.18614864864864866,0.27837837837837837,0.2116722972972973,False
USDCAD1440_comma,daily,75,100,long_short,combined,0.005,-0.016991586071735787,-1.2824985467295686,-1.6971995143125076,-0.05706587622339209,-0.29775388018611904,64,0.265625,0.4882870969635957,-368.685578584396,0.1314189189189189,0.27533783783783783,0.40033783783783783,0.0679054054054054,0.2116554054054054,False
USDCAD1440_comma,daily,100,250,long_short,price_slow,0.0025,-0.025140740767767955,-1.049998443511326,-1.3821288736367996,-0.06322787988272519,-0.3976211255920473,91,0.12087912087912088,0.4749561273783497,-356.3662431623001,0.32466216216216215,0.16452702702702704,0.1608108108108108,0.053716216216216216,0.21121621621621622,False
USDCAD1440_comma,daily,40,250,long_short,combined,0.0,-0.023901388227843823,-1.1933146725925026,-1.5945805077156996,-0.05940106262044603,-0.40237307505029196,182,0.25824175824175827,0.6190150330403846,-173.08557205848572,0.17804054054054055,0.23141891891891891,0.19763513513513514,0.28412162162162163,0.21121621621621622,False
USDCAD1440_comma,daily,10,50,long_only,combined,0.001,-0.018398674878039922,-1.3808729911165887,-1.8516414397313135,-0.06354360702549404,-0.28954407436547114,222,0.25675675675675674,0.6781085853345201,-115.99245566197577,0.08716216216216216,0.15878378378378377,0.3543918918918919,0.43817567567567567,0.21116554054054054,False
USDCAD1440_comma,daily,40,150,long_short,fast_slope,0.0025,-0.02504147974867299,-1.1436433594601838,-1.5247718472794993,-0.060974496632127506,-0.4106877650791235,178,0.25842696629213485,0.6167201277045924,-183.20933439248512,0.21452702702702703,0.20202702702702702,0.16486486486486487,0.27905405405405403,0.21114864864864866,False
USDCAD1440_comma,daily,50,100,long_short,combined,0.001,-0.02530393507887485,-1.1212985525216224,-1.5130437539389878,-0.06369017592400153,-0.39729730231973037,185,0.2594594594594595,0.6257562532549044,-176.91734684700327,0.23581081081081082,0.1570945945945946,0.15743243243243243,0.3050675675675676,0.21084459459459462,False
USDCAD1440_comma,daily,20,500,long_short,fast_slope,0.005,-0.022041207720392086,-1.3092991815845174,-1.7649496807381997,-0.058987737260627074,-0.37365745397228645,213,0.24413145539906103,0.64833671749783,-139.43168088508372,0.11790540540540541,0.2391891891891892,0.24932432432432433,0.3597972972972973,0.21079391891891894,False
USDCAD1440_comma,daily,40,300,long_short,slow_slope,0.0,-0.02677511530689758,-1.0398808570358007,-1.3809795661504298,-0.06200909134792899,-0.4317933826293977,100,0.16,0.459535882493688,-342.415908349267,0.33547297297297296,0.18412162162162163,0.12297297297297298,0.038513513513513516,0.2105912162162162,False
USDCAD1440_comma,daily,75,200,long_short,none,0.0025,-0.02783248193322707,-0.9991977402877242,-1.3331027517261123,-0.06647764472089596,-0.4186743084849165,28,0.17857142857142858,0.4011552683866992,-1206.0675729204215,0.39628378378378376,0.12060810810810811,0.10337837837837838,0.006081081081081081,0.21025337837837837,False
USDCAD1440_comma,daily,20,500,long_short,fast_slope,0.001,-0.02269159687108968,-1.263201986054934,-1.7023057813241456,-0.06120165978091607,-0.37076767120890053,239,0.24267782426778242,0.6570679079244146,-126.64775632533555,0.14155405405405405,0.19966216216216215,0.22837837837837838,0.3861486486486487,0.21013513513513515,False
USDCAD1440_comma,daily,10,100,long_only,combined,0.005,-0.017131564092031315,-1.3930325708690598,-1.8791257574208322,-0.0623529580874265,-0.2747514250729013,201,0.25870646766169153,0.6484990383148004,-120.39108269938167,0.08141891891891892,0.17905405405405406,0.3929054054054054,0.3608108108108108,0.2100337837837838,False
USDCAD1440_comma,daily,75,100,long_short,fast_slope,0.005,-0.01852888144669529,-1.275164143583387,-1.6774960734038442,-0.053937506143506814,-0.3435249934877803,48,0.375,0.4406087279042463,-530.2680818423829,0.1358108108108108,0.3260135135135135,0.35236486486486485,0.023986486486486488,0.20989864864864866,False
USDCAD1440_comma,daily,60,200,long_short,fast_slope,0.0,-0.025045677543655276,-1.0828476797591868,-1.4489637787443554,-0.06746238511096637,-0.3712539588165845,166,0.2891566265060241,0.6062253778367973,-196.93460693435452,0.27804054054054056,0.10844594594594595,0.16452702702702704,0.2570945945945946,0.20979729729729732,False
USDCAD1440_comma,daily,10,250,long_only,fast_slope,0.005,-0.019960351446279057,-1.3837885068379803,-1.8600730238372252,-0.06082664736161631,-0.32815143217764653,218,0.26146788990825687,0.6677079201450759,-126.70551209828645,0.08513513513513514,0.20506756756756755,0.31283783783783786,0.41114864864864864,0.2095608108108108,False
USDCAD1440_comma,daily,20,50,long_short,combined,0.001,-0.026291283156352208,-1.1626319520718007,-1.5654045503757035,-0.06676056593781507,-0.3938145638376035,297,0.2255892255892256,0.6971307052874324,-117.15736449841667,0.20033783783783785,0.11722972972972973,0.1331081081081081,0.4891891891891892,0.20944256756756757,False
USDCAD1440_comma,daily,75,200,long_short,slow_slope,0.0,-0.027662372260571444,-1.0090606409424407,-1.348865640439283,-0.06688380083894169,-0.41358852089137865,104,0.2403846153846154,0.4560771344705516,-340.3739116124259,0.3844594594594595,0.11486486486486487,0.10641891891891891,0.03547297297297297,0.20910472972972977,False
USDCAD1440_comma,daily,20,400,long_short,fast_slope,0.0025,-0.022725777677053527,-1.2739527218064945,-1.710003845783325,-0.060511061735884775,-0.3755640212734277,234,0.2606837606837607,0.6527368627001361,-130.16174799901435,0.13648648648648648,0.21081081081081082,0.22668918918918918,0.375,0.20888513513513512,False
USDCAD1440_comma,daily,5,400,long_short,price_slow,0.0025,-0.030136194839490482,-1.0617738832243044,-1.4169243255790376,-0.05790731224425033,-0.5204212330280056,92,0.08695652173913043,0.4603516559901826,-408.9674351657136,0.31013513513513513,0.2591216216216216,0.06891891891891892,0.03986486486486487,0.208597972972973,False
USDCAD1440_comma,daily,50,150,long_short,combined,0.001,-0.022988721869414586,-1.1279549873874308,-1.5130080866088254,-0.06650332188369393,-0.3456777980146467,178,0.24157303370786518,0.6216098149990534,-170.65620404275793,0.22736486486486487,0.12027027027027028,0.2179054054054054,0.29121621621621624,0.20827702702702705,False
USDCAD1440_comma,daily,100,200,long_short,fast_slope,0.001,-0.025968538568510113,-1.0894483372698238,-1.4562570582350591,-0.05897881612342041,-0.4403028116767851,121,0.2396694214876033,0.4981325551208927,-264.1590453177717,0.27094594594594595,0.23952702702702702,0.14020270270270271,0.07871621621621622,0.2081081081081081,False
USDCAD1440_comma,daily,40,250,long_short,fast_slope,0.005,-0.023797718827561876,-1.1682264914168599,-1.5690574752840476,-0.06157108170406403,-0.3865080516522921,171,0.24561403508771928,0.6154983351465234,-183.0428353391799,0.19527027027027027,0.19256756756756757,0.19932432432432431,0.2760135135135135,0.2075168918918919,False
USDCAD1440_comma,daily,75,300,long_only,combined,0.001,-0.017151693147962943,-1.2065741306974436,-1.578441379754402,-0.06363636906289508,-0.2695265836272187,100,0.26,0.545743242592312,-242.23493795191726,0.16993243243243245,0.15844594594594594,0.3915540540540541,0.14391891891891892,0.2074831081081081,False
USDCAD1440_comma,daily,5,400,long_only,fast_slope,0.005,-0.021159681064632063,-1.4883465136043763,-1.9741084631545467,-0.05938632997273422,-0.3563055853821412,284,0.2676056338028169,0.7050217376759355,-102.21452377140932,0.04493243243243243,0.23209459459459458,0.27702702702702703,0.5064189189189189,0.20736486486486486,False
USDCAD1440_comma,daily,100,150,long_only,price_slow,0.005,-0.016585957219272807,-1.3094935572540192,-1.741970949608237,-0.055254492968985894,-0.300173910356619,50,0.2,0.42213051500308796,-470.42261592752556,0.11756756756756757,0.3043918918918919,0.40878378378378377,0.014864864864864866,0.2071114864864865,False
USDCAD1440_comma,daily,10,300,long_only,combined,0.0025,-0.0178999932427526,-1.394279384401879,-1.8638422371748073,-0.06425661160132351,-0.2785704505212956,218,0.27522935779816515,0.6730707763449327,-115.33588550842244,0.08006756756756757,0.1472972972972973,0.37094594594594593,0.4266891891891892,0.20704391891891893,False
USDCAD1440_comma,daily,50,100,long_short,fast_slope,0.001,-0.02681303490628062,-1.1000409124935921,-1.4903235308367793,-0.06606820257572855,-0.4058387221227494,176,0.2897727272727273,0.6293197266884859,-193.7685619559437,0.2581081081081081,0.12398648648648648,0.12128378378378378,0.3152027027027027,0.20577702702702702,False
USDCAD1440_comma,daily,5,75,long_short,slow_slope,0.0,-0.03002026517078782,-1.0395529582496381,-1.4095782858581132,-0.06857305721030603,-0.43778513591305934,210,0.2571428571428571,0.5838383881324839,-178.51041772272708,0.3368243243243243,0.09628378378378379,0.07162162162162163,0.21756756756756757,0.2057601351351351,False
USDCAD1440_comma,daily,100,150,long_short,fast_slope,0.001,-0.02640786423521091,-1.0823601079951237,-1.4487735400331596,-0.0597876224010105,-0.4416945042250848,120,0.25,0.49392604209069024,-275.1019795769144,0.27905405405405403,0.22533783783783784,0.1314189189189189,0.075,0.20548986486486487,False
USDCAD1440_comma,daily,10,150,long_only,fast_slope,0.001,-0.019950897758652553,-1.3373967207590187,-1.7872111198052738,-0.06324591192706891,-0.31544960220762785,231,0.27705627705627706,0.6643569241304741,-119.52643649415177,0.10371621621621621,0.16317567567567567,0.3141891891891892,0.40202702702702703,0.20542229729729727,False
USDCAD1440_comma,daily,60,75,long_short,price_slow,0.001,-0.023560457488327136,-1.0962533335839881,-1.452752440202087,-0.06680665500184073,-0.35266632474980186,148,0.25,0.5739861411160129,-206.2286798595711,0.2628378378378378,0.11554054054054054,0.20574324324324325,0.20067567567567568,0.20527027027027028,False
USDCAD1440_comma,daily,100,200,long_short,price_slow,0.005,-0.023037856569146253,-1.1181634762325037,-1.4831812902080883,-0.060175328008214596,-0.38284555035580914,85,0.15294117647058825,0.49518150238662517,-357.08135748036295,0.2391891891891892,0.21858108108108107,0.21722972972972973,0.07635135135135135,0.2052195945945946,False
USDCAD1440_comma,daily,50,150,long_short,combined,0.0,-0.02392325936028905,-1.1320572965943623,-1.518208813923379,-0.06622734446850341,-0.3612293313627658,189,0.23809523809523808,0.6244939545806003,-165.57020366817352,0.22567567567567567,0.12263513513513513,0.1966216216216216,0.2996621621621622,0.20520270270270272,False
USDCAD1440_comma,daily,20,250,long_short,combined,0.001,-0.023133638371644505,-1.2669701788468433,-1.6968331425121275,-0.0611710288078989,-0.378179651748105,236,0.2584745762711864,0.6520615641923327,-130.53191152228328,0.13817567567567568,0.2,0.21621621621621623,0.37364864864864866,0.20456081081081082,False
USDCAD1440_comma,daily,60,250,long_short,combined,0.0025,-0.02356055647362032,-1.179573391638906,-1.563261210254157,-0.06042415199829035,-0.389919522152118,152,0.27631578947368424,0.5910856558374474,-205.53920131533692,0.1864864864864865,0.21317567567567566,0.20540540540540542,0.22972972972972974,0.20342905405405406,False
USDCAD1440_comma,daily,50,300,long_short,slow_slope,0.005,-0.0254465201766666,-1.050454147869569,-1.3801481809831324,-0.06420342821884094,-0.396342078337791,81,0.16049382716049382,0.46266622764661647,-406.7124234611621,0.3233108108108108,0.1489864864864865,0.1527027027027027,0.04121621621621622,0.20329391891891893,False
USDCAD1440_comma,daily,30,300,long_short,slow_slope,0.0,-0.027218925850376996,-1.0488471927321918,-1.3915874774533579,-0.06277763691068902,-0.43357678290917767,104,0.17307692307692307,0.46860815150682106,-331.3944655337603,0.3256756756756757,0.17229729729729729,0.11216216216216217,0.04864864864864865,0.20307432432432432,False
USDCAD1440_comma,daily,5,150,long_only,fast_slope,0.0,-0.022139617573956327,-1.4169512901817498,-1.9041262188398596,-0.06157734748251996,-0.3595415924702039,312,0.27884615384615385,0.7107201009451585,-96.66525353577433,0.07060810810810811,0.19222972972972974,0.24594594594594596,0.5172297297297297,0.20307432432432432,False
USDCAD1440_comma,daily,10,150,long_only,combined,0.005,-0.017829037142975013,-1.3715684213702632,-1.8398701817482137,-0.06424037480303306,-0.277536318828159,197,0.27411167512690354,0.6494112196419285,-127.19016647131522,0.09155405405405405,0.14763513513513513,0.37364864864864866,0.36486486486486486,0.20298986486486487,False
USDCAD1440_comma,daily,20,500,long_short,fast_slope,0.0,-0.02408451601102246,-1.2763675799087755,-1.7137931590437956,-0.060775283808039725,-0.3962880056158029,254,0.2440944881889764,0.6600587039127619,-124.98849424028334,0.1341216216216216,0.20675675675675675,0.1918918918918919,0.3929054054054054,0.20265202702702703,False
USDCAD1440_comma,daily,5,75,long_short,slow_slope,0.005,-0.027152596778693194,-1.062567351008316,-1.4305899203461272,-0.07135500885692696,-0.3805282518167229,192,0.22916666666666666,0.607063272825514,-179.3635519903653,0.3087837837837838,0.06959459459459459,0.11317567567567567,0.2597972972972973,0.2025168918918919,False
USDCAD1440_comma,daily,40,100,long_short,combined,0.001,-0.025829967292304357,-1.1436325581604487,-1.5381712211858258,-0.0629384112887026,-0.41040068796494733,199,0.25125628140703515,0.6247455398112148,-168.55527588607652,0.21486486486486486,0.16993243243243245,0.14358108108108109,0.30067567567567566,0.20224662162162166,False
USDCAD1440_comma,daily,60,200,long_short,price_slow,0.005,-0.02534100381289539,-1.0586495924900388,-1.4047727593164787,-0.06423395753791737,-0.39451101542259126,87,0.16091954022988506,0.4744200884636696,-379.4871278229028,0.31486486486486487,0.14831081081081082,0.15641891891891893,0.052364864864864864,0.20216216216216218,False
USDCAD1440_comma,daily,10,150,long_short,none,0.0,-0.0321843249478021,-0.9849990085318643,-1.3877535566774761,-0.07265128919894928,-0.4429972998781633,82,0.2073170731707317,0.4894949512778046,-478.6768689838533,0.41452702702702704,0.0625,0.04932432432432433,0.06959459459459459,0.2017398648648649,False
USDCAD1440_comma,daily,5,400,long_only,combined,0.0,-0.020803600935978994,-1.5340284475292976,-2.031731341249713,-0.0592004194748944,-0.35140968798035876,276,0.26811594202898553,0.6961837994581476,-103.67337428786654,0.030743243243243245,0.23513513513513515,0.28783783783783784,0.4864864864864865,0.20162162162162164,False
USDCAD1440_comma,daily,20,250,long_short,combined,0.0,-0.02320520722401731,-1.26388420883324,-1.6936708288293378,-0.0622324693222152,-0.372879422538577,239,0.2594142259414226,0.6548317046932736,-127.0586894474089,0.14087837837837838,0.1804054054054054,0.21452702702702703,0.38074324324324327,0.2014695945945946,False
USDCAD1440_comma,daily,75,200,long_short,slow_slope,0.005,-0.025599530200863252,-1.067319922316509,-1.4075205410274934,-0.06184402039750171,-0.4139370312007947,84,0.2261904761904762,0.4515621272941903,-395.1655347816167,0.3010135135135135,0.18682432432432433,0.14763513513513513,0.03175675675675676,0.20140202702702703,False
USDCAD1440_comma,daily,5,150,long_short,none,0.001,-0.032225822532252923,-1.0020929776790322,-1.3989823474897343,-0.0699582160963182,-0.46064385758328286,113,0.18584070796460178,0.5136204584441645,-349.09033837206243,0.3898648648648649,0.07939189189189189,0.048986486486486486,0.10202702702702703,0.2008952702702703,False
USDCAD1440_comma,daily,5,500,long_only,combined,0.001,-0.022023100314230715,-1.530602013980025,-2.010035006049978,-0.05806900390670639,-0.37925741501633137,283,0.26855123674911663,0.6973174864078971,-106.09898810445657,0.03277027027027027,0.25574324324324327,0.25,0.48952702702702705,0.20047297297297298,False
USDCAD1440_comma,daily,60,300,long_short,fast_slope,0.0025,-0.023999757122322385,-1.1488134349343022,-1.5265942684100957,-0.06315885358377063,-0.37999038552038233,147,0.2925170068027211,0.5971945836977307,-215.931086120954,0.2087837837837838,0.1662162162162162,0.19358108108108107,0.24222972972972973,0.20011824324324323,False
USDCAD1440_comma,daily,60,75,long_short,combined,0.001,-0.02364907065920685,-1.109061722810695,-1.4732977616664114,-0.06710735420191845,-0.3524065423299132,151,0.271523178807947,0.5766477609337654,-202.84660194814623,0.24763513513513513,0.11317567567567567,0.20371621621621622,0.20574324324324325,0.1989527027027027,False
USDCAD1440_comma,daily,75,100,long_short,price_slow,0.005,-0.017539537865091104,-1.2945794446978685,-1.7123366131855702,-0.057939785326553285,-0.30272010443664676,64,0.265625,0.4747991475499626,-379.25770057263856,0.125,0.2581081081081081,0.38141891891891894,0.05304054054054054,0.1987668918918919,False
USDCAD1440_comma,daily,75,300,long_only,combined,0.005,-0.0173065091264043,-1.2529267520536924,-1.633722423036251,-0.0619794056703762,-0.2792299948541803,91,0.27472527472527475,0.5136618338906184,-268.29276572311574,0.14831081081081082,0.18513513513513513,0.3875,0.10236486486486486,0.19846283783783786,False
USDCAD1440_comma,daily,75,150,long_short,price_slow,0.001,-0.026698127306204023,-1.0655802914253951,-1.4170951119793307,-0.06412419400308085,-0.41635029837445303,115,0.19130434782608696,0.5075409702666628,-299.19885001708144,0.3043918918918919,0.15135135135135136,0.12432432432432433,0.09222972972972973,0.19829391891891895,False
USDCAD1440_comma,daily,60,75,long_only,price_slow,0.005,-0.00902550771495092,-1.6389573617569657,-2.123205330165996,-0.056886597710507754,-0.15865789268820663,27,0.2962962962962963,0.28677208131564097,-501.0853419950356,0.013851351351351352,0.2777027027027027,0.6158783783783783,0.0006756756756756757,0.19824324324324324,False
USDCAD1440_comma,daily,5,500,long_only,combined,0.0,-0.022098204061804738,-1.5321176330404584,-2.0115404163496025,-0.058416903737321293,-0.3782844116691292,284,0.2676056338028169,0.6963139187571872,-106.02859395983465,0.03141891891891892,0.25033783783783786,0.24864864864864866,0.48783783783783785,0.19805743243243246,False
USDCAD1440_comma,daily,60,250,long_short,price_slow,0.0025,-0.02801351805140595,-1.0389655990617528,-1.3794006808338402,-0.06417435830950884,-0.4365219815101,95,0.12631578947368421,0.4595279256671224,-371.873101343114,0.3375,0.14966216216216216,0.09932432432432432,0.038175675675675674,0.19800675675675675,False
USDCAD1440_comma,daily,100,150,long_short,fast_slope,0.0025,-0.024404383765238236,-1.10074911948423,-1.461204556570937,-0.06111800550385622,-0.39929941371693567,97,0.26804123711340205,0.48181011480783004,-314.37017830927647,0.25574324324324327,0.20067567567567568,0.18175675675675676,0.060810810810810814,0.19793918918918918,False
USDCAD1440_comma,daily,20,500,long_short,fast_slope,0.0025,-0.023152025628639827,-1.2893867946800224,-1.7352347245511022,-0.061166520342987404,-0.37850813645792347,231,0.24242424242424243,0.648207285639788,-133.13245942495197,0.12702702702702703,0.20033783783783785,0.21554054054054053,0.35945945945945945,0.19792229729729732,False
USDCAD1440_comma,daily,5,200,long_only,fast_slope,0.0025,-0.021814879562267908,-1.43462034666929,-1.9336030026330038,-0.06307480864812905,-0.3458572452270926,298,0.27181208053691275,0.7129038603706034,-99.95559189458353,0.0652027027027027,0.1679054054054054,0.25641891891891894,0.522972972972973,0.19778716216216216,False
USDCAD1440_comma,daily,10,50,long_only,combined,0.0,-0.0194169839454722,-1.3974339140568044,-1.8720785187788394,-0.06390582987790684,-0.303837443040309,233,0.24892703862660945,0.6674690608946215,-115.77561612264667,0.07871621621621622,0.15472972972972973,0.3293918918918919,0.4097972972972973,0.1975168918918919,False
USDCAD1440_comma,daily,5,150,long_only,fast_slope,0.005,-0.02103755220676129,-1.4502248591501612,-1.944738042265,-0.061565537874967186,-0.3417098742722956,273,0.2673992673992674,0.6892132695240943,-105.81251987580755,0.05810810810810811,0.1929054054054054,0.28040540540540543,0.46587837837837837,0.19743243243243244,False
USDCAD1440_comma,daily,5,500,long_only,fast_slope,0.005,-0.02303849279683301,-1.5301035674399877,-2.012027743827243,-0.05728535475555137,-0.4021707274947165,290,0.2689655172413793,0.697530405299503,-107.52343076558655,0.03310810810810811,0.2689189189189189,0.2168918918918919,0.4902027027027027,0.19738175675675676,False
USDCAD1440_comma,daily,10,150,long_short,slow_slope,0.005,-0.02655039747642929,-1.0373378926262982,-1.384391458912351,-0.06854504791652379,-0.38734231404671504,113,0.20353982300884957,0.4926604019722923,-302.4908421314451,0.3418918918918919,0.09662162162162162,0.12736486486486487,0.07297297297297298,0.1973310810810811,False
USDCAD1440_comma,daily,75,150,long_short,fast_slope,0.0025,-0.022958102677867465,-1.0908491300720706,-1.445454370223393,-0.06743289183132857,-0.3404585218633822,123,0.25203252032520324,0.5285519696887016,-246.09434718168657,0.2702702702702703,0.10912162162162162,0.21891891891891893,0.11891891891891893,0.19701013513513516,False
USDCAD1440_comma,daily,5,200,long_only,fast_slope,0.001,-0.022322898282921222,-1.4300269415395093,-1.9227530903150443,-0.06263234324801464,-0.35641167367035764,309,0.2750809061488673,0.7125617149268364,-98.28201146889803,0.06756756756756757,0.17432432432432432,0.2402027027027027,0.5219594594594594,0.19694256756756756,False
USDCAD1440_comma,daily,20,75,long_short,fast_slope,0.005,-0.023812019234844328,-1.2010927980247221,-1.6185321299189506,-0.06865517612196041,-0.3468350178367351,226,0.23893805309734514,0.6741179793112667,-138.4544220395115,0.17297297297297298,0.09425675675675675,0.19864864864864865,0.42905405405405406,0.19684121621621622,False
USDCAD1440_comma,daily,5,400,long_only,combined,0.001,-0.02102988797722627,-1.5434872680900165,-2.0420019742424182,-0.05943858963956443,-0.3538086637780522,271,0.26199261992619927,0.6922422058767957,-106.56048370116619,0.028040540540540542,0.23108108108108108,0.2810810810810811,0.4743243243243243,0.19635135135135137,False
USDCAD1440_comma,daily,60,75,long_only,combined,0.005,-0.009202097603323578,-1.6456152627158525,-2.1316066856808757,-0.05713513918195417,-0.16105846130904344,27,0.3333333333333333,0.270522803423644,-510.22324805823854,0.011486486486486487,0.27263513513513515,0.6108108108108108,0.00033783783783783786,0.19496621621621624,False
USDCAD1440_comma,daily,20,250,long_short,combined,0.0025,-0.023191705833349063,-1.2754090413619932,-1.7112992160978484,-0.06214194791157236,-0.3732053244669885,229,0.2576419213973799,0.6444924391993586,-134.8506608966168,0.13513513513513514,0.18243243243243243,0.2152027027027027,0.34831081081081083,0.19494932432432432,False
USDCAD1440_comma,daily,40,300,long_short,slow_slope,0.001,-0.0274408244227754,-1.0556040666552715,-1.3985952195448446,-0.06319450124589018,-0.4342280401265134,96,0.16666666666666666,0.44955284867097195,-364.4842635747407,0.3185810810810811,0.16486486486486487,0.10844594594594595,0.02972972972972973,0.1947972972972973,False
USDCAD1440_comma,daily,10,300,long_only,combined,0.001,-0.018966162559843514,-1.408472016344913,-1.8764167723527392,-0.06450861372924681,-0.2940097680512497,226,0.26548672566371684,0.6655208275503548,-116.9715738813828,0.07466216216216216,0.14391891891891892,0.3398648648648649,0.4047297297297297,0.194527027027027,False
USDCAD1440_comma,daily,75,100,long_short,slow_slope,0.001,-0.028038981827363307,-1.0666860101614857,-1.4231947567314627,-0.06410900724519546,-0.43736415571252885,118,0.2711864406779661,0.5167376938456026,-289.1637907308409,0.30236486486486486,0.1516891891891892,0.09864864864864865,0.10574324324324325,0.19445945945945947,False
USDCAD1440_comma,daily,5,150,long_only,fast_slope,0.001,-0.022543364576746217,-1.4387119403927202,-1.9336019933119972,-0.06181162036753087,-0.3647107848443989,305,0.2721311475409836,0.7016505968434464,-100.39496583194916,0.06317567567567567,0.18716216216216217,0.23513513513513515,0.49932432432432433,0.19398648648648648,False
USDCAD1440_comma,daily,100,300,long_short,fast_slope,0.0,-0.025838424695292628,-1.1305662670422314,-1.4962274491486973,-0.0584718354147254,-0.44189522206764087,118,0.211864406779661,0.49544273142476036,-274.09743031933,0.2260135135135135,0.24966216216216217,0.14324324324324325,0.07668918918918918,0.19297297297297297,False
USDCAD1440_comma,daily,40,300,long_short,slow_slope,0.0025,-0.026960756395144503,-1.057255267554806,-1.3961710981486672,-0.06409785418873754,-0.42061870457875183,93,0.17204301075268819,0.4547142924448701,-371.5578510615091,0.3162162162162162,0.15236486486486486,0.11655405405405406,0.033445945945945944,0.19290540540540543,False
USDCAD1440_comma,daily,60,400,long_short,fast_slope,0.001,-0.025418057655653414,-1.2171487167518995,-1.620186789545276,-0.05851984819633911,-0.43434934366838496,155,0.25161290322580643,0.5899412396246674,-214.71333730519007,0.16418918918918918,0.24864864864864866,0.1543918918918919,0.22702702702702704,0.19277027027027027,False
USDCAD1440_comma,daily,5,250,long_only,fast_slope,0.005,-0.022613691439000716,-1.48382574504874,-1.9983077120548798,-0.06071688161563495,-0.37244487591038533,288,0.2708333333333333,0.7009842646373671,-106.59880339530278,0.046621621621621624,0.20844594594594595,0.23243243243243245,0.4983108108108108,0.19199324324324324,False
USDCAD1440_comma,daily,5,300,long_only,fast_slope,0.0025,-0.023301756389856987,-1.4640071739447473,-1.9493772106198695,-0.06094617459930878,-0.38233337109432397,297,0.27946127946127947,0.7071586168166952,-105.98828915860057,0.053716216216216216,0.20236486486486485,0.21385135135135136,0.510472972972973,0.19141891891891893,False
USDCAD1440_comma,daily,100,300,long_only,combined,0.001,-0.020698894225940623,-1.2473163707488566,-1.6228094746281734,-0.0574638831674441,-0.36020702195892473,81,0.20987654320987653,0.4614538578502796,-351.74524693472296,0.15,0.26722972972972975,0.2918918918918919,0.04087837837837838,0.19131756756756757,False
USDCAD1440_comma,daily,20,300,long_short,combined,0.0025,-0.02194075034774423,-1.2868131381018677,-1.7385443023525113,-0.06506038941307309,-0.3372366895691452,230,0.25217391304347825,0.6500429703119042,-127.53614261118847,0.12905405405405404,0.13682432432432431,0.252027027027027,0.3668918918918919,0.19126689189189192,False
USDCAD1440_comma,daily,100,200,long_short,fast_slope,0.005,-0.022309829142525994,-1.147043266417593,-1.52943733983963,-0.060090064656121364,-0.3712731758602509,98,0.2653061224489796,0.43170578952454,-293.58627705415694,0.2114864864864865,0.22027027027027027,0.2408783783783784,0.018581081081081082,0.19062500000000002,False
USDCAD1440_comma,daily,20,400,long_short,fast_slope,0.005,-0.02270620968238779,-1.3115762419228658,-1.7613423459684103,-0.06074482731663621,-0.3737965961122953,220,0.25,0.6287153546679433,-138.40409820938845,0.1152027027027027,0.2070945945945946,0.22702702702702704,0.31283783783783786,0.19018581081081082,False
USDCAD1440_comma,daily,40,250,long_short,fast_slope,0.001,-0.026049349075411232,-1.1630833597916386,-1.559724026290142,-0.06316309167728361,-0.41241409157905096,188,0.26595744680851063,0.6150499259107574,-179.03608553663474,0.19966216216216215,0.16554054054054054,0.13918918918918918,0.2739864864864865,0.1901858108108108,False
USDCAD1440_comma,daily,75,150,long_short,combined,0.005,-0.02090461784640818,-1.1376954117604405,-1.501560236375162,-0.06603372812242665,-0.3165748541056319,105,0.26666666666666666,0.507923539761721,-267.6756867245797,0.2195945945945946,0.12466216216216217,0.2847972972972973,0.09358108108108108,0.19,False
USDCAD1440_comma,daily,75,150,long_short,price_slow,0.0,-0.028107295473218774,-1.0643004011971022,-1.4171946057704827,-0.06519185984533739,-0.4311473171635407,125,0.16,0.508232063139954,-286.5215573429439,0.30608108108108106,0.1347972972972973,0.09797297297297297,0.09425675675675675,0.18986486486486484,False
USDCAD1440_comma,daily,5,50,long_only,fast_slope,0.005,-0.019206065032205677,-1.4959923118652458,-1.990370050199959,-0.06412961232703995,-0.29948824474816804,243,0.25925925925925924,0.6840557249279972,-109.97314712087383,0.04222972972972973,0.15101351351351353,0.33378378378378376,0.45337837837837835,0.18940878378378379,False
USDCAD1440_comma,daily,100,250,long_short,fast_slope,0.0025,-0.025077700867598307,-1.132427121128504,-1.4989066367107984,-0.05907429177804627,-0.42451124021630526,110,0.24545454545454545,0.46729522933308787,-292.274433492391,0.22533783783783784,0.2375,0.16317567567567567,0.04628378378378378,0.18908783783783784,False
USDCAD1440_comma,daily,75,300,long_short,fast_slope,0.005,-0.022778352078515196,-1.1630103397618825,-1.5370429442073632,-0.06164169002385153,-0.3695283511808547,122,0.2459016393442623,0.5210187896170879,-250.2127015543449,0.2,0.19087837837837837,0.22398648648648647,0.11047297297297297,0.18908783783783784,False
USDCAD1440_comma,daily,75,300,long_short,price_slow,0.0025,-0.02813140557485805,-1.0681375406921687,-1.4125557002234654,-0.06282247067208888,-0.447792092127259,99,0.12121212121212122,0.4664779364707949,-360.6867326778277,0.2993243243243243,0.17162162162162162,0.09763513513513514,0.04527027027027027,0.1889527027027027,False
USDCAD1440_comma,daily,5,300,long_short,slow_slope,0.0,-0.0279107572740791,-1.0632814545188598,-1.400651167772548,-0.06414059744890442,-0.4351496304086242,129,0.17829457364341086,0.4707540526535823,-272.20636989045846,0.3070945945945946,0.15067567567567566,0.10202702702702703,0.051351351351351354,0.18861486486486487,False
USDCAD1440_comma,daily,75,300,long_only,combined,0.0025,-0.017561347433057928,-1.231458354641967,-1.6064305961272431,-0.06566060264947064,-0.2674563851752815,99,0.26262626262626265,0.5275218396359043,-249.78081472793514,0.1570945945945946,0.12905405405405404,0.3810810810810811,0.1152027027027027,0.18859797297297298,False
USDCAD1440_comma,daily,60,100,long_only,combined,0.0025,-0.01811690484092643,-1.2562406740029626,-1.6788581282195225,-0.06241982236218496,-0.29024281318528666,98,0.21428571428571427,0.5043258161653679,-259.2639185848505,0.1462837837837838,0.1777027027027027,0.3621621621621622,0.0875,0.18849662162162162,False
USDCAD1440_comma,daily,60,100,long_only,combined,0.005,-0.017311118488343324,-1.372997088514635,-1.8008153649065217,-0.057771519303678145,-0.2996479700896697,64,0.234375,0.48017539431851386,-381.56759096880364,0.09087837837837838,0.26216216216216215,0.3861486486486487,0.05945945945945946,0.18804054054054056,False
USDCAD1440_comma,daily,5,75,long_only,combined,0.0,-0.02086763603392805,-1.4748510511232606,-1.9826887358543523,-0.06376058303651069,-0.3272811357759823,288,0.2638888888888889,0.6893906576471596,-99.61341260531543,0.05,0.15675675675675677,0.28614864864864864,0.4672297297297297,0.18650337837837838,False
USDCAD1440_comma,daily,75,300,long_short,price_slow,0.005,-0.02748197332048752,-1.08827490262236,-1.4342263741652794,-0.060921624140530255,-0.451103753522621,83,0.12048192771084337,0.4510701517491654,-423.53152609894795,0.27297297297297296,0.20270270270270271,0.10777027027027027,0.03141891891891892,0.18613175675675675,False
USDCAD1440_comma,daily,10,200,long_only,fast_slope,0.0,-0.02159650371794586,-1.366570400759484,-1.8290107823497936,-0.06576229966234211,-0.3284025015675175,244,0.2786885245901639,0.6723723426780042,-121.04519254863449,0.0945945945945946,0.1266891891891892,0.26385135135135135,0.4239864864864865,0.1858783783783784,False
USDCAD1440_comma,daily,60,200,long_short,fast_slope,0.001,-0.02535986950142788,-1.1030266887687754,-1.4747738804576946,-0.070702521374676,-0.35868408945471064,163,0.27607361963190186,0.5875994435632245,-202.9857793567184,0.2537162162162162,0.07466216216216216,0.15608108108108107,0.2222972972972973,0.18471283783783785,False
USDCAD1440_comma,daily,50,200,long_short,combined,0.001,-0.026700516701083976,-1.2084012191330245,-1.6116078639704456,-0.06022991699831278,-0.4433098704391696,186,0.22580645161290322,0.6031512000275155,-185.02906630806868,0.16891891891891891,0.2168918918918919,0.12398648648648648,0.2527027027027027,0.18449324324324326,False
USDCAD1440_comma,daily,10,150,long_only,fast_slope,0.0025,-0.0204409538308703,-1.3697776373827022,-1.8265664421456063,-0.06568109816892229,-0.31121516540876226,223,0.27802690582959644,0.6503905411372681,-126.40710395556702,0.09222972972972973,0.12837837837837837,0.30033783783783785,0.3679054054054054,0.18423986486486488,False
USDCAD1440_comma,daily,40,250,long_short,fast_slope,0.0025,-0.026030380749805015,-1.1764241749186812,-1.5751913246473157,-0.0633994850942379,-0.41057716338094996,186,0.26344086021505375,0.6088436396070416,-180.9768310778613,0.18986486486486487,0.1608108108108108,0.13952702702702702,0.2641891891891892,0.18368243243243243,False
USDCAD1440_comma,daily,5,100,long_only,fast_slope,0.0025,-0.02117364797900989,-1.4399113369143286,-1.9261656342640516,-0.0660415639587219,-0.3206109411982445,292,0.2773972602739726,0.6943233774680324,-99.46972400936949,0.062162162162162166,0.12432432432432433,0.27668918918918917,0.4810810810810811,0.18344594594594593,False
USDCAD1440_comma,daily,100,200,long_short,slow_slope,0.005,-0.024208546829178723,-1.085604764264102,-1.4357753414456669,-0.06559639306158284,-0.36905301799828216,73,0.2191780821917808,0.43212262281379904,-434.2046226801299,0.27668918918918917,0.13006756756756757,0.18682432432432433,0.01891891891891892,0.18339527027027028,False
USDCAD1440_comma,daily,60,200,long_short,price_slow,0.0025,-0.028578099081172592,-1.0639477051122996,-1.4237337732903095,-0.06540407776381721,-0.4369467479439416,104,0.125,0.47705820340037774,-348.76848850295534,0.3064189189189189,0.1320945945945946,0.09425675675675675,0.056081081081081084,0.18285472972972977,False
USDCAD1440_comma,daily,60,100,long_short,fast_slope,0.0025,-0.024885181869405693,-1.1147997165005228,-1.4826090514830834,-0.06674057066881672,-0.37286438548588596,133,0.2781954887218045,0.5479348686071,-244.0573205340598,0.2408783783783784,0.11756756756756757,0.17027027027027028,0.1462837837837838,0.1817398648648649,False
USDCAD1440_comma,daily,60,250,long_short,fast_slope,0.0,-0.025416231228902797,-1.1235521892633706,-1.4941170343509738,-0.06889549965766287,-0.3689098904165635,162,0.2839506172839506,0.5916556691346319,-204.68690286754864,0.23344594594594595,0.09087837837837838,0.15472972972972973,0.23108108108108108,0.1817060810810811,False
USDCAD1440_comma,daily,100,250,long_short,combined,0.0,-0.025749217354353315,-1.1665880649025189,-1.5416788772243883,-0.05782952783694024,-0.44526072263563043,123,0.22764227642276422,0.47882008915730767,-274.00762104511364,0.1972972972972973,0.26013513513513514,0.14527027027027026,0.05777027027027027,0.1816722972972973,False
USDCAD1440_comma,daily,100,150,long_short,combined,0.001,-0.025113508674073914,-1.1253937751866596,-1.4989301853483288,-0.06270696138559961,-0.40048996346107635,125,0.216,0.5051884917578345,-263.1746814887319,0.23108108108108108,0.17297297297297298,0.1625,0.08885135135135135,0.18150337837837838,False
USDCAD1440_comma,daily,40,100,long_short,combined,0.005,-0.023646032188440747,-1.19630009315522,-1.6056701392275936,-0.0636788287621651,-0.3713327121131047,148,0.25675675675675674,0.5747717952180659,-210.30258300042124,0.17635135135135135,0.15777027027027027,0.20405405405405405,0.20236486486486485,0.18114864864864863,False
USDCAD1440_comma,daily,20,300,long_short,slow_slope,0.0,-0.028172646983377514,-1.0663872154043401,-1.4111069863028245,-0.06456646778920128,-0.43633557708866,108,0.17592592592592593,0.4481263435462122,-328.3401298223369,0.3033783783783784,0.14324324324324325,0.0972972972972973,0.028716216216216218,0.18092905405405404,False
USDCAD1440_comma,daily,40,250,long_short,fast_slope,0.0,-0.0268115387910689,-1.1666158570614147,-1.5638542452452187,-0.06387815413520241,-0.41972939190322367,189,0.2698412698412698,0.6067163664037408,-182.2028657106603,0.19695945945945945,0.15506756756756757,0.12162162162162163,0.2587837837837838,0.18069256756756757,False
USDCAD1440_comma,daily,5,300,long_short,slow_slope,0.001,-0.027770625206794075,-1.0688731934091258,-1.406119280657239,-0.06513639374750353,-0.4263457586314169,122,0.16393442622950818,0.46407166388016935,-286.63562631807844,0.297972972972973,0.13614864864864865,0.10472972972972973,0.042905405405405404,0.18060810810810812,False
USDCAD1440_comma,daily,100,250,long_short,combined,0.005,-0.024604363939703666,-1.2202064530537993,-1.6067081138311412,-0.055459836526077035,-0.4436429221736846,108,0.24074074074074073,0.4567757644553581,-300.75700892310147,0.16182432432432434,0.30067567567567566,0.17567567567567569,0.03614864864864865,0.18045608108108108,False
USDCAD1440_comma,daily,40,150,long_short,fast_slope,0.005,-0.024654412254264346,-1.1791876057545145,-1.5791499284704542,-0.06458393636078309,-0.38174217372781716,168,0.26785714285714285,0.5936391319632603,-191.45933734096147,0.18682432432432433,0.14256756756756755,0.17432432432432432,0.23378378378378378,0.18030405405405406,False
USDCAD1440_comma,daily,100,150,long_short,price_slow,0.001,-0.02610221174064653,-1.1046628103348624,-1.464679305038096,-0.06404026133278681,-0.4075906499663663,112,0.20535714285714285,0.505048355936529,-302.71791923630883,0.252027027027027,0.15405405405405406,0.13783783783783785,0.08851351351351351,0.1801689189189189,False
USDCAD1440_comma,daily,5,400,long_only,fast_slope,0.0025,-0.023384092506357645,-1.5186481428982002,-2.006626985510638,-0.06078693532159858,-0.3846894465503494,300,0.2633333333333333,0.6934400614939492,-105.23692392890315,0.03581081081081081,0.20608108108108109,0.21081081081081082,0.4780405405405405,0.17971283783783787,False
USDCAD1440_comma,daily,10,150,long_only,fast_slope,0.005,-0.01999624041952175,-1.3926085189970987,-1.8592452241987638,-0.06460783910030066,-0.3095017678656381,206,0.2815533980582524,0.6343506028023853,-134.2926487152922,0.08175675675675675,0.14189189189189189,0.31114864864864866,0.3260135135135135,0.1793074324324324,False
USDCAD1440_comma,daily,20,250,long_short,combined,0.005,-0.022608921978506835,-1.288042695269979,-1.727463859078626,-0.06471159248906967,-0.34937978048254137,213,0.2535211267605634,0.6276403243387086,-141.93976208906616,0.1277027027027027,0.14020270270270271,0.23277027027027028,0.30945945945945946,0.17910472972972974,False
USDCAD1440_comma,daily,75,100,long_only,combined,0.0025,-0.017389492702679532,-1.283980997188306,-1.6956887574715749,-0.06297866409601484,-0.27611720496592596,77,0.2597402597402597,0.4690509699168751,-318.4014736654552,0.13006756756756757,0.16925675675675675,0.3847972972972973,0.05,0.1788006756756757,False
USDCAD1440_comma,daily,20,50,long_short,fast_slope,0.001,-0.02982771907310333,-1.1515789392867732,-1.5491834977888332,-0.07276052701767592,-0.40994369193968594,301,0.24584717607973422,0.6777505384514352,-129.21725978358793,0.20743243243243242,0.060810810810810814,0.07432432432432433,0.43716216216216214,0.17861486486486486,False
USDCAD1440_comma,daily,40,400,long_short,fast_slope,0.0,-0.026566946029825678,-1.275721381426326,-1.6942081717203614,-0.05760230869876067,-0.4612132157542719,180,0.25,0.5869474768350648,-191.49607971183488,0.13445945945945945,0.2652027027027027,0.1266891891891892,0.22128378378378377,0.17861486486486483,False
USDCAD1440_comma,daily,10,150,long_only,fast_slope,0.0,-0.0216389383081107,-1.3663962077581426,-1.8240310718784234,-0.06530953940789806,-0.33132890699109485,237,0.2742616033755274,0.6488300171246041,-124.82705019702193,0.09493243243243243,0.13344594594594594,0.2625,0.36114864864864865,0.17800675675675676,False
USDCAD1440_comma,daily,100,200,long_short,price_slow,0.0025,-0.02709272890140113,-1.1123781753758892,-1.4698859218105627,-0.06164788285926191,-0.43947541496683773,95,0.1368421052631579,0.48717725544566287,-366.046560327405,0.2435810810810811,0.1902027027027027,0.11418918918918919,0.06722972972972972,0.1779054054054054,False
USDCAD1440_comma,daily,100,300,long_only,combined,0.0,-0.021615626247675657,-1.2561552085815175,-1.6320363228051409,-0.058719546746300345,-0.36811636746902443,82,0.2073170731707317,0.4509271785378244,-360.45249783869684,0.14662162162162162,0.2456081081081081,0.2631756756756757,0.030743243243243245,0.1772972972972973,False
USDCAD1440_comma,daily,60,400,long_short,fast_slope,0.0,-0.026444176819214515,-1.2307546469852466,-1.6378109257823907,-0.05974571965970079,-0.44261207279508985,155,0.24516129032258063,0.5787563779065356,-221.94830636629766,0.15743243243243243,0.22567567567567567,0.13108108108108107,0.2087837837837838,0.1769256756756757,False
USDCAD1440_comma,daily,5,100,long_only,combined,0.0,-0.021756819571979724,-1.4818844013586108,-1.986950201346893,-0.0632313982225147,-0.3440825315204371,289,0.2698961937716263,0.6765109828611595,-102.83708783946531,0.04695945945945946,0.16418918918918918,0.25844594594594594,0.4337837837837838,0.17658783783783782,False
USDCAD1440_comma,daily,100,250,long_short,price_slow,0.001,-0.02778969370578399,-1.0722641739792054,-1.417204305959037,-0.06602081215065997,-0.42092323315211133,98,0.12244897959183673,0.46133020235257904,-359.8426394026053,0.2942567567567568,0.125,0.1043918918918919,0.04054054054054054,0.17591216216216218,False
USDCAD1440_comma,daily,100,200,long_short,slow_slope,0.001,-0.02964384909551654,-1.0665528633090207,-1.4228025128613409,-0.06463686405432971,-0.4586214001749802,97,0.21649484536082475,0.4438370130182824,-385.5380681416181,0.3030405405405405,0.14121621621621622,0.07668918918918918,0.026013513513513515,0.17576013513513514,False
USDCAD1440_comma,daily,5,100,long_only,fast_slope,0.001,-0.02235605821090314,-1.4437562039945617,-1.9204522960088686,-0.06565296092288084,-0.34051865897051703,308,0.2694805194805195,0.6919930065737846,-98.72401636017575,0.06047297297297297,0.1293918918918919,0.23952702702702702,0.47364864864864864,0.17548986486486487,False
USDCAD1440_comma,daily,10,50,long_only,combined,0.005,-0.018381846209034935,-1.4814581911225408,-1.9783837636028023,-0.06678176143789219,-0.2752524912977964,183,0.24043715846994534,0.6531825154750905,-140.60061850927053,0.0472972972972973,0.11587837837837837,0.3547297297297297,0.3766891891891892,0.17533783783783785,False
USDCAD1440_comma,daily,5,200,long_short,slow_slope,0.0025,-0.029719471430217137,-1.071975033544018,-1.4345486823576783,-0.0659700873655302,-0.4504991976976789,129,0.17054263565891473,0.49031195595974975,-289.6872063180295,0.2956081081081081,0.12533783783783783,0.07601351351351351,0.07027027027027027,0.17532094594594597,False
USDCAD1440_comma,daily,40,300,long_only,combined,0.005,-0.01977653799414736,-1.3466723153549889,-1.7858978338603058,-0.06247595104402514,-0.3165464096770829,114,0.21052631578947367,0.5646991348508494,-240.38459009266492,0.10033783783783784,0.17601351351351352,0.31891891891891894,0.1783783783783784,0.17467905405405407,False
USDCAD1440_comma,daily,30,150,long_short,slow_slope,0.005,-0.026954752438466234,-1.0547510463238674,-1.4059903006234538,-0.06990617628063325,-0.3855847061389589,105,0.23809523809523808,0.439887063430515,-331.24748569110125,0.31925675675675674,0.0804054054054054,0.11722972972972973,0.022635135135135136,0.17464527027027027,False
USDCAD1440_comma,daily,10,500,long_short,combined,0.0025,-0.024110900168485605,-1.4088128881721609,-1.8770893119098826,-0.06440434790336813,-0.37436758469570164,299,0.2842809364548495,0.6906286310566027,-106.69155296312074,0.07398648648648648,0.14560810810810812,0.19054054054054054,0.4702702702702703,0.17464527027027027,False
USDCAD1440_comma,daily,50,300,long_short,combined,0.005,-0.023707291186615853,-1.264434183660176,-1.6700072643315127,-0.06199323085119418,-0.38241741656475026,140,0.24285714285714285,0.5794666580720296,-223.87916695830214,0.14020270270270271,0.18445945945945946,0.20168918918918918,0.21114864864864866,0.1742060810810811,False
USDCAD1440_comma,daily,75,100,long_short,price_slow,0.001,-0.02588966283932881,-1.1215318846399323,-1.4839849092052537,-0.06455018359395981,-0.40107806667418056,144,0.2361111111111111,0.5137426554604736,-231.60974160966714,0.23547297297297298,0.14358108108108109,0.14222972972972972,0.10270270270270271,0.17393581081081083,False
USDCAD1440_comma,daily,10,150,long_short,none,0.0025,-0.032682205107242845,-1.030222372132262,-1.4111322373816815,-0.07026336701460037,-0.4651386134178803,82,0.15853658536585366,0.45750236315871845,-487.2581855560941,0.35,0.07702702702702703,0.04527027027027027,0.03682432432432432,0.17383445945945944,False
USDCAD1440_comma,daily,30,300,long_short,slow_slope,0.005,-0.026939378947631765,-1.0832236202115328,-1.4274155594380953,-0.06457561971076349,-0.41717569367966123,86,0.13953488372093023,0.437675199282075,-402.93939425834446,0.2777027027027027,0.14290540540540542,0.11756756756756757,0.020945945945945947,0.17346283783783786,False
USDCAD1440_comma,daily,5,200,long_only,combined,0.001,-0.022106288602595336,-1.5030355672758446,-2.0203390368592773,-0.06445418681172264,-0.3429767668494538,283,0.2756183745583039,0.6941950165869273,-106.43598498372529,0.03885135135135135,0.14527027027027026,0.24763513513513513,0.4800675675675676,0.17339527027027027,False
USDCAD1440_comma,daily,75,250,long_short,price_slow,0.0,-0.02926179301892884,-1.062488344546133,-1.4135224731947393,-0.06699636320081687,-0.4367668873490742,105,0.10476190476190476,0.44762111685351264,-350.2022524954984,0.3091216216216216,0.11385135135135135,0.08108108108108109,0.02837837837837838,0.17258445945945947,False
USDCAD1440_comma,daily,5,200,long_only,combined,0.0025,-0.02193042730681538,-1.512608064615249,-2.034919033728867,-0.06447522896050889,-0.340137253645858,275,0.27636363636363637,0.6916919480496009,-108.7986406668041,0.03682432432432432,0.1445945945945946,0.25236486486486487,0.47195945945945944,0.17214527027027027,False
USDCAD1440_comma,daily,75,150,long_short,price_slow,0.0025,-0.02684374814890189,-1.1055257765730242,-1.4611779183133144,-0.06408937624532199,-0.4188486410937924,105,0.19047619047619047,0.48251897366030577,-330.15844398078247,0.25067567567567567,0.1527027027027027,0.12027027027027028,0.06114864864864865,0.1716722972972973,False
USDCAD1440_comma,daily,100,150,long_short,fast_slope,0.0,-0.030085628343193727,-1.0998237737732528,-1.4780472979580388,-0.0629350288851418,-0.478042655674328,135,0.25925925925925924,0.4911697410127111,-279.55932346385174,0.2594594594594595,0.17027027027027028,0.06993243243243243,0.07094594594594594,0.17097972972972972,False
USDCAD1440_comma,daily,75,250,long_short,combined,0.0,-0.023946699506429137,-1.1581377621972968,-1.5294461625007478,-0.06563219252241283,-0.3648620987063863,154,0.2597402597402597,0.5287447212048413,-206.1956505104521,0.20304054054054055,0.12972972972972974,0.1956081081081081,0.11925675675675676,0.1706587837837838,False
USDCAD1440_comma,daily,60,150,long_short,combined,0.0,-0.024977911319284285,-1.1277167923028881,-1.5043026776106787,-0.06975533796709747,-0.3580788517011556,171,0.2573099415204678,0.5597194034062936,-190.24891278803346,0.2277027027027027,0.08175675675675675,0.1679054054054054,0.16756756756756758,0.1702364864864865,False
USDCAD1440_comma,daily,100,250,long_short,combined,0.0025,-0.02561647685930135,-1.1983444451532483,-1.5731247790333058,-0.057925967772792665,-0.4422278616004961,118,0.23728813559322035,0.46298123633722554,-284.18977742356947,0.17398648648648649,0.2587837837837838,0.1472972972972973,0.04155405405405405,0.16998310810810813,False
USDCAD1440_comma,daily,75,200,long_short,price_slow,0.005,-0.026519346725266124,-1.1096456872280258,-1.465145559180394,-0.0642360415891009,-0.4128421688077014,87,0.14942528735632185,0.47557326924542576,-394.5038956106058,0.24695945945945946,0.14797297297297296,0.12837837837837837,0.05439189189189189,0.16961148648648652,False
USDCAD1440_comma,daily,10,300,long_only,combined,0.0,-0.02066760245885746,-1.4436767252451888,-1.918033810022779,-0.06536384707300782,-0.31619317687609305,235,0.25957446808510637,0.6474790179260009,-121.08392147911186,0.060810810810810814,0.13243243243243244,0.2939189189189189,0.3554054054054054,0.16952702702702704,False
USDCAD1440_comma,daily,50,200,long_short,fast_slope,0.0025,-0.027632430202779057,-1.1784753309680944,-1.575523207902767,-0.06466681090214163,-0.427304668612689,169,0.2485207100591716,0.6012704513000379,-209.43849385681247,0.18783783783783783,0.14087837837837838,0.1070945945945946,0.2489864864864865,0.16912162162162164,False
USDCAD1440_comma,daily,100,300,long_short,slow_slope,0.001,-0.028431550274911288,-1.0787545243092818,-1.4120365625317126,-0.06744206531367851,-0.42156998221620057,95,0.14736842105263157,0.4800873486076008,-383.0901206557978,0.28378378378378377,0.10878378378378378,0.09628378378378379,0.05912162162162162,0.16883445945945946,False
USDCAD1440_comma,daily,5,300,long_short,slow_slope,0.0025,-0.02860785223254425,-1.0918399493561082,-1.433262353331405,-0.06434271892538246,-0.44461677576479885,114,0.15789473684210525,0.45955322020003836,-315.1503785957758,0.2689189189189189,0.14662162162162162,0.09256756756756757,0.03885135135135135,0.1685641891891892,False
USDCAD1440_comma,daily,5,300,long_only,combined,0.0025,-0.02270474946023182,-1.534838066840132,-2.0454240963265367,-0.06313576712916875,-0.3596178599331886,278,0.2589928057553957,0.6836141312442433,-110.80538718358352,0.030405405405405407,0.16655405405405405,0.2277027027027027,0.4523648648648649,0.16719594594594595,False
USDCAD1440_comma,daily,50,400,long_short,fast_slope,0.005,-0.026472257167200253,-1.3147220062440865,-1.744345194439448,-0.05762507503215554,-0.45938781255258043,146,0.2328767123287671,0.5724806867759995,-235.62005223477107,0.11351351351351352,0.264527027027027,0.13006756756756757,0.19695945945945945,0.1670945945945946,False
USDCAD1440_comma,daily,10,500,long_short,combined,0.005,-0.02408535323777039,-1.4350522172983626,-1.909347225911856,-0.0638213918610557,-0.37738683747615753,284,0.2852112676056338,0.673018833260418,-113.38393016135664,0.06486486486486487,0.15574324324324323,0.19155405405405404,0.4260135135135135,0.16709459459459458,False
USDCAD1440_comma,daily,100,150,long_short,price_slow,0.0,-0.028697245120343218,-1.1032950026322315,-1.4649039969049549,-0.06518105549271554,-0.4402697210625923,128,0.203125,0.5073107198766891,-287.32026832845384,0.2533783783783784,0.13547297297297298,0.0902027027027027,0.0918918918918919,0.16704391891891895,False
USDCAD1440_comma,daily,10,100,long_only,fast_slope,0.005,-0.019697563087159975,-1.428693419739501,-1.9165180393739008,-0.06688474516712603,-0.29450008425600405,208,0.27884615384615385,0.6285799385750199,-131.29812126631992,0.0679054054054054,0.11452702702702702,0.3216216216216216,0.3125,0.16699324324324324,False
USDCAD1440_comma,daily,75,150,long_short,combined,0.0025,-0.023740662139818625,-1.1373016908743232,-1.5022879352003538,-0.06883476022118457,-0.34489351112044997,132,0.24242424242424243,0.5131869181026187,-237.45097375592994,0.22027027027027027,0.0918918918918919,0.20135135135135135,0.10101351351351351,0.1665033783783784,False
USDCAD1440_comma,daily,40,150,long_short,fast_slope,0.001,-0.028006075416986964,-1.1667102308624455,-1.5608099865760514,-0.0659575098001011,-0.4246078346781982,193,0.25906735751295334,0.5990039808928342,-184.82001617482547,0.19628378378378378,0.12567567567567567,0.09966216216216216,0.24391891891891893,0.1664527027027027,False
USDCAD1440_comma,daily,5,500,long_only,fast_slope,0.0025,-0.025123682626927324,-1.5483702344388226,-2.0293732482852476,-0.06048812172346975,-0.41534902905042903,310,0.25483870967741934,0.6904668422047945,-108.06254756781047,0.02668918918918919,0.21182432432432433,0.16182432432432434,0.46925675675675677,0.16638513513513514,False
USDCAD1440_comma,daily,5,300,long_only,fast_slope,0.005,-0.02415217660028557,-1.5104914949365955,-2.011509815891233,-0.062391076218219224,-0.3871094724478039,284,0.2746478873239437,0.6860121735044384,-114.18613771836097,0.038175675675675674,0.1783783783783784,0.1891891891891892,0.4577702702702703,0.16636824324324323,False
USDCAD1440_comma,daily,100,200,long_short,slow_slope,0.0025,-0.028941945055260154,-1.0933700158035489,-1.4468974113692907,-0.06407042459909129,-0.45172082495720867,88,0.19318181818181818,0.4373847767959423,-416.230571374457,0.26756756756756755,0.15337837837837837,0.08547297297297297,0.02060810810810811,0.16555743243243243,False
USDCAD1440_comma,daily,10,75,long_only,fast_slope,0.0,-0.022381247583549202,-1.3856956510317933,-1.8423492813019215,-0.06568331529700083,-0.34074479161637494,249,0.285140562248996,0.642881840963868,-122.23188924134686,0.08412162162162162,0.12804054054054054,0.23885135135135135,0.34425675675675677,0.16506756756756757,False
USDCAD1440_comma,daily,50,300,long_short,combined,0.0025,-0.024558968609014853,-1.2626828420490257,-1.6716798933843948,-0.06256029380579807,-0.3925647901407192,151,0.23841059602649006,0.5684392174121728,-213.6031370012143,0.14256756756756755,0.17533783783783785,0.1777027027027027,0.1885135135135135,0.16467905405405406,False
USDCAD1440_comma,daily,40,200,long_short,fast_slope,0.0025,-0.02680173567479649,-1.1709874363588957,-1.5751544029000206,-0.06677813761987456,-0.40135494384946335,179,0.22905027932960895,0.5884112517622407,-192.90768661734447,0.19324324324324324,0.11621621621621622,0.12195945945945946,0.22466216216216217,0.16444256756756756,False
USDCAD1440_comma,daily,50,300,long_short,combined,0.0,-0.0253106227029668,-1.2613148983278242,-1.673573304190309,-0.06242826951048661,-0.4054352763809216,161,0.2360248447204969,0.5776776309011293,-205.55715842462223,0.14358108108108109,0.17702702702702702,0.1570945945945946,0.20675675675675675,0.1641216216216216,False
USDCAD1440_comma,daily,60,200,long_short,slow_slope,0.0025,-0.03005467644792814,-1.0663703733891243,-1.4266284923325439,-0.06762722520180488,-0.44441682115808623,95,0.16842105263157894,0.413255927766616,-397.8361510138573,0.3037162162162162,0.10641891891891891,0.07060810810810811,0.010810810810810811,0.16383445945945946,False
USDCAD1440_comma,daily,50,200,long_short,fast_slope,0.005,-0.02614288471274795,-1.2043660462897434,-1.6147451051263852,-0.0653466416060145,-0.4000647021826713,156,0.23717948717948717,0.5910889834655029,-217.22447935451223,0.17128378378378378,0.13277027027027027,0.13648648648648648,0.23006756756756758,0.1635135135135135,False
USDCAD1440_comma,daily,20,50,long_short,combined,0.0,-0.02933840360652995,-1.207627161732568,-1.6228224902246877,-0.07227765115151844,-0.40591252121664445,312,0.22756410256410256,0.6705347261561548,-121.8074567043927,0.16959459459459458,0.06554054054054054,0.08006756756756757,0.4192567567567568,0.16312500000000002,False
USDCAD1440_comma,daily,5,200,long_short,slow_slope,0.001,-0.030947609434719303,-1.0786767640931332,-1.4463719672214046,-0.06716560992985002,-0.4607657023742062,132,0.1893939393939394,0.482711621154973,-291.73341760969805,0.28412162162162163,0.1125,0.05945945945945946,0.06148648648648649,0.16288851351351352,False
USDCAD1440_comma,daily,5,200,long_short,slow_slope,0.0,-0.03145824759645843,-1.0792132727462607,-1.4519372546553742,-0.06676163159645263,-0.4712024982644367,139,0.17985611510791366,0.4834330541689411,-280.5902746361148,0.28243243243243243,0.11689189189189189,0.05574324324324324,0.062162162162162166,0.1626689189189189,False
USDCAD1440_comma,daily,10,500,long_short,combined,0.001,-0.02487745302281097,-1.4129783921057788,-1.8808027304539963,-0.0657998389408668,-0.37807771908329313,311,0.2797427652733119,0.6835415951539833,-105.17986113280651,0.07297297297297298,0.12635135135135134,0.17060810810810811,0.45135135135135135,0.16260135135135137,False
USDCAD1440_comma,daily,60,300,long_short,price_slow,0.005,-0.029188080367865687,-1.093365587119054,-1.4339093596825154,-0.06461054807490743,-0.45175410575415564,86,0.12790697674418605,0.43954984877168163,-430.52760654716155,0.2679054054054054,0.14155405405405405,0.08243243243243244,0.021621621621621623,0.16228040540540542,False
USDCAD1440_comma,daily,60,150,long_short,combined,0.001,-0.025141039086670203,-1.1390314131061912,-1.5188580623980756,-0.06987530802516662,-0.3597986155226005,164,0.25,0.5485677908818632,-199.55346291759304,0.2179054054054054,0.08108108108108109,0.16013513513513514,0.1472972972972973,0.16155405405405404,False
USDCAD1440_comma,daily,20,75,long_short,combined,0.005,-0.025115151741150754,-1.2645356467731048,-1.701939285311595,-0.06929453374392953,-0.362440590681526,226,0.23893805309734514,0.6434177809603354,-145.41577979042947,0.13952702702702702,0.08547297297297297,0.16216216216216217,0.34628378378378377,0.16155405405405404,False
USDCAD1440_comma,daily,100,200,long_short,fast_slope,0.0025,-0.02655563664059757,-1.146601083350217,-1.5231410375056884,-0.06219627818797163,-0.4269650437979625,110,0.24545454545454545,0.4517341489380147,-297.7415116686167,0.2125,0.1810810810810811,0.12702702702702703,0.032432432432432434,0.16054054054054057,False
USDCAD1440_comma,daily,10,75,long_only,combined,0.0025,-0.019504880312525064,-1.4458940049557867,-1.9463497232948102,-0.06851199239338142,-0.2846929366837291,222,0.24324324324324326,0.628075207606552,-121.9846655048637,0.05945945945945946,0.0972972972972973,0.3277027027027027,0.31182432432432433,0.1604222972972973,False
USDCAD1440_comma,daily,60,250,long_short,fast_slope,0.001,-0.026293221328149596,-1.1478794763248101,-1.5264180569900931,-0.0700162023781537,-0.37553052629363326,161,0.2795031055900621,0.5711377553378235,-211.57430061858875,0.21013513513513513,0.07871621621621622,0.13277027027027027,0.19493243243243244,0.15952702702702704,False
USDCAD1440_comma,daily,40,150,long_short,combined,0.001,-0.026578566019378025,-1.2021527246865664,-1.6080202993185606,-0.06676394185997554,-0.3980976149539137,194,0.25257731958762886,0.5957512193563761,-177.32433513000746,0.17229729729729729,0.11655405405405406,0.12635135135135134,0.23851351351351352,0.15910472972972975,False
USDCAD1440_comma,daily,40,400,long_short,fast_slope,0.001,-0.027699613229752784,-1.3049528260768581,-1.7327746142745515,-0.05913997096055395,-0.46837380505696025,179,0.2569832402234637,0.5755933160407188,-199.70775578306407,0.12027027027027028,0.23581081081081082,0.10574324324324325,0.20371621621621622,0.15876689189189191,False
USDCAD1440_comma,daily,5,300,long_only,combined,0.005,-0.022650458449348543,-1.553930222989101,-2.075280372187152,-0.0641043036062529,-0.35333756355071233,268,0.2537313432835821,0.6730992295616766,-114.70985179944215,0.02533783783783784,0.15202702702702703,0.22972972972972974,0.42736486486486486,0.15819256756756755,False
USDCAD1440_comma,daily,50,250,long_short,fast_slope,0.005,-0.026605285214664987,-1.2226418553971017,-1.6241039490586584,-0.06307342779665467,-0.4218144810591077,155,0.24516129032258063,0.5640739522187055,-221.59225217697806,0.1608108108108108,0.16824324324324325,0.1260135135135135,0.17702702702702702,0.1581418918918919,False
USDCAD1440_comma,daily,10,100,long_only,fast_slope,0.0,-0.022227974093703362,-1.3745589414703254,-1.8320744482311317,-0.06898419791324643,-0.32221834515865433,247,0.2834008097165992,0.6404507423640418,-122.51282984472401,0.08952702702702703,0.08952702702702703,0.2429054054054054,0.3398648648648649,0.15775337837837838,False
USDCAD1440_comma,daily,50,200,long_short,combined,0.0,-0.028678414612704928,-1.236219160279066,-1.6510328221111104,-0.06263445167869018,-0.45786965230929044,189,0.2222222222222222,0.5914550540006636,-193.1633159597489,0.15337837837837837,0.17398648648648649,0.09121621621621621,0.23074324324324325,0.1577027027027027,False
USDCAD1440_comma,daily,5,200,long_only,combined,0.0,-0.023496667914103098,-1.5317842755082829,-2.055007520965843,-0.06493686897558704,-0.3618386331952138,290,0.2689655172413793,0.686216373349879,-109.30150082092966,0.03175675675675676,0.1375,0.20844594594594595,0.4594594594594595,0.15768581081081084,False
USDCAD1440_comma,daily,5,500,long_only,fast_slope,0.0,-0.02571964460699483,-1.5450509322932333,-2.0232168079809694,-0.061656830865604396,-0.4171418518583425,319,0.2507836990595611,0.6873095640241934,-107.04765939300283,0.027364864864864866,0.18952702702702703,0.14594594594594595,0.4625,0.1568918918918919,False
USDCAD1440_comma,daily,60,300,long_short,slow_slope,0.0,-0.029263434083856676,-1.0758684456986871,-1.4113471329753782,-0.06898806326789626,-0.4241811220329543,99,0.16161616161616163,0.4396745902357801,-373.83040063766845,0.28783783783783784,0.0891891891891892,0.08074324324324324,0.02195945945945946,0.15687500000000001,False
USDCAD1440_comma,daily,50,150,long_short,combined,0.0025,-0.02570962695696688,-1.2016211307414468,-1.6029783054574074,-0.06759260008515987,-0.3803615621321763,166,0.2469879518072289,0.5783580608096109,-201.6922499343537,0.17263513513513515,0.10743243243243243,0.1462837837837838,0.20844594594594595,0.15643581081081082,False
USDCAD1440_comma,daily,10,400,long_only,fast_slope,0.0,-0.022448111007133287,-1.4632679431915174,-1.9302021069397117,-0.06610370012600766,-0.33958932653304474,246,0.26422764227642276,0.6521283644870017,-124.03245420530206,0.05405405405405406,0.12331081081081081,0.23682432432432432,0.37398648648648647,0.15591216216216217,False
USDCAD1440_comma,daily,75,300,long_short,fast_slope,0.0025,-0.02514873792093586,-1.1696338562351896,-1.542734688700633,-0.0667152283216988,-0.376956484352709,135,0.2518518518518518,0.5221188540645827,-245.58094678846606,0.19425675675675674,0.11824324324324324,0.15945945945945947,0.11114864864864865,0.15582770270270271,False
USDCAD1440_comma,daily,50,400,long_short,fast_slope,0.0,-0.028802484568958397,-1.2961637403494375,-1.7202285097370484,-0.059566628889672055,-0.48353390322466794,168,0.23214285714285715,0.5794973827054933,-219.7857666441389,0.12364864864864865,0.2287162162162162,0.08716216216216216,0.2114864864864865,0.15579391891891892,False
USDCAD1440_comma,daily,75,100,long_short,slow_slope,0.0025,-0.027259637279539284,-1.136703119197738,-1.504641031551903,-0.06477330934897542,-0.4208467585417647,93,0.3010752688172043,0.48464107155447955,-363.3066554625058,0.22162162162162163,0.13986486486486485,0.11148648648648649,0.06452702702702702,0.15559121621621622,False
USDCAD1440_comma,daily,75,250,long_short,price_slow,0.001,-0.030202160110506582,-1.0887534920648623,-1.4415299192848892,-0.06730542858688508,-0.44873289933097127,102,0.09803921568627451,0.45332136111604454,-370.06310568447026,0.2716216216216216,0.11182432432432432,0.0679054054054054,0.03310810810810811,0.15515202702702702,False
USDCAD1440_comma,daily,20,300,long_short,combined,0.005,-0.02277033052546107,-1.3257117278093296,-1.7885915251829754,-0.06784002683708154,-0.33564742803159897,216,0.25,0.6132451462949768,-141.16213075305564,0.1070945945945946,0.10405405405405406,0.22466216216216217,0.2702702702702703,0.15432432432432433,False
USDCAD1440_comma,daily,60,300,long_short,fast_slope,0.005,-0.026107431072523557,-1.2248059230097508,-1.614136935935375,-0.06520821339991358,-0.40037028636883587,141,0.2978723404255319,0.5699675107812366,-242.53325128905138,0.1597972972972973,0.13445945945945945,0.1375,0.19155405405405404,0.15376689189189188,False
USDCAD1440_comma,daily,10,75,long_only,combined,0.005,-0.01910372227906898,-1.4669280720279814,-1.972098037376325,-0.06914715211891871,-0.27627634246186383,202,0.2524752475247525,0.6201747538670528,-131.6870595828421,0.052702702702702706,0.08817567567567568,0.3358108108108108,0.28716216216216217,0.15336148648648648,False
USDCAD1440_comma,daily,75,150,long_short,price_slow,0.005,-0.025016004357674704,-1.1366332141809232,-1.4971342450083729,-0.06864469671306898,-0.36442734188542214,87,0.19540229885057472,0.46523895381008445,-376.944466540416,0.22195945945945947,0.09493243243243243,0.16655405405405405,0.043243243243243246,0.15231418918918918,False
USDCAD1440_comma,daily,40,400,long_short,fast_slope,0.0025,-0.027420242090688274,-1.31867052528071,-1.7497275142331945,-0.059292527903190374,-0.4624569580750303,171,0.25146198830409355,0.5671918515453682,-207.2683503431678,0.11013513513513513,0.23310810810810811,0.10945945945945947,0.18547297297297297,0.1520439189189189,False
USDCAD1440_comma,daily,5,500,long_only,fast_slope,0.001,-0.026100018455336382,-1.5622974734787516,-2.046613617942943,-0.061856523019806924,-0.421944480244694,316,0.25316455696202533,0.6839079234186111,-109.3645623204762,0.024324324324324326,0.1864864864864865,0.13817567567567568,0.45304054054054055,0.15194256756756758,False
USDCAD1440_comma,daily,20,75,long_short,fast_slope,0.0,-0.03141623628093504,-1.1940428594307781,-1.6076838087507854,-0.0751816266752871,-0.4178711963312952,306,0.23529411764705882,0.6543189739503988,-130.9038571846103,0.1777027027027027,0.04831081081081081,0.05675675675675676,0.37972972972972974,0.15146959459459458,False
USDCAD1440_comma,daily,100,250,long_short,price_slow,0.0,-0.029984416216498833,-1.09596083882442,-1.4524844765906981,-0.0677569716500559,-0.44252887173528355,105,0.10476190476190476,0.45088343731845065,-357.3827149260136,0.2635135135135135,0.10574324324324325,0.0722972972972973,0.030405405405405407,0.15086148648648645,False
USDCAD1440_comma,daily,20,250,long_short,fast_slope,0.005,-0.025696340159543363,-1.2644883436149064,-1.7004973387876043,-0.06954987960762837,-0.36946634997086225,233,0.2317596566523605,0.623741623660447,-143.99973186552322,0.13986486486486485,0.08378378378378379,0.14662162162162162,0.2972972972972973,0.15081081081081082,False
USDCAD1440_comma,daily,75,250,long_short,price_slow,0.005,-0.028598403869474986,-1.1141414243641836,-1.4614950094470816,-0.06550598944844155,-0.43657693151836474,77,0.12987012987012986,0.42362606098904715,-472.50796634525574,0.24222972972972973,0.13074324324324324,0.09391891891891892,0.015202702702702704,0.15064189189189192,False
USDCAD1440_comma,daily,10,500,long_short,combined,0.0,-0.025480491207935052,-1.418196599543486,-1.8830554337235093,-0.06777873631769873,-0.37593635692026695,316,0.27848101265822783,0.678846165216288,-105.54553832231848,0.07027027027027027,0.10540540540540541,0.15067567567567566,0.43986486486486487,0.15057432432432433,False
USDCAD1440_comma,daily,5,300,long_only,combined,0.0,-0.023562291215141862,-1.5432039269975681,-2.053118789084489,-0.06574161582780948,-0.35840754624675253,292,0.2534246575342466,0.6776803906393573,-108.8047666307711,0.02837837837837838,0.12702702702702703,0.20506756756756755,0.43682432432432433,0.14964527027027028,False
USDCAD1440_comma,daily,20,100,long_short,fast_slope,0.0025,-0.02863922518084905,-1.2237496518492619,-1.6424757495781999,-0.07287531346149015,-0.39298939271092137,263,0.22053231939163498,0.6431612602591746,-138.7047759128829,0.16047297297297297,0.06013513513513514,0.09222972972972973,0.34493243243243243,0.14940878378378378,False
USDCAD1440_comma,daily,5,400,long_only,fast_slope,0.0,-0.025475343014258467,-1.5443569781819515,-2.0312614244010483,-0.06324288022950178,-0.40281756494661725,319,0.2664576802507837,0.682012983043612,-106.21616791515433,0.027702702702702704,0.1635135135135135,0.15135135135135136,0.4469594594594595,0.14927364864864864,False
USDCAD1440_comma,daily,20,250,long_short,fast_slope,0.001,-0.027499111522820363,-1.2513488856946862,-1.6798371070742784,-0.07109547867461358,-0.3867912845580096,265,0.22641509433962265,0.6377745572323198,-133.91319476422262,0.1489864864864865,0.07128378378378378,0.10743243243243243,0.33378378378378376,0.14896959459459458,False
USDCAD1440_comma,daily,100,150,long_short,combined,0.0,-0.028105836214539215,-1.1419397793334825,-1.5232949233798052,-0.06568651736477875,-0.42787831265978526,145,0.2206896551724138,0.48981424381273975,-249.20390909025392,0.21587837837837837,0.1277027027027027,0.0983108108108108,0.06993243243243243,0.14842905405405404,False
USDCAD1440_comma,daily,75,150,long_short,fast_slope,0.001,-0.0268804552366394,-1.120278890588703,-1.4893887278590858,-0.07107860041389394,-0.37817929841208575,146,0.23972602739726026,0.5005334075315927,-237.17445272971366,0.23614864864864865,0.07162162162162163,0.11891891891891893,0.08175675675675675,0.14841216216216216,False
USDCAD1440_comma,daily,10,400,long_only,fast_slope,0.001,-0.022761932167902565,-1.4764310037787651,-1.9500945055872518,-0.06618573773889695,-0.3439099259979317,242,0.2727272727272727,0.6464492013391175,-127.55695614356618,0.04864864864864865,0.12297297297297298,0.22533783783783784,0.3533783783783784,0.14827702702702703,False
USDCAD1440_comma,daily,20,400,long_short,fast_slope,0.001,-0.02683505103264827,-1.3369275977831234,-1.786711890007069,-0.06436841952186649,-0.4168977773880588,254,0.25196850393700787,0.6254209493427587,-137.28474381476494,0.10405405405405406,0.14594594594594595,0.12060810810810811,0.30405405405405406,0.14783783783783785,False
USDCAD1440_comma,daily,100,250,long_short,combined,0.001,-0.0273488865790803,-1.208820774006301,-1.5910938151869656,-0.06049593673051227,-0.4520780742830679,121,0.23140495867768596,0.451703846738056,-293.1348741680461,0.1679054054054054,0.2114864864864865,0.11047297297297297,0.03209459459459459,0.14694256756756757,False
USDCAD1440_comma,daily,75,250,long_short,combined,0.001,-0.02518500183262573,-1.1949547929477078,-1.5709651631580834,-0.067308069959387,-0.3741750706538176,151,0.25165562913907286,0.517064967772981,-219.40708648636738,0.17736486486486486,0.11148648648648649,0.15878378378378377,0.10608108108108108,0.1464864864864865,False
USDCAD1440_comma,daily,20,200,long_short,fast_slope,0.001,-0.02796368973767782,-1.2438622872083671,-1.6728984139796559,-0.07312709440351997,-0.38239847987631503,264,0.24242424242424243,0.638970981931531,-136.54270666213793,0.1516891891891892,0.058445945945945946,0.10067567567567567,0.33716216216216216,0.14599662162162164,False
USDCAD1440_comma,daily,60,400,long_short,fast_slope,0.0025,-0.02737891800603265,-1.2772282688693064,-1.6945894283215632,-0.06191105574695267,-0.44222986792436125,146,0.2465753424657534,0.5563462137415135,-243.10526267533496,0.13378378378378378,0.1858108108108108,0.11013513513513513,0.1597972972972973,0.14596283783783784,False
USDCAD1440_comma,daily,10,100,long_only,combined,0.0025,-0.021809444708923875,-1.45102976681782,-1.9402832869056281,-0.06491499141612465,-0.3359693074457757,224,0.25892857142857145,0.6001529926269137,-132.94871177389294,0.05675675675675676,0.13783783783783785,0.25675675675675674,0.24695945945945946,0.14555743243243244,False
USDCAD1440_comma,daily,20,50,long_short,fast_slope,0.005,-0.025816956526787505,-1.2837462901944887,-1.7321347714357245,-0.07201664467584666,-0.3584859672787024,204,0.25,0.630785521134281,-169.80019301749743,0.13074324324324324,0.06689189189189189,0.14391891891891892,0.31824324324324327,0.14554054054054055,False
USDCAD1440_comma,daily,60,150,long_short,combined,0.005,-0.024656449079086706,-1.2044852303683466,-1.5990013025425662,-0.06778726282583743,-0.36373277296112905,124,0.2661290322580645,0.5172511799389712,-260.46058718876196,0.17094594594594595,0.10472972972972973,0.17398648648648649,0.10675675675675676,0.14537162162162162,False
USDCAD1440_comma,daily,30,150,long_short,slow_slope,0.0025,-0.030154678845072724,-1.0783844935081996,-1.439073612577993,-0.07275477992390121,-0.41447007161059923,110,0.22727272727272727,0.4236565941992563,-344.44931384561403,0.28445945945945944,0.06148648648648649,0.06858108108108107,0.015540540540540541,0.1452027027027027,False
USDCAD1440_comma,daily,75,200,long_short,slow_slope,0.001,-0.030991874600177605,-1.0854250310173712,-1.4445892610946283,-0.06965232710134209,-0.4449510287730277,99,0.1717171717171717,0.41495631783416165,-391.87007649359515,0.27702702702702703,0.0831081081081081,0.05878378378378379,0.01114864864864865,0.14501689189189187,False
USDCAD1440_comma,daily,20,200,long_short,fast_slope,0.0025,-0.027177533903546047,-1.2498182483999334,-1.6866103129064864,-0.07340719448825238,-0.3702298404537905,254,0.2283464566929134,0.6318398766285047,-138.55965202665803,0.14966216216216216,0.057432432432432436,0.11283783783783784,0.32094594594594594,0.14493243243243245,False
USDCAD1440_comma,daily,75,200,long_short,fast_slope,0.0,-0.0270169514367522,-1.1182446480440893,-1.4815424832246793,-0.07502066729567396,-0.3601267812011334,155,0.23870967741935484,0.5066727349512787,-226.44679664012895,0.23885135135135135,0.04932432432432433,0.11621621621621622,0.09121621621621621,0.1447972972972973,False
USDCAD1440_comma,daily,20,300,long_short,combined,0.001,-0.024920943749539126,-1.3402207531491872,-1.8033723548815284,-0.06840964970412658,-0.3642898897644239,242,0.24380165289256198,0.6252589783915226,-134.48393477272833,0.10168918918918919,0.09797297297297297,0.16891891891891891,0.3037162162162162,0.14451013513513514,False
USDCAD1440_comma,daily,40,150,long_short,fast_slope,0.0,-0.029629947660036238,-1.1776200834111294,-1.576828877861526,-0.06971614574198527,-0.42500840149274266,197,0.27918781725888325,0.5865457585399814,-189.37574438063533,0.1885135135135135,0.08209459459459459,0.07736486486486487,0.22027027027027027,0.14444256756756757,False
USDCAD1440_comma,daily,10,400,long_short,combined,0.0025,-0.024590987099647132,-1.436243955432706,-1.9079824626977457,-0.06915448783573946,-0.3555949565855704,285,0.2807017543859649,0.6674318937759144,-114.98295314833742,0.06452702702702702,0.08716216216216216,0.17702702702702702,0.40945945945945944,0.14442567567567566,False
USDCAD1440_comma,daily,75,300,long_short,slow_slope,0.0,-0.030104490330361777,-1.0909381789554033,-1.4307923503427835,-0.07075106327006232,-0.4254987690495985,96,0.16666666666666666,0.44317422226108455,-395.7056124558272,0.2699324324324324,0.07398648648648648,0.06959459459459459,0.02533783783783784,0.14418918918918922,False
USDCAD1440_comma,daily,60,300,long_short,slow_slope,0.001,-0.029524078534301168,-1.089279285443341,-1.4286962845055917,-0.07129958425989072,-0.41408486235606023,94,0.1702127659574468,0.42795179638376596,-397.21987140826695,0.27128378378378376,0.06993243243243243,0.07837837837837838,0.016554054054054055,0.14415540540540542,False
USDCAD1440_comma,daily,100,200,long_short,combined,0.0,-0.028558589591979655,-1.1846671476329051,-1.5838096582341779,-0.06216601615238044,-0.45939230723708036,143,0.23076923076923078,0.45895976906565933,-256.75701771706997,0.18445945945945946,0.18175675675675676,0.0945945945945946,0.03783783783783784,0.14381756756756758,False
USDCAD1440_comma,daily,100,250,long_short,fast_slope,0.001,-0.028474549666754,-1.1666980938496314,-1.5493487952537774,-0.06306515221672523,-0.4515100442301381,121,0.23140495867768596,0.444107442284951,-290.247065011673,0.1966216216216216,0.16858108108108108,0.09527027027027027,0.026351351351351353,0.14380067567567567,False
USDCAD1440_comma,daily,50,400,long_short,fast_slope,0.001,-0.02950613343199382,-1.317257451660413,-1.7458208787045846,-0.0599960334708167,-0.4918014029435164,166,0.22289156626506024,0.5658904179470383,-226.83498310097565,0.11114864864864865,0.22195945945945947,0.07871621621621622,0.18175675675675676,0.1429560810810811,False
USDCAD1440_comma,daily,40,300,long_short,combined,0.0,-0.025457758509236483,-1.2794629075780914,-1.703280467147964,-0.06752609823483179,-0.3770062120382469,179,0.22346368715083798,0.5791517336737065,-185.96325577432236,0.1331081081081081,0.10810810810810811,0.15236486486486486,0.2097972972972973,0.14221283783783784,False
USDCAD1440_comma,daily,60,250,long_short,fast_slope,0.005,-0.026249556946213115,-1.2189738980137608,-1.6096318631328654,-0.0682463418799678,-0.38462950867580625,144,0.2777777777777778,0.559940765036592,-237.35946615981962,0.16283783783783784,0.1,0.1341216216216216,0.16824324324324325,0.14219594594594595,False
USDCAD1440_comma,daily,50,300,long_short,slow_slope,0.0,-0.030906649724265045,-1.0988784898520378,-1.4473805280031082,-0.0687482654513338,-0.44956261109079976,98,0.14285714285714285,0.4250216700221665,-395.8221935360043,0.26047297297297295,0.09358108108108108,0.06013513513513514,0.01587837837837838,0.14199324324324322,False
USDCAD1440_comma,daily,50,200,long_short,combined,0.0025,-0.029175877087348256,-1.2744373669186901,-1.6948346763255382,-0.06268295073688337,-0.46545155810893935,179,0.21787709497206703,0.5666447595302424,-207.3572501793993,0.13614864864864865,0.17331081081081082,0.08277027027027027,0.18344594594594596,0.1418581081081081,False
USDCAD1440_comma,daily,100,150,long_short,combined,0.0025,-0.026125415346179626,-1.1892486267930387,-1.5737735615436659,-0.06543639913626895,-0.39924897596786135,110,0.22727272727272727,0.47586475889772545,-308.9957992656335,0.1831081081081081,0.13175675675675674,0.13682432432432431,0.05472972972972973,0.14175675675675675,False
USDCAD1440_comma,daily,75,150,long_short,combined,0.001,-0.026213889516253475,-1.150854322147287,-1.5228077905862627,-0.07065702479631585,-0.37100188681621793,152,0.23684210526315788,0.4987366348253225,-224.22085279995807,0.20777027027027026,0.075,0.13547297297297298,0.08108108108108109,0.14111486486486485,False
USDCAD1440_comma,daily,100,150,long_short,price_slow,0.0025,-0.026230888253300777,-1.1603698025915583,-1.5270030929396048,-0.06827904229341099,-0.3841718830879397,100,0.21,0.4776000353814382,-342.0677158888343,0.20168918918918918,0.09898648648648649,0.1347972972972973,0.05675675675675676,0.1408952702702703,False
USDCAD1440_comma,daily,75,150,long_short,fast_slope,0.005,-0.024157198273662583,-1.181178826867018,-1.5566881457562414,-0.06908284760269776,-0.34968446020918253,100,0.28,0.46621178038180877,-317.26837390095983,0.1858108108108108,0.08885135135135135,0.18817567567567567,0.0445945945945946,0.14086148648648647,False
USDCAD1440_comma,daily,20,50,long_short,combined,0.0025,-0.030453153660299548,-1.2957658305888267,-1.7363434468702128,-0.068389257285987,-0.44529148098438864,272,0.21323529411764705,0.6476620117902272,-143.95766287159063,0.12432432432432433,0.09864864864864865,0.06418918918918919,0.3567567567567568,0.14074324324324325,False
USDCAD1440_comma,daily,100,250,long_short,fast_slope,0.0,-0.029129182405432386,-1.1617878207968912,-1.5454618152883604,-0.06396744666640239,-0.4553750997338448,122,0.22950819672131148,0.4548567951693433,-292.1601251727019,0.20101351351351351,0.1543918918918919,0.0831081081081081,0.033783783783783786,0.1406925675675676,False
USDCAD1440_comma,daily,5,400,long_only,fast_slope,0.001,-0.025926299503382322,-1.5621792959169138,-2.052530170186277,-0.06414729067602669,-0.4041682700883199,314,0.2643312101910828,0.6748944932280307,-109.46431737688431,0.024662162162162164,0.15033783783783783,0.14155405405405405,0.43108108108108106,0.14042229729729727,False
USDCAD1440_comma,daily,60,200,long_short,combined,0.001,-0.027923803427112648,-1.2124784325601363,-1.6134242367553078,-0.06762665220148574,-0.4129112194392963,171,0.25146198830409355,0.5632489164111832,-209.60557286750458,0.16689189189189188,0.10675675675675676,0.10168918918918919,0.17533783783783785,0.14008445945945946,False
USDCAD1440_comma,daily,20,100,long_short,fast_slope,0.005,-0.027032384333812276,-1.2552286631472367,-1.68923328106479,-0.07268432191763465,-0.37191492773978385,230,0.23478260869565218,0.6179441527721404,-152.15627412668684,0.14695945945945946,0.061824324324324324,0.11587837837837837,0.2827702702702703,0.13983108108108108,False
USDCAD1440_comma,daily,20,400,long_short,fast_slope,0.0,-0.02781295967240438,-1.3396300451991399,-1.7880037555597745,-0.06689360586641938,-0.4157790466243426,264,0.24621212121212122,0.6346400033927454,-134.76210782414284,0.10270270270270271,0.11418918918918919,0.10371621621621621,0.3266891891891892,0.139375,False
USDCAD1440_comma,daily,50,200,long_short,combined,0.005,-0.027449580870194445,-1.2868575011506591,-1.719235089239454,-0.06259035115160402,-0.4385593045117624,162,0.21604938271604937,0.5507680131533138,-218.51086756961092,0.12837837837837837,0.17466216216216215,0.10810810810810811,0.15101351351351353,0.13929054054054055,False
USDCAD1440_comma,daily,50,400,long_short,fast_slope,0.0025,-0.028691730306190544,-1.3182352331186902,-1.7505700400074538,-0.06078212918196036,-0.47204220537088415,160,0.23125,0.5599866116762696,-229.78560817018442,0.11047297297297297,0.20641891891891892,0.09087837837837838,0.16858108108108108,0.13925675675675675,False
USDCAD1440_comma,daily,50,300,long_short,slow_slope,0.0025,-0.03012488683458836,-1.1038071321803873,-1.4453482191831197,-0.0691515460409517,-0.43563576751774047,91,0.18681318681318682,0.4179717451564872,-417.2045121844938,0.25304054054054054,0.0875,0.06925675675675676,0.013851351351351352,0.13902027027027028,False
USDCAD1440_comma,daily,60,75,long_short,slow_slope,0.001,-0.03028602856672591,-1.1102264974270124,-1.4766130996191227,-0.07264170016353286,-0.41692345441454737,147,0.2789115646258503,0.4975540415209767,-255.1259057335717,0.24594594594594596,0.06283783783783783,0.06554054054054054,0.07837837837837838,0.1389527027027027,False
USDCAD1440_comma,daily,60,150,long_short,combined,0.0025,-0.026256046841489855,-1.18750078733555,-1.5863808772973087,-0.0693404025463282,-0.37865437576523264,152,0.2565789473684211,0.5275725904677248,-223.66473653068343,0.1837837837837838,0.08513513513513514,0.13378378378378378,0.11554054054054054,0.13888513513513515,False
USDCAD1440_comma,daily,75,200,long_short,price_slow,0.001,-0.031111232316237025,-1.121587835328258,-1.4918253114458424,-0.06778517043997905,-0.458968121114112,110,0.10909090909090909,0.46703759412834084,-355.532860344856,0.23513513513513515,0.10506756756756756,0.05777027027027027,0.04560810810810811,0.13871621621621624,False
USDCAD1440_comma,daily,40,300,long_short,slow_slope,0.005,-0.029419647850685404,-1.1199820461855403,-1.4723188714229896,-0.0679938532019122,-0.43268099196146204,85,0.16470588235294117,0.4024954702950945,-437.13672270794126,0.23682432432432432,0.10202702702702703,0.07939189189189189,0.006756756756756757,0.13712837837837838,False
USDCAD1440_comma,daily,40,150,long_short,combined,0.0025,-0.027315419076103464,-1.2388128849672662,-1.6495100035203185,-0.06914855190268997,-0.3950251787563589,183,0.2459016393442623,0.5799236186462327,-193.11343653590993,0.1527027027027027,0.08783783783783784,0.11081081081081082,0.21283783783783783,0.13712837837837838,False
USDCAD1440_comma,daily,75,100,long_short,fast_slope,0.001,-0.029460878863681317,-1.1582428064196002,-1.5344454620516483,-0.06673832584629277,-0.44143868594387026,148,0.25675675675675674,0.4887310210838565,-250.69618035351203,0.20270270270270271,0.11790540540540541,0.07905405405405405,0.06858108108108107,0.1366554054054054,False
USDCAD1440_comma,daily,100,300,long_short,slow_slope,0.0,-0.030847214648471177,-1.1094847143481237,-1.450737003997752,-0.07040788565352006,-0.43812158769078113,98,0.14285714285714285,0.46042902537459207,-397.05869599888706,0.2472972972972973,0.07635135135135135,0.06148648648648649,0.0402027027027027,0.13633445945945946,False
USDCAD1440_comma,daily,75,300,long_short,slow_slope,0.001,-0.030635299007060524,-1.10972103530671,-1.4510877711079904,-0.06929323493017073,-0.44211096563658503,94,0.1595744680851064,0.43987410164529034,-409.8370789460454,0.24662162162162163,0.08581081081081081,0.06317567567567567,0.0222972972972973,0.1360810810810811,False
USDCAD1440_comma,daily,60,200,long_short,combined,0.0,-0.028991759028932695,-1.2225769236351611,-1.6248587539903405,-0.06731271964818356,-0.43070253557516214,175,0.25142857142857145,0.5651417647256755,-211.02898029939323,0.16114864864864864,0.11114864864864865,0.08479729729729729,0.17871621621621622,0.1360135135135135,False
USDCAD1440_comma,daily,100,200,long_short,combined,0.005,-0.024492692475539313,-1.252930409774803,-1.6651273552087404,-0.06379438257829564,-0.3839318053667049,103,0.24271844660194175,0.41038904330620013,-315.1117104294062,0.14797297297297296,0.15608108108108107,0.17972972972972973,0.009121621621621622,0.13552364864864866,False
USDCAD1440_comma,daily,60,100,long_short,combined,0.005,-0.02418095119608399,-1.2665653803788743,-1.6627836542465761,-0.06684963108250135,-0.36172153539997065,111,0.25225225225225223,0.5049857643512233,-283.9229496221636,0.13885135135135135,0.1152027027027027,0.1875,0.08817567567567568,0.13506756756756758,False
USDCAD1440_comma,daily,20,250,long_short,fast_slope,0.0,-0.0288226234191995,-1.268687424469247,-1.7012528120173736,-0.07287547716148356,-0.3955051073673511,268,0.23134328358208955,0.6306407265840531,-135.71524007405716,0.1375,0.0597972972972973,0.08648648648648649,0.31756756756756754,0.13488175675675676,False
USDCAD1440_comma,daily,40,300,long_short,combined,0.001,-0.025798674526030463,-1.29282431242431,-1.7175622697800492,-0.06764799282129277,-0.38136644488748395,175,0.22285714285714286,0.57103143484319,-192.4259122267005,0.12567567567567567,0.10608108108108108,0.1445945945945946,0.1939189189189189,0.1347972972972973,False
USDCAD1440_comma,daily,5,300,long_only,combined,0.001,-0.02440364521995808,-1.5694669284721707,-2.086863918847368,-0.06732908901677519,-0.3624532215767521,289,0.25951557093425603,0.6659111698483132,-113.17474727975141,0.023310810810810812,0.11047297297297297,0.1820945945945946,0.40540540540540543,0.1341722972972973,False
USDCAD1440_comma,daily,20,50,long_short,fast_slope,0.0,-0.035029624295844886,-1.213524247539993,-1.6203480371913388,-0.07628828471609775,-0.45917435981429544,317,0.23974763406940064,0.6383082092915282,-138.4422461190705,0.1662162162162162,0.04155405405405405,0.033783783783783786,0.33547297297297296,0.1339527027027027,False
USDCAD1440_comma,daily,10,75,long_only,combined,0.001,-0.02201305876408477,-1.47164939342653,-1.9715202793365902,-0.06825484854095336,-0.32251274795338225,237,0.2616033755274262,0.6057817036390074,-126.64343198062322,0.05067567567567568,0.09966216216216216,0.25033783783783786,0.25641891891891894,0.1337162162162162,False
USDCAD1440_comma,daily,100,300,long_short,combined,0.005,-0.02635674248331976,-1.3066689313425268,-1.71438383525664,-0.05980333582843256,-0.44072361713957875,110,0.18181818181818182,0.4289885604692173,-314.1946952085491,0.11891891891891893,0.22466216216216217,0.13175675675675674,0.01756756756756757,0.13271959459459462,False
USDCAD1440_comma,daily,5,75,long_only,fast_slope,0.0,-0.025026795086891762,-1.5014821889478251,-1.9862924991467528,-0.0691784283947355,-0.36177166304050223,316,0.26582278481012656,0.6682759132262461,-105.6751430955126,0.03986486486486487,0.08682432432432433,0.16587837837837838,0.4125,0.13270270270270268,False
USDCAD1440_comma,daily,50,300,long_short,combined,0.001,-0.026789576058376396,-1.297176987492379,-1.718822695638126,-0.06479070267919128,-0.4134787083730821,160,0.23125,0.5570100986181452,-216.73821996687056,0.12331081081081081,0.13885135135135135,0.12263513513513513,0.16047297297297297,0.13263513513513514,False
USDCAD1440_comma,daily,40,200,long_short,combined,0.0,-0.029390629620252073,-1.2637214403243764,-1.6889821130846758,-0.06753750178804623,-0.43517495972073483,197,0.22842639593908629,0.5795093111638124,-189.44833685700613,0.14121621621621622,0.10777027027027027,0.07972972972972973,0.21182432432432433,0.13114864864864867,False
USDCAD1440_comma,daily,5,50,long_short,fast_slope,0.0,-0.036788333649246274,-1.354026221586673,-1.813840618555518,-0.07683589096505154,-0.4787910075251067,568,0.2904929577464789,0.7074786401945237,-78.53098380935421,0.09695945945945945,0.037162162162162164,0.028040540540540542,0.5111486486486486,0.13035472972972972,False
USDCAD1440_comma,daily,20,50,long_short,fast_slope,0.0025,-0.032230564016268115,-1.2588071309109077,-1.6830624443957076,-0.07442266998373008,-0.43307454601285067,266,0.24436090225563908,0.6324043687424953,-156.05424220766477,0.14560810810810812,0.05337837837837838,0.04864864864864865,0.32263513513513514,0.12971283783783782,False
USDCAD1440_comma,daily,5,100,long_only,fast_slope,0.005,-0.022905927282389382,-1.5365290747401963,-2.0554445864240063,-0.07052177032100242,-0.3248064700889629,269,0.2527881040892193,0.6494746921742968,-115.36030990568389,0.029391891891891894,0.07567567567567568,0.22128378378378377,0.3652027027027027,0.12971283783783782,False
USDCAD1440_comma,daily,40,400,long_short,fast_slope,0.005,-0.02878069438285702,-1.3748927157952915,-1.8204730904399746,-0.059735646374690664,-0.48180100374792434,162,0.2345679012345679,0.5396204968137227,-227.984194370014,0.0891891891891892,0.2260135135135135,0.0875,0.13243243243243244,0.12954391891891892,False
USDCAD1440_comma,daily,100,200,long_short,combined,0.0025,-0.02792393473130328,-1.2388464774573409,-1.6426477558584498,-0.06240002652475813,-0.4474987638061988,122,0.23770491803278687,0.4420751766012984,-295.6178163007685,0.15236486486486486,0.17804054054054055,0.10135135135135136,0.024662162162162164,0.12942567567567567,False
USDCAD1440_comma,daily,20,300,long_short,fast_slope,0.0025,-0.027910708211489554,-1.3146751520961704,-1.760653061832247,-0.06963783493382156,-0.40079804660805074,244,0.25,0.6173506061528458,-146.88505294519396,0.11385135135135135,0.08344594594594594,0.10236486486486486,0.28006756756756757,0.12888513513513514,False
USDCAD1440_comma,daily,5,100,long_only,combined,0.001,-0.023984997755997717,-1.5515453317787469,-2.0704550868374514,-0.06735956095191604,-0.3560741402860267,283,0.26501766784452296,0.6433229844571132,-113.93294333329031,0.025675675675675677,0.1097972972972973,0.19425675675675674,0.3456081081081081,0.12841216216216217,False
USDCAD1440_comma,daily,20,75,long_short,fast_slope,0.001,-0.0329586358971532,-1.2458989048093567,-1.670940676616784,-0.07668766734238161,-0.4297775253745205,295,0.2271186440677966,0.6363957216868642,-139.90178689744798,0.15067567567567566,0.038175675675675674,0.044256756756756756,0.3314189189189189,0.12837837837837837,False
USDCAD1440_comma,daily,20,100,long_short,combined,0.0025,-0.028764981842409942,-1.2984940468209758,-1.7457491392434485,-0.07184019724687084,-0.40040232272139076,261,0.21455938697318008,0.622849486832431,-141.10917417707046,0.12297297297297298,0.0679054054054054,0.08885135135135135,0.2945945945945946,0.12812500000000002,False
USDCAD1440_comma,daily,20,250,long_short,fast_slope,0.0025,-0.028694627410941864,-1.2872961842177084,-1.7271947433213188,-0.07208705852248731,-0.3980551849260249,256,0.23046875,0.6175423017716986,-143.24122151368192,0.12804054054054054,0.06621621621621622,0.09054054054054055,0.2810810810810811,0.12804054054054054,False
USDCAD1440_comma,daily,20,300,long_short,fast_slope,0.001,-0.029125147756695835,-1.3141447863364455,-1.7607487864544709,-0.06995315889048508,-0.416352145044552,261,0.24521072796934865,0.6252181667844453,-141.94792441094097,0.11418918918918919,0.08006756756756757,0.08344594594594594,0.3030405405405405,0.12783783783783784,False
USDCAD1440_comma,daily,60,100,long_short,combined,0.0,-0.031313662549102395,-1.1906901450323284,-1.590992220874748,-0.06826678253347769,-0.45869545021762714,192,0.23958333333333334,0.5320858380261957,-203.72275581484166,0.18175675675675676,0.09932432432432432,0.057094594594594594,0.12128378378378378,0.12714527027027028,False
USDCAD1440_comma,daily,5,150,long_short,combined,0.0025,-0.029732151641112647,-1.436940203510901,-1.931195162781646,-0.07403904904318154,-0.4015739265339844,423,0.28841607565011823,0.6958285798429577,-90.0790082645693,0.06385135135135135,0.05472972972972973,0.075,0.485472972972973,0.12704391891891892,False
USDCAD1440_comma,daily,5,400,long_short,combined,0.005,-0.02769019612043855,-1.5649511546788957,-2.072572871707001,-0.06660729403566022,-0.41572318049152046,352,0.2727272727272727,0.6792195439546804,-102.84189696748932,0.023986486486486488,0.11925675675675676,0.10608108108108108,0.44054054054054054,0.12670608108108106,False
USDCAD1440_comma,daily,10,500,long_short,fast_slope,0.0025,-0.029754117877751063,-1.4419137348870081,-1.9084462241689573,-0.06852624031116626,-0.4342003551142243,327,0.2782874617737003,0.6678587300037266,-116.02992275373286,0.06114864864864865,0.09695945945945945,0.07466216216216216,0.4118243243243243,0.1254054054054054,False
USDCAD1440_comma,daily,40,150,long_short,combined,0.0,-0.028998793044184512,-1.2369042003257797,-1.6537130988965068,-0.07178178215507411,-0.4039854148722142,201,0.24378109452736318,0.5727739477397836,-183.68598698623327,0.15304054054054053,0.06824324324324324,0.08412162162162162,0.1972972972972973,0.12469594594594594,False
USDCAD1440_comma,daily,10,400,long_short,fast_slope,0.005,-0.028018805133262825,-1.436468654147208,-1.8994160114466045,-0.06910260319317611,-0.405466709480341,309,0.2815533980582524,0.6538854177766885,-117.49972192008482,0.06418918918918919,0.08851351351351351,0.09898648648648649,0.37905405405405407,0.12445945945945946,False
USDCAD1440_comma,daily,20,75,long_short,fast_slope,0.0025,-0.03174946935295353,-1.2643925735050452,-1.6919736077415501,-0.07674278629684701,-0.4137127524943405,276,0.2210144927536232,0.6306895932442099,-144.6415917100324,0.14054054054054055,0.03783783783783784,0.053716216216216216,0.3179054054054054,0.12410472972972975,False
USDCAD1440_comma,daily,5,250,long_short,combined,0.001,-0.03027807482924727,-1.5014068275956234,-2.0124378732015935,-0.06880752241515206,-0.4400401840741145,406,0.2881773399014778,0.6928858536164934,-95.38940025617694,0.0402027027027027,0.09256756756756757,0.06621621621621622,0.47702702702702704,0.12402027027027028,False
USDCAD1440_comma,daily,5,500,long_short,combined,0.005,-0.029731628102147467,-1.5757586328673896,-2.0807566272916316,-0.06609510557482302,-0.4498310100812193,369,0.26558265582655827,0.6860392403012454,-103.89074991328675,0.022972972972972974,0.12364864864864865,0.07533783783783783,0.4581081081081081,0.12388513513513513,False
USDCAD1440_comma,daily,10,100,long_only,fast_slope,0.001,-0.024285237121550174,-1.4323828193877282,-1.9015613059194905,-0.07046140818394123,-0.34466011604753866,244,0.27049180327868855,0.6144930308518681,-133.50997869643624,0.06621621621621622,0.07601351351351351,0.18547297297297297,0.27297297297297296,0.12353040540540541,False
USDCAD1440_comma,daily,10,100,long_only,combined,0.0,-0.023663740053052607,-1.4673835190698754,-1.9561693979150925,-0.06759523050706175,-0.35008002599503574,234,0.26495726495726496,0.5943612280688119,-136.25879860801282,0.052364864864864864,0.1070945945945946,0.20270270270270271,0.23479729729729729,0.12347972972972973,False
USDCAD1440_comma,daily,10,100,long_only,fast_slope,0.0025,-0.023825631051426877,-1.4531544170810995,-1.9325970010112896,-0.0686318108652208,-0.3471514265916088,234,0.2777777777777778,0.6017785971805515,-137.0317132850914,0.056081081081081084,0.0956081081081081,0.1983108108108108,0.24932432432432433,0.12339527027027028,False
USDCAD1440_comma,daily,100,200,long_short,combined,0.001,-0.029721165436518704,-1.2297270505306412,-1.6357387610286853,-0.06339198641619503,-0.46884735937105304,140,0.24285714285714285,0.44012123231891404,-270.7657643301633,0.15878378378378377,0.16114864864864864,0.07567567567567568,0.022972972972972974,0.12238175675675676,False
USDCAD1440_comma,daily,40,300,long_short,combined,0.0025,-0.02650273550303106,-1.316110907180519,-1.7455104988395482,-0.06789354907238374,-0.3903571968932652,172,0.22093023255813954,0.5612496342173925,-200.30710614172656,0.11182432432432432,0.10337837837837838,0.1287162162162162,0.17128378378378378,0.12201013513513513,False
USDCAD1440_comma,daily,5,250,long_short,combined,0.005,-0.03040745114740251,-1.5339960530082632,-2.0598933050704646,-0.06729966802355301,-0.4518217108702638,381,0.28346456692913385,0.6858932849223073,-102.00646755323925,0.031081081081081083,0.11216216216216217,0.06452702702702702,0.4570945945945946,0.12194256756756758,False
USDCAD1440_comma,daily,100,150,long_short,fast_slope,0.005,-0.025138225454960472,-1.2318197675455107,-1.6344527875031176,-0.06779126473210592,-0.3708180626855161,88,0.22727272727272727,0.3484640835529671,-373.968586135757,0.15675675675675677,0.1043918918918919,0.16114864864864864,0.0030405405405405407,0.1214864864864865,False
USDCAD1440_comma,daily,20,100,long_short,combined,0.005,-0.027425474653015924,-1.3187309835335639,-1.7746838582678734,-0.07275633266469275,-0.37694965714407125,232,0.22844827586206898,0.609886444377063,-153.00529844858227,0.1097972972972973,0.06114864864864865,0.10912162162162162,0.26554054054054055,0.12086148648648648,False
USDCAD1440_comma,daily,60,300,long_short,combined,0.0,-0.02665867718636472,-1.262849075269718,-1.6669401417749394,-0.0721986732961515,-0.36924054098630843,157,0.25477707006369427,0.5465527099428291,-220.8665423753023,0.14222972972972972,0.06587837837837837,0.12533783783783783,0.14493243243243242,0.12016891891891891,False
USDCAD1440_comma,daily,50,300,long_short,slow_slope,0.001,-0.03230159223841922,-1.128149851963827,-1.4836875954010116,-0.07089306726812664,-0.455638237745455,97,0.14432989690721648,0.41087940738662787,-414.1107887976229,0.22702702702702704,0.07297297297297298,0.0472972972972973,0.00945945945945946,0.11993243243243246,False
USDCAD1440_comma,daily,10,500,long_short,fast_slope,0.005,-0.028600109755033132,-1.460311388875856,-1.9357151974866518,-0.06878177826374955,-0.4158093971540484,303,0.28052805280528054,0.6517672907663786,-122.30572899890718,0.05506756756756757,0.0929054054054054,0.0929054054054054,0.372972972972973,0.11978040540540541,False
USDCAD1440_comma,daily,10,250,long_short,combined,0.0025,-0.02876463233005422,-1.4403778495633683,-1.9210910590227483,-0.06857455084683653,-0.4194651218977862,308,0.2662337662337662,0.6465632621786545,-120.4788823148274,0.061824324324324324,0.09594594594594595,0.0891891891891892,0.35405405405405405,0.11966216216216216,False
USDCAD1440_comma,daily,10,75,long_short,fast_slope,0.0025,-0.03252827181304141,-1.3339445482353045,-1.7996240403921642,-0.07639691911201535,-0.42577988996320026,382,0.27225130890052357,0.6564622228734122,-105.14714106114027,0.10574324324324325,0.04054054054054054,0.04628378378378378,0.3844594594594595,0.11935810810810812,False
USDCAD1440_comma,daily,75,150,long_short,combined,0.0,-0.028723262617868728,-1.1733637327837376,-1.5500575338937057,-0.07244341250489784,-0.396492401789145,168,0.21428571428571427,0.47748209437492994,-218.4092007557702,0.1918918918918919,0.06418918918918919,0.08952702702702703,0.05641891891891892,0.11917229729729731,False
USDCAD1440_comma,daily,40,300,long_short,fast_slope,0.005,-0.029083668850469202,-1.3119606481750838,-1.7438037530009716,-0.06548497268729905,-0.4441273723873759,167,0.24550898203592814,0.5548564353037612,-222.5496904772298,0.11486486486486487,0.13108108108108107,0.08378378378378379,0.15574324324324323,0.11883445945945945,False
USDCAD1440_comma,daily,75,150,long_short,fast_slope,0.0,-0.030455396764944798,-1.1496338340507968,-1.5279590209158895,-0.07359736855863343,-0.4138109467960345,164,0.21341463414634146,0.47517611081235706,-233.40698696069288,0.20844594594594595,0.05675675675675676,0.06385135135135135,0.05405405405405406,0.11844594594594596,False
USDCAD1440_comma,daily,75,250,long_short,price_slow,0.0025,-0.03241678407075532,-1.1405626886927152,-1.5016693044829712,-0.06979634540603569,-0.46444815816892415,98,0.11224489795918367,0.41591943381095087,-409.0172299175628,0.21722972972972973,0.08141891891891892,0.046621621621621624,0.011824324324324325,0.11834459459459461,False
USDCAD1440_comma,daily,10,100,long_only,combined,0.001,-0.024013555438943457,-1.4781718529357815,-1.968930793817507,-0.06787257481464457,-0.353803513488664,230,0.2608695652173913,0.5882202265729971,-140.32522736489258,0.04831081081081081,0.10371621621621621,0.19324324324324324,0.22432432432432434,0.11755067567567569,False
USDCAD1440_comma,daily,10,250,long_short,combined,0.001,-0.02899850797418868,-1.4325816104621059,-1.9105725222904022,-0.07009205551237205,-0.41372032482440346,317,0.26813880126182965,0.6491366758534682,-117.77781539571147,0.06587837837837837,0.07837837837837838,0.08445945945945946,0.3638513513513513,0.11741554054054054,False
USDCAD1440_comma,daily,5,250,long_short,combined,0.0025,-0.030969216840084135,-1.5253483995447217,-2.0420328910384327,-0.06884865457229132,-0.4498158610720032,399,0.2907268170426065,0.6872483482370334,-98.82728345214417,0.033445945945945944,0.09155405405405405,0.05912162162162162,0.46216216216216216,0.11741554054054054,False
USDCAD1440_comma,daily,60,300,long_short,slow_slope,0.0025,-0.0316716351083568,-1.1351189257551002,-1.4825748219220147,-0.07262125215966637,-0.4361207520730017,92,0.14130434782608695,0.4025543617409763,-429.0080730683993,0.2233108108108108,0.06317567567567567,0.05472972972972973,0.007094594594594595,0.11712837837837838,False
USDCAD1440_comma,daily,10,75,long_short,fast_slope,0.005,-0.030829699502460395,-1.3538952787361938,-1.8236489519172896,-0.07662275735113401,-0.40235695723111586,337,0.2818991097922849,0.6517870992648434,-114.50192766908545,0.0972972972972973,0.03885135135135135,0.061824324324324324,0.3733108108108108,0.11699324324324324,False
USDCAD1440_comma,daily,5,250,long_short,combined,0.0,-0.03157974508521666,-1.5107566379874575,-2.017374982954257,-0.0696973498818739,-0.4530982187807626,416,0.2860576923076923,0.6893145932588604,-96.20548493533441,0.0375,0.08277027027027027,0.05540540540540541,0.4668918918918919,0.11680743243243243,False
USDCAD1440_comma,daily,10,250,long_short,combined,0.0,-0.02897794707113588,-1.4269719838458164,-1.9045560439555618,-0.07098483951809419,-0.4082272675104004,319,0.27586206896551724,0.6489567785060684,-115.98187804494209,0.06824324324324324,0.07195945945945946,0.08513513513513514,0.36283783783783785,0.11673986486486487,False
USDCAD1440_comma,daily,10,400,long_short,combined,0.001,-0.02667196520094195,-1.474327047262719,-1.9576350404456249,-0.0717694895809386,-0.37163375909009966,297,0.26936026936026936,0.6489176852463514,-117.88509223507442,0.05033783783783784,0.06858108108108107,0.125,0.3618243243243243,0.11655405405405406,False
USDCAD1440_comma,daily,10,400,long_short,combined,0.0,-0.026864017685066632,-1.475865765032877,-1.9573881526050423,-0.07141532731578507,-0.37616599537910156,304,0.26973684210526316,0.6500470543678037,-115.8361904420934,0.048986486486486486,0.06891891891891892,0.11993243243243243,0.3672297297297297,0.11589527027027027,False
USDCAD1440_comma,daily,75,100,long_short,combined,0.001,-0.0287676990654977,-1.208547968164649,-1.5920465126778172,-0.06864118673849011,-0.4191025888741867,154,0.22727272727272727,0.46635715317485815,-236.87654044810375,0.16858108108108108,0.09527027027027027,0.08817567567567568,0.04493243243243243,0.11562499999999999,False
USDCAD1440_comma,daily,5,300,long_short,slow_slope,0.005,-0.030865929873453934,-1.1551106214795288,-1.5159086891649838,-0.06995447235948242,-0.4412288282990675,110,0.14545454545454545,0.4082838311274747,-351.80270720237553,0.20472972972972972,0.07972972972972973,0.060810810810810814,0.008445945945945946,0.11525337837837837,False
USDCAD1440_comma,daily,5,50,long_short,combined,0.0025,-0.033215220134897416,-1.455697109090166,-1.950687026094463,-0.07476604868911971,-0.4442553902107046,462,0.27705627705627706,0.6927250478323104,-89.71810836890882,0.05540540540540541,0.05101351351351351,0.04256756756756757,0.4760135135135135,0.11483108108108109,False
USDCAD1440_comma,daily,5,50,long_short,combined,0.001,-0.03413804949244292,-1.455252701780747,-1.9450729864346663,-0.07558360136765628,-0.451659472090877,486,0.2839506172839506,0.6963129548601494,-87.10771614367917,0.05574324324324324,0.04695945945945946,0.03783783783783784,0.4875,0.11472972972972972,False
USDCAD1440_comma,daily,5,100,long_only,combined,0.0025,-0.025004678351883913,-1.5910367984321991,-2.120479936552367,-0.06802253105074078,-0.3675940598745422,277,0.26353790613718414,0.6291731809254201,-120.4661226691116,0.020945945945945947,0.10101351351351351,0.16689189189189188,0.314527027027027,0.11418918918918917,False
USDCAD1440_comma,daily,75,250,long_short,fast_slope,0.0,-0.02859859071746873,-1.1775511358470672,-1.5553381986151293,-0.07618973896424452,-0.3753601351868381,150,0.24666666666666667,0.4813600880215097,-244.9716236481091,0.18885135135135134,0.043243243243243246,0.09358108108108108,0.06047297297297297,0.11413851351351352,False
USDCAD1440_comma,daily,75,200,long_short,fast_slope,0.005,-0.026124112510968134,-1.215108481007889,-1.5996064280117164,-0.07450251124065961,-0.3506474087374245,118,0.2627118644067797,0.46718346224475266,-289.70870058599036,0.16554054054054054,0.052702702702702706,0.13716216216216215,0.04594594594594595,0.11371621621621622,False
USDCAD1440_comma,daily,20,200,long_short,fast_slope,0.0,-0.031585351804576556,-1.298864098621224,-1.7442443799775866,-0.07690282967371598,-0.4107176802022393,278,0.23741007194244604,0.6231604220176604,-141.2146596489573,0.12263513513513513,0.03682432432432432,0.05506756756756757,0.2962837837837838,0.1137162162162162,False
USDCAD1440_comma,daily,10,300,long_short,fast_slope,0.005,-0.030039226225509474,-1.4081063422922604,-1.8808330248445586,-0.07266693430303142,-0.41338232462431457,319,0.2727272727272727,0.6470343128442289,-120.18647244220433,0.075,0.062162162162162166,0.07094594594594594,0.3550675675675676,0.11298986486486487,False
USDCAD1440_comma,daily,20,100,long_short,fast_slope,0.001,-0.03336598289233417,-1.2820146509068218,-1.7188225140340547,-0.07619225768916989,-0.4379182859819216,282,0.2127659574468085,0.6114394964323764,-145.69155066878002,0.13175675675675674,0.042905405405405404,0.04121621621621622,0.2679054054054054,0.1118581081081081,False
USDCAD1440_comma,daily,75,100,long_short,fast_slope,0.0025,-0.02867077803541629,-1.2180193658224268,-1.6034298912459346,-0.06998506616392224,-0.40966994255977807,116,0.27586206896551724,0.4692359285016026,-312.614049922096,0.16317567567567567,0.07905405405405405,0.09155405405405405,0.05033783783783784,0.11089527027027028,False
USDCAD1440_comma,daily,60,300,long_short,combined,0.001,-0.02693730370701064,-1.2780682567186825,-1.687572180260113,-0.07440955596196919,-0.3620140364871728,153,0.26143790849673204,0.5409460063373477,-228.70869169611993,0.13344594594594594,0.053716216216216216,0.11790540540540541,0.13513513513513514,0.11065878378378378,False
USDCAD1440_comma,daily,100,150,long_short,combined,0.005,-0.024670932671600476,-1.2855130411870397,-1.7031278821902842,-0.0695287241912218,-0.35483079775416404,91,0.1978021978021978,0.41615475399194835,-355.68434797239547,0.1293918918918919,0.08412162162162162,0.17364864864864865,0.012162162162162163,0.10934121621621622,False
USDCAD1440_comma,daily,5,500,long_short,combined,0.0025,-0.032031350226404465,-1.6014037850223701,-2.1096709472697515,-0.06801589294822485,-0.47093920020703706,392,0.25,0.6786584535457709,-103.59382145069618,0.01891891891891892,0.10168918918918919,0.05101351351351351,0.4391891891891892,0.10907094594594594,False
USDCAD1440_comma,daily,10,50,long_short,fast_slope,0.0,-0.03801100051417572,-1.3243310495544178,-1.7708435210195708,-0.07831955801202425,-0.4853321632425449,429,0.29603729603729606,0.648929700932326,-105.6787175154535,0.10810810810810811,0.026013513513513515,0.023310810810810812,0.3621621621621622,0.10873310810810811,False
USDCAD1440_comma,daily,40,200,long_short,combined,0.001,-0.031144582164835732,-1.3020059499781398,-1.7402515883778518,-0.06873790175993501,-0.45309183678034315,196,0.22448979591836735,0.5586751203014555,-199.37085392551487,0.12094594594594595,0.09391891891891892,0.057432432432432436,0.16452702702702704,0.10802364864864865,False
USDCAD1440_comma,daily,75,200,long_short,slow_slope,0.0025,-0.034229177830927715,-1.1683089521585888,-1.5391391632459528,-0.06988744675601775,-0.48977576689021574,94,0.1595744680851064,0.37885713367379137,-445.5313555886719,0.19493243243243244,0.08074324324324324,0.03682432432432432,0.004391891891891892,0.10618243243243243,False
USDCAD1440_comma,daily,5,150,long_short,combined,0.005,-0.03077142721529902,-1.4888600901030902,-1.9955167353706895,-0.07472988991037671,-0.4117686678275999,391,0.289002557544757,0.6700591775210761,-100.18567940442888,0.0445945945945946,0.05202702702702703,0.062162162162162166,0.4179054054054054,0.10596283783783783,False
USDCAD1440_comma,daily,40,150,long_short,combined,0.005,-0.028467951797082502,-1.2953352640155131,-1.724953984587377,-0.07203275713609678,-0.39520841529494577,167,0.24550898203592814,0.5407288961098868,-218.4744633326902,0.12466216216216217,0.06655405405405405,0.09594594594594595,0.1341216216216216,0.10581081081081081,False
USDCAD1440_comma,daily,20,300,long_short,fast_slope,0.0,-0.03145593080152065,-1.347765377107603,-1.8018583887302397,-0.0725116583734207,-0.433805149504771,270,0.23703703703703705,0.606496915990358,-147.0915820276887,0.09932432432432432,0.06385135135135135,0.056081081081081084,0.2581081081081081,0.105625,False
USDCAD1440_comma,daily,20,300,long_short,combined,0.0,-0.0277385090684521,-1.3931276523948934,-1.867367423480244,-0.07330061877051285,-0.378421212995417,251,0.23904382470119523,0.5996268587733689,-141.78780744480187,0.08108108108108109,0.05777027027027027,0.10540540540540541,0.24493243243243243,0.10469594594594595,False
USDCAD1440_comma,daily,60,200,long_short,fast_slope,0.005,-0.028477420508990603,-1.259401327525027,-1.6661788344529005,-0.07593118444261707,-0.3750424903553512,134,0.26865671641791045,0.5194069014384382,-273.3757305550045,0.1445945945945946,0.04527027027027027,0.09493243243243243,0.10878378378378378,0.10445945945945946,False
USDCAD1440_comma,daily,60,100,long_short,combined,0.001,-0.03173577794364457,-1.235227579492229,-1.6473243419528498,-0.07095905549746064,-0.44724070410971406,180,0.23333333333333334,0.5027692274209982,-219.80719119713743,0.15506756756756757,0.0722972972972973,0.05405405405405406,0.08479729729729729,0.10363175675675676,False
USDCAD1440_comma,daily,60,250,long_short,fast_slope,0.0025,-0.030924112692968464,-1.253200769444265,-1.6562038185972099,-0.07293181013454782,-0.4240140569103975,160,0.26875,0.5276404583292208,-243.5712286723404,0.14763513513513513,0.05945945945945946,0.0597972972972973,0.11621621621621622,0.10331081081081081,False
USDCAD1440_comma,daily,20,75,long_short,combined,0.0025,-0.030994380608993177,-1.3149094797851584,-1.76144954828477,-0.07702852004230287,-0.4023753876093107,278,0.21942446043165467,0.6002150779568592,-140.07124382095682,0.11283783783783784,0.03648648648648649,0.058445945945945946,0.2472972972972973,0.10304054054054054,False
USDCAD1440_comma,daily,10,75,long_only,combined,0.0,-0.02462209108491986,-1.5166278126475747,-2.021984209756186,-0.06944917456638477,-0.35453396298301865,247,0.26720647773279355,0.5788797685310184,-133.3954465480575,0.03648648648648649,0.08479729729729729,0.175,0.20912162162162162,0.10216216216216217,False
USDCAD1440_comma,daily,10,50,long_short,combined,0.0,-0.03571778695048944,-1.3908293985613676,-1.870340394163017,-0.07752611808099166,-0.46071940443574133,403,0.26054590570719605,0.6488820612074541,-107.16022098340548,0.08243243243243244,0.03412162162162162,0.03141891891891892,0.3614864864864865,0.10201013513513513,False
USDCAD1440_comma,daily,75,250,long_short,fast_slope,0.001,-0.02983761911410554,-1.2149983226271743,-1.5981521414794286,-0.07592005727986083,-0.3930136538769513,150,0.24,0.47969539637522474,-253.39800559071747,0.16587837837837838,0.04560810810810811,0.07398648648648648,0.05878378378378379,0.10136824324324326,False
USDCAD1440_comma,daily,5,150,long_short,combined,0.0,-0.03332846746026863,-1.4951901162196717,-2.0048836547197433,-0.07641288136283686,-0.4361629461662705,443,0.29571106094808125,0.6779815205317277,-94.02802409024696,0.04256756756756757,0.0402027027027027,0.04155405405405405,0.43783783783783786,0.10106418918918919,False
USDCAD1440_comma,daily,10,200,long_short,fast_slope,0.005,-0.03189453179059287,-1.394518491613318,-1.8828746314159948,-0.07709473333117199,-0.4137057151956818,337,0.26112759643916916,0.6355286255026557,-118.72080709459559,0.07972972972972973,0.03614864864864865,0.052702702702702706,0.3287162162162162,0.10077702702702702,False
USDCAD1440_comma,daily,10,50,long_short,combined,0.0025,-0.03415000266453716,-1.4055986319916762,-1.8906168517857305,-0.07770512979942559,-0.4394819589477039,364,0.2554945054945055,0.6495056163661312,-114.63746070535211,0.07533783783783783,0.03277027027027027,0.0375,0.3655405405405405,0.10065878378378378,False
USDCAD1440_comma,daily,60,100,long_short,combined,0.0025,-0.030023052339829603,-1.2567364393518619,-1.6686388805858359,-0.07078847402120994,-0.42412345731360124,156,0.22435897435897437,0.48375302237278295,-242.61199277962862,0.14594594594594595,0.07331081081081081,0.07128378378378378,0.06317567567567567,0.10043918918918919,False
USDCAD1440_comma,daily,5,150,long_short,combined,0.001,-0.03310975971422314,-1.4963452213365704,-2.006650551003704,-0.0762697074096343,-0.43411415670437925,437,0.2906178489702517,0.6736491833178926,-94.87121564163438,0.041891891891891894,0.041891891891891894,0.04358108108108108,0.4283783783783784,0.1002027027027027,False
USDCAD1440_comma,daily,5,500,long_short,combined,0.001,-0.03362412207475274,-1.6259969169308468,-2.139378108000705,-0.06894025607539905,-0.48772841861768657,402,0.2562189054726368,0.6713489061212374,-104.83968332240812,0.014527027027027028,0.0902027027027027,0.0402027027027027,0.4206081081081081,0.09949324324324324,False
USDCAD1440_comma,daily,20,100,long_short,fast_slope,0.0,-0.03588561696809245,-1.3049948866173373,-1.744524040806257,-0.07785071676390605,-0.4609542270101501,296,0.20945945945945946,0.5993651551153046,-147.33358058790833,0.11993243243243243,0.030743243243243245,0.030743243243243245,0.2445945945945946,0.09849662162162162,False
USDCAD1440_comma,daily,75,100,long_short,price_slow,0.0025,-0.028775477726316057,-1.2620870068764112,-1.6607942691147024,-0.07011639076973507,-0.41039587763174856,127,0.2283464566929134,0.44314397860911314,-286.8185041821199,0.14324324324324325,0.07804054054054053,0.08783783783783784,0.025,0.098125,False
USDCAD1440_comma,daily,100,150,long_short,price_slow,0.005,-0.02619071326544531,-1.2929340405030165,-1.7100218509434693,-0.07064026452833078,-0.3707618231658991,89,0.19101123595505617,0.4127836919447085,-382.59805687811513,0.12533783783783783,0.07533783783783783,0.1358108108108108,0.010135135135135136,0.09765202702702702,False
USDCAD1440_comma,daily,5,500,long_short,combined,0.0,-0.03371923507881025,-1.6258404391339172,-2.1395346250616942,-0.06950203775084156,-0.48515462524553055,405,0.25679012345679014,0.6700429074565363,-104.27543325846509,0.014864864864864866,0.08445945945945946,0.039527027027027026,0.4175675675675676,0.09760135135135135,False
USDCAD1440_comma,daily,10,50,long_short,fast_slope,0.0025,-0.03724461715866978,-1.3858632095484376,-1.8473739253484727,-0.07831955284209331,-0.47554685652715367,386,0.2823834196891192,0.6416135578111889,-115.86223888290439,0.08378378378378379,0.026351351351351353,0.026351351351351353,0.3418918918918919,0.0966554054054054,False
USDCAD1440_comma,daily,20,100,long_short,combined,0.0,-0.032776197955418085,-1.3440108883521877,-1.800504104020654,-0.07532445345019093,-0.43513356491981303,287,0.20905923344947736,0.5945907815343562,-142.38515499853554,0.10101351351351351,0.047635135135135134,0.0445945945945946,0.23581081081081082,0.09660472972972972,False
USDCAD1440_comma,daily,20,100,long_short,combined,0.001,-0.03269506341537931,-1.352703076855693,-1.8126641428719592,-0.07474351826713425,-0.4374300832150656,277,0.21299638989169675,0.5948457673162275,-147.26802411209246,0.09797297297297297,0.05168918918918919,0.04493243243243243,0.23614864864864865,0.09652027027027027,False
USDCAD1440_comma,daily,5,100,long_only,combined,0.005,-0.02528334871411886,-1.6424765488371915,-2.1910495778383585,-0.0687718137113244,-0.3676411504900523,260,0.24615384615384617,0.5997625839264317,-129.51461843007772,0.011824324324324325,0.09324324324324325,0.15777027027027027,0.2456081081081081,0.09643581081081082,False
USDCAD1440_comma,daily,20,300,long_short,fast_slope,0.005,-0.029244690733082335,-1.3814855336087088,-1.8400291674923224,-0.07260179523910205,-0.40280947098855835,229,0.2445414847161572,0.5719948113806678,-163.45177634726218,0.08648648648648649,0.06351351351351352,0.08141891891891892,0.19628378378378378,0.09619932432432432,False
USDCAD1440_comma,daily,5,50,long_short,combined,0.0,-0.03703845959541863,-1.4926769451951312,-1.9936240555964106,-0.07788513495956494,-0.4755523581572737,507,0.2781065088757396,0.6767110638230517,-88.76160243269918,0.043243243243243246,0.030405405405405407,0.027364864864864866,0.4347972972972973,0.09559121621621622,False
USDCAD1440_comma,daily,60,300,long_short,combined,0.0025,-0.027994768563284422,-1.3104373062085515,-1.7238540843768775,-0.07525458213088973,-0.37200085058732146,152,0.24342105263157895,0.5247441173904702,-237.59644443672906,0.11621621621621622,0.047972972972972976,0.1,0.11385135135135135,0.09555743243243245,False
USDCAD1440_comma,daily,10,250,long_short,combined,0.005,-0.030251594882201194,-1.502156561537878,-2.004306584532729,-0.07072905936881393,-0.42771097413377757,294,0.2585034013605442,0.629274394870562,-131.43760010253735,0.039527027027027026,0.07432432432432433,0.06756756756756757,0.31486486486486487,0.09513513513513513,False
USDCAD1440_comma,daily,10,50,long_short,fast_slope,0.001,-0.03953218248380275,-1.3816958616234398,-1.847504723801629,-0.07922239543861134,-0.4990026149163319,416,0.29086538461538464,0.6388997266826109,-112.39853562640805,0.08581081081081081,0.021283783783783785,0.019256756756756758,0.3368243243243243,0.09402027027027027,False
USDCAD1440_comma,daily,20,150,long_short,combined,0.0,-0.030638657614886378,-1.3538061907461045,-1.8071072163590556,-0.0743473750526363,-0.41210140362312564,263,0.22813688212927757,0.5701190536556959,-147.48536794480034,0.09763513513513514,0.05405405405405406,0.06283783783783783,0.1918918918918919,0.09391891891891892,False
USDCAD1440_comma,daily,10,500,long_short,fast_slope,0.001,-0.033267349262322,-1.4843200106753105,-1.9589373719537708,-0.07310068079179395,-0.4550894588393011,347,0.27953890489913547,0.6441543089609225,-119.29106794951512,0.04594594594594595,0.05912162162162162,0.04222972972972973,0.3476351351351351,0.09375,False
USDCAD1440_comma,daily,20,75,long_short,combined,0.0,-0.033760814322722155,-1.3213531404405008,-1.7688114770119718,-0.07778272413530823,-0.4340400095012482,309,0.22653721682847897,0.5904955564528994,-134.8246227142355,0.10844594594594595,0.03175675675675676,0.03918918918918919,0.2287162162162162,0.09346283783783785,False
USDCAD1440_comma,daily,75,250,long_short,combined,0.005,-0.027758593358736428,-1.2999033300028349,-1.695688879188129,-0.07115285171888905,-0.39012622387090234,130,0.24615384615384617,0.4584344595518458,-277.20862278258943,0.12195945945945946,0.07094594594594594,0.10506756756756756,0.0375,0.0931587837837838,False
USDCAD1440_comma,daily,40,200,long_short,combined,0.0025,-0.03223877301443767,-1.339747186979674,-1.7884275491576858,-0.0692574247865473,-0.46549193987212467,190,0.21578947368421053,0.5419601705737764,-211.8997258120191,0.10236486486486486,0.08614864864864864,0.04831081081081081,0.13783783783783785,0.09282094594594593,False
USDCAD1440_comma,daily,10,250,long_short,fast_slope,0.005,-0.033481398653879446,-1.4485854399434834,-1.94386026643778,-0.07487460885260712,-0.44716625792047304,327,0.25382262996941896,0.633246372553375,-127.61585510274206,0.058445945945945946,0.05033783783783784,0.04087837837837838,0.3239864864864865,0.09273648648648648,False
USDCAD1440_comma,daily,10,500,long_short,fast_slope,0.0,-0.03398327381007382,-1.4798296702923588,-1.9549409722313953,-0.07474361505025137,-0.45466457284981876,357,0.2801120448179272,0.6445303205719782,-117.93687000594585,0.047972972972972976,0.051351351351351354,0.03885135135135135,0.34864864864864864,0.0920945945945946,False
USDCAD1440_comma,daily,60,200,long_short,fast_slope,0.0025,-0.03194468875217393,-1.2544291643472432,-1.6693161366944336,-0.07794056341790771,-0.40985960777432984,161,0.2670807453416149,0.5129386158915933,-248.79097390437383,0.1472972972972973,0.02972972972972973,0.05202702702702703,0.10067567567567567,0.09185810810810811,False
USDCAD1440_comma,daily,5,400,long_short,combined,0.0025,-0.03203507479726242,-1.6474779834084632,-2.17691687351818,-0.07016744866591033,-0.45655179725561434,373,0.26005361930294907,0.6553982745437775,-108.90685816785013,0.010810810810810811,0.07736486486486487,0.05067567567567568,0.38141891891891894,0.09101351351351351,False
USDCAD1440_comma,daily,20,200,long_short,combined,0.0,-0.030282508864861613,-1.3671317888198868,-1.821895039571592,-0.07641859079491813,-0.3962714903514737,250,0.236,0.5737518917138572,-153.99254834570172,0.09425675675675675,0.03986486486486487,0.06587837837837837,0.19932432432432431,0.09074324324324325,False
USDCAD1440_comma,daily,75,300,long_short,slow_slope,0.0025,-0.03519814964120349,-1.205501298235439,-1.5638109303097967,-0.07310326061115698,-0.4814853584770413,91,0.16483516483516483,0.3768138886056263,-473.3585880609103,0.17027027027027028,0.05878378378378379,0.03310810810810811,0.004054054054054054,0.0900337837837838,False
USDCAD1440_comma,daily,75,200,long_short,price_slow,0.0025,-0.03530536404407547,-1.2175008479682543,-1.606492281787127,-0.07232415853973262,-0.48815450821567197,102,0.11764705882352941,0.4102426455811934,-423.0411515797367,0.1635135135135135,0.0652027027027027,0.03277027027027027,0.008783783783783784,0.0895777027027027,False
USDCAD1440_comma,daily,10,300,long_short,fast_slope,0.0025,-0.034294959072186826,-1.4507459968607936,-1.9357160572340648,-0.07752738872787614,-0.44235926986478724,343,0.2653061224489796,0.6378636201288436,-123.67168626011312,0.057094594594594594,0.033783783783783786,0.03581081081081081,0.3341216216216216,0.0885641891891892,False
USDCAD1440_comma,daily,10,150,long_short,combined,0.001,-0.03257486625596984,-1.430207743896886,-1.9104426701655302,-0.07513558274588987,-0.43354779540525723,337,0.2551928783382789,0.6125482697535412,-121.15250026149106,0.06722972972972972,0.04864864864864865,0.04560810810810811,0.2685810810810811,0.08846283783783784,False
USDCAD1440_comma,daily,5,200,long_short,combined,0.005,-0.0321068691970362,-1.546940102647521,-2.0689684012125387,-0.077721240234609,-0.4131028931102817,390,0.2743589743589744,0.6619468511728958,-103.86678233776657,0.02702702702702703,0.03209459459459459,0.05,0.3972972972972973,0.08842905405405405,False
USDCAD1440_comma,daily,5,200,long_short,fast_slope,0.005,-0.035615679395672006,-1.5183610324167407,-2.034099234241058,-0.07935500520365915,-0.4488145304038078,435,0.2896551724137931,0.6683646064082913,-100.56538032982338,0.03614864864864865,0.019932432432432434,0.03175675675675676,0.41283783783783784,0.0877195945945946,False
USDCAD1440_comma,daily,5,300,long_short,fast_slope,0.001,-0.038615035275058274,-1.535746622940538,-2.029618854869757,-0.0779497544170747,-0.49538366815687807,479,0.29018789144050106,0.6724306240757421,-97.13580602835506,0.03006756756756757,0.029391891891891894,0.022635135135135136,0.4243243243243243,0.08755067567567568,False
USDCAD1440_comma,daily,20,150,long_short,combined,0.0025,-0.030465034532899504,-1.3780877992698517,-1.8340206016349225,-0.07423057765472352,-0.41041085083029694,239,0.2301255230125523,0.561494442961328,-161.285572601745,0.08783783783783784,0.05439189189189189,0.06351351351351352,0.17195945945945945,0.08722972972972973,False
USDCAD1440_comma,daily,60,200,long_short,combined,0.005,-0.0296473070659502,-1.3341172780883337,-1.7661877940095776,-0.07242250909562048,-0.4093659200181319,147,0.2585034013605442,0.5065384684443405,-257.4026535729085,0.10540540540540541,0.06452702702702702,0.07635135135135135,0.09054054054054055,0.08714527027027028,False
USDCAD1440_comma,daily,20,75,long_short,combined,0.001,-0.0342306105454826,-1.346755005317743,-1.8019462336723864,-0.0781790156576197,-0.4378490859413413,295,0.22033898305084745,0.5849439140131965,-142.71064650219836,0.1,0.027702702702702704,0.03648648648648649,0.21824324324324323,0.08695945945945946,False
USDCAD1440_comma,daily,40,200,long_short,fast_slope,0.005,-0.03191302378605976,-1.3106076585125679,-1.7515244463637791,-0.07384057321436253,-0.4321881913540243,170,0.21176470588235294,0.5189347753428337,-234.62837636873567,0.11554054054054054,0.05574324324324324,0.052364864864864864,0.10844594594594595,0.08689189189189189,False
USDCAD1440_comma,daily,20,150,long_short,combined,0.001,-0.03100817602000072,-1.3716277792277562,-1.828358177828301,-0.07459550309791187,-0.41568425350386473,255,0.23137254901960785,0.5589735755533141,-153.52455591574574,0.09121621621621621,0.052364864864864864,0.05810810810810811,0.16655405405405405,0.08618243243243243,False
USDCAD1440_comma,daily,5,50,long_short,combined,0.005,-0.03417703743559852,-1.5504669224761567,-2.0711154738251625,-0.07613025213631712,-0.44892846767933836,405,0.2765432098765432,0.654440745626247,-104.60660627673786,0.026351351351351353,0.044256756756756756,0.037162162162162164,0.38006756756756754,0.08604729729729729,False
USDCAD1440_comma,daily,10,150,long_short,combined,0.0025,-0.03229131449235556,-1.4409613315102048,-1.9239437120123,-0.07498428883841428,-0.4306410715175416,320,0.25625,0.6082962158746409,-126.76812997639122,0.06148648648648649,0.04966216216216216,0.047635135135135134,0.2631756756756757,0.08601351351351352,False
USDCAD1440_comma,daily,60,300,long_short,slow_slope,0.005,-0.03428529929554314,-1.2080473389240713,-1.558231566181463,-0.0762331437300239,-0.4497426921938693,83,0.14457831325301204,0.363437836988248,-508.60176483593125,0.16925675675675675,0.04222972972972973,0.03614864864864865,0.0033783783783783786,0.08599662162162161,False
USDCAD1440_comma,daily,75,250,long_short,combined,0.0025,-0.02922781297298238,-1.2909847915381873,-1.6839353039445284,-0.07388724364861343,-0.39557319409533653,146,0.2602739726027397,0.4556558056612374,-256.9700470880041,0.12635135135135134,0.05540540540540541,0.08175675675675675,0.034797297297297296,0.08596283783783783,False
USDCAD1440_comma,daily,20,150,long_short,fast_slope,0.0,-0.03587304778447209,-1.347709932506522,-1.8115444163329244,-0.07718591092087981,-0.46476160424205026,287,0.2264808362369338,0.5770540680848137,-152.21565405791824,0.09966216216216216,0.03547297297297297,0.031081081081081083,0.20641891891891892,0.08591216216216216,False
USDCAD1440_comma,daily,10,300,long_short,fast_slope,0.001,-0.035490043512840574,-1.4471658977152546,-1.9274629333027171,-0.07908579642935404,-0.4487536968100614,360,0.2638888888888889,0.6359635461476613,-120.54716482480505,0.05878378378378379,0.022635135135135136,0.03209459459459459,0.3304054054054054,0.08515202702702704,False
USDCAD1440_comma,daily,10,50,long_short,combined,0.001,-0.03745002888468152,-1.4390473892331466,-1.9292783803182756,-0.0787173825023993,-0.47575297468179967,388,0.2603092783505155,0.6331271566011184,-115.44934779426833,0.0625,0.024662162162162164,0.02533783783783784,0.3236486486486487,0.0847804054054054,False
USDCAD1440_comma,daily,5,300,long_short,fast_slope,0.0,-0.03967732757301179,-1.5363714789289797,-2.0261097120052494,-0.07869567915295445,-0.5041868626089898,497,0.27565392354124746,0.6704065340344133,-95.55160160555813,0.02972972972972973,0.025,0.018243243243243244,0.4185810810810811,0.0845777027027027,False
USDCAD1440_comma,daily,60,200,long_short,combined,0.0025,-0.032172453621884034,-1.32085369687445,-1.7578385878483587,-0.07238300967147383,-0.44447521273163093,166,0.24096385542168675,0.5099459947972818,-242.44961377320763,0.10878378378378378,0.06486486486486487,0.04966216216216216,0.09662162162162162,0.0841554054054054,False
USDCAD1440_comma,daily,5,50,long_short,fast_slope,0.001,-0.04182160857347017,-1.490536283004792,-1.9755908939582365,-0.07988069345156215,-0.5235508952964942,539,0.2727272727272727,0.6640319563571758,-91.24092448697374,0.04391891891891892,0.01722972972972973,0.010810810810810811,0.4006756756756757,0.08413851351351351,False
USDCAD1440_comma,daily,20,150,long_short,fast_slope,0.001,-0.035373455946501986,-1.360047798698012,-1.8232184179681978,-0.07663536862602982,-0.461581337451636,272,0.22794117647058823,0.5720174183167366,-159.8165365170734,0.0956081081081081,0.038513513513513516,0.032432432432432434,0.1966216216216216,0.08385135135135136,False
USDCAD1440_comma,daily,5,50,long_short,fast_slope,0.0025,-0.04017644581161517,-1.497881148995743,-1.9931251372329246,-0.0792577586465074,-0.5069086799540173,503,0.27037773359840955,0.6588672528841159,-94.9583525863168,0.04121621621621622,0.020945945945945947,0.016554054054054055,0.39054054054054055,0.08361486486486486,False
USDCAD1440_comma,daily,20,200,long_short,combined,0.0025,-0.030288342195467277,-1.3874452048509316,-1.8508920998994502,-0.0757893720639447,-0.3996383842567335,235,0.2297872340425532,0.5614816352520089,-163.74207908027202,0.08277027027027027,0.046621621621621624,0.0652027027027027,0.17162162162162162,0.08354729729729729,False
USDCAD1440_comma,daily,10,200,long_short,fast_slope,0.0025,-0.03594249103369296,-1.4312253017033114,-1.9256309157184102,-0.07899471423267315,-0.45499868418824807,359,0.27019498607242337,0.6243081983390147,-122.11275582242735,0.06655405405405405,0.023310810810810812,0.030405405405405407,0.297972972972973,0.08322635135135135,False
USDCAD1440_comma,daily,20,150,long_short,fast_slope,0.0025,-0.034499782523417455,-1.3757740703547323,-1.8371250644441937,-0.07710493808438289,-0.44743933891317356,256,0.2109375,0.57938126287664,-164.59294092172732,0.08885135135135135,0.03581081081081081,0.03547297297297297,0.21047297297297296,0.08315878378378377,False
USDCAD1440_comma,daily,5,500,long_short,fast_slope,0.005,-0.037423925250195444,-1.6681453450269217,-2.1837050664823967,-0.0718457339449244,-0.5208927962081079,417,0.26618705035971224,0.6554199744838181,-109.58531894438798,0.009121621621621622,0.06756756756756757,0.026013513513513515,0.38175675675675674,0.08300675675675676,False
USDCAD1440_comma,daily,10,250,long_short,fast_slope,0.0025,-0.036207426760098804,-1.4632324784470614,-1.9592208189949465,-0.0761287249895923,-0.4756079491026388,355,0.2676056338028169,0.6226575485758461,-124.81696644586344,0.05439189189189189,0.0445945945945946,0.029054054054054056,0.29324324324324325,0.0827027027027027,False
USDCAD1440_comma,daily,10,150,long_short,combined,0.0,-0.033609177874227014,-1.4463334326984716,-1.9316149087879413,-0.07583638697229889,-0.44318010411682185,340,0.25588235294117645,0.6068060905826176,-123.05023735436762,0.05912162162162162,0.04628378378378378,0.04054054054054054,0.2591216216216216,0.08219594594594595,False
USDCAD1440_comma,daily,20,200,long_short,combined,0.001,-0.030888796215179704,-1.3865092966594312,-1.8477731462998948,-0.07616124595088203,-0.4055710463967531,244,0.23770491803278687,0.5581901451547491,-160.31689125555747,0.08344594594594594,0.04391891891891892,0.06047297297297297,0.16418918918918918,0.08108108108108109,False
USDCAD1440_comma,daily,10,300,long_short,combined,0.005,-0.02991871540637492,-1.5246268386021242,-2.0251480688083436,-0.07363062947714974,-0.4063351844039278,296,0.2702702702702703,0.6049743183231518,-129.56111561323019,0.03412162162162162,0.05641891891891892,0.07331081081081081,0.25472972972972974,0.080625,False
USDCAD1440_comma,daily,75,200,long_short,combined,0.0,-0.03189052215859356,-1.2690394303508024,-1.6722738787573759,-0.07790908426479404,-0.40932995759782553,172,0.23837209302325582,0.46872924153368406,-234.18444472277355,0.13716216216216215,0.03006756756756757,0.05304054054054054,0.04932432432432433,0.0803885135135135,False
USDCAD1440_comma,daily,75,100,long_short,combined,0.0025,-0.030399257681074765,-1.3064403705930394,-1.7129943680664674,-0.0713591631336656,-0.42600356206718326,132,0.22727272727272727,0.4184455558829679,-288.69803352958803,0.11925675675675676,0.06925675675675676,0.06486486486486487,0.01418918918918919,0.08011824324324326,False
USDCAD1440_comma,daily,75,250,long_short,fast_slope,0.005,-0.029971037651333132,-1.2907425786173972,-1.6863295965369076,-0.07632462349787654,-0.39267848667693683,128,0.2421875,0.4453056902692409,-299.84544665234995,0.1266891891891892,0.04121621621621622,0.07263513513513513,0.027364864864864866,0.0796114864864865,False
USDCAD1440_comma,daily,5,400,long_short,combined,0.0,-0.03399614061805567,-1.6695899673994512,-2.1984965917940813,-0.07279606844971083,-0.4670051740711928,395,0.2582278481012658,0.6451575668758794,-107.6106602739443,0.008783783783783784,0.06047297297297297,0.038513513513513516,0.35033783783783784,0.07888513513513513,False
USDCAD1440_comma,daily,10,200,long_short,combined,0.0025,-0.032087648155560866,-1.4697013971350752,-1.9635776594837069,-0.0775207693248364,-0.4139232419263479,316,0.25,0.6092243960248698,-127.70821093476967,0.05101351351351351,0.03445945945945946,0.05033783783783784,0.2648648648648649,0.07881756756756758,False
USDCAD1440_comma,daily,10,75,long_short,fast_slope,0.001,-0.0395848747733506,-1.4184381626005007,-1.8997299364315072,-0.07970673560973221,-0.49663148880127106,405,0.2839506172839506,0.6176633496365386,-115.45286248794244,0.06993243243243243,0.018243243243243244,0.01891891891891892,0.28243243243243243,0.07868243243243243,False
USDCAD1440_comma,daily,20,200,long_short,fast_slope,0.005,-0.03177641457059088,-1.3799334751549315,-1.847255523337167,-0.0764566989593683,-0.4156132164099572,231,0.21645021645021645,0.5529941013931841,-172.44160856042032,0.0875,0.039527027027027026,0.05337837837837838,0.15405405405405406,0.07866554054054054,False
USDCAD1440_comma,daily,10,300,long_short,fast_slope,0.0,-0.0374243706356131,-1.4677225957050128,-1.951857166663547,-0.07927127137344396,-0.47210508910987825,379,0.26649076517150394,0.6298287419050216,-119.00641496816787,0.05168918918918919,0.02060810810810811,0.025675675675675677,0.3158783783783784,0.0783445945945946,False
USDCAD1440_comma,daily,75,200,long_short,fast_slope,0.001,-0.03256750208027914,-1.2506857823753328,-1.6464935929460025,-0.07824806878330151,-0.41620838171061925,150,0.24,0.42894231265328203,-271.95503374447026,0.14932432432432433,0.02702702702702703,0.04594594594594595,0.01722972972972973,0.07826013513513513,False
USDCAD1440_comma,daily,10,100,long_short,combined,0.005,-0.03320683345387687,-1.479867917179476,-1.98705617572577,-0.07375438041990619,-0.4502354065591798,330,0.2515151515151515,0.5974943548859246,-125.36623285565425,0.047635135135135134,0.056081081081081084,0.042905405405405404,0.2429054054054054,0.07809121621621622,False
USDCAD1440_comma,daily,5,400,long_short,fast_slope,0.005,-0.03700916577927971,-1.6397760864803694,-2.1486624255678786,-0.07320067094999781,-0.5055850622538701,423,0.2718676122931442,0.6433364873380548,-106.85182042671079,0.013513513513513514,0.05810810810810811,0.027702702702702704,0.34594594594594597,0.07736486486486488,False
USDCAD1440_comma,daily,75,300,long_short,slow_slope,0.005,-0.03618853758102192,-1.2600648337991218,-1.627369984645669,-0.07497304060636664,-0.48268734052049134,81,0.16049382716049382,0.32032654000059146,-542.9510942244842,0.14391891891891892,0.05,0.029391891891891894,0.0013513513513513514,0.07614864864864865,False
USDCAD1440_comma,daily,5,100,long_short,fast_slope,0.0,-0.042812446552790484,-1.5374262598792607,-2.0475558579338164,-0.08011239492800636,-0.534404777079305,537,0.28677839851024206,0.6573474096423562,-93.19779521120535,0.029054054054054056,0.01587837837837838,0.008445945945945946,0.38716216216216215,0.07535472972972973,False
USDCAD1440_comma,daily,5,500,long_short,fast_slope,0.0025,-0.040202544320500744,-1.6828633404431748,-2.201127906447291,-0.07445119151675877,-0.5399852373276155,448,0.25223214285714285,0.6513534000380993,-107.40556827880933,0.007432432432432433,0.05304054054054054,0.016216216216216217,0.3722972972972973,0.07532094594594596,False
USDCAD1440_comma,daily,10,200,long_short,combined,0.005,-0.0316766548018379,-1.4870809704651637,-1.9864871077626216,-0.07732184609109778,-0.40967276912294126,304,0.24013157894736842,0.6009326859239845,-131.53794525527533,0.04527027027027027,0.03513513513513514,0.05439189189189189,0.2483108108108108,0.0750168918918919,False
USDCAD1440_comma,daily,75,250,long_short,fast_slope,0.0025,-0.03228957037771274,-1.2813209942514272,-1.6760373088808989,-0.0782864184042133,-0.41245430607124245,147,0.25170068027210885,0.4527407333717063,-276.14438703166104,0.13243243243243244,0.02668918918918919,0.047972972972972976,0.03277027027027027,0.07415540540540541,False
USDCAD1440_comma,daily,5,250,long_short,fast_slope,0.005,-0.03882024180624466,-1.611287954487232,-2.151083757231499,-0.07812150823058005,-0.4969213048430212,437,0.2837528604118993,0.6511318646834919,-106.96445538911648,0.01756756756756757,0.02837837837837838,0.02195945945945946,0.37094594594594593,0.0741554054054054,False
USDCAD1440_comma,daily,5,100,long_short,combined,0.0,-0.03909364771799584,-1.5901655629345026,-2.120329892124723,-0.07807345334646401,-0.5007290704115679,471,0.2781316348195329,0.6480922598835166,-99.75370359878406,0.021621621621621623,0.029054054054054056,0.021621621621621623,0.35912162162162165,0.07410472972972973,False
USDCAD1440_comma,daily,10,250,long_short,fast_slope,0.0,-0.03795037086313213,-1.4674605737184774,-1.9663506505737534,-0.07913863289159612,-0.4795429169861507,378,0.26455026455026454,0.6191693140198206,-120.42113409792941,0.05202702702702703,0.02195945945945946,0.02364864864864865,0.2847972972972973,0.07375000000000001,False
USDCAD1440_comma,daily,5,250,long_short,fast_slope,0.0,-0.04189717362577494,-1.5862214119442437,-2.1024696356677586,-0.08084453478431454,-0.518243734564774,505,0.2851485148514851,0.6606994890392821,-97.7005510122084,0.0222972972972973,0.013851351351351352,0.010135135135135136,0.3945945945945946,0.07359797297297298,False
USDCAD1440_comma,daily,10,250,long_short,fast_slope,0.001,-0.03778261179882891,-1.4750237615539172,-1.9735674396192548,-0.07891328369572358,-0.4787864606485309,371,0.2587601078167116,0.6192800395675871,-123.16485342012497,0.04966216216216216,0.023986486486486488,0.024324324324324326,0.28547297297297297,0.07354729729729731,False
USDCAD1440_comma,daily,60,300,long_short,combined,0.005,-0.029631289218458923,-1.3762568954215957,-1.7905300610769224,-0.07634613962156797,-0.38811771446906285,141,0.2553191489361702,0.5003614001878436,-268.6835405387658,0.08851351351351351,0.04087837837837838,0.07702702702702703,0.08141891891891892,0.07324324324324324,False
USDCAD1440_comma,daily,10,200,long_short,combined,0.001,-0.03315725307845474,-1.4850264396011739,-1.984197198825203,-0.07815649700054958,-0.4242418013977979,327,0.24770642201834864,0.6059912343481075,-126.65227866066478,0.04560810810810811,0.028040540540540542,0.043243243243243246,0.25675675675675674,0.07241554054054053,False
USDCAD1440_comma,daily,75,300,long_short,combined,0.0,-0.02986568632242781,-1.319760999673099,-1.7224830134443503,-0.07757257614597708,-0.3850031519673418,144,0.2152777777777778,0.4497126119207411,-264.89937404817033,0.10912162162162162,0.033445945945945944,0.07364864864864865,0.03006756756756757,0.07125,False
USDCAD1440_comma,daily,40,200,long_short,combined,0.005,-0.03367671717377552,-1.402576728503359,-1.868319201353448,-0.07126616095201233,-0.4725484960029209,178,0.20224719101123595,0.5100649739895879,-234.2380788295893,0.07668918918918918,0.07027027027027027,0.03986486486486487,0.0972972972972973,0.07081081081081081,False
USDCAD1440_comma,daily,5,250,long_short,fast_slope,0.001,-0.04142802549822455,-1.6027495689604168,-2.13278492540292,-0.08101143382008201,-0.5113849187045856,486,0.27983539094650206,0.6563042945688464,-100.75478522804886,0.018243243243243244,0.012837837837837839,0.0125,0.3837837837837838,0.07057432432432433,False
USDCAD1440_comma,daily,5,500,long_short,fast_slope,0.0,-0.04134205020743509,-1.672465830756938,-2.1827561368766144,-0.07596773137288473,-0.5442054074842541,470,0.26170212765957446,0.6467641015418587,-104.35058215638146,0.008108108108108109,0.04493243243243243,0.013513513513513514,0.3543918918918919,0.07033783783783784,False
USDCAD1440_comma,daily,10,100,long_short,fast_slope,0.0,-0.04140537362336494,-1.4454410422794806,-1.9305743788332586,-0.0798792236353603,-0.5183497252348849,411,0.2822384428223844,0.6074696103501612,-117.57794586551573,0.0597972972972973,0.01756756756756757,0.012837837837837839,0.2608108108108108,0.07,False
USDCAD1440_comma,daily,100,300,long_short,combined,0.0025,-0.03199507945428315,-1.3810480096710211,-1.7975065987127434,-0.06864986059647075,-0.46606182702034493,120,0.19166666666666668,0.3883402755488488,-336.498933362285,0.08682432432432433,0.0945945945945946,0.051351351351351354,0.005067567567567568,0.06940878378378379,False
USDCAD1440_comma,daily,75,200,long_short,combined,0.005,-0.029995651408289192,-1.33634851589322,-1.752364056358684,-0.07680979416102514,-0.39051857560516157,140,0.2357142857142857,0.4401634221380425,-274.4209187543879,0.1043918918918919,0.0375,0.07195945945945946,0.023310810810810812,0.06902027027027027,False
USDCAD1440_comma,daily,5,500,long_short,fast_slope,0.001,-0.04185946666546769,-1.6953586345040932,-2.211198761681158,-0.07510100012421388,-0.5573756221120079,463,0.2613390928725702,0.6444203339075502,-106.99033910870175,0.005067567567567568,0.048986486486486486,0.010472972972972974,0.34797297297297297,0.06856418918918919,False
USDCAD1440_comma,daily,10,150,long_short,combined,0.005,-0.03331974205994204,-1.496398013004974,-1.99844954856081,-0.07557179342575394,-0.4409018305576836,296,0.23986486486486486,0.5793997439937656,-140.54125318741387,0.04155405405405405,0.0472972972972973,0.041891891891891894,0.21081081081081082,0.06844594594594594,False
USDCAD1440_comma,daily,5,400,long_short,combined,0.001,-0.03595379463224868,-1.7214214954834204,-2.2629052041135798,-0.07486230397703977,-0.48026567073430826,390,0.2512820512820513,0.6303255753264916,-113.74600407911609,0.002702702702702703,0.05067567567567568,0.03006756756756757,0.31722972972972974,0.06734797297297297,False
USDCAD1440_comma,daily,40,300,long_short,combined,0.005,-0.03071619800954173,-1.4264769818661853,-1.8831974723323972,-0.07394563075575088,-0.41538895125528263,164,0.21951219512195122,0.5058015092242074,-236.8047015054274,0.06858108108108107,0.05506756756756757,0.0625,0.08986486486486486,0.06717905405405405,False
USDCAD1440_comma,daily,75,300,long_short,combined,0.001,-0.03026952797937177,-1.3381639625691424,-1.7422926748088654,-0.0777947091382775,-0.38909494379069776,143,0.20279720279720279,0.44370507030645145,-269.5765339498161,0.10304054054054054,0.03141891891891892,0.06689189189189189,0.025675675675675677,0.06630067567567569,False
USDCAD1440_comma,daily,20,150,long_short,fast_slope,0.005,-0.034949679141087375,-1.4311590983594853,-1.9113282490394714,-0.07771197651285282,-0.4497334993829044,235,0.20425531914893616,0.5579597565594863,-182.3045949140252,0.06689189189189189,0.032432432432432434,0.03412162162162162,0.16317567567567567,0.06616554054054055,False
USDCAD1440_comma,daily,20,200,long_short,combined,0.005,-0.0314301274677492,-1.4333514759622952,-1.9091929516172494,-0.07649607895014372,-0.41087239894000016,218,0.22935779816513763,0.5341958089150309,-181.5895417602166,0.06554054054054054,0.03918918918918919,0.05641891891891892,0.12567567567567567,0.06614864864864865,False
USDCAD1440_comma,daily,5,250,long_short,fast_slope,0.0025,-0.041270276091180835,-1.6232464192957508,-2.151590562705276,-0.08168489704964262,-0.5052375357233972,463,0.28725701943844495,0.6474905936673854,-105.51187205882803,0.015540540540540541,0.010810810810810811,0.013851351351351352,0.35574324324324325,0.06505067567567567,False
USDCAD1440_comma,daily,10,200,long_short,combined,0.0,-0.03484056741139141,-1.5106999909940155,-2.0140808707541895,-0.07950832270805698,-0.4382002565859793,340,0.24705882352941178,0.5997067920564074,-126.57159562638951,0.03783783783783784,0.019256756756756758,0.03445945945945946,0.24527027027027026,0.06363175675675675,False
USDCAD1440_comma,daily,5,100,long_short,fast_slope,0.0025,-0.04297240308959038,-1.591321458353027,-2.1196369658295082,-0.0810902173978025,-0.5299332579018947,498,0.2791164658634538,0.6394733830065582,-100.87264367876173,0.02060810810810811,0.0125,0.008108108108108109,0.3375,0.06361486486486487,False
USDCAD1440_comma,daily,10,100,long_short,combined,0.0025,-0.037154808751726165,-1.5036869521949292,-2.008559709701122,-0.076183959606298,-0.4876985778073767,360,0.2611111111111111,0.5798305190303146,-125.02933347575616,0.038513513513513516,0.04358108108108108,0.02668918918918919,0.2125,0.06351351351351352,False
USDCAD1440_comma,daily,10,200,long_short,fast_slope,0.001,-0.04005883945538835,-1.489323930264007,-1.9935864861735184,-0.08178878417557942,-0.48978401940041505,374,0.2647058823529412,0.6075327060099337,-126.98975632249024,0.044256756756756756,0.010472972972972974,0.01756756756756757,0.2611486486486487,0.06300675675675677,False
USDCAD1440_comma,daily,10,100,long_short,fast_slope,0.005,-0.037840343764572015,-1.4999997344490943,-2.0097110791915456,-0.07850787585578893,-0.4819942375473375,348,0.26436781609195403,0.5925652878605723,-130.07483578198406,0.04054054054054054,0.025675675675675677,0.023986486486486488,0.23277027027027028,0.06234797297297297,False
USDCAD1440_comma,daily,10,400,long_short,fast_slope,0.0025,-0.03607725047011523,-1.5591587308407222,-2.0515472127146257,-0.07807992432756294,-0.4620553974766036,342,0.27485380116959063,0.6062500287890206,-129.37448397475325,0.025,0.028716216216216218,0.02972972972972973,0.2574324324324324,0.061739864864864866,False
USDCAD1440_comma,daily,5,300,long_short,fast_slope,0.0025,-0.04231190268158336,-1.6399257833052636,-2.150520068137465,-0.08118933593332585,-0.521150988552618,459,0.28540305010893247,0.6400879255430701,-108.34235659129486,0.013175675675675676,0.012162162162162163,0.00945945945945946,0.33885135135135136,0.06103040540540541,False
USDCAD1440_comma,daily,5,100,long_short,combined,0.001,-0.040934577678120365,-1.6404868671057522,-2.1804506826534835,-0.07935422993585388,-0.5158461963679806,462,0.2748917748917749,0.6287240336497345,-105.17348877249168,0.012837837837837839,0.02027027027027027,0.014527027027027028,0.31317567567567567,0.060084459459459456,False
USDCAD1440_comma,daily,75,300,long_short,combined,0.005,-0.029570953935113553,-1.3819946457386114,-1.7935809777955833,-0.07741073877316673,-0.38200066817297806,123,0.21951219512195122,0.41310441134411024,-308.5147309474952,0.08547297297297297,0.034797297297297296,0.0777027027027027,0.010472972972972974,0.060000000000000005,False
USDCAD1440_comma,daily,5,50,long_short,fast_slope,0.005,-0.04004526896698779,-1.5949194190884675,-2.1074516720406304,-0.07990876251229745,-0.5011373935471104,431,0.2668213457076566,0.6228717799075792,-110.7143629534463,0.019594594594594596,0.016891891891891893,0.017905405405405406,0.29493243243243245,0.05988175675675676,False
USDCAD1440_comma,daily,10,100,long_short,combined,0.0,-0.03881664492240844,-1.5123881223934104,-2.0167648034637704,-0.07760558769904852,-0.5001784803555369,377,0.26790450928381965,0.5823408760689814,-123.36693157589976,0.037162162162162164,0.03310810810810811,0.0222972972972973,0.2152027027027027,0.05988175675675675,False
USDCAD1440_comma,daily,10,100,long_short,fast_slope,0.001,-0.04261785978260357,-1.4840247155766202,-1.981513683769203,-0.08036135353921864,-0.5303277994416165,404,0.27722772277227725,0.5948842809676699,-122.21893157858672,0.04628378378378378,0.015202702702702704,0.009121621621621622,0.23648648648648649,0.05961148648648648,False
USDCAD1440_comma,daily,5,150,long_short,fast_slope,0.0025,-0.04340234467483828,-1.6233102380810334,-2.157141835277059,-0.08314887034584788,-0.5219835758959968,489,0.26993865030674846,0.6379874613241608,-103.45099329710193,0.015202702702702704,0.006418918918918919,0.007094594594594595,0.3344594594594595,0.05927364864864865,False
USDCAD1440_comma,daily,20,150,long_short,combined,0.005,-0.03303348117828564,-1.4642419749754896,-1.9503456242605883,-0.07619884643794562,-0.43351681452536495,225,0.21333333333333335,0.5285440290154073,-183.1456310119505,0.05337837837837838,0.04256756756756757,0.04391891891891892,0.11824324324324324,0.05851351351351352,False
USDCAD1440_comma,daily,5,75,long_short,fast_slope,0.005,-0.040691801987224774,-1.6049976391975056,-2.117892394676029,-0.08145370638701917,-0.4995696794186594,453,0.26269315673289184,0.6249285987384909,-106.69942661034992,0.017905405405405406,0.011486486486486487,0.014864864864864866,0.3013513513513513,0.05820945945945946,False
USDCAD1440_comma,daily,10,100,long_short,fast_slope,0.0025,-0.04135596502757666,-1.4918610035418969,-1.9908695333482316,-0.08083367282453013,-0.5116180371681268,385,0.2779220779220779,0.5912809479931617,-125.3797355174919,0.04358108108108108,0.01418918918918919,0.013175675675675676,0.2304054054054054,0.05817567567567568,False
USDCAD1440_comma,daily,5,100,long_short,fast_slope,0.001,-0.04568630084885539,-1.6156285096470824,-2.1453256762336794,-0.08249140509656822,-0.5538310420991486,525,0.2742857142857143,0.6312300404034143,-99.83841409495402,0.016891891891891893,0.008445945945945946,0.00472972972972973,0.31891891891891894,0.05765202702702703,False
USDCAD1440_comma,daily,10,100,long_short,combined,0.001,-0.039146998992292126,-1.5213885561954559,-2.027754976274773,-0.07783854030534305,-0.5029256566056772,371,0.2668463611859838,0.5769919386624878,-126.15258757457839,0.03445945945945946,0.031081081081081083,0.020945945945945947,0.20608108108108109,0.05665540540540541,False
USDCAD1440_comma,daily,5,300,long_short,fast_slope,0.005,-0.04181196233408868,-1.6843695055024805,-2.2073555938354366,-0.0793985869449138,-0.5266083937123156,426,0.2793427230046948,0.6269191240623542,-115.86502725730105,0.007094594594594595,0.019594594594594596,0.01114864864864865,0.3064189189189189,0.05592905405405406,False
USDCAD1440_comma,daily,10,300,long_short,combined,0.0025,-0.03402381627544626,-1.5887907672242036,-2.099150705644141,-0.0786885040293095,-0.43238611148044237,312,0.25961538461538464,0.5859592892442587,-135.39143545482466,0.02195945945945946,0.02533783783783784,0.038175675675675674,0.2195945945945946,0.05569256756756757,False
USDCAD1440_comma,daily,5,75,long_short,fast_slope,0.001,-0.04641559119749361,-1.6150954677146165,-2.134122983809009,-0.08418934374072883,-0.551323827163162,532,0.2781954887218045,0.6290787600607782,-99.63620250341145,0.01722972972972973,0.004054054054054054,0.0030405405405405407,0.3141891891891892,0.05564189189189189,False
USDCAD1440_comma,daily,75,200,long_short,fast_slope,0.0025,-0.034724888258300224,-1.3273110958656305,-1.736645155501838,-0.07951017909531342,-0.436735128173633,134,0.23134328358208955,0.3980814186323272,-320.0784098444731,0.10675675675675676,0.01891891891891892,0.03513513513513514,0.005405405405405406,0.05527027027027028,False
USDCAD1440_comma,daily,5,100,long_short,combined,0.0025,-0.041513982482401124,-1.6676668617467343,-2.215411590717592,-0.07975565835986219,-0.5205145733370742,452,0.27876106194690264,0.6227747747939494,-108.6258684177395,0.00945945945945946,0.017905405405405406,0.011824324324324325,0.2939189189189189,0.05471283783783784,False
USDCAD1440_comma,daily,5,200,long_short,fast_slope,0.0025,-0.04388757232098994,-1.6473183390355184,-2.192008832532839,-0.08474122079084316,-0.5179011101257616,478,0.27615062761506276,0.6310392009652185,-106.61299092364499,0.01114864864864865,0.0033783783783783786,0.006418918918918919,0.3185810810810811,0.054375,False
USDCAD1440_comma,daily,5,300,long_short,combined,0.0025,-0.03928716749396577,-1.7266534851412962,-2.269824719475941,-0.07873729330450746,-0.4989651770480241,408,0.25735294117647056,0.6193314111195116,-115.89648104496136,0.002027027027027027,0.024324324324324326,0.02027027027027027,0.28581081081081083,0.053817567567567566,False
USDCAD1440_comma,daily,75,200,long_short,combined,0.001,-0.03482626738714356,-1.3563382574665566,-1.7817090265661915,-0.07962057771248811,-0.4374028471999045,169,0.22485207100591717,0.43719965943918787,-255.2682235169352,0.09628378378378379,0.018581081081081082,0.034797297297297296,0.02027027027027027,0.05315878378378379,False
USDCAD1440_comma,daily,5,300,long_short,combined,0.001,-0.03909776597061698,-1.7082627201493428,-2.248558892549386,-0.08058065972878764,-0.485200370687077,422,0.26066350710900477,0.6215178276306234,-111.67885098366587,0.004054054054054054,0.014527027027027028,0.021283783783783785,0.2905405405405405,0.05309121621621621,False
USDCAD1440_comma,daily,5,200,long_short,combined,0.001,-0.04043477371036264,-1.6873111853341525,-2.2362611250120503,-0.08292782807660175,-0.48758992787092403,432,0.27314814814814814,0.6229487095186435,-111.57107630175788,0.006418918918918919,0.007432432432432433,0.015540540540540541,0.29527027027027025,0.05182432432432432,False
USDCAD1440_comma,daily,10,200,long_short,fast_slope,0.0,-0.043061189288503665,-1.531022562251056,-2.0456327139710493,-0.0841627594378832,-0.5116418422602365,397,0.2695214105793451,0.5967876622849821,-125.45455251045412,0.03209459459459459,0.00472972972972973,0.007432432432432433,0.24121621621621622,0.05168918918918919,False
USDCAD1440_comma,daily,5,400,long_short,fast_slope,0.0,-0.04397998573364181,-1.710247312465164,-2.225345177122374,-0.07993675426483005,-0.5501847821833791,483,0.2712215320910973,0.6244709031755659,-105.95872365958091,0.0033783783783783786,0.016554054054054055,0.006081081081081081,0.2993243243243243,0.05160472972972973,False
USDCAD1440_comma,daily,5,400,long_short,fast_slope,0.0025,-0.04305148053667507,-1.7338552133337943,-2.2594031757081003,-0.07821705389712244,-0.5504104078542762,451,0.2572062084257206,0.6192533913925071,-111.79499462907043,0.0010135135135135136,0.027364864864864866,0.007770270270270271,0.2851351351351351,0.05157094594594594,False
USDCAD1440_comma,daily,5,300,long_short,combined,0.005,-0.038027275386376624,-1.7342258855451087,-2.2902877483499195,-0.0790020533345935,-0.48134540535701753,385,0.24935064935064935,0.6134009263218231,-119.99071549883469,0.0006756756756756757,0.022972972972972974,0.022972972972972974,0.27128378378378376,0.05130067567567567,False
USDCAD1440_comma,daily,5,200,long_short,combined,0.0025,-0.040099882498014106,-1.6941837090745715,-2.2479402969154956,-0.0824814359202847,-0.48616857903358013,421,0.2660332541567696,0.6204591929694465,-113.81231699495807,0.005405405405405406,0.008783783783783784,0.01722972972972973,0.28783783783783784,0.05097972972972973,False
USDCAD1440_comma,daily,10,75,long_short,fast_slope,0.0,-0.046163921395573904,-1.5028549243136597,-1.9956861557089391,-0.08335053808299653,-0.553852709980181,428,0.28738317757009346,0.583920614689528,-122.14821121628728,0.03918918918918919,0.0057432432432432436,0.004054054054054054,0.2179054054054054,0.050608108108108105,False
USDCAD1440_comma,daily,100,300,long_short,combined,0.001,-0.03512700578582406,-1.415005382971011,-1.8346423900551272,-0.07347651055098266,-0.47807123014437003,121,0.18181818181818182,0.3839937265137267,-358.8825328068785,0.07195945945945946,0.057094594594594594,0.033445945945945944,0.00472972972972973,0.05045608108108108,False
USDCAD1440_comma,daily,10,75,long_short,combined,0.005,-0.03675902741094916,-1.530866293572704,-2.043901835280415,-0.08006957942035067,-0.4590885536936691,339,0.24778761061946902,0.5657320438389379,-130.56634945726276,0.032432432432432434,0.016216216216216217,0.02837837837837838,0.18141891891891893,0.04991554054054054,False
USDCAD1440_comma,daily,10,400,long_short,fast_slope,0.0,-0.03931353309757646,-1.5919441622716841,-2.086545204360592,-0.08196010827785166,-0.4796666808235571,368,0.26358695652173914,0.5923412897417608,-127.19400195868393,0.02027027027027027,0.010135135135135136,0.019932432432432434,0.23243243243243245,0.04949324324324324,False
USDCAD1440_comma,daily,10,400,long_short,fast_slope,0.001,-0.039161106961458025,-1.601957783579809,-2.1050094939054054,-0.0809657241988,-0.4836751273329367,359,0.2618384401114206,0.5900679262234926,-130.87526069466043,0.018581081081081082,0.013513513513513514,0.02060810810810811,0.22736486486486487,0.04903716216216216,False
USDCAD1440_comma,daily,5,200,long_short,fast_slope,0.0,-0.048094453139301385,-1.6891825769323314,-2.2401047123520472,-0.08721515790094887,-0.5514460364094362,521,0.2840690978886756,0.6268070802566266,-104.14951811958667,0.006081081081081081,0.00033783783783783786,0.0013513513513513514,0.30608108108108106,0.04869932432432432,False
USDCAD1440_comma,daily,10,150,long_short,fast_slope,0.005,-0.03951870649472966,-1.5415773255521783,-2.0576728054963858,-0.07917754133152013,-0.4991151004457559,334,0.25149700598802394,0.5671186357205242,-140.61001107685254,0.028716216216216218,0.021621621621621623,0.019594594594594596,0.18513513513513513,0.048581081081081084,False
USDCAD1440_comma,daily,75,300,long_short,combined,0.0025,-0.03231960386098087,-1.3990466352407576,-1.8129744130603889,-0.07892919605171003,-0.4094759034389107,139,0.20863309352517986,0.4173716025935698,-292.6707869678732,0.07804054054054053,0.02364864864864865,0.04695945945945946,0.013175675675675676,0.048496621621621626,False
USDCAD1440_comma,daily,5,300,long_short,combined,0.0,-0.04060971017331905,-1.731672480855168,-2.2768875590244897,-0.08152368045765856,-0.49813391575728416,435,0.25057471264367814,0.616750241326885,-111.3683746634093,0.0013513513513513514,0.01114864864864865,0.015202702702702704,0.2793918918918919,0.048277027027027034,False
USDCAD1440_comma,daily,5,75,long_short,combined,0.0025,-0.041808967013658216,-1.6630741167302667,-2.2048409260361526,-0.08314770612447313,-0.5028276661182893,468,0.2670940170940171,0.6106610192612365,-105.39121284049652,0.010135135135135136,0.006756756756756757,0.011486486486486487,0.2668918918918919,0.048074324324324326,False
USDCAD1440_comma,daily,5,100,long_short,combined,0.005,-0.041148162737610794,-1.7069939018227827,-2.265562337610092,-0.07909877021334477,-0.5202124208331709,424,0.27122641509433965,0.6022411069827681,-115.06470764260675,0.004391891891891892,0.0222972972972973,0.01418918918918919,0.25067567567567567,0.04777027027027027,False
USDCAD1440_comma,daily,5,150,long_short,fast_slope,0.005,-0.04360799553917827,-1.6712481193470008,-2.2142033841465514,-0.083286248991565,-0.5235917821631607,448,0.2700892857142857,0.6151814049890789,-113.3010647573921,0.008445945945945946,0.006081081081081081,0.006756756756756757,0.27466216216216216,0.04744932432432432,False
USDCAD1440_comma,daily,5,200,long_short,fast_slope,0.001,-0.047228048654288535,-1.6901854438972423,-2.2386543509841603,-0.08701502152181156,-0.542757420825899,501,0.2774451097804391,0.6219106605544651,-107.036208387559,0.0057432432432432436,0.0006756756756756757,0.002027027027027027,0.2922297297297297,0.046706081081081076,False
USDCAD1440_comma,daily,10,300,long_short,combined,0.001,-0.03627039480948702,-1.6188006597487927,-2.1330149527050533,-0.08034482215669227,-0.451434128994035,326,0.24846625766871167,0.5751096924065485,-135.57295078104244,0.016216216216216217,0.015540540540540541,0.028716216216216218,0.20304054054054055,0.04657094594594595,False
USDCAD1440_comma,daily,5,75,long_short,combined,0.005,-0.04028149785679447,-1.6781214495758399,-2.227367868143105,-0.0821743258111607,-0.49019565976559,427,0.24824355971896955,0.6021159547765369,-112.48210700090945,0.007770270270270271,0.00945945945945946,0.01587837837837838,0.25,0.04614864864864865,False
USDCAD1440_comma,daily,5,75,long_short,fast_slope,0.0025,-0.04680832550000513,-1.6589902308180808,-2.1830947074661617,-0.08529752915963576,-0.5487653154923464,511,0.2759295499021526,0.6126406628152222,-104.40190659867328,0.010472972972972974,0.002702702702702703,0.002702702702702703,0.26925675675675675,0.045793918918918916,False
USDCAD1440_comma,daily,5,75,long_short,fast_slope,0.0,-0.05082844004637077,-1.6661797591208416,-2.19906677158558,-0.0866351607574438,-0.5866952817075892,557,0.26750448833034113,0.6153706345966784,-101.11319992556359,0.009797297297297298,0.0013513513513513514,0.00033783783783783786,0.2756756756756757,0.04567567567567568,False
USDCAD1440_comma,daily,5,200,long_short,combined,0.0,-0.04265692602983073,-1.7290130579961769,-2.2890299263189378,-0.0841735475516716,-0.5067735324288778,443,0.2686230248306998,0.6156779096441047,-113.03775331054452,0.0016891891891891893,0.004391891891891892,0.008783783783783784,0.27668918918918917,0.045033783783783775,False
USDCAD1440_comma,daily,5,75,long_short,combined,0.001,-0.044075755090109636,-1.6854684976575451,-2.233865297512481,-0.08413432032106948,-0.5238736691745983,489,0.26789366053169733,0.60577989910334,-104.65165554527732,0.006756756756756757,0.005067567567567568,0.0057432432432432436,0.2560810810810811,0.043530405405405405,False
USDCAD1440_comma,daily,10,300,long_short,combined,0.0,-0.03749758501267697,-1.6377623625648907,-2.1543093716843846,-0.08041487958480582,-0.4663015751100128,339,0.2448377581120944,0.5705400188161018,-133.63670085755368,0.01418918918918919,0.014864864864864866,0.025,0.19324324324324324,0.04337837837837838,False
USDCAD1440_comma,daily,5,100,long_short,fast_slope,0.005,-0.04496325437029036,-1.700356414109125,-2.250483363103488,-0.08305324138226472,-0.5413786821797887,453,0.26269315673289184,0.6053638067065716,-114.52522728291902,0.00472972972972973,0.007094594594594595,0.005067567567567568,0.25574324324324327,0.043040540540540545,False
USDCAD1440_comma,daily,10,75,long_short,combined,0.0025,-0.03967697347590038,-1.5511255150341394,-2.0714338522662272,-0.08125076629426843,-0.48832737567300044,375,0.24533333333333332,0.5619220999885409,-124.8835802272395,0.026013513513513515,0.011824324324324325,0.018581081081081082,0.17297297297297298,0.04302364864864865,False
USDCAD1440_comma,daily,5,150,long_short,fast_slope,0.001,-0.04904795542352214,-1.7086459040122004,-2.269030939075419,-0.08660890393939408,-0.5663153924433013,517,0.2688588007736944,0.6133993467102653,-106.40176480557047,0.0037162162162162164,0.0016891891891891893,0.0010135135135135136,0.27094594594594595,0.04275337837837838,False
USDCAD1440_comma,daily,5,150,long_short,fast_slope,0.0,-0.050054997082155106,-1.7109513964621776,-2.2704375837325332,-0.08699997506774892,-0.5753449589287365,529,0.27977315689981097,0.6145786078769209,-105.41908112442596,0.0030405405405405407,0.0010135135135135136,0.0006756756756756757,0.2733108108108108,0.042601351351351346,False
USDCAD1440_comma,daily,5,400,long_short,fast_slope,0.001,-0.04626706740202746,-1.7706179062627736,-2.2991176385223,-0.08257508185740817,-0.5603030158894919,474,0.26582278481012656,0.6078380558915599,-111.89542848408308,0.00033783783783783786,0.008108108108108109,0.0037162162162162164,0.2625,0.042280405405405404,False
USDCAD1440_comma,daily,10,50,long_short,fast_slope,0.005,-0.041448629695530315,-1.5855415711754817,-2.088656635986512,-0.08230853428233167,-0.503576330898504,324,0.26851851851851855,0.5669847233626082,-149.71813035401243,0.022635135135135136,0.009121621621621622,0.012162162162162163,0.1847972972972973,0.041486486486486486,False
USDCAD1440_comma,daily,10,50,long_short,combined,0.005,-0.04015993726753109,-1.6208169870924194,-2.1529621192114057,-0.08197153985323441,-0.48992537336050135,318,0.25157232704402516,0.5702407710718728,-148.88774567063552,0.01587837837837838,0.009797297297297298,0.016891891891891893,0.19222972972972974,0.04101351351351351,False
USDCAD1440_comma,daily,100,300,long_short,combined,0.0,-0.037583164077270026,-1.4505097746463411,-1.8774612393394758,-0.07591048461094294,-0.4950984606394173,125,0.176,0.36888850352389535,-365.824629755543,0.057432432432432436,0.04594594594594595,0.024662162162162164,0.0037162162162162164,0.039949324324324326,False
USDCAD1440_comma,daily,5,75,long_short,combined,0.0,-0.046811857940617596,-1.7255843038652243,-2.28633624716517,-0.08588322198637258,-0.5450640632467819,499,0.2625250501002004,0.5964450577766914,-106.891538278361,0.002364864864864865,0.002027027027027027,0.002364864864864865,0.2402027027027027,0.03795608108108108,False
USDCAD1440_comma,daily,75,200,long_short,combined,0.0025,-0.03713533755130238,-1.4259210681805543,-1.8601609561327705,-0.08097562370531838,-0.45859896907300235,160,0.21875,0.40800566750933115,-282.99050483694447,0.06891891891891892,0.013175675675675676,0.02702702702702703,0.008108108108108109,0.037483108108108114,False
USDCAD1440_comma,daily,10,75,long_short,combined,0.001,-0.042224169686501,-1.566887719323493,-2.087770172294036,-0.08265702708470353,-0.510835813671733,398,0.2638190954773869,0.5532096602942818,-123.21170108786632,0.02364864864864865,0.007770270270270271,0.009797297297297298,0.1543918918918919,0.03652027027027027,False
USDCAD1440_comma,daily,10,150,long_short,fast_slope,0.0025,-0.04479916439585063,-1.594633590433632,-2.1191230524731153,-0.08380894000857285,-0.5345392077655213,375,0.25866666666666666,0.5575733019568915,-136.57818536166874,0.019932432432432434,0.005405405405405406,0.005405405405405406,0.1625,0.034780405405405404,False
USDCAD1440_comma,daily,10,150,long_short,fast_slope,0.001,-0.04637574069007988,-1.5909132027612376,-2.116208549542726,-0.08499829781752131,-0.5456078754617144,394,0.26649746192893403,0.5573073225421435,-133.11339260182908,0.021283783783783785,0.0030405405405405407,0.0033783783783783786,0.16182432432432434,0.03422297297297298,False
USDCAD1440_comma,daily,10,150,long_short,fast_slope,0.0,-0.04739633314588687,-1.5982960034077127,-2.1285024692238608,-0.08565461541950013,-0.5533424312719127,404,0.2623762376237624,0.5565741234201336,-131.83021724576145,0.019256756756756758,0.002364864864864865,0.0016891891891891893,0.16013513513513514,0.032652027027027034,False
USDCAD1440_comma,daily,10,75,long_short,combined,0.0,-0.04570658222468571,-1.6186120227982908,-2.1501929210881316,-0.08472371706869862,-0.5394780092996193,414,0.26570048309178745,0.5319404393959795,-125.33201473465463,0.016554054054054055,0.0037162162162162164,0.004391891891891892,0.12094594594594595,0.026570945945945945,False
