asset,timeframe,fast,slow,mode,filter,buffer,CAGR,sharpe,sortino,calmar,max_drawdown,num_trades,win_rate,profit_factor,expectancy,sharpe_rank,calmar_rank,cagr_rank,pf_rank,research_score,low_sample
USA30IDXUSD1440_comma,daily,20,250,long_only,none,0.0,0.06908527253091057,0.30270786477106987,0.38255216085641996,0.3603291195354169,-0.19172825282615036,10,0.6,10.445958313513238,12494.447683349928,1.0,0.9996621621621622,1.0,0.9986486486486487,0.9997128378378378,True
USA30IDXUSD1440_comma,daily,20,300,long_only,none,0.0025,0.06367402834170655,0.2544165191080149,0.31765896068470173,0.3519491311280914,-0.18091827116496695,8,0.625,5.322462563364936,10252.923946113888,0.9996621621621622,0.9993243243243243,0.9989864864864865,0.9969594594594594,0.9990371621621622,True
USA30IDXUSD1440_comma,daily,20,250,long_only,none,0.001,0.06259795356070641,0.24899737796752847,0.3139866589003489,0.32649263314906546,-0.19172853291340974,11,0.5454545454545454,7.062776382905637,9913.56987667865,0.9993243243243243,0.9983108108108109,0.9976351351351351,0.9983108108108109,0.9985810810810811,True
USA30IDXUSD1440_comma,daily,20,300,long_only,none,0.005,0.06214421267793635,0.24497119201164655,0.31006971503412184,0.34137201194839323,-0.1820424947061301,9,0.4444444444444444,4.221714141734848,8932.8975328855,0.9989864864864865,0.9986486486486487,0.9969594594594594,0.9945945945945946,0.9978378378378379,True
USA30IDXUSD1440_comma,daily,20,200,long_only,none,0.001,0.059766145192232,0.22568915674395143,0.2840033220687706,0.34574792896195117,-0.17286045753526158,12,0.6666666666666666,5.573778633483925,8574.943250781305,0.9969594594594594,0.9989864864864865,0.995945945945946,0.9976351351351351,0.9973648648648649,True
USA30IDXUSD1440_comma,daily,20,300,long_only,none,0.001,0.06055611444223086,0.2281539950600141,0.2848336137512325,0.31875676335345315,-0.1899759358990707,8,0.625,5.310592268669987,9626.145994824932,0.9976351351351351,0.9979729729729729,0.9962837837837838,0.9966216216216216,0.9972972972972973,True
USA30IDXUSD1440_comma,daily,20,300,long_only,none,0.0,0.05887840739510142,0.21408984448916862,0.2666650907139419,0.3171557043831862,-0.18564511557378383,8,0.625,5.412206568358961,9049.792380987432,0.9952702702702703,0.9976351351351351,0.9956081081081081,0.9972972972972973,0.9962331081081081,True
USA30IDXUSD1440_comma,daily,20,200,long_only,none,0.0,0.0584613181567506,0.21402781098717535,0.2686021884233418,0.3069576922456339,-0.1904539929560346,12,0.5,5.074967464063174,8317.594244212376,0.9949324324324325,0.9966216216216216,0.9952702702702703,0.9962837837837838,0.9956250000000001,True
USA30IDXUSD1440_comma,daily,20,250,long_only,price_slow,0.0,0.05603804155597403,0.20000515307428,0.2514849961421458,0.39006407084355227,-0.14366368436545873,33,0.3939393939393939,3.591816300273902,2758.8730271028226,0.9939189189189189,1.0,0.9935810810810811,0.9922297297297298,0.9951182432432434,False
USA30IDXUSD1440_comma,daily,75,250,long_only,price_slow,0.0,0.05758504246971863,0.21616564746946934,0.2710092248607088,0.29211311905898435,-0.19713268152838725,30,0.3,3.4891403305923614,3005.199753067988,0.995945945945946,0.9952702702702703,0.9945945945945946,0.9915540540540541,0.994847972972973,False
USA30IDXUSD1440_comma,daily,20,250,long_only,none,0.0025,0.05440855349977025,0.17983124891599053,0.22614724787757265,0.29707799944404745,-0.18314568430375378,12,0.4166666666666667,4.020293206882787,7383.568832503376,0.9925675675675676,0.9956081081081081,0.9925675675675676,0.9939189189189189,0.9935304054054055,True
USA30IDXUSD1440_comma,daily,75,250,long_only,price_slow,0.0025,0.05604603546294773,0.20186763316147402,0.2531295643451708,0.28478229766150476,-0.1968030875625726,30,0.3,3.2367095238726336,2883.582346802315,0.9942567567567567,0.9939189189189189,0.9939189189189189,0.9885135135135135,0.9932432432432433,False
USA30IDXUSD1440_comma,daily,60,250,long_only,price_slow,0.0,0.05558331139562944,0.19652972642222416,0.24579357540555777,0.315997938144975,-0.17589770275693595,31,0.3225806451612903,3.063761941094184,2755.5876461987,0.9935810810810811,0.9972972972972973,0.9932432432432432,0.985472972972973,0.9932263513513514,False
USA30IDXUSD1440_comma,daily,75,250,long_only,price_slow,0.001,0.05606171705757457,0.20200043188970018,0.25329551430247865,0.27560308483855744,-0.20341469359972641,30,0.3,3.272527430077295,2884.8105991838092,0.9945945945945946,0.9908783783783783,0.9942567567567567,0.9898648648648649,0.9928885135135135,False
USA30IDXUSD1440_comma,daily,20,250,long_only,none,0.005,0.05398660692378532,0.17721406387106925,0.2234111164994138,0.27365421288800285,-0.19728037932995446,12,0.5,3.8248200393935985,7276.652003460898,0.9922297297297298,0.9905405405405405,0.9922297297297298,0.9925675675675676,0.9918581081081083,True
USA30IDXUSD1440_comma,daily,60,250,long_only,price_slow,0.001,0.0533266114069153,0.17569808397708578,0.21972398707506186,0.30344351611164555,-0.17573818050307233,31,0.3225806451612903,2.9612316475625136,2587.6894184287585,0.9915540540540541,0.995945945945946,0.9905405405405405,0.9834459459459459,0.991233108108108,False
USA30IDXUSD1440_comma,daily,60,250,long_only,price_slow,0.005,0.053082843275586544,0.17385680601855882,0.2176386331109596,0.28162076994780216,-0.18849051256207183,30,0.3,3.2635052186876496,2655.4769155345043,0.9905405405405405,0.9932432432432432,0.9891891891891892,0.989527027027027,0.9907939189189189,False
USA30IDXUSD1440_comma,daily,50,250,long_only,price_slow,0.0025,0.053006464621061955,0.172541895892679,0.2159592536958592,0.3061708041034004,-0.1731271039258222,30,0.3,3.0789085388703956,2649.7009864978586,0.9898648648648649,0.9962837837837838,0.9885135135135135,0.9868243243243243,0.9907432432432433,False
USA30IDXUSD1440_comma,daily,60,250,long_only,price_slow,0.0025,0.053166521581370585,0.1745222325299246,0.21858608448634723,0.28017129876737074,-0.18976433994231268,31,0.3225806451612903,3.147834857661931,2575.945916466691,0.9908783783783783,0.9929054054054054,0.989527027027027,0.9878378378378379,0.9906587837837838,False
USA30IDXUSD1440_comma,daily,20,250,long_only,price_slow,0.005,0.05221705914593855,0.1657988554031629,0.20810396585352187,0.28402929970577684,-0.1838439175114317,25,0.36,3.4222517819803375,3327.15638047811,0.9888513513513514,0.9935810810810811,0.9868243243243243,0.9912162162162163,0.9899831081081082,False
USA30IDXUSD1440_comma,daily,75,250,long_only,price_slow,0.005,0.05333695892919499,0.1767440138996693,0.22120904028195437,0.26623755976709373,-0.200335966780399,31,0.3225806451612903,3.071774685060157,2588.4492240811874,0.9918918918918919,0.9881756756756757,0.9908783783783783,0.9861486486486486,0.9898986486486487,False
USA30IDXUSD1440_comma,daily,20,250,long_only,price_slow,0.001,0.05198919737049379,0.1630548539754203,0.20452518562220387,0.3143804369606569,-0.16537033243261245,33,0.36363636363636365,3.2106379435737153,2512.917542210961,0.9878378378378379,0.9969594594594594,0.9858108108108108,0.9881756756756757,0.9897635135135135,False
USA30IDXUSD1440_comma,daily,100,250,long_only,price_slow,0.001,0.053724897229501245,0.18155506818122696,0.22828795317317582,0.24885472753551138,-0.2158885939662719,30,0.3,3.0653975298671163,2704.234783721754,0.9929054054054054,0.9820945945945946,0.9915540540540541,0.9858108108108108,0.9888682432432432,False
USA30IDXUSD1440_comma,daily,100,250,long_only,price_slow,0.0025,0.05304844771473083,0.17513566987492002,0.22016269220309134,0.24355747955086662,-0.21780668699871208,30,0.3,2.9445286551906795,2652.875206386916,0.9912162162162163,0.9797297297297297,0.9888513513513514,0.9827702702702703,0.9866047297297298,False
USA30IDXUSD1440_comma,daily,50,250,long_only,price_slow,0.001,0.05098161810151591,0.15370936696323292,0.19229109252161833,0.29080516132857226,-0.17531194380664128,31,0.2903225806451613,2.857867470220787,2417.8483031485953,0.9847972972972973,0.9949324324324325,0.9831081081081081,0.9793918918918919,0.9861824324324325,False
USA30IDXUSD1440_comma,daily,10,400,long_only,none,0.005,0.05237664854333324,0.16032511870219202,0.20002272737721044,0.25480361888832714,-0.20555692565060613,13,0.38461538461538464,2.979194959147066,4520.416027265459,0.9868243243243243,0.9847972972972973,0.9875,0.9837837837837838,0.9859966216216216,True
USA30IDXUSD1440_comma,daily,10,250,long_only,none,0.005,0.05127199955812567,0.1537851881554518,0.1924059614848498,0.2668305237789684,-0.1921519278678826,16,0.4375,2.877954761115846,4706.666459670258,0.9851351351351352,0.9885135135135135,0.9841216216216216,0.9804054054054054,0.9850675675675676,True
USA30IDXUSD1440_comma,daily,50,250,long_only,price_slow,0.005,0.0504516459568618,0.14897451750293822,0.18636086710943148,0.26688006618018856,-0.18904239150929514,30,0.3,2.890020860669465,2459.442076441708,0.9831081081081081,0.9888513513513514,0.9824324324324324,0.981418918918919,0.9841554054054054,False
USA30IDXUSD1440_comma,daily,10,400,long_only,none,0.001,0.05156005302297606,0.15310623793910788,0.18968005951207098,0.267069012913339,-0.19305891185401858,12,0.3333333333333333,2.7001865671303094,4543.134739554135,0.9844594594594595,0.9891891891891892,0.9847972972972973,0.9739864864864864,0.9841385135135136,True
USA30IDXUSD1440_comma,daily,50,250,long_only,price_slow,0.0,0.05036643145002628,0.14800429900201686,0.18513808839457704,0.27902902013156433,-0.1805060686027501,32,0.28125,2.788233000515569,2299.8690148763662,0.9827702702702703,0.9925675675675676,0.9820945945945946,0.9760135135135135,0.984070945945946,False
USA30IDXUSD1440_comma,daily,50,200,long_only,slow_slope,0.005,0.05239980762649177,0.16673259932793433,0.20809288961487268,0.23547110028131923,-0.22253179929039824,31,0.41935483870967744,2.8238572894719054,2749.3910546315087,0.989527027027027,0.9763513513513513,0.9878378378378379,0.9773648648648648,0.9840709459459459,False
USA30IDXUSD1440_comma,daily,20,200,long_only,none,0.0025,0.05101856673481486,0.15099489342530803,0.1894715383148669,0.2354776030631377,-0.21665995436999352,15,0.5333333333333333,3.5243055949905324,5447.718436471593,0.9834459459459459,0.9766891891891892,0.9834459459459459,0.9918918918918919,0.9830236486486487,True
USA30IDXUSD1440_comma,daily,100,250,long_only,price_slow,0.005,0.05174702177291213,0.16281177369668656,0.2044300426046536,0.23470417110373906,-0.22047764012698345,30,0.3,2.8319279751253754,2555.1988283951314,0.9875,0.9756756756756757,0.9851351351351352,0.9777027027027027,0.9826013513513514,False
USA30IDXUSD1440_comma,daily,10,250,long_only,none,0.001,0.05144296481370736,0.1546898418128647,0.19401134375931445,0.23992334220180542,-0.21441417221688008,18,0.3888888888888889,2.841852103261196,4208.377039198107,0.9858108108108108,0.9780405405405406,0.9844594594594595,0.9787162162162162,0.9825337837837839,True
USA30IDXUSD1440_comma,daily,10,300,long_only,none,0.005,0.04995771679311778,0.14202941760074309,0.17987492643188566,0.27835476577655843,-0.17947498277511065,18,0.3333333333333333,2.6367549050563275,4111.743772008531,0.981081081081081,0.9918918918918919,0.9804054054054054,0.9716216216216216,0.9822297297297298,True
USA30IDXUSD1440_comma,daily,20,300,long_only,price_slow,0.0025,0.050364900445368344,0.14726356532781135,0.18486878180474675,0.2871609044035917,-0.17538912739522072,37,0.2702702702702703,2.343397415878223,1879.5688808527098,0.9824324324324324,0.9942567567567567,0.9817567567567568,0.956081081081081,0.9813006756756757,False
USA30IDXUSD1440_comma,daily,10,250,long_only,none,0.0025,0.05047857092136665,0.1464759900558419,0.1835062804431205,0.24578019108161797,-0.20538095726601446,18,0.3888888888888889,2.773107640749884,4086.3685394998483,0.9820945945945946,0.981081081081081,0.9827702702702703,0.9756756756756757,0.9810135135135135,True
USA30IDXUSD1440_comma,daily,100,500,long_only,none,0.005,0.06467570731134398,0.23693574380794055,0.30233518566407885,0.17098811659516955,-0.37824679632251756,3,0.6666666666666666,12.225086069472255,16602.2213050164,0.9986486486486487,0.9216216216216216,0.9996621621621622,0.9989864864864865,0.9796452702702703,True
USA30IDXUSD1440_comma,daily,30,250,long_only,price_slow,0.0,0.04839944145930275,0.12957030212083642,0.16202966211581613,0.27303123463890544,-0.17726704976927976,34,0.2647058823529412,2.699311647310359,2249.934906797849,0.9763513513513513,0.9902027027027027,0.9753378378378378,0.9736486486486486,0.9792060810810811,False
USA30IDXUSD1440_comma,daily,60,100,long_only,none,0.0025,0.04792185608666233,0.12423909496535313,0.1570689440909158,0.2760563832826847,-0.17359445022356113,21,0.5238095238095238,2.998252343682172,3830.0412454605857,0.972972972972973,0.9912162162162163,0.9726351351351351,0.9841216216216216,0.9791385135135136,False
USA30IDXUSD1440_comma,daily,100,500,long_only,none,0.0025,0.06364134744631467,0.2297906010402811,0.292898952548988,0.16825339941790451,-0.37824702304078583,3,0.6666666666666666,20.740723927311734,15762.655419808923,0.9979729729729729,0.918581081081081,0.9986486486486487,0.9993243243243243,0.9784628378378379,True
USA30IDXUSD1440_comma,daily,100,400,long_only,none,0.0025,0.06440549493181291,0.2350120577940771,0.30022713829611425,0.17026865179394535,-0.3782580895146498,4,0.5,4.381707981293194,11650.562120951587,0.9983108108108109,0.9195945945945946,0.9993243243243243,0.9949324324324325,0.9783277027027028,True
USA30IDXUSD1440_comma,daily,100,500,long_only,none,0.001,0.06325381669636743,0.2268795639502703,0.28836039194684454,0.1672290205090124,-0.37824664943820874,3,0.6666666666666666,60.351113461156444,15060.238118182506,0.9972972972972973,0.9175675675675675,0.9983108108108109,0.9996621621621622,0.9779222972972973,True
USA30IDXUSD1440_comma,daily,10,400,long_only,none,0.0025,0.05030881256929831,0.14309591761405258,0.17816205132498986,0.23360005529754546,-0.21536301652505185,12,0.4166666666666667,2.589721886342048,4340.789647424117,0.981418918918919,0.9746621621621622,0.981418918918919,0.9689189189189189,0.9778547297297298,True
USA30IDXUSD1440_comma,daily,30,250,long_only,price_slow,0.0025,0.04853452103767353,0.13091685060915545,0.16354231718351483,0.24665255534690994,-0.19677282876478241,32,0.28125,2.665470601747413,2377.6420333096476,0.9773648648648648,0.981418918918919,0.977027027027027,0.9719594594594595,0.9775,False
USA30IDXUSD1440_comma,daily,100,400,long_only,none,0.0,0.06306556003609343,0.225433098865409,0.287721750454601,0.16672635606728875,-0.37825789229533047,4,0.75,4.9922246685753935,11475.67040592499,0.9966216216216216,0.9172297297297297,0.9979729729729729,0.995945945945946,0.9769425675675676,True
USA30IDXUSD1440_comma,daily,20,250,long_only,price_slow,0.0025,0.04840218121526707,0.129897913869272,0.162707057621121,0.23490650418878006,-0.20604870598376102,30,0.3333333333333333,2.8811978917135534,2493.343379526407,0.9766891891891892,0.9760135135135135,0.9756756756756757,0.9807432432432432,0.9769256756756757,False
USA30IDXUSD1440_comma,daily,20,200,long_only,slow_slope,0.0,0.0485306685130098,0.13142845034620418,0.16357064194892199,0.21808419591160816,-0.2225317992903979,27,0.4444444444444444,3.3670847608072223,2824.495134321227,0.9777027027027027,0.9675675675675676,0.9766891891891892,0.9902027027027027,0.9768412162162162,False
USA30IDXUSD1440_comma,daily,30,250,long_only,none,0.0,0.05325254201343754,0.16522547979381735,0.20214925094563177,0.1820221051321432,-0.29256085119319775,10,0.5,4.197151123469051,8768.196450202213,0.9885135135135135,0.9358108108108109,0.9898648648648649,0.9942567567567567,0.9764695945945946,True
USA30IDXUSD1440_comma,daily,40,250,long_only,price_slow,0.0,0.04801897343053674,0.1260959792290554,0.15790074911469967,0.2645137908250251,-0.18153674816259813,34,0.2647058823529412,2.529111811966139,2014.8483107082147,0.9743243243243244,0.9875,0.9739864864864864,0.9668918918918918,0.9764358108108108,False
USA30IDXUSD1440_comma,daily,100,400,long_only,none,0.005,0.06247645062987517,0.2226418104615121,0.284800319570941,0.1651688941953169,-0.3782579700266988,5,0.6,6.409133610860259,17643.00792230552,0.9962837837837838,0.914527027027027,0.9972972972972973,0.9979729729729729,0.9763006756756758,True
USA30IDXUSD1440_comma,daily,40,250,long_only,price_slow,0.005,0.04785936562587367,0.12487930133353199,0.1562486944535168,0.2562875545386103,-0.18674088842134373,30,0.3333333333333333,2.6925031122907277,2476.049267758664,0.9733108108108108,0.9864864864864865,0.9716216216216216,0.9733108108108108,0.976266891891892,False
USA30IDXUSD1440_comma,daily,40,200,long_only,none,0.005,0.0532561623649066,0.1659075383567359,0.20294399140725758,0.1820345268192076,-0.29256077566976824,13,0.46153846153846156,3.2548639807876216,6726.393446326499,0.9891891891891892,0.9361486486486487,0.9902027027027027,0.9891891891891892,0.9761317567567567,True
USA30IDXUSD1440_comma,daily,40,250,long_only,price_slow,0.001,0.04799103322956344,0.1258581233414399,0.15753960329261912,0.26479602868983515,-0.18123773784302866,33,0.2727272727272727,2.5279431144828193,2074.093592221777,0.9736486486486486,0.9878378378378379,0.9736486486486486,0.9662162162162162,0.9760810810810809,False
USA30IDXUSD1440_comma,daily,10,250,long_only,price_slow,0.005,0.04944723628606251,0.1390828720710044,0.17239690492557513,0.232132820814641,-0.2130126886518401,27,0.3333333333333333,2.5249633982384783,2640.795133930665,0.9793918918918919,0.9739864864864864,0.9790540540540541,0.9655405405405405,0.9758952702702703,False
USA30IDXUSD1440_comma,daily,10,400,long_only,none,0.0,0.04973789599135747,0.13825060573673711,0.17116787276136672,0.23436933399415308,-0.21222015330981103,12,0.3333333333333333,2.450023401925433,4279.50760882092,0.9790540540540541,0.9753378378378378,0.9797297297297297,0.9621621621621622,0.9757263513513513,True
USA30IDXUSD1440_comma,daily,100,500,long_only,none,0.0,0.061477261995957155,0.2149018927083625,0.27294726508927203,0.16253235226430832,-0.37824630690130856,3,0.6666666666666666,77.65810673767108,14240.76424830176,0.9956081081081081,0.9097972972972973,0.9966216216216216,1.0,0.9750168918918919,True
USA30IDXUSD1440_comma,daily,30,200,long_only,slow_slope,0.001,0.04857463693381581,0.13153978931645247,0.1637909655809501,0.21828177855348727,-0.22253179929039835,30,0.4,2.747980652546343,2467.455737812246,0.9780405405405406,0.9679054054054054,0.9773648648648648,0.9746621621621622,0.9748648648648648,False
USA30IDXUSD1440_comma,daily,30,50,long_only,none,0.0025,0.04882770906708522,0.13433338140153697,0.17091033982158188,0.2508463024687302,-0.19465189873855904,42,0.42857142857142855,2.180381949694444,1821.2264096742822,0.9787162162162162,0.9834459459459459,0.9783783783783784,0.9445945945945946,0.9747128378378378,False
USA30IDXUSD1440_comma,daily,40,200,long_only,slow_slope,0.0025,0.048338468828328596,0.1292165082410758,0.16079570958255648,0.2172205005418041,-0.22253179929039824,28,0.39285714285714285,2.8412821954386867,2726.5219172571865,0.9760135135135135,0.966554054054054,0.975,0.9783783783783784,0.9738006756756756,False
USA30IDXUSD1440_comma,daily,40,200,long_only,slow_slope,0.005,0.04843708648630307,0.13028987499545347,0.16236032256392843,0.21766366263499246,-0.22253179929039812,31,0.45161290322580644,2.6924686628682633,2462.881572114234,0.977027027027027,0.9668918918918918,0.9760135135135135,0.972972972972973,0.9736824324324325,False
USA30IDXUSD1440_comma,daily,20,300,long_only,price_slow,0.001,0.0478078161069444,0.12388539607017952,0.15558401422501983,0.2891820531504119,-0.16532082674604354,38,0.23684210526315788,2.195897878021762,1687.7503761341297,0.9719594594594595,0.9945945945945946,0.9712837837837838,0.9452702702702702,0.9734797297297298,False
USA30IDXUSD1440_comma,daily,40,200,long_only,slow_slope,0.0,0.04831807752161876,0.12896150831307418,0.1606737165174598,0.21712886731556463,-0.22253179929039835,28,0.42857142857142855,2.8213298254459738,2771.539788149784,0.9756756756756757,0.9662162162162162,0.9746621621621622,0.977027027027027,0.9733108108108108,False
USA30IDXUSD1440_comma,daily,100,250,long_only,price_slow,0.0,0.04949701581082144,0.14099088541315982,0.17646600595681328,0.20131269491503995,-0.24587130896891862,30,0.3,2.757330222409975,2389.7978803802516,0.9807432432432432,0.9530405405405405,0.9793918918918919,0.975,0.9726858108108108,False
USA30IDXUSD1440_comma,daily,30,200,long_only,none,0.0025,0.04785979883203506,0.12334831704113478,0.15372037230061705,0.21866573183545107,-0.2188719669529664,13,0.6153846153846154,2.9105244991923036,5858.902760059106,0.970945945945946,0.9685810810810811,0.9719594594594595,0.9824324324324324,0.9722804054054055,True
USA30IDXUSD1440_comma,daily,20,100,long_only,none,0.0,0.04789974540435704,0.12380996299376945,0.15583902629407054,0.245696844115579,-0.19495466283573581,25,0.44,2.2847951404021423,2977.0158839495325,0.9716216216216216,0.9807432432432432,0.9722972972972973,0.9510135135135135,0.970945945945946,False
USA30IDXUSD1440_comma,daily,10,75,long_only,none,0.001,0.047798939765828274,0.12393646921527157,0.15596294349921463,0.24772185299004137,-0.1929540700139597,37,0.43243243243243246,2.230223935595516,1985.5940921517345,0.9722972972972973,0.9817567567567568,0.970945945945946,0.9489864864864865,0.9708952702702703,False
USA30IDXUSD1440_comma,daily,75,300,long_only,price_slow,0.0,0.04753907864970719,0.12194342598328729,0.15234216042814008,0.2696796896607427,-0.17627978847614145,32,0.21875,2.1508298840543336,1986.7301884671517,0.9702702702702702,0.989527027027027,0.9695945945945946,0.9425675675675675,0.970793918918919,False
USA30IDXUSD1440_comma,daily,10,75,long_only,none,0.0,0.04748748354184351,0.12098179740981822,0.15206487401997887,0.25609957349392165,-0.185425859535727,36,0.4722222222222222,2.22265382116622,2021.7297255938522,0.9692567567567567,0.9858108108108108,0.9689189189189189,0.9483108108108108,0.9701858108108108,False
USA30IDXUSD1440_comma,daily,40,250,long_only,price_slow,0.0025,0.047091409102718584,0.11761412417180639,0.14706016110799358,0.24024117075381843,-0.19601723116382253,34,0.29411764705882354,2.607011847744068,2143.7539375827464,0.966554054054054,0.9787162162162162,0.966554054054054,0.9695945945945946,0.9700506756756756,False
USA30IDXUSD1440_comma,daily,10,250,long_only,none,0.0,0.04793915194623821,0.12420984228972819,0.15552393892749936,0.21191796798458684,-0.22621560787014017,18,0.3888888888888889,2.440981104453507,3784.282058324225,0.9726351351351351,0.9635135135135136,0.972972972972973,0.9611486486486487,0.9686993243243244,True
USA30IDXUSD1440_comma,daily,100,400,long_only,none,0.001,0.05760243008241317,0.18928545858551196,0.24090680393175573,0.15228342477911797,-0.37825804197642376,4,0.5,3.0764896537271684,9059.265586565209,0.9932432432432432,0.8976351351351352,0.9949324324324325,0.9864864864864865,0.9686655405405405,True
USA30IDXUSD1440_comma,daily,10,300,long_only,none,0.001,0.04693096817819198,0.11542940059805801,0.14279905420784533,0.232121793586543,-0.20218251570891166,17,0.35294117647058826,2.6085558625799874,3701.793383966208,0.9658783783783784,0.9736486486486486,0.9662162162162162,0.9699324324324324,0.9684966216216218,True
USA30IDXUSD1440_comma,daily,60,300,long_only,price_slow,0.0,0.047197103471428026,0.11859452624705097,0.14831321019580598,0.256166740787765,-0.18424368177651518,32,0.21875,2.1387655373272327,1964.5744677836653,0.9675675675675676,0.9861486486486486,0.9675675675675676,0.9405405405405406,0.9681587837837838,False
USA30IDXUSD1440_comma,daily,10,300,long_only,none,0.0,0.046527788968843575,0.11203746421764933,0.13880940151871923,0.23881880767825142,-0.19482464308894853,16,0.3125,2.5275762529123957,3842.9360807098424,0.9635135135135136,0.9777027027027027,0.9638513513513514,0.9658783783783784,0.9674831081081081,True
USA30IDXUSD1440_comma,daily,100,500,long_only,slow_slope,0.0025,0.05201194870459469,0.15611190980932743,0.19728150893019625,0.19863925581169775,-0.2618412382389309,15,0.26666666666666666,1.9974746537992143,2006.7436424919206,0.9861486486486486,0.9513513513513514,0.9861486486486486,0.9179054054054054,0.9672128378378378,True
USA30IDXUSD1440_comma,daily,20,300,long_only,price_slow,0.005,0.04685448895581734,0.11528008357852051,0.14457537754713254,0.25789417541854065,-0.18168106697166164,35,0.2571428571428571,2.12630102061885,1775.9692937403383,0.9655405405405405,0.9871621621621621,0.9655405405405405,0.9378378378378378,0.9667905405405405,False
USA30IDXUSD1440_comma,daily,30,200,long_only,slow_slope,0.0,0.04717656951656113,0.11842434498371116,0.147026891966628,0.2095075535698459,-0.22517837048215705,29,0.4482758620689655,2.633440842651504,2509.542296822148,0.9672297297297298,0.9614864864864865,0.9672297297297298,0.9712837837837838,0.9664020270270272,False
USA30IDXUSD1440_comma,daily,30,200,long_only,none,0.005,0.047384005340911806,0.11936949039286861,0.14895619743166633,0.20107887876166047,-0.2356488440393396,14,0.42857142857142855,2.868539543586472,5326.244458095794,0.9682432432432433,0.952027027027027,0.9682432432432433,0.9800675675675675,0.965962837837838,True
USA30IDXUSD1440_comma,daily,10,250,long_only,price_slow,0.0025,0.047484557287833074,0.12106756595126393,0.14999507473343218,0.2112858762278093,-0.22474080206210767,29,0.3103448275862069,2.338939950444632,2313.384160861645,0.9695945945945946,0.9625,0.9685810810810811,0.9554054054054054,0.9654898648648649,False
USA30IDXUSD1440_comma,daily,75,300,long_only,price_slow,0.001,0.04676256571160908,0.11468169414087838,0.14330052074892116,0.2500405372492967,-0.18701993775107606,32,0.21875,2.094395931952656,1936.5499689238175,0.964527027027027,0.9827702702702703,0.9652027027027027,0.9327702702702703,0.9644594594594594,False
USA30IDXUSD1440_comma,daily,100,300,long_only,none,0.0,0.055152347648167455,0.17317063720729997,0.21997210398333852,0.14183835450974802,-0.38883944923639846,5,0.6,4.584466301011873,14534.997919911844,0.9902027027027027,0.8814189189189189,0.9929054054054054,0.9956081081081081,0.9643581081081081,True
USA30IDXUSD1440_comma,daily,30,150,long_only,none,0.0,0.046917723696543456,0.11527198428202574,0.14405107571922535,0.20683779988977025,-0.22683341111512134,16,0.4375,2.6148334983349537,4457.2222334120725,0.9652027027027027,0.9574324324324325,0.9658783783783784,0.9706081081081082,0.9642060810810811,True
USA30IDXUSD1440_comma,daily,75,500,long_only,none,0.0025,0.05393018929740845,0.1651292206143524,0.2069739172278896,0.1425793837091622,-0.37824675555771026,3,0.6666666666666666,4.420586876879865,9922.007664528513,0.9881756756756757,0.8827702702702702,0.9918918918918919,0.9952702702702703,0.9636317567567567,True
USA30IDXUSD1440_comma,daily,40,150,long_only,none,0.0025,0.04545718679877342,0.10290134402631068,0.12799382282466096,0.2236347252272708,-0.20326533257559687,13,0.5384615384615384,2.6782554852006153,5517.006845521419,0.9574324324324325,0.970945945945946,0.9567567567567568,0.9726351351351351,0.9629560810810811,True
USA30IDXUSD1440_comma,daily,20,200,long_only,slow_slope,0.001,0.04583921545806047,0.10606924164801511,0.1320006586070475,0.2059895062378993,-0.22253179929039835,28,0.4642857142857143,3.043716099067325,2505.6159887181275,0.9601351351351352,0.956081081081081,0.9608108108108108,0.9844594594594595,0.9629054054054054,False
USA30IDXUSD1440_comma,daily,30,50,long_only,none,0.005,0.04536894451073392,0.10199756201313126,0.1316703027527073,0.2551304000631637,-0.17782649382238158,52,0.5,2.2213951846808415,1600.812043507382,0.956081081081081,0.9851351351351352,0.956418918918919,0.947972972972973,0.962195945945946,False
USA30IDXUSD1440_comma,daily,20,300,long_only,price_slow,0.0,0.04549402367528699,0.10281590689034245,0.12876499839284694,0.27084637443475557,-0.16796984552675298,38,0.21052631578947367,2.1001673811787605,1562.570628064196,0.9570945945945946,0.9898648648648649,0.9577702702702703,0.933445945945946,0.9618750000000001,False
USA30IDXUSD1440_comma,daily,40,200,long_only,slow_slope,0.001,0.045951398987387204,0.10704080492022901,0.13330836472663393,0.20649362982690775,-0.22253179929039812,28,0.39285714285714285,2.6150617098753077,2553.5132066291612,0.960472972972973,0.9570945945945946,0.9614864864864865,0.970945945945946,0.961402027027027,False
USA30IDXUSD1440_comma,daily,60,300,long_only,price_slow,0.001,0.04574497747846862,0.10512129189497654,0.13138282507378907,0.24932016769189008,-0.18347884931234393,33,0.24242424242424243,2.0904086382841323,1814.7689269087568,0.9594594594594594,0.9824324324324324,0.9601351351351352,0.9317567567567567,0.9611824324324325,False
USA30IDXUSD1440_comma,daily,20,150,long_only,none,0.0,0.04574535305037353,0.10525636661121616,0.1335243052450247,0.21298904740949476,-0.2147779597437378,17,0.35294117647058826,2.409762954832473,4084.2535040144003,0.9597972972972973,0.9641891891891892,0.960472972972973,0.9587837837837838,0.9608783783783784,True
USA30IDXUSD1440_comma,daily,60,400,long_only,none,0.005,0.05340026518657037,0.16201095946419122,0.20419573824464185,0.13920168816314282,-0.38361794236278124,6,0.5,3.3822012759073163,10401.849013635745,0.9871621621621621,0.8760135135135135,0.9912162162162163,0.9908783783783783,0.9607432432432433,True
USA30IDXUSD1440_comma,daily,60,300,long_only,price_slow,0.0025,0.04563898807937905,0.10413888716569718,0.13023170382100344,0.2405613417946201,-0.18971871265310558,33,0.24242424242424243,2.1108346438986034,1808.24015188368,0.9587837837837838,0.9790540540540541,0.9591216216216216,0.9354729729729729,0.9604222972972972,False
USA30IDXUSD1440_comma,daily,20,150,long_only,none,0.001,0.045475951661775316,0.10292753879289314,0.13053078553575342,0.21330863640000736,-0.2131932041255773,16,0.3125,2.452291175137995,4303.284404938698,0.9577702702702703,0.964527027027027,0.9570945945945946,0.9625,0.9600337837837838,True
USA30IDXUSD1440_comma,daily,30,250,long_only,price_slow,0.001,0.04514899471963019,0.09959549848264419,0.12439827483101769,0.22875916099445429,-0.19736475043604795,34,0.2647058823529412,2.407527112209226,2024.9108157093806,0.9540540540540541,0.9726351351351351,0.9557432432432432,0.9584459459459459,0.959695945945946,False
USA30IDXUSD1440_comma,daily,75,500,long_only,slow_slope,0.0025,0.04991398698312177,0.13913685357576588,0.17481878616443033,0.19417162718681838,-0.2570611767861327,14,0.21428571428571427,1.8995084445206323,1906.5398266288612,0.9797297297297297,0.947972972972973,0.9800675675675675,0.8976351351351352,0.9595439189189189,True
USA30IDXUSD1440_comma,daily,75,400,long_only,none,0.001,0.0523548227955577,0.154332339969439,0.19371984974842965,0.13841077892422815,-0.3782568323253127,5,0.8,3.9140869974660477,13366.181670814858,0.985472972972973,0.8746621621621622,0.9871621621621621,0.9932432432432432,0.9592736486486487,True
USA30IDXUSD1440_comma,daily,100,500,long_only,slow_slope,0.005,0.05011609216081414,0.14093832643892318,0.17796656938862185,0.1874868165970667,-0.2673046194416969,15,0.26666666666666666,1.9032424481067303,1801.092266031456,0.9804054054054054,0.9408783783783784,0.981081081081081,0.8986486486486487,0.9583952702702703,True
USA30IDXUSD1440_comma,daily,75,400,long_only,none,0.0025,0.05211585618474435,0.15272715977068507,0.1919081561743268,0.1377790300289588,-0.37825680855635635,5,0.8,3.935840019879278,13257.551574798377,0.9841216216216216,0.8729729729729729,0.9864864864864865,0.9935810810810811,0.9582263513513514,True
USA30IDXUSD1440_comma,daily,40,150,long_only,none,0.001,0.045146175743732364,0.10037669851909622,0.12409490289761266,0.20929170327553986,-0.21570934268854336,14,0.5714285714285714,2.4185911839822434,5025.528601448462,0.9550675675675676,0.9608108108108108,0.9554054054054054,0.9601351351351352,0.9573310810810811,True
USA30IDXUSD1440_comma,daily,75,400,long_only,none,0.0,0.051878735447460134,0.15107853752440625,0.18959508959294824,0.13715216659283191,-0.37825676936970465,6,0.6666666666666666,3.3816846375063085,10698.69926640206,0.9837837837837838,0.8716216216216216,0.985472972972973,0.9905405405405405,0.9570945945945946,True
USA30IDXUSD1440_comma,daily,100,200,long_only,slow_slope,0.0,0.04716724367347358,0.11806397531856853,0.14549027209902987,0.1864063914966638,-0.25303447641878607,23,0.34782608695652173,2.2105563782832447,2438.1414837035845,0.9668918918918918,0.9395270270270271,0.9668918918918918,0.9466216216216217,0.9570101351351351,False
USA30IDXUSD1440_comma,daily,5,50,long_only,none,0.0025,0.04423642077085965,0.0904671465249873,0.11566085942294685,0.27630008148493723,-0.16010281478426291,60,0.4166666666666667,2.028973067638418,1297.747531496353,0.9489864864864865,0.9915540540540541,0.9510135135135135,0.9236486486486486,0.9562331081081081,False
USA30IDXUSD1440_comma,daily,75,300,long_only,price_slow,0.0025,0.045486524255602845,0.10272104399009145,0.12840799586337023,0.22949389248522864,-0.19820363741719438,32,0.21875,2.0254811611610872,1855.0773621380627,0.9567567567567568,0.972972972972973,0.9574324324324325,0.922972972972973,0.9558783783783784,False
USA30IDXUSD1440_comma,daily,5,50,long_only,none,0.0,0.04443294002924025,0.09256292821233848,0.11705698960755283,0.2542429416208445,-0.17476567784329533,56,0.4107142857142857,2.037939236624338,1398.4049526606261,0.9506756756756757,0.9844594594594595,0.9523648648648648,0.925,0.9556081081081081,False
USA30IDXUSD1440_comma,daily,50,200,long_only,none,0.005,0.047949621918289775,0.1237003114130593,0.14878225195634134,0.15454301100992687,-0.31026716514025854,11,0.5454545454545454,2.864524007783285,6825.244924727492,0.9712837837837838,0.9006756756756756,0.9733108108108108,0.9797297297297297,0.955304054054054,True
USA30IDXUSD1440_comma,daily,60,400,long_only,price_slow,0.001,0.04749712135539719,0.12088208114934267,0.14948259980041817,0.17867453501658484,-0.2658303901615775,30,0.23333333333333334,2.0938167282932736,1970.0957455443777,0.9689189189189189,0.9324324324324325,0.9692567567567567,0.9324324324324325,0.9543918918918919,False
USA30IDXUSD1440_comma,daily,30,250,long_only,price_slow,0.005,0.04380361410432965,0.0870573600886877,0.10868577080381252,0.2207787218993647,-0.1984050533832522,32,0.28125,2.3270997434222225,2055.3135646945234,0.9469594594594595,0.9695945945945946,0.9483108108108108,0.9540540540540541,0.9539527027027027,False
USA30IDXUSD1440_comma,daily,100,500,long_only,slow_slope,0.001,0.04998035238557952,0.139722734079091,0.17594927211994651,0.17397019815467962,-0.28729261054897004,15,0.26666666666666666,1.8838427169243195,1786.5424140084713,0.9800675675675675,0.9256756756756757,0.9807432432432432,0.893918918918919,0.9536824324324324,True
USA30IDXUSD1440_comma,daily,10,250,long_only,price_slow,0.001,0.04572577317410986,0.10494930491687444,0.12995362674188443,0.18836327678317266,-0.24275312022069662,30,0.3,2.2240831253102598,2115.136957192425,0.9591216216216216,0.9429054054054054,0.9597972972972973,0.9486486486486486,0.9536317567567567,False
USA30IDXUSD1440_comma,daily,75,500,long_only,fast_slope,0.0025,0.04335309171996338,0.08060566278480268,0.10066477124597845,0.25342722335498763,-0.17106722453110978,57,0.3508771929824561,2.1974077207064,1158.8493626941613,0.9405405405405406,0.9837837837837838,0.9449324324324324,0.9456081081081081,0.9529898648648649,False
USA30IDXUSD1440_comma,daily,75,200,long_only,slow_slope,0.0,0.04514588194741043,0.09974849888835012,0.12290178702563263,0.2028738458565028,-0.222531799290398,28,0.35714285714285715,2.1526293481145484,1829.6854880053531,0.9543918918918919,0.9543918918918919,0.9550675675675676,0.9429054054054054,0.9528040540540542,False
USA30IDXUSD1440_comma,daily,60,400,long_only,none,0.001,0.05110939443694407,0.14592667182627778,0.18224387671336914,0.13409445971800507,-0.3811447135431616,6,0.5,2.8026699192557047,9223.313482059502,0.9817567567567568,0.8655405405405405,0.9837837837837838,0.9763513513513513,0.9522972972972974,True
USA30IDXUSD1440_comma,daily,60,500,long_only,slow_slope,0.0,0.04825744302701995,0.12587477312687415,0.15740358882995661,0.2159173452623853,-0.2234996126336073,18,0.16666666666666666,1.6600434410038352,1336.5525330242792,0.9739864864864864,0.9658783783783784,0.9743243243243244,0.8408783783783784,0.9520608108108108,True
USA30IDXUSD1440_comma,daily,60,200,long_only,price_slow,0.0025,0.04375849034038737,0.0862686194591753,0.10704563369122484,0.20611712282145397,-0.21229915177058112,40,0.35,2.4183252354493674,1770.3697321610634,0.9466216216216217,0.956418918918919,0.947972972972973,0.9597972972972973,0.9513175675675676,False
USA30IDXUSD1440_comma,daily,60,200,long_only,price_slow,0.0,0.04372053076977922,0.0860026142828146,0.10666535217404413,0.20718321932927428,-0.21102351296267197,41,0.34146341463414637,2.3205790782080125,1648.2253948621087,0.9459459459459459,0.9581081081081081,0.9476351351351351,0.9533783783783784,0.9504391891891892,False
USA30IDXUSD1440_comma,daily,60,200,long_only,price_slow,0.001,0.04335349481350459,0.08250960903123873,0.10232093492362442,0.20784842723102864,-0.2085822605976042,41,0.34146341463414637,2.3573422435077007,1667.8557199548884,0.9435810810810811,0.9591216216216216,0.9452702702702702,0.9567567567567568,0.9497804054054054,False
USA30IDXUSD1440_comma,daily,30,200,long_only,slow_slope,0.0025,0.04389542915161515,0.08777208528036591,0.10909897924573428,0.19725412191263833,-0.22253237968358375,31,0.3870967741935484,2.3463533727302277,2177.502112327774,0.9472972972972973,0.9503378378378379,0.9486486486486486,0.956418918918919,0.9496959459459461,False
USA30IDXUSD1440_comma,daily,75,200,long_only,price_slow,0.0,0.04435130740145676,0.0918939757845254,0.1143944864025074,0.19145362526010448,-0.23165561551107794,41,0.3170731707317073,2.3249803253994794,1541.8664882817473,0.9496621621621621,0.9459459459459459,0.9513513513513514,0.9537162162162162,0.9496790540540541,False
USA30IDXUSD1440_comma,daily,100,300,long_only,price_slow,0.005,0.0448641760328492,0.09676054365099035,0.12220581191670998,0.2098608958340054,-0.21378054188968876,32,0.21875,1.9660355508328662,1815.7832949559838,0.9533783783783784,0.9618243243243243,0.9540540540540541,0.9097972972972973,0.9490878378378379,False
USA30IDXUSD1440_comma,daily,60,200,long_only,slow_slope,0.0,0.04330435971256463,0.08313955997663591,0.102187029810515,0.19459852412397738,-0.22253179929039812,30,0.3333333333333333,2.503103434800162,2223.0162316213978,0.9439189189189189,0.9486486486486486,0.9445945945945946,0.9641891891891892,0.9482770270270271,False
USA30IDXUSD1440_comma,daily,75,500,long_only,fast_slope,0.005,0.04279782394143439,0.07443364387373884,0.09289437354697377,0.2501813194125405,-0.1710672245311099,57,0.3508771929824561,2.158806942047878,1138.2908828087059,0.9320945945945946,0.9831081081081081,0.9391891891891891,0.9435810810810811,0.9479898648648648,False
USA30IDXUSD1440_comma,daily,100,500,long_only,slow_slope,0.0,0.04863328325248606,0.12893008932043454,0.16223031112454128,0.16928142430837592,-0.2872924979878003,15,0.26666666666666666,1.811498030890917,1643.3990057632795,0.9753378378378378,0.918918918918919,0.9780405405405406,0.8783783783783784,0.9472297297297299,True
USA30IDXUSD1440_comma,daily,75,500,long_only,slow_slope,0.005,0.047560309359321984,0.1203769344204761,0.15107582744376769,0.18811620415169553,-0.2528240965407196,14,0.21428571428571427,1.7797084639293599,1640.3456759920625,0.9685810810810811,0.941554054054054,0.9699324324324324,0.8692567567567567,0.947195945945946,True
USA30IDXUSD1440_comma,daily,5,100,long_only,none,0.0025,0.0429639929738026,0.07899334497113064,0.09833450832212252,0.2285688324274407,-0.18796960424357745,42,0.42857142857142855,2.1256772821254435,1502.7470875398,0.9391891891891891,0.9719594594594595,0.9395270270270271,0.9375,0.947195945945946,False
USA30IDXUSD1440_comma,daily,100,300,long_only,price_slow,0.0025,0.04438044048017442,0.09213371492589423,0.11648227292370206,0.215543299075669,-0.2059003488881097,35,0.22857142857142856,1.9275410568988087,1632.4016255167528,0.95,0.9655405405405405,0.952027027027027,0.9023648648648649,0.9471452702702703,False
USA30IDXUSD1440_comma,daily,5,50,long_only,none,0.001,0.04315112929162823,0.08006567092677636,0.10126484404406028,0.23648646285951244,-0.18246765066321224,58,0.39655172413793105,2.002390123121877,1300.3665613510404,0.9398648648648649,0.977027027027027,0.9425675675675675,0.9199324324324324,0.9467060810810811,False
USA30IDXUSD1440_comma,daily,75,100,long_only,fast_slope,0.001,0.04190583056524999,0.06565555146770816,0.08275125605410939,0.2786963727524979,-0.15036374586211543,49,0.4897959183673469,2.312268316904661,1295.1506457023863,0.922972972972973,0.9922297297297298,0.9290540540540541,0.9527027027027027,0.945962837837838,False
USA30IDXUSD1440_comma,daily,100,150,long_only,none,0.0,0.05250230056730687,0.15749218912051893,0.19425269376374774,0.11681631305538911,-0.4494432258139547,11,0.8181818181818182,2.843360629839443,8969.071866842249,0.9864864864864865,0.827027027027027,0.9881756756756757,0.9790540540540541,0.9458445945945946,True
USA30IDXUSD1440_comma,daily,30,250,long_only,none,0.0025,0.046022224334698825,0.10829061803199541,0.12860500242602738,0.14394814851736804,-0.31971390260115795,9,0.5555555555555556,2.772404905869223,7839.310132309678,0.9618243243243243,0.885472972972973,0.9621621621621622,0.9753378378378378,0.9448310810810812,True
USA30IDXUSD1440_comma,daily,60,300,long_only,price_slow,0.005,0.04303114026715038,0.0797634393100833,0.09969491878546584,0.22261419735755897,-0.19329917308928202,32,0.21875,2.0058056897400856,1701.7081017764249,0.9395270270270271,0.9706081081081082,0.9405405405405406,0.9202702702702703,0.9446114864864865,False
USA30IDXUSD1440_comma,daily,75,200,long_only,price_slow,0.001,0.04327562711015598,0.0815767724077415,0.10156650062617194,0.18985287176358895,-0.22794296819509907,40,0.325,2.2864559721438242,1524.8538874617068,0.9418918918918919,0.9449324324324324,0.9439189189189189,0.9513513513513514,0.9444763513513513,False
USA30IDXUSD1440_comma,daily,60,400,long_only,none,0.0,0.04859842870055542,0.12868470915795588,0.16045907193894138,0.12810396636138785,-0.37936708816225695,6,0.5,2.613471213410132,8412.504623935985,0.975,0.8516891891891892,0.9777027027027027,0.9702702702702702,0.9440033783783783,True
USA30IDXUSD1440_comma,daily,60,400,long_only,price_slow,0.0,0.04556517676002514,0.10353420263117459,0.1279687230157518,0.1709646716534144,-0.26651808422968504,30,0.23333333333333334,2.028553947428348,1841.4359033001695,0.9581081081081081,0.9212837837837838,0.9584459459459459,0.9233108108108108,0.94375,False
USA30IDXUSD1440_comma,daily,10,200,long_only,none,0.0,0.04447242218295,0.09416316353486587,0.11667136877298205,0.16543852465726255,-0.26881539396632737,18,0.5,2.33188023889826,3589.806382152203,0.9516891891891892,0.9152027027027027,0.9530405405405405,0.9550675675675676,0.9433445945945946,True
USA30IDXUSD1440_comma,daily,5,200,long_only,none,0.0,0.04517314166788067,0.10021033644255538,0.12404369817959304,0.17021374257138816,-0.2653906845913744,24,0.3333333333333333,2.0821555944333783,2596.195019284263,0.9547297297297297,0.9192567567567568,0.956081081081081,0.9310810810810811,0.9425844594594595,False
USA30IDXUSD1440_comma,daily,75,300,long_only,price_slow,0.005,0.043662763198165644,0.085574016457366,0.10691852374666717,0.2011466574150535,-0.21706929540504505,32,0.21875,1.9442471901961003,1740.7378534105205,0.9456081081081081,0.9523648648648648,0.9472972972972973,0.9057432432432433,0.9416554054054054,False
USA30IDXUSD1440_comma,daily,60,500,long_only,slow_slope,0.001,0.046447128851760944,0.11158697881006815,0.13952102221588786,0.20823934760820212,-0.22304684194050695,18,0.16666666666666666,1.5933042705829241,1179.8791251890311,0.9628378378378378,0.9597972972972973,0.9635135135135136,0.8253378378378379,0.9415878378378378,True
USA30IDXUSD1440_comma,daily,75,500,long_only,none,0.005,0.047725253450717986,0.12269163860588836,0.15360917378961705,0.12617489668807516,-0.3782468201159107,3,0.6666666666666666,2.883234520705539,7053.840038153619,0.9706081081081082,0.8472972972972973,0.9706081081081082,0.981081081081081,0.9413513513513514,True
USA30IDXUSD1440_comma,daily,50,200,long_only,price_slow,0.005,0.04258718884528112,0.07502875177256942,0.09293350054621895,0.2142591577792517,-0.19876484761112578,43,0.37209302325581395,2.092549051321191,1477.3798885187357,0.9324324324324325,0.9648648648648649,0.9364864864864865,0.9320945945945946,0.9413006756756757,False
USA30IDXUSD1440_comma,daily,75,500,long_only,combined,0.005,0.041912538991145665,0.06436611523399574,0.08040881559996074,0.24500624889441386,-0.17106722453110978,58,0.3448275862068966,2.1434166728315165,1086.7256454288515,0.9219594594594595,0.9804054054054054,0.9293918918918919,0.9412162162162162,0.9409459459459459,False
USA30IDXUSD1440_comma,daily,50,200,long_only,slow_slope,0.0,0.042331670159064805,0.07421988376062547,0.09098266820192738,0.19022751037851932,-0.22253179929039824,30,0.36666666666666664,2.5101449005543683,2145.1456828786736,0.9314189189189189,0.9456081081081081,0.9344594594594594,0.9648648648648649,0.9405912162162163,False
USA30IDXUSD1440_comma,daily,50,200,long_only,slow_slope,0.0025,0.04223993959548311,0.07326825267681199,0.0897637760970069,0.1898152970954104,-0.2225317992903979,28,0.42857142857142855,2.538006100285088,2239.623063080807,0.9307432432432432,0.9442567567567568,0.9337837837837838,0.9675675675675676,0.9402533783783784,False
USA30IDXUSD1440_comma,daily,30,300,long_only,none,0.001,0.044354719981186896,0.09593416270555524,0.11661324719684547,0.15160852742132125,-0.2925608521869274,8,0.5,2.5005665742757635,5592.354528844642,0.9523648648648648,0.8969594594594594,0.9516891891891892,0.9638513513513514,0.9401013513513514,True
USA30IDXUSD1440_comma,daily,100,400,long_only,price_slow,0.0025,0.04561643506062851,0.10394138731886804,0.12988165020634349,0.15691346320148272,-0.2907107786032057,26,0.19230769230769232,2.0451032763725054,2128.6291031997553,0.9584459459459459,0.9030405405405405,0.9587837837837838,0.9273648648648649,0.9400000000000001,False
USA30IDXUSD1440_comma,daily,40,300,long_only,price_slow,0.005,0.04259433680922431,0.07588903509581761,0.0950017622778278,0.22444026495939054,-0.18978028214737308,33,0.21212121212121213,1.9289935498480593,1624.1322327199014,0.9341216216216216,0.9712837837837838,0.9368243243243243,0.9030405405405405,0.9392905405405406,False
USA30IDXUSD1440_comma,daily,30,150,long_only,none,0.001,0.04209980481068176,0.07408813439494735,0.09287886324313455,0.20260001091955313,-0.20779764334464146,16,0.4375,2.1980053915049096,3819.937248763837,0.9310810810810811,0.9540540540540541,0.9314189189189189,0.9459459459459459,0.9391216216216216,True
USA30IDXUSD1440_comma,daily,20,200,long_only,none,0.005,0.04252621309408511,0.07686354587201112,0.09604252161151239,0.17534388412096594,-0.24253034719333122,14,0.5,2.540594412186603,4506.528620288392,0.9361486486486487,0.9283783783783783,0.9358108108108109,0.9679054054054054,0.9389020270270271,True
USA30IDXUSD1440_comma,daily,60,500,long_only,slow_slope,0.0025,0.04620035480046947,0.10959766007130285,0.13705402386948967,0.20440149481052705,-0.2260274800988885,18,0.2222222222222222,1.564131046108805,1158.7790749727183,0.9621621621621622,0.9554054054054054,0.9628378378378378,0.8168918918918919,0.9388175675675676,True
USA30IDXUSD1440_comma,daily,100,300,long_only,none,0.005,0.047575155989936446,0.12140258112979453,0.1532870167892841,0.12025453485806582,-0.3956204732411007,5,0.6,3.0589666980525596,11692.18758234902,0.9699324324324324,0.8358108108108108,0.9702702702702702,0.9851351351351352,0.93875,True
USA30IDXUSD1440_comma,daily,75,500,long_only,combined,0.0025,0.041688201563070404,0.061846984783447946,0.077264676278064,0.24369484965537044,-0.17106722453111023,58,0.3448275862068966,2.126621265912918,1078.6848192756531,0.918581081081081,0.9800675675675675,0.9277027027027027,0.9381756756756757,0.9387162162162163,False
USA30IDXUSD1440_comma,daily,60,500,long_only,slow_slope,0.005,0.04657755218993054,0.11256110106759741,0.14095668503890216,0.19219599764210019,-0.24234402777036712,18,0.2222222222222222,1.5901244412995068,1191.055533322096,0.9638513513513514,0.9469594594594595,0.9641891891891892,0.8239864864864865,0.9387162162162161,True
USA30IDXUSD1440_comma,daily,75,250,long_only,fast_slope,0.0,0.042193935268075355,0.06834826998079922,0.08522211523957816,0.22242309353142495,-0.18970123379798243,70,0.37142857142857144,2.055586898365473,908.811751596943,0.9253378378378379,0.9702702702702702,0.9331081081081081,0.9280405405405405,0.9385304054054056,False
USA30IDXUSD1440_comma,daily,30,300,long_only,none,0.0,0.04394038615346796,0.09289662490388059,0.11250589190759179,0.15019229614970114,-0.2925608521869275,8,0.375,2.455976657562095,5521.099004141899,0.9510135135135135,0.8942567567567568,0.9493243243243243,0.9628378378378378,0.9382601351351352,True
USA30IDXUSD1440_comma,daily,40,200,long_only,none,0.0025,0.044446333917994796,0.09634780645586934,0.11538337698253562,0.14377236382270264,-0.3091437932592189,8,0.625,2.60698528575372,8478.620435675006,0.9527027027027027,0.8847972972972973,0.9527027027027027,0.9692567567567567,0.9382094594594594,True
USA30IDXUSD1440_comma,daily,30,300,long_only,price_slow,0.0,0.04251688449682378,0.07558414730096674,0.09456980680579145,0.23379064623227955,-0.1818587919663035,41,0.21951219512195122,1.873411611426039,1303.527687941393,0.9337837837837838,0.975,0.9354729729729729,0.8922297297297297,0.9381925675675676,False
USA30IDXUSD1440_comma,daily,100,200,long_only,slow_slope,0.001,0.044128916357674575,0.09043336648241958,0.1114277233912492,0.16506917266772583,-0.26733590315196765,23,0.34782608695652173,2.1019099774813106,2248.284995554327,0.9486486486486486,0.9141891891891892,0.9503378378378379,0.9341216216216216,0.9381925675675675,False
USA30IDXUSD1440_comma,daily,100,250,long_only,none,0.0,0.0472126739209926,0.11912652923144267,0.14926198394120277,0.12272165913215982,-0.38471345852771544,5,0.6,3.0513501256597295,11563.80198566696,0.9679054054054054,0.8385135135135136,0.9679054054054054,0.9847972972972973,0.9380912162162162,True
USA30IDXUSD1440_comma,daily,10,500,long_only,none,0.0,0.04313110922575669,0.08605290786868906,0.10883299846105765,0.18980023425902173,-0.22724476286417727,13,0.38461538461538464,1.8840587420363057,2768.6641427910463,0.9462837837837837,0.9439189189189189,0.9422297297297297,0.8942567567567568,0.9370777027027027,True
USA30IDXUSD1440_comma,daily,5,250,long_only,price_slow,0.001,0.043572301164179095,0.08545308057619586,0.10572508779492082,0.17432815622188064,-0.24994414045612534,31,0.3225806451612903,1.998354509502054,1949.9220583168303,0.9452702702702702,0.927027027027027,0.9469594594594595,0.918581081081081,0.9370439189189189,False
USA30IDXUSD1440_comma,daily,10,250,long_only,price_slow,0.0,0.04340333758890447,0.08376923642991185,0.10359559545027178,0.17278754555974601,-0.25119482685108563,31,0.25806451612903225,2.039027744144986,1893.232419008558,0.9442567567567568,0.9239864864864865,0.9459459459459459,0.9256756756756757,0.936739864864865,False
USA30IDXUSD1440_comma,daily,30,50,long_only,none,0.0,0.04391953106070412,0.08878309290073119,0.11162376928310822,0.18984258121985834,-0.2313471023123128,39,0.48717948717948717,1.7973198680817442,1676.8992589582178,0.9483108108108108,0.9445945945945946,0.9489864864864865,0.8736486486486487,0.9363175675675677,False
USA30IDXUSD1440_comma,daily,30,200,long_only,none,0.001,0.04414434655358446,0.09293413952277328,0.11031765344405423,0.14594077613809808,-0.30248123740148114,12,0.5833333333333334,2.330083925545674,5374.3646403871635,0.9513513513513514,0.8881756756756757,0.9506756756756757,0.9547297297297297,0.9359290540540541,True
USA30IDXUSD1440_comma,daily,60,200,long_only,slow_slope,0.001,0.04171655549297415,0.06874500743977349,0.08441884780428635,0.18746334513089147,-0.222531799290398,29,0.3793103448275862,2.447847840293586,2237.976314562855,0.9260135135135135,0.9405405405405406,0.9280405405405405,0.9618243243243243,0.9354222972972973,False
USA30IDXUSD1440_comma,daily,75,500,long_only,slow_slope,0.001,0.045903304900282604,0.10721930927843476,0.13439119105497305,0.17904246189002246,-0.25638222584583814,17,0.17647058823529413,1.6336950785195425,1200.1355457842121,0.9608108108108108,0.9327702702702703,0.9611486486486487,0.835472972972973,0.9350675675675675,True
USA30IDXUSD1440_comma,daily,5,250,long_only,price_slow,0.0,0.04308452972455323,0.08109632474083639,0.10033359544346697,0.17858817594365517,-0.24125074068815433,33,0.30303030303030304,1.9698473882708962,1801.5989212163415,0.9412162162162162,0.9320945945945946,0.941554054054054,0.9121621621621622,0.9346452702702703,False
USA30IDXUSD1440_comma,daily,30,500,long_only,slow_slope,0.0025,0.0416218740187726,0.07286323097042383,0.09144184362770966,0.18832522172639116,-0.22101062001797644,17,0.35294117647058826,2.1502028367127903,2128.2580887077393,0.9300675675675676,0.9425675675675675,0.9273648648648649,0.9418918918918919,0.9344256756756758,True
USA30IDXUSD1440_comma,daily,100,300,long_only,none,0.001,0.04657889202913368,0.11477063116994293,0.14460447946657629,0.11798610417773796,-0.3947828632341803,5,0.6,3.109947764311135,11303.054951242093,0.9648648648648649,0.8297297297297297,0.964527027027027,0.9875,0.9344087837837838,True
USA30IDXUSD1440_comma,daily,50,300,long_only,price_slow,0.001,0.042070963133949535,0.07106783117657538,0.088803263253071,0.2190807886412469,-0.1920340135475883,34,0.20588235294117646,1.8892968978543356,1546.2874051680863,0.9287162162162163,0.9689189189189189,0.9310810810810811,0.8959459459459459,0.9343243243243242,False
USA30IDXUSD1440_comma,daily,75,500,long_only,combined,0.001,0.04119103805398572,0.05626915962086609,0.07026455054353636,0.24078860323413243,-0.17106722453111012,58,0.3448275862068966,2.1030039912704312,1060.940961516195,0.9114864864864864,0.9793918918918919,0.9233108108108108,0.9344594594594594,0.9342736486486486,False
USA30IDXUSD1440_comma,daily,30,200,long_only,slow_slope,0.005,0.042490378311001775,0.07432216744971772,0.09256320243020831,0.1722146623735531,-0.2467291560740359,30,0.4,2.3640189922986465,2134.109030449638,0.9317567567567567,0.9226351351351352,0.9351351351351351,0.9574324324324325,0.9340033783783783,False
USA30IDXUSD1440_comma,daily,5,400,long_only,none,0.0,0.042536465025747816,0.07827879664478399,0.09568221756396653,0.18608061692281488,-0.22859159502567472,17,0.29411764705882354,1.9673815593060684,2136.9581169719963,0.9375,0.9391891891891891,0.9361486486486487,0.9108108108108108,0.9336486486486486,True
USA30IDXUSD1440_comma,daily,100,250,long_only,none,0.0025,0.045985565322180344,0.1104525759700872,0.13872278387799655,0.11883769595389848,-0.386961098101564,5,0.6,3.096138045138661,11062.201684858119,0.9625,0.831418918918919,0.9618243243243243,0.9871621621621621,0.9332939189189189,True
USA30IDXUSD1440_comma,daily,75,400,long_only,combined,0.001,0.04059893560115291,0.049794405498265214,0.06240124037234083,0.2576023524702127,-0.1576031243963406,58,0.39655172413793105,2.1592858239644226,1039.9442726913821,0.904054054054054,0.9868243243243243,0.9165540540540541,0.9439189189189189,0.9332263513513513,False
USA30IDXUSD1440_comma,daily,5,400,long_only,price_slow,0.0,0.042293353490636676,0.07510831967350505,0.09260830924843762,0.1883036882409939,-0.22460183274004175,28,0.21428571428571427,1.9962786659522183,1746.5461916163035,0.9327702702702703,0.9422297297297297,0.9341216216216216,0.9175675675675675,0.9331250000000001,False
USA30IDXUSD1440_comma,daily,75,400,long_only,combined,0.005,0.04069984843361896,0.05068027459897496,0.06380133685260175,0.24016416423500872,-0.16946678353641798,57,0.38596491228070173,2.2155725360338554,1061.819621119292,0.9057432432432433,0.9783783783783784,0.918581081081081,0.9469594594594595,0.9326520270270271,False
USA30IDXUSD1440_comma,daily,100,250,long_only,none,0.001,0.04556463609008499,0.107614950885603,0.1350787829163519,0.11956904437873618,-0.3810738500657288,5,0.6,2.9021781618784535,10955.413686384616,0.9611486486486487,0.8341216216216216,0.9581081081081081,0.9820945945945946,0.9319256756756756,True
USA30IDXUSD1440_comma,daily,75,300,long_only,none,0.0025,0.04640438777691247,0.11303311447537896,0.14168414243655353,0.11292985114168984,-0.4109133883360053,5,0.6,3.887110173444131,10852.711344169536,0.9641891891891892,0.8172297297297297,0.9631756756756756,0.9929054054054054,0.9315540540540541,True
USA30IDXUSD1440_comma,daily,50,250,long_only,none,0.005,0.04491972835873481,0.10072204563425771,0.12323590095624773,0.12876760135257223,-0.3488434038290603,6,0.6666666666666666,2.5285613802325932,8454.20830763036,0.9554054054054054,0.8527027027027027,0.9543918918918919,0.966554054054054,0.9311993243243244,True
USA30IDXUSD1440_comma,daily,10,500,long_only,none,0.001,0.04216144399567834,0.07832032206071511,0.09874190965496982,0.18729140892955065,-0.22511146793464132,13,0.38461538461538464,1.8847553402794905,2621.1810032486637,0.9381756756756757,0.9402027027027027,0.9320945945945946,0.8945945945945946,0.9309290540540541,True
USA30IDXUSD1440_comma,daily,30,200,long_only,none,0.0,0.043527145292184155,0.08801156562474989,0.10423430025169993,0.13989114020146243,-0.31115012165530354,11,0.5454545454545454,2.320025419483156,5903.255157304454,0.9476351351351351,0.8780405405405406,0.9466216216216217,0.9530405405405405,0.9308445945945946,True
USA30IDXUSD1440_comma,daily,5,300,long_only,none,0.001,0.043399014172994965,0.0847770212508423,0.10457053006073562,0.15856282669449367,-0.27370232404227224,21,0.3333333333333333,1.9899806690989856,2601.8941577347255,0.9445945945945946,0.9057432432432433,0.9456081081081081,0.9162162162162162,0.9308277027027027,False
USA30IDXUSD1440_comma,daily,75,400,long_only,price_slow,0.001,0.04303294351086451,0.08069558904190036,0.09969319427140567,0.1657175816070528,-0.25967639096317263,27,0.2222222222222222,1.9764155349899195,1863.521312323991,0.9408783783783784,0.9158783783783784,0.9408783783783784,0.914527027027027,0.9306756756756758,False
USA30IDXUSD1440_comma,daily,100,300,long_only,none,0.0025,0.04672272367537267,0.11556144461866528,0.1459839680701276,0.11152929939572913,-0.4189277968078212,5,0.6,2.9558481902235183,11450.549794950142,0.9662162162162162,0.8145270270270271,0.9648648648648649,0.9831081081081081,0.9305574324324325,True
USA30IDXUSD1440_comma,daily,20,200,long_only,price_slow,0.001,0.04100646152434928,0.06042003269798984,0.07520259641678659,0.19505385200645686,-0.21023148788157153,38,0.2894736842105263,2.2172614088198657,1578.6617251891353,0.9168918918918919,0.9489864864864865,0.9219594594594595,0.9472972972972973,0.930489864864865,False
USA30IDXUSD1440_comma,daily,10,200,long_only,none,0.0025,0.043113401785239924,0.0819222112629086,0.10145844518300685,0.1475231405934093,-0.2922483998904647,21,0.2857142857142857,2.2709553299798046,2940.9326694130177,0.9425675675675675,0.8902027027027027,0.9418918918918919,0.95,0.930456081081081,False
USA30IDXUSD1440_comma,daily,75,500,long_only,combined,0.0,0.04073976368304133,0.05120846780494716,0.0639449974179802,0.23815060888903672,-0.17106722453110967,59,0.3389830508474576,2.0798717646024456,1027.214308351289,0.9064189189189189,0.9773648648648648,0.918918918918919,0.9307432432432432,0.930304054054054,False
USA30IDXUSD1440_comma,daily,75,300,long_only,fast_slope,0.0,0.040826511804332055,0.05338339056680316,0.06655264788079229,0.2328719709043585,-0.17531741431045678,68,0.38235294117647056,2.037965175718197,893.8798162556194,0.9091216216216216,0.9743243243243244,0.9206081081081081,0.9253378378378379,0.930152027027027,False
USA30IDXUSD1440_comma,daily,50,200,long_only,slow_slope,0.001,0.04081806007918587,0.06044725038906032,0.07408936993083053,0.18342574054290273,-0.22253179929039812,30,0.36666666666666664,2.4671909368082563,2061.8670443389005,0.9172297297297297,0.9375,0.9202702702702703,0.9631756756756756,0.9297972972972974,False
USA30IDXUSD1440_comma,daily,5,250,long_only,price_slow,0.0025,0.04261985864993867,0.07680057522486247,0.09501194597503926,0.17051753472660422,-0.24994414045612579,31,0.3225806451612903,2.000599909575511,1887.4312006795974,0.9358108108108109,0.9199324324324324,0.9375,0.9192567567567568,0.929695945945946,False
USA30IDXUSD1440_comma,daily,10,75,long_only,none,0.0025,0.041365604503986075,0.0641934596014272,0.0805382756540912,0.20321352761207478,-0.20355733690599132,38,0.42105263157894735,1.9692801820820822,1567.9260737830618,0.9216216216216216,0.9550675675675676,0.9253378378378379,0.9118243243243244,0.9292567567567569,False
USA30IDXUSD1440_comma,daily,75,400,long_only,none,0.005,0.0456405967030431,0.1082398069390536,0.1362418635104628,0.11301477747517415,-0.40384627322802036,5,0.8,3.25391381048646,10807.340196172087,0.9614864864864865,0.8175675675675675,0.9594594594594594,0.9888513513513514,0.929206081081081,True
USA30IDXUSD1440_comma,daily,5,250,long_only,none,0.0025,0.042479232463112915,0.07618042494099016,0.0940452104185979,0.16378668900764984,-0.25935704983406116,21,0.2857142857142857,2.097431192686584,2772.6752813375983,0.9344594594594594,0.9135135135135135,0.9347972972972973,0.9331081081081081,0.9290878378378379,False
USA30IDXUSD1440_comma,daily,40,200,long_only,none,0.0,0.04297282220101328,0.08499951901060833,0.10202035776759252,0.13659218006338755,-0.3146067526052453,8,0.625,2.535884132828709,8240.81098851854,0.9449324324324324,0.8702702702702703,0.9398648648648649,0.9672297297297298,0.928597972972973,True
USA30IDXUSD1440_comma,daily,75,400,long_only,combined,0.0025,0.040198687783209675,0.04530592437360092,0.05676709972497967,0.25605164209794584,-0.15699445414153101,58,0.39655172413793105,2.1299878681637314,1025.8340195061921,0.8976351351351352,0.985472972972973,0.9108108108108108,0.9395270270270271,0.9285135135135136,False
USA30IDXUSD1440_comma,daily,75,500,long_only,slow_slope,0.0,0.045089038657925906,0.10075911812452322,0.12628041033294649,0.17517560378997632,-0.25739336803990476,17,0.17647058823529413,1.5793918200437682,1127.1314016510803,0.9557432432432432,0.9280405405405405,0.9547297297297297,0.8216216216216217,0.9284966216216216,True
USA30IDXUSD1440_comma,daily,75,400,long_only,price_slow,0.0025,0.04301382523198383,0.08050276343920343,0.09946775999250201,0.16315846818359392,-0.263632195808449,27,0.2222222222222222,1.9517402133066295,1862.163917576327,0.9402027027027027,0.9125,0.9402027027027027,0.9070945945945946,0.9283108108108108,False
USA30IDXUSD1440_comma,daily,60,400,long_only,price_slow,0.005,0.043216714960703895,0.08218123885357813,0.10145665416874243,0.16188002058350276,-0.2669675652679533,28,0.21428571428571427,1.9133745276063256,1809.5637988691599,0.9432432432432433,0.9081081081081082,0.9432432432432433,0.9,0.9279729729729731,False
USA30IDXUSD1440_comma,daily,40,300,long_only,price_slow,0.0025,0.041379494938272865,0.06483261772160097,0.08102048445459381,0.21184168142348261,-0.1953321681560537,35,0.2,1.8459840094700144,1463.7829233965774,0.9226351351351352,0.9631756756756756,0.9256756756756757,0.885472972972973,0.9278040540540541,False
USA30IDXUSD1440_comma,daily,75,200,long_only,slow_slope,0.001,0.041779236736859904,0.06924254450557267,0.08523179351239074,0.18774501833034235,-0.22253179929039835,27,0.37037037037037035,1.9462183256537002,1662.121847318493,0.9263513513513514,0.9412162162162162,0.9283783783783783,0.9060810810810811,0.9274324324324325,False
USA30IDXUSD1440_comma,daily,5,100,long_only,none,0.001,0.040743176362732836,0.058653058325175214,0.07284579000482004,0.201280236072282,-0.20242015389976742,40,0.375,2.0661179547020057,1463.869066156044,0.9148648648648648,0.9527027027027027,0.9192567567567568,0.9297297297297298,0.9274324324324325,False
USA30IDXUSD1440_comma,daily,20,150,long_only,none,0.005,0.04028819613885992,0.05708545395720233,0.0722568558861306,0.19677775146594717,-0.20473958991157537,20,0.45,2.2205214988499424,2915.165891732767,0.9121621621621622,0.95,0.9125,0.9476351351351351,0.9270101351351352,False
USA30IDXUSD1440_comma,daily,50,300,long_only,price_slow,0.0,0.04118365374893096,0.06287592611410725,0.07851025285949338,0.20941875005317767,-0.1966569552080375,35,0.2,1.853902224985559,1452.9851291473585,0.9206081081081081,0.9611486486486487,0.922972972972973,0.8885135135135135,0.9264020270270271,False
USA30IDXUSD1440_comma,daily,40,300,long_only,price_slow,0.0,0.041118487046551744,0.06249749287354834,0.07809486279871039,0.21784030081805808,-0.18875518851258943,38,0.21052631578947367,1.8147446299553187,1334.9715382465042,0.9202702702702703,0.9672297297297298,0.9222972972972973,0.8793918918918919,0.9262837837837838,False
USA30IDXUSD1440_comma,daily,40,300,long_only,none,0.005,0.04330335966606236,0.08839697254110479,0.10832496526356061,0.12807341277604894,-0.3381135766389176,6,0.5,2.5647064132577806,7833.538459710534,0.947972972972973,0.8510135135135135,0.9442567567567568,0.9682432432432433,0.9260304054054054,True
USA30IDXUSD1440_comma,daily,50,500,long_only,slow_slope,0.0,0.044035787443795105,0.09251833518317176,0.11575382898678814,0.19323162045395065,-0.22789120817981934,18,0.2222222222222222,1.4741264290604972,976.303340308749,0.9503378378378379,0.9476351351351351,0.95,0.7922297297297297,0.9258783783783784,True
USA30IDXUSD1440_comma,daily,5,200,long_only,slow_slope,0.0,0.042708368118953066,0.07659331887883598,0.09485122416096492,0.15593615773947875,-0.2738836761022776,35,0.42857142857142855,2.018955168976718,1636.851714422673,0.9354729729729729,0.902027027027027,0.9388513513513513,0.9226351351351352,0.9258614864864865,False
USA30IDXUSD1440_comma,daily,100,400,long_only,price_slow,0.005,0.0431979694097111,0.08166961997443974,0.1019004840457014,0.15067867460929713,-0.2866893375703061,27,0.2222222222222222,1.9520999170098157,1875.2508582285757,0.9422297297297297,0.8956081081081081,0.9429054054054054,0.9074324324324324,0.9254898648648648,False
USA30IDXUSD1440_comma,daily,75,250,long_only,fast_slope,0.0025,0.040677338065086,0.0519800935422467,0.06481901570625309,0.21155924734099524,-0.19227397798178725,70,0.37142857142857144,2.0101691077982697,863.9647580771516,0.9074324324324324,0.9628378378378378,0.9179054054054054,0.9212837837837838,0.9254560810810811,False
USA30IDXUSD1440_comma,daily,50,300,long_only,price_slow,0.0025,0.04092072445335271,0.06036248727962907,0.07541194479299827,0.21478496225347254,-0.19051950389832806,34,0.20588235294117646,1.8511576830369783,1480.8372777077914,0.9165540540540541,0.9652027027027027,0.9212837837837838,0.8878378378378379,0.9253547297297298,False
USA30IDXUSD1440_comma,daily,75,400,long_only,price_slow,0.0,0.0426929038136763,0.07766070649482547,0.09590522632842878,0.16262133905008858,-0.2625295306449701,28,0.21428571428571427,1.915046776276369,1773.7304697507627,0.9368243243243243,0.9101351351351351,0.9385135135135135,0.9003378378378378,0.9250168918918918,False
USA30IDXUSD1440_comma,daily,75,400,long_only,fast_slope,0.001,0.040393878147862994,0.048430058213525584,0.060468574331849684,0.22962436660165242,-0.1759128560512807,64,0.390625,2.0097486927649113,935.8906071008789,0.9016891891891892,0.9733108108108108,0.9141891891891892,0.9206081081081081,0.9249324324324326,False
USA30IDXUSD1440_comma,daily,5,250,long_only,price_slow,0.005,0.04203665456868522,0.07139947954308716,0.08830188823762808,0.16812641687991345,-0.25003003899565923,31,0.25806451612903225,1.972811235731765,1880.3240713002806,0.9293918918918919,0.9182432432432432,0.9304054054054054,0.9138513513513513,0.9244763513513514,False
USA30IDXUSD1440_comma,daily,30,300,long_only,price_slow,0.001,0.04079226042777506,0.05971710762074871,0.07469489907347206,0.21842319123617443,-0.1867579179523461,40,0.2,1.8178557864785876,1252.5451853468626,0.9155405405405406,0.9682432432432433,0.9199324324324324,0.8804054054054054,0.9243243243243243,False
USA30IDXUSD1440_comma,daily,50,300,long_only,price_slow,0.005,0.04058221193732825,0.05717825770129268,0.0713939913321044,0.2191640854359882,-0.1851681668399141,34,0.20588235294117646,1.85981165929014,1461.7442803700906,0.9128378378378378,0.9692567567567567,0.9158783783783784,0.8905405405405405,0.924206081081081,False
USA30IDXUSD1440_comma,daily,75,250,long_only,fast_slope,0.001,0.04069278265979337,0.05215321976241444,0.06503340086055487,0.20757240108119496,-0.19604139301677104,70,0.37142857142857144,1.998019461595151,864.4174282311313,0.9077702702702702,0.9587837837837838,0.9182432432432432,0.9182432432432432,0.9241891891891891,False
USA30IDXUSD1440_comma,daily,5,250,long_only,none,0.001,0.04268246315538882,0.07828810051478302,0.09681986299337521,0.14675601482727066,-0.2908396170720863,21,0.2857142857142857,2.0438059044645613,2792.23972209328,0.9378378378378378,0.8885135135135135,0.9381756756756757,0.9266891891891892,0.9239020270270271,False
USA30IDXUSD1440_comma,daily,30,500,long_only,slow_slope,0.005,0.04017810253334053,0.06110400687921598,0.07667171340288226,0.17970612766961014,-0.22357669743576025,16,0.25,2.12500876767983,2247.158784595839,0.9179054054054054,0.933445945945946,0.910472972972973,0.9371621621621622,0.9231925675675676,True
USA30IDXUSD1440_comma,daily,5,300,long_only,none,0.0,0.04267365311297078,0.07848289490320536,0.09689266143191885,0.1521362528556769,-0.280496280879567,22,0.3181818181818182,1.9405136790739765,2418.895360481604,0.9388513513513513,0.8972972972972973,0.9378378378378378,0.9047297297297298,0.9231418918918919,False
USA30IDXUSD1440_comma,daily,30,50,long_only,none,0.001,0.04205346345888339,0.07127216497339542,0.08995819526459552,0.1881283887631323,-0.22353597846326023,41,0.5121951219512195,1.7486793193919463,1510.1101406431244,0.9290540540540541,0.9418918918918919,0.9307432432432432,0.8641891891891892,0.9228716216216217,False
USA30IDXUSD1440_comma,daily,60,400,long_only,none,0.0025,0.04483569124983977,0.10257590304456378,0.1282879918707201,0.11794071202718112,-0.38015449016033365,9,0.4444444444444444,2.184512056593073,4848.215151339024,0.956418918918919,0.8293918918918919,0.9537162162162162,0.9449324324324324,0.9223986486486486,True
USA30IDXUSD1440_comma,daily,30,250,long_only,none,0.005,0.04217748687796097,0.0764845585928396,0.090986485070885,0.13577410994705394,-0.3106445469935938,10,0.6,2.447011332089983,6236.713017917244,0.9347972972972973,0.8679054054054054,0.9324324324324325,0.9614864864864865,0.9216047297297297,True
USA30IDXUSD1440_comma,daily,5,250,long_only,none,0.005,0.0418330114287897,0.07032598258311096,0.08677871504862952,0.16124231197398417,-0.2594418978285259,21,0.2857142857142857,2.0099302184362218,2756.143159556986,0.9266891891891892,0.9074324324324324,0.9287162162162163,0.9209459459459459,0.9214189189189189,False
USA30IDXUSD1440_comma,daily,75,400,long_only,combined,0.0,0.03959377977184109,0.038628352029026355,0.048389392387749496,0.2538240999941654,-0.1559890482139057,59,0.3898305084745763,2.0493960170072585,987.6073801038548,0.8878378378378379,0.9841216216216216,0.9050675675675676,0.9277027027027027,0.9213344594594595,False
USA30IDXUSD1440_comma,daily,30,250,long_only,none,0.001,0.04217928977810881,0.0769559464213084,0.09132191856595662,0.13293933119449702,-0.3172822474666911,10,0.5,2.506890103618348,6257.480088250563,0.9364864864864865,0.8618243243243243,0.9327702702702703,0.964527027027027,0.9212837837837838,True
USA30IDXUSD1440_comma,daily,100,400,long_only,price_slow,0.0,0.04322158213341787,0.08211260951843452,0.10216056572142716,0.14179357683388386,-0.30482045166300775,27,0.18518518518518517,1.9018182968302733,1876.931047638348,0.9429054054054054,0.8810810810810811,0.9435810810810811,0.8983108108108108,0.9208952702702702,False
USA30IDXUSD1440_comma,daily,5,500,long_only,none,0.001,0.042118882094835275,0.07552207749516986,0.09273537393938223,0.1798597074719237,-0.2341763071165346,18,0.2777777777777778,1.6914542273737019,1753.64344756411,0.933445945945946,0.9341216216216216,0.9317567567567567,0.8503378378378378,0.9208108108108108,True
USA30IDXUSD1440_comma,daily,75,300,long_only,fast_slope,0.001,0.04005497312419304,0.04497942909618857,0.0560865099280178,0.22116820944245946,-0.1811063770203104,68,0.38235294117647056,1.9872738295562407,870.6685423952608,0.8972972972972973,0.9699324324324324,0.9101351351351351,0.9155405405405406,0.9207601351351351,False
USA30IDXUSD1440_comma,daily,20,300,long_only,slow_slope,0.0025,0.04157805457430852,0.06791906925744454,0.08343288258087313,0.1757134863937515,-0.23662415121134983,30,0.3333333333333333,1.8469302595031805,1255.7037095677965,0.925,0.9290540540540541,0.927027027027027,0.8858108108108108,0.9205405405405406,False
USA30IDXUSD1440_comma,daily,40,300,long_only,price_slow,0.001,0.04064695168072663,0.0580975152328184,0.07257799668135473,0.2080914375979958,-0.19533216815605348,36,0.19444444444444445,1.7998728063369465,1383.9793175565987,0.914527027027027,0.9594594594594594,0.9172297297297297,0.8756756756756757,0.920472972972973,False
USA30IDXUSD1440_comma,daily,60,500,long_only,none,0.0,0.04925157095896271,0.13322481739312556,0.165767363540083,0.13020657858970952,-0.3782571625213963,5,0.4,1.4756638120113472,3713.017776145577,0.9783783783783784,0.856418918918919,0.9787162162162162,0.7929054054054054,0.9201351351351351,True
USA30IDXUSD1440_comma,daily,75,250,long_only,fast_slope,0.005,0.04032322133190602,0.048077277807224233,0.05989115752561763,0.2061704468973485,-0.1955819659836252,70,0.37142857142857144,1.9793394644967717,853.608490690892,0.9013513513513514,0.9567567567567568,0.9131756756756757,0.9148648648648648,0.9195945945945946,False
USA30IDXUSD1440_comma,daily,60,200,long_only,slow_slope,0.0025,0.03949893911262414,0.048458214861375484,0.05942131951691553,0.1774979541736373,-0.22253179929039812,28,0.35714285714285715,2.429767158319246,2206.0830576537405,0.902027027027027,0.9300675675675676,0.904054054054054,0.9608108108108108,0.9182601351351352,False
USA30IDXUSD1440_comma,daily,20,100,long_only,none,0.001,0.03990310273181419,0.053859300534176584,0.06704847173920674,0.19301302850978863,-0.20673787173797187,27,0.4074074074074074,1.9258537995425349,2130.5739824303764,0.910472972972973,0.9472972972972973,0.9087837837837838,0.9016891891891892,0.9180236486486486,False
USA30IDXUSD1440_comma,daily,75,400,long_only,fast_slope,0.0,0.039871261240951306,0.04279766226889408,0.0534068346071239,0.22870635338644735,-0.17433385933787526,65,0.38461538461538464,1.943127726379614,905.1038871326977,0.8932432432432432,0.9722972972972973,0.9077702702702702,0.9050675675675676,0.9176858108108108,False
USA30IDXUSD1440_comma,daily,30,300,long_only,price_slow,0.0025,0.0402240597325727,0.05442488761457374,0.0680765920969374,0.20726358813797602,-0.19407200316244366,39,0.1794871794871795,1.7989857427198108,1256.802658320628,0.9108108108108108,0.9584459459459459,0.9111486486486486,0.875,0.9174155405405405,False
USA30IDXUSD1440_comma,daily,50,100,long_only,none,0.005,0.03925867543200279,0.047290207426844005,0.05948552187134937,0.17973002184935633,-0.21843137294507253,21,0.5714285714285714,2.3628985331871126,2871.0685954026726,0.9,0.9337837837837838,0.9016891891891892,0.9570945945945946,0.917347972972973,False
USA30IDXUSD1440_comma,daily,5,400,long_only,none,0.001,0.040659749418850755,0.062220186975829234,0.0760852234578117,0.17787071048821368,-0.2285915950256746,18,0.2777777777777778,1.8559204152848423,1838.8545557021228,0.9192567567567568,0.9307432432432432,0.9175675675675675,0.889527027027027,0.9173310810810811,True
USA30IDXUSD1440_comma,daily,60,500,long_only,none,0.001,0.048448312591123255,0.12771926007609175,0.15893509312116078,0.128083001608582,-0.3782571612365856,5,0.4,1.479893527430816,3591.834776468597,0.9746621621621622,0.8513513513513513,0.9763513513513513,0.7949324324324324,0.9172128378378378,True
USA30IDXUSD1440_comma,daily,30,300,long_only,none,0.005,0.041257475971256286,0.0710207766300005,0.08629051518245387,0.13824179887724813,-0.29844429330589717,10,0.5,2.247236045892729,4144.879192772589,0.9283783783783783,0.8739864864864865,0.9239864864864865,0.9493243243243243,0.917043918918919,True
USA30IDXUSD1440_comma,daily,10,300,long_only,none,0.0025,0.04056101230258258,0.061461585925411844,0.07592529277808659,0.1843218309371664,-0.22005538951275638,20,0.25,1.8193116739266078,2661.61536978427,0.9182432432432432,0.9378378378378378,0.9155405405405406,0.8810810810810811,0.917027027027027,False
USA30IDXUSD1440_comma,daily,30,500,long_only,slow_slope,0.0,0.04223737234035285,0.07802896744984776,0.09783151047925082,0.19203104243177382,-0.21995075278185428,18,0.2777777777777778,1.464632610015969,828.19472312271,0.9371621621621622,0.9466216216216217,0.933445945945946,0.7898648648648648,0.9166891891891893,True
USA30IDXUSD1440_comma,daily,50,200,long_only,price_slow,0.0025,0.039402451336499666,0.04495075019528025,0.05556942362616898,0.19797736684470596,-0.19902502980255854,41,0.3170731707317073,2.0785960668496806,1388.1469830300664,0.8969594594594594,0.9506756756756757,0.9027027027027027,0.9304054054054054,0.9165540540540541,False
USA30IDXUSD1440_comma,daily,5,400,long_only,slow_slope,0.0,0.04034585604536889,0.05768978929463852,0.07018825540162232,0.18098812654811797,-0.22291990538198336,27,0.2962962962962963,1.877895623935155,1206.1585629618157,0.9135135135135135,0.9351351351351351,0.9138513513513513,0.8932432432432432,0.9159459459459459,False
USA30IDXUSD1440_comma,daily,10,200,long_only,none,0.001,0.0412420128427502,0.06569435013548848,0.08132658181855823,0.14316081412592682,-0.28808171492006873,21,0.38095238095238093,2.1281640875199352,2759.1042614660346,0.9233108108108108,0.8837837837837837,0.9236486486486486,0.9385135135135135,0.9157770270270269,False
USA30IDXUSD1440_comma,daily,10,400,long_only,slow_slope,0.005,0.04024439600341512,0.057099675552498966,0.06981105804197288,0.1750790267994279,-0.22986417470505738,27,0.2962962962962963,1.9657680536432844,1335.9206432389753,0.9125,0.9277027027027027,0.9114864864864864,0.9094594594594595,0.9156418918918918,False
USA30IDXUSD1440_comma,daily,75,400,long_only,fast_slope,0.0025,0.03950556303064223,0.038697048136724706,0.04831167049122943,0.225337358447945,-0.17531741431045655,64,0.375,1.9575499201293132,907.6603128481817,0.8881756756756757,0.9716216216216216,0.9043918918918918,0.908445945945946,0.915320945945946,False
USA30IDXUSD1440_comma,daily,5,400,long_only,price_slow,0.001,0.04055888451839795,0.05988786843048372,0.07380865896291972,0.17298098725131641,-0.2344701875210814,29,0.20689655172413793,1.893708177771142,1573.8061668726384,0.9158783783783784,0.925,0.9152027027027027,0.8969594594594594,0.9151858108108109,False
USA30IDXUSD1440_comma,daily,40,200,long_only,none,0.001,0.04116320351917868,0.07076829890682891,0.08490465758627748,0.1323387435325401,-0.3110442370873596,8,0.625,2.4189792982987353,7667.8787776276895,0.9280405405405405,0.860472972972973,0.9226351351351352,0.960472972972973,0.9149324324324325,True
USA30IDXUSD1440_comma,daily,10,500,long_only,none,0.005,0.03966985640423748,0.057949809779787,0.07298475068383885,0.19163458031449504,-0.20700781841739913,12,0.3333333333333333,1.7985712382211425,2631.3583041695842,0.9141891891891892,0.9462837837837837,0.9057432432432433,0.8746621621621622,0.9145945945945947,True
USA30IDXUSD1440_comma,daily,50,500,long_only,slow_slope,0.001,0.042605785140737984,0.08115769191683798,0.10148221794710664,0.18589242330109887,-0.22919592086723917,18,0.2222222222222222,1.4157883675425318,858.2800109535269,0.941554054054054,0.9388513513513513,0.9371621621621622,0.7706081081081081,0.914358108108108,True
USA30IDXUSD1440_comma,daily,5,500,long_only,slow_slope,0.001,0.04088841357629214,0.0641438541359105,0.07846071872761479,0.18710966747709581,-0.2185264616607654,22,0.22727272727272727,1.6746959530409036,1341.5411007127686,0.9212837837837838,0.9398648648648649,0.9209459459459459,0.8442567567567567,0.9143074324324325,False
USA30IDXUSD1440_comma,daily,100,200,long_only,price_slow,0.0,0.04132271106544305,0.062357993511571085,0.07751559775400506,0.14696749138253581,-0.2811690577060053,41,0.3170731707317073,2.0344310633716174,1390.9945521072373,0.9195945945945946,0.8888513513513514,0.925,0.9246621621621621,0.9137500000000001,False
USA30IDXUSD1440_comma,daily,100,200,long_only,slow_slope,0.0025,0.04130683665742896,0.06458024517122293,0.07953619953125596,0.14737897344983017,-0.2802763222630966,23,0.34782608695652173,1.9800453276528407,2033.3178528068017,0.9222972972972973,0.889527027027027,0.9246621621621621,0.9152027027027027,0.9135135135135135,False
USA30IDXUSD1440_comma,daily,5,100,long_only,none,0.0,0.03921465016841119,0.045308121884486546,0.055984665126557365,0.20911249169031912,-0.18752896994066393,40,0.425,1.853532746545882,1387.1162436371246,0.897972972972973,0.960472972972973,0.9003378378378378,0.8881756756756757,0.9126013513513513,False
USA30IDXUSD1440_comma,daily,75,200,long_only,fast_slope,0.0,0.039498268073363985,0.03990630280213527,0.04976222207184664,0.20147922571630095,-0.1960413930167706,72,0.375,1.970717223511533,806.6041851321488,0.8905405405405405,0.9533783783783784,0.9037162162162162,0.9125,0.9121790540540541,False
USA30IDXUSD1440_comma,daily,100,150,long_only,none,0.001,0.044603610875636246,0.09835408767288482,0.12096859472321941,0.09843286528202619,-0.4531373819896397,12,0.8333333333333334,2.2929894742896533,6641.416057689844,0.9537162162162162,0.7885135135135135,0.9533783783783784,0.952027027027027,0.9120945945945945,True
USA30IDXUSD1440_comma,daily,5,500,long_only,none,0.0,0.0412741983243603,0.06867455075925093,0.08439963983276126,0.17265928977454717,-0.23904997164215602,18,0.2222222222222222,1.64900510435671,1675.2196312106507,0.9256756756756757,0.9236486486486486,0.9243243243243243,0.8398648648648649,0.912027027027027,True
USA30IDXUSD1440_comma,daily,50,250,long_only,none,0.0025,0.04151341427916577,0.07541347608187053,0.09205846264082977,0.12078348478215405,-0.34370108093867024,6,0.6666666666666666,2.364554124944176,7514.536823423999,0.9331081081081081,0.8368243243243243,0.9266891891891892,0.9577702702702703,0.9114527027027026,True
USA30IDXUSD1440_comma,daily,50,500,long_only,slow_slope,0.0025,0.04202721307375601,0.07651183733091385,0.0956098960009917,0.1901589088766102,-0.22101101295772851,18,0.2222222222222222,1.4021417162999648,811.0912331343759,0.9351351351351351,0.9452702702702702,0.9300675675675676,0.7668918918918919,0.911418918918919,True
USA30IDXUSD1440_comma,daily,20,300,long_only,slow_slope,0.005,0.04146630413114161,0.06597586414739347,0.08195016656178475,0.14999959871852217,-0.27644276708335813,30,0.3,1.848758406163508,1295.985862994259,0.9236486486486486,0.893918918918919,0.9263513513513514,0.8871621621621621,0.9112837837837838,False
USA30IDXUSD1440_comma,daily,50,200,long_only,price_slow,0.0,0.038686167651471814,0.038273458099015556,0.04732564848374647,0.1983025963299849,-0.19508654131333814,43,0.32558139534883723,2.0581749299532386,1322.5494330869587,0.8871621621621621,0.9510135135135135,0.8952702702702703,0.9283783783783783,0.9109290540540541,False
USA30IDXUSD1440_comma,daily,75,400,long_only,fast_slope,0.005,0.0391604902781173,0.03455522603411899,0.04333812738758599,0.20883514620388727,-0.18751867676470813,63,0.38095238095238093,1.972087821292767,911.0083273407928,0.8844594594594595,0.9601351351351352,0.8996621621621622,0.9131756756756757,0.9107263513513515,False
USA30IDXUSD1440_comma,daily,10,300,long_only,price_slow,0.005,0.03906869020562609,0.04376595048092609,0.05476622022422099,0.21076894789577155,-0.1853626475610921,36,0.25,1.8345098458337574,1429.904488390938,0.8952702702702703,0.9621621621621622,0.8983108108108108,0.8827702702702702,0.9107263513513513,False
USA30IDXUSD1440_comma,daily,20,200,long_only,price_slow,0.0,0.038792243000577376,0.039601367898640376,0.04919208250730013,0.1849911278872427,-0.20969785656003104,39,0.28205128205128205,2.1004141436275763,1427.8092524344102,0.8898648648648648,0.9381756756756757,0.8969594594594594,0.9337837837837838,0.9099493243243243,False
USA30IDXUSD1440_comma,daily,60,150,long_only,none,0.001,0.040272609680221505,0.06401074983684103,0.0770914293291113,0.13014910976262842,-0.3094343845583918,10,0.6,2.520205983639694,6367.51162792305,0.9209459459459459,0.8554054054054054,0.9118243243243244,0.9652027027027027,0.909375,True
USA30IDXUSD1440_comma,daily,50,150,long_only,none,0.0025,0.03993848834024183,0.06106968434569186,0.073310891096654,0.13059808711027968,-0.30581220004024223,11,0.6363636363636364,2.371009842164204,5698.428204090649,0.9175675675675675,0.8570945945945946,0.9094594594594595,0.9581081081081081,0.9069087837837838,True
USA30IDXUSD1440_comma,daily,60,200,long_only,price_slow,0.005,0.03889887171989548,0.03945576382488913,0.04901621737287691,0.1731724106390046,-0.22462510960238413,43,0.32558139534883723,2.1033582077922013,1395.2974731818874,0.8891891891891892,0.9253378378378379,0.8976351351351352,0.9347972972972973,0.9067567567567567,False
USA30IDXUSD1440_comma,daily,75,300,long_only,fast_slope,0.0025,0.03878710904494409,0.031179716617830942,0.03889258125932516,0.20684397796606077,-0.1875186767647078,68,0.36764705882352944,1.9251200708650151,832.982812212695,0.8810810810810811,0.9577702702702703,0.8966216216216216,0.9013513513513514,0.9064020270270271,False
USA30IDXUSD1440_comma,daily,100,400,long_only,price_slow,0.001,0.04195084792593651,0.07049700523240632,0.0877139862183213,0.13412499506054337,-0.31277427378096156,26,0.19230769230769232,1.8477721229671638,1855.9099133668462,0.9273648648648649,0.8658783783783783,0.9297297297297298,0.8861486486486486,0.9062837837837838,False
USA30IDXUSD1440_comma,daily,50,400,long_only,price_slow,0.005,0.040967796028226644,0.062095883515447266,0.07658361941277751,0.1499445454911,-0.27321964859774306,31,0.22580645161290322,1.7839812644448259,1496.8908805110266,0.918918918918919,0.8932432432432432,0.9216216216216216,0.8699324324324325,0.9056925675675676,False
USA30IDXUSD1440_comma,daily,100,300,long_only,price_slow,0.0,0.03985215745496595,0.04921742886403456,0.061749067912614974,0.1814004614542199,-0.21969159910336533,38,0.21052631578947367,1.7286388613946029,1271.265834155623,0.9030405405405405,0.9354729729729729,0.9074324324324324,0.860472972972973,0.9056418918918919,False
USA30IDXUSD1440_comma,daily,60,400,long_only,price_slow,0.0025,0.04077381545989889,0.06022521775785606,0.07443267332041847,0.1532684501635627,-0.26602875814550553,32,0.21875,1.7771392548276694,1438.7840669430095,0.9162162162162162,0.8986486486486487,0.9195945945945946,0.8685810810810811,0.9053547297297297,False
USA30IDXUSD1440_comma,daily,20,150,long_only,none,0.0025,0.03830975430445327,0.0408196174494616,0.05162976153186744,0.1718715323944671,-0.2228976129480681,20,0.4,2.064110226470975,2697.8903168673946,0.8915540540540541,0.9222972972972973,0.8915540540540541,0.9290540540540541,0.9048648648648648,False
USA30IDXUSD1440_comma,daily,60,500,long_only,none,0.0025,0.04612304604621609,0.11169973628301537,0.13895374546288777,0.1219355977758647,-0.3782574316894475,5,0.4,1.447213639111123,3392.0477639444457,0.9631756756756756,0.8381756756756756,0.9625,0.7831081081081082,0.9047804054054054,True
USA30IDXUSD1440_comma,daily,30,300,long_only,price_slow,0.005,0.03901740462087333,0.04314226675362458,0.05387711968604094,0.19636181251831092,-0.19870159131493514,37,0.1891891891891892,1.7708617749969675,1263.0281042515996,0.8942567567567568,0.9493243243243243,0.897972972972973,0.8665540540540541,0.9046114864864865,False
USA30IDXUSD1440_comma,daily,75,300,long_only,none,0.0,0.04140895590196925,0.07837535411202373,0.0973197079814861,0.0983617457026302,-0.42098638658933407,5,0.6,2.811979105323852,9084.074885773109,0.9385135135135135,0.7875,0.9260135135135135,0.9766891891891892,0.9039864864864865,True
USA30IDXUSD1440_comma,daily,10,200,long_only,slow_slope,0.0,0.03963713044400641,0.047264014200218626,0.05860516199908912,0.15039168676216733,-0.26355931831983126,31,0.3548387096774194,2.044325349588906,1766.5153645603993,0.8996621621621622,0.8952702702702703,0.9054054054054054,0.927027027027027,0.9038175675675676,False
USA30IDXUSD1440_comma,daily,75,500,long_only,none,0.0,0.04352303588975359,0.09425474008305976,0.11776076699914605,0.11506514205913008,-0.37824692266392734,5,0.4,1.6938580731975708,2817.9851991892633,0.952027027027027,0.8222972972972973,0.9462837837837837,0.852027027027027,0.903445945945946,True
USA30IDXUSD1440_comma,daily,100,500,long_only,price_slow,0.0025,0.0400082766297134,0.05366585177274206,0.06566820192835819,0.17287741697219988,-0.23142569648728073,21,0.23809523809523808,1.6434193897045328,1350.8210482517225,0.9097972972972973,0.9246621621621621,0.9097972972972973,0.8388513513513514,0.9028716216216216,False
USA30IDXUSD1440_comma,daily,75,200,long_only,fast_slope,0.001,0.03828261703670521,0.026862197657163744,0.03350204335439627,0.19910451449821964,-0.1922739779817877,72,0.3611111111111111,1.9367494553916016,772.6915964875966,0.8766891891891891,0.9516891891891892,0.8912162162162162,0.904054054054054,0.9024493243243243,False
USA30IDXUSD1440_comma,daily,5,400,long_only,slow_slope,0.0025,0.03913566989120998,0.046698258384918506,0.056896943089437595,0.1755593329548083,-0.22291990538198336,28,0.2857142857142857,1.7841635219953607,1075.002459255015,0.8989864864864865,0.9287162162162163,0.8993243243243243,0.8702702702702703,0.9021790540540541,False
USA30IDXUSD1440_comma,daily,5,300,long_only,none,0.0025,0.040304915795299934,0.057434422559091265,0.07078318122451051,0.1421784441387389,-0.28348119885156475,22,0.3181818181818182,1.8710051598921,2212.77265619481,0.9131756756756757,0.8820945945945946,0.9128378378378378,0.8915540540540541,0.9020945945945946,False
USA30IDXUSD1440_comma,daily,30,500,long_only,slow_slope,0.001,0.03869212364731167,0.04954204773696042,0.06207515440878941,0.15809100066603518,-0.24474589625154053,18,0.2777777777777778,1.9271645212792914,1731.7759302709171,0.9033783783783784,0.9047297297297298,0.8959459459459459,0.902027027027027,0.902027027027027,True
USA30IDXUSD1440_comma,daily,10,300,long_only,price_slow,0.001,0.039248016834699806,0.046370773724086684,0.057439903449518215,0.17774407647238513,-0.22081195398259867,40,0.25,1.7500335037803936,1193.0620355209016,0.8986486486486487,0.9304054054054054,0.9013513513513514,0.864527027027027,0.9020101351351353,False
USA30IDXUSD1440_comma,daily,5,300,long_only,price_slow,0.001,0.039935925004438655,0.05296947411181456,0.06552764073031521,0.16373245626876337,-0.24390964329567422,38,0.23684210526315788,1.693515406237982,1261.825299900255,0.9087837837837838,0.9131756756756757,0.9091216216216216,0.8513513513513513,0.9013344594594594,False
USA30IDXUSD1440_comma,daily,30,150,long_only,none,0.0025,0.03744005209720047,0.03355848073256874,0.04195504487511864,0.17397177356354995,-0.21520762437662933,16,0.375,2.0425348366652227,3316.5411264912177,0.8837837837837837,0.9260135135135135,0.8861486486486486,0.9260135135135135,0.9011486486486486,True
USA30IDXUSD1440_comma,daily,100,500,long_only,price_slow,0.001,0.04058513758391813,0.059114846940585504,0.07211071228750471,0.15851510494841536,-0.2560332505670391,21,0.23809523809523808,1.6170178075911068,1396.0813367942383,0.9152027027027027,0.9054054054054054,0.9162162162162162,0.8320945945945946,0.9004898648648648,False
USA30IDXUSD1440_comma,daily,75,500,long_only,none,0.001,0.04306822954414846,0.0910710735380193,0.11378639818605044,0.11386273629192124,-0.3782469220986412,5,0.4,1.6791085766215221,2729.9780561249536,0.9493243243243243,0.8189189189189189,0.9412162162162162,0.8469594594594595,0.8997466216216217,True
USA30IDXUSD1440_comma,daily,50,200,long_only,price_slow,0.001,0.0374270366405709,0.026252308484959828,0.03245114331421824,0.18272232102980396,-0.20483012928927358,43,0.32558139534883723,2.002166650732095,1278.5939282391778,0.8760135135135135,0.9368243243243243,0.8858108108108108,0.9195945945945946,0.8997128378378378,False
USA30IDXUSD1440_comma,daily,60,200,long_only,none,0.0025,0.03940707407304833,0.05786983872103131,0.06913117887211377,0.11830030258082415,-0.33311050955364174,7,0.7142857142857143,2.572269838795501,8797.1768099146,0.9138513513513513,0.8307432432432432,0.9030405405405405,0.9685810810810811,0.8991216216216217,True
USA30IDXUSD1440_comma,daily,5,300,long_only,price_slow,0.0,0.03971087757443992,0.05097773169918867,0.06308270217034188,0.1628097890590626,-0.24390964329567422,41,0.24390243902439024,1.68425023451273,1159.1217119820449,0.9060810810810811,0.9108108108108108,0.9060810810810811,0.8486486486486486,0.8986486486486487,False
USA30IDXUSD1440_comma,daily,5,500,long_only,none,0.0025,0.03907482054395506,0.04958078243298971,0.06101118825222989,0.1769378901842532,-0.22083919110409156,20,0.3,1.610718088085936,1327.1911616091465,0.9037162162162162,0.9297297297297298,0.8986486486486487,0.8300675675675676,0.8981587837837838,False
USA30IDXUSD1440_comma,daily,75,400,long_only,price_slow,0.005,0.03988925194585713,0.051924009723267224,0.0643595825411683,0.14322930892402305,-0.27849922788510173,27,0.25925925925925924,1.8157913722160044,1644.3868197262386,0.9070945945945946,0.8841216216216217,0.908445945945946,0.8797297297297297,0.8975168918918919,False
USA30IDXUSD1440_comma,daily,100,500,long_only,price_slow,0.0,0.040341457468240804,0.05696972881053359,0.06952095873148155,0.15756335311486397,-0.25603325056703896,21,0.23809523809523808,1.5999283592838194,1376.9246133112515,0.9118243243243244,0.9037162162162162,0.9135135135135135,0.8266891891891892,0.8973648648648649,False
USA30IDXUSD1440_comma,daily,5,250,long_only,none,0.0,0.039510598345100734,0.05055032275500796,0.06252939612055611,0.13980105391869352,-0.28262017515318294,23,0.2608695652173913,1.8899222624323606,2275.4714285641485,0.9054054054054054,0.8777027027027027,0.9047297297297298,0.8962837837837838,0.8969763513513513,False
USA30IDXUSD1440_comma,daily,40,200,long_only,price_slow,0.0025,0.037316691599319496,0.025303782165449377,0.0313364924413788,0.17844264488573355,-0.20912429101919772,42,0.30952380952380953,1.969132010546886,1266.9472780728004,0.8746621621621622,0.9314189189189189,0.8851351351351351,0.9114864864864864,0.8964695945945946,False
USA30IDXUSD1440_comma,daily,5,400,long_only,slow_slope,0.001,0.03848119104227088,0.04104188626895865,0.04995764341735542,0.17262339572740987,-0.22291990538198336,28,0.2857142857142857,1.769765838386023,1051.4257206525024,0.8922297297297297,0.9233108108108108,0.8932432432432432,0.8658783783783783,0.89625,False
USA30IDXUSD1440_comma,daily,75,300,long_only,none,0.001,0.04044849714262,0.07157074983310824,0.08891157777809951,0.09530697204889532,-0.4244022894974432,5,0.6,2.672526910912316,8539.294327864249,0.9297297297297298,0.7804054054054054,0.914527027027027,0.9722972972972973,0.8957432432432433,True
USA30IDXUSD1440_comma,daily,5,500,long_only,slow_slope,0.0,0.039392490536849456,0.05159890349358407,0.06314384905764979,0.17062879222358485,-0.2308666082874875,24,0.25,1.5623536936082383,1127.4779454672068,0.9067567567567567,0.9202702702702703,0.9023648648648649,0.816554054054054,0.8957263513513514,False
USA30IDXUSD1440_comma,daily,40,100,long_only,none,0.0,0.03711256670330676,0.03180127394726873,0.039538970472990806,0.1660505473486053,-0.22350162222225567,20,0.5,1.966226514886965,2717.7864804083574,0.8820945945945946,0.9165540540540541,0.8834459459459459,0.9101351351351351,0.8951858108108108,False
USA30IDXUSD1440_comma,daily,75,250,long_only,none,0.0,0.04047748683640351,0.07073619228298521,0.08752444189026708,0.09389664328310904,-0.43108555770582013,5,0.6,2.900349232595624,8867.579564958356,0.9277027027027027,0.775,0.9148648648648648,0.9817567567567568,0.8950675675675677,True
USA30IDXUSD1440_comma,daily,10,300,long_only,price_slow,0.0,0.03856097921365875,0.04017092636113117,0.049795255070076844,0.17282125706536447,-0.22312636690910204,42,0.23809523809523808,1.709074210026263,1092.3058714410126,0.8908783783783784,0.9243243243243243,0.8945945945945946,0.856081081081081,0.8947635135135135,False
USA30IDXUSD1440_comma,daily,10,75,long_only,none,0.005,0.036843297627047855,0.019827366557451587,0.024937491073183934,0.18004723211109724,-0.2046312914397589,44,0.38636363636363635,1.9667903455307585,1405.060989559825,0.8699324324324325,0.9344594594594594,0.8817567567567568,0.910472972972973,0.8945101351351352,False
USA30IDXUSD1440_comma,daily,10,100,long_only,none,0.001,0.035951831031508785,0.015663294505540604,0.01942455621864244,0.18930825648897345,-0.18991158493714644,30,0.43333333333333335,1.9878638736875143,1629.6838360878696,0.8662162162162163,0.9435810810810811,0.8716216216216216,0.9158783783783784,0.8940878378378379,False
USA30IDXUSD1440_comma,daily,10,150,long_only,none,0.0,0.03979765298520843,0.053681115265129135,0.0669844334804835,0.12460240936728567,-0.3193971383643027,25,0.36,1.9728048391467377,2265.963674049334,0.9101351351351351,0.8442567567567567,0.9070945945945946,0.9135135135135135,0.8935641891891892,False
USA30IDXUSD1440_comma,daily,75,150,long_only,fast_slope,0.001,0.03607661210800628,0.0033529789276923417,0.004151975702653746,0.1830323325317101,-0.19710513224080806,59,0.3559322033898305,2.330076739711416,964.3199431638187,0.8537162162162162,0.9371621621621622,0.8729729729729729,0.9543918918918919,0.8935304054054054,False
USA30IDXUSD1440_comma,daily,100,200,long_only,price_slow,0.001,0.039448788602807205,0.0440652867882279,0.05478436711008799,0.13866249750999227,-0.2844950099068023,41,0.3170731707317073,1.9435522765695823,1300.3104905435785,0.8956081081081081,0.875,0.9033783783783784,0.9054054054054054,0.8934797297297297,False
USA30IDXUSD1440_comma,daily,20,200,long_only,slow_slope,0.0025,0.037821004697966565,0.02953564163989664,0.03663919292478337,0.14747448426400303,-0.25645795533185856,30,0.4666666666666667,2.1504097100801,1786.5814429541495,0.879054054054054,0.8898648648648648,0.8888513513513514,0.9422297297297297,0.8931925675675675,False
USA30IDXUSD1440_comma,daily,40,200,long_only,price_slow,0.001,0.036667409658017736,0.01920877381469418,0.02379870772024451,0.17621836254745907,-0.20807939154548938,42,0.30952380952380953,1.9614219862551114,1245.6404556739692,0.8692567567567567,0.9293918918918919,0.8804054054054054,0.9091216216216216,0.8925000000000001,False
USA30IDXUSD1440_comma,daily,30,300,long_only,none,0.0025,0.03849649339771721,0.04997419609509053,0.060520798595004144,0.1289871986788761,-0.2984520463426553,9,0.4444444444444444,2.0332889689833284,3847.2190239396245,0.9043918918918918,0.8530405405405406,0.893918918918919,0.9243243243243243,0.8924493243243243,True
USA30IDXUSD1440_comma,daily,5,400,long_only,price_slow,0.0025,0.03847074995916766,0.04135970424960549,0.0510109354140533,0.15760599989885177,-0.2440944506164574,29,0.2413793103448276,1.7870276206011138,1441.3758789511544,0.8925675675675676,0.904054054054054,0.8929054054054054,0.8712837837837838,0.8923141891891891,False
USA30IDXUSD1440_comma,daily,5,300,long_only,none,0.005,0.03923138382454949,0.04768094435582037,0.05863165664629093,0.13965822113055237,-0.2809099493532574,23,0.2608695652173913,1.8397430457915922,2028.3805945544818,0.9003378378378378,0.8773648648648649,0.9010135135135136,0.8834459459459459,0.892195945945946,False
USA30IDXUSD1440_comma,daily,10,500,long_only,none,0.0025,0.03772974424339304,0.043096653504682426,0.05416988073893337,0.16635515795748182,-0.22680237094323374,12,0.3333333333333333,1.692560927896114,2223.8106171134027,0.893918918918919,0.9168918918918919,0.8881756756756757,0.8506756756756757,0.8920270270270271,True
USA30IDXUSD1440_comma,daily,100,250,long_only,none,0.005,0.0397449165316377,0.06608415835820142,0.08270868486651733,0.09487292901109456,-0.4189278959332,5,0.8,2.7437605275742443,9151.705174453626,0.9239864864864865,0.779054054054054,0.9064189189189189,0.9743243243243244,0.8917905405405405,True
USA30IDXUSD1440_comma,daily,20,400,long_only,price_slow,0.005,0.03887264396500911,0.04408169293512762,0.05457467925380015,0.14930265874124707,-0.26036136457809755,32,0.15625,1.786178872652931,1329.1156719554074,0.8959459459459459,0.8929054054054054,0.8972972972972973,0.8706081081081081,0.8916554054054054,False
USA30IDXUSD1440_comma,daily,100,300,long_only,price_slow,0.001,0.03850477873661129,0.036306972270942026,0.045502088747348124,0.17167866321569314,-0.22428400836413065,38,0.21052631578947367,1.6851739511268031,1204.522749154426,0.885472972972973,0.9219594594594595,0.8942567567567568,0.8489864864864864,0.8908783783783784,False
USA30IDXUSD1440_comma,daily,75,250,long_only,none,0.001,0.039879869508297805,0.06643375483715049,0.08223152633586207,0.09156479141299126,-0.43553716327954883,5,0.8,2.838188060771787,8813.431366866982,0.9243243243243243,0.7702702702702703,0.9081081081081082,0.9780405405405406,0.890625,True
USA30IDXUSD1440_comma,daily,75,200,long_only,price_slow,0.0025,0.03712481262713263,0.02205244580825169,0.027441112311284207,0.14914390789419474,-0.24891940375780963,41,0.36585365853658536,2.1542062423504333,1395.3062364430277,0.8726351351351351,0.8922297297297297,0.8837837837837837,0.9432432432432433,0.8903547297297296,False
USA30IDXUSD1440_comma,daily,75,500,long_only,fast_slope,0.001,0.03627390988558177,0.002807035220641516,0.0034804863060762838,0.2120447676929781,-0.17106722453111012,60,0.3333333333333333,1.8477872683196062,861.258242476822,0.8527027027027027,0.9638513513513514,0.8756756756756757,0.8864864864864865,0.890152027027027,False
USA30IDXUSD1440_comma,daily,60,500,long_only,none,0.005,0.043941450807041926,0.09661772874115263,0.1202014507111308,0.11616811321874171,-0.3782574201261344,5,0.4,1.3519653065899135,2759.447904318037,0.9530405405405405,0.8256756756756757,0.9496621621621621,0.7479729729729729,0.8897635135135136,True
USA30IDXUSD1440_comma,daily,75,300,long_only,fast_slope,0.005,0.03697503600849128,0.011287858852061277,0.01406969120636503,0.18860831092609173,-0.19604139301677093,68,0.38235294117647056,1.841420968327115,780.0942822773292,0.8614864864864865,0.9432432432432433,0.8824324324324324,0.8841216216216217,0.8895101351351351,False
USA30IDXUSD1440_comma,daily,100,200,long_only,none,0.001,0.04028507648096502,0.07045332974474507,0.08800747010635818,0.09425368994922718,-0.42741113374623196,7,0.7142857142857143,2.199248390472129,6349.492439511594,0.927027027027027,0.7763513513513514,0.9121621621621622,0.9462837837837837,0.8892736486486488,True
USA30IDXUSD1440_comma,daily,40,200,long_only,price_slow,0.0,0.03605045557177844,0.013494350995296627,0.016708194004888016,0.17856466980657484,-0.20189019256065088,43,0.3023255813953488,1.952932907470229,1206.026114537299,0.8638513513513514,0.9317567567567567,0.8726351351351351,0.9077702702702702,0.8891722972972973,False
USA30IDXUSD1440_comma,daily,100,200,long_only,none,0.0,0.040639976715205695,0.0731957599878636,0.09135076788566154,0.09526668831809688,-0.4265916810239925,7,0.7142857142857143,2.0324581530734482,6231.357352127346,0.9304054054054054,0.7800675675675676,0.9168918918918919,0.9239864864864865,0.8891554054054054,True
USA30IDXUSD1440_comma,daily,75,150,long_only,fast_slope,0.0,0.03561681432948527,-0.0014801975647664113,-0.0018354449662505749,0.18055798607285545,-0.19725970090912415,61,0.36065573770491804,2.2748446614797375,917.7432843181728,0.8466216216216216,0.9347972972972973,0.8692567567567567,0.9503378378378379,0.88875,False
USA30IDXUSD1440_comma,daily,5,200,long_only,none,0.001,0.03921742928956928,0.04774103384081115,0.05894330150136332,0.13382858529246094,-0.29304224657135747,25,0.32,1.79727231273315,2017.0675039581902,0.9006756756756756,0.8641891891891892,0.9006756756756756,0.8733108108108109,0.8874493243243243,False
USA30IDXUSD1440_comma,daily,40,250,long_only,none,0.0,0.03816397129790339,0.04873745746346196,0.05836173762806362,0.1180195717572657,-0.3233698506921915,7,0.5714285714285714,2.118653657304689,5715.946770819528,0.9027027027027027,0.8300675675675676,0.8908783783783784,0.9361486486486487,0.887195945945946,True
USA30IDXUSD1440_comma,daily,5,200,long_only,slow_slope,0.001,0.03919080885423609,0.04331805758414374,0.05360676338629517,0.1362196456676057,-0.28770305973241883,36,0.4166666666666667,1.8136192930724677,1399.3175900845222,0.8945945945945946,0.8695945945945946,0.9,0.8787162162162162,0.887043918918919,False
USA30IDXUSD1440_comma,daily,40,250,long_only,none,0.001,0.03797301932940278,0.046847337513061915,0.05587446669678761,0.1174290687199152,-0.3233698414144266,7,0.5714285714285714,2.1784675009063754,5627.623929480368,0.8993243243243243,0.8287162162162162,0.889527027027027,0.9442567567567568,0.8864527027027027,True
USA30IDXUSD1440_comma,daily,75,500,long_only,price_slow,0.0025,0.03834894630324004,0.03954088184296228,0.048103642677719355,0.1657073820466939,-0.23142569648728062,21,0.19047619047619047,1.577596371212114,1222.3401281886474,0.889527027027027,0.9155405405405406,0.8922297297297297,0.8206081081081081,0.8862331081081082,False
USA30IDXUSD1440_comma,daily,5,75,long_only,none,0.0025,0.034746034786907076,0.00037527476483760117,0.0004669327348873921,0.1966902034646327,-0.17665361149089887,54,0.3888888888888889,1.937592673849993,1065.220253233076,0.8489864864864864,0.9496621621621621,0.8611486486486486,0.9043918918918918,0.8848986486486485,False
USA30IDXUSD1440_comma,daily,50,400,long_only,price_slow,0.001,0.03868725595948974,0.041819416973239654,0.051558066947567704,0.13991055070225847,-0.27651421401249077,31,0.1935483870967742,1.722109064040266,1361.0870704304211,0.8929054054054054,0.8787162162162162,0.8956081081081081,0.8594594594594595,0.8848817567567567,False
USA30IDXUSD1440_comma,daily,40,500,long_only,slow_slope,0.0,0.03936456272740241,0.05542925496747952,0.06930913140580029,0.16411690548666674,-0.23985684235680693,18,0.16666666666666666,1.3294847522590927,598.0337816460074,0.9111486486486486,0.9138513513513513,0.902027027027027,0.7398648648648649,0.8843074324324324,True
USA30IDXUSD1440_comma,daily,100,500,long_only,price_slow,0.005,0.03832615664433159,0.03838673783696568,0.046917306139910735,0.16297314273411967,-0.2351685437327442,20,0.2,1.5717202967230153,1281.6227089629585,0.8875,0.9118243243243244,0.8918918918918919,0.8182432432432433,0.884070945945946,False
USA30IDXUSD1440_comma,daily,50,250,long_only,none,0.001,0.03808682285736742,0.050004294380224086,0.06096900983476307,0.11061593539166525,-0.3443158774774254,7,0.5714285714285714,2.1236761877987247,5503.982106356801,0.9047297297297298,0.8121621621621622,0.8898648648648648,0.9368243243243243,0.8834290540540541,True
USA30IDXUSD1440_comma,daily,5,50,long_only,none,0.005,0.035589333128521305,0.0011915880344953156,0.0015251190681258872,0.2055984029314489,-0.17310121392522482,72,0.3888888888888889,1.7725839439065472,822.7548512532366,0.8510135135135135,0.9557432432432432,0.8685810810810811,0.8675675675675676,0.8831925675675676,False
USA30IDXUSD1440_comma,daily,60,150,long_only,none,0.0,0.03697833804894479,0.03885298917538274,0.046805959439280787,0.11950300053597036,-0.30943438979019044,10,0.5,2.2922620314114677,5733.629389734308,0.8885135135135135,0.8337837837837838,0.8827702702702702,0.9516891891891892,0.8831587837837838,True
USA30IDXUSD1440_comma,daily,20,300,long_only,slow_slope,0.001,0.03744244461096469,0.03114817766109755,0.038231472632552575,0.154059038147626,-0.24303958444220408,30,0.3,1.707480493856694,1067.8037421922809,0.8807432432432433,0.8993243243243243,0.8864864864864865,0.8557432432432432,0.8827871621621622,False
USA30IDXUSD1440_comma,daily,40,150,long_only,none,0.005,0.03351008982136827,-0.0016495559819318137,-0.002061186232654473,0.1781524217386212,-0.1880978630227832,16,0.5,2.140529460411906,2844.6638814548514,0.845945945945946,0.9310810810810811,0.8462837837837838,0.9408783783783784,0.8815371621621622,True
USA30IDXUSD1440_comma,daily,75,500,long_only,price_slow,0.005,0.037796339573167526,0.03457635423671635,0.042045326034024444,0.1633195455252516,-0.23142569648728084,21,0.19047619047619047,1.5482296103327002,1180.1096050302267,0.8847972972972973,0.9128378378378378,0.8885135135135135,0.8108108108108109,0.8814527027027027,False
USA30IDXUSD1440_comma,daily,5,400,long_only,slow_slope,0.005,0.03677059000779481,0.025154243063039074,0.030592081971154168,0.16799364550350612,-0.21888083860307317,30,0.3,1.6195747746649123,932.6732097045249,0.8743243243243243,0.9179054054054054,0.8810810810810811,0.8331081081081081,0.8803885135135134,False
USA30IDXUSD1440_comma,daily,30,250,long_only,slow_slope,0.0025,0.03461741148934627,0.0009194432074150145,0.0011342121768029272,0.1660493454279046,-0.2084766513239673,38,0.3157894736842105,2.0176028668199533,1247.5851159415863,0.85,0.9162162162162162,0.8594594594594595,0.9222972972972973,0.8792905405405406,False
USA30IDXUSD1440_comma,daily,40,300,long_only,none,0.001,0.0384822806217644,0.05353869090137006,0.06508059712127125,0.11203742260199723,-0.34347702515854195,7,0.5714285714285714,1.8373383780787762,4592.708370832844,0.9094594594594595,0.816554054054054,0.893581081081081,0.8831081081081081,0.8791047297297299,True
USA30IDXUSD1440_comma,daily,10,500,long_only,slow_slope,0.0,0.0381371037626419,0.044670823564102895,0.05571650001964997,0.13584882399732204,-0.280731938933779,22,0.2727272727272727,1.633459386535919,1253.7146541330674,0.8966216216216216,0.8685810810810811,0.8902027027027027,0.8351351351351352,0.8791047297297298,False
USA30IDXUSD1440_comma,daily,60,500,long_only,price_slow,0.0,0.03751630725894661,0.032871985967406155,0.03983805739823407,0.16210951432097595,-0.2314256964872804,25,0.16,1.5316977976528152,973.4043963628378,0.8834459459459459,0.9087837837837838,0.8868243243243243,0.8057432432432432,0.8788006756756757,False
USA30IDXUSD1440_comma,daily,5,200,long_only,price_slow,0.0,0.037185576377188445,0.027345255199050757,0.033750670105186294,0.1429344369815326,-0.26015827369854116,46,0.2608695652173913,1.741217020958313,1063.714741926591,0.8777027027027027,0.8834459459459459,0.8847972972972973,0.8631756756756757,0.8783783783783784,False
USA30IDXUSD1440_comma,daily,75,200,long_only,none,0.001,0.03816378110558327,0.052881885166795775,0.06532187242566853,0.09158600181601942,-0.41669884424311665,7,0.5714285714285714,2.4181133270729895,5784.101010729234,0.908445945945946,0.7706081081081081,0.8905405405405405,0.9594594594594594,0.8780574324324324,True
USA30IDXUSD1440_comma,daily,75,300,long_only,none,0.005,0.03795306168405266,0.052265778940358124,0.06498415160242503,0.09048947890377487,-0.41941960705079717,5,0.6,2.493958836962475,8021.965097764523,0.9081081081081082,0.7695945945945946,0.8891891891891892,0.9635135135135136,0.8780067567567568,True
USA30IDXUSD1440_comma,daily,40,500,long_only,slow_slope,0.005,0.03873619090233582,0.05015185933321887,0.06274773167910035,0.16124118020775155,-0.24023757983181526,18,0.3333333333333333,1.311057538463436,548.7245360698676,0.9050675675675676,0.9070945945945946,0.8962837837837838,0.7320945945945946,0.8778716216216217,True
USA30IDXUSD1440_comma,daily,50,150,long_only,none,0.0,0.03641408529336676,0.03403921111180371,0.040819786534946015,0.11515827633568959,-0.316209016425521,10,0.6,2.296345499103352,5537.306328650195,0.8841216216216217,0.8226351351351351,0.8773648648648649,0.9523648648648648,0.8776351351351351,True
USA30IDXUSD1440_comma,daily,100,400,long_only,slow_slope,0.005,0.03538370081276354,0.017193735097513076,0.021029275855313296,0.1381930732570556,-0.2560454006760935,23,0.391304347826087,2.0429349818656974,1455.6484407642579,0.8668918918918919,0.8736486486486487,0.8672297297297298,0.9263513513513514,0.8775675675675676,False
USA30IDXUSD1440_comma,daily,100,400,long_only,slow_slope,0.0025,0.03642491717023466,0.026780075853162343,0.03275722246584052,0.14225960346897024,-0.2560454006760935,22,0.3181818181818182,1.7910553086722194,1136.983726046411,0.8763513513513513,0.8824324324324324,0.8777027027027027,0.8722972972972973,0.8775337837837839,False
USA30IDXUSD1440_comma,daily,50,100,long_only,none,0.0025,0.03525767850399175,0.015280560091106404,0.018940800187491294,0.14070046333706354,-0.25058679742601897,22,0.5454545454545454,1.9994979510863407,2418.4792474215633,0.8658783783783783,0.8797297297297297,0.8668918918918919,0.918918918918919,0.8775000000000001,False
USA30IDXUSD1440_comma,daily,10,300,long_only,price_slow,0.0025,0.03622613533905672,0.01866499782469752,0.02309657170645136,0.1631518912063005,-0.22203932219976474,41,0.24390243902439024,1.6782236235593706,1096.4455593903745,0.8685810810810811,0.9121621621621622,0.8753378378378378,0.8462837837837838,0.8774831081081083,False
USA30IDXUSD1440_comma,daily,60,500,long_only,price_slow,0.001,0.03740693255215399,0.031757997171608245,0.03851610235851081,0.16163690169215894,-0.23142569648728062,24,0.16666666666666666,1.5244033968731954,1006.702045950476,0.8817567567567568,0.9077702702702702,0.885472972972973,0.8040540540540541,0.8773479729729731,False
USA30IDXUSD1440_comma,daily,5,75,long_only,none,0.0,0.03364750956542917,-0.007516213541023246,-0.009268247556275831,0.2029995725141678,-0.1657516276940969,51,0.43137254901960786,1.8442710565788425,1084.5413222072577,0.8385135135135136,0.9547297297297297,0.85,0.8851351351351351,0.876858108108108,False
USA30IDXUSD1440_comma,daily,100,500,long_only,fast_slope,0.0025,0.03593883747983595,0.001918588398286366,0.002429111043614131,0.14188103055092285,-0.2533026250252465,49,0.3469387755102041,2.1311518185079503,1043.252300176682,0.8523648648648648,0.8817567567567568,0.8712837837837838,0.9398648648648649,0.8766216216216216,False
USA30IDXUSD1440_comma,daily,20,200,long_only,price_slow,0.0025,0.03602385882167325,0.012841059863585488,0.015956837019243712,0.14463060966662575,-0.24907492891517513,39,0.28205128205128205,1.9167545259417422,1284.5247047783323,0.8631756756756757,0.8868243243243243,0.8722972972972973,0.9006756756756756,0.8765371621621623,False
USA30IDXUSD1440_comma,daily,100,200,long_only,price_slow,0.0025,0.03772162622644726,0.027006878977507618,0.033534632476929005,0.13090430963645316,-0.28816183616267166,40,0.325,1.8581816918620193,1248.9534514277907,0.8773648648648649,0.8577702702702703,0.8878378378378379,0.8902027027027027,0.8764864864864865,False
USA30IDXUSD1440_comma,daily,30,100,long_only,none,0.0,0.03505413129500057,0.013560854744660516,0.016785686318434367,0.1546071649833176,-0.22673031549852796,20,0.5,1.8164881242134454,2422.362107947728,0.8641891891891892,0.9010135135135136,0.864527027027027,0.8800675675675675,0.8758445945945947,False
USA30IDXUSD1440_comma,daily,5,500,long_only,slow_slope,0.0025,0.036324623505090914,0.024547073861599635,0.030041642341678353,0.17253510766889077,-0.2105346789756024,24,0.25,1.5045242075261696,923.3282077965365,0.8736486486486487,0.922972972972973,0.8763513513513513,0.7996621621621621,0.8754222972972974,False
USA30IDXUSD1440_comma,daily,60,100,long_only,none,0.001,0.03463803299570567,0.010867504755097119,0.013527238953451818,0.162028796270667,-0.21377701860997156,24,0.4583333333333333,1.8078032729227262,2194.894187808737,0.8608108108108108,0.908445945945946,0.8597972972972973,0.8773648648648649,0.875,False
USA30IDXUSD1440_comma,daily,20,50,long_only,none,0.0,0.03553136876962215,0.011612932763030825,0.014500390460187888,0.16285094858358823,-0.21818336999974297,38,0.39473684210526316,1.7117777153157787,1297.555133355976,0.8621621621621621,0.9111486486486486,0.8682432432432432,0.8570945945945946,0.8748648648648648,False
USA30IDXUSD1440_comma,daily,50,400,long_only,price_slow,0.0,0.037544356615943464,0.0315627936801847,0.038915598642310305,0.13577731166560386,-0.2765142140124909,31,0.1935483870967742,1.6893541574024584,1294.395652133715,0.8814189189189189,0.8682432432432432,0.8871621621621621,0.85,0.8745608108108109,False
USA30IDXUSD1440_comma,daily,30,400,long_only,price_slow,0.001,0.037129113973971783,0.028723014737533,0.035348770902583544,0.14172259069950136,-0.2619844429227077,33,0.15151515151515152,1.6380136671971222,1193.3947838096335,0.8787162162162162,0.8807432432432433,0.8841216216216217,0.8371621621621622,0.874070945945946,False
USA30IDXUSD1440_comma,daily,50,400,long_only,price_slow,0.0025,0.03763851141272667,0.03230437860132371,0.039817038388235824,0.13293731622684238,-0.28312976732959494,31,0.1935483870967742,1.6839383039322553,1299.8557658322559,0.8831081081081081,0.8614864864864865,0.8875,0.8483108108108108,0.8733614864864865,False
USA30IDXUSD1440_comma,daily,75,200,long_only,slow_slope,0.0025,0.034856307256533325,0.005800649048374871,0.007135349264544764,0.14166864594793246,-0.24604108427311489,29,0.3103448275862069,2.015948323416174,1817.0365934933354,0.8557432432432432,0.8804054054054054,0.8625,0.9219594594594595,0.8731925675675676,False
USA30IDXUSD1440_comma,daily,50,500,long_only,slow_slope,0.005,0.038566581535103284,0.0486770493021657,0.06079157421423556,0.15677869378253945,-0.24599376742223167,19,0.2631578947368421,1.2771128226995625,507.2947711914666,0.9023648648648649,0.9027027027027027,0.8949324324324325,0.7158783783783784,0.872989864864865,True
USA30IDXUSD1440_comma,daily,40,500,long_only,slow_slope,0.001,0.03841853467030276,0.04789673497213213,0.05989583447441914,0.15582775060668863,-0.2465448838267047,18,0.16666666666666666,1.2911335392603411,523.9368886012089,0.9010135135135136,0.9016891891891892,0.8925675675675676,0.7236486486486486,0.8728885135135136,True
USA30IDXUSD1440_comma,daily,100,500,long_only,fast_slope,0.005,0.03581463079372149,0.0005203748479112258,0.0006585301551021981,0.13837163493903676,-0.25882928108423786,49,0.3469387755102041,2.108336461114102,1038.3366588702315,0.8493243243243244,0.8743243243243243,0.8706081081081081,0.9351351351351351,0.8727027027027027,False
USA30IDXUSD1440_comma,daily,50,100,long_only,none,0.0,0.03475588909497884,0.014301614842143337,0.01774637138656606,0.14261388321176716,-0.24370621086987632,21,0.47619047619047616,1.86074532460399,2480.8734901254884,0.864527027027027,0.8831081081081081,0.8614864864864865,0.8908783783783784,0.8725168918918919,False
USA30IDXUSD1440_comma,daily,50,100,long_only,none,0.001,0.0345936789453285,0.011432967194083099,0.014202811134811595,0.13717608744017426,-0.25218447027376856,23,0.4782608695652174,1.9946421111810257,2251.367442793911,0.8618243243243243,0.8719594594594594,0.8587837837837838,0.9168918918918919,0.8720101351351353,False
USA30IDXUSD1440_comma,daily,75,500,long_only,fast_slope,0.0,0.034501643620209466,-0.016519513405402808,-0.020483063334035684,0.20168471029314566,-0.17106722453111023,62,0.3225806451612903,1.7712537944401505,778.3974878404609,0.8293918918918919,0.9537162162162162,0.8577702702702703,0.8668918918918919,0.8717736486486487,False
USA30IDXUSD1440_comma,daily,40,250,long_only,none,0.005,0.03598098743963862,0.03005253330156798,0.03582407486169107,0.10685630163652092,-0.33672312150602435,7,0.7142857142857143,2.4175117117995035,7107.929733095354,0.8793918918918919,0.8057432432432432,0.8719594594594594,0.9591216216216216,0.8714527027027026,True
USA30IDXUSD1440_comma,daily,100,500,long_only,fast_slope,0.0,0.03619107830574464,0.005300574093704792,0.0066828810367286304,0.12969456761257958,-0.2790485289549963,50,0.36,2.1380744693928277,1032.1922542285959,0.8547297297297297,0.8540540540540541,0.875,0.9402027027027027,0.8714358108108109,False
USA30IDXUSD1440_comma,daily,30,200,long_only,price_slow,0.0,0.03518279884750686,0.005950722108635527,0.007367454918728674,0.15033881271498847,-0.23402339164541774,45,0.28888888888888886,1.8145515614312577,1071.728544505311,0.856418918918919,0.8949324324324325,0.8662162162162163,0.879054054054054,0.8714020270270271,False
USA30IDXUSD1440_comma,daily,5,300,long_only,price_slow,0.005,0.0364414969966349,0.020838678732517508,0.025704647539467634,0.1456571874901668,-0.2501867406927313,34,0.2647058823529412,1.6353430035100969,1220.6120125026978,0.8712837837837838,0.8871621621621621,0.8780405405405406,0.8361486486486487,0.8713344594594594,False
USA30IDXUSD1440_comma,daily,10,50,long_only,none,0.0,0.03432854459726786,-0.0029032118389517195,-0.003644048034500952,0.17930493539303985,-0.19145342832877987,48,0.5,1.714952282759874,1180.8016366513766,0.8442567567567567,0.9331081081081081,0.8550675675675675,0.8577702702702703,0.8706587837837838,False
USA30IDXUSD1440_comma,daily,5,400,long_only,none,0.0025,0.035777229949867095,0.01996464985412636,0.02438028322771397,0.15619490849241374,-0.22905503319658316,21,0.23809523809523808,1.5596382691089201,1172.1963532574166,0.8702702702702703,0.9023648648648649,0.8699324324324325,0.8155405405405406,0.8700168918918919,False
USA30IDXUSD1440_comma,daily,10,400,long_only,slow_slope,0.001,0.035590239986547756,0.017421691570149014,0.021142136530672963,0.1485230097127479,-0.2396277859934386,28,0.25,1.6621034544641122,930.5480256887383,0.8672297297297298,0.8912162162162162,0.8689189189189189,0.841554054054054,0.8697128378378378,False
USA30IDXUSD1440_comma,daily,10,50,long_only,none,0.001,0.03384558143020966,-0.009013655950665537,-0.011315043264118488,0.18508168223733207,-0.18286834775366445,46,0.4782608695652174,1.7506412109918064,1211.0436043811587,0.8361486486486487,0.9385135135135135,0.8530405405405406,0.8648648648648649,0.8694256756756757,False
USA30IDXUSD1440_comma,daily,100,150,long_only,slow_slope,0.0,0.035134611784526815,0.005649676412120178,0.007043681070435894,0.1370158325989821,-0.2564273859310755,44,0.3409090909090909,1.9569681359964992,1345.728794314313,0.8554054054054054,0.8712837837837838,0.8655405405405405,0.9081081081081082,0.8693074324324324,False
USA30IDXUSD1440_comma,daily,5,300,long_only,price_slow,0.0025,0.03632001151965292,0.01999695021331775,0.024684135135268893,0.1440436230740144,-0.2521459176362878,36,0.2222222222222222,1.6009934089573905,1146.675482833878,0.8706081081081081,0.8858108108108108,0.8760135135135135,0.8273648648648648,0.8690033783783784,False
USA30IDXUSD1440_comma,daily,40,400,long_only,price_slow,0.005,0.03683836795581352,0.02497257215041106,0.030847904740923495,0.13366667201089164,-0.2755987517427815,30,0.2,1.657886594935687,1295.4367660263808,0.8739864864864865,0.8638513513513514,0.8814189189189189,0.8402027027027027,0.8678716216216216,False
USA30IDXUSD1440_comma,daily,75,100,long_only,none,0.001,0.036121257875466606,0.02811291962460019,0.034297659219269534,0.11472818324346057,-0.3148420628156813,22,0.5909090909090909,1.9612464288743907,2354.2237551061376,0.8780405405405406,0.8216216216216217,0.8743243243243243,0.9087837837837838,0.867804054054054,False
USA30IDXUSD1440_comma,daily,10,200,long_only,none,0.005,0.03654900182708953,0.02300745565033215,0.028446171467708375,0.1191632374022036,-0.30671373675194946,22,0.3181818181818182,1.897111975650696,2232.3093481609685,0.8733108108108109,0.8320945945945946,0.879054054054054,0.8972972972972973,0.8677533783783784,False
USA30IDXUSD1440_comma,daily,10,400,long_only,slow_slope,0.0025,0.03561973553508069,0.017043444675441027,0.020786380998187172,0.14454268789313926,-0.24643056009456832,27,0.2962962962962963,1.619347543018227,966.7820927991302,0.8665540540540541,0.8864864864864865,0.8695945945945946,0.8327702702702703,0.8670777027027028,False
USA30IDXUSD1440_comma,daily,30,200,long_only,price_slow,0.001,0.0345275028888572,-0.0007279415268520501,-0.0009036785955550499,0.15740734131890968,-0.21935128691935624,44,0.29545454545454547,1.7699898746142666,1032.7411648356544,0.8472972972972973,0.9033783783783784,0.8581081081081081,0.8662162162162163,0.8663175675675677,False
USA30IDXUSD1440_comma,daily,40,300,long_only,none,0.0025,0.036620152966901465,0.038943997235678124,0.047446447499002536,0.10661601878611347,-0.34347702515854184,7,0.42857142857142855,1.849205678344312,4594.840746401691,0.8888513513513514,0.8050675675675676,0.8800675675675675,0.8875,0.865945945945946,True
USA30IDXUSD1440_comma,daily,40,400,long_only,price_slow,0.0025,0.03652989286671171,0.022628841756549018,0.027961979734572713,0.13210246292150155,-0.27652696292588164,31,0.1935483870967742,1.6386939363800315,1235.9512610246186,0.8729729729729729,0.8601351351351352,0.8787162162162162,0.8375,0.8655912162162162,False
USA30IDXUSD1440_comma,daily,75,200,long_only,none,0.0,0.036459977967849166,0.04101445119665723,0.05050445482506074,0.08692960096771647,-0.41941959426903974,7,0.8571428571428571,2.3426572208291234,5226.137892633728,0.8918918918918919,0.7591216216216217,0.8783783783783784,0.9557432432432432,0.8655743243243244,True
USA30IDXUSD1440_comma,daily,10,400,long_only,price_slow,0.001,0.03656358312082442,0.025358914883663645,0.031110185985240516,0.1279391401808777,-0.2857888764074198,32,0.1875,1.6759819666049824,1199.1971425664728,0.875,0.8503378378378378,0.8793918918918919,0.8449324324324324,0.8652027027027027,False
USA30IDXUSD1440_comma,daily,40,250,long_only,none,0.0025,0.03465357171942074,0.020403071198310845,0.024322316997155792,0.1058696963483263,-0.3273228592760442,10,0.5,2.262993574558016,4747.678829793681,0.870945945945946,0.8033783783783783,0.8601351351351352,0.9496621621621621,0.8636993243243243,True
USA30IDXUSD1440_comma,daily,10,200,long_only,slow_slope,0.0025,0.03609166754129167,0.012729416157730196,0.01576411748514034,0.124387910484998,-0.290154142798665,33,0.3333333333333333,1.8422824342772746,1450.257737295457,0.8628378378378379,0.8439189189189189,0.8736486486486487,0.8847972972972973,0.8635641891891892,False
USA30IDXUSD1440_comma,daily,75,200,long_only,price_slow,0.005,0.034905622938341985,-0.0004509709858844072,-0.0005614105139855297,0.13115485641424707,-0.2661405295439008,39,0.358974358974359,1.9755698624486693,1339.8433644340976,0.8476351351351351,0.8591216216216216,0.8628378378378379,0.9141891891891892,0.8635304054054054,False
USA30IDXUSD1440_comma,daily,40,400,long_only,price_slow,0.0,0.03592020792312245,0.017830299798544804,0.02193566773651126,0.1381650055036028,-0.2599805051372852,33,0.18181818181818182,1.58860453056786,1128.365869732388,0.8675675675675676,0.8733108108108109,0.870945945945946,0.8236486486486486,0.8630912162162163,False
USA30IDXUSD1440_comma,daily,10,400,long_only,slow_slope,0.0,0.034827891612480455,0.010984835643339763,0.013320317735943256,0.14408391607977977,-0.24171949624964473,28,0.25,1.6136603972118742,897.3092460322425,0.8611486486486486,0.8861486486486486,0.8621621621621621,0.8307432432432432,0.8630405405405405,False
USA30IDXUSD1440_comma,daily,20,75,long_only,none,0.001,0.03214880698417777,-0.016702170210794728,-0.020692985491645274,0.19421484013098939,-0.16553218570988093,32,0.5,1.6953120805789206,1323.7106247412548,0.8283783783783784,0.9483108108108108,0.8320945945945946,0.8523648648648648,0.8627027027027028,False
USA30IDXUSD1440_comma,daily,100,500,long_only,fast_slope,0.001,0.03522064117172041,-0.0051587791374187435,-0.006497897573784624,0.12621690321614482,-0.27904852895499677,49,0.3469387755102041,2.1283454316935995,1014.9287719489867,0.8405405405405405,0.8476351351351351,0.8665540540540541,0.9391891891891891,0.8623141891891891,False
USA30IDXUSD1440_comma,daily,100,200,long_only,none,0.0025,0.0365860993170104,0.04343068110722547,0.05430359046633814,0.0827160391248709,-0.4423096137591743,7,0.7142857142857143,2.1224780799401124,5451.0538737512925,0.8949324324324325,0.75,0.8797297297297297,0.9364864864864865,0.8618918918918919,True
USA30IDXUSD1440_comma,daily,60,150,long_only,none,0.0025,0.034463189956632334,0.01800508910461351,0.021649976850563475,0.11137436840381931,-0.3094355591016802,11,0.5454545454545454,2.0899938483882843,4830.89015768516,0.8679054054054054,0.8141891891891891,0.8570945945945946,0.9314189189189189,0.8618412162162162,True
USA30IDXUSD1440_comma,daily,20,100,long_only,none,0.0025,0.03409720686045459,0.0015402156312273093,0.0019109009564182823,0.1403768964060117,-0.2428975688551721,28,0.4642857142857143,1.7767300375082549,1649.0393002482801,0.8516891891891892,0.879054054054054,0.8537162162162162,0.8682432432432432,0.861418918918919,False
USA30IDXUSD1440_comma,daily,40,300,long_only,none,0.0,0.036376060713307456,0.03804540111279367,0.04622898913315713,0.10868344987839028,-0.3346973320593881,7,0.42857142857142855,1.723385445220428,4130.033675272227,0.8868243243243243,0.8087837837837838,0.8770270270270271,0.8597972972972973,0.8613006756756757,True
USA30IDXUSD1440_comma,daily,5,100,long_only,none,0.005,0.03362708023136163,-0.010968244663531156,-0.013631746087665432,0.16291500227851682,-0.2064087392877012,47,0.3829787234042553,1.7553053787505897,951.5632385149648,0.8337837837837838,0.9114864864864864,0.8496621621621622,0.8652027027027027,0.861097972972973,False
USA30IDXUSD1440_comma,daily,75,150,long_only,none,0.0,0.03610249100107854,0.03203917820788581,0.03846651882459243,0.09394217792681332,-0.3843054504144515,10,0.6,2.059620835481406,5695.832394976338,0.8827702702702702,0.7753378378378378,0.8739864864864865,0.9287162162162163,0.8610472972972973,True
USA30IDXUSD1440_comma,daily,75,150,long_only,fast_slope,0.0025,0.0323906269985994,-0.036764628111279285,-0.04561105205668429,0.16271177711171209,-0.19906750189545996,59,0.3220338983050847,2.143636517529415,867.9660816694828,0.8114864864864865,0.910472972972973,0.8361486486486487,0.941554054054054,0.8606756756756757,False
USA30IDXUSD1440_comma,daily,20,400,long_only,none,0.0025,0.035504437200143846,0.028629736483185883,0.03443548382663,0.12041413154036869,-0.29485274482290336,10,0.3,1.6724176596638711,2801.726383909204,0.8783783783783784,0.8364864864864865,0.8679054054054054,0.8439189189189189,0.8606418918918919,True
USA30IDXUSD1440_comma,daily,50,250,long_only,none,0.0,0.0354768780041379,0.031036152896760677,0.037706176892401876,0.10303579859063178,-0.34431603859441073,7,0.42857142857142855,1.9330827752566395,4852.2081211749255,0.8804054054054054,0.7976351351351352,0.8675675675675676,0.9033783783783784,0.8605912162162161,True
USA30IDXUSD1440_comma,daily,5,200,long_only,none,0.005,0.03689465408020598,0.02573256442607529,0.0317564914777268,0.114531550152764,-0.3221352896297597,28,0.2857142857142857,1.7183707714942436,1641.4712328672051,0.8753378378378378,0.8209459459459459,0.8820945945945946,0.8581081081081081,0.8605067567567568,False
USA30IDXUSD1440_comma,daily,30,250,long_only,slow_slope,0.005,0.032963611651382285,-0.015196419982439001,-0.0187803094031152,0.15265158441620927,-0.21594018678185467,37,0.32432432432432434,1.9123335316472105,1196.621028927908,0.8307432432432432,0.897972972972973,0.8412162162162162,0.8996621621621622,0.8599831081081082,False
USA30IDXUSD1440_comma,daily,75,100,long_only,fast_slope,0.0,0.03194082474659021,-0.037400156082929015,-0.046642350767759654,0.18239567276043162,-0.1751183252496512,56,0.39285714285714285,1.921782817641995,831.4993526360819,0.8111486486486487,0.9364864864864865,0.8307432432432432,0.9010135135135136,0.8598817567567567,False
USA30IDXUSD1440_comma,daily,50,200,long_only,none,0.0025,0.03434100781009053,0.018266603397474133,0.02170289584157575,0.1062367856541197,-0.3232496879366835,8,0.625,2.1181926661628023,5880.971691669787,0.8682432432432432,0.8040540540540541,0.8554054054054054,0.9358108108108109,0.8597635135135135,True
USA30IDXUSD1440_comma,daily,75,100,long_only,none,0.0,0.035072704779184116,0.025955921213157793,0.032044720545230145,0.10608226306205548,-0.33061799180007556,22,0.5909090909090909,1.9348587666577883,2390.603873841971,0.8756756756756757,0.8037162162162163,0.8648648648648649,0.9037162162162162,0.8597297297297298,False
USA30IDXUSD1440_comma,daily,20,300,long_only,slow_slope,0.0,0.035049972535171836,0.009976668126709188,0.01221724093900179,0.13683980561259618,-0.2561387191268084,30,0.3,1.6224964298833962,911.9807623961476,0.8601351351351352,0.8706081081081081,0.8641891891891892,0.8341216216216216,0.8596621621621622,False
USA30IDXUSD1440_comma,daily,60,250,long_only,none,0.005,0.03715801410828723,0.043040822598839304,0.05218693424777971,0.09016006252924118,-0.41213385467912633,6,0.6666666666666666,1.848274119660831,6134.701576494214,0.893581081081081,0.768581081081081,0.8844594594594595,0.8868243243243243,0.8594932432432433,True
USA30IDXUSD1440_comma,daily,60,300,long_only,none,0.001,0.03615808966985545,0.03773105288272821,0.04599674814697042,0.09223286242765448,-0.3920304403239908,6,0.6666666666666666,1.9691094577101238,6040.588453686926,0.8864864864864865,0.7709459459459459,0.8746621621621622,0.9111486486486486,0.8589358108108109,True
USA30IDXUSD1440_comma,daily,5,200,long_only,slow_slope,0.0025,0.036077602703075584,0.01337492383185285,0.016552086033784278,0.1229750205623718,-0.29337342281457357,38,0.34210526315789475,1.7260413469872842,1170.828875493836,0.8635135135135135,0.8391891891891892,0.8733108108108109,0.8601351351351352,0.8588851351351352,False
USA30IDXUSD1440_comma,daily,10,200,long_only,slow_slope,0.001,0.035158184671769455,0.004327250337518584,0.005356273893058879,0.12799756674587562,-0.2746785393317044,33,0.3333333333333333,1.8023101131884263,1396.8504454671402,0.8540540540540541,0.8506756756756757,0.8658783783783783,0.8760135135135135,0.8588682432432433,False
USA30IDXUSD1440_comma,daily,10,400,long_only,price_slow,0.0,0.035800515204199135,0.018868087683496904,0.023129080629543487,0.12479686468065361,-0.2868703095691557,32,0.1875,1.6350323529149624,1157.0398633598675,0.8689189189189189,0.8456081081081082,0.8702702702702703,0.8358108108108108,0.8583952702702703,False
USA30IDXUSD1440_comma,daily,100,150,long_only,slow_slope,0.001,0.03432764691844614,-0.003038225384265523,-0.0037760059301456092,0.1340458897728326,-0.2560887691269099,43,0.37209302325581395,1.8572563529200652,1338.4171192281854,0.8435810810810811,0.8652027027027027,0.8547297297297297,0.8898648648648648,0.8581587837837839,False
USA30IDXUSD1440_comma,daily,40,500,long_only,slow_slope,0.0025,0.03710919572068483,0.03740107112103836,0.0467675727213006,0.14828462025787875,-0.25025653810994686,19,0.15789473684210525,1.2246820943585224,400.49501726327696,0.8861486486486486,0.8905405405405405,0.8831081081081081,0.6929054054054054,0.857652027027027,True
USA30IDXUSD1440_comma,daily,75,300,long_only,combined,0.0,0.033241450843246145,-0.032269244916258016,-0.04030051681524154,0.17430655727462954,-0.1907068291806855,74,0.36486486486486486,1.7866010711562996,619.9443213077307,0.8155405405405406,0.9266891891891892,0.8432432432432433,0.870945945945946,0.8571790540540541,False
USA30IDXUSD1440_comma,daily,60,200,long_only,slow_slope,0.005,0.0330793993909122,-0.010911338975699653,-0.013399903113927558,0.13766319505994903,-0.24029225368848162,29,0.3103448275862069,1.9716987292805996,1671.6202784277039,0.8341216216216216,0.8722972972972973,0.8418918918918918,0.9128378378378378,0.857027027027027,False
USA30IDXUSD1440_comma,daily,10,100,long_only,none,0.0,0.03196843661877824,-0.020093214049582107,-0.0248695791221099,0.1599494773620672,-0.19986583980148542,31,0.45161290322580644,1.8555766505861722,1337.1532188401784,0.8256756756756757,0.9064189189189189,0.831081081081081,0.8891891891891892,0.8564695945945946,False
USA30IDXUSD1440_comma,daily,40,200,long_only,price_slow,0.005,0.0336615363881676,-0.010193095294311186,-0.012627458113412525,0.15077464473067356,-0.2232572754410842,46,0.32608695652173914,1.7074301752223282,1000.1314835102319,0.8347972972972973,0.8959459459459459,0.8506756756756757,0.8554054054054054,0.8563513513513514,False
USA30IDXUSD1440_comma,daily,30,400,long_only,price_slow,0.0025,0.03479636850228873,0.0076270412543518505,0.009386826596887957,0.1359058564524333,-0.25603288489975684,32,0.15625,1.5758515964704816,1102.1428069776293,0.8581081081081081,0.8689189189189189,0.8618243243243243,0.8195945945945946,0.8557770270270272,False
USA30IDXUSD1440_comma,daily,5,200,long_only,slow_slope,0.005,0.036335331182141495,0.014935204407951496,0.018489714974251073,0.1138752385389991,-0.3190801762377662,38,0.34210526315789475,1.7195854239090684,1182.0320768345885,0.8655405405405405,0.8192567567567568,0.8766891891891891,0.8584459459459459,0.8551351351351351,False
USA30IDXUSD1440_comma,daily,20,200,long_only,price_slow,0.005,0.03418810497692104,-0.004978582040065,-0.00617546906140267,0.13318657973927786,-0.2566933173285677,37,0.2972972972972973,1.8111187584114044,1258.564554806376,0.841554054054054,0.8628378378378379,0.8543918918918919,0.8780405405405406,0.8549155405405405,False
USA30IDXUSD1440_comma,daily,5,100,long_only,price_slow,0.001,0.0323053365862398,-0.024492210472525314,-0.030475828538850343,0.15427744954984834,-0.20939765779445085,67,0.34328358208955223,1.8835861641109923,785.8213032882473,0.8216216216216217,0.9003378378378378,0.8347972972972973,0.893581081081081,0.8547297297297298,False
USA30IDXUSD1440_comma,daily,20,50,long_only,none,0.005,0.03350255679898462,-0.015875861545011458,-0.020173949924687906,0.15027650996493977,-0.22293941219955749,46,0.5217391304347826,1.7421884987822924,1196.132765035379,0.8304054054054054,0.8945945945945946,0.845945945945946,0.8635135135135135,0.8545270270270271,False
USA30IDXUSD1440_comma,daily,50,150,long_only,none,0.001,0.03346067034534417,0.010624600752733727,0.012741845688419962,0.10541241994188555,-0.3174262611919091,10,0.6,2.128241078900826,4958.498718453682,0.860472972972973,0.8016891891891892,0.8452702702702702,0.9388513513513513,0.8544932432432433,True
USA30IDXUSD1440_comma,daily,30,250,long_only,slow_slope,0.001,0.031905885259182476,-0.024192595684502757,-0.029834348676290597,0.15548264027923386,-0.2052054506013158,41,0.3170731707317073,1.8855645257234968,1036.6022182436204,0.8219594594594595,0.9013513513513514,0.8300675675675676,0.8949324324324325,0.854375,False
USA30IDXUSD1440_comma,daily,75,500,long_only,price_slow,0.001,0.034710637429095526,0.0072605897845233625,0.008825885777866464,0.1499860990199213,-0.23142569648728062,23,0.17391304347826086,1.4053336682445938,866.7716057513514,0.8577702702702703,0.893581081081081,0.8608108108108108,0.7672297297297297,0.85375,False
USA30IDXUSD1440_comma,daily,75,250,long_only,none,0.0025,0.03494010237224754,0.030680731722192073,0.037864227965765974,0.0808327011443605,-0.4322520697390455,5,0.6,2.2773508809594403,7039.9964593135055,0.8800675675675675,0.7456081081081081,0.8635135135135135,0.9506756756756757,0.8537331081081081,True
USA30IDXUSD1440_comma,daily,40,50,long_only,none,0.0,0.03441043670771049,0.0018809601007653198,0.0023498981774660783,0.14349435382848175,-0.23980341936548355,45,0.4666666666666667,1.5203676633154595,1074.42559824018,0.852027027027027,0.8844594594594595,0.856418918918919,0.8030405405405405,0.8536655405405406,False
USA30IDXUSD1440_comma,daily,60,500,long_only,price_slow,0.0025,0.034552360566467044,0.006149982554188324,0.0074552455343022345,0.14930217815447333,-0.23142569648728062,24,0.16666666666666666,1.4178044169106983,820.49614156462,0.8567567567567568,0.8925675675675676,0.8584459459459459,0.7722972972972973,0.8533783783783785,False
USA30IDXUSD1440_comma,daily,5,75,long_only,none,0.005,0.03172647023521047,-0.03223119981713725,-0.04032568036874366,0.17410058624514724,-0.18223069157582916,56,0.35714285714285715,1.7333170527849378,919.9140398479215,0.8158783783783784,0.9263513513513514,0.8283783783783784,0.8618243243243243,0.8528885135135136,False
USA30IDXUSD1440_comma,daily,30,100,long_only,none,0.001,0.03227944261178295,-0.01100274808635181,-0.013627209386638294,0.15087706821348218,-0.21394531981566234,22,0.5454545454545454,1.6935235143798717,1965.436838628412,0.8334459459459459,0.8962837837837838,0.8344594594594594,0.8516891891891892,0.8520945945945947,False
USA30IDXUSD1440_comma,daily,50,150,long_only,none,0.005,0.03333623013232456,0.005532604614847741,0.006759779474853205,0.11394590596435224,-0.29256189461299065,14,0.5,1.9480429355135689,3468.3725842619847,0.8550675675675675,0.8195945945945946,0.8439189189189189,0.9064189189189189,0.8516722972972973,True
USA30IDXUSD1440_comma,daily,5,100,long_only,price_slow,0.0,0.03245252067882065,-0.02153478866391693,-0.02669603054760361,0.14849326692472717,-0.2185454017606817,70,0.35714285714285715,1.8053732864404173,756.2832260674381,0.825,0.8908783783783784,0.8364864864864865,0.8766891891891891,0.8515202702702702,False
USA30IDXUSD1440_comma,daily,20,250,long_short,none,0.0,0.03247386898719018,0.03539072006587739,0.04271862204726809,0.08733834089694907,-0.37181687508245953,20,0.4,2.075220393373198,3171.0928630207623,0.8851351351351351,0.7597972972972973,0.8371621621621622,0.9300675675675676,0.850945945945946,False
USA30IDXUSD1440_comma,daily,100,500,long_only,combined,0.0025,0.0336530669181081,-0.02377972919310681,-0.030066607905951215,0.13454149800249024,-0.25013150156455977,51,0.3137254901960784,1.9045516149152892,916.5323798828749,0.8226351351351351,0.8665540540540541,0.8503378378378378,0.8989864864864865,0.850608108108108,False
USA30IDXUSD1440_comma,daily,75,500,long_only,price_slow,0.0,0.03438294410609388,0.004458278491056984,0.005422019698800695,0.14857012262673952,-0.23142569648728062,24,0.16666666666666666,1.3937009269136011,809.6422667540737,0.8543918918918919,0.8915540540540541,0.856081081081081,0.7638513513513514,0.8504391891891891,False
USA30IDXUSD1440_comma,daily,60,100,long_only,none,0.005,0.0314916734924886,-0.02539418020351971,-0.032135420439788155,0.16246818352199432,-0.19383286505585495,26,0.5,1.7334620875895144,1756.3473246231088,0.8202702702702702,0.9094594594594595,0.827027027027027,0.8621621621621621,0.8502027027027026,False
USA30IDXUSD1440_comma,daily,100,500,long_only,combined,0.005,0.033841873287044466,-0.021791520894085207,-0.027538972416505155,0.13235942607678908,-0.25568162608540557,51,0.3137254901960784,1.8928045450698716,923.5321401649634,0.8246621621621621,0.8608108108108108,0.8527027027027027,0.8966216216216216,0.8501013513513513,False
USA30IDXUSD1440_comma,daily,40,150,long_only,none,0.0,0.034477051820199334,0.014633236765457885,0.017263480827704066,0.10747867599995857,-0.3207803920120176,13,0.5384615384615384,1.7818673855648774,3720.666498325551,0.8648648648648649,0.8064189189189189,0.8574324324324324,0.8695945945945946,0.8494763513513514,True
USA30IDXUSD1440_comma,daily,75,150,long_only,slow_slope,0.001,0.03321097569538001,-0.014349764859533327,-0.017768836327068778,0.13314201304623574,-0.24944024005290466,43,0.3488372093023256,1.8343155266570879,1191.1409427793938,0.8317567567567568,0.8621621621621621,0.8429054054054054,0.8824324324324324,0.8491891891891892,False
USA30IDXUSD1440_comma,daily,5,75,long_only,none,0.001,0.030939548316292864,-0.03364546327341622,-0.04151962892857572,0.1708968935131269,-0.18104219263597288,53,0.37735849056603776,1.707028830716479,943.1126845056945,0.8141891891891891,0.9209459459459459,0.8239864864864865,0.8550675675675675,0.8489695945945945,False
USA30IDXUSD1440_comma,daily,50,500,long_only,none,0.001,0.0397688987817999,0.06714017563611088,0.08313238508851324,0.10513718599170437,-0.37825721134421253,5,0.4,1.1569448227685126,1283.5142434677844,0.9246621621621621,0.8006756756756757,0.9067567567567567,0.6503378378378378,0.8489358108108108,True
USA30IDXUSD1440_comma,daily,30,250,long_only,slow_slope,0.0,0.03098386413197196,-0.0325591625431306,-0.040130102892036314,0.15128086072060773,-0.20481020523273163,41,0.3170731707317073,1.8669076129228372,1005.8522775581181,0.8152027027027027,0.8966216216216216,0.8243243243243243,0.8912162162162162,0.8487837837837837,False
USA30IDXUSD1440_comma,daily,75,300,long_only,combined,0.001,0.03247553707138162,-0.04094945203033242,-0.05115027427098686,0.16536436087300765,-0.19638776396518332,74,0.36486486486486486,1.745045192155237,600.5927604452706,0.8074324324324325,0.9148648648648648,0.8375,0.8638513513513514,0.8487668918918918,False
USA30IDXUSD1440_comma,daily,10,100,long_only,none,0.0025,0.03008631179139587,-0.03922738051739674,-0.048559555534558096,0.17503106095698062,-0.17189127247986302,31,0.41935483870967744,1.7781900551231375,1277.8345876608792,0.8087837837837838,0.9273648648648649,0.8152027027027027,0.8689189189189189,0.8487331081081081,False
USA30IDXUSD1440_comma,daily,30,400,long_only,price_slow,0.0,0.034969132647297174,0.009575459484133107,0.011780763596054766,0.12338471124103283,-0.28341544341733516,34,0.17647058823529413,1.5502798301876635,1046.1564994691873,0.8594594594594595,0.8405405405405405,0.8638513513513514,0.8118243243243243,0.8484628378378378,False
USA30IDXUSD1440_comma,daily,100,400,long_short,none,0.005,0.03445811608246685,0.04444526410511677,0.05705688492168128,0.08696017622178158,-0.39625168185705517,9,0.3333333333333333,1.7120475909759687,3920.667635032278,0.8962837837837838,0.7594594594594595,0.8567567567567568,0.8574324324324324,0.8483445945945947,True
USA30IDXUSD1440_comma,daily,10,500,long_only,slow_slope,0.001,0.03508794637202928,0.019759105847152365,0.024583873136947997,0.11725024384791445,-0.2992569159817009,22,0.2727272727272727,1.5205599941463,1020.9896794990375,0.8695945945945946,0.8273648648648648,0.8652027027027027,0.8033783783783783,0.8482263513513513,False
USA30IDXUSD1440_comma,daily,60,150,long_only,none,0.005,0.03253342896251543,0.0007760174338429195,0.0009341885157650548,0.10909519311452884,-0.2982113879972844,14,0.7142857142857143,2.0106432575374256,3573.339668358992,0.8496621621621622,0.8094594594594594,0.8378378378378378,0.9216216216216216,0.8480405405405405,True
USA30IDXUSD1440_comma,daily,60,300,long_only,none,0.0,0.03466196359036422,0.026931216867980497,0.03281759269626458,0.0882882586445577,-0.39259992350637296,5,0.6,1.8873581635783252,6718.522315990014,0.8770270270270271,0.7625,0.860472972972973,0.8952702702702703,0.847820945945946,True
USA30IDXUSD1440_comma,daily,75,200,long_only,slow_slope,0.005,0.03295566104511627,-0.012655705115587472,-0.015597422519903134,0.12639257462752845,-0.26074048370511227,29,0.3103448275862069,1.871137065752198,1671.7712837391857,0.8324324324324325,0.847972972972973,0.8408783783783784,0.8918918918918919,0.8469256756756758,False
USA30IDXUSD1440_comma,daily,5,200,long_only,none,0.0025,0.034609160326708244,0.006365278709098212,0.007849529712737776,0.11587753231321865,-0.29867015318516776,28,0.25,1.641477133343622,1492.525519642501,0.8574324324324324,0.8246621621621621,0.8591216216216216,0.8381756756756756,0.8466891891891892,False
USA30IDXUSD1440_comma,daily,75,100,long_only,fast_slope,0.0025,0.029808188702467264,-0.06893421431799554,-0.08735653150945238,0.17077499350328515,-0.17454656616276698,47,0.5531914893617021,1.9962633403491914,951.8421012899876,0.7898648648648648,0.9206081081081081,0.8128378378378378,0.9172297297297297,0.84625,False
USA30IDXUSD1440_comma,daily,60,500,long_only,price_slow,0.005,0.03405820554084804,0.0014107265527862397,0.0017112523153261035,0.13958227686013833,-0.2440009312570135,24,0.16666666666666666,1.3978486939993051,788.8985358440974,0.8513513513513513,0.8766891891891891,0.8533783783783784,0.7658783783783784,0.8452702702702702,False
USA30IDXUSD1440_comma,daily,20,500,long_only,slow_slope,0.0,0.03370229378151879,0.009929094798403884,0.012481932861057598,0.12608624252167777,-0.26729556775969765,23,0.30434782608695654,1.4794207824947039,882.5524161092977,0.8597972972972973,0.8469594594594595,0.852027027027027,0.7945945945945946,0.8452533783783783,False
USA30IDXUSD1440_comma,daily,30,400,long_only,price_slow,0.005,0.033697108985755175,-0.0024790133936889534,-0.0030478803655162724,0.13210185845613096,-0.2550842916183914,31,0.16129032258064516,1.5515835917323992,1076.4311274431664,0.8449324324324324,0.8597972972972973,0.8513513513513513,0.8125,0.8450675675675676,False
USA30IDXUSD1440_comma,daily,20,150,long_only,slow_slope,0.0,0.03358399281226365,-0.010182134944114315,-0.012717253504635205,0.12558729749517003,-0.26741552276459535,42,0.3333333333333333,1.739825387630669,1071.7803913034825,0.8351351351351352,0.8462837837837838,0.847972972972973,0.8628378378378379,0.8446452702702703,False
USA30IDXUSD1440_comma,daily,50,500,long_only,none,0.0025,0.039096043611961395,0.06236300368872066,0.0771934015731024,0.10335836961117663,-0.3782571625213964,5,0.4,1.1376817850789205,1126.923823023511,0.9199324324324324,0.7986486486486486,0.8989864864864865,0.6415540540540541,0.8436655405405407,True
USA30IDXUSD1440_comma,daily,50,200,long_only,none,0.0,0.0323319380687741,0.0033194678477005885,0.003939082750730776,0.10037731048985689,-0.3221040483251565,8,0.625,1.9940549997068016,5571.5448112073955,0.8533783783783784,0.7912162162162162,0.8351351351351352,0.9165540540540541,0.8436655405405404,True
USA30IDXUSD1440_comma,daily,75,150,long_only,slow_slope,0.0,0.03264915498324328,-0.019388521182499768,-0.024029878755123316,0.12831586461191868,-0.2544436347133544,44,0.3181818181818182,1.8311801768021128,1139.5367601100506,0.8260135135135135,0.8523648648648648,0.8388513513513514,0.8820945945945946,0.8435810810810811,False
USA30IDXUSD1440_comma,daily,100,200,long_only,slow_slope,0.005,0.03415058897010459,-0.0017766019747716881,-0.002185185857148675,0.12384692216205805,-0.27574838658822176,23,0.34782608695652173,1.5904732268142177,1467.3073433112538,0.8456081081081082,0.8429054054054054,0.8540540540540541,0.8243243243243243,0.8434290540540541,False
USA30IDXUSD1440_comma,daily,100,400,long_only,combined,0.0025,0.03217821654134423,-0.0391448685319329,-0.04963335022671619,0.13965302971998306,-0.23041545611910075,55,0.2909090909090909,1.8751520039312939,799.6729436795337,0.8091216216216216,0.8770270270270271,0.8324324324324325,0.8929054054054054,0.8433277027027029,False
USA30IDXUSD1440_comma,daily,30,75,long_only,none,0.0,0.03289556588498255,-0.006650022409826215,-0.00820968502372505,0.13463539520772214,-0.24433074106723307,28,0.42857142857142855,1.5602902141668709,1604.151096843647,0.8398648648648649,0.8668918918918919,0.8398648648648649,0.8158783783783784,0.8430236486486486,False
USA30IDXUSD1440_comma,daily,20,200,long_only,slow_slope,0.005,0.03302989819364921,-0.01714303863212698,-0.02120236981034099,0.1175382700537218,-0.28101398955891244,29,0.3793103448275862,1.899936698493985,1530.9722220165124,0.8280405405405405,0.8290540540540541,0.841554054054054,0.897972972972973,0.8414864864864864,False
USA30IDXUSD1440_comma,daily,20,400,long_only,price_slow,0.0025,0.033816204778591485,0.00013124448040821422,0.00016170454587706678,0.12108265357662171,-0.2792819927521032,34,0.17647058823529413,1.540474090626582,987.4685459766883,0.8486486486486486,0.8371621621621622,0.8523648648648648,0.808445945945946,0.840489864864865,False
USA30IDXUSD1440_comma,daily,75,150,long_only,none,0.001,0.03361010088417249,0.011791263971549806,0.01410011384538626,0.08765579316911422,-0.3834327392295517,11,0.6363636363636364,1.9280705941158742,4727.094313549614,0.8625,0.760472972972973,0.8483108108108108,0.9027027027027027,0.8401858108108109,True
USA30IDXUSD1440_comma,daily,10,400,long_only,price_slow,0.0025,0.034360318127394374,0.0058794618069897345,0.007216711757946158,0.11072282444509116,-0.3103273268144825,31,0.1935483870967742,1.5728783845429009,1113.2976401752094,0.856081081081081,0.8125,0.8557432432432432,0.8189189189189189,0.8395439189189189,False
USA30IDXUSD1440_comma,daily,20,500,long_only,slow_slope,0.001,0.0328700803079538,0.003151278049311201,0.003959634238620483,0.1229727847096381,-0.26729556775969776,23,0.30434782608695654,1.4935550442462946,894.670313182247,0.8530405405405406,0.8388513513513514,0.839527027027027,0.7976351351351352,0.8384797297297298,False
USA30IDXUSD1440_comma,daily,100,400,long_only,combined,0.005,0.03177627366430724,-0.04414444932389156,-0.05589364223412249,0.1364259948418112,-0.23291949383365318,55,0.3090909090909091,1.854162835483849,786.1434766750954,0.8047297297297298,0.8699324324324325,0.8287162162162162,0.8888513513513514,0.8384459459459459,False
USA30IDXUSD1440_comma,daily,40,400,long_only,price_slow,0.001,0.03357876248124669,-0.0032048131758071505,-0.003942240361885414,0.12583293932386522,-0.2668519281332421,33,0.18181818181818182,1.5076518115728264,1005.0416182338125,0.8432432432432433,0.8466216216216216,0.8472972972972973,0.8,0.8384121621621623,False
USA30IDXUSD1440_comma,daily,20,250,long_only,slow_slope,0.0,0.03091929786319403,-0.03434736401673469,-0.04237194687166285,0.13774298625147843,-0.224470941894235,41,0.2926829268292683,1.7717812468761587,943.6505394200532,0.8135135135135135,0.8726351351351351,0.8236486486486486,0.8672297297297298,0.8383783783783784,False
USA30IDXUSD1440_comma,daily,75,100,long_only,slow_slope,0.001,0.030444888644196588,-0.04999358354084363,-0.06317101977385842,0.16219159685733867,-0.18770940809575642,59,0.3389830508474576,1.6652262709405137,696.5267207839731,0.8016891891891892,0.9091216216216216,0.8199324324324324,0.8425675675675676,0.8383277027027027,False
USA30IDXUSD1440_comma,daily,60,200,long_only,none,0.005,0.03224629268910695,0.0010184215439429658,0.0012150870287382098,0.09587436473526788,-0.33633904931883196,11,0.45454545454545453,1.9502166588042873,4262.904990906118,0.8503378378378378,0.7817567567567567,0.8334459459459459,0.9067567567567567,0.838277027027027,True
USA30IDXUSD1440_comma,daily,75,150,long_only,none,0.0025,0.03201781461568487,-0.0026775398994144935,-0.003225756140163302,0.09472240396763984,-0.33801733565190306,12,0.6666666666666666,2.0649214305241705,4207.098558965965,0.8445945945945946,0.7777027027027027,0.831418918918919,0.9293918918918919,0.8379560810810811,True
USA30IDXUSD1440_comma,daily,30,150,long_only,none,0.005,0.02911637409146528,-0.04046752432404682,-0.05043165068101938,0.13927455242323028,-0.20905738761942572,17,0.5294117647058824,1.8884350543251955,2287.108560823908,0.8077702702702703,0.8763513513513513,0.8057432432432432,0.8956081081081081,0.8376858108108108,True
USA30IDXUSD1440_comma,daily,75,100,long_only,price_slow,0.001,0.02954984306424624,-0.0734239476502556,-0.0930269392727061,0.16090077335614947,-0.18365258567675413,68,0.4264705882352941,1.8749235124597663,695.8451472875378,0.7871621621621622,0.9067567567567567,0.8108108108108109,0.8925675675675676,0.8376013513513513,False
USA30IDXUSD1440_comma,daily,75,300,long_only,combined,0.0025,0.03124554207233099,-0.05481219713785805,-0.06849003921807431,0.15416163331394983,-0.20268040368189089,74,0.36486486486486486,1.693420877558788,569.883002260461,0.7986486486486486,0.8996621621621622,0.8256756756756757,0.8510135135135135,0.8371621621621622,False
USA30IDXUSD1440_comma,daily,5,400,long_only,price_slow,0.005,0.03294628252772491,-0.007982100905611916,-0.009821249236224152,0.12661398603236323,-0.26021045194251813,30,0.23333333333333334,1.5533759579587878,1069.5453315754262,0.8371621621621622,0.8483108108108108,0.8405405405405405,0.8135135135135135,0.8370777027027029,False
USA30IDXUSD1440_comma,daily,20,75,long_only,none,0.0,0.029916915439957892,-0.03602442577198443,-0.04464257009214903,0.15291367850692708,-0.1956457769643063,30,0.4666666666666667,1.609461145607092,1277.2508132985479,0.8125,0.8983108108108108,0.8145270270270271,0.8290540540540541,0.8368412162162162,False
USA30IDXUSD1440_comma,daily,10,200,long_only,price_slow,0.0025,0.0336206088888491,-0.0071615445550080896,-0.008834770523370812,0.10768777248095714,-0.3122045160214858,42,0.2619047619047619,1.7070025363304613,1029.4138659559983,0.8388513513513514,0.8070945945945946,0.8493243243243244,0.8547297297297297,0.8353885135135135,False
USA30IDXUSD1440_comma,daily,100,400,long_only,slow_slope,0.0,0.032266228762181326,-0.007845721883853372,-0.00955686016411213,0.12468687835765993,-0.25877806219213206,22,0.3181818181818182,1.552795010300327,841.0267306863898,0.8378378378378378,0.8452702702702702,0.8337837837837838,0.8131756756756757,0.8351858108108109,False
USA30IDXUSD1440_comma,daily,20,400,long_only,price_slow,0.0,0.03343680022929152,-0.002915575770363762,-0.0035944955065243356,0.1191688016527484,-0.28058350646777996,34,0.14705882352941177,1.5135766387048826,968.3309517579116,0.8439189189189189,0.8324324324324325,0.8449324324324324,0.8010135135135135,0.8348141891891891,False
USA30IDXUSD1440_comma,daily,5,200,long_only,price_slow,0.001,0.03333831244447594,-0.008143181584808788,-0.010026558488848302,0.11537487413155868,-0.28895643609943367,45,0.26666666666666666,1.6223866116654893,927.710247617717,0.8364864864864865,0.822972972972973,0.8442567567567567,0.8337837837837838,0.8342567567567567,False
USA30IDXUSD1440_comma,daily,10,200,long_only,price_slow,0.0,0.03347102657699219,-0.007994226123558377,-0.009868181345349739,0.10975104499218889,-0.30497228139717814,42,0.3333333333333333,1.6860184857077078,1023.4879483711325,0.8368243243243243,0.8108108108108109,0.8456081081081082,0.8493243243243244,0.8339527027027027,False
USA30IDXUSD1440_comma,daily,50,500,long_only,price_slow,0.0025,0.03260969914386558,-0.010457520521764923,-0.012677691317789145,0.13989183746742645,-0.23310651810874017,24,0.125,1.3647796303232747,697.340728114698,0.8344594594594594,0.8783783783783784,0.8385135135135136,0.7516891891891891,0.8338344594594596,False
USA30IDXUSD1440_comma,daily,10,400,long_only,price_slow,0.005,0.03354890083210704,-0.0016086519679913156,-0.001975731023553334,0.1133172881683522,-0.2960616281450754,32,0.1875,1.542433080112684,1034.8499672212406,0.8462837837837838,0.8182432432432433,0.8466216216216216,0.8091216216216216,0.8337668918918919,False
USA30IDXUSD1440_comma,daily,20,150,long_only,slow_slope,0.001,0.032213459228433994,-0.02352543021194533,-0.029372456448293678,0.12033689857788134,-0.26769394598935614,40,0.325,1.706840090491588,1061.9353688770618,0.8233108108108108,0.8361486486486487,0.8331081081081081,0.8543918918918919,0.8331418918918919,False
USA30IDXUSD1440_comma,daily,20,400,long_only,price_slow,0.001,0.03330909180758401,-0.004122390340721228,-0.0050817257372170474,0.1158164903744434,-0.287602324158617,34,0.14705882352941177,1.5077312943901633,961.9086142879172,0.8425675675675676,0.8239864864864865,0.8435810810810811,0.8003378378378379,0.8317905405405406,False
USA30IDXUSD1440_comma,daily,5,500,long_only,price_slow,0.0025,0.03316971434751048,-0.0033248358803649697,-0.004051699035888071,0.1275144778269397,-0.26012508471804907,28,0.17857142857142858,1.3749348216482395,617.9994756969496,0.8429054054054054,0.8496621621621622,0.8425675675675676,0.7567567567567568,0.8316047297297298,False
USA30IDXUSD1440_comma,daily,75,100,long_only,none,0.005,0.029390761221606,-0.06046210889045042,-0.07865757986890051,0.14059276710663732,-0.2090488851344222,30,0.6,1.7982868215557641,1515.602976679673,0.7956081081081081,0.8793918918918919,0.808445945945946,0.8743243243243243,0.830929054054054,False
USA30IDXUSD1440_comma,daily,60,75,long_only,none,0.0025,0.030140554895638383,-0.043063552757063674,-0.054427344639785824,0.1298536555615839,-0.23211171657269236,33,0.5757575757575758,1.806753168445153,1289.7028198722376,0.8057432432432432,0.8547297297297297,0.816554054054054,0.8770270270270271,0.8308445945945946,False
USA30IDXUSD1440_comma,daily,75,250,long_only,combined,0.005,0.029998405516066695,-0.07075421947495597,-0.08765765176263626,0.15417811387912217,-0.19456980476221075,77,0.37662337662337664,1.687524876401878,518.1941268668762,0.7885135135135135,0.9,0.8148648648648649,0.8496621621621622,0.8308277027027027,False
USA30IDXUSD1440_comma,daily,50,300,long_only,none,0.005,0.03246473736244471,0.007959541093372621,0.009672137043939598,0.08864658705883846,-0.3662265907755309,6,0.5,1.7210031977850706,5020.752041741232,0.8584459459459459,0.7638513513513514,0.8368243243243243,0.8587837837837838,0.8305236486486487,True
USA30IDXUSD1440_comma,daily,5,500,long_only,price_slow,0.001,0.03361754899857283,0.0011878023143249482,0.0014487029736247787,0.11905263311346737,-0.2823755184526866,30,0.2,1.3543488525054308,599.4074787881652,0.8506756756756757,0.8317567567567568,0.8489864864864864,0.7493243243243243,0.8304054054054055,False
USA30IDXUSD1440_comma,daily,75,250,long_only,combined,0.0,0.02975673809877466,-0.07323160116720963,-0.09075750584554347,0.157708682593839,-0.18868167312899187,77,0.36363636363636365,1.6766654248362982,512.5310778179302,0.7875,0.9043918918918918,0.8125,0.8452702702702702,0.8303885135135135,False
USA30IDXUSD1440_comma,daily,50,400,long_only,none,0.0025,0.03369045859094899,0.021626855903284028,0.026457693389500214,0.08182040119682935,-0.4117611023429514,7,0.42857142857142855,1.6007879593434717,3795.4896751518327,0.8722972972972973,0.7483108108108109,0.8510135135135135,0.827027027027027,0.8302533783783783,True
USA30IDXUSD1440_comma,daily,100,500,long_only,combined,0.0,0.03238455365769699,-0.03670165922774828,-0.046179701005886864,0.11734097968874249,-0.2759867332248285,52,0.3269230769230769,1.7993222183922977,853.1806338302111,0.8118243243243243,0.8277027027027027,0.8358108108108108,0.8753378378378378,0.8301182432432432,False
USA30IDXUSD1440_comma,daily,10,200,long_only,price_slow,0.001,0.032941556166549146,-0.013141363404792761,-0.01621148865511235,0.10955063851122436,-0.30069707136553125,41,0.3170731707317073,1.6724102323905354,1024.1112714527387,0.8320945945945946,0.8104729729729729,0.8402027027027027,0.8435810810810811,0.8300337837837838,False
USA30IDXUSD1440_comma,daily,10,100,long_only,none,0.005,0.02851552930795087,-0.05583267790929154,-0.06918997045978877,0.14908882894520104,-0.19126536514973913,33,0.3939393939393939,1.6802285577542855,1102.9234533458011,0.797972972972973,0.8918918918918919,0.8010135135135135,0.8472972972972973,0.8294594594594594,False
USA30IDXUSD1440_comma,daily,10,500,long_only,slow_slope,0.005,0.03227778674988424,-0.004560162365741685,-0.005657650511660635,0.1160568122279323,-0.2781205698334328,20,0.25,1.4858338654192182,983.0396378075095,0.8422297297297298,0.8253378378378379,0.8341216216216216,0.7959459459459459,0.8294425675675677,False
USA30IDXUSD1440_comma,daily,50,400,long_only,none,0.0,0.03357683218014529,0.02119920680891901,0.02589941962286916,0.08249112165695639,-0.40703570888242113,7,0.42857142857142855,1.5954359904840285,3725.842392198881,0.8719594594594594,0.7493243243243243,0.8469594594594595,0.8256756756756757,0.8293581081081082,True
USA30IDXUSD1440_comma,daily,20,250,long_only,slow_slope,0.005,0.030102593437332237,-0.0449064455346955,-0.055433121542269995,0.12980404133018492,-0.23190798320954986,37,0.2972972972972973,1.789183639373027,1029.3772407547128,0.8040540540540541,0.8543918918918919,0.8158783783783784,0.8716216216216216,0.8291385135135136,False
USA30IDXUSD1440_comma,daily,50,400,long_only,none,0.001,0.03358240644256205,0.02106745533426496,0.025745423342606405,0.08250481643187448,-0.40703570888242113,7,0.42857142857142855,1.5879048937977236,3737.197716042198,0.8716216216216216,0.7496621621621622,0.8476351351351351,0.8233108108108108,0.8290878378378379,True
USA30IDXUSD1440_comma,daily,60,400,long_only,slow_slope,0.005,0.03133288611723839,-0.01929299911190884,-0.02337645561280577,0.10669630319632756,-0.2936642149595756,23,0.34782608695652173,1.809201116833334,980.2222613327198,0.8263513513513514,0.8054054054054054,0.8266891891891892,0.8777027027027027,0.8288851351351353,False
USA30IDXUSD1440_comma,daily,50,200,long_only,none,0.001,0.030708080903205204,-0.00939993939559661,-0.01115452446678429,0.09533581014945904,-0.3221043682857868,8,0.625,1.904743397956075,5268.203129062626,0.835472972972973,0.7807432432432433,0.8216216216216217,0.8993243243243243,0.828597972972973,True
USA30IDXUSD1440_comma,daily,75,200,long_only,fast_slope,0.0025,0.03036349989209719,-0.05905193686774408,-0.07353490118198529,0.1342190355920505,-0.22622349920904627,74,0.35135135135135137,1.7324679643814416,596.036008099523,0.7959459459459459,0.8662162162162163,0.8192567567567568,0.8614864864864865,0.8280067567567568,False
USA30IDXUSD1440_comma,daily,100,500,long_only,combined,0.001,0.03219416420201515,-0.038805382324287874,-0.04881357821265455,0.1166511296606011,-0.27598673322482814,51,0.3137254901960784,1.7946652688173128,862.9727365561052,0.8094594594594594,0.8260135135135135,0.8327702702702703,0.8729729729729729,0.8277871621621622,False
USA30IDXUSD1440_comma,daily,30,500,long_only,none,0.005,0.03178404644117827,0.0061591407380836094,0.0075651778120291585,0.10166115363507439,-0.31264691875592066,8,0.375,1.519751286548376,2757.73609453255,0.8570945945945946,0.7929054054054054,0.8290540540540541,0.8027027027027027,0.8272804054054055,True
USA30IDXUSD1440_comma,daily,30,75,long_only,none,0.001,0.03112575273018292,-0.023985283188247684,-0.029599202283184658,0.12785105021033205,-0.2434532424956768,32,0.375,1.5165735898481278,1248.5245228516665,0.8222972972972973,0.85,0.8246621621621621,0.8023648648648649,0.826706081081081,False
USA30IDXUSD1440_comma,daily,50,150,long_only,slow_slope,0.0025,0.02967321735905326,-0.04743978975414848,-0.05875548757388888,0.13015148204469662,-0.227989853767957,40,0.3,1.7288653325914716,1064.2391960383522,0.8023648648648649,0.8557432432432432,0.8118243243243243,0.8608108108108108,0.8263682432432433,False
USA30IDXUSD1440_comma,daily,75,250,long_only,combined,0.0025,0.029356060971458264,-0.07787585278030007,-0.09650663208817839,0.1534896004658977,-0.1912576544752984,77,0.36363636363636365,1.665312162707796,503.1778737282764,0.7831081081081082,0.8989864864864865,0.8077702702702703,0.8429054054054054,0.8259797297297298,False
USA30IDXUSD1440_comma,daily,40,150,long_only,slow_slope,0.0,0.03186801023487429,-0.02556112740591528,-0.031620224260323654,0.11495599399013649,-0.27721921344622225,45,0.28888888888888886,1.6639939862488426,965.9338466891377,0.8195945945945946,0.8219594594594595,0.8297297297297297,0.8418918918918918,0.8255574324324325,False
USA30IDXUSD1440_comma,daily,100,400,long_only,combined,0.0,0.030554481928523725,-0.055869559089489616,-0.07050350037712087,0.12522688476017996,-0.24399298910164646,55,0.2909090909090909,1.789657565895724,745.4137616651965,0.7976351351351352,0.845945945945946,0.8209459459459459,0.8719594594594594,0.8255236486486487,False
USA30IDXUSD1440_comma,daily,20,500,long_only,slow_slope,0.0025,0.031709065671185144,-0.0071579750323432995,-0.008937557313293792,0.11239251696279905,-0.28212790787202113,21,0.3333333333333333,1.4918837174967357,894.6055930944451,0.8391891891891892,0.8168918918918919,0.8280405405405405,0.7972972972972973,0.8251013513513513,False
USA30IDXUSD1440_comma,daily,60,75,long_only,none,0.0,0.028701453129303944,-0.03642583191402604,-0.044658098057557244,0.14573457345766097,-0.19694333642553485,33,0.6060606060606061,1.443357399827783,1232.6042612927201,0.8121621621621622,0.8875,0.8037162162162163,0.7817567567567567,0.8247466216216217,False
USA30IDXUSD1440_comma,daily,40,150,long_only,slow_slope,0.001,0.031182445161221706,-0.032692337345026745,-0.04044283479098979,0.11735950149685487,-0.2657002182482632,45,0.3333333333333333,1.6657341552384015,943.2304373331369,0.8148648648648649,0.8280405405405405,0.8253378378378379,0.8432432432432433,0.8245101351351352,False
USA30IDXUSD1440_comma,daily,10,200,long_only,slow_slope,0.005,0.03214215601357284,-0.02619171432626243,-0.03241814519006508,0.10819075957211167,-0.2970878117566902,33,0.3939393939393939,1.696205561477317,1239.220829771756,0.8189189189189189,0.8081081081081081,0.8317567567567568,0.8530405405405406,0.823902027027027,False
USA30IDXUSD1440_comma,daily,10,50,long_only,none,0.0025,0.027705491979971963,-0.0705750330361012,-0.08852825164780194,0.1583018014776121,-0.17501690897617628,50,0.42,1.5775138426774362,876.9004099590373,0.7888513513513513,0.9050675675675676,0.7949324324324324,0.8202702702702702,0.8238344594594595,False
USA30IDXUSD1440_comma,daily,60,300,long_only,none,0.0025,0.03238404811290452,0.009434126891385036,0.011479945036599711,0.07819699417251809,-0.4141341806752684,6,0.6666666666666666,1.6991790244391374,4789.826674848217,0.8591216216216216,0.739527027027027,0.835472972972973,0.8537162162162162,0.8236824324324324,True
USA30IDXUSD1440_comma,daily,100,400,long_only,slow_slope,0.001,0.03128068399609729,-0.01621569864155984,-0.019749689063384392,0.1166591201246298,-0.26813749291679356,22,0.3181818181818182,1.488799909376556,773.0114767088481,0.8300675675675676,0.8263513513513514,0.8263513513513514,0.7966216216216216,0.8233783783783786,False
USA30IDXUSD1440_comma,daily,20,50,long_only,none,0.001,0.029898984025486852,-0.04143115676432952,-0.051753939328153406,0.13384729775889004,-0.22338130486090435,39,0.46153846153846156,1.548337825106479,996.3466797098794,0.8067567567567567,0.8648648648648649,0.8135135135135135,0.8111486486486487,0.823293918918919,False
USA30IDXUSD1440_comma,daily,50,500,long_only,none,0.0,0.03676120600760635,0.046364434433356,0.0573973569024809,0.09718573739008984,-0.37825721134421253,6,0.3333333333333333,1.0667387327212134,517.8395038899198,0.8983108108108108,0.7851351351351351,0.8807432432432433,0.6101351351351352,0.8232770270270271,True
USA30IDXUSD1440_comma,daily,20,400,long_only,none,0.005,0.03169904123528555,-0.005073504708503704,-0.005996248520011894,0.10572180706719886,-0.2998344628666536,10,0.3,1.5138376881772333,2201.1176732335084,0.8408783783783784,0.8027027027027027,0.8277027027027027,0.8016891891891892,0.822820945945946,True
USA30IDXUSD1440_comma,daily,10,150,long_only,none,0.001,0.03190617991322631,-0.016566778578657085,-0.020499820834980413,0.09715700981096394,-0.3283981256247531,27,0.2962962962962963,1.7213478503586768,1538.9108793482262,0.8290540540540541,0.7847972972972973,0.8304054054054054,0.8591216216216216,0.8227702702702704,False
USA30IDXUSD1440_comma,daily,5,500,long_only,price_slow,0.0,0.0325358006785641,-0.007927703404182673,-0.009662204548827614,0.1198473227342984,-0.27147707546789335,30,0.2,1.3172043040499561,545.0031791514003,0.8375,0.8347972972972973,0.8381756756756756,0.7341216216216216,0.8214527027027028,False
USA30IDXUSD1440_comma,daily,5,100,long_only,price_slow,0.0025,0.029309805430419278,-0.05461455689244111,-0.06785245421564728,0.12344808622432757,-0.23742616290671403,65,0.36923076923076925,1.7753760472888824,720.9414240118136,0.7989864864864865,0.8408783783783784,0.8067567567567567,0.8679054054054054,0.8213513513513514,False
USA30IDXUSD1440_comma,daily,30,200,long_only,price_slow,0.0025,0.02933641664064801,-0.05069152515958806,-0.06287619381704614,0.13102804063187948,-0.22389418706998798,45,0.28888888888888886,1.6137109169487351,865.6705262139222,0.8013513513513514,0.8584459459459459,0.8074324324324325,0.831081081081081,0.8213006756756758,False
USA30IDXUSD1440_comma,daily,5,75,long_only,price_slow,0.005,0.027884196670401318,-0.07362242844114174,-0.09180194873828307,0.14075437946869213,-0.1981053575430921,65,0.3384615384615385,1.6651166539008495,679.6636010288738,0.7868243243243244,0.8800675675675675,0.7962837837837838,0.8422297297297298,0.8203378378378379,False
USA30IDXUSD1440_comma,daily,20,400,long_only,none,0.0,0.03151107226591754,-0.0012348690105416559,-0.0014843634691256108,0.09740199733774649,-0.3235156683353346,9,0.3333333333333333,1.4825529802500585,2400.3352500725264,0.8469594594594595,0.7861486486486486,0.8273648648648648,0.7956081081081081,0.8201351351351351,True
USA30IDXUSD1440_comma,daily,100,150,long_only,none,0.0025,0.03334865417452515,0.008488851138489057,0.010244874002155426,0.0709515855416631,-0.4700198581882665,17,0.6470588235294118,1.6782658691673333,3257.471132930697,0.8587837837837838,0.7206081081081082,0.8445945945945946,0.8466216216216216,0.8195777027027028,True
USA30IDXUSD1440_comma,daily,75,250,long_only,combined,0.001,0.028702936709167126,-0.08528502489289168,-0.10570799885817737,0.14717204886882315,-0.1950298098706944,77,0.36363636363636365,1.6374170667523287,488.02737164760333,0.777027027027027,0.8891891891891892,0.8040540540540541,0.8368243243243243,0.8194425675675676,False
USA30IDXUSD1440_comma,daily,5,500,long_only,none,0.005,0.030366989539967193,-0.025833254898895264,-0.03147223917214626,0.13602051244309984,-0.2232530152587855,19,0.3157894736842105,1.3207801208097896,731.8302184986227,0.8192567567567568,0.8692567567567567,0.8195945945945946,0.7351351351351352,0.8192060810810812,True
USA30IDXUSD1440_comma,daily,50,500,long_only,price_slow,0.005,0.03181535975643168,-0.01800489768628152,-0.02180770198194829,0.12462879666994305,-0.25528096721248894,25,0.16,1.3245611006595472,621.8865507845079,0.827027027027027,0.8449324324324324,0.8293918918918919,0.7368243243243243,0.8184459459459459,False
USA30IDXUSD1440_comma,daily,75,150,long_only,fast_slope,0.005,0.027768841634778108,-0.08972048739497195,-0.1114130042668566,0.13384047113909311,-0.20747716590088405,55,0.34545454545454546,1.8415982163565021,749.0880427966437,0.7746621621621622,0.864527027027027,0.7952702702702703,0.8844594594594595,0.8177195945945945,False
USA30IDXUSD1440_comma,daily,5,500,long_only,slow_slope,0.005,0.03010012441518084,-0.03042643452890778,-0.036979975197334466,0.1348251640869891,-0.2232530152587855,22,0.2727272727272727,1.3276902012769896,614.2240007873456,0.8168918918918919,0.8672297297297298,0.8155405405405406,0.7391891891891892,0.8175506756756757,False
USA30IDXUSD1440_comma,daily,50,500,long_only,price_slow,0.001,0.0311441540292976,-0.02340024025356885,-0.028374492228503505,0.12968591493471662,-0.24015062888653282,26,0.19230769230769232,1.3061595224096954,559.6617286734328,0.8236486486486486,0.8537162162162162,0.825,0.7293918918918919,0.8172972972972974,False
USA30IDXUSD1440_comma,daily,100,400,long_only,fast_slope,0.0025,0.030220189163228994,-0.056489751620877736,-0.07187991335600233,0.1158376875347803,-0.2608839127089392,58,0.3275862068965517,1.7098006304100006,696.3880535066893,0.7969594594594595,0.8243243243243243,0.8172297297297297,0.856418918918919,0.8167736486486487,False
USA30IDXUSD1440_comma,daily,40,500,long_only,price_slow,0.005,0.030818059900162842,-0.026358311620972644,-0.03199187652035189,0.13316611062616648,-0.23142569648728062,25,0.16,1.2936531849363755,562.8082395972015,0.8185810810810811,0.8625,0.8222972972972973,0.7246621621621622,0.8162162162162162,False
USA30IDXUSD1440_comma,daily,20,50,long_only,none,0.0025,0.028738938959137483,-0.055962718289632465,-0.0705783955255595,0.12144209560361836,-0.23664725823688115,42,0.47619047619047616,1.6779892176753637,1090.030990745611,0.7972972972972973,0.8378378378378378,0.8043918918918919,0.845945945945946,0.8161486486486487,False
USA30IDXUSD1440_comma,daily,75,300,long_only,combined,0.005,0.02906434953110404,-0.0796885808367812,-0.09950055734039255,0.13689036213839414,-0.21231845016028528,74,0.36486486486486486,1.6122515061940128,516.5206104168986,0.7817567567567567,0.870945945945946,0.8054054054054054,0.8304054054054054,0.8160810810810811,False
USA30IDXUSD1440_comma,daily,50,500,long_only,price_slow,0.0,0.030873346383023748,-0.025556286321854853,-0.03100177955763122,0.13340500580375522,-0.2314256964872805,27,0.14814814814814814,1.2785841746092257,524.1342053825759,0.8199324324324324,0.8631756756756757,0.8226351351351351,0.7175675675675676,0.815929054054054,False
USA30IDXUSD1440_comma,daily,60,150,long_only,slow_slope,0.005,0.027795654676225245,-0.0672671107735307,-0.0831314011612107,0.11978846058138208,-0.23203950147887065,39,0.41025641025641024,1.8048670751230373,1054.4298309819185,0.7912162162162162,0.8344594594594594,0.7956081081081081,0.8763513513513513,0.8156756756756757,False
USA30IDXUSD1440_comma,daily,75,400,long_only,slow_slope,0.0025,0.0288823398102398,-0.038658211690387884,-0.046812430348126426,0.10199932808734596,-0.28316205951383067,22,0.36363636363636365,1.8257899491188563,1070.483471083469,0.8097972972972973,0.7942567567567568,0.8047297297297298,0.8814189189189189,0.815641891891892,False
USA30IDXUSD1440_comma,daily,75,200,long_only,fast_slope,0.005,0.02917376328240673,-0.07396783419214002,-0.09218097834062215,0.12381776228418057,-0.23561856347757693,69,0.36231884057971014,1.7296266670570946,600.143620949903,0.7864864864864864,0.8425675675675676,0.8060810810810811,0.8611486486486486,0.815625,False
USA30IDXUSD1440_comma,daily,30,500,long_only,none,0.0,0.034909926656636614,0.03039709403791287,0.037262788449491144,0.11077859424097715,-0.31513242152808785,9,0.3333333333333333,1.0322243818070858,152.75055204686774,0.8797297297297297,0.8128378378378378,0.8631756756756757,0.5844594594594594,0.8154054054054055,True
USA30IDXUSD1440_comma,daily,60,100,long_only,none,0.0,0.03061742361450981,-0.01475599921531362,-0.017457957203194863,0.1008430455934216,-0.3036146264161136,20,0.55,1.5245161266055964,2235.333440440414,0.831081081081081,0.7918918918918919,0.8212837837837837,0.8043918918918919,0.815320945945946,False
USA30IDXUSD1440_comma,daily,5,400,long_only,none,0.005,0.030721212276751064,-0.024683050207930664,-0.03006173001232836,0.12321917430832643,-0.24932168592429127,24,0.20833333333333334,1.353862615486917,766.4490901609875,0.8212837837837837,0.8398648648648649,0.8219594594594595,0.7489864864864865,0.8152195945945947,False
USA30IDXUSD1440_comma,daily,40,150,long_only,slow_slope,0.0025,0.02931157614964852,-0.05114325005588831,-0.06338558773507844,0.11803878021247037,-0.24832157784829312,43,0.3488372093023256,1.6423818840009723,921.0398703179858,0.8006756756756757,0.8304054054054054,0.8070945945945946,0.8385135135135136,0.8150675675675676,False
USA30IDXUSD1440_comma,daily,75,400,long_only,slow_slope,0.001,0.02854021191516498,-0.04122011866196567,-0.04987530503379177,0.10311072257681915,-0.276791891298231,23,0.391304347826087,1.8179389741096763,1001.5082871455487,0.8070945945945946,0.797972972972973,0.8013513513513514,0.8807432432432433,0.8147128378378379,False
USA30IDXUSD1440_comma,daily,30,50,long_only,fast_slope,0.001,0.02864917214383733,-0.08085738948686043,-0.10250209291535815,0.13870925221449992,-0.20654117650013903,95,0.45263157894736844,1.5670646074901378,480.12802263767816,0.7804054054054054,0.8753378378378378,0.8033783783783783,0.8175675675675675,0.8143074324324324,False
USA30IDXUSD1440_comma,daily,100,400,long_only,combined,0.001,0.029485991765811237,-0.0674037177908115,-0.08503030715238374,0.11592479046675336,-0.25435449697248036,55,0.2909090909090909,1.7365184487212408,710.2782200692853,0.7908783783783784,0.825,0.8101351351351351,0.8625,0.8140033783783784,False
USA30IDXUSD1440_comma,daily,60,250,long_only,none,0.0025,0.03125482054905926,-0.00025810890326762834,-0.00031195259426990623,0.0765961505082132,-0.4080468841016741,6,0.6666666666666666,1.632137179783728,4402.6290385094435,0.8483108108108108,0.7351351351351352,0.8260135135135135,0.8347972972972973,0.8135304054054056,True
USA30IDXUSD1440_comma,daily,40,100,long_only,none,0.001,0.028402021196698435,-0.04403763900040743,-0.054690361039131594,0.1192203436647532,-0.2382313313620763,23,0.5652173913043478,1.5762113331792045,1650.9764361657426,0.8050675675675676,0.8331081081081081,0.8,0.8199324324324324,0.813293918918919,False
USA30IDXUSD1440_comma,daily,10,200,long_only,price_slow,0.005,0.030876689727513007,-0.03351333524533732,-0.041328494720821826,0.09738030275564671,-0.31707325664196073,40,0.275,1.644049772423344,965.3358719332282,0.8145270270270271,0.7858108108108108,0.822972972972973,0.8391891891891892,0.8127364864864866,False
USA30IDXUSD1440_comma,daily,30,500,long_only,none,0.0025,0.030510343850539412,-0.0023231991257652083,-0.0028514043805587578,0.09653248076356975,-0.3160629832487809,9,0.3333333333333333,1.3965881705957226,2008.105725653759,0.8452702702702702,0.7824324324324324,0.8206081081081081,0.7655405405405405,0.8126689189189189,True
USA30IDXUSD1440_comma,daily,30,100,long_only,none,0.0025,0.02742503097375848,-0.05534336986842898,-0.06884042617328685,0.12326169829714213,-0.22249434619703223,24,0.4583333333333333,1.6104879524897395,1494.7851322469878,0.7983108108108108,0.8402027027027027,0.793581081081081,0.8297297297297297,0.8125506756756757,False
USA30IDXUSD1440_comma,daily,40,500,long_only,price_slow,0.0,0.030297838954059797,-0.030154435041590186,-0.03661305531663675,0.13091821441585233,-0.23142569648728084,27,0.1111111111111111,1.2720485430896102,492.8418248100254,0.8175675675675675,0.8581081081081081,0.8179054054054054,0.7128378378378378,0.8120608108108107,False
USA30IDXUSD1440_comma,daily,30,150,long_only,slow_slope,0.001,0.029904563074138357,-0.04623536487054904,-0.05746122496707411,0.11057143463357443,-0.27045468997702593,41,0.34146341463414637,1.605143372047071,921.0665278096247,0.8030405405405405,0.8118243243243243,0.8138513513513513,0.8287162162162162,0.81125,False
USA30IDXUSD1440_comma,daily,5,500,long_only,price_slow,0.005,0.03031515779664362,-0.028828744815545718,-0.03505782849848835,0.12392032892349727,-0.24463425864015265,27,0.2222222222222222,1.3023962897481847,512.1692698109111,0.8179054054054054,0.8432432432432433,0.8182432432432433,0.7283783783783784,0.8108783783783784,False
USA30IDXUSD1440_comma,daily,30,400,long_only,none,0.0,0.030917693680220237,-0.00033461914172873425,-0.0004085561064707097,0.08918810006344553,-0.3466571623145508,10,0.4,1.4112110720480886,1940.8581047502041,0.847972972972973,0.7655405405405405,0.8233108108108108,0.768918918918919,0.8105743243243244,True
USA30IDXUSD1440_comma,daily,40,500,long_only,price_slow,0.0025,0.030132630574226216,-0.031839330766349434,-0.038649735175540274,0.13020434217806198,-0.23142569648728073,27,0.1111111111111111,1.2694924283257647,483.8985112065989,0.8162162162162162,0.856081081081081,0.8162162162162162,0.7108108108108108,0.8103716216216216,False
USA30IDXUSD1440_comma,daily,50,300,long_only,none,0.001,0.03024620687736279,-0.007573667561335734,-0.00922790886561506,0.08227273005026768,-0.3676334413466371,7,0.42857142857142855,1.602862789696995,3505.070652955611,0.8381756756756756,0.7489864864864865,0.8175675675675675,0.8280405405405405,0.8102364864864865,True
USA30IDXUSD1440_comma,daily,100,400,long_only,fast_slope,0.005,0.02944003860583644,-0.06547456285078292,-0.08319963612441217,0.11181652004393422,-0.26328881094018175,58,0.3275862068965517,1.6827899877689354,672.1162747009174,0.7922297297297297,0.8155405405405406,0.8094594594594594,0.847972972972973,0.809864864864865,False
USA30IDXUSD1440_comma,daily,60,200,long_only,none,0.0,0.029440445575292795,-0.01630046763678809,-0.019314737783380494,0.0779239345870054,-0.37781004939401874,8,0.75,1.7935658573465443,4939.349354737764,0.8297297297297297,0.7381756756756757,0.8097972972972973,0.8726351351351351,0.8092905405405405,True
USA30IDXUSD1440_comma,daily,20,400,long_only,slow_slope,0.005,0.028452809202170304,-0.04545708219239047,-0.055155418545084954,0.12379665224348503,-0.22983504550841094,25,0.28,1.4285161622506537,680.0627552536095,0.8037162162162163,0.8422297297297298,0.8003378378378379,0.7763513513513514,0.8085641891891893,False
USA30IDXUSD1440_comma,daily,50,150,long_only,slow_slope,0.0,0.028012583415159664,-0.062436747460098384,-0.07720401968495649,0.11559445565996788,-0.24233500867516822,44,0.2727272727272727,1.6355565372803094,896.0875793397026,0.793918918918919,0.8236486486486486,0.7976351351351352,0.8364864864864865,0.8084797297297298,False
USA30IDXUSD1440_comma,daily,75,400,long_only,slow_slope,0.0,0.0281683781246298,-0.044188831115882586,-0.05348839916988108,0.10383306448180805,-0.2712852429542326,24,0.375,1.6812846349763249,884.8018972436463,0.8043918918918919,0.7989864864864865,0.7989864864864865,0.8476351351351351,0.8084459459459459,False
USA30IDXUSD1440_comma,daily,100,200,long_only,price_slow,0.005,0.030348076752313657,-0.04620493388648424,-0.05733859058762081,0.1028598349179094,-0.29504302409715044,41,0.34146341463414637,1.5846506053832556,887.4682498944613,0.8033783783783783,0.7972972972972973,0.8189189189189189,0.8222972972972973,0.807804054054054,False
USA30IDXUSD1440_comma,daily,75,200,long_only,combined,0.0,0.028477915404560017,-0.08467941936398202,-0.1053275324777369,0.13104218558473854,-0.21731868464712645,79,0.34177215189873417,1.5418847052939986,470.6112385952503,0.7773648648648649,0.8587837837837838,0.8006756756756757,0.8087837837837838,0.8070945945945946,False
USA30IDXUSD1440_comma,daily,30,150,long_only,slow_slope,0.0025,0.02864326681656948,-0.058961837233258936,-0.07326500177571676,0.111789380921263,-0.25622529242508185,41,0.34146341463414637,1.586133277255987,894.4091125628505,0.7962837837837838,0.8152027027027027,0.8030405405405405,0.8226351351351351,0.8063175675675676,False
USA30IDXUSD1440_comma,daily,75,150,long_only,none,0.005,0.028069343485775722,-0.03779667640402188,-0.04567693739729431,0.08683205340507523,-0.3232601601027565,15,0.6,1.8296914842775358,2783.3371898762766,0.8108108108108109,0.7584459459459459,0.7983108108108108,0.8817567567567568,0.8058614864864866,True
USA30IDXUSD1440_comma,daily,30,500,long_only,fast_slope,0.0,0.026322869058998055,-0.12455215507473598,-0.15591399850437482,0.15900525382075015,-0.16554716543311432,105,0.42857142857142855,1.5719228287303117,393.2543309858883,0.745945945945946,0.9060810810810811,0.7868243243243244,0.8185810810810811,0.8050506756756757,False
USA30IDXUSD1440_comma,daily,5,200,long_only,price_slow,0.005,0.03048129220380069,-0.03591177632585223,-0.04415733929252985,0.09340605111284393,-0.3263310228903288,41,0.2926829268292683,1.5556916549629796,893.1944728142986,0.8128378378378378,0.7736486486486487,0.8202702702702702,0.8141891891891891,0.8047297297297298,False
USA30IDXUSD1440_comma,daily,100,150,long_only,slow_slope,0.0025,0.029632070527173093,-0.050695081266116264,-0.06295102721701404,0.09670305993334122,-0.30642329774878785,47,0.3617021276595745,1.6468058134186447,1023.5070941013803,0.8010135135135135,0.783445945945946,0.8114864864864865,0.839527027027027,0.8044932432432432,False
USA30IDXUSD1440_comma,daily,30,400,long_only,none,0.001,0.03034620750829098,-0.004986673299530099,-0.006082020959331927,0.08602618784444313,-0.3527554605019173,10,0.4,1.3948143398965678,1853.0969357586778,0.8412162162162162,0.7581081081081081,0.8185810810810811,0.764527027027027,0.8044087837837839,True
USA30IDXUSD1440_comma,daily,60,200,long_only,none,0.001,0.02861398903564827,-0.023128879603357688,-0.027420281839694485,0.07525052978363109,-0.3802496689116007,8,0.625,1.797702000148299,4918.188290430191,0.8243243243243243,0.7320945945945946,0.8027027027027027,0.8739864864864865,0.804391891891892,True
USA30IDXUSD1440_comma,daily,50,300,long_only,none,0.0,0.029537991030776256,-0.012421232240823712,-0.015111965347447827,0.08140661714466217,-0.3628450863925017,7,0.42857142857142855,1.5577247102620537,3313.1789520666853,0.8327702702702703,0.7476351351351351,0.8104729729729729,0.8148648648648649,0.8043412162162162,True
USA30IDXUSD1440_comma,daily,50,300,long_only,none,0.0025,0.02939802103981326,-0.014714295904176142,-0.017883194006302904,0.08010884328669837,-0.3669759771040738,6,0.5,1.5930474380190314,4067.8017351007825,0.831418918918919,0.7439189189189189,0.8087837837837838,0.825,0.8040540540540542,True
USA30IDXUSD1440_comma,daily,75,200,long_only,combined,0.001,0.027920751396088184,-0.09105127821364126,-0.11331758048878478,0.13068393354292215,-0.2136509870734632,78,0.3333333333333333,1.530435067286792,464.01197322268035,0.7736486486486487,0.8574324324324324,0.7969594594594595,0.8054054054054054,0.8040202702702703,False
USA30IDXUSD1440_comma,daily,30,200,long_only,price_slow,0.005,0.028394120321266314,-0.0607732416456015,-0.07533546627955333,0.1073088741588251,-0.2646017912669637,41,0.2682926829268293,1.6023302183733197,898.8125772468583,0.7949324324324324,0.8060810810810811,0.7996621621621621,0.8277027027027027,0.8035810810810812,False
USA30IDXUSD1440_comma,daily,40,500,long_only,price_slow,0.001,0.029403920576678066,-0.03812351205087825,-0.04626375466891966,0.12705555615901165,-0.23142569648728062,27,0.1111111111111111,1.2416426941177514,444.66080606524315,0.8101351351351351,0.8493243243243244,0.8091216216216216,0.7010135135135135,0.8033614864864865,False
USA30IDXUSD1440_comma,daily,50,150,long_only,slow_slope,0.001,0.027462006963052232,-0.06813856909056515,-0.08427466652489764,0.10810988558145133,-0.25401938791584433,41,0.2682926829268293,1.661578299947648,937.5047964134758,0.7905405405405406,0.8077702702702703,0.793918918918919,0.8412162162162162,0.803125,False
USA30IDXUSD1440_comma,daily,40,250,long_only,slow_slope,0.005,0.026105490564569678,-0.0763999060888513,-0.09306041817617992,0.11128619613374073,-0.2345797724382349,34,0.29411764705882354,1.6989375422260249,936.4357826768028,0.7844594594594595,0.8138513513513513,0.7858108108108108,0.8533783783783784,0.8024155405405405,False
USA30IDXUSD1440_comma,daily,60,250,long_only,slow_slope,0.005,0.027280033229191147,-0.06504977741417953,-0.07912078271982191,0.11997179625504276,-0.22738705329707432,35,0.2857142857142857,1.4508009450660362,584.4044122949573,0.7925675675675675,0.835472972972973,0.7915540540540541,0.7847972972972973,0.8019256756756756,False
USA30IDXUSD1440_comma,daily,60,150,long_only,slow_slope,0.001,0.02716520189947058,-0.07022091910501604,-0.08678166076143498,0.11194211565166734,-0.24267186430530863,45,0.28888888888888886,1.595840122635862,850.4031422979949,0.7891891891891892,0.8162162162162162,0.7912162162162162,0.8260135135135135,0.801875,False
USA30IDXUSD1440_comma,daily,5,200,long_only,price_slow,0.0025,0.029578172355748222,-0.043086763632681026,-0.052972980434536195,0.09922032233627476,-0.29810598937083377,47,0.2553191489361702,1.5003100750727247,745.4602994797665,0.8054054054054054,0.7905405405405406,0.8111486486486487,0.7986486486486486,0.8018243243243243,False
USA30IDXUSD1440_comma,daily,30,400,long_only,none,0.005,0.02970698046437903,-0.011020320345112767,-0.013449465082953197,0.0883004784391134,-0.3364305719460302,10,0.3,1.4125286704980975,1888.562420836337,0.8331081081081081,0.7628378378378379,0.8121621621621622,0.7692567567567568,0.8017736486486488,True
USA30IDXUSD1440_comma,daily,20,400,long_only,none,0.001,0.029378790899608154,-0.01781655385155378,-0.0214005862570143,0.09285683696810289,-0.3163880211610053,9,0.3333333333333333,1.4191965731415426,2033.4559167398547,0.8273648648648648,0.7722972972972973,0.8081081081081081,0.772972972972973,0.8015878378378379,True
USA30IDXUSD1440_comma,daily,20,250,long_short,none,0.001,0.025230536372069512,-0.009195206994713026,-0.011074557020822268,0.06805284041691705,-0.37074920337634476,20,0.35,1.8410359100355087,2497.947137988398,0.8358108108108108,0.714527027027027,0.7793918918918918,0.8837837837837837,0.801402027027027,False
USA30IDXUSD1440_comma,daily,75,150,long_only,slow_slope,0.0025,0.02681885473801615,-0.07673845284327045,-0.09488772279981496,0.10765273737411532,-0.24912376027016514,43,0.3488372093023256,1.6954856103725826,946.664631706142,0.7841216216216216,0.8067567567567567,0.7898648648648648,0.8527027027027027,0.8012162162162162,False
USA30IDXUSD1440_comma,daily,30,50,long_only,slow_slope,0.005,0.027373060244856973,-0.09310939487733004,-0.11930045731483636,0.1316605363328545,-0.20790634010220355,71,0.4225352112676056,1.4598788577943163,608.8344459657554,0.7726351351351352,0.8594594594594595,0.7925675675675675,0.7864864864864864,0.8004054054054054,False
USA30IDXUSD1440_comma,daily,30,150,long_only,slow_slope,0.0,0.02854860632013767,-0.058525774470497914,-0.07259591512946019,0.09888358891529504,-0.2887092452175535,43,0.3488372093023256,1.586147476615117,822.5632241739587,0.7966216216216216,0.7902027027027027,0.8016891891891892,0.822972972972973,0.7999831081081081,False
USA30IDXUSD1440_comma,daily,60,400,long_only,slow_slope,0.001,0.02860829393067843,-0.04150450486315439,-0.050189174470534115,0.09885907627958368,-0.28938459681507867,26,0.3076923076923077,1.4764760421437948,633.9162081360856,0.8064189189189189,0.789527027027027,0.8023648648648649,0.7932432432432432,0.7994087837837839,False
USA30IDXUSD1440_comma,daily,10,500,long_only,slow_slope,0.0025,0.029836292137678688,-0.023753838284859993,-0.029415970673941517,0.0974379119063204,-0.3062082463996576,21,0.23809523809523808,1.3264880788385267,688.0520156652922,0.822972972972973,0.7868243243243244,0.8131756756756757,0.7381756756756757,0.7992567567567568,False
USA30IDXUSD1440_comma,daily,20,250,long_only,slow_slope,0.001,0.026591757356564827,-0.07632114261904345,-0.09395490669498245,0.10921555732713785,-0.2434795738569867,41,0.24390243902439024,1.6171082389415796,784.2372094214754,0.7847972972972973,0.8097972972972973,0.7878378378378378,0.8324324324324325,0.7988006756756758,False
USA30IDXUSD1440_comma,daily,20,150,long_only,slow_slope,0.005,0.027995143816125,-0.067203218063281,-0.08383246500794314,0.10271742515788028,-0.2725452256332894,41,0.3902439024390244,1.5783546873145076,857.2659744946017,0.7915540540540541,0.7969594594594595,0.7972972972972973,0.8212837837837837,0.7985135135135136,False
USA30IDXUSD1440_comma,daily,20,75,long_only,none,0.0025,0.02473732369059478,-0.08611792643594264,-0.10657334461989555,0.13341791651616197,-0.185412306956526,34,0.38235294117647056,1.434592208678942,859.8562539749604,0.7763513513513514,0.8635135135135135,0.7766891891891892,0.7780405405405405,0.7984628378378379,False
USA30IDXUSD1440_comma,daily,60,150,long_only,slow_slope,0.0,0.02635590267333021,-0.07774484031317512,-0.09607129549360172,0.1134795014571967,-0.23225254195597067,45,0.26666666666666666,1.5686226304939388,826.5654930628039,0.783445945945946,0.8185810810810811,0.7871621621621622,0.8179054054054054,0.7981418918918919,False
USA30IDXUSD1440_comma,daily,100,400,long_short,none,0.0025,0.033080552430238885,0.036996792753145796,0.047551513821423044,0.07987895025931323,-0.41413353984808987,8,0.25,1.0435456083253525,271.8243505068176,0.8858108108108108,0.7435810810810811,0.8422297297297298,0.5935810810810811,0.7977027027027028,True
USA30IDXUSD1440_comma,daily,100,400,long_only,fast_slope,0.0,0.02803782682426892,-0.07845161890702815,-0.09926604153536883,0.1023562609689788,-0.27392390615720486,58,0.3275862068965517,1.6388738366203237,629.0561421543099,0.7824324324324324,0.7959459459459459,0.797972972972973,0.8378378378378378,0.7972297297297297,False
USA30IDXUSD1440_comma,daily,100,500,long_short,none,0.001,0.033611559397837,0.03968372660071636,0.05036281050260989,0.07840389175405048,-0.4286975894420517,7,0.42857142857142855,1.0098828804953643,64.09940619172254,0.8902027027027027,0.7398648648648649,0.8486486486486486,0.5726351351351351,0.7966722972972973,True
USA30IDXUSD1440_comma,daily,100,500,long_short,none,0.0,0.03370001736417594,0.04072435307779307,0.051719391344418754,0.07708266084955002,-0.4371932285777167,6,0.5,1.0035818488521846,26.09812106854527,0.8912162162162162,0.7361486486486486,0.8516891891891892,0.5709459459459459,0.7965033783783784,True
USA30IDXUSD1440_comma,daily,50,400,long_only,none,0.005,0.030178026785504963,-0.00461317768415351,-0.005642221456472456,0.0729539525655393,-0.4136585575455157,8,0.5,1.3999236236071257,2322.5252729473314,0.8418918918918918,0.7256756756756757,0.8168918918918919,0.7662162162162162,0.7964864864864866,True
USA30IDXUSD1440_comma,daily,100,150,long_only,fast_slope,0.0,0.025527046995218017,-0.09552759968888297,-0.11969132706240243,0.11302562688812687,-0.22585185057619517,67,0.373134328358209,1.6758224082324569,606.5276557215966,0.7695945945945946,0.8179054054054054,0.7820945945945946,0.8445945945945946,0.7954222972972973,False
USA30IDXUSD1440_comma,daily,75,200,long_only,none,0.0025,0.028123623118492702,-0.02481354049434026,-0.030104022589959253,0.06587471540854291,-0.4269259145041485,9,0.6666666666666666,1.756553914049359,4443.818891298641,0.8209459459459459,0.7094594594594594,0.7986486486486486,0.8655405405405405,0.7953040540540541,True
USA30IDXUSD1440_comma,daily,60,250,long_only,none,0.001,0.028952080015041792,-0.016648616039131134,-0.020041396067236834,0.07198935127706595,-0.40217170319556994,6,0.5,1.5568994499508728,3901.9961671587844,0.8287162162162162,0.7222972972972973,0.8050675675675676,0.8145270270270271,0.7952533783783784,True
USA30IDXUSD1440_comma,daily,30,400,long_only,combined,0.001,0.026391454172793427,-0.13230781592731372,-0.16562105016924641,0.13559088807951883,-0.19464032241839035,103,0.44660194174757284,1.610162150786697,402.11036439440096,0.7391891891891892,0.8675675675675676,0.7875,0.8293918918918919,0.7944763513513513,False
USA30IDXUSD1440_comma,daily,10,100,long_only,price_slow,0.001,0.025443369388470582,-0.09394427213905344,-0.11693536122077783,0.10856108278317338,-0.23436915638809586,65,0.36923076923076925,1.6768862317127888,610.6061139066467,0.7712837837837838,0.808445945945946,0.7810810810810811,0.8456081081081082,0.7936824324324325,False
USA30IDXUSD1440_comma,daily,20,75,long_only,none,0.005,0.025845818832767264,-0.08082091695859726,-0.1000668441243989,0.11918936540097988,-0.21684668548923058,35,0.2857142857142857,1.4263282155437953,898.1930911792405,0.7807432432432433,0.8327702702702703,0.7837837837837838,0.7746621621621622,0.7934459459459461,False
USA30IDXUSD1440_comma,daily,100,500,long_short,none,0.005,0.03265806406989813,0.031824133279845644,0.040456835437030346,0.08288812094739682,-0.3940017423078498,7,0.2857142857142857,0.9990450960136522,-6.765051476618022,0.8824324324324324,0.7506756756756757,0.8391891891891892,0.5662162162162162,0.7934121621621623,True
USA30IDXUSD1440_comma,daily,60,250,long_only,none,0.0,0.028584804545355835,-0.019157012431671654,-0.023044091486118145,0.07106077909236323,-0.4022585300986067,6,0.6666666666666666,1.5356127457614297,3703.815592747708,0.8266891891891892,0.720945945945946,0.802027027027027,0.8067567567567567,0.7923310810810811,True
USA30IDXUSD1440_comma,daily,50,75,long_only,none,0.0,0.02790177495274615,-0.0473366134312878,-0.05873596010278002,0.09409431567320425,-0.2965298674327028,31,0.5483870967741935,1.4461753488327493,1139.5127091615368,0.8027027027027027,0.7760135135135136,0.7966216216216216,0.7827702702702702,0.7918243243243243,False
USA30IDXUSD1440_comma,daily,60,75,long_only,none,0.001,0.025223154734537845,-0.0744949620797328,-0.09283888236624435,0.10979150632287667,-0.22973684922730886,37,0.5945945945945946,1.4495577768954797,934.781421810786,0.785472972972973,0.8111486486486487,0.779054054054054,0.7844594594594595,0.7904560810810812,False
USA30IDXUSD1440_comma,daily,100,200,long_only,fast_slope,0.0,0.02739841727092518,-0.07892330820863684,-0.09840418288918494,0.09507529100292487,-0.28817600221788753,62,0.3548387096774194,1.5797322810102379,570.3263856180934,0.7820945945945946,0.7797297297297298,0.7929054054054054,0.8219594594594595,0.7896452702702704,False
USA30IDXUSD1440_comma,daily,40,250,long_only,slow_slope,0.0025,0.024050474774048425,-0.09467325530663755,-0.11516519344145944,0.1089399956290479,-0.22076809013232213,38,0.23684210526315788,1.6153879801626976,752.3840601373007,0.7702702702702703,0.8091216216216216,0.7706081081081081,0.831418918918919,0.7892229729729731,False
USA30IDXUSD1440_comma,daily,60,400,long_only,slow_slope,0.0,0.02728919118333173,-0.05280516709245096,-0.0638295729596696,0.09475057833560907,-0.2880108138936386,26,0.3076923076923077,1.4177344886197436,558.0836237408371,0.8003378378378379,0.7783783783783784,0.7918918918918919,0.7719594594594594,0.788902027027027,False
USA30IDXUSD1440_comma,daily,5,75,long_only,price_slow,0.0025,0.024524214641267195,-0.10307467224068391,-0.12754293979081033,0.11676624706674019,-0.21002828520514039,75,0.3466666666666667,1.5369978132695603,507.10421598564903,0.7648648648648648,0.8266891891891892,0.7746621621621622,0.8070945945945946,0.7886148648648649,False
USA30IDXUSD1440_comma,daily,30,500,long_only,price_slow,0.005,0.026818675958172777,-0.06114039669671651,-0.0741994501304722,0.11191504226847039,-0.23963423874547696,28,0.14285714285714285,1.283049805787538,516.9451266127234,0.7945945945945946,0.8158783783783784,0.789527027027027,0.7199324324324324,0.7877027027027027,False
USA30IDXUSD1440_comma,daily,100,300,long_only,fast_slope,0.0025,0.026779810150648675,-0.09104164170579412,-0.11528553122655069,0.10197845834812627,-0.26260261808655516,61,0.32786885245901637,1.5474009377991764,561.9669627952557,0.7739864864864865,0.793918918918919,0.7891891891891892,0.8101351351351351,0.7874324324324324,False
USA30IDXUSD1440_comma,daily,30,400,long_only,none,0.0025,0.028225986113530777,-0.021210042749136085,-0.02584857966511571,0.07907042257828693,-0.35697274901477194,10,0.3,1.3392630408358464,1559.8598304762422,0.8253378378378379,0.7418918918918919,0.7993243243243243,0.7445945945945946,0.7871621621621622,True
USA30IDXUSD1440_comma,daily,20,150,long_only,slow_slope,0.0025,0.027032092442423883,-0.0744549528872228,-0.09268183806008085,0.09265149537452638,-0.29176099460836213,42,0.38095238095238093,1.5493447359286792,789.0168152786455,0.7858108108108108,0.7719594594594594,0.7905405405405406,0.8114864864864865,0.7871452702702704,False
USA30IDXUSD1440_comma,daily,40,250,long_only,slow_slope,0.001,0.025242461049458154,-0.08314621723048331,-0.10118463107363795,0.1146976874083345,-0.22007820401463396,39,0.2564102564102564,1.385009516616381,468.93444369658914,0.7787162162162162,0.8212837837837837,0.7797297297297298,0.7601351351351351,0.7867736486486486,False
USA30IDXUSD1440_comma,daily,50,75,long_only,none,0.0025,0.0250805731491619,-0.0821735104282324,-0.10180597327592325,0.10451276416287245,-0.2399761727675329,33,0.42424242424242425,1.4774062497122187,925.5257355945492,0.779054054054054,0.8,0.7787162162162162,0.7942567567567568,0.7865033783783784,False
USA30IDXUSD1440_comma,daily,30,500,long_only,combined,0.0,0.024138049666999395,-0.1568983699371151,-0.19591295296576963,0.14580768933039714,-0.16554716543311432,101,0.42574257425742573,1.5400130869744078,369.7254595789921,0.7192567567567567,0.8878378378378379,0.7726351351351352,0.8077702702702703,0.7853547297297298,False
USA30IDXUSD1440_comma,daily,30,400,long_only,combined,0.0,0.0253208307095667,-0.1458926421180612,-0.1825451134878925,0.13009036562906082,-0.19464032241839047,103,0.44660194174757284,1.5740238651228229,383.1795169304837,0.7290540540540541,0.8550675675675675,0.7807432432432433,0.8192567567567568,0.7844256756756757,False
USA30IDXUSD1440_comma,daily,100,400,long_only,fast_slope,0.001,0.026608628306718396,-0.09351380846916252,-0.11832492409028823,0.09373353948007887,-0.2838752110963815,58,0.3275862068965517,1.5970014676248614,585.9046147757585,0.7719594594594594,0.7746621621621622,0.7881756756756757,0.8263513513513514,0.7840371621621622,False
USA30IDXUSD1440_comma,daily,5,100,long_only,price_slow,0.005,0.024301329468873645,-0.10564789921320684,-0.1313686421864238,0.10224958423269324,-0.2376667802733573,59,0.3220338983050847,1.6217540342373258,637.8620254915597,0.7628378378378379,0.7952702702702703,0.772972972972973,0.8334459459459459,0.7835641891891892,False
USA30IDXUSD1440_comma,daily,30,500,long_only,combined,0.0025,0.023977369151052752,-0.15980477815182573,-0.19963358701217723,0.14393843376397214,-0.1665807284687455,100,0.42,1.5478761170213096,370.558830247897,0.716554054054054,0.8851351351351351,0.7699324324324325,0.8104729729729729,0.7834628378378379,False
USA30IDXUSD1440_comma,daily,30,500,long_only,none,0.001,0.02755438009064859,-0.02333716761367727,-0.028612821590846788,0.08178750855789423,-0.33690205969709797,10,0.3,1.2808250442809395,1364.5900915289678,0.8239864864864865,0.7479729729729729,0.7945945945945946,0.7189189189189189,0.7833445945945947,True
USA30IDXUSD1440_comma,daily,50,250,long_only,slow_slope,0.005,0.02557347790535003,-0.08139983614389859,-0.09918382817455994,0.10648105289226778,-0.24016928092572487,34,0.2647058823529412,1.378021851980971,516.0991549412842,0.7793918918918918,0.8043918918918919,0.7827702702702702,0.7581081081081081,0.783125,False
USA30IDXUSD1440_comma,daily,10,300,long_only,slow_slope,0.005,0.026028172609866118,-0.08120065442631659,-0.1007608543445219,0.09606427535760916,-0.2709453906040884,37,0.2702702702702703,1.4629681198199385,758.0808014277118,0.7800675675675676,0.7820945945945946,0.785472972972973,0.7885135135135135,0.7829222972972973,False
USA30IDXUSD1440_comma,daily,10,150,long_only,none,0.005,0.027299399154189663,-0.060699467551284476,-0.07514477969001473,0.07894654530704272,-0.34579599459375354,32,0.34375,1.5333124798901403,1036.584481073499,0.7952702702702703,0.7408783783783783,0.7922297297297297,0.8060810810810811,0.7826858108108109,False
USA30IDXUSD1440_comma,daily,75,100,long_only,slow_slope,0.0025,0.023444360072274018,-0.12953838730361372,-0.16420170628281047,0.1246280784059642,-0.18811459160837118,56,0.4107142857142857,1.5454915383518908,594.2799167161551,0.7422297297297298,0.8445945945945946,0.7641891891891892,0.8094594594594594,0.7822972972972974,False
USA30IDXUSD1440_comma,daily,75,100,long_only,none,0.0025,0.025839992713242665,-0.07156992417829688,-0.08671231976670604,0.07310974380808581,-0.3534411607442236,27,0.6666666666666666,1.710882255361943,1388.5306334996926,0.7881756756756757,0.727027027027027,0.783445945945946,0.8567567567567568,0.7822297297297297,False
USA30IDXUSD1440_comma,daily,75,100,long_only,combined,0.001,0.02311132700578722,-0.1546616058695353,-0.19630905445941652,0.13284906642759733,-0.17396680027392497,78,0.4230769230769231,1.6305635182806146,455.40747475721713,0.7212837837837838,0.8611486486486486,0.760472972972973,0.8344594594594594,0.7810641891891892,False
USA30IDXUSD1440_comma,daily,75,250,long_only,none,0.005,0.026923533508733,-0.03161687484064373,-0.03821750290545821,0.06249075389968545,-0.43084027361795874,6,0.6666666666666666,1.5389037349684938,3426.027597477068,0.816554054054054,0.7003378378378379,0.7902027027027027,0.8074324324324325,0.7808614864864865,True
USA30IDXUSD1440_comma,daily,30,500,long_only,price_slow,0.0,0.027417747958376593,-0.054324547231612674,-0.06586645265998435,0.11083224057985148,-0.24738061609990536,31,0.0967741935483871,1.1714765115386907,295.6361993216769,0.7996621621621621,0.8131756756756757,0.7932432432432432,0.6587837837837838,0.780625,False
USA30IDXUSD1440_comma,daily,60,500,long_only,fast_slope,0.0,0.024092539981990457,-0.13531272737290587,-0.1673749273114638,0.12676799225524865,-0.19005223284975503,81,0.345679012345679,1.4874445513458285,460.01359571064336,0.735472972972973,0.8486486486486486,0.7712837837837838,0.7962837837837838,0.7800506756756757,False
USA30IDXUSD1440_comma,daily,100,200,long_only,none,0.005,0.0278044028016049,-0.025159433709851575,-0.03090653744626575,0.06212090825658494,-0.447585258843307,8,0.625,1.451224235959461,2903.988348580758,0.8206081081081081,0.6986486486486486,0.7959459459459459,0.785472972972973,0.7799155405405406,True
USA30IDXUSD1440_comma,daily,10,150,long_only,slow_slope,0.0,0.027523676850393253,-0.06849557582266037,-0.08604899803188153,0.08083349064305131,-0.34049843241254696,49,0.30612244897959184,1.464290453302329,688.9518788677918,0.7902027027027027,0.745945945945946,0.7942567567567568,0.7888513513513513,0.7797466216216217,False
USA30IDXUSD1440_comma,daily,100,300,long_only,fast_slope,0.005,0.025863323169708297,-0.10159386458924034,-0.12829191097206757,0.09486071241828765,-0.272645255452691,61,0.32786885245901637,1.5401649377142759,535.9705870068392,0.7658783783783784,0.7787162162162162,0.7841216216216216,0.8081081081081081,0.779070945945946,False
USA30IDXUSD1440_comma,daily,75,100,long_only,fast_slope,0.005,0.02366512671752341,-0.1503825323775852,-0.19218988713768329,0.11740405252513646,-0.20156993058188222,46,0.5217391304347826,1.7007866299309142,762.2765181961767,0.7253378378378378,0.8283783783783784,0.7672297297297297,0.8540540540540541,0.7787837837837838,False
USA30IDXUSD1440_comma,daily,60,400,long_only,slow_slope,0.0025,0.025979609044963548,-0.0648825985715834,-0.07852138682306634,0.08848723898030263,-0.29359723892782597,25,0.36,1.3757203396994933,509.1653068898689,0.7929054054054054,0.7635135135135135,0.7847972972972973,0.7574324324324324,0.7786148648648649,False
USA30IDXUSD1440_comma,daily,50,150,long_only,slow_slope,0.005,0.023715841774573754,-0.10672957840672997,-0.13241099207270018,0.10534933290465044,-0.22511620264400234,39,0.3333333333333333,1.500170150535277,799.3652297850563,0.7621621621621621,0.8010135135135135,0.7679054054054054,0.7983108108108108,0.7784459459459461,False
USA30IDXUSD1440_comma,daily,40,100,long_only,none,0.0025,0.0238508833920279,-0.08651656967466194,-0.10746783603171672,0.09740378246792089,-0.2448660902864115,22,0.5454545454545454,1.444254139511773,1292.1163624043072,0.7756756756756756,0.7864864864864864,0.768918918918919,0.7820945945945946,0.7779898648648649,False
USA30IDXUSD1440_comma,daily,60,150,long_only,slow_slope,0.0025,0.024094780951994688,-0.10014007999807181,-0.1235448403592547,0.09732350561021857,-0.24757411686848274,45,0.3111111111111111,1.5163537402396123,754.0609647361888,0.7668918918918919,0.785472972972973,0.7716216216216216,0.802027027027027,0.7777533783783784,False
USA30IDXUSD1440_comma,daily,75,400,long_only,slow_slope,0.005,0.024898100762899222,-0.07471869743550956,-0.09055423726609292,0.07766454810046411,-0.32058514949049755,22,0.2727272727272727,1.591599414525477,817.9173285800006,0.7851351351351351,0.7375,0.7777027027027027,0.8246621621621621,0.777668918918919,False
USA30IDXUSD1440_comma,daily,100,250,long_only,fast_slope,0.001,0.025477358371327474,-0.1017523088558218,-0.12752241520747654,0.09245917186692709,-0.2755525261246775,63,0.3333333333333333,1.559621484928138,508.4377175231559,0.7652027027027027,0.7712837837837838,0.7814189189189189,0.8152027027027027,0.7774662162162163,False
USA30IDXUSD1440_comma,daily,30,50,long_only,fast_slope,0.0,0.0239654865082366,-0.1301724806335253,-0.16466821823273575,0.12350029730703249,-0.19405205518377266,100,0.41,1.4284177498613493,370.3472598242039,0.7408783783783783,0.8412162162162162,0.7695945945945946,0.7760135135135136,0.7769763513513513,False
USA30IDXUSD1440_comma,daily,20,250,long_only,slow_slope,0.0025,0.024366175572553717,-0.09831703243685018,-0.12089524893316894,0.09427846025251836,-0.25844901907912576,41,0.24390243902439024,1.5279095368472968,692.5046215996078,0.7679054054054054,0.7766891891891892,0.7736486486486487,0.8050675675675676,0.7768243243243245,False
USA30IDXUSD1440_comma,daily,100,150,long_only,fast_slope,0.001,0.023530705498202353,-0.11798644097718902,-0.1473002446426894,0.1021153832501894,-0.23043252396703617,66,0.3484848484848485,1.5776053799354832,560.9681397292898,0.7537162162162162,0.7945945945945946,0.7662162162162162,0.8209459459459459,0.7765202702702703,False
USA30IDXUSD1440_comma,daily,5,50,long_only,price_slow,0.0,0.022705512320692067,-0.1322118060643238,-0.16520859926252185,0.12817452146604993,-0.1771452864499764,93,0.3655913978494624,1.4008165693747816,374.28391741729297,0.739527027027027,0.852027027027027,0.7577702702702702,0.7665540540540541,0.7753547297297297,False
USA30IDXUSD1440_comma,daily,100,200,long_only,fast_slope,0.001,0.025651728238272886,-0.09680001301501574,-0.1206896850685987,0.08800826761768288,-0.2914695281778148,62,0.3548387096774194,1.523689216655987,521.46059460447,0.768918918918919,0.7618243243243243,0.7831081081081082,0.8037162162162163,0.7752027027027028,False
USA30IDXUSD1440_comma,daily,60,500,long_only,fast_slope,0.001,0.023511042571655816,-0.14267326971008598,-0.1765839779707492,0.12372869662528378,-0.19002093461680714,81,0.345679012345679,1.4770294142842142,447.2574282617946,0.731081081081081,0.8418918918918918,0.7658783783783784,0.793581081081081,0.7751182432432433,False
USA30IDXUSD1440_comma,daily,50,250,long_only,slow_slope,0.0025,0.024615522800127687,-0.08902816321042951,-0.10809295450141565,0.10161669511066433,-0.2422389625378042,36,0.25,1.3424171671463383,464.27073106277294,0.775,0.7925675675675675,0.7756756756756756,0.7449324324324325,0.7750168918918919,False
USA30IDXUSD1440_comma,daily,30,500,long_only,price_slow,0.0025,0.026165033533859017,-0.06589928690093474,-0.07997165635653625,0.09939281736401895,-0.2632487359527348,30,0.13333333333333333,1.2163473827636584,387.2869820764302,0.7918918918918919,0.7908783783783784,0.7861486486486486,0.6885135135135135,0.7749831081081081,False
USA30IDXUSD1440_comma,daily,5,75,long_only,price_slow,0.0,0.02334142746655643,-0.11189779022373032,-0.137561906133052,0.10537959122720064,-0.22149855768781468,81,0.2962962962962963,1.4707714170453392,443.55338731254983,0.7574324324324324,0.8013513513513514,0.7631756756756757,0.7912162162162162,0.7746283783783785,False
USA30IDXUSD1440_comma,daily,40,400,long_only,none,0.005,0.027087576175413464,-0.030178059726394122,-0.03685990498815773,0.06498840855662574,-0.41680627017988137,8,0.5,1.3599252939030249,1867.6184596833423,0.8172297297297297,0.7074324324324325,0.7908783783783784,0.7510135135135135,0.7745777027027028,True
USA30IDXUSD1440_comma,daily,30,500,long_only,combined,0.001,0.02304196355846977,-0.17079973227395698,-0.21313074217901323,0.13918669944112916,-0.16554716543311432,101,0.42574257425742573,1.513729723283575,350.49111568425906,0.7057432432432432,0.8756756756756757,0.7597972972972973,0.8013513513513514,0.7733783783783784,False
USA30IDXUSD1440_comma,daily,10,100,long_only,price_slow,0.0025,0.023043700211490936,-0.11837579490796611,-0.14720560023880436,0.09674253410612846,-0.2381961608139347,63,0.38095238095238093,1.6046617201511542,561.9469915932546,0.7527027027027027,0.7837837837837838,0.7601351351351351,0.8283783783783784,0.7733108108108109,False
USA30IDXUSD1440_comma,daily,75,200,long_only,none,0.005,0.025075641250091207,-0.054473172667226996,-0.06511152387509599,0.0584688074350912,-0.4288721174607295,9,0.5555555555555556,1.6167558712100063,3788.8503758469515,0.7993243243243243,0.6902027027027027,0.7783783783783784,0.8317567567567568,0.7727195945945946,True
USA30IDXUSD1440_comma,daily,30,400,long_only,combined,0.0025,0.02411054004325175,-0.16168604327790959,-0.2022782725831099,0.12352715996980929,-0.19518412023027565,103,0.44660194174757284,1.5465421262528667,362.06990773882853,0.7148648648648649,0.841554054054054,0.7719594594594594,0.8097972972972973,0.772195945945946,False
USA30IDXUSD1440_comma,daily,40,250,long_only,slow_slope,0.0,0.023666852348667833,-0.09766539514617888,-0.11887161348719717,0.10462079925413628,-0.22621555672862192,41,0.24390243902439024,1.3318768234390532,393.2261999653903,0.768581081081081,0.8003378378378379,0.7675675675675676,0.7405405405405405,0.7721114864864865,False
USA30IDXUSD1440_comma,daily,75,100,long_only,price_slow,0.0025,0.02313920818682802,-0.15452286812165011,-0.19665417352635015,0.11408134244056273,-0.20283078452450476,69,0.4782608695652174,1.659024422922938,515.5206246695776,0.7216216216216216,0.8199324324324324,0.7611486486486486,0.8405405405405405,0.7719425675675675,False
USA30IDXUSD1440_comma,daily,10,75,long_only,slow_slope,0.001,0.023752916413153802,-0.11844592553056542,-0.14614258560066534,0.10555816062318557,-0.22502207572511013,76,0.32894736842105265,1.4322941973466812,381.9350408075976,0.7523648648648649,0.8023648648648649,0.768581081081081,0.7777027027027027,0.7719087837837839,False
USA30IDXUSD1440_comma,daily,100,250,long_only,fast_slope,0.0025,0.024819042973226457,-0.10864358234318197,-0.1361216823753534,0.08949453634663046,-0.27732467239225955,63,0.3333333333333333,1.5267578531023698,490.60997117874535,0.7601351351351351,0.7665540540540541,0.7773648648648649,0.8047297297297298,0.771875,False
USA30IDXUSD1440_comma,daily,20,500,long_only,none,0.0,0.02667552777790827,-0.03505763969532192,-0.042664770623575224,0.08075891427740263,-0.33031062906912334,10,0.3,1.2097357496007162,986.3246077152662,0.8131756756756757,0.7449324324324325,0.7888513513513513,0.6837837837837838,0.7718412162162163,True
USA30IDXUSD1440_comma,daily,20,400,long_only,slow_slope,0.0025,0.02445661083359285,-0.07833931799516329,-0.09439647530728243,0.09841940983786118,-0.248493776521149,26,0.3076923076923077,1.2551498438295683,422.8080840106259,0.7827702702702702,0.7881756756756757,0.7743243243243243,0.7067567567567568,0.7710304054054054,False
USA30IDXUSD1440_comma,daily,5,250,long_only,slow_slope,0.001,0.024063300262787912,-0.10141929151614332,-0.12351664091351648,0.09705120372085053,-0.24794437719702533,45,0.24444444444444444,1.3868555363810837,551.6644165225225,0.7662162162162162,0.7844594594594595,0.7709459459459459,0.760472972972973,0.7708614864864864,False
USA30IDXUSD1440_comma,daily,60,300,long_only,none,0.005,0.025885077076792662,-0.04000377470623496,-0.04851074503171184,0.06248983734025344,-0.4142285878558134,6,0.5,1.4138246828733165,3108.7265526249103,0.8081081081081081,0.7,0.7844594594594595,0.7702702702702703,0.7706756756756756,True
USA30IDXUSD1440_comma,daily,40,75,long_only,none,0.0025,0.023575736846660256,-0.09768806616710665,-0.12204135788202822,0.093117627447535,-0.25318231888955145,33,0.5151515151515151,1.4311339974008999,874.6922051900455,0.7682432432432432,0.772972972972973,0.7668918918918919,0.7773648648648649,0.7705236486486486,False
USA30IDXUSD1440_comma,daily,100,400,long_short,none,0.0,0.02926981846309995,0.014778789023017973,0.018988544311190854,0.07185226194527107,-0.4073611278291335,8,0.375,0.9653657914007143,-215.8039605625836,0.8652027027027027,0.7212837837837838,0.8064189189189189,0.543918918918919,0.7692736486486488,True
USA30IDXUSD1440_comma,daily,40,500,long_only,combined,0.0,0.023231302320801284,-0.15651472649026257,-0.1988017015025628,0.12427931702937497,-0.18692814601894114,82,0.36585365853658536,1.4512072117802246,435.77261539663897,0.7199324324324324,0.8435810810810811,0.7625,0.7851351351351351,0.7691385135135136,False
USA30IDXUSD1440_comma,daily,40,150,long_only,price_slow,0.0,0.025569092358249446,-0.09187828383837952,-0.11266491573979918,0.07818153964770634,-0.3270476953186938,58,0.27586206896551724,1.464507220609233,555.9265187177069,0.772972972972973,0.7391891891891892,0.7824324324324324,0.7891891891891892,0.7688513513513514,False
USA30IDXUSD1440_comma,daily,5,250,long_only,slow_slope,0.0,0.023748926499142398,-0.1039521420441756,-0.12669742258581865,0.095031038827338,-0.24990704923569074,45,0.24444444444444444,1.3833031403649805,540.357249677589,0.7641891891891892,0.7793918918918918,0.7682432432432432,0.7597972972972973,0.7681418918918919,False
USA30IDXUSD1440_comma,daily,20,500,long_only,slow_slope,0.005,0.025056924570611594,-0.06267375966591898,-0.07769944371487773,0.0847947766569198,-0.29550080274392454,18,0.2777777777777778,1.2374010064230117,499.55914310215474,0.793581081081081,0.7554054054054054,0.7780405405405405,0.7003378378378379,0.7669425675675676,True
USA30IDXUSD1440_comma,daily,60,500,long_only,combined,0.0,0.022673569241539848,-0.15484688003161878,-0.19133805675835536,0.1193017777353051,-0.19005223284975437,82,0.32926829268292684,1.4612328707190954,423.80975016953715,0.720945945945946,0.8334459459459459,0.7570945945945946,0.7875,0.7662837837837838,False
USA30IDXUSD1440_comma,daily,100,150,long_only,price_slow,0.0,0.025485553317631693,-0.09940724673440669,-0.12239431573897855,0.07051015910011754,-0.36144512567961584,62,0.3225806451612903,1.5664761510935807,654.2204978293404,0.7672297297297297,0.7192567567567567,0.7817567567567567,0.8172297297297297,0.7656418918918919,False
USA30IDXUSD1440_comma,daily,30,300,long_only,slow_slope,0.001,0.024636182487569824,-0.08325645306690145,-0.10128190244011581,0.09013886909878839,-0.27331364076211795,30,0.26666666666666666,1.2684996168505804,410.6415510497944,0.7783783783783784,0.7682432432432432,0.7760135135135136,0.710472972972973,0.7651858108108109,False
USA30IDXUSD1440_comma,daily,60,500,long_only,combined,0.001,0.02257433875772552,-0.15674419055215386,-0.1938677858562958,0.11879921969254893,-0.1900209346168069,81,0.3333333333333333,1.4614183791883288,426.89579030332396,0.7195945945945946,0.831081081081081,0.7560810810810811,0.7878378378378378,0.765,False
USA30IDXUSD1440_comma,daily,30,300,long_only,slow_slope,0.005,0.02531999010433217,-0.08005904887138679,-0.09760512111824751,0.07985888113977972,-0.317059164152497,31,0.2903225806451613,1.3129745210526456,490.5841603559215,0.7810810810810811,0.7432432432432432,0.7804054054054054,0.7331081081081081,0.7642905405405407,False
USA30IDXUSD1440_comma,daily,30,300,long_only,slow_slope,0.0,0.024539687048247716,-0.08399043357956629,-0.10217000139525395,0.08939638638073527,-0.2745042393965934,30,0.23333333333333334,1.26554195252233,410.9407119101622,0.7780405405405405,0.7662162162162162,0.775,0.7094594594594594,0.7641891891891892,False
USA30IDXUSD1440_comma,daily,5,75,long_only,price_slow,0.001,0.02211280809241889,-0.12432840936588195,-0.15286322786959042,0.10181894330343351,-0.21717774094865516,80,0.3,1.437968135386103,422.1591533372281,0.7462837837837838,0.793581081081081,0.7506756756756757,0.7793918918918918,0.7639527027027028,False
USA30IDXUSD1440_comma,daily,10,150,long_only,none,0.0025,0.02435547380787262,-0.0846437901130247,-0.10447985734447737,0.0679474888645605,-0.35844553220237907,27,0.2962962962962963,1.4745507379458156,1050.9202245802323,0.7777027027027027,0.7141891891891892,0.7733108108108108,0.7925675675675675,0.7631756756756757,False
USA30IDXUSD1440_comma,daily,40,500,long_only,combined,0.001,0.022698642256681723,-0.16280473026997028,-0.20672854228326568,0.12142977256288476,-0.18692814601894103,82,0.36585365853658536,1.4378851392339551,424.3458223636482,0.7135135135135136,0.8375,0.7574324324324324,0.7787162162162162,0.7630743243243243,False
USA30IDXUSD1440_comma,daily,40,500,long_only,fast_slope,0.005,0.023481744357340295,-0.15173641689184644,-0.19272724749937634,0.10998746566147569,-0.21349473065970492,82,0.3780487804878049,1.447441664874661,441.1705267633806,0.7233108108108108,0.8114864864864865,0.764527027027027,0.783445945945946,0.7626182432432432,False
USA30IDXUSD1440_comma,daily,40,500,long_only,fast_slope,0.0025,0.02337923528407959,-0.15167441880191623,-0.19260539834861048,0.11086852690620656,-0.21087350879892308,84,0.38095238095238093,1.4382596428780425,428.507721008806,0.7236486486486486,0.8135135135135135,0.7638513513513514,0.7797297297297298,0.7625675675675676,False
USA30IDXUSD1440_comma,daily,40,500,long_only,fast_slope,0.0,0.023508318179843002,-0.14966668745744702,-0.19006108991485263,0.10789051430807643,-0.21789050066733462,84,0.38095238095238093,1.43899073846112,431.22652088665546,0.7256756756756757,0.8074324324324325,0.7655405405405405,0.7800675675675676,0.7622466216216217,False
USA30IDXUSD1440_comma,daily,5,150,long_only,none,0.001,0.023942847521560395,-0.09146850221240256,-0.11230594616522917,0.07520888390431137,-0.31835132072991534,41,0.34146341463414637,1.4080267187748354,644.1400445279319,0.7733108108108108,0.731418918918919,0.7692567567567568,0.7682432432432432,0.7612668918918918,False
USA30IDXUSD1440_comma,daily,60,75,long_only,slow_slope,0.0,0.02215212437712366,-0.12983382899592796,-0.15930003195718753,0.10055685163458494,-0.22029453007958721,66,0.3787878787878788,1.4269996368639217,442.67603426887393,0.7418918918918919,0.7915540540540541,0.7513513513513513,0.7753378378378378,0.7612162162162163,False
USA30IDXUSD1440_comma,daily,30,500,long_only,price_slow,0.001,0.024541492757974348,-0.07980795017284267,-0.09678580404632273,0.09469609416780465,-0.25916055961596474,32,0.125,1.167557054338467,290.37460314967757,0.7814189189189189,0.7773648648648649,0.7753378378378378,0.6554054054054054,0.7602871621621622,False
USA30IDXUSD1440_comma,daily,100,250,long_only,fast_slope,0.005,0.02355250301438594,-0.12212066749074744,-0.15280786775920707,0.08417849623071975,-0.2797923943643791,63,0.3333333333333333,1.4772715089620474,456.7048452917543,0.7489864864864865,0.7530405405405406,0.7665540540540541,0.793918918918919,0.7602533783783784,False
USA30IDXUSD1440_comma,daily,20,250,long_short,fast_slope,0.0,0.020957935450923948,-0.085866707222428,-0.10612370143065951,0.08790631533173633,-0.23841217063681908,187,0.40106951871657753,1.3345774656333445,241.56872996190077,0.7766891891891892,0.7611486486486486,0.739527027027027,0.7422297297297298,0.7602027027027027,False
USA30IDXUSD1440_comma,daily,75,150,long_only,price_slow,0.0,0.023996387368656613,-0.11637821351931374,-0.14220175137957955,0.07307850204772053,-0.3283645216617451,57,0.2807017543859649,1.5507640604291402,600.688156497308,0.7560810810810811,0.7266891891891892,0.7702702702702703,0.8121621621621622,0.7599831081081081,False
USA30IDXUSD1440_comma,daily,40,500,long_only,combined,0.0025,0.022415581532546858,-0.16621928413770418,-0.21110254054326458,0.1199154969967745,-0.18692814601894026,82,0.36585365853658536,1.4307767773336988,418.303240925191,0.7094594594594594,0.8351351351351352,0.754054054054054,0.777027027027027,0.7599324324324325,False
USA30IDXUSD1440_comma,daily,100,300,long_only,fast_slope,0.0,0.023494946602251154,-0.12285898875695137,-0.15427584760993648,0.08447962830709406,-0.278113754440823,62,0.3225806451612903,1.4718078898350773,462.51784285274914,0.7476351351351351,0.754054054054054,0.7648648648648648,0.7918918918918919,0.7593243243243243,False
USA30IDXUSD1440_comma,daily,50,75,long_only,none,0.001,0.022965269256383092,-0.09328970990705754,-0.11565719809787761,0.07557843698195708,-0.30386007138339755,33,0.5151515151515151,1.407665085089801,839.7775781374967,0.7722972972972973,0.7334459459459459,0.7591216216216217,0.7679054054054054,0.7592905405405406,False
USA30IDXUSD1440_comma,daily,20,500,long_only,none,0.001,0.02478463419972221,-0.04949205794229322,-0.06023394670801602,0.07503432229707503,-0.33031062906912345,10,0.3,1.1843186499047487,860.7530160559412,0.802027027027027,0.731081081081081,0.777027027027027,0.6638513513513513,0.7585641891891891,True
USA30IDXUSD1440_comma,daily,30,400,long_only,slow_slope,0.0,0.023368717325985555,-0.08650000536531154,-0.10431206418496884,0.08966483356179125,-0.26062299340444695,25,0.28,1.2094326211480197,331.4439591086622,0.7760135135135136,0.7672297297297297,0.7635135135135135,0.683445945945946,0.7574324324324324,False
USA30IDXUSD1440_comma,daily,75,200,long_only,combined,0.005,0.023118026174877793,-0.14879818308750706,-0.18527079947763808,0.09657692850792912,-0.23937421216475907,75,0.3333333333333333,1.4645828027183199,409.76601193806175,0.7260135135135135,0.7831081081081082,0.7608108108108108,0.789527027027027,0.7567736486486487,False
USA30IDXUSD1440_comma,daily,75,150,long_only,combined,0.001,0.023019195436621454,-0.14637675605165296,-0.18109533212922632,0.08842747977462112,-0.26031721694762144,67,0.34328358208955223,1.5605696396923234,485.6033497547095,0.7287162162162162,0.7631756756756757,0.7594594594594595,0.8162162162162162,0.7566047297297297,False
USA30IDXUSD1440_comma,daily,30,500,long_only,fast_slope,0.001,0.021602472341659462,-0.18302284070136476,-0.22841799250267855,0.1304913453826998,-0.16554716543311432,105,0.41904761904761906,1.4365782814839312,313.20846716537767,0.6902027027027027,0.8567567567567568,0.7469594594594594,0.7783783783783784,0.7564189189189189,False
USA30IDXUSD1440_comma,daily,10,75,long_only,slow_slope,0.0,0.022386828353745836,-0.13143248025689025,-0.16196167508447568,0.09474475474193828,-0.23628567528326105,77,0.3246753246753247,1.3949682000900332,347.47107877969796,0.7402027027027027,0.7780405405405405,0.7537162162162162,0.7648648648648648,0.7560641891891893,False
USA30IDXUSD1440_comma,daily,100,200,long_only,fast_slope,0.0025,0.02332459086159888,-0.12106565592692796,-0.15075377870121337,0.0790394571307908,-0.2951005954279574,62,0.3548387096774194,1.4477089065372435,457.9269384578098,0.7510135135135135,0.7415540540540541,0.7628378378378379,0.7841216216216216,0.7559797297297298,False
USA30IDXUSD1440_comma,daily,75,150,long_only,combined,0.0,0.022894928489785915,-0.1473509106023956,-0.18234337259433372,0.0886734905887373,-0.2581936082337315,69,0.34782608695652173,1.5527853551236404,468.5643451526927,0.7273648648648648,0.7641891891891892,0.7584459459459459,0.8128378378378378,0.7556081081081082,False
USA30IDXUSD1440_comma,daily,75,250,long_only,slow_slope,0.0025,0.02211793319031874,-0.11126468547391491,-0.13480004693210604,0.09292048444015162,-0.2380307563351598,35,0.2857142857142857,1.3003695825190746,415.36528130528444,0.7581081081081081,0.7726351351351352,0.7510135135135135,0.7263513513513513,0.7555574324324326,False
USA30IDXUSD1440_comma,daily,30,400,long_only,fast_slope,0.001,0.022472841778648167,-0.17417208595831632,-0.2164811641402051,0.11545830534713929,-0.19464032241839047,109,0.43119266055045874,1.4603376147733425,315.6051602043517,0.7013513513513514,0.8233108108108108,0.7557432432432433,0.7868243243243244,0.7555405405405405,False
USA30IDXUSD1440_comma,daily,30,500,long_only,combined,0.005,0.02191902076108021,-0.18653707320026094,-0.2326279949141529,0.12689851531968593,-0.17272874080410838,100,0.41,1.4912679066410104,334.3571413026655,0.6844594594594594,0.8489864864864864,0.7496621621621622,0.7969594594594595,0.7555067567567567,False
USA30IDXUSD1440_comma,daily,20,500,long_only,none,0.0025,0.024413421943908498,-0.05367697183670267,-0.06497398325863644,0.07083452706552432,-0.3446542661508174,11,0.2727272727272727,1.1916877175769476,735.0288300972762,0.8,0.7199324324324324,0.7739864864864865,0.6709459459459459,0.7554222972972974,True
USA30IDXUSD1440_comma,daily,75,150,long_only,price_slow,0.001,0.023502191423334207,-0.12212407738843166,-0.14907873899627938,0.07303686376283502,-0.3217853315779059,57,0.2807017543859649,1.533950210196434,585.4437697820176,0.7486486486486487,0.7263513513513513,0.7652027027027027,0.8064189189189189,0.7550506756756756,False
USA30IDXUSD1440_comma,daily,30,500,long_only,fast_slope,0.0025,0.021596416526379558,-0.1840433526355646,-0.22991605961077224,0.12964534808377645,-0.1665807284687455,104,0.41346153846153844,1.437896132409569,316.1193267923548,0.6878378378378378,0.8533783783783784,0.7466216216216216,0.779054054054054,0.7546621621621621,False
USA30IDXUSD1440_comma,daily,10,250,long_only,slow_slope,0.0025,0.02245662041431329,-0.11816244044872598,-0.14394116943604293,0.08688879559875105,-0.2584524305989584,44,0.22727272727272727,1.3531030010183849,480.04244665273256,0.7530405405405406,0.7587837837837837,0.7554054054054054,0.7486486486486487,0.7542905405405406,False
USA30IDXUSD1440_comma,daily,75,100,long_only,slow_slope,0.0,0.02187492914032574,-0.133441806389539,-0.16736678312799,0.09337234689052494,-0.2342763127285764,70,0.32857142857142857,1.425395488842364,409.21712540083115,0.7375,0.7733108108108108,0.7493243243243243,0.7739864864864865,0.7542905405405406,False
USA30IDXUSD1440_comma,daily,50,400,long_only,slow_slope,0.001,0.02322802037265248,-0.08750506139489173,-0.10570511866942876,0.07648625460201972,-0.3036888195599934,26,0.2692307692307692,1.2870737573570026,397.86886849465725,0.7753378378378378,0.7341216216216216,0.7621621621621621,0.720945945945946,0.7542398648648649,False
USA30IDXUSD1440_comma,daily,50,250,long_only,slow_slope,0.001,0.022295731203515468,-0.11003053838136366,-0.13347989114111056,0.09355550660523894,-0.23831554135656774,39,0.2564102564102564,1.2664732769858162,332.6372479787168,0.7587837837837837,0.7739864864864865,0.7527027027027027,0.7101351351351352,0.7540709459459459,False
USA30IDXUSD1440_comma,daily,60,400,long_only,combined,0.005,0.021842310584497593,-0.16973760779611133,-0.2120989820735667,0.114353206246215,-0.191007417295049,89,0.33707865168539325,1.426846043031252,374.1856574261158,0.7067567567567568,0.8202702702702702,0.7489864864864865,0.775,0.7538175675675676,False
USA30IDXUSD1440_comma,daily,50,500,long_only,none,0.005,0.029904617243678544,-0.005453531296454842,-0.006628663547483007,0.0771669508983165,-0.38753140943827225,6,0.5,0.8792380048678423,-945.076367630455,0.8402027027027027,0.7364864864864865,0.8141891891891891,0.47094594594594597,0.7536824324324325,True
USA30IDXUSD1440_comma,daily,60,100,long_only,price_slow,0.0025,0.020901829905215275,-0.16188139815267183,-0.20245336259548427,0.10088341631439796,-0.2071879667523927,65,0.36923076923076925,1.554734754185827,487.3776260562122,0.7141891891891892,0.7922297297297297,0.7391891891891892,0.8138513513513513,0.7536486486486487,False
USA30IDXUSD1440_comma,daily,30,50,long_only,slow_slope,0.0025,0.021671265475364576,-0.1383601944661041,-0.17343223999496213,0.09837634981968195,-0.22028938372979612,72,0.3333333333333333,1.3760509091489408,458.4164347753245,0.7337837837837838,0.7878378378378378,0.7472972972972973,0.7577702702702702,0.753597972972973,False
USA30IDXUSD1440_comma,daily,30,400,long_only,slow_slope,0.001,0.022912702541693974,-0.09086017715980294,-0.10946619995338483,0.08791512307640861,-0.26062299340444683,25,0.28,1.201445921271222,305.83718059103114,0.7743243243243243,0.7614864864864865,0.7587837837837837,0.6777027027027027,0.7535135135135135,False
USA30IDXUSD1440_comma,daily,20,400,long_only,slow_slope,0.0,0.02233928593781953,-0.09539300901160211,-0.11487436287445864,0.08891420593399091,-0.25124540789808114,26,0.2692307692307692,1.2159519370422285,306.9122092087036,0.7699324324324325,0.7652027027027027,0.7533783783783784,0.6875,0.7530743243243244,False
USA30IDXUSD1440_comma,daily,75,150,long_only,slow_slope,0.005,0.021382371150419965,-0.13262373844708317,-0.16380694908218452,0.08468051317571552,-0.2525063954920853,41,0.34146341463414637,1.509404990980572,730.8103190455479,0.7385135135135135,0.7550675675675675,0.7439189189189189,0.8006756756756757,0.7530574324324324,False
USA30IDXUSD1440_comma,daily,75,250,long_only,slow_slope,0.0,0.021807217911911536,-0.11401459828262087,-0.13811443194666057,0.09257298602689414,-0.2355678351519972,36,0.2777777777777778,1.2754699081557788,373.32764688677725,0.7570945945945946,0.7716216216216216,0.7486486486486487,0.7152027027027027,0.7527533783783784,False
USA30IDXUSD1440_comma,daily,40,500,long_only,fast_slope,0.001,0.02262029005047861,-0.160262090046465,-0.20332243571543102,0.10212513746119224,-0.22149581007001695,84,0.38095238095238093,1.4167584449287953,412.60755525943335,0.7158783783783784,0.7949324324324324,0.7567567567567568,0.7709459459459459,0.7520777027027027,False
USA30IDXUSD1440_comma,daily,10,250,long_only,slow_slope,0.005,0.022416926817197202,-0.11918271830960453,-0.1451426720862257,0.08300087845988237,-0.27008059713527244,41,0.24390243902439024,1.355736272909722,513.6421304107944,0.7520270270270271,0.7513513513513513,0.7543918918918919,0.7496621621621622,0.7519763513513513,False
USA30IDXUSD1440_comma,daily,10,250,long_only,slow_slope,0.001,0.022067682615009243,-0.12130476263313755,-0.1477284358690037,0.08522327532222164,-0.25893962103161716,46,0.2608695652173913,1.330579412641052,446.83853047299135,0.7506756756756757,0.7560810810810811,0.7503378378378378,0.7402027027027027,0.7503885135135135,False
USA30IDXUSD1440_comma,daily,20,300,long_short,none,0.0025,0.020274954750050922,-0.03984767219284356,-0.04746753752594512,0.050729583354867415,-0.39966728305694976,16,0.3125,1.3494290463218248,1379.7213310120394,0.808445945945946,0.672972972972973,0.7337837837837838,0.7466216216216216,0.7503716216216216,True
USA30IDXUSD1440_comma,daily,30,150,long_only,slow_slope,0.005,0.021066437472655464,-0.13430582958844406,-0.16620011579414484,0.08539580040875232,-0.24669172689780583,42,0.38095238095238093,1.4476503064474748,597.7127393991356,0.7361486486486486,0.7574324324324324,0.7405405405405405,0.7837837837837838,0.7494932432432433,False
USA30IDXUSD1440_comma,daily,30,400,long_only,combined,0.005,0.022187282033522937,-0.18712654396090325,-0.23362228574363178,0.11436603786793112,-0.19400236684901695,103,0.42718446601941745,1.503412887276363,329.150098660224,0.6837837837837838,0.8206081081081081,0.7520270270270271,0.7993243243243243,0.7489695945945947,False
USA30IDXUSD1440_comma,daily,50,150,long_only,price_slow,0.0025,0.022329459257508733,-0.12716350174191904,-0.15565673139053318,0.07501320082537904,-0.29767372958112803,55,0.2909090909090909,1.45221271422047,538.5474697117908,0.7439189189189189,0.7307432432432432,0.7530405405405406,0.7858108108108108,0.7487331081081081,False
USA30IDXUSD1440_comma,daily,75,250,long_only,slow_slope,0.001,0.021369706496774832,-0.11816202937240786,-0.14318040119762565,0.08935504807378701,-0.23915499971672893,35,0.2857142857142857,1.2738469944630582,384.215732366594,0.7533783783783784,0.7658783783783784,0.7435810810810811,0.714527027027027,0.7487162162162162,False
USA30IDXUSD1440_comma,daily,30,500,long_only,fast_slope,0.005,0.021261885490846177,-0.19087676697791664,-0.2384731018274471,0.12309408030108479,-0.17272874080410838,102,0.4117647058823529,1.4399682344516247,316.65410423181555,0.6810810810810811,0.839527027027027,0.7415540540540541,0.7807432432432433,0.7477364864864865,False
USA30IDXUSD1440_comma,daily,50,400,long_only,slow_slope,0.0,0.022432388169985717,-0.09426943640174718,-0.11389769601443316,0.07386636163454224,-0.3036888195599934,26,0.2692307692307692,1.257141452403323,351.8311356751152,0.7706081081081081,0.7280405405405406,0.7550675675675675,0.7074324324324325,0.7473817567567568,False
USA30IDXUSD1440_comma,daily,5,250,long_only,slow_slope,0.0025,0.02150687860129752,-0.12647375922348408,-0.15402456652779217,0.08527539724990787,-0.2522049652641255,46,0.2391304347826087,1.328270260462634,450.9240741511327,0.7442567567567567,0.7567567567567568,0.7456081081081081,0.739527027027027,0.7469425675675676,False
USA30IDXUSD1440_comma,daily,60,400,long_only,combined,0.001,0.02151812976719314,-0.17169910362556812,-0.21446440565538974,0.10390723853926577,-0.207089805000078,91,0.32967032967032966,1.4169117802313518,359.7913218064847,0.7047297297297297,0.7993243243243243,0.745945945945946,0.7712837837837838,0.7466047297297298,False
USA30IDXUSD1440_comma,daily,20,100,long_only,none,0.005,0.021452012728528924,-0.11760602122208244,-0.1457965496960214,0.07404496019872107,-0.2897160410506838,30,0.36666666666666664,1.372894519282675,759.9800409261721,0.7543918918918919,0.7287162162162162,0.7449324324324325,0.7564189189189189,0.7463851351351352,False
USA30IDXUSD1440_comma,daily,100,300,long_only,fast_slope,0.001,0.022169949492023333,-0.13691018541004216,-0.1717033821449562,0.07851596105412402,-0.2823623272819745,62,0.3225806451612903,1.439911688915979,427.05729400131673,0.7347972972972973,0.7402027027027027,0.7516891891891891,0.7804054054054054,0.7463682432432431,False
USA30IDXUSD1440_comma,daily,30,400,long_only,fast_slope,0.0,0.021757917359065626,-0.18193830092766472,-0.22617419025693994,0.11178525132267136,-0.19464032241839102,109,0.43119266055045874,1.4190843043942902,304.1847246596388,0.6918918918918919,0.8148648648648649,0.7479729729729729,0.7726351351351352,0.7459628378378378,False
USA30IDXUSD1440_comma,daily,100,150,long_only,price_slow,0.001,0.023146113847114957,-0.1259369329501158,-0.15447076959491107,0.06342086985251487,-0.36496052326215656,62,0.3225806451612903,1.5022535775893453,586.1375014179158,0.7445945945945946,0.7033783783783784,0.7614864864864865,0.7989864864864865,0.7458277027027028,False
USA30IDXUSD1440_comma,daily,40,150,long_only,price_slow,0.001,0.022610086468167534,-0.12192415662648066,-0.1494413720335976,0.06965975076142657,-0.324578917108151,59,0.288135593220339,1.3882311238235996,465.63978348922217,0.7496621621621622,0.7168918918918918,0.7564189189189189,0.7611486486486486,0.7445439189189189,False
USA30IDXUSD1440_comma,daily,60,400,long_only,combined,0.0,0.02135914923987836,-0.17353674838853295,-0.21678775906297967,0.1026941244060705,-0.20798803596027127,91,0.32967032967032966,1.4129498954827129,356.77407093365133,0.7027027027027027,0.7966216216216216,0.7429054054054054,0.7695945945945946,0.7442567567567567,False
USA30IDXUSD1440_comma,daily,5,50,long_only,price_slow,0.001,0.019803079235362953,-0.1632220910741474,-0.20398319606575613,0.10577337671196554,-0.18722177405084905,93,0.3655913978494624,1.350467614107229,320.50104538052113,0.7128378378378378,0.8030405405405405,0.7277027027027027,0.7476351351351351,0.743581081081081,False
USA30IDXUSD1440_comma,daily,5,300,long_only,slow_slope,0.005,0.0231940289723771,-0.10504737012164876,-0.1286406773078865,0.06582608452034502,-0.35235316123365146,43,0.23255813953488372,1.2875049510585177,447.52531663501554,0.7638513513513514,0.7091216216216216,0.7618243243243243,0.7212837837837838,0.7433783783783784,False
USA30IDXUSD1440_comma,daily,5,50,long_only,slow_slope,0.0025,0.02077614599126454,-0.162161886275714,-0.20626713522774887,0.0980826478879928,-0.21182284979694088,92,0.391304347826087,1.3727875114901364,342.0004779608342,0.7138513513513514,0.7871621621621622,0.7375,0.7554054054054054,0.743141891891892,False
USA30IDXUSD1440_comma,daily,60,400,long_only,combined,0.0025,0.021292045500475032,-0.17456492227720521,-0.2180276083228628,0.10227542053905009,-0.20818340700291182,91,0.32967032967032966,1.407336139811308,355.5022593296856,0.7006756756756757,0.7956081081081081,0.7418918918918919,0.7675675675675676,0.7426858108108109,False
USA30IDXUSD1440_comma,daily,5,150,long_only,none,0.0,0.022037533283273847,-0.1059789957886439,-0.1300650379703119,0.0642855793661387,-0.34280679276076853,42,0.3333333333333333,1.3273811217593094,555.1448858211955,0.7625,0.706081081081081,0.75,0.7388513513513514,0.742347972972973,False
USA30IDXUSD1440_comma,daily,30,50,long_only,fast_slope,0.0025,0.020693621029793885,-0.17332744239713582,-0.2188565364763547,0.1017326283515413,-0.20341183910324445,95,0.42105263157894735,1.3944386438148515,329.712857240986,0.7030405405405405,0.7932432432432432,0.7364864864864865,0.7641891891891892,0.7414527027027027,False
USA30IDXUSD1440_comma,daily,30,400,long_only,fast_slope,0.0025,0.021336610377154397,-0.18922664019156485,-0.23537636650898075,0.10931529856005585,-0.19518412023027543,108,0.4351851851851852,1.4403357627770672,300.25515643712,0.6827702702702703,0.8101351351351351,0.7425675675675676,0.7810810810810811,0.7413175675675675,False
USA30IDXUSD1440_comma,daily,100,250,long_only,slow_slope,0.0025,0.021019569221724765,-0.12273372708066707,-0.14877296800217488,0.08426409895934202,-0.2494486914512294,33,0.2727272727272727,1.2473108236204533,382.51447941388903,0.7479729729729729,0.7533783783783784,0.7402027027027027,0.7040540540540541,0.7411824324324325,False
USA30IDXUSD1440_comma,daily,75,200,long_only,combined,0.0025,0.021450617177800613,-0.1651501941624192,-0.20530584092775978,0.09127313630389844,-0.2350156688642726,79,0.31645569620253167,1.4136248157857805,359.20841426956247,0.7101351351351352,0.7699324324324325,0.7445945945945946,0.7699324324324325,0.7409459459459461,False
USA30IDXUSD1440_comma,daily,20,400,long_only,slow_slope,0.001,0.021211755056694592,-0.10554425659280918,-0.12698991585165964,0.08536120039961553,-0.2484941045509258,25,0.28,1.1608254378055969,256.24433320093607,0.7631756756756757,0.7570945945945946,0.7408783783783783,0.6530405405405405,0.7406756756756757,False
USA30IDXUSD1440_comma,daily,5,300,long_only,slow_slope,0.001,0.022768138023363527,-0.10828803149676461,-0.13256949137170485,0.06637605257638127,-0.34301735550126944,43,0.2558139534883721,1.2713564009748763,431.6200945918352,0.7608108108108108,0.7097972972972973,0.7581081081081081,0.7121621621621622,0.7402195945945946,False
USA30IDXUSD1440_comma,daily,60,100,long_only,slow_slope,0.0025,0.019514325368666707,-0.16159770228897583,-0.20103678797985802,0.09694826772915016,-0.2012859623565939,54,0.3333333333333333,1.3695976250341395,466.24934593343846,0.7152027027027027,0.7841216216216216,0.7233108108108108,0.7537162162162162,0.7398310810810811,False
USA30IDXUSD1440_comma,daily,100,250,long_only,slow_slope,0.001,0.02077765730906478,-0.12494893920927674,-0.15145668471582704,0.08391344977898056,-0.24760818872053292,33,0.2727272727272727,1.245537742945654,378.2801776459259,0.7456081081081081,0.7527027027027027,0.7378378378378379,0.7023648648648648,0.7393412162162162,False
USA30IDXUSD1440_comma,daily,30,75,long_only,none,0.0025,0.02099572738409572,-0.12188334047050893,-0.1502846421743251,0.07426084210472925,-0.28272945456887866,33,0.42424242424242425,1.2939569547694565,688.6963872457982,0.75,0.7293918918918919,0.7398648648648649,0.725,0.739070945945946,False
USA30IDXUSD1440_comma,daily,75,100,long_only,slow_slope,0.005,0.02001411277960119,-0.18239482243426527,-0.2324370481201985,0.09887870393805193,-0.20241075158246558,43,0.4418604651162791,1.471184977969591,669.647878595098,0.691554054054054,0.7898648648648648,0.7307432432432432,0.7915540540540541,0.7389695945945945,False
USA30IDXUSD1440_comma,daily,60,250,long_only,slow_slope,0.0,0.0204610960567575,-0.12539497914364306,-0.1515362412458925,0.09000121271665194,-0.2273424483864961,37,0.2702702702702703,1.1984308768741136,269.90945672179566,0.7452702702702703,0.7679054054054054,0.7351351351351352,0.6760135135135135,0.7385135135135136,False
USA30IDXUSD1440_comma,daily,50,400,long_only,combined,0.005,0.02168253809133347,-0.1728108016095367,-0.21585826311108308,0.08869845352668221,-0.2444522675337394,87,0.3448275862068966,1.4282486199745557,379.6035379029476,0.7037162162162162,0.764527027027027,0.7476351351351351,0.7756756756756756,0.7384966216216217,False
USA30IDXUSD1440_comma,daily,5,250,long_only,slow_slope,0.005,0.020901804420739634,-0.1328580536061226,-0.1617822041963523,0.08019411626960696,-0.26064012415161786,46,0.21739130434782608,1.307860190969374,446.1255547519733,0.7378378378378379,0.7442567567567567,0.7388513513513514,0.7300675675675675,0.7384797297297296,False
USA30IDXUSD1440_comma,daily,50,400,long_only,slow_slope,0.0025,0.021594564472595668,-0.10166900871103626,-0.12286699730889271,0.0698315883064626,-0.30923776755335786,26,0.2692307692307692,1.2188253544408916,316.2620675053027,0.7655405405405405,0.7175675675675676,0.7462837837837838,0.6905405405405406,0.738445945945946,False
USA30IDXUSD1440_comma,daily,5,50,long_only,price_slow,0.0025,0.01926162753585725,-0.1700414242743264,-0.21257115410494953,0.10312459315938782,-0.1867801553998547,88,0.375,1.3370365273459692,328.32636506922887,0.706418918918919,0.7983108108108108,0.7212837837837838,0.7439189189189189,0.7379898648648648,False
USA30IDXUSD1440_comma,daily,100,250,long_only,fast_slope,0.0,0.02136281808524565,-0.14302009977251776,-0.17837055426514334,0.0704453373020218,-0.3032538263484549,63,0.3333333333333333,1.4410656507598225,399.2915678505149,0.7307432432432432,0.7189189189189189,0.7432432432432432,0.7814189189189189,0.7378885135135136,False
USA30IDXUSD1440_comma,daily,100,150,long_only,fast_slope,0.0025,0.02016173752394157,-0.15646911465460211,-0.19532898520469472,0.0792870502167308,-0.2542879003422318,67,0.3582089552238806,1.445991205835086,462.28422898726257,0.7202702702702702,0.7425675675675676,0.7327702702702703,0.7824324324324324,0.737668918918919,False
USA30IDXUSD1440_comma,daily,5,300,long_only,slow_slope,0.0,0.02242503848784083,-0.11126703991065763,-0.13627041400307457,0.0653758129966046,-0.34301735550126944,44,0.25,1.260263058301295,409.8101177213787,0.7577702702702702,0.7084459459459459,0.7547297297297297,0.7077702702702703,0.737331081081081,False
USA30IDXUSD1440_comma,daily,10,100,long_only,price_slow,0.0,0.019519295860919605,-0.1513336261657355,-0.1878568295590957,0.07752455344979693,-0.2517821127929468,68,0.3382352941176471,1.4626096907714834,431.2775760836561,0.7246621621621622,0.7371621621621621,0.7236486486486486,0.7881756756756757,0.7371114864864865,False
USA30IDXUSD1440_comma,daily,30,300,long_only,slow_slope,0.0025,0.022286032191561,-0.10524921174436337,-0.12780212831424648,0.07237549856645635,-0.30792233052595286,30,0.26666666666666666,1.187438988840594,306.7124179225552,0.7635135135135135,0.7236486486486486,0.7523648648648649,0.6672297297297297,0.736875,False
USA30IDXUSD1440_comma,daily,60,100,long_only,price_slow,0.0,0.019880707924651908,-0.16502532348282117,-0.2050465780767042,0.0827948724604789,-0.24012003803909132,74,0.3783783783783784,1.4688406642051335,404.56906926335404,0.7108108108108108,0.7503378378378378,0.7287162162162162,0.7905405405405406,0.7362331081081082,False
USA30IDXUSD1440_comma,daily,50,250,long_only,slow_slope,0.0,0.020078128886908075,-0.12905060945457822,-0.15601310897792847,0.08749441302535231,-0.22947898263047095,40,0.225,1.206118276732949,243.89465309797,0.7429054054054054,0.7601351351351351,0.731418918918919,0.6807432432432432,0.7355912162162163,False
USA30IDXUSD1440_comma,daily,30,75,long_only,none,0.005,0.019649355662071377,-0.14437540227447088,-0.17935099946224342,0.08444352383564162,-0.2326922749021737,33,0.3333333333333333,1.313747433004889,654.5741666079059,0.7297297297297297,0.7537162162162162,0.725,0.7334459459459459,0.7353378378378379,False
USA30IDXUSD1440_comma,daily,50,400,long_only,slow_slope,0.005,0.021786555188784362,-0.10098693918714342,-0.12208061858423103,0.0701345061346331,-0.31063960366330934,25,0.24,1.1685846242122329,254.18988674697343,0.7665540540540541,0.7185810810810811,0.7483108108108109,0.6570945945945946,0.7344932432432433,False
USA30IDXUSD1440_comma,daily,40,300,long_only,slow_slope,0.005,0.021219709111768292,-0.11770506326138806,-0.14306690577659573,0.07084192871992503,-0.29953601624344295,29,0.20689655172413793,1.2217695540871698,365.1445355446601,0.754054054054054,0.7202702702702702,0.7412162162162163,0.6918918918918919,0.7337162162162163,False
USA30IDXUSD1440_comma,daily,75,250,long_only,slow_slope,0.005,0.01998454160324492,-0.13169691129951547,-0.1592863319740932,0.08525414079775745,-0.23441138947905038,35,0.2857142857142857,1.2080922974063555,290.23607879499116,0.7398648648648649,0.7564189189189189,0.7300675675675675,0.6831081081081081,0.7335304054054055,False
USA30IDXUSD1440_comma,daily,10,100,long_only,price_slow,0.005,0.019167579122727485,-0.15880823316628573,-0.197579010743585,0.07643201560057426,-0.2507794537683692,64,0.359375,1.4603400792642993,448.9779763757655,0.7175675675675676,0.7337837837837838,0.720945945945946,0.7871621621621622,0.7327364864864865,False
USA30IDXUSD1440_comma,daily,100,500,long_short,none,0.0025,0.026297456597234037,-0.006824799940659706,-0.008672528666358148,0.06057238938785802,-0.434149236359916,8,0.25,0.8469448696141483,-985.1006440598964,0.839527027027027,0.6945945945945946,0.7864864864864864,0.43817567567567567,0.732483108108108,True
USA30IDXUSD1440_comma,daily,40,500,long_only,combined,0.005,0.020655330389482307,-0.18800900935328477,-0.23850941937262685,0.09880614395746022,-0.2090490485933264,82,0.35365853658536583,1.3879369500001426,381.18533080016266,0.6831081081081081,0.7891891891891892,0.735472972972973,0.7608108108108108,0.7317567567567568,False
USA30IDXUSD1440_comma,daily,30,400,long_only,fast_slope,0.005,0.02015961760093954,-0.20502584150345518,-0.25458827506108667,0.10391428686346316,-0.19400236684901673,108,0.4166666666666667,1.4234807925668789,281.58926579417374,0.6702702702702703,0.7996621621621621,0.7324324324324324,0.7736486486486487,0.7305574324324324,False
USA30IDXUSD1440_comma,daily,20,250,long_short,none,0.0025,0.01482894861761408,-0.07406954540841298,-0.08914794542098128,0.04061684525305697,-0.36509355970963797,23,0.30434782608695654,1.4671055743885053,1367.6196725991397,0.7861486486486486,0.6422297297297297,0.6814189189189189,0.7902027027027027,0.7298310810810811,False
USA30IDXUSD1440_comma,daily,100,300,long_only,combined,0.0025,0.020693337946984025,-0.16173220711861128,-0.20365258229103345,0.07275573515268045,-0.2844220858130061,64,0.28125,1.4099079536905161,376.0685451433611,0.714527027027027,0.7246621621621622,0.7361486486486486,0.768581081081081,0.7294932432432432,False
USA30IDXUSD1440_comma,daily,50,400,long_only,fast_slope,0.0,0.02140790019401484,-0.1670897286318954,-0.2090606901846465,0.07671050640823389,-0.2790738999960112,93,0.3548387096774194,1.3689514384632566,350.0062437724063,0.7087837837837838,0.735472972972973,0.7442567567567567,0.7527027027027027,0.7291385135135136,False
USA30IDXUSD1440_comma,daily,10,300,long_only,slow_slope,0.001,0.02071596618667826,-0.12296629458893318,-0.14873349081533774,0.06368219738695684,-0.3253023142527621,39,0.2564102564102564,1.2629742583378492,417.3271349202751,0.7472972972972973,0.7050675675675676,0.7371621621621621,0.7084459459459459,0.7288851351351351,False
USA30IDXUSD1440_comma,daily,5,300,long_only,slow_slope,0.0025,0.021505297433953574,-0.12056001407536614,-0.14763349823228006,0.06111838695687566,-0.3518629745436088,43,0.23255813953488372,1.2425914283651573,387.2512659375529,0.7513513513513513,0.6959459459459459,0.7452702702702703,0.7013513513513514,0.7287837837837838,False
USA30IDXUSD1440_comma,daily,40,75,long_only,none,0.001,0.01928693144091831,-0.1290134776286186,-0.15984723087645789,0.06664711685317569,-0.2893888340797641,32,0.4375,1.3007264592524785,681.6654179907938,0.7432432432432432,0.7108108108108108,0.7219594594594595,0.727027027027027,0.728445945945946,False
USA30IDXUSD1440_comma,daily,60,250,long_only,slow_slope,0.001,0.019535243330252472,-0.13427896901334546,-0.16229843327556787,0.08455361620619493,-0.2310397142874795,37,0.24324324324324326,1.1882631549774367,248.75113663679056,0.7364864864864865,0.7543918918918919,0.7239864864864864,0.6679054054054054,0.7281756756756758,False
USA30IDXUSD1440_comma,daily,60,100,long_only,slow_slope,0.005,0.019162788471690062,-0.1717342736818478,-0.2149129821868551,0.08875408168767344,-0.215908813513773,53,0.37735849056603776,1.3264394103073094,455.31260150805434,0.7043918918918919,0.7648648648648648,0.7206081081081082,0.7378378378378379,0.7277702702702703,False
USA30IDXUSD1440_comma,daily,100,250,long_only,slow_slope,0.0,0.020162453441046946,-0.1294053622068013,-0.15644987319674378,0.07295247711486853,-0.2763779139301853,34,0.29411764705882354,1.2114903384690725,335.84177971772215,0.7425675675675676,0.7253378378378378,0.7331081081081081,0.6847972972972973,0.7277027027027027,False
USA30IDXUSD1440_comma,daily,10,75,long_only,price_slow,0.0025,0.018725680799948297,-0.16334543218832318,-0.20260598028164592,0.08106848471912682,-0.23098594805152772,77,0.3246753246753247,1.3680109566489658,363.5584101719495,0.7125,0.7462837837837838,0.7162162162162162,0.7523648648648649,0.7276689189189189,False
USA30IDXUSD1440_comma,daily,100,250,long_only,slow_slope,0.005,0.01948417115566281,-0.13853127598400922,-0.1680573445692302,0.07731458033581556,-0.25201160080069496,32,0.28125,1.2430924363075448,380.807974522504,0.7334459459459459,0.7368243243243243,0.722972972972973,0.7016891891891892,0.7274324324324325,False
USA30IDXUSD1440_comma,daily,40,75,long_only,none,0.0,0.019548636623064164,-0.12241701501160979,-0.15126911927177375,0.061581187677521874,-0.3174449431770172,32,0.40625,1.2935173469432957,675.0875893146962,0.7483108108108109,0.6983108108108108,0.7243243243243244,0.7243243243243244,0.7274155405405407,False
USA30IDXUSD1440_comma,daily,50,150,long_only,price_slow,0.0,0.02008938433778651,-0.14860385626331996,-0.18156663873353726,0.06322773969709357,-0.31773054728872385,56,0.2857142857142857,1.3895991449524348,460.5408956040831,0.7266891891891892,0.7023648648648648,0.7317567567567568,0.7625,0.7269932432432432,False
USA30IDXUSD1440_comma,daily,30,300,long_only,combined,0.0,0.019823761465020517,-0.2170708671218417,-0.2719897763143014,0.1066056975039243,-0.1859540524491271,108,0.4166666666666667,1.419535621492453,276.3113313685853,0.6601351351351351,0.8047297297297298,0.7283783783783784,0.7733108108108108,0.7269087837837839,False
USA30IDXUSD1440_comma,daily,60,500,long_only,combined,0.0025,0.019727995387399222,-0.19074231911736692,-0.23565371579447814,0.09405232935307511,-0.20975552145380438,80,0.3,1.3964303097343564,370.99389700017844,0.6814189189189189,0.7756756756756756,0.7263513513513513,0.7652027027027027,0.7265371621621621,False
USA30IDXUSD1440_comma,daily,20,300,long_short,none,0.001,0.016667152106608185,-0.06129441271141708,-0.07308873392249672,0.04123975626789366,-0.404152536652697,16,0.3125,1.2807295784234933,1102.107809638165,0.7942567567567568,0.6449324324324325,0.6976351351351351,0.7185810810810811,0.7262500000000001,True
USA30IDXUSD1440_comma,daily,60,500,long_only,combined,0.005,0.01977427251773589,-0.19142622133021747,-0.2366920932436656,0.09439567980009975,-0.20948281276867287,80,0.3,1.3933586239017337,371.9728239819291,0.6800675675675676,0.777027027027027,0.727027027027027,0.7635135135135135,0.7262162162162161,False
USA30IDXUSD1440_comma,daily,20,300,long_short,none,0.005,0.016863637608591775,-0.0648526356610398,-0.0775011179333042,0.0462417873488445,-0.36468394877070354,18,0.2777777777777778,1.2245400574102498,866.419539277737,0.7932432432432432,0.6608108108108108,0.6986486486486486,0.6925675675675675,0.7261148648648649,True
USA30IDXUSD1440_comma,daily,10,300,long_only,slow_slope,0.0,0.020387234409958932,-0.12564697528398205,-0.15213431149921422,0.06279936940553948,-0.32464075042385043,38,0.23684210526315788,1.2456769645734127,403.7454775575044,0.7449324324324325,0.7013513513513514,0.7344594594594595,0.7027027027027027,0.7256081081081082,False
USA30IDXUSD1440_comma,daily,10,75,long_only,slow_slope,0.0025,0.019017260809318426,-0.17097989725864532,-0.21018748609655014,0.08319932404077533,-0.22857470332328922,72,0.2777777777777778,1.3363358565757246,295.95727938481843,0.7054054054054054,0.7520270270270271,0.7189189189189189,0.7432432432432432,0.7254391891891893,False
USA30IDXUSD1440_comma,daily,60,75,long_only,slow_slope,0.001,0.018757365938115944,-0.16874346102442583,-0.2076991087466663,0.08312172852411095,-0.22566140371677945,59,0.4406779661016949,1.3341163842651425,402.0805401906374,0.7070945945945946,0.7516891891891891,0.716554054054054,0.7418918918918919,0.7253547297297297,False
USA30IDXUSD1440_comma,daily,10,150,long_only,slow_slope,0.005,0.020699993479025736,-0.1411859813044404,-0.17592260322743075,0.06056739874847249,-0.34176791321334055,49,0.32653061224489793,1.33906885618331,453.6473307648865,0.7317567567567568,0.6942567567567568,0.7368243243243243,0.7442567567567567,0.7252702702702702,False
USA30IDXUSD1440_comma,daily,10,250,long_only,slow_slope,0.0,0.019704236481905113,-0.1432500835937799,-0.17429866201938268,0.0727579330306748,-0.2708190799427712,46,0.2391304347826087,1.2662125357425495,367.3527574518092,0.7304054054054054,0.725,0.7260135135135135,0.7097972972972973,0.7250844594594595,False
USA30IDXUSD1440_comma,daily,5,50,long_only,price_slow,0.005,0.01822247596494675,-0.186182760767513,-0.23372861648104984,0.10258394504818352,-0.17763477468513889,87,0.367816091954023,1.3085882976005097,312.1317023687434,0.6847972972972973,0.7962837837837838,0.7118243243243243,0.7307432432432432,0.7249662162162163,False
USA30IDXUSD1440_comma,daily,20,250,long_short,none,0.005,0.01416539586457577,-0.08129741570234886,-0.09747602281068096,0.037823139364754566,-0.3745166610304107,21,0.3333333333333333,1.4807146651532224,1451.5116975371102,0.7797297297297298,0.6344594594594595,0.6756756756756757,0.7952702702702703,0.7249324324324325,False
USA30IDXUSD1440_comma,daily,30,400,long_only,slow_slope,0.0025,0.02001952548603847,-0.11690359231764004,-0.14054963177811527,0.075420020628667,-0.26544046685700706,25,0.24,1.0933853200712533,156.37967838650428,0.7547297297297297,0.7327702702702703,0.731081081081081,0.6229729729729729,0.7247466216216216,False
USA30IDXUSD1440_comma,daily,60,100,long_only,price_slow,0.001,0.018664908670051217,-0.18043074678099888,-0.22416136555234928,0.08081632632132665,-0.23095467858609808,71,0.39436619718309857,1.4529071887082476,392.85149593391924,0.6932432432432433,0.7452702702702703,0.7155405405405405,0.7861486486486486,0.7246452702702703,False
USA30IDXUSD1440_comma,daily,40,500,long_only,none,0.0,0.026626197321365952,-0.02801682196411312,-0.03403971976003865,0.06820207970279452,-0.3904015454865223,6,0.3333333333333333,0.8127210003273365,-1544.1641604379026,0.8182432432432433,0.7148648648648649,0.7885135135135135,0.40540540540540543,0.7245270270270271,True
USA30IDXUSD1440_comma,daily,100,400,long_short,none,0.001,0.024137687041697165,-0.017157251584367293,-0.02201195198116234,0.05778371043668678,-0.4177247680926386,8,0.25,0.8522707024741129,-1002.3071075572748,0.8277027027027027,0.6885135135135135,0.7722972972972973,0.4449324324324324,0.7244087837837838,True
USA30IDXUSD1440_comma,daily,10,500,long_only,price_slow,0.0,0.021316096831127673,-0.10334742591781422,-0.12463878596455025,0.07223144250245038,-0.29510828100109654,31,0.16129032258064516,1.0443415035332093,85.84537641168441,0.764527027027027,0.722972972972973,0.7422297297297298,0.5949324324324324,0.7242398648648649,False
USA30IDXUSD1440_comma,daily,50,500,long_only,fast_slope,0.005,0.02084880365454822,-0.1750999137831307,-0.2173602583922136,0.07649782420379157,-0.27254113266027846,87,0.3448275862068966,1.3699090235727314,363.0871879443177,0.6993243243243243,0.7344594594594595,0.7385135135135135,0.754054054054054,0.7241554054054055,False
USA30IDXUSD1440_comma,daily,30,300,long_only,combined,0.001,0.01960645435630548,-0.2200962688184368,-0.275707326834384,0.10543709103446063,-0.1859540524491271,108,0.4166666666666667,1.4174372083710578,272.90775594913725,0.6570945945945946,0.802027027027027,0.7246621621621622,0.7716216216216216,0.7240202702702704,False
USA30IDXUSD1440_comma,daily,60,150,long_only,price_slow,0.005,0.019683947970368987,-0.15881499258942403,-0.194280028842634,0.06267725744766896,-0.314052477277004,52,0.28846153846153844,1.4300578299921916,519.3064217178,0.7172297297297298,0.7010135135135135,0.7253378378378378,0.7766891891891892,0.7237162162162163,False
USA30IDXUSD1440_comma,daily,10,50,long_only,none,0.005,0.018474039349241966,-0.16772181519959298,-0.2104854427355882,0.07914348212650735,-0.23342464664003582,56,0.42857142857142855,1.3501488963769757,492.3933147937126,0.7077702702702703,0.7422297297297298,0.714527027027027,0.7469594594594594,0.7236148648648648,False
USA30IDXUSD1440_comma,daily,50,400,long_only,fast_slope,0.001,0.02084056119057487,-0.17370408509359936,-0.21734205897393427,0.07467757175025228,-0.2790738999960114,93,0.3548387096774194,1.358680429485776,339.5102321069622,0.7016891891891892,0.7304054054054054,0.7381756756756757,0.7506756756756757,0.7235135135135136,False
USA30IDXUSD1440_comma,daily,20,250,long_short,fast_slope,0.001,0.016254646337114043,-0.12414409318380411,-0.15316580627655824,0.06673375391196572,-0.2435745838388914,185,0.4,1.2790094580698863,198.02141644723164,0.7466216216216216,0.7114864864864865,0.6959459459459459,0.7179054054054054,0.7233952702702702,False
USA30IDXUSD1440_comma,daily,60,250,long_only,slow_slope,0.0025,0.01914107367907336,-0.13893213567227194,-0.16811572782461193,0.08216165623852652,-0.2329684497048624,36,0.25,1.1703237435517164,222.96952986802964,0.7331081081081081,0.7486486486486487,0.7195945945945946,0.6577702702702702,0.7229898648648649,False
USA30IDXUSD1440_comma,daily,10,500,long_only,price_slow,0.005,0.020672561442778292,-0.1109751592685461,-0.13388857252965053,0.07395867526859876,-0.2795150314375008,29,0.13793103448275862,1.052923048886652,101.75272559889555,0.7584459459459459,0.7283783783783784,0.7358108108108108,0.6010135135135135,0.7227871621621622,False
USA30IDXUSD1440_comma,daily,40,400,long_only,combined,0.0,0.019912342950852535,-0.19846526027531536,-0.25210020386158916,0.09370772847955117,-0.21249413761211589,88,0.32954545454545453,1.3809667108482204,340.8152345039042,0.6733108108108108,0.7743243243243243,0.7293918918918919,0.7587837837837837,0.7226013513513514,False
USA30IDXUSD1440_comma,daily,60,150,long_only,price_slow,0.001,0.01999810783235545,-0.15219012974440624,-0.18577883077210444,0.05920751210997733,-0.33776301553102206,55,0.2909090909090909,1.3894892062137816,472.1817548101749,0.7226351351351351,0.6922297297297297,0.7304054054054054,0.7618243243243243,0.7224662162162162,False
USA30IDXUSD1440_comma,daily,40,500,long_only,none,0.005,0.026005446927086506,-0.033846597886766146,-0.041215688972776,0.06525022525943919,-0.3985495348665409,7,0.42857142857142855,0.818283629266743,-1177.8365534658276,0.8138513513513513,0.7081081081081081,0.7851351351351351,0.4118243243243243,0.7213682432432433,True
USA30IDXUSD1440_comma,daily,40,400,long_only,slow_slope,0.005,0.02013769717666314,-0.11634586001653639,-0.14042345864541916,0.06435903433028944,-0.31289619843139393,24,0.2916666666666667,1.1240897123707239,208.91507946699826,0.7564189189189189,0.7067567567567568,0.7320945945945946,0.6358108108108108,0.7210472972972973,False
USA30IDXUSD1440_comma,daily,100,300,long_only,combined,0.005,0.01988525574423461,-0.17113865858817623,-0.21499299743048456,0.06759840007972609,-0.2941675501310945,64,0.28125,1.3809184353139017,355.7499808643065,0.7050675675675676,0.7135135135135136,0.7290540540540541,0.7584459459459459,0.7199831081081082,False
USA30IDXUSD1440_comma,daily,40,150,long_only,price_slow,0.0025,0.019771704391022382,-0.15063257019979398,-0.18460429796643368,0.0601663599633899,-0.328617260593014,57,0.2807017543859649,1.3324175147524964,409.4645220202132,0.725,0.6932432432432433,0.7266891891891892,0.7408783783783783,0.7197804054054054,False
USA30IDXUSD1440_comma,daily,50,400,long_only,fast_slope,0.005,0.02040420503655116,-0.1815649841973399,-0.22686905732889867,0.07545977699786122,-0.27039842745797515,93,0.34408602150537637,1.3529046867106511,331.4861430779222,0.6929054054054054,0.7331081081081081,0.7347972972972973,0.7483108108108109,0.7196452702702703,False
USA30IDXUSD1440_comma,daily,60,500,long_only,fast_slope,0.0025,0.01892578678406931,-0.19656393578901052,-0.24262130208587082,0.09022783597254407,-0.20975552145380438,80,0.3125,1.3756886542593187,354.1109087583508,0.6753378378378379,0.768918918918919,0.7179054054054054,0.7570945945945946,0.7195101351351352,False
USA30IDXUSD1440_comma,daily,50,150,long_only,price_slow,0.001,0.019269864207284604,-0.15691970383633136,-0.191733780588955,0.06083983079720829,-0.3167310617860697,56,0.26785714285714285,1.3700168062993452,436.65173395568337,0.7189189189189189,0.6952702702702702,0.7216216216216216,0.7543918918918919,0.7188682432432432,False
USA30IDXUSD1440_comma,daily,60,500,long_only,fast_slope,0.005,0.018944729507856195,-0.19769516951847865,-0.24430318254183953,0.09043572242261441,-0.20948281276867275,80,0.3125,1.3723291749370974,354.50768853359443,0.6739864864864865,0.7692567567567568,0.7182432432432433,0.7550675675675675,0.7188175675675675,False
USA30IDXUSD1440_comma,daily,100,300,long_only,combined,0.0,0.01969030421986484,-0.17078357718089587,-0.21416758407423478,0.06574957775258947,-0.2994742307541186,65,0.27692307692307694,1.3691787412846674,345.4795464296241,0.706081081081081,0.7087837837837838,0.7256756756756757,0.7533783783783784,0.7177702702702703,False
USA30IDXUSD1440_comma,daily,60,100,long_only,price_slow,0.005,0.01736176523289501,-0.20806989095343276,-0.2614011198844467,0.09555750112755963,-0.18168919266441264,67,0.40298507462686567,1.3894949839217856,384.07371781995465,0.6675675675675675,0.7810810810810811,0.7033783783783784,0.7621621621621621,0.7172972972972973,False
USA30IDXUSD1440_comma,daily,50,400,long_only,fast_slope,0.0025,0.02032205009514554,-0.18000986771169897,-0.2250639895225808,0.07257223854084204,-0.2800251239833086,93,0.3548387096774194,1.3486114754524356,329.9801242261885,0.6935810810810811,0.7243243243243244,0.7341216216216216,0.7462837837837838,0.7172804054054055,False
USA30IDXUSD1440_comma,daily,20,500,long_only,price_slow,0.0025,0.020205573491754114,-0.11680189873083206,-0.14149910059491988,0.07080435640580984,-0.28537189683566067,33,0.09090909090909091,1.0395124129182496,70.48347563810991,0.7550675675675675,0.7195945945945946,0.7334459459459459,0.5902027027027027,0.7171452702702702,False
USA30IDXUSD1440_comma,daily,20,300,long_short,none,0.0,0.01522305228661014,-0.0696821758115718,-0.08303537144624719,0.037214285396558924,-0.4090647482382602,16,0.3125,1.2484072207174317,939.8747832612619,0.789527027027027,0.6331081081081081,0.6861486486486487,0.7050675675675676,0.7170777027027029,True
USA30IDXUSD1440_comma,daily,60,150,long_only,price_slow,0.0025,0.019155944410097936,-0.16111412951192325,-0.19660786865217578,0.05819870772370377,-0.32914724672307294,55,0.3090909090909091,1.3909053254686417,465.27736020240815,0.7155405405405405,0.6895270270270271,0.7199324324324324,0.7628378378378379,0.7170101351351351,False
USA30IDXUSD1440_comma,daily,40,150,long_only,slow_slope,0.005,0.017816538516439495,-0.16497801350217275,-0.20388335711217132,0.06975873054423304,-0.25540227549213035,41,0.36585365853658536,1.3246216838461102,456.43977751366106,0.7111486486486487,0.7172297297297298,0.7091216216216216,0.7371621621621621,0.7161655405405406,False
USA30IDXUSD1440_comma,daily,40,400,long_only,none,0.0,0.019950016073332355,-0.07736298803575688,-0.09371904516800565,0.04467051580353388,-0.44660366495598225,8,0.375,1.0800895740660537,513.7701907646065,0.7837837837837838,0.6554054054054054,0.7297297297297297,0.6162162162162163,0.7157432432432431,True
USA30IDXUSD1440_comma,daily,50,400,long_only,combined,0.001,0.019786141609229757,-0.19374290435684774,-0.24142817067185676,0.07807147154837447,-0.2534362580442705,88,0.3409090909090909,1.3817595207509847,338.3854416730264,0.6777027027027027,0.7388513513513514,0.7273648648648648,0.7594594594594595,0.7151858108108109,False
USA30IDXUSD1440_comma,daily,10,75,long_only,price_slow,0.0,0.017375157335437263,-0.1746508180520743,-0.216607495592389,0.0767302103167249,-0.22644480268875267,83,0.2891566265060241,1.3221814571644661,310.30071556008136,0.7,0.7358108108108108,0.7037162162162162,0.7358108108108108,0.7150675675675675,False
USA30IDXUSD1440_comma,daily,5,100,long_only,slow_slope,0.0025,0.018316100892171283,-0.17692469563724664,-0.21983873153944003,0.07858280367644845,-0.23308026737738663,70,0.35714285714285715,1.287876397146153,289.697180364573,0.6969594594594595,0.7405405405405405,0.7125,0.7216216216216216,0.7146621621621622,False
USA30IDXUSD1440_comma,daily,40,400,long_only,combined,0.005,0.0193270003370698,-0.20851948157362402,-0.26578518904748555,0.08592196537621902,-0.22493666494294384,86,0.32558139534883723,1.3728362627731598,337.24117934654595,0.6668918918918919,0.7577702702702702,0.7222972972972973,0.7560810810810811,0.714070945945946,False
USA30IDXUSD1440_comma,daily,75,100,long_only,price_slow,0.0,0.017952565405031873,-0.19760601166087716,-0.24709809583300757,0.07464595220823529,-0.24050286551306477,75,0.37333333333333335,1.4694664618374211,356.10368022517434,0.6746621621621621,0.7300675675675675,0.710472972972973,0.7908783783783784,0.7131081081081081,False
USA30IDXUSD1440_comma,daily,40,500,long_only,none,0.001,0.025263073573794426,-0.03800811767485829,-0.04620539001741845,0.06505939266237984,-0.38830786055589217,6,0.3333333333333333,0.7786062318409269,-1836.401476430169,0.8104729729729729,0.7077702702702703,0.7800675675675676,0.36925675675675673,0.7125337837837838,True
USA30IDXUSD1440_comma,daily,30,400,long_only,slow_slope,0.005,0.01864655633012169,-0.1304167405769772,-0.1569883815542999,0.07368201888896475,-0.2530679345013761,25,0.24,1.0645126737687507,119.02247703647339,0.7405405405405405,0.7277027027027027,0.7152027027027027,0.6084459459459459,0.7124493243243243,False
USA30IDXUSD1440_comma,daily,40,400,long_only,combined,0.0025,0.019160381542761673,-0.21015687880293454,-0.26793919748060435,0.08480679552407,-0.22592979046500516,87,0.3218390804597701,1.3689699982546202,330.1436336597362,0.6658783783783784,0.7557432432432433,0.7202702702702702,0.7530405405405406,0.7122972972972973,False
USA30IDXUSD1440_comma,daily,30,300,long_only,combined,0.0025,0.0184059017482332,-0.2358051268253551,-0.29525016919241714,0.09859734430681336,-0.1866774594958467,108,0.4166666666666667,1.3883841108171184,254.26415005987695,0.6442567567567568,0.7888513513513513,0.7131756756756756,0.7614864864864865,0.7117736486486487,False
USA30IDXUSD1440_comma,daily,20,500,long_only,price_slow,0.0,0.01981005979835282,-0.11968259983707667,-0.1449913776751751,0.06992109290827757,-0.2833202253337149,33,0.09090909090909091,1.0079974899909614,14.5981437278418,0.7516891891891891,0.7179054054054054,0.7280405405405406,0.5719594594594595,0.711554054054054,False
USA30IDXUSD1440_comma,daily,50,400,long_only,combined,0.0,0.01940176476823119,-0.1981772413468486,-0.24696422896835976,0.07655481073604732,-0.2534362580442706,88,0.3409090909090909,1.372802416438822,331.0076720004319,0.6736486486486486,0.7347972972972973,0.7226351351351351,0.7557432432432433,0.7110472972972972,False
USA30IDXUSD1440_comma,daily,10,150,long_only,slow_slope,0.001,0.019078875259343597,-0.15319485520037507,-0.19044448367859332,0.054755299062793125,-0.3484388832844111,50,0.3,1.280045387058941,397.0197976561237,0.7222972972972973,0.6807432432432432,0.7192567567567567,0.7182432432432433,0.7106925675675675,False
USA30IDXUSD1440_comma,daily,30,50,long_only,slow_slope,0.001,0.017623036399188496,-0.17368917452921964,-0.2164244686943369,0.07229686694936888,-0.24375933761459267,75,0.3466666666666667,1.2756660396435826,348.8424696410367,0.702027027027027,0.7233108108108108,0.7067567567567568,0.7155405405405405,0.7103209459459459,False
USA30IDXUSD1440_comma,daily,5,50,long_only,slow_slope,0.0,0.017523131260402947,-0.19099687983011804,-0.23969074884773442,0.0813553814546415,-0.2153899465172161,95,0.3473684210526316,1.3106473240862457,273.6684919844574,0.6807432432432432,0.7472972972972973,0.7054054054054054,0.7317567567567568,0.7099662162162163,False
USA30IDXUSD1440_comma,daily,5,50,long_only,slow_slope,0.001,0.017595740688553407,-0.19154023677198603,-0.24057409423750753,0.08132083594593721,-0.21637432133938228,92,0.358695652173913,1.3126364330874112,283.89318073855617,0.6797297297297298,0.7466216216216216,0.706081081081081,0.7327702702702703,0.7096790540540541,False
USA30IDXUSD1440_comma,daily,30,100,long_only,none,0.005,0.017541763100153984,-0.15341480342750105,-0.1883658140030015,0.0563998360378402,-0.31102507263291923,28,0.35714285714285715,1.2818794599248693,674.7870099835227,0.7219594594594595,0.6841216216216216,0.7057432432432432,0.7195945945945946,0.7089020270270271,False
USA30IDXUSD1440_comma,daily,60,100,long_only,slow_slope,0.0,0.01717325126561353,-0.17680075429654352,-0.21892733943354548,0.07295752537006163,-0.235386975894616,67,0.29850746268656714,1.277682589752959,321.0978749527269,0.6972972972972973,0.7260135135135135,0.702027027027027,0.716554054054054,0.7083108108108108,False
USA30IDXUSD1440_comma,daily,10,50,long_only,price_slow,0.0,0.017150766529304473,-0.19577716586616126,-0.24574748553498585,0.08371668528540518,-0.20486676545821703,90,0.4,1.300382247339675,282.0718843179631,0.6763513513513514,0.7523648648648649,0.7016891891891892,0.7266891891891892,0.707972972972973,False
USA30IDXUSD1440_comma,daily,40,75,long_only,none,0.005,0.016637160546415286,-0.17834215206094722,-0.22111049604276317,0.07337236503793636,-0.22674968345116353,31,0.45161290322580644,1.2886590970712286,577.9294040949108,0.6956081081081081,0.7273648648648648,0.6972972972972973,0.7226351351351351,0.7079391891891893,False
USA30IDXUSD1440_comma,daily,75,100,long_only,price_slow,0.005,0.017402355255026203,-0.24020700384126215,-0.3082390665897169,0.08826511512720853,-0.1971600584211074,58,0.46551724137931033,1.4946136502122875,444.82226249066764,0.6398648648648648,0.7621621621621621,0.7040540540540541,0.797972972972973,0.7069932432432432,False
USA30IDXUSD1440_comma,daily,50,400,long_only,combined,0.0025,0.018844379607667383,-0.20476369588965046,-0.2551478880630736,0.0740676150165792,-0.2544213095487047,88,0.3409090909090909,1.3623248812682136,320.36978474773053,0.6706081081081081,0.7290540540540541,0.7168918918918918,0.7513513513513513,0.7065878378378379,False
USA30IDXUSD1440_comma,daily,5,150,long_only,none,0.0025,0.017747037869897175,-0.15157065666743677,-0.18677488605756362,0.052725173525709795,-0.3365951533804509,43,0.32558139534883723,1.248625941390459,385.6397088671649,0.7243243243243244,0.6773648648648649,0.7084459459459459,0.7054054054054054,0.7065709459459459,False
USA30IDXUSD1440_comma,daily,50,100,long_only,slow_slope,0.005,0.017679751218276918,-0.1856325072825411,-0.23064922735615762,0.0752208484270291,-0.23503791286571096,52,0.3269230769230769,1.278103524014088,408.66944778311245,0.6854729729729729,0.7317567567567568,0.7074324324324325,0.7172297297297298,0.7061993243243244,False
USA30IDXUSD1440_comma,daily,100,200,long_only,combined,0.0,0.018983426542583226,-0.17575370730348047,-0.21821786793871908,0.058567396588114676,-0.32412959510711137,68,0.3088235294117647,1.3189132639949437,313.70059541042093,0.6989864864864865,0.6905405405405406,0.7185810810810811,0.7344594594594595,0.7061148648648649,False
USA30IDXUSD1440_comma,daily,40,500,long_only,none,0.0025,0.024713301011063615,-0.04225166021891021,-0.05137298693111681,0.06360352000536126,-0.38855241044804567,7,0.2857142857142857,0.7628897297109114,-1684.332314401492,0.8060810810810811,0.7043918918918919,0.7763513513513514,0.34864864864864864,0.706097972972973,True
USA30IDXUSD1440_comma,daily,75,150,long_only,combined,0.0025,0.018092160544220137,-0.20307158740709227,-0.2509395488401238,0.06950043779801349,-0.26031721694762133,67,0.31343283582089554,1.4262758129714466,382.1420752116957,0.6712837837837838,0.716554054054054,0.7108108108108108,0.7743243243243243,0.7059628378378379,False
USA30IDXUSD1440_comma,daily,50,75,long_only,none,0.005,0.017607989566231996,-0.17588111597522482,-0.2171308640574506,0.058973703173240175,-0.29857357803200957,31,0.4838709677419355,1.3365398120209326,633.1109600679448,0.6983108108108108,0.6918918918918919,0.706418918918919,0.7435810810810811,0.7051182432432432,False
USA30IDXUSD1440_comma,daily,40,400,long_only,fast_slope,0.005,0.0188853498018402,-0.20778386771515153,-0.26443595430353795,0.07440909473057558,-0.25380432150426346,85,0.35294117647058826,1.3446276136411175,332.483960112986,0.6682432432432432,0.7297297297297297,0.7172297297297298,0.7456081081081081,0.7050168918918919,False
USA30IDXUSD1440_comma,daily,10,75,long_only,price_slow,0.001,0.016634876405678733,-0.18350822361879707,-0.22773401744235736,0.07196517693864095,-0.2311517474606084,81,0.2962962962962963,1.308185794137866,303.0008595653516,0.6888513513513513,0.7216216216216216,0.6969594594594595,0.7304054054054054,0.7048986486486487,False
USA30IDXUSD1440_comma,daily,60,400,long_only,fast_slope,0.005,0.017501555148259795,-0.21170595277760573,-0.2632554840652049,0.08458623632498916,-0.20690783641226207,93,0.3225806451612903,1.2983724079418884,279.17169784105255,0.6652027027027027,0.7547297297297297,0.7047297297297297,0.7260135135135135,0.7046114864864864,False
USA30IDXUSD1440_comma,daily,100,150,long_only,price_slow,0.0025,0.01890450254190701,-0.17442267812776852,-0.2140207740706314,0.05033621023578289,-0.3755646770655813,64,0.296875,1.3564994821958845,450.65525832319287,0.7010135135135135,0.6722972972972973,0.7175675675675676,0.75,0.7044932432432431,False
USA30IDXUSD1440_comma,daily,50,100,long_only,slow_slope,0.0025,0.017723259196247954,-0.1758637015814237,-0.2167218225520018,0.06353754778959225,-0.2789415048710946,61,0.29508196721311475,1.2776015899692714,361.678712340599,0.6986486486486486,0.7040540540540541,0.7077702702702703,0.7162162162162162,0.7044594594594594,False
USA30IDXUSD1440_comma,daily,60,150,long_only,price_slow,0.0,0.017884152746273196,-0.1730125160622378,-0.21103099184425597,0.05423668715047719,-0.3297427200273947,58,0.29310344827586204,1.3264960076573997,394.34049520358485,0.7033783783783784,0.6797297297297298,0.7097972972972973,0.7385135135135135,0.7040202702702703,False
USA30IDXUSD1440_comma,daily,100,300,long_only,combined,0.001,0.01845073289375554,-0.18433047483833806,-0.23097328620551566,0.06077374882197706,-0.3035970834677779,65,0.27692307692307694,1.3346434244932686,315.2388977484575,0.6875,0.6949324324324324,0.7138513513513514,0.7425675675675676,0.7028885135135136,False
USA30IDXUSD1440_comma,daily,10,75,long_only,slow_slope,0.005,0.016863017418375703,-0.19893864296983502,-0.24540575660345793,0.06994110247227493,-0.24110311136517049,75,0.30666666666666664,1.391061802670878,332.20527260687777,0.6726351351351352,0.7182432432432433,0.6983108108108108,0.7631756756756757,0.7027533783783785,False
USA30IDXUSD1440_comma,daily,50,500,long_only,fast_slope,0.0025,0.018712418882338433,-0.1976657383082248,-0.2455534884112749,0.0686519826165955,-0.27256924227291013,89,0.3258426966292135,1.3208164285084023,314.2902527399186,0.6743243243243243,0.7158783783783784,0.7158783783783784,0.735472972972973,0.702195945945946,False
USA30IDXUSD1440_comma,daily,30,300,long_only,fast_slope,0.001,0.017404794541094448,-0.2377348788840292,-0.2956922912543559,0.08971434124120657,-0.19400236684901695,111,0.42342342342342343,1.343330280365618,232.46579986249995,0.6412162162162162,0.7675675675675676,0.7043918918918919,0.7452702702702703,0.7010472972972972,False
USA30IDXUSD1440_comma,daily,20,50,long_only,slow_slope,0.0,0.01713882532576716,-0.18388539361370296,-0.23010031442586626,0.06677597367893756,-0.2566615562683001,81,0.30864197530864196,1.27769080152402,313.1714569293719,0.6881756756756757,0.7118243243243243,0.7010135135135135,0.7168918918918918,0.7009628378378379,False
USA30IDXUSD1440_comma,daily,40,400,long_only,combined,0.001,0.017951042224911617,-0.22255307049628897,-0.28251697656679037,0.07949237653223912,-0.22582092784244978,88,0.3181818181818182,1.3337466533302456,303.468792775592,0.6543918918918918,0.7429054054054054,0.7101351351351352,0.7415540540540541,0.7007432432432432,False
USA30IDXUSD1440_comma,daily,20,300,long_short,fast_slope,0.0025,0.014159845576097396,-0.14531446575671925,-0.17816543138606622,0.054558981217977566,-0.25953280761466324,183,0.3879781420765027,1.2193980149081058,169.277499323813,0.7293918918918919,0.6804054054054054,0.6753378378378379,0.6908783783783784,0.7005574324324324,False
USA30IDXUSD1440_comma,daily,30,75,long_only,slow_slope,0.0,0.01695930794777034,-0.17876359191985408,-0.21922454618360332,0.06646324491063398,-0.2551682207297238,78,0.3076923076923077,1.2348952204483443,231.92179541763318,0.6949324324324324,0.7101351351351352,0.6989864864864865,0.6983108108108108,0.7000506756756757,False
USA30IDXUSD1440_comma,daily,40,50,long_only,none,0.001,0.01621257022771161,-0.17758314266295766,-0.22130344366604504,0.06844816678013425,-0.2368590860846399,50,0.46,1.213894302223524,335.7863427676799,0.6962837837837837,0.7155405405405405,0.6956081081081081,0.6861486486486487,0.6994425675675676,False
USA30IDXUSD1440_comma,daily,40,300,long_only,slow_slope,0.001,0.01853037694446713,-0.13657931482290397,-0.16519908133875216,0.059900158405168255,-0.3093543896683303,31,0.1935483870967742,1.0402002745750711,67.39846348227618,0.7351351351351352,0.6929054054054054,0.7148648648648649,0.5912162162162162,0.6989358108108109,False
USA30IDXUSD1440_comma,daily,20,500,long_only,price_slow,0.005,0.01845197456260128,-0.1327219683582597,-0.1605980220821415,0.06321910815599756,-0.2918733765916113,31,0.12903225806451613,1.0001756407146412,0.34371150285810914,0.7381756756756757,0.702027027027027,0.7141891891891892,0.5682432432432433,0.6988513513513513,False
USA30IDXUSD1440_comma,daily,40,300,long_only,slow_slope,0.0,0.018442206403631145,-0.13707888121714934,-0.16591125422399874,0.06050110371331383,-0.30482429694208646,32,0.1875,1.0426691531751455,68.62474292497632,0.7344594594594595,0.6939189189189189,0.7135135135135136,0.5925675675675676,0.6988513513513512,False
USA30IDXUSD1440_comma,daily,40,100,long_only,none,0.005,0.01557279438074577,-0.1657719024146996,-0.20631874936861958,0.05783130881849849,-0.26927964624872025,26,0.5384615384615384,1.2361041503629475,586.7329399235894,0.7097972972972973,0.6888513513513513,0.6888513513513513,0.6986486486486486,0.6986993243243242,False
USA30IDXUSD1440_comma,daily,40,400,long_only,none,0.0025,0.017826321146780844,-0.09593615941737414,-0.11641882559646238,0.038839204181755675,-0.4589775079674413,9,0.4444444444444444,1.0469838076393227,258.34038143608694,0.7692567567567568,0.6378378378378379,0.7094594594594594,0.5962837837837838,0.6984966216216216,True
USA30IDXUSD1440_comma,daily,50,150,long_only,price_slow,0.005,0.01705509116370929,-0.18270554529828426,-0.22406095649833482,0.05886413747484177,-0.28973653391249554,55,0.2909090909090909,1.3014426076894,368.4442302017933,0.6905405405405406,0.691554054054054,0.7003378378378379,0.7277027027027027,0.6983277027027026,False
USA30IDXUSD1440_comma,daily,50,500,long_only,combined,0.005,0.018205573437534595,-0.20825208771772222,-0.258409500545384,0.0667993607417335,-0.2725411326602786,88,0.3181818181818182,1.3243616701111027,308.265683721733,0.6672297297297297,0.7121621621621622,0.7114864864864865,0.7364864864864865,0.6977027027027027,False
USA30IDXUSD1440_comma,daily,10,50,long_only,price_slow,0.001,0.015710762683740942,-0.2118658819038568,-0.265868438200344,0.0804896171997217,-0.19518992921481138,86,0.4069767441860465,1.2738378759724651,267.9696650925465,0.6648648648648648,0.7445945945945946,0.6918918918918919,0.7141891891891892,0.6976013513513514,False
USA30IDXUSD1440_comma,daily,100,300,long_short,none,0.0,0.014965313110474776,-0.07159127500014771,-0.09161374154309584,0.02981029085412042,-0.502018352779884,10,0.4,1.0639476695233052,422.8075459422036,0.7878378378378378,0.6182432432432432,0.6831081081081081,0.6081081081081081,0.6975337837837838,True
USA30IDXUSD1440_comma,daily,40,400,long_only,none,0.001,0.017759026727359295,-0.09352110101948036,-0.11332433385720098,0.039312286576663455,-0.45174240101061436,8,0.375,1.0272575680514138,179.83563608292252,0.7716216216216216,0.6388513513513514,0.7087837837837838,0.5827702702702703,0.6975337837837838,True
USA30IDXUSD1440_comma,daily,20,500,long_only,price_slow,0.001,0.018134961275831918,-0.13464064296708225,-0.16305666710680303,0.06403474802353999,-0.2832050072121042,33,0.09090909090909091,0.9933524913204566,-12.202859827144064,0.7358108108108108,0.7057432432432432,0.7111486486486487,0.5635135135135135,0.6975168918918919,False
USA30IDXUSD1440_comma,daily,40,400,long_only,slow_slope,0.0,0.01765673476580476,-0.1324421656586924,-0.15960657739910747,0.05923446569113997,-0.2980821141845089,26,0.23076923076923078,1.0241617077362304,39.95152350004514,0.7388513513513514,0.6925675675675675,0.7070945945945946,0.5804054054054054,0.6971621621621622,False
USA30IDXUSD1440_comma,daily,30,250,long_only,fast_slope,0.0,0.017034285186116715,-0.24065367142035635,-0.2986056880197794,0.08781862113143273,-0.1939712212131246,111,0.42342342342342343,1.3327013030267387,226.9872106284953,0.6391891891891892,0.7608108108108108,0.7,0.7412162162162163,0.6970608108108108,False
USA30IDXUSD1440_comma,daily,75,150,long_only,price_slow,0.0025,0.017333411268987797,-0.18751184654500705,-0.22872510532156523,0.05363762660108774,-0.32315768551616497,58,0.25862068965517243,1.3704134767745728,420.0672275130059,0.683445945945946,0.6787162162162163,0.7027027027027027,0.7547297297297297,0.6968074324324325,False
USA30IDXUSD1440_comma,daily,20,500,long_only,none,0.005,0.017736149054860872,-0.10676192162234528,-0.12835490152171347,0.04899577477286081,-0.3619934399870962,10,0.3,0.9797954263919948,-92.04562363911737,0.7618243243243243,0.668918918918919,0.7081081081081081,0.5547297297297298,0.6967905405405406,True
USA30IDXUSD1440_comma,daily,10,500,long_only,price_slow,0.0025,0.018376971763018668,-0.13012660185026823,-0.1566620321370369,0.06126229784293596,-0.29997196334576737,31,0.16129032258064516,0.9769013774557253,-44.53505898878408,0.7412162162162163,0.6972972972972973,0.7128378378378378,0.5523648648648649,0.6962331081081081,False
USA30IDXUSD1440_comma,daily,10,500,long_only,price_slow,0.001,0.018312003475596583,-0.1301211209345318,-0.15647783400374138,0.06092509673337984,-0.30056584982923373,31,0.12903225806451613,0.9755976272067961,-47.233971005720086,0.7415540540540541,0.6956081081081081,0.7121621621621622,0.5506756756756757,0.6955574324324325,False
USA30IDXUSD1440_comma,daily,50,75,long_only,slow_slope,0.0,0.016011107486588738,-0.1907252454063171,-0.23374722980642976,0.06790784126638022,-0.23577700583622452,66,0.3787878787878788,1.2324489132197645,252.0224819408814,0.6817567567567567,0.7138513513513514,0.6942567567567568,0.6962837837837837,0.6944594594594594,False
USA30IDXUSD1440_comma,daily,60,100,long_only,slow_slope,0.001,0.01582091049067058,-0.19343878229343062,-0.23924760570321166,0.0673243065701291,-0.23499552088502473,65,0.3076923076923077,1.2650995128496068,301.5289886273511,0.6780405405405405,0.7131756756756756,0.6922297297297297,0.7087837837837838,0.6942736486486487,False
USA30IDXUSD1440_comma,daily,20,300,long_short,fast_slope,0.001,0.013264452011592986,-0.15161115772615788,-0.18584922380354216,0.05025970563924436,-0.2639182192351657,183,0.39344262295081966,1.2129391356352437,161.10769977505348,0.7239864864864864,0.6719594594594595,0.6679054054054054,0.6854729729729729,0.6939864864864865,False
USA30IDXUSD1440_comma,daily,10,150,long_only,price_slow,0.0,0.01750421385601797,-0.16013086674921753,-0.19662137032754984,0.04386413016150356,-0.39905530536155887,61,0.2459016393442623,1.216170242980733,285.4193409369785,0.7162162162162162,0.6510135135135136,0.7050675675675676,0.6878378378378378,0.6934290540540541,False
USA30IDXUSD1440_comma,daily,30,150,long_only,price_slow,0.001,0.017145330470407005,-0.1745894879525038,-0.21353970848708537,0.05136177632926448,-0.33381498257563347,56,0.2857142857142857,1.2178066678075745,298.4028606184883,0.7003378378378379,0.6746621621621621,0.7013513513513514,0.6898648648648649,0.6925506756756757,False
USA30IDXUSD1440_comma,daily,20,100,long_only,price_slow,0.0,0.01566767057055385,-0.18958341547047322,-0.23497195351467692,0.05640984908698806,-0.2777470747420928,76,0.34210526315789475,1.3067240046831023,302.3152827653499,0.6824324324324325,0.6844594594594594,0.6905405405405406,0.7297297297297297,0.6916554054054055,False
USA30IDXUSD1440_comma,daily,5,100,long_only,slow_slope,0.001,0.01608856174483586,-0.19639768332794216,-0.24344639028198276,0.06446881402154647,-0.24955572688926486,69,0.3333333333333333,1.2401712268563176,243.84466266723953,0.6756756756756757,0.7070945945945946,0.6949324324324324,0.7006756756756757,0.6911317567567568,False
USA30IDXUSD1440_comma,daily,20,100,long_only,price_slow,0.001,0.015559206561239325,-0.19108061929214368,-0.23687782291208456,0.056892142004130127,-0.2734860388998852,75,0.3466666666666667,1.3048568964384573,304.01820511134315,0.6804054054054054,0.6861486486486487,0.6885135135135135,0.7287162162162162,0.6907094594594595,False
USA30IDXUSD1440_comma,daily,20,250,long_short,fast_slope,0.0025,0.012463708530651596,-0.15524486112244354,-0.19142830741976166,0.04682252743067043,-0.26619042615985355,185,0.4,1.2336163690393647,163.01133646381996,0.7206081081081082,0.6628378378378378,0.6601351351351351,0.6972972972972973,0.6905743243243244,False
USA30IDXUSD1440_comma,daily,50,500,long_only,combined,0.0025,0.01734600677612841,-0.21674602398837367,-0.26908132302053483,0.06363890008822301,-0.2725692422729106,88,0.3068181818181818,1.3055943664475265,292.12536848291234,0.6608108108108108,0.7047297297297297,0.7030405405405405,0.7290540540540541,0.6904729729729729,False
USA30IDXUSD1440_comma,daily,5,75,long_only,slow_slope,0.0025,0.015141306292060674,-0.21391119169913686,-0.26243221960686564,0.06326625091190298,-0.2393267512112366,81,0.37037037037037035,1.356878720733341,273.21982955002653,0.6631756756756757,0.7027027027027027,0.6847972972972973,0.7503378378378378,0.690456081081081,False
USA30IDXUSD1440_comma,daily,40,300,long_only,slow_slope,0.0025,0.016964103895651172,-0.1518015530421549,-0.1835125090332455,0.05753259525349285,-0.29486074495520465,31,0.1935483870967742,1.0445517550660377,78.99648225465326,0.722972972972973,0.6878378378378378,0.6993243243243243,0.5952702702702702,0.690304054054054,False
USA30IDXUSD1440_comma,daily,20,200,long_short,none,0.0,0.008939729085795767,-0.10742071069175074,-0.12944970245418644,0.023105489930628033,-0.38690930651704103,24,0.2916666666666667,1.3199682998182753,996.4566676655962,0.7611486486486486,0.6040540540540541,0.6192567567567567,0.7347972972972973,0.689543918918919,False
USA30IDXUSD1440_comma,daily,30,150,long_only,price_slow,0.0,0.01697685611683908,-0.1747852110902677,-0.2134185492236061,0.04693336689642557,-0.36172252790438586,57,0.24561403508771928,1.2152917790296822,288.6604980148182,0.6996621621621621,0.6641891891891892,0.6996621621621621,0.6868243243243243,0.6888682432432434,False
USA30IDXUSD1440_comma,daily,30,300,long_only,fast_slope,0.0,0.01608743076674113,-0.2530173457372473,-0.3144007037748199,0.08292388916709081,-0.1940023668490164,112,0.41964285714285715,1.310269758718003,211.19483352762796,0.629054054054054,0.7510135135135135,0.6945945945945946,0.731418918918919,0.6880067567567567,False
USA30IDXUSD1440_comma,daily,50,500,long_only,fast_slope,0.001,0.017090128765976376,-0.21603013111644406,-0.26838869264294324,0.0624557486396951,-0.27363580035792534,89,0.3258426966292135,1.2878858126214656,284.1243042100226,0.6611486486486486,0.6996621621621621,0.7006756756756757,0.7219594594594595,0.6878040540540541,False
USA30IDXUSD1440_comma,daily,100,200,long_only,combined,0.001,0.017212809529783213,-0.19487199117225965,-0.24195826282976482,0.05254326329524041,-0.3275930814015966,68,0.3088235294117647,1.2735914353129405,272.8920155928341,0.677027027027027,0.677027027027027,0.7023648648648648,0.7138513513513514,0.6876182432432433,False
USA30IDXUSD1440_comma,daily,10,75,long_only,price_slow,0.005,0.014943376129078922,-0.20632754730403774,-0.2567937719794855,0.06216456450629603,-0.24038415209303776,79,0.34177215189873417,1.2880386856984705,276.13154895205645,0.6699324324324324,0.6989864864864865,0.6827702702702703,0.7222972972972973,0.6876182432432432,False
USA30IDXUSD1440_comma,daily,20,200,long_short,none,0.001,0.008834260420862883,-0.10994029585867511,-0.1323237731965333,0.022754315931490965,-0.38824548483290844,25,0.4,1.3013369841279316,931.3421450566093,0.7591216216216217,0.6030405405405406,0.6182432432432432,0.7273648648648648,0.6871621621621622,False
USA30IDXUSD1440_comma,daily,30,250,long_only,fast_slope,0.0025,0.01662909498663523,-0.2480685127422536,-0.30722843905081265,0.07804119418023836,-0.21308099089603705,109,0.43119266055045874,1.3123134762620183,225.07933674191796,0.6327702702702702,0.7385135135135135,0.6966216216216217,0.7324324324324324,0.6869256756756756,False
USA30IDXUSD1440_comma,daily,30,50,long_only,price_slow,0.001,0.015451765589804545,-0.22994903715391252,-0.28978541492363746,0.07241413869333663,-0.21338050646767381,90,0.4111111111111111,1.292217545992742,251.42935687261792,0.6493243243243243,0.7239864864864864,0.6875,0.7239864864864864,0.6868243243243244,False
USA30IDXUSD1440_comma,daily,20,300,long_short,fast_slope,0.0,0.012469864470226355,-0.15762330582607004,-0.19320379037837074,0.046184916017828606,-0.2699986390667606,183,0.3879781420765027,1.2055506400524152,154.58570455056935,0.7182432432432433,0.6601351351351351,0.660472972972973,0.6804054054054054,0.6864864864864866,False
USA30IDXUSD1440_comma,daily,50,75,long_only,fast_slope,0.005,0.01599591092029895,-0.22239318445227443,-0.2788153309845811,0.05757597044436731,-0.2778226888204164,61,0.39344262295081966,1.3666780214043752,385.33990869816216,0.6547297297297298,0.6881756756756757,0.6939189189189189,0.7520270270270271,0.6855236486486487,False
USA30IDXUSD1440_comma,daily,50,100,long_only,price_slow,0.0025,0.014772938328939222,-0.2167570427511652,-0.26558104194230153,0.06331742603028617,-0.23331552236303776,71,0.3380281690140845,1.3016677846074336,303.4159982723753,0.660472972972973,0.7030405405405405,0.6810810810810811,0.7280405405405406,0.6853716216216217,False
USA30IDXUSD1440_comma,daily,50,300,long_only,slow_slope,0.005,0.015535806307967803,-0.16447208811593308,-0.19904628492829698,0.05476750781372834,-0.28366830860383807,30,0.2,1.0828364028413755,147.78648331347776,0.7118243243243243,0.6810810810810811,0.6881756756756757,0.6175675675675676,0.6852702702702702,False
USA30IDXUSD1440_comma,daily,30,250,long_only,combined,0.0025,0.01566555524560731,-0.2755098587785316,-0.340548919205795,0.09656921647171297,-0.16222100393862116,106,0.4056603773584906,1.3479034805392762,216.7222096858091,0.5986486486486486,0.7827702702702702,0.6902027027027027,0.745945945945946,0.6850844594594594,False
USA30IDXUSD1440_comma,daily,20,250,long_short,fast_slope,0.005,0.01169626449926664,-0.16494944877866338,-0.20306250183361277,0.046784561360695365,-0.25000265384753406,177,0.384180790960452,1.2308273893378456,161.35419681504584,0.7114864864864865,0.6621621621621622,0.6527027027027027,0.6949324324324324,0.6849155405405405,False
USA30IDXUSD1440_comma,daily,30,250,long_only,combined,0.0,0.015613806610828673,-0.27573401304114775,-0.34087393645934194,0.09557312022463105,-0.16337027162167184,107,0.40186915887850466,1.3503598937245906,213.91801129537862,0.597972972972973,0.7814189189189189,0.6891891891891891,0.7472972972972973,0.6844763513513514,False
USA30IDXUSD1440_comma,daily,100,200,long_only,fast_slope,0.005,0.016088947692358246,-0.1967641909288338,-0.2448198467940128,0.05328970970025369,-0.3019147182984495,62,0.3548387096774194,1.2495005228930915,271.3850332455334,0.675,0.6777027027027027,0.6952702702702702,0.7057432432432432,0.6843412162162162,False
USA30IDXUSD1440_comma,daily,40,150,long_only,fast_slope,0.0025,0.015939318520105772,-0.23370062706332606,-0.29660370614259685,0.06870771340305411,-0.23198732326605498,92,0.41304347826086957,1.270606364824877,254.5026650269189,0.6466216216216216,0.7162162162162162,0.6932432432432433,0.7118243243243243,0.6831250000000001,False
USA30IDXUSD1440_comma,daily,20,150,long_only,price_slow,0.0,0.015926334817366605,-0.18186716787969706,-0.22320934877009047,0.04690708950938807,-0.3395293757072495,58,0.25862068965517243,1.1930041059385996,263.90996629622157,0.6925675675675675,0.6638513513513513,0.6925675675675675,0.6719594594594595,0.6822972972972973,False
USA30IDXUSD1440_comma,daily,60,400,long_only,fast_slope,0.001,0.015208313913757543,-0.23478993858247457,-0.29153781702564285,0.07218619166060324,-0.21068176009703143,96,0.3125,1.254603351057816,231.6468498508033,0.6456081081081081,0.7226351351351351,0.6854729729729729,0.706418918918919,0.6819594594594596,False
USA30IDXUSD1440_comma,daily,40,400,long_only,slow_slope,0.001,0.015964018290802517,-0.14725079993017054,-0.17744585519156383,0.05240982418029164,-0.30459972992631557,26,0.23076923076923078,0.9792717354202918,-35.220692626590036,0.7277027027027027,0.6763513513513514,0.6935810810810811,0.5537162162162163,0.6819425675675675,False
USA30IDXUSD1440_comma,daily,50,150,long_only,fast_slope,0.0025,0.015193670812487126,-0.23102736745273286,-0.2876398496489599,0.0668468504855903,-0.22729075045595926,92,0.358695652173913,1.2620706133858508,241.46352039434777,0.6483108108108108,0.7128378378378378,0.6851351351351351,0.7081081081081081,0.6807770270270271,False
USA30IDXUSD1440_comma,daily,100,300,long_only,slow_slope,0.0025,0.015386451171049753,-0.166573489235687,-0.20292687627788852,0.04739456649886781,-0.32464588892098667,30,0.26666666666666666,1.0886031000733565,165.04749522380018,0.7091216216216216,0.6655405405405406,0.6868243243243243,0.6212837837837838,0.6805912162162162,False
USA30IDXUSD1440_comma,daily,40,100,long_only,slow_slope,0.0,0.015665084387622707,-0.19257181273772964,-0.23759609816471822,0.05393510600484023,-0.2904431927178728,73,0.3424657534246575,1.196181836196044,231.41134736678325,0.6787162162162163,0.6790540540540541,0.6898648648648649,0.675,0.680472972972973,False
USA30IDXUSD1440_comma,daily,40,50,long_only,none,0.0025,0.014368774782615557,-0.21741517061624674,-0.27426435903037255,0.056619205558565436,-0.25377916628930564,57,0.5087719298245614,1.3097981951962097,410.03073983243246,0.6591216216216216,0.6851351351351351,0.6773648648648649,0.731081081081081,0.6800675675675676,False
USA30IDXUSD1440_comma,daily,50,75,long_only,slow_slope,0.001,0.014721839690145622,-0.20725619998774114,-0.25350128641250974,0.062242369728866584,-0.23652440860261736,65,0.38461538461538464,1.1985242389044126,225.84363001858463,0.668581081081081,0.6993243243243243,0.6807432432432432,0.6763513513513514,0.6798648648648649,False
USA30IDXUSD1440_comma,daily,10,300,long_only,slow_slope,0.0025,0.015495435062638618,-0.17222116611318067,-0.20806156800972075,0.045380471154549136,-0.3414560199224659,41,0.21951219512195122,1.1361936554882686,262.99329759685145,0.7040540540540541,0.6570945945945946,0.6878378378378378,0.6408783783783784,0.6795945945945947,False
USA30IDXUSD1440_comma,daily,10,150,long_only,slow_slope,0.0025,0.015929385419098496,-0.18531373201376283,-0.2298530173251448,0.043344949595526275,-0.36750268642007144,48,0.2916666666666667,1.2198601473332908,312.8321915049806,0.6864864864864865,0.6496621621621622,0.6929054054054054,0.6912162162162162,0.6792736486486487,False
USA30IDXUSD1440_comma,daily,30,50,long_only,slow_slope,0.0,0.014414145976769932,-0.20281290442154307,-0.25246067673102435,0.05743154646740578,-0.25097958984876745,83,0.3132530120481928,1.2075009311329061,252.6756351386812,0.6716216216216216,0.6875,0.6780405405405405,0.6827702702702703,0.6785472972972973,False
USA30IDXUSD1440_comma,daily,30,300,long_only,fast_slope,0.0025,0.015386808581825617,-0.2632715435971208,-0.3272731717446184,0.07902073457104476,-0.19471862246473903,111,0.42342342342342343,1.2960467685208699,202.92185172168146,0.6172297297297298,0.7412162162162163,0.6871621621621622,0.7256756756756757,0.6784797297297298,False
USA30IDXUSD1440_comma,daily,75,100,long_only,combined,0.0025,0.014518763436113469,-0.266981838296683,-0.3385399416775939,0.07779707987208109,-0.1866235012931866,74,0.44594594594594594,1.3810645761876985,285.650768683743,0.6111486486486486,0.7378378378378379,0.6783783783783783,0.7591216216216217,0.6784628378378379,False
USA30IDXUSD1440_comma,daily,75,300,long_only,slow_slope,0.0,0.014984895437659684,-0.1675403860650519,-0.20272741181548798,0.04960744338174632,-0.30206949635250835,32,0.25,1.0599415571829078,103.3850685300556,0.7081081081081081,0.6699324324324324,0.683445945945946,0.6040540540540541,0.6780236486486487,False
USA30IDXUSD1440_comma,daily,20,150,long_only,price_slow,0.001,0.015671644330907508,-0.18469678337779552,-0.226727116705491,0.0453842060238746,-0.34531053209707707,57,0.24561403508771928,1.191257809896829,261.8035882596703,0.6871621621621622,0.6574324324324324,0.6908783783783784,0.6702702702702703,0.6779391891891892,False
USA30IDXUSD1440_comma,daily,40,75,long_only,slow_slope,0.0025,0.014719126126757853,-0.21508709219690209,-0.2655186901014181,0.06112949235481894,-0.24078600295455455,65,0.4,1.2103563275739517,225.7808639224929,0.6625,0.6962837837837837,0.6804054054054054,0.6841216216216216,0.6777702702702703,False
USA30IDXUSD1440_comma,daily,50,250,long_only,fast_slope,0.0025,0.015682399885156073,-0.23102301460246596,-0.28793508128565726,0.06033667838783033,-0.2599148694323742,93,0.3548387096774194,1.2654339477021341,247.3084858165498,0.6486486486486487,0.6935810810810811,0.6912162162162162,0.7091216216216216,0.6774662162162162,False
USA30IDXUSD1440_comma,daily,60,75,long_only,slow_slope,0.0025,0.014604158898072761,-0.22599865976220834,-0.27880790047101467,0.05702665317839038,-0.2560935647474898,47,0.48936170212765956,1.2905624280039294,350.3296888941116,0.6513513513513514,0.6864864864864865,0.6787162162162163,0.7233108108108108,0.6764020270270271,False
USA30IDXUSD1440_comma,daily,60,400,long_only,fast_slope,0.0,0.014697983323430641,-0.2402785365790411,-0.2983259107176273,0.06665321530990288,-0.22051424308778866,96,0.3125,1.2459910327120491,223.15788304309987,0.639527027027027,0.7111486486486487,0.6793918918918919,0.7033783783783784,0.6749831081081081,False
USA30IDXUSD1440_comma,daily,50,500,long_only,combined,0.0,0.01570609652528754,-0.2355258692299906,-0.2924170612269939,0.057397813095886555,-0.27363580035792556,88,0.3068181818181818,1.2715354889212795,261.79399280284196,0.6445945945945946,0.6871621621621622,0.691554054054054,0.7125,0.6748141891891892,False
USA30IDXUSD1440_comma,daily,50,100,long_only,price_slow,0.005,0.013497067026404963,-0.23992344671455093,-0.2961327425891502,0.06348225015402725,-0.21261166694086886,65,0.3384615384615385,1.2888504258223716,300.38787024065107,0.6405405405405405,0.7037162162162162,0.6699324324324324,0.722972972972973,0.6745777027027027,False
USA30IDXUSD1440_comma,daily,100,300,long_only,slow_slope,0.0,0.015133232767291505,-0.16711447581230868,-0.20299367845176114,0.04466031192049623,-0.33885192728236,30,0.26666666666666666,1.0561439281242766,107.90164781262146,0.7084459459459459,0.6550675675675676,0.6844594594594594,0.6023648648648648,0.6743918918918919,False
USA30IDXUSD1440_comma,daily,30,150,long_only,price_slow,0.0025,0.0152147365537183,-0.1944244779541333,-0.23753008151602706,0.04627892540766458,-0.32876166461718404,56,0.26785714285714285,1.18828349751545,263.4004557120043,0.6773648648648649,0.6611486486486486,0.6858108108108109,0.6682432432432432,0.6736317567567568,False
USA30IDXUSD1440_comma,daily,50,500,long_only,combined,0.001,0.015632197955392835,-0.23638194902841436,-0.2934971737775784,0.05712775132108213,-0.27363580035792534,88,0.3068181818181818,1.2698796018166143,260.44131197691416,0.6425675675675676,0.6868243243243243,0.6895270270270271,0.7114864864864865,0.6733614864864865,False
USA30IDXUSD1440_comma,daily,60,400,long_only,fast_slope,0.0025,0.014356660223072026,-0.24486076813768187,-0.3040427631450259,0.06842319254206311,-0.2098215486546653,96,0.3125,1.2346214175065786,217.5094721838782,0.6351351351351351,0.7152027027027027,0.677027027027027,0.6976351351351351,0.6729054054054053,False
USA30IDXUSD1440_comma,daily,50,75,long_only,slow_slope,0.005,0.014700913400695459,-0.22767234774695883,-0.2815938057989201,0.051287705108496125,-0.28663620978159465,45,0.37777777777777777,1.2861883809926513,336.86832322963323,0.6506756756756756,0.6739864864864865,0.6797297297297298,0.7202702702702702,0.6727533783783785,False
USA30IDXUSD1440_comma,daily,30,250,long_only,combined,0.001,0.01486355462550959,-0.2857346898349558,-0.35312042140897243,0.08964531232198451,-0.1658040363797636,107,0.40186915887850466,1.3254601196892204,202.6822737681302,0.5834459459459459,0.7668918918918919,0.6820945945945946,0.7375,0.6721452702702703,False
USA30IDXUSD1440_comma,daily,30,75,long_only,slow_slope,0.001,0.013859920100190104,-0.21293198619818798,-0.26121714939149077,0.05649457098252013,-0.24533189400585897,78,0.34615384615384615,1.1765944672561657,171.67542564409442,0.6638513513513513,0.6847972972972973,0.6739864864864865,0.6614864864864864,0.6707601351351352,False
USA30IDXUSD1440_comma,daily,60,75,long_only,fast_slope,0.0,0.013549215810872317,-0.2254273474240619,-0.2793787823710524,0.05400389696596774,-0.250893297930162,93,0.3763440860215054,1.2332911061480967,210.8285492699477,0.652027027027027,0.6793918918918919,0.6709459459459459,0.6969594594594595,0.6693918918918919,False
USA30IDXUSD1440_comma,daily,5,50,long_only,slow_slope,0.005,0.013769821381071079,-0.24813551523470712,-0.31596121486179446,0.06656964394076068,-0.2068483555856876,98,0.3469387755102041,1.230687263045462,203.6107378421846,0.6324324324324324,0.710472972972973,0.6726351351351352,0.6945945945945946,0.6693074324324324,False
USA30IDXUSD1440_comma,daily,50,500,long_only,fast_slope,0.0,0.015019274415485562,-0.2392051441220883,-0.2969711280729159,0.05488782679693165,-0.2736358003579251,91,0.32967032967032966,1.2437270494516381,241.05093036632687,0.6408783783783784,0.6814189189189189,0.6837837837837838,0.702027027027027,0.668766891891892,False
USA30IDXUSD1440_comma,daily,5,75,long_only,slow_slope,0.005,0.013135147959122184,-0.24209358695915703,-0.2981995089777782,0.05835214422939688,-0.2251013760091597,81,0.37037037037037035,1.2810122227003808,234.05719551145515,0.6378378378378379,0.6898648648648649,0.6662162162162162,0.7192567567567567,0.668733108108108,False
USA30IDXUSD1440_comma,daily,30,300,long_only,combined,0.005,0.01527373446049518,-0.2774059205977487,-0.34609119884671946,0.07534676634390286,-0.20271254098393232,108,0.4166666666666667,1.3145030509330535,206.8789988295583,0.5956081081081082,0.7324324324324324,0.6864864864864865,0.7337837837837838,0.6687162162162162,False
USA30IDXUSD1440_comma,daily,30,50,long_only,fast_slope,0.005,0.014842195895562682,-0.2579145328685459,-0.3284704195393396,0.061381027529831454,-0.24180429186118313,88,0.45454545454545453,1.2866866899889886,246.05610543722568,0.6239864864864865,0.697972972972973,0.6817567567567567,0.7206081081081082,0.6685304054054054,False
USA30IDXUSD1440_comma,daily,40,50,long_only,slow_slope,0.0,0.01349867181957154,-0.21246564605931423,-0.2654437232985286,0.05181081260249855,-0.26053773607327235,85,0.3411764705882353,1.186453340742081,229.73799285649807,0.6641891891891892,0.675,0.6702702702702703,0.6662162162162162,0.6684121621621621,False
USA30IDXUSD1440_comma,daily,50,75,long_only,fast_slope,0.0,0.01362652030566136,-0.22880507347480014,-0.2847321926950156,0.052443202972341715,-0.2598338685157716,86,0.3488372093023256,1.2308650099767888,229.4008595478864,0.65,0.6766891891891892,0.6716216216216216,0.6952702702702702,0.6677871621621623,False
USA30IDXUSD1440_comma,daily,40,50,long_only,fast_slope,0.0,0.01388789600632867,-0.2251712102992068,-0.28256745052288634,0.05126880783654899,-0.2708839271356752,83,0.37349397590361444,1.2107747206709003,242.6487985451219,0.6523648648648649,0.6736486486486486,0.6743243243243243,0.6844594594594594,0.6668918918918919,False
USA30IDXUSD1440_comma,daily,100,200,long_only,combined,0.0025,0.014904815502533086,-0.22048706988621364,-0.27337055425732104,0.04502434259523293,-0.33103904784411387,68,0.3088235294117647,1.2149267406826751,220.99371057242766,0.6560810810810811,0.6557432432432433,0.6824324324324325,0.6864864864864865,0.6658277027027028,False
USA30IDXUSD1440_comma,daily,30,50,long_only,price_slow,0.0,0.012953498804134433,-0.2539365234283051,-0.3195177837968337,0.06379111616976463,-0.20306117186697015,96,0.3958333333333333,1.2367683965787621,194.53334395056947,0.6283783783783784,0.7054054054054054,0.6648648648648648,0.6996621621621621,0.665625,False
USA30IDXUSD1440_comma,daily,40,150,long_only,fast_slope,0.001,0.014677843783259314,-0.2450812489876106,-0.3086003253441096,0.055254926143286254,-0.2656386463208176,93,0.40860215053763443,1.2364206984133568,230.011822362386,0.6347972972972973,0.6820945945945946,0.6790540540540541,0.6989864864864865,0.6651013513513514,False
USA30IDXUSD1440_comma,daily,50,75,long_only,slow_slope,0.0025,0.013658197196413813,-0.22514849502830603,-0.27552868712459605,0.055339098275695914,-0.2468091751038214,60,0.38333333333333336,1.172957747919252,207.72000466101045,0.6527027027027027,0.6824324324324325,0.6719594594594595,0.6594594594594595,0.665,False
USA30IDXUSD1440_comma,daily,100,300,long_short,none,0.005,0.010230843578066029,-0.10722232339981513,-0.1360257856679648,0.01965882314421764,-0.5204199408587327,10,0.4,0.9917461015462751,-54.51990723689259,0.7614864864864865,0.5969594594594595,0.6337837837837837,0.5614864864864865,0.6648141891891893,True
USA30IDXUSD1440_comma,daily,40,400,long_only,slow_slope,0.0025,0.014372374413303746,-0.16508238386713156,-0.19881160727933245,0.04580447875921208,-0.31377661754120956,26,0.23076923076923078,0.9513503490344314,-84.58336557805086,0.710472972972973,0.6587837837837838,0.6777027027027027,0.5344594594594595,0.6645945945945946,False
USA30IDXUSD1440_comma,daily,75,100,long_only,combined,0.0,0.013308646003469482,-0.26319360702178807,-0.33034340655764227,0.058647103630726415,-0.22692759197910006,87,0.3793103448275862,1.3241105396879138,221.0336859076578,0.6175675675675676,0.6912162162162162,0.6682432432432432,0.7361486486486486,0.663902027027027,False
USA30IDXUSD1440_comma,daily,50,250,long_only,fast_slope,0.001,0.014199303179823541,-0.24668519999878222,-0.3068527539508535,0.054366312976634405,-0.2611783364070712,94,0.35106382978723405,1.2373548545393631,219.48592538618325,0.6341216216216217,0.6800675675675676,0.6760135135135135,0.7,0.6638682432432432,False
USA30IDXUSD1440_comma,daily,100,150,long_only,slow_slope,0.005,0.012946934291334866,-0.2264290098503664,-0.2804678160521864,0.0443977254521056,-0.29161255806452235,43,0.3488372093023256,1.2726012451361581,430.4388580084531,0.6510135135135136,0.654054054054054,0.6641891891891892,0.7131756756756756,0.663733108108108,False
USA30IDXUSD1440_comma,daily,40,150,long_only,fast_slope,0.0,0.014338705942101848,-0.24794829424489112,-0.31173362837604784,0.05606779257683473,-0.2557387277633988,95,0.3894736842105263,1.229696499423617,219.49945389476963,0.6331081081081081,0.683445945945946,0.6766891891891892,0.6942567567567568,0.6635810810810812,False
USA30IDXUSD1440_comma,daily,75,400,long_short,none,0.0025,0.010955801835753398,-0.09863655685465375,-0.12294105021161575,0.020686235527289404,-0.5296179588258308,9,0.5555555555555556,0.935910336109719,-478.09820897884777,0.7675675675675676,0.5989864864864864,0.643581081081081,0.5199324324324325,0.6634797297297297,True
USA30IDXUSD1440_comma,daily,20,250,long_short,price_slow,0.0,0.006190915929165985,-0.1410285692143557,-0.16772944675321835,0.01441619253087969,-0.42944181800464687,60,0.26666666666666666,1.2169074134783984,298.6874938869242,0.7320945945945946,0.585472972972973,0.6006756756756757,0.6888513513513513,0.662668918918919,False
USA30IDXUSD1440_comma,daily,30,200,long_only,fast_slope,0.001,0.014261067703460473,-0.2749634036928962,-0.3415663026670612,0.07197746349267242,-0.19813240160807144,110,0.4090909090909091,1.2750955216046076,188.4495177334399,0.5989864864864864,0.7219594594594595,0.6763513513513514,0.7148648648648649,0.6625844594594595,False
USA30IDXUSD1440_comma,daily,75,300,long_only,slow_slope,0.001,0.013798358365890273,-0.17852214630657565,-0.21596074126678605,0.044343540337026636,-0.31116952460308434,32,0.25,1.018519892663606,32.52049512500139,0.6952702702702702,0.6533783783783784,0.672972972972973,0.5766891891891892,0.6625506756756757,False
USA30IDXUSD1440_comma,daily,100,300,long_short,none,0.0025,0.009707034038134443,-0.1085101388497,-0.1383835486040497,0.01823430094724334,-0.5323502154658664,10,0.4,0.9912265986408243,-57.90475688592583,0.760472972972973,0.5935810810810811,0.6263513513513513,0.5608108108108109,0.6619763513513515,True
USA30IDXUSD1440_comma,daily,40,400,long_only,fast_slope,0.0025,0.014706284344663256,-0.25335309141542034,-0.3212802417534553,0.05006267414295201,-0.29375746694373606,89,0.34831460674157305,1.2478057493030623,240.85811545034832,0.6287162162162162,0.6709459459459459,0.6800675675675676,0.7043918918918919,0.6608952702702703,False
USA30IDXUSD1440_comma,daily,50,250,long_only,fast_slope,0.0,0.013802262519807984,-0.25102967903958423,-0.3122749961025237,0.05192106725875721,-0.2658316411529472,94,0.35106382978723405,1.2311702778517073,212.81839269445,0.6304054054054054,0.6753378378378379,0.6733108108108108,0.6956081081081081,0.6599999999999999,False
USA30IDXUSD1440_comma,daily,20,300,long_short,fast_slope,0.005,0.009918414555039945,-0.18338958752358603,-0.22434205025042114,0.037898975736118064,-0.2617066652170129,179,0.37988826815642457,1.1852565996565647,134.41580948193882,0.6891891891891891,0.6351351351351351,0.6293918918918919,0.6641891891891892,0.6599662162162162,False
USA30IDXUSD1440_comma,daily,100,300,long_only,slow_slope,0.005,0.013611029195023772,-0.18374583587571625,-0.22337690762502863,0.04077068301915084,-0.333843541169776,30,0.26666666666666666,1.0388804823118598,73.70198139814921,0.6885135135135135,0.6429054054054054,0.6712837837837838,0.589527027027027,0.6588175675675676,False
USA30IDXUSD1440_comma,daily,50,300,long_only,slow_slope,0.001,0.01342880702741156,-0.18245908382812306,-0.22070697138796255,0.044006479648306146,-0.30515522111136306,30,0.2,1.0008529634906853,1.5564532781674036,0.6912162162162162,0.652027027027027,0.6695945945945946,0.5685810810810811,0.6586993243243243,False
USA30IDXUSD1440_comma,daily,5,150,long_only,price_slow,0.0,0.013671751000657872,-0.19564205188071723,-0.23759775039888165,0.03454305432995425,-0.3957887125459638,64,0.328125,1.1356797692680343,164.74096222588133,0.6766891891891892,0.629054054054054,0.6722972972972973,0.6402027027027027,0.658429054054054,False
USA30IDXUSD1440_comma,daily,100,150,long_only,none,0.005,0.010917390193769805,-0.1826551907594325,-0.2206364768561499,0.023273624949964232,-0.4690885161740386,20,0.5,1.2052945579507763,769.4334397645829,0.6908783783783784,0.6050675675675675,0.6422297297297297,0.6800675675675676,0.6580743243243243,False
USA30IDXUSD1440_comma,daily,100,500,long_short,slow_slope,0.0,0.01685712216413826,-0.1086900452837409,-0.13477470538774777,0.038751596837805,-0.4350045814807021,37,0.1891891891891892,0.7726983199868269,-423.2213249878633,0.7597972972972973,0.6375,0.697972972972973,0.36452702702702705,0.6575675675675676,False
USA30IDXUSD1440_comma,daily,50,300,long_only,slow_slope,0.0,0.013324140596787881,-0.1830506778652039,-0.22132984788597818,0.04387841654509376,-0.30366047013329867,30,0.2,0.9953120738176743,-8.66720452447659,0.6898648648648649,0.6513513513513514,0.668581081081081,0.5645270270270271,0.6571790540540541,False
USA30IDXUSD1440_comma,daily,30,300,long_only,fast_slope,0.005,0.01406848928818083,-0.28124470194635226,-0.34879864416617684,0.06680347177695523,-0.21059518186649018,111,0.42342342342342343,1.273136813852231,184.00763301239797,0.5891891891891892,0.7125,0.675,0.7135135135135136,0.6558277027027027,False
USA30IDXUSD1440_comma,daily,30,250,long_only,combined,0.005,0.013837767726724293,-0.29973925345333796,-0.3704496701715878,0.08134088541974709,-0.17012069213798975,106,0.4056603773584906,1.2956638814088377,189.25332792507027,0.5635135135135135,0.7469594594594594,0.6736486486486486,0.7253378378378378,0.6556756756756756,False
USA30IDXUSD1440_comma,daily,75,150,long_only,combined,0.005,0.0131697005010174,-0.2626513658314326,-0.32381520865958596,0.05059096995365959,-0.26031721694762144,64,0.3125,1.2697113787193215,261.38006750945414,0.6179054054054054,0.6726351351351352,0.6665540540540541,0.7111486486486487,0.6553040540540541,False
USA30IDXUSD1440_comma,daily,100,500,long_short,slow_slope,0.005,0.016442935459577868,-0.11659912312528778,-0.1450017753542631,0.04085556874917261,-0.40246497510601575,38,0.21052631578947367,0.7653219172075904,-435.6295388229801,0.7557432432432433,0.643581081081081,0.6962837837837837,0.35202702702702704,0.6552533783783784,False
USA30IDXUSD1440_comma,daily,100,250,long_only,combined,0.001,0.01322639341237708,-0.24461178511487072,-0.3039807569002795,0.04682165103770222,-0.2824845583024568,68,0.29411764705882354,1.2016700395289395,184.1535732873492,0.6358108108108108,0.6625,0.6675675675675675,0.6780405405405405,0.6551689189189188,False
USA30IDXUSD1440_comma,daily,50,300,long_only,slow_slope,0.0025,0.013108572738769642,-0.1856383681807006,-0.22444551933273751,0.042370557352402145,-0.3093792850007546,30,0.2,1.0113909065517688,20.682577816224057,0.6851351351351351,0.6476351351351352,0.6655405405405406,0.5736486486486486,0.6551182432432433,False
USA30IDXUSD1440_comma,daily,60,75,long_only,fast_slope,0.001,0.011961179859691917,-0.24768672049218826,-0.3077738002904235,0.04794269675930406,-0.24948909152405274,85,0.4,1.2163422724545494,201.6218133064528,0.6337837837837837,0.6668918918918919,0.6567567567567567,0.6881756756756757,0.6548141891891892,False
USA30IDXUSD1440_comma,daily,5,100,long_only,slow_slope,0.0,0.01218011194108537,-0.23340491398351967,-0.28740293372366355,0.04891325727099363,-0.2490145334955719,71,0.323943661971831,1.149168758362435,154.73869758619668,0.6472972972972973,0.668581081081081,0.6581081081081082,0.6459459459459459,0.6545777027027027,False
USA30IDXUSD1440_comma,daily,100,300,long_only,slow_slope,0.001,0.013134354687346805,-0.18539442830952563,-0.22512556994517208,0.038321289358013884,-0.3427430263277429,30,0.26666666666666666,1.0277134699915929,53.47552435828625,0.6858108108108109,0.6371621621621621,0.6658783783783784,0.5831081081081081,0.6542567567567568,False
USA30IDXUSD1440_comma,daily,100,250,long_only,combined,0.0025,0.013185398776639046,-0.2450947039209269,-0.3045802831517925,0.04638830034157882,-0.2842397475128161,68,0.29411764705882354,1.200130931555478,183.26312587031717,0.6344594594594595,0.6614864864864864,0.6668918918918919,0.6773648648648649,0.6541385135135136,False
USA30IDXUSD1440_comma,daily,50,200,long_only,fast_slope,0.005,0.013386794686764292,-0.25690121750388545,-0.31817939213674556,0.04689237273787078,-0.28547914948976283,96,0.34375,1.217445435308035,201.58664703850386,0.6260135135135135,0.6635135135135135,0.6692567567567568,0.6891891891891891,0.6535135135135135,False
USA30IDXUSD1440_comma,daily,30,50,long_only,combined,0.001,0.012952581403857355,-0.2785451928354761,-0.3508272733697575,0.06431675681880845,-0.20138735291561793,104,0.4423076923076923,1.2565294575256458,179.5554919478924,0.5942567567567567,0.706418918918919,0.664527027027027,0.7070945945945946,0.653277027027027,False
USA30IDXUSD1440_comma,daily,50,250,long_only,fast_slope,0.005,0.013218115626450588,-0.260252461875952,-0.32404455716360364,0.0492427036646365,-0.26842790185671994,93,0.34408602150537637,1.2236592761911484,205.25051145051196,0.6206081081081081,0.6695945945945946,0.6672297297297297,0.6922297297297297,0.6529222972972973,False
USA30IDXUSD1440_comma,daily,5,75,long_only,slow_slope,0.0,0.01116491255012586,-0.24992801399036196,-0.3039845343770357,0.04729774626982139,-0.23605591028445472,81,0.35802469135802467,1.232054113089607,196.51335368954847,0.6317567567567568,0.6652027027027027,0.6452702702702703,0.6959459459459459,0.6524493243243245,False
USA30IDXUSD1440_comma,daily,10,50,long_only,price_slow,0.0025,0.011595869082282828,-0.2590958231541797,-0.32510086688881723,0.05819235389316542,-0.1992679159116253,87,0.40229885057471265,1.1931598310369365,190.5350717709038,0.6219594594594594,0.6891891891891891,0.6510135135135136,0.6722972972972973,0.6521283783783783,False
USA30IDXUSD1440_comma,daily,20,200,long_short,fast_slope,0.001,0.008256437435317343,-0.18492989586300493,-0.22789011118896474,0.029765070770753757,-0.2773867900031961,191,0.39790575916230364,1.1804246126394227,122.92231548676614,0.6868243243243243,0.6179054054054054,0.6148648648648649,0.6628378378378378,0.6516047297297297,False
USA30IDXUSD1440_comma,daily,50,200,long_only,fast_slope,0.0025,0.012914855155742755,-0.259716644553979,-0.32192850503507164,0.04908965479462518,-0.26308710480393926,95,0.3473684210526316,1.2065357518074324,195.94721020609228,0.6212837837837838,0.6692567567567568,0.6638513513513513,0.6814189189189189,0.6508108108108109,False
USA30IDXUSD1440_comma,daily,50,100,long_only,slow_slope,0.001,0.011805320676606668,-0.23150496116205907,-0.2855501815623211,0.04410542307282503,-0.2676614315004805,71,0.29577464788732394,1.1527212430939482,181.1115089322687,0.647972972972973,0.6527027027027027,0.6543918918918918,0.6486486486486487,0.6505405405405406,False
USA30IDXUSD1440_comma,daily,20,50,long_only,slow_slope,0.005,0.011787128050324336,-0.2545325888310467,-0.31933880318938473,0.048494320385464036,-0.24306203193760967,75,0.3466666666666667,1.1953121673504667,224.93481538683582,0.6280405405405406,0.6675675675675675,0.6533783783783784,0.6746621621621621,0.6499831081081082,False
USA30IDXUSD1440_comma,daily,20,50,long_only,slow_slope,0.001,0.01162318398371065,-0.242027218015773,-0.3027209328264041,0.04458855485188817,-0.2606764005319282,82,0.32926829268292684,1.1868974514690738,202.6638366495024,0.6381756756756757,0.6547297297297298,0.6516891891891892,0.6668918918918919,0.6493243243243243,False
USA30IDXUSD1440_comma,daily,30,250,long_short,none,0.0,0.0042120003621566315,-0.13820171164661105,-0.1634376840999066,0.009180040735470397,-0.45882153288079097,20,0.3,1.1338414984784653,535.7693722743218,0.7341216216216216,0.5712837837837837,0.5837837837837838,0.639527027027027,0.6491554054054054,False
USA30IDXUSD1440_comma,daily,100,150,long_only,fast_slope,0.005,0.011476790129088199,-0.25776916205630435,-0.32086259680682067,0.04444290077533581,-0.2582367471264927,57,0.3333333333333333,1.2465115997481186,284.9300334870068,0.6246621621621622,0.6543918918918918,0.6496621621621622,0.7037162162162162,0.6489527027027028,False
USA30IDXUSD1440_comma,daily,50,100,long_only,fast_slope,0.0025,0.01236116582774982,-0.250911737974879,-0.3083989281818577,0.040675704246996736,-0.3038955577188931,82,0.3170731707317073,1.2158927060521842,216.52806885725215,0.6314189189189189,0.6425675675675676,0.6597972972972973,0.6871621621621622,0.6482432432432431,False
USA30IDXUSD1440_comma,daily,30,200,long_only,fast_slope,0.0,0.013335732484806906,-0.2838550532702293,-0.3510220988812157,0.061190130703207564,-0.2179392711136643,112,0.4107142857142857,1.2503880195281938,172.07443967626477,0.585472972972973,0.6969594594594595,0.668918918918919,0.706081081081081,0.6481250000000001,False
USA30IDXUSD1440_comma,daily,20,100,long_only,price_slow,0.0025,0.011271382973491173,-0.23690218381539488,-0.2928020898535204,0.037658423046569765,-0.2993057611454567,75,0.3333333333333333,1.2181926815265953,214.4008385315942,0.6422297297297297,0.6337837837837837,0.6462837837837838,0.6902027027027027,0.648125,False
USA30IDXUSD1440_comma,daily,20,200,long_short,none,0.0025,0.0032163258430486508,-0.14659880863385838,-0.17615005648601045,0.008280778318385149,-0.38840863979025986,28,0.35714285714285715,1.176660692737591,517.525558203955,0.7283783783783784,0.5685810810810811,0.5743243243243243,0.6618243243243244,0.6476351351351352,False
USA30IDXUSD1440_comma,daily,5,75,long_only,slow_slope,0.001,0.010978662877581424,-0.2529903392322912,-0.307928093312251,0.043098483340929174,-0.2547343207122873,81,0.35802469135802467,1.2249014882589695,193.01058570417086,0.6293918918918919,0.6493243243243243,0.643918918918919,0.6932432432432433,0.6468581081081081,False
USA30IDXUSD1440_comma,daily,20,50,long_only,price_slow,0.0,0.01143555810516883,-0.2653710163292044,-0.3331161006447523,0.05131837703247363,-0.22283553702278136,90,0.4,1.2044362804553286,181.4557595401679,0.614527027027027,0.6743243243243243,0.647972972972973,0.6797297297297298,0.645945945945946,False
USA30IDXUSD1440_comma,daily,100,150,long_short,none,0.001,0.004198657657338067,-0.1416338811982656,-0.17273859964886554,0.007372767568191519,-0.5694818965204358,23,0.5217391304347826,1.11880000600313,581.6557412549973,0.731418918918919,0.5662162162162162,0.5834459459459459,0.6341216216216217,0.645929054054054,False
USA30IDXUSD1440_comma,daily,30,50,long_only,price_slow,0.0025,0.011926700187898875,-0.27477474886064807,-0.3457314609100903,0.05616469587581419,-0.21235226153934872,89,0.4044943820224719,1.2203254014046394,191.96369909379354,0.5996621621621622,0.6837837837837838,0.6557432432432433,0.691554054054054,0.6456925675675675,False
USA30IDXUSD1440_comma,daily,30,75,long_only,fast_slope,0.0,0.011914757272819543,-0.27253481152747483,-0.33921271033116207,0.05556350000012004,-0.2144349667100489,109,0.43119266055045874,1.207252904282386,156.57235864841675,0.6030405405405406,0.6827702702702703,0.6554054054054054,0.6824324324324325,0.6453547297297297,False
USA30IDXUSD1440_comma,daily,60,250,long_only,fast_slope,0.0,0.011515143151517915,-0.271841216823271,-0.3359047510161532,0.05688016006480046,-0.20244568823996523,102,0.30392156862745096,1.1935837562822003,161.30246339830174,0.6043918918918919,0.6858108108108109,0.6503378378378378,0.672972972972973,0.644222972972973,False
USA30IDXUSD1440_comma,daily,50,100,long_only,fast_slope,0.005,0.01204448909360556,-0.26483519257477023,-0.32779868011824925,0.04250892313830425,-0.2833402543371517,73,0.3013698630136986,1.2326112699414502,236.5234099591632,0.6152027027027027,0.647972972972973,0.6577702702702702,0.6966216216216217,0.6441216216216217,False
USA30IDXUSD1440_comma,daily,100,500,long_short,slow_slope,0.001,0.015112559423991812,-0.12303482191449774,-0.15247008880282328,0.03449048657416838,-0.43816602562256546,38,0.21052631578947367,0.757938114792108,-471.59532397122626,0.7469594594594594,0.6283783783783784,0.6841216216216216,0.3422297297297297,0.6440371621621622,False
USA30IDXUSD1440_comma,daily,50,150,long_only,fast_slope,0.0,0.01195060276403015,-0.2656111765242577,-0.32978681645555313,0.04645885442729795,-0.25722982004929296,92,0.33695652173913043,1.1981632253926704,186.10399201623397,0.6141891891891892,0.6618243243243244,0.6564189189189189,0.6753378378378379,0.6437162162162162,False
USA30IDXUSD1440_comma,daily,75,400,long_short,none,0.001,0.00792218867358363,-0.11678695317854447,-0.14557233848390463,0.015066374561000623,-0.5258191771025161,11,0.36363636363636365,0.8935950023871237,-699.2520721060149,0.7554054054054054,0.5871621621621622,0.6128378378378379,0.48074324324324325,0.6436317567567568,True
USA30IDXUSD1440_comma,daily,5,150,long_only,slow_slope,0.001,0.011890681732398933,-0.22879977217964875,-0.28215118548132945,0.0344454574302694,-0.3452031884456799,58,0.27586206896551724,1.110123435355471,137.71085881767107,0.6503378378378378,0.6280405405405406,0.6550675675675676,0.6324324324324324,0.6430236486486487,False
USA30IDXUSD1440_comma,daily,30,250,long_only,fast_slope,0.001,0.013063788774975826,-0.2913476615737219,-0.36038254825477917,0.06114263094357942,-0.21366088722990506,111,0.42342342342342343,1.2367669606680962,169.79472704325627,0.577027027027027,0.6966216216216217,0.6652027027027027,0.6993243243243243,0.6429054054054054,False
USA30IDXUSD1440_comma,daily,30,100,long_only,price_slow,0.0,0.01079918854182016,-0.24459058432395542,-0.3001097279792169,0.03912381079829068,-0.27602598830408354,77,0.33766233766233766,1.1916682407995787,199.4943147030742,0.6361486486486486,0.6385135135135135,0.6405405405405405,0.6706081081081081,0.6427871621621623,False
USA30IDXUSD1440_comma,daily,60,100,long_only,fast_slope,0.0025,0.011247020378019723,-0.2666339334985026,-0.3336897664638546,0.04337813640299749,-0.25927855160791413,84,0.32142857142857145,1.2478900271194027,190.98649176926912,0.6121621621621621,0.65,0.6459459459459459,0.7047297297297297,0.6422635135135135,False
USA30IDXUSD1440_comma,daily,40,75,long_only,slow_slope,0.005,0.011349585681255103,-0.25980281152039125,-0.3223803673092905,0.04751531225153779,-0.23886164571901314,57,0.3333333333333333,1.1490550417497383,170.38589481034364,0.620945945945946,0.6658783783783784,0.6472972972972973,0.6456081081081081,0.6411486486486486,False
USA30IDXUSD1440_comma,daily,5,150,long_only,price_slow,0.001,0.011459284825125149,-0.21935121408760708,-0.2666453101621446,0.0291257215303538,-0.3934420925223324,65,0.3076923076923077,1.094068813842807,113.48258942548239,0.6581081081081082,0.6162162162162163,0.6489864864864865,0.6239864864864865,0.6406925675675677,False
USA30IDXUSD1440_comma,daily,50,300,long_only,fast_slope,0.0025,0.012317805124402836,-0.2717574534551916,-0.33900263602048913,0.04565701565916877,-0.26978997524401693,93,0.3333333333333333,1.2031929816922777,190.19593264213296,0.6054054054054054,0.658445945945946,0.6591216216216216,0.6790540540540541,0.6404560810810811,False
USA30IDXUSD1440_comma,daily,20,500,long_short,combined,0.005,0.010502630051848705,-0.25786601863144976,-0.3170603696609737,0.039749089209944403,-0.2642231623566651,151,0.3973509933774834,1.2064064615253562,131.63804503690713,0.6243243243243243,0.6391891891891892,0.6375,0.6810810810810811,0.6391891891891891,False
USA30IDXUSD1440_comma,daily,50,150,long_only,fast_slope,0.001,0.011634182846495866,-0.26920325145063667,-0.33435702345416374,0.045420883093218144,-0.25614171399131125,92,0.34782608695652173,1.192181809161853,180.81851809012954,0.6087837837837838,0.6577702702702702,0.652027027027027,0.6716216216216216,0.6391047297297298,False
USA30IDXUSD1440_comma,daily,75,100,long_only,combined,0.005,0.012587688067471348,-0.3090237160354878,-0.39441179912964863,0.06295560662911853,-0.1999454654075119,64,0.46875,1.3354721778253558,282.9111174202613,0.5493243243243243,0.7016891891891892,0.6625,0.7429054054054054,0.6390878378378378,False
USA30IDXUSD1440_comma,daily,10,150,long_only,price_slow,0.001,0.011232563259538031,-0.22294828754183396,-0.27155322740717724,0.02791249320604055,-0.40242063568535646,62,0.25806451612903225,1.1042508474539776,131.2852225805016,0.654054054054054,0.6135135135135135,0.6456081081081081,0.6287162162162162,0.638429054054054,False
USA30IDXUSD1440_comma,daily,20,250,long_short,price_slow,0.001,0.0027363386755288044,-0.1643701967392196,-0.19537044895998637,0.006371849598259655,-0.42944181800464676,59,0.2542372881355932,1.1622714190327068,228.254496755499,0.7121621621621622,0.5645270270270271,0.5706081081081081,0.654054054054054,0.6382263513513514,False
USA30IDXUSD1440_comma,daily,50,200,long_only,fast_slope,0.0,0.011803013784217553,-0.2701369879206554,-0.33437306030235897,0.04549005217514438,-0.25946362380007737,95,0.3473684210526316,1.1857741090262761,177.8371010793508,0.6074324324324324,0.6581081081081082,0.654054054054054,0.664527027027027,0.6379898648648649,False
USA30IDXUSD1440_comma,daily,20,150,long_only,price_slow,0.005,0.010946026238165985,-0.23408938093888637,-0.28696614972980744,0.03194572605987803,-0.34264446573069307,55,0.2727272727272727,1.1088366440390638,148.89868713443158,0.6462837837837838,0.6222972972972973,0.6429054054054054,0.6310810810810811,0.6373310810810812,False
USA30IDXUSD1440_comma,daily,100,250,long_only,combined,0.005,0.011697379995498691,-0.26197716167012397,-0.32512616987078496,0.04080236710214155,-0.28668385748837455,68,0.29411764705882354,1.1646723510103716,151.2401421107059,0.6189189189189189,0.6432432432432432,0.6530405405405405,0.6550675675675676,0.6372466216216216,False
USA30IDXUSD1440_comma,daily,40,300,long_only,combined,0.0,0.012746978630937322,-0.2872229143284509,-0.36440977166070554,0.05021637738133807,-0.2538410633275686,96,0.34375,1.2287337884069738,191.1845942630288,0.5817567567567568,0.6712837837837838,0.6631756756756757,0.6939189189189189,0.6372466216216216,False
USA30IDXUSD1440_comma,daily,40,400,long_only,fast_slope,0.0,0.01277089454862912,-0.27163710027381743,-0.3420942487187183,0.04025380907780099,-0.3172592815737272,89,0.3595505617977528,1.203991292169954,206.63942162467168,0.6057432432432432,0.6408783783783784,0.6635135135135135,0.6793918918918919,0.6371283783783783,False
USA30IDXUSD1440_comma,daily,5,150,long_only,none,0.005,0.010631549832787135,-0.2232378654177325,-0.2729148072125946,0.02928350156184684,-0.3630559620861348,43,0.2558139534883721,1.0935795597327802,150.3714431961463,0.6533783783783784,0.6165540540540541,0.6388513513513514,0.6236486486486487,0.6368074324324325,False
USA30IDXUSD1440_comma,daily,20,150,long_only,price_slow,0.0025,0.010951890996903746,-0.23217464991857664,-0.284569057127416,0.030614552666135553,-0.35773480397831314,58,0.22413793103448276,1.101630943282997,136.66563135042432,0.6476351351351352,0.6195945945945946,0.6432432432432432,0.6280405405405406,0.6368074324324324,False
USA30IDXUSD1440_comma,daily,50,300,long_only,fast_slope,0.005,0.011988583874916303,-0.2759717872071906,-0.3440253097733287,0.045098408236582385,-0.26583164115294755,93,0.34408602150537637,1.1987463346365619,184.73184123655622,0.5972972972972973,0.6560810810810811,0.6574324324324324,0.6766891891891892,0.6359290540540541,False
USA30IDXUSD1440_comma,daily,75,400,long_short,none,0.0,0.006987713447389687,-0.12207600122985553,-0.1522740033175355,0.01327487950957242,-0.5263862050386896,12,0.3333333333333333,0.8732205877371637,-809.7630366030365,0.7493243243243243,0.5817567567567568,0.6050675675675675,0.46418918918918917,0.6358108108108107,True
USA30IDXUSD1440_comma,daily,75,300,long_only,slow_slope,0.0025,0.011063443918744253,-0.20364700479639566,-0.24622593985638294,0.0345036759452639,-0.320645369388906,31,0.22580645161290322,0.9589114982683098,-75.16953600926337,0.6709459459459459,0.6287162162162162,0.6442567567567568,0.5408783783783784,0.6355405405405405,False
USA30IDXUSD1440_comma,daily,60,75,long_only,fast_slope,0.0025,0.010893402845519429,-0.27207775815337426,-0.33950359696388166,0.04308603363594899,-0.25282909393707753,70,0.4142857142857143,1.2176416804164552,221.4884376803246,0.6037162162162162,0.6489864864864865,0.6418918918918919,0.6895270270270271,0.6355405405405405,False
USA30IDXUSD1440_comma,daily,100,500,long_short,slow_slope,0.0025,0.014010549012085649,-0.13370601520044306,-0.16633774815417943,0.0327576671623885,-0.4277028929633975,39,0.20512820512820512,0.7515318891233977,-503.5868198273279,0.7368243243243243,0.6239864864864865,0.6746621621621621,0.3314189189189189,0.6353716216216216,False
USA30IDXUSD1440_comma,daily,30,250,long_only,fast_slope,0.005,0.012584447503305007,-0.29975725087736316,-0.3706462079541733,0.058619545304302065,-0.21468006000349238,109,0.42201834862385323,1.228195225554246,166.0668188091751,0.5631756756756757,0.6908783783783784,0.6621621621621622,0.6935810810810811,0.6344594594594595,False
USA30IDXUSD1440_comma,daily,60,300,long_only,combined,0.0,0.011283259856205374,-0.28698057951858985,-0.35736218863944536,0.05585784276728285,-0.20199956348500847,101,0.297029702970297,1.194793791564803,159.38812760477524,0.5824324324324325,0.6831081081081081,0.6466216216216216,0.6743243243243243,0.6342229729729729,False
USA30IDXUSD1440_comma,daily,40,75,long_only,fast_slope,0.005,0.011423535714174538,-0.2861761040462661,-0.3589864584595175,0.047017117561871116,-0.24296546250718143,66,0.42424242424242425,1.234694147493277,247.16097139949906,0.5831081081081081,0.6648648648648648,0.6476351351351352,0.697972972972973,0.6336824324324324,False
USA30IDXUSD1440_comma,daily,40,75,long_only,slow_slope,0.001,0.010633826359115472,-0.24881750327724367,-0.3049610709397262,0.035599119182257444,-0.29871037832911773,67,0.29850746268656714,1.1234782904920486,129.60472762248529,0.6320945945945946,0.6293918918918919,0.6391891891891892,0.635472972972973,0.6333445945945947,False
USA30IDXUSD1440_comma,daily,30,75,long_only,slow_slope,0.0025,0.010185639225402277,-0.2575312540779408,-0.31669572174163724,0.04100884587200672,-0.24837663701126378,74,0.25675675675675674,1.108731073912878,108.70352926378817,0.6253378378378378,0.6445945945945946,0.6327702702702702,0.6304054054054054,0.6323986486486486,False
USA30IDXUSD1440_comma,daily,60,300,long_only,combined,0.001,0.011118365200506908,-0.2889095195650067,-0.35976532187713944,0.05504153082653599,-0.20199956348500847,101,0.297029702970297,1.191989687731119,156.8971610827194,0.5804054054054054,0.6817567567567567,0.6445945945945946,0.6712837837837838,0.6322128378378379,False
USA30IDXUSD1440_comma,daily,60,300,long_only,slow_slope,0.0025,0.010609010776419181,-0.20725285944537566,-0.25033163607987213,0.03384527691061999,-0.31345616714662716,30,0.26666666666666666,0.944373862048753,-101.68984638677908,0.668918918918919,0.6273648648648649,0.6385135135135135,0.5287162162162162,0.631418918918919,False
USA30IDXUSD1440_comma,daily,100,150,long_short,none,0.0,0.0022344688360473874,-0.1470740774491642,-0.1777431797464176,0.00357873281272832,-0.6243743115161187,22,0.5909090909090909,1.0329623835743993,200.80998176498585,0.7280405405405406,0.5577702702702703,0.5641891891891891,0.5851351351351352,0.6312668918918919,False
USA30IDXUSD1440_comma,daily,20,200,long_short,fast_slope,0.0,0.005343989100256907,-0.2065077898253336,-0.2538701687048198,0.01819696620476076,-0.29367472798068905,193,0.39896373056994816,1.1420563829221173,97.7327603904183,0.6695945945945946,0.5932432432432433,0.5925675675675676,0.643581081081081,0.6311993243243242,False
USA30IDXUSD1440_comma,daily,30,150,long_only,combined,0.0,0.012542529147932857,-0.3115907638226469,-0.3872889759101961,0.0612713873939902,-0.20470450697127662,108,0.4351851851851852,1.2459174987278023,167.00238810913905,0.5452702702702703,0.6976351351351351,0.6611486486486486,0.7030405405405405,0.6302027027027027,False
USA30IDXUSD1440_comma,daily,30,150,long_only,fast_slope,0.0,0.01160161326159792,-0.29934850715879874,-0.37042505128679104,0.056844785723034696,-0.2040928312778687,111,0.42342342342342343,1.2137363015103022,149.41763908192434,0.5641891891891891,0.6854729729729729,0.6513513513513514,0.6858108108108109,0.6301858108108108,False
USA30IDXUSD1440_comma,daily,20,200,long_short,fast_slope,0.0025,0.0050404869080236114,-0.2120458531086679,-0.2613453910221894,0.019120863946255156,-0.26361188083296816,191,0.3769633507853403,1.145953226099139,97.2666301244371,0.664527027027027,0.5949324324324324,0.5905405405405405,0.643918918918919,0.6292398648648649,False
USA30IDXUSD1440_comma,daily,50,300,long_only,fast_slope,0.001,0.011505284266607685,-0.2797856311003394,-0.34832117743106655,0.04254937565565473,-0.27039842745797504,94,0.32978723404255317,1.1881054159718656,174.86970610997847,0.591554054054054,0.6483108108108108,0.65,0.6675675675675675,0.6288344594594595,False
USA30IDXUSD1440_comma,daily,60,250,long_only,fast_slope,0.001,0.010366243923718432,-0.2849301498919277,-0.35210312319738724,0.051205061534484245,-0.20244568823996523,102,0.30392156862745096,1.173897496360017,144.1710597248085,0.5851351351351352,0.6733108108108108,0.6368243243243243,0.6601351351351351,0.6287668918918919,False
USA30IDXUSD1440_comma,daily,50,300,long_only,combined,0.001,0.011845615124452591,-0.28532223462935996,-0.3559535817051143,0.043808003011754255,-0.27039842745797515,96,0.3229166666666667,1.1984258338776865,176.66685735107112,0.5844594594594594,0.6503378378378378,0.6547297297297298,0.6756756756756757,0.6286655405405406,False
USA30IDXUSD1440_comma,daily,60,300,long_only,slow_slope,0.001,0.010161616657700545,-0.21097224069225665,-0.2546899205438482,0.032974148208555855,-0.30816919343693294,33,0.24242424242424243,0.9484995920027851,-85.90977890085132,0.6655405405405406,0.6246621621621622,0.6317567567567568,0.5327702702702702,0.6286486486486487,False
USA30IDXUSD1440_comma,daily,100,300,long_short,none,0.001,0.0052814775998131225,-0.1335457282200126,-0.16969326427950077,0.009723245992122912,-0.5431804979624915,10,0.4,0.8895906151996151,-763.7825358821896,0.7371621621621621,0.5733108108108108,0.5922297297297298,0.4777027027027027,0.6282939189189188,True
USA30IDXUSD1440_comma,daily,40,100,long_only,slow_slope,0.001,0.010039226325681438,-0.25101875876180146,-0.30939518771777685,0.033125424487564024,-0.30306709969710344,75,0.3333333333333333,1.0956382525318213,114.2233273091029,0.6307432432432433,0.625,0.6297297297297297,0.6246621621621622,0.6281925675675677,False
USA30IDXUSD1440_comma,daily,50,150,long_only,fast_slope,0.005,0.010690694250832244,-0.2857004129488411,-0.3557638591329011,0.047902472776326505,-0.22317625022722432,88,0.3522727272727273,1.18687896194749,172.68685431545208,0.5837837837837838,0.6662162162162162,0.639527027027027,0.6665540540540541,0.627956081081081,False
USA30IDXUSD1440_comma,daily,50,300,long_only,fast_slope,0.0,0.011445648848596557,-0.27972879181007637,-0.34805066552648767,0.04087364978464863,-0.28002512398330837,94,0.32978723404255317,1.1857767667456027,173.89850279374986,0.5918918918918918,0.643918918918919,0.6483108108108108,0.6648648648648648,0.6271283783783784,False
USA30IDXUSD1440_comma,daily,60,300,long_only,combined,0.0025,0.010824728718457965,-0.29289553897625603,-0.3650310295005911,0.05362906729042863,-0.2018444337254005,100,0.3,1.1863533474323118,153.99846121355597,0.5733108108108108,0.6783783783783783,0.6412162162162162,0.6658783783783784,0.627043918918919,False
USA30IDXUSD1440_comma,daily,20,300,long_only,combined,0.0025,0.013544318939192834,-0.3174113678927879,-0.4045462059335777,0.06249517640475186,-0.2167258293899781,151,0.37748344370860926,1.2122238951880235,129.79713651225777,0.5361486486486486,0.7006756756756757,0.6706081081081081,0.6851351351351351,0.6265202702702704,False
USA30IDXUSD1440_comma,daily,20,250,long_short,price_slow,0.005,0.001366697966410202,-0.17621418629456706,-0.20896802620269656,0.0031802304780202077,-0.42974808771124473,49,0.24489795918367346,1.1263583234131997,215.64806481045474,0.6976351351351351,0.5570945945945946,0.5597972972972973,0.6371621621621621,0.6258614864864865,False
USA30IDXUSD1440_comma,daily,60,300,long_only,slow_slope,0.0,0.009862617494341697,-0.21359229890705755,-0.2578034280688544,0.03186263983100527,-0.3095354793780918,33,0.24242424242424243,0.9413755660575912,-98.73194008335075,0.6635135135135135,0.6219594594594594,0.6277027027027027,0.5256756756756756,0.6252871621621622,False
USA30IDXUSD1440_comma,daily,60,250,long_only,fast_slope,0.005,0.010184736278877615,-0.28981888930427635,-0.3585858278768412,0.049727626043404756,-0.2048104260997271,102,0.3137254901960784,1.1730133137292613,141.48642213701976,0.5787162162162162,0.6706081081081081,0.6324324324324324,0.6597972972972973,0.6245945945945945,False
USA30IDXUSD1440_comma,daily,20,50,long_only,slow_slope,0.0025,0.009495917949880361,-0.2672697886129792,-0.3338448703704767,0.037142255807149194,-0.25566346856220223,82,0.3170731707317073,1.1468673206574296,163.38920465724527,0.6108108108108108,0.6327702702702702,0.6256756756756757,0.6445945945945946,0.6243412162162163,False
USA30IDXUSD1440_comma,daily,60,300,long_only,fast_slope,0.0025,0.01015245088985628,-0.29159880407744104,-0.361681575592655,0.04972749570438289,-0.20416171669311434,102,0.30392156862745096,1.171305730294297,141.0095177852931,0.5763513513513514,0.6702702702702703,0.6314189189189189,0.658445945945946,0.6231587837837839,False
USA30IDXUSD1440_comma,daily,50,300,long_only,combined,0.0,0.011462539861963439,-0.2893325808303933,-0.3606419590815777,0.04093396941999639,-0.28002512398330826,96,0.3229166666666667,1.189533380518539,170.5448980653549,0.5793918918918919,0.6442567567567568,0.6493243243243243,0.668918918918919,0.6230236486486487,False
USA30IDXUSD1440_comma,daily,75,150,long_only,price_slow,0.005,0.009910855922907524,-0.2690601146824144,-0.32784586406487193,0.029071749074517223,-0.3409102045254946,58,0.25862068965517243,1.1679221818187402,203.98465359324436,0.6091216216216216,0.6158783783783783,0.629054054054054,0.6557432432432433,0.6217905405405405,False
USA30IDXUSD1440_comma,daily,30,100,long_only,price_slow,0.001,0.008758580024590845,-0.2661265506542834,-0.32647957180731507,0.031691192393675106,-0.2763726878998366,79,0.3291139240506329,1.1500622462660424,155.70856112350418,0.6135135135135135,0.6216216216216216,0.6175675675675676,0.6469594594594594,0.6213682432432432,False
USA30IDXUSD1440_comma,daily,40,300,long_only,combined,0.001,0.011643876710798029,-0.301120566401931,-0.3817393427432009,0.04425020365756267,-0.26313724567023566,94,0.3404255319148936,1.20682361398037,177.12950112604,0.5614864864864865,0.6530405405405405,0.6523648648648649,0.6820945945945946,0.6206418918918919,False
USA30IDXUSD1440_comma,daily,30,75,long_only,fast_slope,0.001,0.010341827790627978,-0.2922571262807757,-0.36379557321348605,0.04580711789015423,-0.22576901291689533,110,0.43636363636363634,1.170663871970973,133.35070221296152,0.5746621621621621,0.6591216216216216,0.6361486486486486,0.6581081081081082,0.6205912162162163,False
USA30IDXUSD1440_comma,daily,100,250,long_only,combined,0.0,0.0103744532040555,-0.27391147310444464,-0.33865016717577007,0.03347454181171732,-0.30992069323631666,68,0.29411764705882354,1.129227130459262,123.25256629696166,0.6010135135135135,0.6263513513513513,0.6371621621621621,0.6381756756756757,0.620152027027027,False
USA30IDXUSD1440_comma,daily,40,150,long_only,price_slow,0.005,0.009298575916482976,-0.25837322604976654,-0.3164600451970845,0.02710499338171932,-0.3430576715342164,56,0.23214285714285715,1.083486788054315,109.93667135362469,0.6233108108108109,0.6121621621621621,0.6236486486486487,0.6185810810810811,0.6198817567567568,False
USA30IDXUSD1440_comma,daily,60,250,long_only,fast_slope,0.0025,0.009848428881246152,-0.29291144989444495,-0.36255357160759305,0.04802633697764363,-0.20506308623600877,102,0.29411764705882354,1.1682942948562998,136.5278363861861,0.572972972972973,0.6672297297297297,0.6270270270270271,0.6560810810810811,0.6198141891891893,False
USA30IDXUSD1440_comma,daily,75,500,long_short,slow_slope,0.0025,0.01262646025342451,-0.13951895046393945,-0.1717198812527683,0.03136248463300509,-0.40259757481512615,34,0.11764705882352941,0.7013269294651101,-608.8658728854692,0.7327702702702703,0.620945945945946,0.6628378378378378,0.2591216216216216,0.6197804054054055,False
USA30IDXUSD1440_comma,daily,30,150,long_only,price_slow,0.005,0.008969194251820856,-0.25871782249030284,-0.31522265560684903,0.027464420174432746,-0.326575044907392,56,0.26785714285714285,1.0895933825318813,120.72430568242771,0.6226351351351351,0.6128378378378379,0.6199324324324325,0.6216216216216216,0.6194932432432432,False
USA30IDXUSD1440_comma,daily,50,300,long_only,combined,0.0025,0.011148002512804123,-0.29375888934429273,-0.36634443065150213,0.041321040571359574,-0.26978997524401704,96,0.3229166666666667,1.1860353929775158,165.53953255240333,0.5722972972972973,0.6452702702702703,0.6449324324324325,0.6652027027027027,0.6190033783783784,False
USA30IDXUSD1440_comma,daily,10,50,long_only,slow_slope,0.0,0.008973357839774154,-0.27253780166522207,-0.34031493101686056,0.03655508405243076,-0.24547496120932766,91,0.34065934065934067,1.1327283664855565,138.67565095411553,0.6027027027027027,0.6314189189189189,0.6202702702702703,0.6388513513513514,0.6188175675675675,False
USA30IDXUSD1440_comma,daily,75,300,long_only,slow_slope,0.005,0.009245580748988846,-0.2206154063169348,-0.26663582941110003,0.027465107130242528,-0.33663006319783484,31,0.22580645161290322,0.9391035617192247,-113.6675265056493,0.6557432432432433,0.6131756756756757,0.6229729729729729,0.5236486486486487,0.6187331081081081,False
USA30IDXUSD1440_comma,daily,60,300,long_only,fast_slope,0.0,0.009849084326682078,-0.2942311236015272,-0.3645163697874639,0.04698555289455899,-0.209619419585943,102,0.30392156862745096,1.1642421472995563,136.5374806646374,0.5709459459459459,0.664527027027027,0.6273648648648649,0.6547297297297298,0.6181925675675676,False
USA30IDXUSD1440_comma,daily,10,100,long_only,slow_slope,0.001,0.008829694602770832,-0.26955735246728885,-0.3347073733431818,0.036150102407229656,-0.24425088768227066,65,0.3076923076923077,1.0957341423373466,95.34387728195104,0.6081081081081081,0.6304054054054054,0.6179054054054054,0.625,0.6181756756756757,False
USA30IDXUSD1440_comma,daily,100,500,long_short,combined,0.005,0.009169138315505698,-0.2612339999199832,-0.32366670519981894,0.026139887934330225,-0.3507719060824136,72,0.2777777777777778,1.0902223411992782,101.70039222099746,0.6195945945945946,0.6097972972972973,0.6222972972972973,0.6219594594594594,0.6180405405405406,False
USA30IDXUSD1440_comma,daily,20,200,long_short,slow_slope,0.0,0.00022678820767962904,-0.18533311444074735,-0.21880616703800274,0.0005149996668026087,-0.4403657367152305,55,0.3090909090909091,1.0999180973057212,162.46775207431207,0.6861486486486487,0.5523648648648649,0.5527027027027027,0.6270270270270271,0.6171452702702703,False
USA30IDXUSD1440_comma,daily,50,200,long_only,fast_slope,0.001,0.010283012254259205,-0.2877968093988179,-0.3560237451985609,0.03830828383760197,-0.2684279018567203,95,0.3368421052631579,1.161255997763162,153.47162936508875,0.581418918918919,0.6368243243243243,0.6351351351351351,0.6533783783783784,0.6168074324324324,False
USA30IDXUSD1440_comma,daily,50,75,long_only,fast_slope,0.001,0.009161760182807344,-0.2794581530796248,-0.34706460020764945,0.033903820576838294,-0.27022795740802985,84,0.34523809523809523,1.1528376335965589,153.56626061471692,0.5929054054054054,0.6277027027027027,0.6219594594594594,0.6489864864864865,0.6158277027027027,False
USA30IDXUSD1440_comma,daily,60,300,long_only,fast_slope,0.001,0.009684423520281316,-0.29611335408303563,-0.3668512003460694,0.0462000302233961,-0.209619419585943,102,0.30392156862745096,1.1615207941096033,134.11706703512115,0.5682432432432433,0.660472972972973,0.6260135135135135,0.6537162162162162,0.6156756756756757,False
USA30IDXUSD1440_comma,daily,100,400,long_short,price_slow,0.005,0.006752176885870931,-0.2086149874167509,-0.25932367392191963,0.014745061418350488,-0.4579280271744225,44,0.13636363636363635,0.9663767089870791,-62.64895289946744,0.6665540540540541,0.5861486486486487,0.6033783783783784,0.5442567567567568,0.615472972972973,False
USA30IDXUSD1440_comma,daily,60,300,long_only,slow_slope,0.005,0.009074570304585805,-0.22224717491025683,-0.2684125792517874,0.028167095113709843,-0.3221691930939984,28,0.21428571428571427,0.914978934423405,-170.01211917058293,0.6550675675675676,0.6138513513513514,0.6212837837837838,0.5006756756756757,0.6148479729729729,False
USA30IDXUSD1440_comma,daily,100,300,long_short,price_slow,0.005,0.006147785504411862,-0.2170878183239182,-0.27195151890568925,0.015260413519232505,-0.4028583823540487,51,0.19607843137254902,0.9857337322751191,-25.436568253428046,0.6597972972972973,0.5885135135135136,0.5996621621621622,0.5577702702702703,0.6146452702702703,False
USA30IDXUSD1440_comma,daily,10,300,long_short,none,0.005,-0.000564901998592604,-0.17719164353287756,-0.21194505619113163,-0.0014334131761982172,-0.39409572060086007,31,0.22580645161290322,1.0487188485827081,137.07633979624913,0.6966216216216217,0.5472972972972973,0.5462837837837838,0.5983108108108108,0.6144763513513514,False
USA30IDXUSD1440_comma,daily,10,400,long_short,none,0.001,0.0014176940638019886,-0.15858737334134412,-0.18792793167015756,0.003035840082793652,-0.46698575192978975,24,0.16666666666666666,0.919864212170774,-238.72687494957472,0.7179054054054054,0.5567567567567567,0.5604729729729729,0.5060810810810811,0.6143581081081081,False
USA30IDXUSD1440_comma,daily,40,300,long_only,combined,0.005,0.011302344777254891,-0.30890302658892665,-0.392556031345281,0.04391569789132427,-0.25736457166692817,92,0.34782608695652173,1.2027846159629463,175.29730721299455,0.5496621621621621,0.6516891891891892,0.6469594594594594,0.6787162162162163,0.6139864864864865,False
USA30IDXUSD1440_comma,daily,20,50,long_only,price_slow,0.001,0.009240094273976318,-0.29113812976445436,-0.365469664288463,0.039794534909164174,-0.2321950563078058,91,0.4175824175824176,1.1556048234301157,143.03525251299095,0.5780405405405405,0.639527027027027,0.6226351351351351,0.6496621621621622,0.6130743243243243,False
USA30IDXUSD1440_comma,daily,20,300,long_short,price_slow,0.0025,0.00030622293600446326,-0.18187027479191728,-0.21505207661018888,0.0007017702413608467,-0.43635782476419516,58,0.22413793103448276,1.0182883512508503,30.47054942397717,0.6922297297297297,0.5533783783783783,0.5537162162162163,0.5760135135135135,0.6123817567567568,False
USA30IDXUSD1440_comma,daily,20,500,long_only,combined,0.0025,0.01250408011049875,-0.3185752842005969,-0.4032345146248857,0.046846197505749344,-0.26691771747246185,139,0.38848920863309355,1.1938812498812732,129.32837002678497,0.5327702702702702,0.6631756756756757,0.6608108108108108,0.6736486486486486,0.6121114864864865,False
USA30IDXUSD1440_comma,daily,5,150,long_only,price_slow,0.0025,0.008141268969251048,-0.2523532060825828,-0.3061236787029457,0.019848543379676238,-0.4101695934819699,62,0.2903225806451613,1.03552392585197,44.59049960890908,0.6297297297297297,0.5972972972972973,0.614527027027027,0.5864864864864865,0.6120945945945947,False
USA30IDXUSD1440_comma,daily,20,400,long_only,combined,0.005,0.012581004266920326,-0.3229921805698563,-0.40915753132884,0.048762573573815735,-0.2580053378002183,146,0.3904109589041096,1.1933508023830444,123.9447994752782,0.5273648648648649,0.6679054054054054,0.6618243243243244,0.6726351351351352,0.6111824324324324,False
USA30IDXUSD1440_comma,daily,5,150,long_only,slow_slope,0.0,0.008380229421833363,-0.25925393632117893,-0.3191703978978583,0.021827634278076956,-0.3839275166090822,62,0.27419354838709675,1.03979913800616,50.13447049684606,0.6216216216216216,0.602027027027027,0.6155405405405405,0.5908783783783784,0.6108952702702702,False
USA30IDXUSD1440_comma,daily,20,300,long_only,fast_slope,0.0025,0.012218410889815567,-0.3213289201606407,-0.40647490361456734,0.050225290178528274,-0.24327208158249802,156,0.3782051282051282,1.179795449420995,112.40121868684172,0.5293918918918918,0.6716216216216216,0.658445945945946,0.6625,0.6107263513513514,False
USA30IDXUSD1440_comma,daily,40,300,long_only,combined,0.0025,0.010941588222555643,-0.30980607165609103,-0.39275327505078655,0.04158129798267962,-0.26313724567023566,94,0.3404255319148936,1.1935970411826722,165.71762040086486,0.547972972972973,0.6459459459459459,0.6425675675675676,0.6733108108108108,0.6101858108108108,False
USA30IDXUSD1440_comma,daily,40,400,long_only,fast_slope,0.001,0.010807707210723105,-0.2950984353123918,-0.371380652163185,0.03245202632224808,-0.3330364367205534,89,0.34831460674157305,1.1685067242471208,172.74153784332566,0.5692567567567568,0.6229729729729729,0.6408783783783784,0.6567567567567567,0.6101351351351352,False
USA30IDXUSD1440_comma,daily,60,400,long_short,none,0.005,0.004688061764322571,-0.1435659656632915,-0.1777514452771922,0.009307570203818435,-0.5036826649343231,12,0.25,0.7892847999562252,-1270.1303552373506,0.7300675675675675,0.5722972972972973,0.5868243243243243,0.38141891891891894,0.609679054054054,True
USA30IDXUSD1440_comma,daily,30,75,long_only,slow_slope,0.005,0.009020141023948547,-0.28091466696700873,-0.3472444415017386,0.033440649871726055,-0.2697358172926849,67,0.29850746268656714,1.0884579325229107,95.48399508642302,0.589527027027027,0.6260135135135135,0.6206081081081081,0.620945945945946,0.6095777027027027,False
USA30IDXUSD1440_comma,daily,20,100,long_only,price_slow,0.005,0.0076365538564378,-0.27925368892455665,-0.3469133622126934,0.026017415629407303,-0.2935170028112345,74,0.32432432432432434,1.1507559558232734,143.92638419272248,0.5935810810810811,0.6094594594594595,0.6101351351351352,0.6476351351351352,0.6089695945945947,False
USA30IDXUSD1440_comma,daily,20,500,long_only,fast_slope,0.0,0.011967242806592004,-0.313850816066803,-0.3982143408113474,0.04166858718336003,-0.2872005895935683,149,0.3959731543624161,1.1745878298129568,115.08181843290001,0.5418918918918919,0.6466216216216216,0.6570945945945946,0.6608108108108108,0.6089527027027027,False
USA30IDXUSD1440_comma,daily,20,75,long_only,slow_slope,0.0,0.007920181684868188,-0.2760009390771817,-0.33671778566540134,0.030991396697568455,-0.25556065646727033,78,0.2948717948717949,1.068594562028741,62.36802734330926,0.5969594594594595,0.6202702702702703,0.6125,0.6108108108108108,0.607972972972973,False
USA30IDXUSD1440_comma,daily,40,250,long_only,combined,0.001,0.010871285875223347,-0.3158885876406718,-0.39950509195390416,0.04267248814853492,-0.25476100285932335,88,0.3409090909090909,1.2024832851403824,175.80200288443902,0.5388513513513513,0.6486486486486487,0.6415540540540541,0.6783783783783783,0.6077702702702703,False
USA30IDXUSD1440_comma,daily,20,500,long_only,combined,0.005,0.012237402207912362,-0.32253494670474403,-0.40810438112173136,0.045185896751892905,-0.2708234889108341,138,0.391304347826087,1.1912059649789202,127.27485697527848,0.5277027027027027,0.6564189189189189,0.6587837837837838,0.6699324324324324,0.6074324324324325,False
USA30IDXUSD1440_comma,daily,30,250,long_short,fast_slope,0.0,0.0025514257363139503,-0.24379047044015206,-0.2886649122552009,0.008130941408947361,-0.31379216845743574,129,0.4186046511627907,1.1418620585465895,110.13585181867796,0.6368243243243243,0.5682432432432433,0.5685810810810811,0.6432432432432432,0.6069932432432432,False
USA30IDXUSD1440_comma,daily,5,100,long_only,slow_slope,0.005,0.008721159149316149,-0.2834901512460819,-0.3513999633095732,0.032406637695187805,-0.26911644556729775,73,0.3150684931506849,1.082838892410679,82.81446942967487,0.5861486486486487,0.6226351351351351,0.6172297297297298,0.6179054054054054,0.6062500000000001,False
USA30IDXUSD1440_comma,daily,75,300,long_short,none,0.0025,0.0031413558804112007,-0.14816934997079237,-0.1848526989442092,0.005673895879134457,-0.5536506039815466,10,0.4,0.8072615166745334,-1314.0990944264224,0.727027027027027,0.5631756756756757,0.5736486486486486,0.3989864864864865,0.6061824324324324,True
USA30IDXUSD1440_comma,daily,10,250,long_short,none,0.001,-0.0023567294217854418,-0.17998775132425204,-0.21713166997611225,-0.005369539451897859,-0.4389071805688024,35,0.2571428571428571,1.0319717960031012,77.59323400576748,0.6939189189189189,0.5375,0.5320945945945946,0.5841216216216216,0.6059797297297298,False
USA30IDXUSD1440_comma,daily,30,200,long_only,fast_slope,0.0025,0.010345518154861733,-0.32587822224809,-0.4038674344395129,0.05221517961631623,-0.1981323866140443,109,0.3944954128440367,1.1911889140536271,134.6252235428168,0.522972972972973,0.6760135135135135,0.6364864864864865,0.6695945945945946,0.6059290540540541,False
USA30IDXUSD1440_comma,daily,30,100,long_only,slow_slope,0.0,0.007454117939786009,-0.2723309648981192,-0.334588570572292,0.027062220983094604,-0.27544368750970194,73,0.3424657534246575,1.0492358798298482,58.72642851501766,0.6033783783783784,0.6118243243243243,0.6084459459459459,0.5993243243243244,0.6058952702702702,False
USA30IDXUSD1440_comma,daily,20,500,long_only,fast_slope,0.0025,0.011798289486465219,-0.3178398627971122,-0.4033871344322146,0.04208288434542291,-0.2803583848869058,149,0.38926174496644295,1.1724233426249415,113.33734049596809,0.5341216216216216,0.6472972972972973,0.6537162162162162,0.6591216216216216,0.6050844594594595,False
USA30IDXUSD1440_comma,daily,50,300,long_only,combined,0.005,0.010116386793317833,-0.3063569791572969,-0.3818625539133723,0.038055615762825346,-0.26583164115294733,96,0.3333333333333333,1.1683519239270361,149.25683148163807,0.5537162162162163,0.6358108108108108,0.6307432432432433,0.6564189189189189,0.6050506756756757,False
USA30IDXUSD1440_comma,daily,20,300,long_only,combined,0.005,0.01233155913753814,-0.3359516518899499,-0.4274520256254107,0.05329958298924745,-0.23136314481158105,149,0.3691275167785235,1.1943700668762518,118.85567551869948,0.5060810810810811,0.6780405405405405,0.6594594594594595,0.6739864864864865,0.6049324324324324,False
USA30IDXUSD1440_comma,daily,60,400,long_short,none,0.001,0.0040383010781877005,-0.14091414762003232,-0.1736748021774853,0.007285015771876628,-0.5543297646351464,12,0.4166666666666667,0.7694902588939263,-1414.8184188161388,0.7324324324324324,0.5658783783783784,0.581418918918919,0.3608108108108108,0.604847972972973,True
USA30IDXUSD1440_comma,daily,10,150,long_only,price_slow,0.0025,0.007242035901908084,-0.26241316961555106,-0.31947760582040874,0.017756454453338587,-0.4078537143177493,59,0.2542372881355932,1.0331570555256477,44.0394829219432,0.6182432432432432,0.5929054054054054,0.606418918918919,0.585472972972973,0.6046283783783784,False
USA30IDXUSD1440_comma,daily,75,500,long_short,none,0.0025,0.012548597734122646,-0.09424901605674647,-0.11722420731598482,0.027271083550898606,-0.46014298297689604,8,0.25,0.5420505278861246,-3056.5171157859595,0.7709459459459459,0.6125,0.6614864864864864,0.06993243243243243,0.6042905405405407,True
USA30IDXUSD1440_comma,daily,40,75,long_only,slow_slope,0.0,0.007527309991858022,-0.2758341869131989,-0.33711815591453087,0.026679171868966546,-0.2821418156765899,72,0.2916666666666667,1.0576152282237852,60.031010319048264,0.5976351351351351,0.6111486486486486,0.6087837837837838,0.6033783783783784,0.6041047297297297,False
USA30IDXUSD1440_comma,daily,5,150,long_only,slow_slope,0.0025,0.008128343815644534,-0.2717643214459133,-0.3369605885021585,0.022915717508873935,-0.3547060576434884,60,0.26666666666666666,1.0372136576074513,45.784745267940664,0.6050675675675675,0.6037162162162162,0.6141891891891892,0.5871621621621622,0.6038682432432432,False
USA30IDXUSD1440_comma,daily,40,200,long_only,fast_slope,0.001,0.0098730751535967,-0.30754605164392834,-0.38755093755575587,0.03901941748182714,-0.25302979364556055,97,0.3917525773195876,1.1595530562805694,143.94674991505877,0.5513513513513514,0.6381756756756757,0.6283783783783784,0.6516891891891892,0.6035135135135136,False
USA30IDXUSD1440_comma,daily,100,400,long_short,price_slow,0.0025,0.005071179233061107,-0.22035516861071489,-0.2741493365131044,0.010747935230431292,-0.4718282278723419,45,0.1111111111111111,0.9387515593377442,-114.46225676130884,0.6564189189189189,0.5763513513513514,0.5912162162162162,0.5233108108108108,0.6033952702702703,False
USA30IDXUSD1440_comma,daily,20,75,long_only,slow_slope,0.001,0.007630920186491252,-0.2808135005964978,-0.3424399593557478,0.029704989891975293,-0.2568901795368973,78,0.3076923076923077,1.0629796931193571,57.24415574357521,0.5898648648648649,0.6175675675675676,0.6097972972972973,0.606418918918919,0.6032601351351352,False
USA30IDXUSD1440_comma,daily,40,250,long_only,combined,0.005,0.010774449874686898,-0.3187049732951258,-0.40274380287117545,0.04001944645826888,-0.2692303574444035,87,0.3333333333333333,1.1991258856653964,176.13226395630684,0.5324324324324324,0.6405405405405405,0.6402027027027027,0.677027027027027,0.6027027027027028,False
USA30IDXUSD1440_comma,daily,20,400,long_only,combined,0.0025,0.011943984447503109,-0.3306328859682397,-0.41869614928155074,0.0460852109569761,-0.2591717429405648,147,0.3945578231292517,1.1811156568337633,116.40392713082164,0.5162162162162162,0.6597972972972973,0.6560810810810811,0.6631756756756757,0.6021283783783784,False
USA30IDXUSD1440_comma,daily,30,150,long_only,combined,0.001,0.010700731832745891,-0.33608023237777007,-0.4175948003758434,0.05192707398944752,-0.20607230507385155,108,0.4351851851851852,1.2066119605893917,140.84874203047488,0.5054054054054054,0.6756756756756757,0.6398648648648648,0.6817567567567567,0.6013175675675675,False
USA30IDXUSD1440_comma,daily,50,100,long_only,slow_slope,0.0,0.006760074674874383,-0.2774502706215117,-0.3411452239864746,0.023399384662753715,-0.2888996771626573,81,0.2839506172839506,1.0611942503094067,69.10705094717747,0.5952702702702702,0.6057432432432432,0.6037162162162162,0.6050675675675675,0.6010472972972973,False
USA30IDXUSD1440_comma,daily,30,200,long_only,fast_slope,0.005,0.010248563270816913,-0.3294406693280568,-0.407646842235582,0.048787944181765644,-0.21006343765243718,109,0.41284403669724773,1.186197904501941,133.28292835973033,0.5179054054054054,0.6682432432432432,0.6344594594594595,0.6655405405405406,0.600945945945946,False
USA30IDXUSD1440_comma,daily,40,300,long_only,fast_slope,0.0,0.009907879251075835,-0.30777007017540664,-0.3885820847487231,0.033566257765313544,-0.29517378196726973,92,0.358695652173913,1.1605300371383895,152.33800606304467,0.5510135135135135,0.6266891891891891,0.6287162162162162,0.6527027027027027,0.6007263513513513,False
USA30IDXUSD1440_comma,daily,40,300,long_only,fast_slope,0.005,0.010127995326049133,-0.31294256071681603,-0.39676196945313286,0.03586514318878753,-0.2823910467257087,90,0.36666666666666664,1.1686772498174194,159.40151623736253,0.543581081081081,0.6297297297297297,0.6310810810810811,0.6574324324324324,0.5996959459459459,False
USA30IDXUSD1440_comma,daily,20,300,long_short,price_slow,0.001,-0.0015371189813411235,-0.19340709572478812,-0.2289293140455777,-0.0034662092335942516,-0.44345822128781964,59,0.22033898305084745,0.9948797599813116,-8.409766825784303,0.6783783783783783,0.5405405405405406,0.5378378378378378,0.5641891891891891,0.5986824324324324,False
USA30IDXUSD1440_comma,daily,100,200,long_only,combined,0.005,0.00849454076659062,-0.29142901746024097,-0.3611847357976764,0.025680617464803285,-0.33077634438630066,68,0.3088235294117647,1.078294579762135,84.24927300728298,0.5766891891891892,0.6091216216216216,0.6158783783783783,0.6158783783783783,0.5985135135135136,False
USA30IDXUSD1440_comma,daily,50,75,long_only,fast_slope,0.0025,0.007973869503446362,-0.2983966565499039,-0.3707894831350678,0.029021342516603293,-0.27475880893120164,76,0.35526315789473684,1.134334448628395,146.636144966431,0.5648648648648649,0.6155405405405405,0.6135135135135135,0.6398648648648648,0.5985135135135135,False
USA30IDXUSD1440_comma,daily,75,500,long_short,combined,0.0025,0.0072789959476655675,-0.2799083215732673,-0.338737860542745,0.02316187895166229,-0.3142662114268223,75,0.28,1.0479792983631138,57.71161587499881,0.5912162162162162,0.6043918918918919,0.6067567567567568,0.5969594594594595,0.5984797297297297,False
USA30IDXUSD1440_comma,daily,40,200,long_only,fast_slope,0.0,0.009363107292009065,-0.31225685629227573,-0.39341104530063287,0.037290614558565006,-0.2510848212840333,97,0.4020618556701031,1.1511032273790778,136.07838592254888,0.5442567567567568,0.6334459459459459,0.6246621621621622,0.6483108108108108,0.5982432432432432,False
USA30IDXUSD1440_comma,daily,30,50,long_only,combined,0.0025,0.009306367973840324,-0.3266763252147856,-0.4110299268591103,0.045972337339897223,-0.20243408345835323,104,0.41346153846153844,1.1812142538028974,126.10556500844223,0.5222972972972973,0.6594594594594595,0.6243243243243243,0.6635135135135135,0.5981756756756758,False
USA30IDXUSD1440_comma,daily,20,300,long_short,combined,0.0025,0.0023457895833660647,-0.2570517674560315,-0.312804823908148,0.007506402320585871,-0.3125051766720355,178,0.37640449438202245,1.0855431763202403,64.7455002393059,0.6256756756756757,0.566554054054054,0.5658783783783784,0.6189189189189189,0.5979222972972973,False
USA30IDXUSD1440_comma,daily,40,250,long_only,combined,0.0025,0.010237459764323775,-0.32415423382162456,-0.4097537353899939,0.04035737014158661,-0.2536701407551454,89,0.33707865168539325,1.18958250307907,163.04600472478978,0.5253378378378378,0.6415540540540541,0.6341216216216217,0.6692567567567568,0.5977364864864865,False
USA30IDXUSD1440_comma,daily,20,500,long_only,combined,0.0,0.011546907302253384,-0.32944754469740095,-0.41683513631574937,0.041580130522844434,-0.277702526592826,141,0.3829787234042553,1.1753373303042,117.03198873776257,0.5175675675675676,0.6456081081081081,0.6506756756756756,0.6611486486486486,0.5977364864864865,False
USA30IDXUSD1440_comma,daily,60,500,long_short,none,0.0025,0.00894991908853604,-0.11619329426799437,-0.14270775045368223,0.02092364629019791,-0.42774184596729703,10,0.2,0.6108959371843314,-2648.4914120043873,0.7567567567567568,0.5993243243243244,0.6195945945945946,0.13783783783783785,0.5971283783783784,True
USA30IDXUSD1440_comma,daily,75,400,long_short,none,0.005,0.0020176579203599054,-0.15719668992114919,-0.195893978425244,0.003587144438701411,-0.5624691045589236,9,0.4444444444444444,0.7875112822271907,-1609.1761486932078,0.7185810810810811,0.5581081081081081,0.5638513513513513,0.3804054054054054,0.5967905405405406,True
USA30IDXUSD1440_comma,daily,20,75,long_only,price_slow,0.001,0.006334788725104845,-0.29120906594036905,-0.35805529637675343,0.022415494274867616,-0.2826075859592999,86,0.29069767441860467,1.1087938495399785,101.90543192972234,0.5777027027027027,0.6027027027027027,0.6013513513513513,0.6307432432432433,0.5966385135135135,False
USA30IDXUSD1440_comma,daily,40,250,long_only,combined,0.0,0.01018394080953322,-0.3241883927066551,-0.40988505593709224,0.039931829788651986,-0.2550331618519355,89,0.33707865168539325,1.1883455864230485,162.13950896855476,0.5246621621621622,0.6402027027027027,0.6320945945945946,0.668581081081081,0.5966216216216216,False
USA30IDXUSD1440_comma,daily,20,100,long_only,slow_slope,0.0,0.006700018682534559,-0.28037824955658663,-0.34743556760783456,0.023849810639665556,-0.2809254456465786,73,0.3150684931506849,1.0379635943380732,44.565963835832385,0.5905405405405405,0.606081081081081,0.6030405405405406,0.5878378378378378,0.5965202702702702,False
USA30IDXUSD1440_comma,daily,60,500,long_short,none,0.0,0.009298596418669813,-0.1097265702376573,-0.13414998718741003,0.02036447048246409,-0.45660879946163413,10,0.3,0.5937450250896459,-2924.953758446025,0.7594594594594595,0.5986486486486486,0.6239864864864865,0.11756756756756757,0.5958783783783784,True
USA30IDXUSD1440_comma,daily,75,500,long_short,slow_slope,0.005,0.01021923514174139,-0.15948576606461892,-0.1957724810705323,0.023352136762514623,-0.4376145637407167,33,0.12121212121212122,0.6659985163072066,-713.5461919657281,0.7168918918918918,0.6054054054054054,0.6334459459459459,0.20337837837837838,0.5953040540540541,False
USA30IDXUSD1440_comma,daily,40,200,long_only,fast_slope,0.0025,0.009271660958586114,-0.315876693433162,-0.3973631215768148,0.03673954134159103,-0.25236191362275184,97,0.3917525773195876,1.1481333106917733,134.67261161879208,0.5391891891891892,0.6320945945945946,0.6233108108108109,0.6452702702702703,0.5951520270270271,False
USA30IDXUSD1440_comma,daily,100,300,long_short,price_slow,0.0025,0.003612750197537151,-0.23615382937475174,-0.2967555703196041,0.008796308613064519,-0.41071207894768447,55,0.21818181818181817,0.9455824269326417,-93.64651591571696,0.6429054054054054,0.5699324324324324,0.577027027027027,0.5307432432432433,0.5946621621621623,False
USA30IDXUSD1440_comma,daily,60,300,long_only,fast_slope,0.005,0.008127714804104347,-0.3158917128387849,-0.39152161997385826,0.04026669673098913,-0.20184707125104906,102,0.30392156862745096,1.1359417138793455,111.4729055207032,0.5385135135135135,0.6412162162162162,0.6138513513513514,0.6405405405405405,0.5945608108108108,False
USA30IDXUSD1440_comma,daily,20,400,long_only,combined,0.001,0.011451002923731357,-0.3365178616750242,-0.4259497549938399,0.04439706574969345,-0.2579225165079839,147,0.3945578231292517,1.1739766523498363,111.25614193002731,0.5047297297297297,0.6537162162162162,0.6486486486486487,0.660472972972973,0.5941216216216216,False
USA30IDXUSD1440_comma,daily,20,250,long_short,price_slow,0.0025,-0.003763122635225491,-0.20801698420364875,-0.24729091339570788,-0.008888217680047225,-0.4233832665544591,58,0.20689655172413793,1.0491277473675047,72.65741838631267,0.6679054054054054,0.5287162162162162,0.5222972972972973,0.5986486486486486,0.593597972972973,False
USA30IDXUSD1440_comma,daily,60,300,long_only,combined,0.005,0.00854773048686619,-0.32035213867426493,-0.3989457014077138,0.04164679494648423,-0.20524341663866208,100,0.3,1.1461819775659101,119.891044708594,0.5300675675675676,0.6462837837837838,0.6165540540540541,0.6442567567567568,0.5935472972972973,False
USA30IDXUSD1440_comma,daily,20,200,long_short,fast_slope,0.005,0.00015510695667164676,-0.25525443370075107,-0.3142909053873617,0.000576003489044187,-0.26928127975236626,185,0.3783783783783784,1.097571818843443,62.31598465735949,0.6270270270270271,0.5527027027027027,0.552027027027027,0.6260135135135135,0.5932939189189189,False
USA30IDXUSD1440_comma,daily,40,300,long_only,fast_slope,0.001,0.009369421768522956,-0.31483662639427906,-0.39712979604873416,0.030825028072443746,-0.3039550117035844,92,0.358695652173913,1.1504351005419367,143.57635729602688,0.5398648648648648,0.6199324324324325,0.625,0.6472972972972973,0.5930236486486486,False
USA30IDXUSD1440_comma,daily,10,400,long_short,none,0.005,-0.0011947457443661769,-0.1798078005033035,-0.21272043983334366,-0.0025495499194184016,-0.4686104536594914,24,0.20833333333333334,0.8803644753466605,-367.13531885970787,0.6942567567567568,0.543581081081081,0.5422297297297297,0.4726351351351351,0.5929391891891893,False
USA30IDXUSD1440_comma,daily,75,300,long_short,none,0.005,0.0008089768806547326,-0.1677459827268405,-0.20885394506127006,0.0014248979057748655,-0.5677437501845493,10,0.4,0.8081389127341188,-1277.7556763528835,0.7074324324324325,0.5543918918918919,0.5550675675675676,0.4,0.5925844594594596,True
USA30IDXUSD1440_comma,daily,20,500,long_short,fast_slope,0.005,0.004880902330354209,-0.28797148015675406,-0.3597772097482043,0.014927690828863612,-0.3269696824720326,168,0.39285714285714285,1.1096468687664494,74.00882154649624,0.581081081081081,0.5868243243243243,0.5888513513513514,0.6317567567567568,0.5916722972972972,False
USA30IDXUSD1440_comma,daily,20,75,long_only,slow_slope,0.0025,0.0066421016988684745,-0.29389669431691307,-0.35831600014700293,0.026154650246425066,-0.2539549042440874,75,0.26666666666666666,1.0436826171331117,41.45925074359018,0.5719594594594595,0.6101351351351352,0.6023648648648648,0.5939189189189189,0.5908783783783784,False
USA30IDXUSD1440_comma,daily,10,50,long_only,slow_slope,0.001,0.0063097729135364045,-0.3047927537684274,-0.38040654871202106,0.02518274555561092,-0.25055937207492196,90,0.3333333333333333,1.0981820158424036,96.97671271589918,0.5564189189189189,0.6087837837837838,0.6010135135135135,0.6263513513513513,0.588918918918919,False
USA30IDXUSD1440_comma,daily,30,150,long_only,fast_slope,0.001,0.008872716885824694,-0.3337550121129616,-0.41257738101700075,0.04381990869045993,-0.20248140972864193,109,0.42201834862385323,1.1597625722053557,114.40489344436318,0.5097972972972973,0.6506756756756756,0.6185810810810811,0.652027027027027,0.5881081081081081,False
USA30IDXUSD1440_comma,daily,10,150,long_only,price_slow,0.005,0.005693988721896748,-0.2793061844638741,-0.3392936209745961,0.013825269355143072,-0.41185372781026897,58,0.25862068965517243,1.004719978852295,6.370780358462776,0.5932432432432433,0.5831081081081081,0.595945945945946,0.5712837837837837,0.5879560810810811,False
USA30IDXUSD1440_comma,daily,30,250,long_short,none,0.001,-0.004788279290442232,-0.20114840432287656,-0.23370422176715847,-0.009380747978458098,-0.5104368331222641,19,0.3157894736842105,0.982787257396767,-75.70977314395745,0.6722972972972973,0.5280405405405405,0.5148648648648648,0.5560810810810811,0.5873141891891891,True
USA30IDXUSD1440_comma,daily,100,150,long_only,combined,0.0,0.006645097982711956,-0.3094801100208066,-0.38137753097855065,0.021119570929369204,-0.31464171336318103,79,0.31645569620253167,1.1409969404780997,124.46477842480583,0.5486486486486486,0.6003378378378378,0.6027027027027027,0.6425675675675676,0.5864695945945946,False
USA30IDXUSD1440_comma,daily,20,300,long_short,combined,0.005,0.0009335330885584803,-0.27061532797168186,-0.3288720629691475,0.002910342443533976,-0.3207640017182679,175,0.37142857142857144,1.0746410743725927,55.8932938864035,0.6067567567567568,0.5564189189189189,0.5560810810810811,0.6135135135135135,0.5850506756756757,False
USA30IDXUSD1440_comma,daily,10,400,long_short,none,0.0025,-0.0021964841061979934,-0.18310897830312328,-0.21719300109609643,-0.004511768841371851,-0.4868343621811372,23,0.2608695652173913,0.8603535660609576,-445.12362272482545,0.6895270270270271,0.5385135135135135,0.5331081081081082,0.452027027027027,0.5848648648648649,False
USA30IDXUSD1440_comma,daily,20,500,long_only,fast_slope,0.001,0.010305011868802838,-0.3358573102157511,-0.4256666542827943,0.03589521035785147,-0.2870859862936781,149,0.3825503355704698,1.1497074591677554,98.07384009579631,0.5067567567567568,0.6300675675675675,0.6358108108108108,0.6462837837837838,0.5843243243243244,False
USA30IDXUSD1440_comma,daily,30,50,long_only,price_slow,0.005,0.008653785522248159,-0.3331779011751986,-0.4240265229804033,0.03780732189766482,-0.22889178835972146,88,0.4431818181818182,1.1589670592788455,138.0212770361749,0.5114864864864865,0.6341216216216217,0.6168918918918919,0.6513513513513514,0.5842060810810812,False
USA30IDXUSD1440_comma,daily,20,300,long_only,fast_slope,0.001,0.010213503926204792,-0.34468808165639064,-0.43563853431385224,0.04206917629036545,-0.24277879499494404,156,0.3782051282051282,1.1529760625699468,92.78830291726524,0.49594594594594593,0.6469594594594594,0.6331081081081081,0.6493243243243243,0.5841385135135135,False
USA30IDXUSD1440_comma,daily,30,100,long_only,slow_slope,0.001,0.005548514076768596,-0.29348637143753725,-0.3608189113617063,0.019560736825329956,-0.2836556785316804,75,0.32,1.0191165100960171,22.57480513116906,0.5726351351351351,0.5962837837837838,0.5939189189189189,0.5777027027027027,0.5835641891891892,False
USA30IDXUSD1440_comma,daily,30,75,long_only,fast_slope,0.0025,0.007717715971158778,-0.3293615338980659,-0.411474226599101,0.03615213553677278,-0.2134788403663891,104,0.41346153846153844,1.1400334771440792,103.54980294572866,0.5182432432432432,0.6307432432432433,0.6111486486486486,0.6422297297297297,0.5835472972972973,False
USA30IDXUSD1440_comma,daily,75,500,long_short,combined,0.005,0.006092231513943336,-0.2950379102100362,-0.35623037840622973,0.017706763349551267,-0.34406240111057496,75,0.26666666666666666,1.0247876937746578,30.945155216633424,0.5695945945945946,0.5925675675675676,0.5989864864864864,0.581418918918919,0.5829898648648648,False
USA30IDXUSD1440_comma,daily,20,300,long_only,combined,0.001,0.010521520510389015,-0.356748065844219,-0.4535776391032338,0.04793190544847025,-0.21950974850562321,152,0.375,1.1625430221288364,98.29071227060865,0.47533783783783784,0.6665540540540541,0.6378378378378379,0.6543918918918918,0.5825,False
USA30IDXUSD1440_comma,daily,100,400,long_short,slow_slope,0.005,0.0031385216043178232,-0.22311934572837563,-0.27242786116346435,0.007888051220092472,-0.39788301530337045,39,0.3076923076923077,0.8371531171350887,-282.1330600459604,0.6537162162162162,0.5675675675675675,0.5733108108108108,0.4293918918918919,0.5824493243243243,False
USA30IDXUSD1440_comma,daily,20,400,long_only,combined,0.0,0.010599448714929682,-0.34749498126731554,-0.4396014686702576,0.039898607278659,-0.265659616660332,148,0.3918918918918919,1.1603598576798044,101.74435125992123,0.4908783783783784,0.6398648648648648,0.6381756756756757,0.6523648648648649,0.5818074324324325,False
USA30IDXUSD1440_comma,daily,10,300,long_short,none,0.001,-0.005418914902182492,-0.19888646650620234,-0.2362254580523254,-0.01203819020408915,-0.45014365202020046,31,0.22580645161290322,0.9536812291784291,-127.65412315577099,0.672972972972973,0.5219594594594594,0.5081081081081081,0.5358108108108108,0.5816722972972973,False
USA30IDXUSD1440_comma,daily,30,200,long_only,combined,0.001,0.009828023278055431,-0.35091012449396164,-0.4336489958391128,0.0440155933403491,-0.22328503451175974,112,0.41964285714285715,1.1797017689648415,124.06444435012783,0.4847972972972973,0.6523648648648649,0.6266891891891891,0.6621621621621622,0.5816722972972973,False
USA30IDXUSD1440_comma,daily,20,300,long_only,fast_slope,0.0,0.0100526669537091,-0.3464208105799881,-0.43760684546489514,0.04046975278007866,-0.24839951477681255,156,0.3782051282051282,1.1510962074712032,91.2355621327772,0.49425675675675673,0.6418918918918919,0.6300675675675675,0.647972972972973,0.5813851351351351,False
USA30IDXUSD1440_comma,daily,10,100,long_only,slow_slope,0.005,0.0058843464512119414,-0.3068606501501383,-0.3800669522803264,0.024255241898446342,-0.2426010210843892,63,0.31746031746031744,1.0322571639125,34.061452743950106,0.5530405405405405,0.6074324324324324,0.5972972972972973,0.5847972972972973,0.5802533783783783,False
USA30IDXUSD1440_comma,daily,20,500,long_only,combined,0.001,0.010302479103587725,-0.3465325165061271,-0.4378748360612654,0.03709897504351288,-0.277702526592826,141,0.375886524822695,1.1568024685427298,103.6112041305161,0.49324324324324326,0.6324324324324324,0.635472972972973,0.65,0.5800000000000001,False
USA30IDXUSD1440_comma,daily,40,250,long_only,fast_slope,0.0,0.007960702811881548,-0.32914829205492596,-0.4148275607628605,0.02843432259526764,-0.27996808382579363,93,0.3548387096774194,1.1277868224202354,119.62402373932467,0.518581081081081,0.614527027027027,0.6131756756756757,0.6378378378378379,0.579375,False
USA30IDXUSD1440_comma,daily,10,400,long_short,none,0.0,-0.0032896158404157605,-0.18676676167343478,-0.22083534445575714,-0.006587059195848518,-0.49940584145486877,24,0.16666666666666666,0.8560873133778175,-458.90631803063997,0.6841216216216216,0.5331081081081082,0.5256756756756756,0.44763513513513514,0.5792060810810811,False
USA30IDXUSD1440_comma,daily,60,100,long_only,fast_slope,0.0,0.005669766216826355,-0.3146068709938876,-0.3898563484106586,0.019594401957359536,-0.28935643094209496,98,0.3469387755102041,1.098420982553597,79.70974400005956,0.5405405405405406,0.5966216216216216,0.5952702702702702,0.6266891891891891,0.5784290540540541,False
USA30IDXUSD1440_comma,daily,20,250,long_short,combined,0.0,-7.118949142981279e-05,-0.2770626921304336,-0.33602604312111134,-0.00024944616079889846,-0.2853902068559203,178,0.3651685393258427,1.074987912106913,50.33227593741667,0.595945945945946,0.5503378378378379,0.5503378378378379,0.6138513513513514,0.5781081081081081,False
USA30IDXUSD1440_comma,daily,40,250,long_only,fast_slope,0.001,0.007842910188687435,-0.3310145940595276,-0.41689859142983277,0.028170963915640033,-0.2784040408476469,93,0.3548387096774194,1.1258752578715208,117.7676866067275,0.5155405405405405,0.6141891891891892,0.6118243243243243,0.6368243243243243,0.5776520270270271,False
USA30IDXUSD1440_comma,daily,20,200,long_short,combined,0.001,-0.000506919198292155,-0.27493261912008554,-0.33642404463930964,-0.00164955390682746,-0.307306839863814,175,0.3942857142857143,1.0694445866616256,50.772791567638656,0.5993243243243244,0.5466216216216216,0.5469594594594595,0.6118243243243243,0.5775506756756758,False
USA30IDXUSD1440_comma,daily,75,500,long_short,none,0.005,0.008512343618257034,-0.12172787946467396,-0.15092848400197245,0.017433803206154203,-0.48826658862663674,8,0.25,0.4921397258024005,-3439.630407885515,0.7503378378378378,0.5918918918918918,0.6162162162162163,0.0402027027027027,0.5773817567567567,True
USA30IDXUSD1440_comma,daily,60,500,long_short,none,0.001,0.006441341194721728,-0.12826834023058753,-0.15710244705011647,0.014107483075187562,-0.4565903896812642,11,0.2727272727272727,0.5673627350102516,-2898.3666678858967,0.7435810810810811,0.5841216216216216,0.602027027027027,0.08851351351351351,0.5771452702702703,True
USA30IDXUSD1440_comma,daily,20,500,long_only,fast_slope,0.005,0.009866110751265422,-0.34411660569772873,-0.4357537588243317,0.03313787793489228,-0.2977291053654638,147,0.3877551020408163,1.1418119269505687,94.91414734094533,0.4966216216216216,0.6253378378378378,0.6280405405405406,0.6429054054054054,0.577027027027027,False
USA30IDXUSD1440_comma,daily,5,150,long_only,slow_slope,0.005,0.005869551461847422,-0.2997901928979506,-0.36979216604685344,0.01573878489742008,-0.3729354902619938,57,0.24561403508771928,0.9997533841422979,-0.31167960342483575,0.5628378378378378,0.589527027027027,0.5969594594594595,0.5672297297297297,0.5769932432432432,False
USA30IDXUSD1440_comma,daily,30,100,long_only,fast_slope,0.0,0.00718223592321432,-0.3353908276246843,-0.4132287095337307,0.03647232025346488,-0.1969229232826778,109,0.42201834862385323,1.1220442130622306,91.63931301430097,0.5070945945945946,0.6310810810810811,0.6057432432432432,0.6347972972972973,0.5769763513513514,False
USA30IDXUSD1440_comma,daily,20,300,long_only,combined,0.0,0.01026144557483355,-0.359908936633103,-0.4573649494385961,0.045341558552149136,-0.2263143549208052,152,0.375,1.158820828629814,95.70571931383176,0.4702702702702703,0.6567567567567567,0.6347972972972973,0.6510135135135136,0.5769087837837839,False
USA30IDXUSD1440_comma,daily,60,200,long_only,fast_slope,0.0025,0.006386442430380113,-0.328078640874395,-0.40556006924825994,0.028520796736100064,-0.22392230096070576,108,0.3055555555555556,1.1068313571572874,81.83481374094046,0.5202702702702703,0.6148648648648649,0.6016891891891892,0.6297297297297297,0.5766216216216217,False
USA30IDXUSD1440_comma,daily,20,300,long_short,price_slow,0.0,-0.005235565468246883,-0.21729289627157225,-0.2570129537291828,-0.01152067036978261,-0.45444972386148363,60,0.2,0.9482353749779479,-83.72214177728671,0.6594594594594595,0.5233108108108108,0.5097972972972973,0.5324324324324324,0.5764358108108107,False
USA30IDXUSD1440_comma,daily,20,200,long_short,combined,0.0,-0.0006281528525583502,-0.2755273308805021,-0.33700963910183507,-0.0019915399793444728,-0.3154106164442204,176,0.39204545454545453,1.0666216217347173,49.26018546145213,0.5983108108108108,0.5459459459459459,0.5456081081081081,0.6094594594594595,0.5763513513513514,False
USA30IDXUSD1440_comma,daily,20,75,long_only,slow_slope,0.005,0.0058546722200951695,-0.30949730914840834,-0.37805905429308584,0.02094458824005539,-0.27953150250518777,72,0.2222222222222222,1.0267045729166,28.35541399574442,0.5483108108108108,0.5996621621621622,0.5966216216216216,0.5824324324324325,0.575929054054054,False
USA30IDXUSD1440_comma,daily,60,400,long_short,none,0.0,0.0002724652949142037,-0.1630924011753952,-0.20114589060862506,0.000489037034122933,-0.5571465469948682,12,0.3333333333333333,0.7145266316894691,-1815.2169698929254,0.7131756756756756,0.552027027027027,0.5533783783783783,0.27668918918918917,0.575456081081081,True
USA30IDXUSD1440_comma,daily,40,100,long_only,price_slow,0.0,0.004817796170511368,-0.3137290400352938,-0.38317266822218166,0.01734556050097393,-0.2777538477491607,80,0.3125,1.0857437782926798,82.53501527131615,0.5422297297297297,0.591554054054054,0.5881756756756756,0.6195945945945946,0.5753547297297297,False
USA30IDXUSD1440_comma,daily,40,200,long_only,fast_slope,0.005,0.007838621980895466,-0.33480965297058624,-0.4214569050421699,0.02963025090805478,-0.2645479447750674,96,0.3854166666666667,1.1227478618983504,114.02202758887636,0.5084459459459459,0.6168918918918919,0.6114864864864865,0.6351351351351351,0.575168918918919,False
USA30IDXUSD1440_comma,daily,10,100,long_only,slow_slope,0.0,0.005069092449331514,-0.30701942237739493,-0.3803985202960837,0.02014660329689674,-0.25161027765471145,67,0.29850746268656714,1.015949895741162,15.671358307708621,0.5523648648648649,0.597972972972973,0.5908783783783784,0.5746621621621621,0.5748141891891893,False
USA30IDXUSD1440_comma,daily,30,250,long_short,fast_slope,0.001,-0.0012691576919382497,-0.2768647019558747,-0.32721583852702296,-0.003996167930475568,-0.3175936832532491,128,0.4140625,1.0857359039669612,68.88135704733264,0.5962837837837838,0.5398648648648648,0.5415540540540541,0.6192567567567567,0.5746790540540541,False
USA30IDXUSD1440_comma,daily,40,300,long_only,fast_slope,0.0025,0.007891261162626284,-0.3350169562845704,-0.42266332705116183,0.026697926256250996,-0.29557580940499606,92,0.358695652173913,1.126824182531735,119.81770682603624,0.5074324324324324,0.6114864864864865,0.6121621621621621,0.6375,0.573902027027027,False
USA30IDXUSD1440_comma,daily,20,300,long_only,fast_slope,0.005,0.010053906441633842,-0.354075749679585,-0.44770026866056134,0.03796590216241332,-0.26481410605296574,153,0.37254901960784315,1.1499719923496523,93.03668367496745,0.4793918918918919,0.635472972972973,0.6304054054054054,0.6466216216216216,0.5736993243243244,False
USA30IDXUSD1440_comma,daily,100,400,long_short,price_slow,0.0,0.0009388621663213303,-0.2522739183583347,-0.31285615171340014,0.0019439790357773901,-0.4829589975212273,46,0.10869565217391304,0.8814794224247856,-221.55754638359576,0.6300675675675675,0.5550675675675676,0.5564189189189189,0.47331081081081083,0.5730743243243244,False
USA30IDXUSD1440_comma,daily,20,75,long_only,price_slow,0.0025,0.004284541086894578,-0.31473387618483384,-0.3873641448430768,0.015102223989895837,-0.2837026579503228,86,0.3023255813953488,1.069695388156669,68.0537535212129,0.5402027027027027,0.5875,0.5847972972972973,0.6121621621621621,0.5717398648648648,False
USA30IDXUSD1440_comma,daily,10,300,long_short,none,0.0025,-0.007651810595861508,-0.2143803202121116,-0.25437256474561415,-0.0162707515936715,-0.47028009442647234,33,0.21212121212121213,0.9539964756359477,-137.79174289056948,0.6628378378378378,0.5087837837837837,0.4922297297297297,0.5368243243243244,0.5713006756756757,False
USA30IDXUSD1440_comma,daily,20,100,long_only,slow_slope,0.001,0.004253216288935491,-0.30570903015183093,-0.3789100613096131,0.015137230683312885,-0.28097717329657856,71,0.28169014084507044,0.9995752913406615,-0.5049428531523563,0.5554054054054054,0.5878378378378378,0.5841216216216216,0.5668918918918919,0.5709797297297298,False
USA30IDXUSD1440_comma,daily,20,300,long_short,price_slow,0.005,-0.005603008631105411,-0.22389884294585982,-0.2641294821586833,-0.012856782861886329,-0.43580176248565383,56,0.21428571428571427,0.9366176918873912,-110.07226885114973,0.6530405405405405,0.5202702702702703,0.5067567567567568,0.5202702702702703,0.5706756756756757,False
USA30IDXUSD1440_comma,daily,20,200,long_short,none,0.005,-0.007691401438116641,-0.2194020245829493,-0.26282767598550094,-0.01860781205654881,-0.41334260120118416,27,0.2962962962962963,0.9896499495766995,-31.473369960516518,0.6577702702702702,0.5,0.49155405405405406,0.5597972972972973,0.5703885135135135,False
USA30IDXUSD1440_comma,daily,100,250,long_short,none,0.0,-0.0019886848953054592,-0.17593020314657307,-0.2208060044182914,-0.003365428924501467,-0.5909157316700873,10,0.4,0.7468554584268701,-2087.9181499808924,0.697972972972973,0.5408783783783784,0.5347972972972973,0.3260135135135135,0.5702702702702703,True
USA30IDXUSD1440_comma,daily,10,250,long_short,none,0.0025,-0.007587224210040877,-0.2153750319285585,-0.2588288336011552,-0.016780418316536073,-0.45214750114805735,36,0.2222222222222222,0.9495338455081652,-122.05765384396831,0.6621621621621622,0.5064189189189189,0.49324324324324326,0.5337837837837838,0.5701858108108109,False
USA30IDXUSD1440_comma,daily,50,100,long_only,fast_slope,0.001,0.005351755937323288,-0.3217187907267957,-0.39487058228167154,0.01717604080985584,-0.31158262818357885,94,0.32978723404255317,1.0821934774405195,78.28611714765074,0.5280405405405405,0.5908783783783784,0.5929054054054054,0.6172297297297298,0.5701013513513513,False
USA30IDXUSD1440_comma,daily,100,150,long_only,combined,0.001,0.005406653749396195,-0.32806721497299385,-0.40251031021673617,0.017230153120571776,-0.31379023224935665,78,0.2948717948717949,1.1097643675007276,103.03977658456603,0.5206081081081081,0.5912162162162162,0.5932432432432433,0.6320945945945946,0.5695101351351352,False
USA30IDXUSD1440_comma,daily,100,400,long_short,price_slow,0.001,0.00032746897835056465,-0.2576810563922857,-0.31978508755249135,0.0006652976578144808,-0.49221423599522107,45,0.1111111111111111,0.8747824282486567,-240.12560833520564,0.625,0.5530405405405405,0.5540540540540541,0.46587837837837837,0.5689527027027027,False
USA30IDXUSD1440_comma,daily,20,200,long_short,slow_slope,0.001,-0.007114640568779307,-0.2360732372003139,-0.27821111411537386,-0.015460757759934404,-0.4601741181933823,56,0.32142857142857145,0.9931391566143027,-10.965901997656667,0.6432432432432432,0.5108108108108108,0.4972972972972973,0.5628378378378378,0.5688851351351352,False
USA30IDXUSD1440_comma,daily,100,400,long_short,slow_slope,0.0025,0.0034368409592202553,-0.2184000004012988,-0.2667012237165994,0.008430751925905594,-0.4076553300850547,38,0.2631578947368421,0.7413769402233469,-455.1471379782748,0.658445945945946,0.5692567567567568,0.5753378378378379,0.31824324324324327,0.5684966216216217,False
USA30IDXUSD1440_comma,daily,40,250,long_only,fast_slope,0.005,0.0074511315974297165,-0.34343267062874,-0.43343708769335276,0.024819944711003298,-0.30020742125692346,91,0.3626373626373626,1.1169112541727537,114.06570045392706,0.49864864864864866,0.6081081081081081,0.6081081081081081,0.6337837837837837,0.5681756756756756,False
USA30IDXUSD1440_comma,daily,30,200,long_only,combined,0.0,0.008902225594338509,-0.3599751148007196,-0.4429600433350933,0.037896927306659604,-0.23490626356860667,114,0.42105263157894735,1.15810508076929,109.77109844232359,0.46993243243243243,0.6347972972972973,0.6189189189189189,0.6506756756756756,0.5680574324324325,False
USA30IDXUSD1440_comma,daily,100,250,long_short,none,0.0025,-0.0020158638747098667,-0.17922425151288401,-0.22490542366577299,-0.003571327985708937,-0.564457782308589,10,0.4,0.7426165822352184,-2010.7586713965343,0.6945945945945946,0.5402027027027027,0.5344594594594595,0.3206081081081081,0.5678716216216216,True
USA30IDXUSD1440_comma,daily,20,400,long_only,fast_slope,0.005,0.009408459631606414,-0.3566475704064706,-0.449950375919155,0.03287539042120043,-0.2861854874136843,153,0.3790849673202614,1.132367839326345,86.71429369388937,0.4756756756756757,0.6243243243243243,0.6253378378378378,0.6385135135135135,0.567195945945946,False
USA30IDXUSD1440_comma,daily,10,250,long_short,none,0.0,-0.008322380977099808,-0.21545740471474162,-0.2593512892214928,-0.01940103767379412,-0.4289657654931124,36,0.2222222222222222,0.9581733874989832,-103.77368682305371,0.6618243243243244,0.4966216216216216,0.4847972972972973,0.5391891891891892,0.566722972972973,False
USA30IDXUSD1440_comma,daily,20,250,long_only,fast_slope,0.0,0.009129466448791312,-0.3621898577520547,-0.4563195294976169,0.038245935819475024,-0.23870422446670903,155,0.38064516129032255,1.1382041860722276,82.91297972785728,0.4668918918918919,0.6364864864864865,0.6216216216216216,0.6418918918918919,0.5664864864864866,False
USA30IDXUSD1440_comma,daily,100,150,long_only,price_slow,0.005,0.005558688245483667,-0.3315908673344297,-0.40570245687946493,0.015587731050991122,-0.35660663038770013,59,0.288135593220339,1.0958649294894236,127.31578537137753,0.5152027027027027,0.5891891891891892,0.5942567567567567,0.6253378378378378,0.5660304054054054,False
USA30IDXUSD1440_comma,daily,10,100,long_only,slow_slope,0.0025,0.004395392053992531,-0.3175583017334997,-0.3931695164385455,0.018499344260650214,-0.23759718139533892,63,0.30158730158730157,1.0022822574158212,2.4220305385349152,0.535472972972973,0.5942567567567567,0.585472972972973,0.5702702702702702,0.5653885135135135,False
USA30IDXUSD1440_comma,daily,100,500,long_short,combined,0.0025,0.004148331430076313,-0.3103106932954843,-0.3839915802905738,0.01149494317367731,-0.36088316117784114,74,0.2702702702702703,1.0019868920797725,2.2859088000606183,0.5469594594594595,0.5777027027027027,0.5820945945945946,0.5699324324324324,0.5651182432432432,False
USA30IDXUSD1440_comma,daily,20,50,long_only,price_slow,0.0025,0.00544330602216947,-0.33686693041963445,-0.42190833584362636,0.023169332743483737,-0.23493581288828325,88,0.4090909090909091,1.0907932987546698,85.10259171998355,0.504054054054054,0.6047297297297297,0.5935810810810811,0.6222972972972973,0.5648648648648649,False
USA30IDXUSD1440_comma,daily,100,250,long_short,price_slow,0.0025,-0.0005224309519010761,-0.26404497688623596,-0.32462078466232885,-0.001082430278590696,-0.4826462842311391,53,0.20754716981132076,0.8911623826228223,-196.0931901262076,0.6162162162162163,0.547972972972973,0.5466216216216216,0.4797297297297297,0.5647635135135135,False
USA30IDXUSD1440_comma,daily,50,100,long_only,combined,0.0025,0.0069191653922664464,-0.34662009882369516,-0.4275723019804323,0.023906633323488323,-0.28942449982985896,96,0.3333333333333333,1.1155305746180935,100.07406250540566,0.4929054054054054,0.606418918918919,0.6047297297297297,0.6331081081081081,0.564679054054054,False
USA30IDXUSD1440_comma,daily,40,150,long_only,fast_slope,0.005,0.006804639708245519,-0.3485157035860916,-0.43692464486634125,0.028938214515990972,-0.23514373025624447,91,0.4065934065934066,1.1086947713533715,103.75139658989217,0.4888513513513513,0.6152027027027027,0.6040540540540541,0.6300675675675675,0.5646621621621623,False
USA30IDXUSD1440_comma,daily,30,250,long_short,price_slow,0.0,-0.006687499121829865,-0.24442069774127237,-0.2891636743133171,-0.015415899479986372,-0.4338053144749603,59,0.1864406779661017,0.9687366712186484,-50.03396747845118,0.6364864864864865,0.5114864864864865,0.5006756756756757,0.5469594594594595,0.5646452702702703,False
USA30IDXUSD1440_comma,daily,20,400,long_only,fast_slope,0.0025,0.009069534150609515,-0.3576465526294324,-0.4518584466252997,0.0315356455036986,-0.2875962741763384,155,0.3741935483870968,1.1250519032663528,82.3379415814529,0.4739864864864865,0.6212837837837838,0.620945945945946,0.6361486486486486,0.5645270270270271,False
USA30IDXUSD1440_comma,daily,20,300,long_short,combined,0.001,-0.0014834094911225781,-0.28906955642653204,-0.3514640819285768,-0.0044976553466216495,-0.32981840021086106,179,0.3743016759776536,1.046164922175547,34.42165213737474,0.5800675675675676,0.5388513513513513,0.5388513513513513,0.595945945945946,0.563902027027027,False
USA30IDXUSD1440_comma,daily,30,100,long_only,fast_slope,0.001,0.0060453368356980786,-0.34986908716273246,-0.4307615021776773,0.030411005107181727,-0.19878780113947758,109,0.42201834862385323,1.1033820161213626,76.59100867436642,0.4871621621621622,0.6185810810810811,0.5976351351351351,0.6283783783783784,0.5632939189189189,False
USA30IDXUSD1440_comma,daily,50,100,long_only,price_slow,0.001,0.003946604751084326,-0.3271050358728102,-0.3997849373545575,0.01479089634172906,-0.26682661144408826,78,0.3076923076923077,1.0694349118288744,68.97112314073524,0.5212837837837838,0.5864864864864865,0.5804054054054054,0.6114864864864865,0.5629391891891892,False
USA30IDXUSD1440_comma,daily,30,100,long_only,price_slow,0.0025,0.0036388205522119854,-0.3215801314611853,-0.3943569288952796,0.01252663533493681,-0.2904866674024834,78,0.3076923076923077,1.0609815070582487,63.47134770024595,0.5287162162162162,0.5804054054054054,0.5780405405405405,0.6047297297297297,0.5629054054054055,False
USA30IDXUSD1440_comma,daily,20,50,long_short,none,0.005,-0.009151539857108704,-0.23704327524413837,-0.28916055081783204,-0.022186030297512798,-0.412491091663868,79,0.4177215189873418,1.041121952965984,62.99963197311797,0.6418918918918919,0.4871621621621622,0.4739864864864865,0.5922297297297298,0.5621790540540541,False
USA30IDXUSD1440_comma,daily,60,500,long_short,none,0.005,0.00407694735103159,-0.148758044128894,-0.1825974410275719,0.009248915908827163,-0.44080272663529707,10,0.2,0.5600467886905991,-3149.557298465458,0.7263513513513513,0.5719594594594595,0.5817567567567568,0.08141891891891892,0.5620945945945947,True
USA30IDXUSD1440_comma,daily,40,150,long_only,combined,0.0,0.007364322197794593,-0.3524785675935209,-0.4428083445657654,0.026661316838045096,-0.2762174967774237,99,0.37373737373737376,1.1159382472114392,103.57085141101089,0.4820945945945946,0.6108108108108108,0.6070945945945946,0.6334459459459459,0.5619763513513514,False
USA30IDXUSD1440_comma,daily,20,100,long_only,slow_slope,0.0025,0.003707869198779079,-0.31435939062510965,-0.3889481056618274,0.013365639110008576,-0.27741802455241515,69,0.2608695652173913,0.9904634689584012,-10.950923010849287,0.5412162162162162,0.5820945945945946,0.5783783783783784,0.5601351351351351,0.5617060810810811,False
USA30IDXUSD1440_comma,daily,10,50,long_only,price_slow,0.005,0.0048005866257132546,-0.33900188248594176,-0.4266035201328957,0.02123106622948213,-0.22611142435451537,83,0.42168674698795183,1.0801127603132608,79.25920975150541,0.5020270270270271,0.6010135135135135,0.5878378378378378,0.6165540540540541,0.561114864864865,False
USA30IDXUSD1440_comma,daily,30,75,long_only,price_slow,0.0,0.0035567024406479852,-0.32420463715451936,-0.39778798812265614,0.011598944531917559,-0.3066401801354235,89,0.25842696629213485,1.0574440283541475,54.343640987481294,0.5243243243243243,0.5787162162162162,0.5760135135135135,0.6030405405405406,0.5600675675675676,False
USA30IDXUSD1440_comma,daily,100,250,long_short,price_slow,0.005,-0.0010368725081351116,-0.2694479581440213,-0.33025778429964286,-0.002192410154226333,-0.472937285998389,53,0.20754716981132076,0.8880510270950073,-200.42704011114782,0.6084459459459459,0.5449324324324324,0.5429054054054054,0.47635135135135137,0.5596452702702703,False
USA30IDXUSD1440_comma,daily,10,300,long_short,none,0.0,-0.008685942326378426,-0.21775434561966028,-0.2589575503856344,-0.019015027503422776,-0.4567935715483411,32,0.1875,0.9154966833964824,-228.66622119679744,0.6587837837837838,0.49864864864864866,0.4800675675675676,0.5013513513513513,0.5593918918918919,False
USA30IDXUSD1440_comma,daily,100,300,long_short,price_slow,0.0,-0.0011567567634978015,-0.27052445934913566,-0.3373148557338844,-0.002597386115470469,-0.44535417996114,58,0.20689655172413793,0.8832774918796216,-198.5474804538838,0.6070945945945946,0.5429054054054054,0.5425675675675675,0.4743243243243243,0.5582263513513513,False
USA30IDXUSD1440_comma,daily,30,50,long_only,combined,0.0,0.006049719576178614,-0.3578987208806888,-0.44922739252450633,0.03054936559886286,-0.19803093968025975,113,0.3805309734513274,1.106272427839592,73.9353937007288,0.47364864864864864,0.6189189189189189,0.597972972972973,0.6293918918918919,0.5581925675675675,False
USA30IDXUSD1440_comma,daily,60,500,long_short,slow_slope,0.0025,0.004998105908715633,-0.192014124967812,-0.2333812290755063,0.012924317675494512,-0.38672106599425526,38,0.13157894736842105,0.6235494145155636,-750.0471510130152,0.6793918918918919,0.581081081081081,0.5898648648648649,0.15067567567567566,0.5576013513513512,False
USA30IDXUSD1440_comma,daily,20,200,long_short,price_slow,0.001,-0.008970591470330747,-0.24482993380072673,-0.29072592641200146,-0.019807354487451672,-0.45289195364347035,69,0.2028985507246377,0.9864472855557009,-17.45272743189952,0.635472972972973,0.4945945945945946,0.47702702702702704,0.5581081081081081,0.5569594594594595,False
USA30IDXUSD1440_comma,daily,30,200,long_short,none,0.005,-0.008631940909136104,-0.22970148597947881,-0.2682313770030133,-0.017381889585148688,-0.49660543906062704,23,0.30434782608695654,0.91118082980411,-354.78762670894366,0.6496621621621622,0.5047297297297297,0.48074324324324325,0.4972972972972973,0.5567905405405406,False
USA30IDXUSD1440_comma,daily,60,100,long_only,fast_slope,0.005,0.004892423529938572,-0.3494850228321059,-0.43770599822691436,0.020343487391822564,-0.2404908969494174,79,0.3670886075949367,1.0962114791018718,84.91364091100729,0.48817567567567566,0.5983108108108108,0.5891891891891892,0.6256756756756757,0.5565371621621622,False
USA30IDXUSD1440_comma,daily,20,50,long_only,price_slow,0.005,0.005101599286432945,-0.35168719545759974,-0.44230027849964576,0.022797102045278843,-0.223782798195153,86,0.4418604651162791,1.0874293336522316,81.44249629797255,0.4831081081081081,0.6033783783783784,0.5918918918918918,0.6202702702702703,0.5555067567567568,False
USA30IDXUSD1440_comma,daily,40,100,long_only,fast_slope,0.0,0.004911276550713772,-0.345485618438972,-0.4255709601094048,0.015504162000725621,-0.31677149338893107,90,0.4111111111111111,1.0775906394687957,74.83126652167707,0.49493243243243246,0.5888513513513514,0.589527027027027,0.6148648648648649,0.5553209459459459,False
USA30IDXUSD1440_comma,daily,20,250,long_short,combined,0.001,-0.002338126270120311,-0.2975464091546779,-0.3606321311527524,-0.008255262314121608,-0.28322858573744747,176,0.36363636363636365,1.049207793651804,32.86753214704891,0.5658783783783784,0.5304054054054054,0.5324324324324324,0.5989864864864864,0.5552871621621622,False
USA30IDXUSD1440_comma,daily,20,75,long_only,price_slow,0.0,0.0027274068405280794,-0.3260145666516641,-0.400498952260603,0.009147507752142677,-0.29815846178312577,90,0.2777777777777778,1.0438583298588566,40.99901676273535,0.5226351351351352,0.5706081081081081,0.5702702702702702,0.5942567567567567,0.5548986486486487,False
USA30IDXUSD1440_comma,daily,5,150,long_only,price_slow,0.005,0.002720026885155047,-0.3088274326484776,-0.3728160621536342,0.006562062881700658,-0.4145078970121223,55,0.2545454545454545,0.9450736959878923,-74.60472274163985,0.55,0.5652027027027027,0.5699324324324324,0.5293918918918918,0.554695945945946,False
USA30IDXUSD1440_comma,daily,60,500,long_short,slow_slope,0.0,0.004189854748653854,-0.1922933342870794,-0.23284021616111672,0.010444302829295026,-0.401161745033073,39,0.1282051282051282,0.6178554667921027,-782.6530588753417,0.6790540540540541,0.5753378378378379,0.5831081081081081,0.1445945945945946,0.5537668918918919,False
USA30IDXUSD1440_comma,daily,75,500,long_short,slow_slope,0.001,0.004880113662813823,-0.19583622701514533,-0.24039808260576817,0.011594688464527195,-0.42089217642578747,39,0.1282051282051282,0.609149083491513,-730.4341275760548,0.6760135135135135,0.5783783783783784,0.5885135135135136,0.13547297297297298,0.5530236486486486,False
USA30IDXUSD1440_comma,daily,75,500,long_short,combined,0.001,0.003045772335175112,-0.3208363585509494,-0.3872847013680649,0.009222724268426198,-0.3302464918746676,76,0.2631578947368421,0.9850683257817612,-18.133187708664668,0.5297297297297298,0.5716216216216217,0.572972972972973,0.5574324324324325,0.5530067567567568,False
USA30IDXUSD1440_comma,daily,40,250,long_only,fast_slope,0.0025,0.005629493209619696,-0.3582383549090305,-0.45015955737566193,0.019260113152982997,-0.29228764986501665,94,0.3617021276595745,1.087718469999449,82.49076965852935,0.47331081081081083,0.595945945945946,0.5949324324324324,0.6206081081081081,0.5503885135135135,False
USA30IDXUSD1440_comma,daily,30,150,long_only,combined,0.0025,0.007443845172333319,-0.3795450224771922,-0.4706717432322351,0.03336975682404217,-0.22307160377537405,108,0.4351851851851852,1.1373683243710486,96.0125803550982,0.439527027027027,0.6256756756756757,0.6077702702702703,0.6412162162162162,0.5499662162162162,False
USA30IDXUSD1440_comma,daily,40,200,long_short,none,0.005,-0.00922180423742558,-0.2300925142509764,-0.26932848281874205,-0.01902497897354233,-0.4847208635683731,21,0.2857142857142857,0.8816380946694653,-572.856417071669,0.6489864864864865,0.4983108108108108,0.47331081081081083,0.47364864864864864,0.5498817567567568,False
USA30IDXUSD1440_comma,daily,50,200,long_only,combined,0.0,0.006052134227746864,-0.3621578107951285,-0.44674032084176724,0.021164413570776888,-0.2859580402503308,103,0.33980582524271846,1.0872629923408121,81.14717784825342,0.4672297297297297,0.6006756756756757,0.5983108108108108,0.6199324324324325,0.5497128378378379,False
USA30IDXUSD1440_comma,daily,10,250,long_short,price_slow,0.001,-0.010044814144086422,-0.2412928613388891,-0.28751464223217166,-0.022367119507583706,-0.4490884103641807,66,0.18181818181818182,0.9374488160794893,-88.06441835269656,0.6388513513513514,0.4864864864864865,0.46452702702702703,0.5219594594594594,0.5483614864864866,False
USA30IDXUSD1440_comma,daily,30,250,long_short,none,0.0025,-0.009465042429953607,-0.23599659246050153,-0.27210910131339955,-0.018870438515515186,-0.5015804175494647,17,0.35294117647058826,0.8821367123493609,-635.8004656149683,0.643918918918919,0.49898648648648647,0.47128378378378377,0.4739864864864865,0.547668918918919,True
USA30IDXUSD1440_comma,daily,100,150,long_short,slow_slope,0.001,-0.007736305939905153,-0.27641322022036546,-0.33728447063595707,-0.015064281062102076,-0.5135529474000418,71,0.30985915492957744,0.96657648335513,-54.61189397597862,0.5966216216216216,0.5125,0.4912162162162162,0.5445945945945946,0.5467060810810811,False
USA30IDXUSD1440_comma,daily,40,150,long_only,combined,0.001,0.006084698627775609,-0.3689096276398806,-0.46386185623448567,0.022261015104576516,-0.27333428413714567,98,0.37755102040816324,1.094581569354304,85.76356281157098,0.45675675675675675,0.6023648648648648,0.5986486486486486,0.6243243243243243,0.5466722972972973,False
USA30IDXUSD1440_comma,daily,20,250,long_short,combined,0.005,-0.0030296500551885153,-0.3073816702175655,-0.3719313792474212,-0.009834357115925856,-0.30806793158672974,170,0.37058823529411766,1.0396306840925393,26.94907716330306,0.5516891891891892,0.527027027027027,0.5277027027027027,0.5905405405405405,0.5465540540540541,False
USA30IDXUSD1440_comma,daily,20,400,long_only,fast_slope,0.0,0.007550070777785578,-0.37545101322581675,-0.4740156700534768,0.02487303971578927,-0.30354435421066905,155,0.38064516129032255,1.1045212300962364,67.89856455465124,0.4456081081081081,0.6084459459459459,0.6091216216216216,0.629054054054054,0.5465371621621622,False
USA30IDXUSD1440_comma,daily,75,500,long_short,fast_slope,0.0025,0.001438592955633533,-0.31887699600735697,-0.38670050336305783,0.004774012171628404,-0.3013383510379347,76,0.32894736842105265,0.9583277091906623,-52.485468388492656,0.5320945945945946,0.5608108108108109,0.5608108108108109,0.5398648648648648,0.5461824324324325,False
USA30IDXUSD1440_comma,daily,30,75,long_only,price_slow,0.001,0.0025355988613231517,-0.33679495884624533,-0.41355110544918583,0.008083545009884407,-0.3136741192413315,90,0.2777777777777778,1.0404826713397832,38.07060336399505,0.5043918918918919,0.5679054054054054,0.5682432432432433,0.591554054054054,0.5461148648648648,False
USA30IDXUSD1440_comma,daily,10,250,long_short,none,0.005,-0.0103261248668447,-0.2371582907970142,-0.2836598986291536,-0.02211869237902165,-0.46685060264405387,37,0.24324324324324326,0.9156537857085719,-209.21967271652292,0.6415540540540541,0.48783783783783785,0.46013513513513515,0.5020270270270271,0.5459121621621622,False
USA30IDXUSD1440_comma,daily,100,500,long_short,combined,0.0,0.0022447534813196945,-0.32524850419470286,-0.4010573743341443,0.005779610623947356,-0.38839181864929406,80,0.275,0.976120250908857,-26.520533716268027,0.5233108108108108,0.5635135135135135,0.5645270270270271,0.5516891891891892,0.5458614864864865,False
USA30IDXUSD1440_comma,daily,60,400,long_short,none,0.0025,-0.003376351238872699,-0.18977852060381942,-0.23435777122387202,-0.006069051838563344,-0.5563226890597697,15,0.3333333333333333,0.6824743997921685,-1678.0624488030335,0.6820945945945946,0.5347972972972973,0.525,0.22736486486486487,0.5456418918918919,True
USA30IDXUSD1440_comma,daily,20,75,long_only,price_slow,0.005,0.0024597563202481965,-0.33949978977354905,-0.41852732021436434,0.008772419711472974,-0.28039656117128253,79,0.31645569620253167,1.0391286451123278,42.05458888209103,0.5016891891891891,0.5695945945945946,0.5675675675675675,0.5898648648648649,0.5450675675675676,False
USA30IDXUSD1440_comma,daily,10,50,long_only,slow_slope,0.0025,0.002793419192363533,-0.34681016360465483,-0.43263317382581806,0.011860230062038417,-0.23552824673313533,88,0.29545454545454547,1.0433088210041608,42.963187970702535,0.4922297297297297,0.5797297297297297,0.5709459459459459,0.5932432432432433,0.5449999999999999,False
USA30IDXUSD1440_comma,daily,20,300,long_short,combined,0.0,-0.0036163165741058823,-0.30697047328421656,-0.3731051985423063,-0.010490103165308974,-0.3447360352055573,180,0.37222222222222223,1.0247658778206106,18.40315195440918,0.5527027027027027,0.5253378378378378,0.5239864864864865,0.581081081081081,0.544375,False
USA30IDXUSD1440_comma,daily,20,400,long_only,fast_slope,0.001,0.007425561074739573,-0.3777033432765025,-0.4767589310739704,0.024500914335717498,-0.3030728148750992,155,0.38064516129032255,1.1015803140238118,66.72718399960246,0.4418918918918919,0.6077702702702703,0.6074324324324324,0.6277027027027027,0.5443412162162162,False
USA30IDXUSD1440_comma,daily,100,250,long_short,price_slow,0.001,-0.0028434278450918393,-0.28215213500351427,-0.3468585915169155,-0.00590308377944316,-0.4816851583563432,55,0.2,0.8641870497919267,-237.13520642890867,0.5878378378378378,0.5351351351351351,0.5297297297297298,0.4560810810810811,0.5432770270270271,False
USA30IDXUSD1440_comma,daily,50,200,long_only,combined,0.0025,0.005573944845836065,-0.3688473872298594,-0.4547413451181266,0.019256896353741632,-0.2894518796510551,103,0.33980582524271846,1.080151366260767,74.51433102320915,0.4570945945945946,0.5956081081081082,0.5945945945945946,0.6168918918918919,0.5431925675675676,False
USA30IDXUSD1440_comma,daily,100,500,long_short,combined,0.001,0.0019086375935384314,-0.329036120020932,-0.40558399212213786,0.004898727225499375,-0.38961907974859034,78,0.2564102564102564,0.9710793442556847,-32.87936370075143,0.518918918918919,0.5614864864864865,0.5635135135135135,0.547972972972973,0.5428378378378379,False
USA30IDXUSD1440_comma,daily,50,100,long_only,combined,0.005,0.005750444081889627,-0.37411150008014316,-0.4650109884468417,0.021516055763579282,-0.26726292890649295,84,0.3333333333333333,1.1015225440998797,94.3651569035457,0.44763513513513514,0.6016891891891892,0.5962837837837838,0.6273648648648649,0.5428378378378378,False
USA30IDXUSD1440_comma,daily,60,500,long_short,slow_slope,0.005,0.0029743129475805485,-0.2092287894690366,-0.2545247736573895,0.00707785990392556,-0.4202277224971519,38,0.13157894736842105,0.6098527933765052,-805.1454804658902,0.6662162162162162,0.5655405405405406,0.5719594594594595,0.13648648648648648,0.5427364864864865,False
USA30IDXUSD1440_comma,daily,75,400,long_short,combined,0.005,0.001546128478429054,-0.32897597935017675,-0.39479589296096557,0.00447231375972043,-0.3457110930709174,70,0.32857142857142857,0.9678640338365203,-42.12060587803731,0.5192567567567568,0.5601351351351351,0.5618243243243243,0.5462837837837838,0.5420439189189189,False
USA30IDXUSD1440_comma,daily,50,200,long_only,combined,0.005,0.005684943174238288,-0.37022257090252486,-0.4562061856385016,0.019239032324848533,-0.2954900786197959,104,0.3269230769230769,1.0832786885797927,75.31925050829896,0.45337837837837835,0.5952702702702702,0.5956081081081082,0.6182432432432432,0.5420270270270271,False
USA30IDXUSD1440_comma,daily,100,150,long_only,combined,0.0025,0.0035968251800486684,-0.354657698125879,-0.43595250616636505,0.010380394707202395,-0.34650177392127735,78,0.32051282051282054,1.0687143506948062,68.4742572360894,0.4777027027027027,0.5743243243243243,0.5766891891891892,0.6111486486486486,0.5416722972972973,False
USA30IDXUSD1440_comma,daily,20,200,long_short,price_slow,0.0,-0.010892285484126019,-0.25535381608434954,-0.30365967141907796,-0.02506852055490179,-0.4345005306663854,71,0.23943661971830985,0.9586075093269706,-53.16229916632377,0.6266891891891891,0.4766891891891892,0.45337837837837835,0.5402027027027027,0.541554054054054,False
USA30IDXUSD1440_comma,daily,40,50,long_only,none,0.005,0.006129267969823493,-0.39440295627585037,-0.5066406277600137,0.036729645390174016,-0.16687522857117498,51,0.5490196078431373,1.147100425631215,166.05360921766933,0.4155405405405405,0.6317567567567568,0.5993243243243244,0.6449324324324325,0.5407601351351352,False
USA30IDXUSD1440_comma,daily,100,250,long_short,none,0.001,-0.005906813259093924,-0.2021272975698317,-0.25394094363021413,-0.01016467966074019,-0.5811115997986886,10,0.4,0.7014048138895003,-2527.178746525412,0.6719594594594595,0.5260135135135136,0.5043918918918919,0.2597972972972973,0.5401351351351352,True
USA30IDXUSD1440_comma,daily,50,150,long_only,combined,0.0025,0.004664179746125541,-0.3693515512736619,-0.4570430845943368,0.01872904110148279,-0.24903462600422588,98,0.3163265306122449,1.0740052563490625,65.16522856118397,0.45506756756756755,0.5945945945945946,0.5864864864864865,0.6131756756756757,0.5399493243243243,False
USA30IDXUSD1440_comma,daily,40,75,long_only,fast_slope,0.0025,0.0037969855490034288,-0.3609698285004956,-0.44803594137416364,0.013568100230962235,-0.279846513835353,82,0.4146341463414634,1.0618679569450686,63.06109375863915,0.4685810810810811,0.5824324324324325,0.5793918918918919,0.6054054054054054,0.5397297297297298,False
USA30IDXUSD1440_comma,daily,20,250,long_short,combined,0.0025,-0.003813411887126361,-0.3109801858416657,-0.3766762851692751,-0.013775288372646749,-0.27682991339031127,175,0.36,1.0314970856899914,21.033052966291944,0.5459459459459459,0.5158783783783784,0.5219594594594594,0.5837837837837838,0.5393074324324324,False
USA30IDXUSD1440_comma,daily,40,75,long_only,fast_slope,0.001,0.00340396527986786,-0.35756028268431744,-0.44367143015786803,0.010778669229901942,-0.31580570915235584,88,0.375,1.0536286906660774,52.5513212966385,0.4743243243243243,0.5766891891891892,0.575,0.6013513513513513,0.5391047297297298,False
USA30IDXUSD1440_comma,daily,60,500,long_short,slow_slope,0.001,0.0023476036036600423,-0.20657433448929813,-0.25020172019832276,0.00579269457727961,-0.40526970174949806,38,0.13157894736842105,0.5893513080583558,-847.1933889967862,0.6692567567567568,0.5638513513513513,0.5662162162162162,0.11114864864864865,0.5385810810810812,False
USA30IDXUSD1440_comma,daily,5,400,long_only,combined,0.0,0.008265507101528513,-0.39610730773478964,-0.5111444642167489,0.038234999246662994,-0.21617646827206083,285,0.39649122807017545,1.0720592885278166,40.606721505287105,0.41081081081081083,0.6361486486486486,0.6152027027027027,0.6125,0.5382770270270271,False
USA30IDXUSD1440_comma,daily,30,250,long_short,price_slow,0.001,-0.009679735239764509,-0.26614624698073097,-0.31439964937214143,-0.022153336036168987,-0.436942554564276,59,0.1864406779661017,0.929940668732778,-114.603198007515,0.6131756756756757,0.4875,0.4689189189189189,0.514527027027027,0.538108108108108,False
USA30IDXUSD1440_comma,daily,30,150,long_short,none,0.0,-0.011922818493236176,-0.23542987385072273,-0.28333855727596613,-0.026286510982176742,-0.4535717388024718,32,0.28125,0.9093670570004183,-262.8921705392445,0.6449324324324325,0.4702702702702703,0.4412162162162162,0.4939189189189189,0.5378716216216216,False
USA30IDXUSD1440_comma,daily,30,200,long_only,combined,0.0025,0.006821553049249696,-0.3929735097958698,-0.4843998240315342,0.030550876206530717,-0.22328502145517792,111,0.40540540540540543,1.1204273726232343,85.27782164898325,0.4172297297297297,0.6192567567567567,0.6043918918918919,0.6344594594594595,0.5377533783783784,False
USA30IDXUSD1440_comma,daily,60,200,long_only,fast_slope,0.0,0.0031849734016899944,-0.3607997672041372,-0.4444997408664147,0.011707605125824536,-0.2720431179101358,110,0.3,1.0512376280791338,39.28317577165729,0.4689189189189189,0.5790540540540541,0.5739864864864865,0.6,0.5371283783783785,False
USA30IDXUSD1440_comma,daily,75,400,long_short,combined,0.001,0.0009878432495793454,-0.33189743130528326,-0.39725879753289567,0.002798433836045961,-0.35299860831268237,71,0.3380281690140845,0.9600186166860744,-52.894391857707724,0.5138513513513514,0.5560810810810811,0.5567567567567567,0.5412162162162162,0.5370945945945946,False
USA30IDXUSD1440_comma,daily,75,300,long_short,price_slow,0.005,-0.003977592191994894,-0.2827481778694799,-0.34812244402459663,-0.008374892852786605,-0.474942457403669,54,0.2037037037037037,0.843332787602306,-285.9643301986835,0.5871621621621622,0.5297297297297298,0.5199324324324325,0.4347972972972973,0.5365033783783785,False
USA30IDXUSD1440_comma,daily,60,250,long_only,combined,0.0,0.004176783335143153,-0.3714857313455854,-0.45707525037451824,0.017478406065226257,-0.23896820565651988,107,0.2803738317757009,1.0667173764105349,53.28620946725291,0.4510135135135135,0.5922297297297298,0.5827702702702703,0.6097972972972973,0.5364864864864864,False
USA30IDXUSD1440_comma,daily,50,200,long_only,combined,0.001,0.005012104753868263,-0.3750856636796724,-0.4623554199543508,0.0170131624511293,-0.29460159263544616,103,0.33980582524271846,1.0726411714089659,66.77060973694427,0.4466216216216216,0.5905405405405405,0.5902027027027027,0.6128378378378379,0.53625,False
USA30IDXUSD1440_comma,daily,50,200,long_short,slow_slope,0.005,-0.008434893719037717,-0.26600350501764536,-0.3111189423099413,-0.018428865195073862,-0.45770011499635965,50,0.34,0.858215068325385,-329.6190945830026,0.6138513513513514,0.5003378378378378,0.4834459459459459,0.45,0.5348141891891891,False
USA30IDXUSD1440_comma,daily,30,150,long_short,combined,0.0,-0.006886216428152903,-0.3018699699864342,-0.36154204863586303,-0.02148621585862053,-0.32049461261416445,135,0.4,1.0379983476634655,25.441257540560898,0.5604729729729729,0.4902027027027027,0.49898648648648647,0.5881756756756756,0.5347635135135135,False
USA30IDXUSD1440_comma,daily,60,200,long_only,fast_slope,0.001,0.002922656669072321,-0.36412590126913824,-0.4485269850330091,0.010945233457278788,-0.26702552124447365,109,0.3119266055045872,1.0473376317391276,36.319595252029956,0.4652027027027027,0.577027027027027,0.5716216216216217,0.5966216216216216,0.5341554054054054,False
USA30IDXUSD1440_comma,daily,50,100,long_only,price_slow,0.0,0.001370715204239259,-0.3502276602442216,-0.427052393238496,0.005150103126114438,-0.26615296250842513,82,0.3048780487804878,1.022934301446733,22.42665668270969,0.48614864864864865,0.5621621621621622,0.5601351351351351,0.5800675675675676,0.5340371621621622,False
USA30IDXUSD1440_comma,daily,40,100,long_only,slow_slope,0.0025,0.0016540063143313244,-0.3402694459526632,-0.4187503784869683,0.0053163702711744205,-0.31111571052517073,71,0.28169014084507044,0.9528696713937436,-57.12236306655646,0.5013513513513513,0.5628378378378378,0.5621621621621622,0.535472972972973,0.5340033783783784,False
USA30IDXUSD1440_comma,daily,30,150,long_short,combined,0.001,-0.006988905395226563,-0.30331861392553283,-0.3635615447329579,-0.02171397065106013,-0.3218621553624209,135,0.4,1.037520909320343,24.733497425060165,0.558445945945946,0.48952702702702705,0.49864864864864866,0.5875,0.5336148648648649,False
USA30IDXUSD1440_comma,daily,10,500,long_short,none,0.0,-0.00713124976136148,-0.2156001590374435,-0.26347833018421646,-0.014689629928357283,-0.4854614987675837,26,0.23076923076923078,0.7048959776920525,-860.5605112123719,0.6614864864864864,0.5138513513513514,0.4966216216216216,0.2641891891891892,0.5320101351351352,False
USA30IDXUSD1440_comma,daily,20,200,long_short,combined,0.0025,-0.005237628840353614,-0.31598352911576716,-0.3863821859594987,-0.015456338084150582,-0.33886608922746353,175,0.37714285714285717,1.0204933876095832,14.761757334646463,0.5381756756756757,0.5111486486486486,0.5094594594594595,0.5787162162162162,0.5317567567567568,False
USA30IDXUSD1440_comma,daily,60,75,long_only,price_slow,0.0,0.002580827378682038,-0.3654190230462781,-0.4472783053524767,0.00916941594840939,-0.2814603888843904,90,0.35555555555555557,1.0482587724822559,38.760505328355684,0.46385135135135136,0.5709459459459459,0.5689189189189189,0.5976351351351351,0.5317060810810811,False
USA30IDXUSD1440_comma,daily,20,250,long_only,fast_slope,0.005,0.007160442376283216,-0.40073509799755164,-0.5043152090153245,0.0297005724571253,-0.2410876890208018,150,0.37333333333333335,1.1120099019641203,66.38018459092042,0.4010135135135135,0.6172297297297298,0.6054054054054054,0.6327702702702702,0.5307094594594595,False
USA30IDXUSD1440_comma,daily,10,250,long_short,price_slow,0.005,-0.011846244661543825,-0.25688131077694526,-0.30481159684626535,-0.026068967228180917,-0.45441940825096705,61,0.18032786885245902,0.906881538445164,-140.716050690574,0.6263513513513513,0.47128378378378377,0.44256756756756754,0.49155405405405406,0.5306081081081081,False
USA30IDXUSD1440_comma,daily,10,500,long_short,slow_slope,0.0,-0.005906982579598652,-0.23482218482571815,-0.2817356976760404,-0.0123008615661786,-0.4802088494223842,46,0.17391304347826086,0.7124174784080429,-456.15743544390335,0.6452702702702703,0.5212837837837838,0.504054054054054,0.27533783783783783,0.5305405405405406,False
USA30IDXUSD1440_comma,daily,20,50,long_short,fast_slope,0.005,-0.008454941798367588,-0.2834110763519484,-0.35328200921551633,-0.029194905665796238,-0.2896033265239528,196,0.37755102040816324,1.0103443958432374,6.93073214637162,0.5864864864864865,0.4527027027027027,0.4831081081081081,0.572972972972973,0.5303378378378378,False
USA30IDXUSD1440_comma,daily,50,150,long_only,combined,0.0,0.003894949484925192,-0.3768378298901819,-0.4653267037806736,0.014194880383199923,-0.27439114524240615,99,0.31313131313131315,1.060642823693782,53.61251149101893,0.44324324324324327,0.5844594594594594,0.5800675675675676,0.6043918918918919,0.5300844594594595,False
USA30IDXUSD1440_comma,daily,75,500,long_short,none,0.001,-0.00031959646848978007,-0.17357601988478757,-0.21574130879638867,-0.0006950413820660048,-0.45982365472942377,10,0.2,0.4039661073738616,-3594.6804219920787,0.7023648648648648,0.5486486486486486,0.5483108108108108,0.013175675675675676,0.5297466216216216,True
USA30IDXUSD1440_comma,daily,20,500,long_short,combined,0.0025,-0.000670496756827621,-0.35025067484758066,-0.41482793540528556,-0.0019830048159775633,-0.33812159780211415,154,0.37662337662337664,1.048210586519849,30.91686827668284,0.4858108108108108,0.5462837837837838,0.5449324324324324,0.5972972972972973,0.5294763513513514,False
USA30IDXUSD1440_comma,daily,20,250,long_only,combined,0.0,0.007639693530208991,-0.4062148635306971,-0.5126452413069422,0.031060827052641536,-0.24595911490899214,146,0.363013698630137,1.1255465347760352,72.98040556451072,0.3918918918918919,0.6206081081081081,0.610472972972973,0.6364864864864865,0.5294763513513514,False
USA30IDXUSD1440_comma,daily,30,300,long_short,fast_slope,0.0,-0.004905148061096987,-0.3180491864570903,-0.3727897420153371,-0.016437328763414315,-0.2984151580647769,126,0.40476190476190477,1.0174005227507306,13.282683435191144,0.533445945945946,0.5074324324324324,0.5138513513513514,0.5756756756756757,0.5293581081081081,False
USA30IDXUSD1440_comma,daily,30,150,long_only,fast_slope,0.0025,0.004458437509416546,-0.39060891775518564,-0.48063309408323696,0.02094960670706567,-0.21281724147655956,109,0.41284403669724773,1.077724026809018,55.933215958934106,0.42364864864864865,0.6,0.5861486486486487,0.6152027027027027,0.5289695945945946,False
USA30IDXUSD1440_comma,daily,50,100,long_only,fast_slope,0.0,0.0015371631241720696,-0.3584667372582708,-0.4388552494846138,0.004780704349229958,-0.32153486429665223,94,0.32978723404255317,1.0219492741791725,21.961846254913755,0.4726351351351351,0.5611486486486487,0.5614864864864865,0.5797297297297297,0.5285979729729731,False
USA30IDXUSD1440_comma,daily,100,500,long_short,price_slow,0.0,-0.0015794546226350903,-0.2729340495830086,-0.332626105002018,-0.0031681230368474362,-0.4985458595720411,44,0.11363636363636363,0.7286728737051023,-538.9546250537724,0.6016891891891892,0.5412162162162162,0.5375,0.2989864864864865,0.5283277027027027,False
USA30IDXUSD1440_comma,daily,75,400,long_short,combined,0.0,2.094934714480523e-05,-0.34099277447795084,-0.4080996858175902,5.893055722638231e-05,-0.35549209325016407,72,0.3333333333333333,0.9481746916056224,-69.15693699271863,0.5003378378378378,0.5513513513513514,0.5513513513513514,0.5320945945945946,0.5280574324324324,False
USA30IDXUSD1440_comma,daily,75,250,long_short,price_slow,0.0025,-0.005997538695203475,-0.2927684406868193,-0.36000658765789995,-0.012999860980859167,-0.46135406401915957,56,0.19642857142857142,0.8588820220797748,-250.15162494184565,0.5739864864864865,0.518918918918919,0.5033783783783784,0.4506756756756757,0.5276013513513514,False
USA30IDXUSD1440_comma,daily,40,100,long_only,price_slow,0.001,0.0009897691819036325,-0.3555855182368185,-0.43391922090226187,0.003404223846919322,-0.29074738513430354,83,0.3253012048192771,1.0160510919970382,15.961274681310547,0.47635135135135137,0.5574324324324325,0.5570945945945946,0.575,0.5275675675675676,False
USA30IDXUSD1440_comma,daily,30,75,long_only,fast_slope,0.005,0.004019608215380721,-0.3876026793633454,-0.48551614843827257,0.016700629440356617,-0.24068603101075026,90,0.36666666666666664,1.0754353026512238,60.90817550072937,0.4280405405405405,0.5902027027027027,0.581081081081081,0.614527027027027,0.5271621621621622,False
USA30IDXUSD1440_comma,daily,30,200,long_only,combined,0.005,0.006185305102748728,-0.4027301385470299,-0.4958722723510083,0.026338174528522003,-0.23484182990930402,111,0.4144144144144144,1.1095114857865365,77.01920091635174,0.3993243243243243,0.610472972972973,0.6003378378378378,0.6314189189189189,0.5271283783783783,False
USA30IDXUSD1440_comma,daily,5,400,long_only,combined,0.001,0.007557265592565976,-0.40617908751562437,-0.5238868342818653,0.03381786734324698,-0.22346960900463375,285,0.39649122807017545,1.0657701242917526,36.96413211197908,0.39256756756756755,0.6270270270270271,0.6094594594594595,0.6091216216216216,0.5270439189189189,False
USA30IDXUSD1440_comma,daily,50,150,long_only,combined,0.001,0.003616450087885692,-0.3801150073350428,-0.46944384937338485,0.013179908136943742,-0.2743911452424055,99,0.31313131313131315,1.05628702912155,49.69342152612224,0.43817567567567567,0.581418918918919,0.5777027027027027,0.6027027027027027,0.526570945945946,False
USA30IDXUSD1440_comma,daily,20,250,long_only,combined,0.005,0.00764124559487378,-0.41607530058384323,-0.5243070232167603,0.032517665751644574,-0.2349875188838647,141,0.36879432624113473,1.13302187142943,75.58444471505086,0.3777027027027027,0.6233108108108109,0.6108108108108108,0.6391891891891892,0.5249493243243244,False
USA30IDXUSD1440_comma,daily,20,150,long_short,none,0.001,-0.012913550352029457,-0.24304737530180703,-0.29778154677733143,-0.032323772389299,-0.3995062889474056,33,0.21212121212121213,0.91380369016677,-237.19598898308666,0.6375,0.4341216216216216,0.43074324324324326,0.49966216216216214,0.5246283783783784,False
USA30IDXUSD1440_comma,daily,75,400,long_short,combined,0.0025,-0.0002271382609074779,-0.34439922168855136,-0.41212931915697226,-0.0006372130488807491,-0.35645575888070924,71,0.3380281690140845,0.9430066715654832,-75.86909774122209,0.4962837837837838,0.5489864864864865,0.5486486486486486,0.5273648648648649,0.5245945945945946,False
USA30IDXUSD1440_comma,daily,60,100,long_only,fast_slope,0.001,0.001283419032678701,-0.3651653570096827,-0.45253127031584367,0.0042924530897444375,-0.29899430601700827,95,0.3368421052631579,1.0219324759243074,18.115168309251978,0.46418918918918917,0.5597972972972973,0.5587837837837838,0.5793918918918919,0.5242905405405406,False
USA30IDXUSD1440_comma,daily,100,250,long_short,none,0.005,-0.007651626057860184,-0.2194157143065692,-0.2737569665779312,-0.013062075841235669,-0.5857894373652895,10,0.4,0.6775783731644509,-2435.97128455099,0.6574324324324324,0.518581081081081,0.4925675675675676,0.2179054054054054,0.5238175675675676,True
USA30IDXUSD1440_comma,daily,10,300,long_short,price_slow,0.005,-0.012340871598502057,-0.2634803425959885,-0.3126215775843062,-0.027187006665724277,-0.45392535302757975,57,0.21052631578947367,0.90525749613753,-166.77535469214249,0.6165540540540541,0.46418918918918917,0.43716216216216214,0.4908783783783784,0.5237331081081081,False
USA30IDXUSD1440_comma,daily,50,75,long_only,price_slow,0.005,0.002849886959879644,-0.38088676757704065,-0.4705986706654361,0.010106084654890924,-0.28199713907011625,67,0.34328358208955223,1.0623321983127594,57.59003463180274,0.43682432432432433,0.5739864864864865,0.5712837837837837,0.606081081081081,0.5233952702702702,False
USA30IDXUSD1440_comma,daily,20,250,long_only,fast_slope,0.001,0.006165894500258728,-0.40497893373599203,-0.5083925626867993,0.023962285999371585,-0.25731662248002674,154,0.37662337662337664,1.0930014535350328,55.332963711205025,0.3952702702702703,0.6067567567567568,0.6,0.6226351351351351,0.5231925675675676,False
USA30IDXUSD1440_comma,daily,75,500,long_short,none,0.0,-0.0014710717368270343,-0.17783412057530953,-0.21938720752323718,-0.002966884410411564,-0.4958304852270832,10,0.2,0.3886071590177257,-3891.9838699389293,0.6959459459459459,0.5415540540540541,0.5391891891891892,0.008783783783783784,0.5229222972972972,True
USA30IDXUSD1440_comma,daily,20,150,long_short,fast_slope,0.0,-0.008069650599278222,-0.30356000543727685,-0.37629612848668503,-0.026117777435266915,-0.3089715661785887,199,0.3768844221105528,0.992430753546558,-4.913864805038872,0.5581081081081081,0.4706081081081081,0.4864864864864865,0.5618243243243243,0.5224662162162163,False
USA30IDXUSD1440_comma,daily,10,500,long_short,none,0.001,-0.008016562583985753,-0.22192663293463002,-0.27073120209009605,-0.016109580922042142,-0.4976270098384117,26,0.23076923076923078,0.6857972452056554,-896.0355550135245,0.6554054054054054,0.5094594594594595,0.4871621621621622,0.23310810810810811,0.5219256756756757,False
USA30IDXUSD1440_comma,daily,100,500,long_short,price_slow,0.005,-0.001384575458600379,-0.27840194706844384,-0.338836096764251,-0.002892004147388843,-0.47875984543469485,38,0.10526315789473684,0.7078045427677594,-633.327254646512,0.5945945945945946,0.5418918918918919,0.5405405405405406,0.2695945945945946,0.5218581081081082,False
USA30IDXUSD1440_comma,daily,5,200,long_short,slow_slope,0.0,-0.012742516946957938,-0.2669155503437595,-0.313516728621818,-0.026326944666940348,-0.4840104732304602,66,0.30303030303030304,0.9009520653554439,-145.58579574876885,0.6114864864864865,0.46993243243243243,0.43277027027027026,0.4871621621621622,0.5217060810810812,False
USA30IDXUSD1440_comma,daily,100,300,long_short,price_slow,0.001,-0.004981538174202771,-0.30271013270668706,-0.37681561562698185,-0.011049442301987854,-0.45084068843063374,58,0.20689655172413793,0.8371663950185688,-281.86533189153647,0.5594594594594594,0.5239864864864865,0.5118243243243243,0.4297297297297297,0.5216047297297297,False
USA30IDXUSD1440_comma,daily,60,250,long_only,combined,0.001,0.0030362190467962957,-0.3851269737798027,-0.4738744263104327,0.0128192941482527,-0.23684759953886692,107,0.2803738317757009,1.0483810411634613,38.463045174001174,0.4304054054054054,0.5807432432432432,0.5726351351351351,0.597972972972973,0.521570945945946,False
USA30IDXUSD1440_comma,daily,5,400,long_only,combined,0.0025,0.007211943468342419,-0.4114469442112886,-0.5303997556483416,0.03257906731469817,-0.22136740130337385,285,0.39649122807017545,1.0629888459710113,35.19948085539563,0.38344594594594594,0.6236486486486487,0.606081081081081,0.6067567567567568,0.5215202702702703,False
USA30IDXUSD1440_comma,daily,50,250,long_only,combined,0.0025,0.003614090437616735,-0.3884681765772864,-0.47951089441879924,0.011590953285414481,-0.31180269203263367,98,0.3163265306122449,1.055052429844432,50.16701074256876,0.4266891891891892,0.5780405405405405,0.5773648648648648,0.6016891891891892,0.5209121621621622,False
USA30IDXUSD1440_comma,daily,60,75,long_only,price_slow,0.0025,0.0029772651154160723,-0.3859947374366408,-0.4767948643401218,0.010020685124903466,-0.2971119317996487,76,0.3684210526315789,1.0636654539091281,53.08112292735399,0.4297297297297297,0.5736486486486486,0.5722972972972973,0.6074324324324324,0.5208783783783784,False
USA30IDXUSD1440_comma,daily,30,250,long_short,fast_slope,0.0025,-0.005948201195253855,-0.32388477184529507,-0.3784088519108096,-0.019932637583921487,-0.2984151580647775,125,0.424,1.0091136712554798,7.6184580529169725,0.5266891891891892,0.49425675675675673,0.5037162162162162,0.5722972972972973,0.5208277027027027,False
USA30IDXUSD1440_comma,daily,40,50,long_only,fast_slope,0.001,0.0013578866481434027,-0.3699686897469771,-0.46144214426376673,0.005037987357819375,-0.2695295862614363,79,0.45569620253164556,1.020334880259082,23.058616454843083,0.4537162162162162,0.5618243243243243,0.5594594594594594,0.5783783783783784,0.5205912162162162,False
USA30IDXUSD1440_comma,daily,40,50,long_only,price_slow,0.0,0.002693998138251885,-0.38291365968962443,-0.4799272845937969,0.010423465979268817,-0.2584551188261146,108,0.3611111111111111,1.0428080020795678,33.7403801373459,0.4347972972972973,0.575,0.5695945945945946,0.5929054054054054,0.5205236486486486,False
USA30IDXUSD1440_comma,daily,60,75,long_only,price_slow,0.001,0.002258861954216984,-0.37812687949552,-0.4649916867154963,0.007614964682867517,-0.2966345936310212,86,0.3488372093023256,1.044062175309617,35.43244889413425,0.4412162162162162,0.5668918918918919,0.5648648648648649,0.5945945945945946,0.5203716216216216,False
USA30IDXUSD1440_comma,daily,50,75,long_only,price_slow,0.0,0.0011776614732033064,-0.36931878866259726,-0.45236128998047775,0.004062443765977424,-0.28988991381643436,91,0.31868131868131866,1.0206190560469857,17.341775080467535,0.4554054054054054,0.5591216216216216,0.5577702702702703,0.5790540540540541,0.5203547297297297,False
USA30IDXUSD1440_comma,daily,20,100,long_short,fast_slope,0.0,-0.009066425864609262,-0.2968740113684886,-0.36570796370649106,-0.028268975838801072,-0.32071999765074555,209,0.37320574162679426,0.9829768857046273,-10.388577545992195,0.5675675675675675,0.4574324324324324,0.475,0.5564189189189189,0.5198479729729729,False
USA30IDXUSD1440_comma,daily,75,500,long_short,fast_slope,0.005,-0.0009306916653554209,-0.3461962152454169,-0.4182489952502507,-0.002636442431735906,-0.353010425773882,76,0.3157894736842105,0.9295190115874244,-93.55846856138423,0.4945945945945946,0.5425675675675675,0.5432432432432432,0.5138513513513514,0.5192060810810811,False
USA30IDXUSD1440_comma,daily,5,500,long_short,slow_slope,0.001,-0.007402320698028486,-0.2549577528392725,-0.2988087764347471,-0.015724608326235172,-0.47074754069888936,49,0.16326530612244897,0.710386864152672,-472.6292730036595,0.6277027027027027,0.5101351351351351,0.4956081081081081,0.2722972972972973,0.518581081081081,False
USA30IDXUSD1440_comma,daily,30,50,long_only,combined,0.005,0.004697452552463011,-0.40620371060213245,-0.5153332353643743,0.021335014212346837,-0.2201757404850725,93,0.43010752688172044,1.0934093888701635,69.17284500184522,0.39222972972972975,0.6013513513513513,0.5871621621621622,0.6233108108108109,0.5181587837837838,False
USA30IDXUSD1440_comma,daily,30,200,long_short,slow_slope,0.001,-0.011415420090233774,-0.2718338474228692,-0.31271741824169186,-0.023856262287860277,-0.47850832425005374,53,0.32075471698113206,0.8479034631457981,-310.34471166718595,0.6047297297297297,0.48074324324324325,0.4462837837837838,0.43986486486486487,0.5173141891891891,False
USA30IDXUSD1440_comma,daily,10,200,long_short,slow_slope,0.0,-0.013121858569816403,-0.2731758576184739,-0.32051339694168757,-0.02708401612942468,-0.4844871789734507,60,0.26666666666666666,0.9099154340094994,-144.66048892647777,0.6013513513513513,0.4648648648648649,0.4280405405405405,0.4956081081081081,0.5167060810810811,False
USA30IDXUSD1440_comma,daily,40,200,long_only,combined,0.0,0.0044391553436125,-0.4005853490712531,-0.5046014576060923,0.0151840628159811,-0.29235622885729406,101,0.38613861386138615,1.0671986825887956,60.09533266686188,0.40135135135135136,0.5881756756756756,0.5858108108108108,0.610472972972973,0.5163175675675675,False
USA30IDXUSD1440_comma,daily,50,250,long_only,combined,0.001,0.0032661061406071834,-0.3923307419984707,-0.48425509121173577,0.01041417838398214,-0.31362110578312374,99,0.31313131313131315,1.049586947944609,44.78228883309032,0.4189189189189189,0.5746621621621621,0.5746621621621621,0.5996621621621622,0.5161148648648649,False
USA30IDXUSD1440_comma,daily,10,250,long_short,price_slow,0.0025,-0.013267302740418763,-0.26441200908364226,-0.3142997452954764,-0.02975658802869923,-0.44586102168779884,64,0.171875,0.8946646437887914,-156.02472081597335,0.6155405405405405,0.44966216216216215,0.42567567567567566,0.4814189189189189,0.5159797297297297,False
USA30IDXUSD1440_comma,daily,10,500,long_short,none,0.005,-0.009015431610454816,-0.23364303504402906,-0.2842283038406357,-0.01808124681415065,-0.49860674449724385,25,0.24,0.6910704824547833,-906.9090751635008,0.6469594594594594,0.5016891891891891,0.4756756756756757,0.2429054054054054,0.5157770270270271,False
USA30IDXUSD1440_comma,daily,60,200,long_only,fast_slope,0.005,0.001815948178332638,-0.38299636819235916,-0.4736908405239141,0.007802392404587411,-0.23274248258328467,108,0.2962962962962963,1.029750883739107,22.620540750149985,0.43445945945945946,0.5672297297297297,0.5631756756756757,0.5834459459459459,0.5157432432432432,False
USA30IDXUSD1440_comma,daily,40,150,long_only,combined,0.0025,0.0037959243747409666,-0.3978378288032875,-0.5000082951310809,0.013656958178096656,-0.27794801193936125,97,0.38144329896907214,1.0580160673952395,53.29412970177991,0.40709459459459457,0.5827702702702703,0.5790540540540541,0.6037162162162162,0.5148986486486486,False
USA30IDXUSD1440_comma,daily,5,500,long_short,slow_slope,0.0,-0.00810021689656093,-0.25870894194259103,-0.30341451881166254,-0.01702883015897041,-0.4756766507706294,51,0.17647058823529413,0.7104688163191041,-465.72388066768724,0.6229729729729729,0.5060810810810811,0.4858108108108108,0.27297297297297296,0.5138175675675676,False
USA30IDXUSD1440_comma,daily,75,500,long_short,slow_slope,0.0,-0.0009189322769744823,-0.23603839144672406,-0.28693999121105623,-0.001997220413443938,-0.4601055901436072,39,0.10256410256410256,0.5505189821260662,-904.8286556500444,0.643581081081081,0.5456081081081081,0.543581081081081,0.075,0.5138006756756757,False
USA30IDXUSD1440_comma,daily,20,100,long_short,none,0.0,-0.013407020553291349,-0.243441585228814,-0.29714548293524196,-0.04073357145729575,-0.3291393333223186,51,0.3137254901960784,0.9256898891236951,-152.99919952939365,0.6371621621621621,0.3881756756756757,0.4239864864864865,0.510472972972973,0.513277027027027,False
USA30IDXUSD1440_comma,daily,40,200,long_only,combined,0.0025,0.004259531798457283,-0.4034080900422065,-0.5080382920623028,0.014256877233409137,-0.29877032176973684,101,0.37623762376237624,1.0646781102541234,57.59960506861309,0.3969594594594595,0.5847972972972973,0.5844594594594594,0.6087837837837838,0.5131925675675676,False
USA30IDXUSD1440_comma,daily,60,75,long_only,combined,0.0,0.00165863386057441,-0.3864325387862724,-0.4729093027137603,0.0061468533962715744,-0.2698346216586959,93,0.34408602150537637,1.035124978315382,23.970084598970505,0.4293918918918919,0.5641891891891891,0.5625,0.5858108108108108,0.5131756756756757,False
USA30IDXUSD1440_comma,daily,20,150,long_short,none,0.0,-0.01445883815412019,-0.25100028225296994,-0.3079280249083754,-0.03447964411722264,-0.41934418188782807,34,0.2647058823529412,0.8986965169323201,-278.59097450145345,0.6310810810810811,0.4209459459459459,0.41081081081081083,0.48445945945945945,0.5125,False
USA30IDXUSD1440_comma,daily,40,50,long_only,slow_slope,0.001,-0.000685257320477195,-0.3676429022121427,-0.4564202228033107,-0.0024523436889164374,-0.2794295610253449,84,0.38095238095238093,0.9904711523186537,-10.807122595184621,0.45878378378378376,0.543918918918919,0.5445945945945946,0.5604729729729729,0.512483108108108,False
USA30IDXUSD1440_comma,daily,40,75,long_only,price_slow,0.005,0.0013455529427046642,-0.3850757525791974,-0.47696689754355914,0.0051721164261902515,-0.2601551921552141,70,0.34285714285714286,1.025414584018001,25.784965586971886,0.4314189189189189,0.5625,0.5591216216216216,0.5817567567567568,0.5122804054054054,False
USA30IDXUSD1440_comma,daily,30,75,long_only,price_slow,0.0025,-0.00015236911096672134,-0.3724262694999998,-0.4583705144151107,-0.0004865568040432043,-0.31315790818371037,87,0.26436781609195403,0.9974394166685315,-2.32774946953406,0.44932432432432434,0.5496621621621621,0.5493243243243243,0.5652027027027027,0.5117905405405405,False
USA30IDXUSD1440_comma,daily,20,500,long_short,combined,0.0,-0.0024413980819936176,-0.36578471410203217,-0.4331225546625933,-0.006807459443988985,-0.35863571455418397,158,0.3670886075949367,1.0244211861362833,15.49633863264197,0.46283783783783783,0.5324324324324324,0.5317567567567567,0.5807432432432432,0.5117060810810811,False
USA30IDXUSD1440_comma,daily,75,300,long_short,none,0.001,-0.008943371241965314,-0.22019469087513863,-0.2716139106255559,-0.014573788086088705,-0.6136614028649243,10,0.4,0.634939945441355,-2776.0793227985246,0.6567567567567567,0.5141891891891892,0.47736486486486485,0.16385135135135134,0.5113006756756756,True
USA30IDXUSD1440_comma,daily,100,250,long_short,price_slow,0.0,-0.006441557325859826,-0.3099351099261349,-0.3798441884726615,-0.012876323434270462,-0.500263709493003,55,0.2,0.8201116042482216,-312.36395410753823,0.5472972972972973,0.5199324324324325,0.5016891891891891,0.4135135135135135,0.5112668918918919,False
USA30IDXUSD1440_comma,daily,100,500,long_short,price_slow,0.001,-0.003420153237156054,-0.2894254920948405,-0.35204188882701853,-0.006653201427289597,-0.5140612793004475,44,0.11363636363636363,0.7121153857724762,-584.8319168725681,0.5790540540540541,0.5327702702702702,0.5246621621621622,0.27466216216216216,0.5109459459459459,False
USA30IDXUSD1440_comma,daily,40,75,long_only,fast_slope,0.0,0.0008238890227763029,-0.3825059118714648,-0.4733110093292275,0.0024179148422789213,-0.34074360617257105,90,0.37777777777777777,1.0120889858710933,12.240360582629611,0.4358108108108108,0.5557432432432432,0.5554054054054054,0.5739864864864865,0.5104391891891892,False
USA30IDXUSD1440_comma,daily,60,250,long_only,combined,0.005,0.002425070099872473,-0.39590187093606233,-0.4875983001358585,0.0104738612024202,-0.2315354436157805,106,0.2830188679245283,1.0388757791197625,30.893979050011403,0.4114864864864865,0.5756756756756757,0.5672297297297297,0.5891891891891892,0.5103378378378378,False
USA30IDXUSD1440_comma,daily,40,200,long_only,combined,0.005,0.00416846199807841,-0.4064284458477766,-0.5125486032227056,0.013925878837753628,-0.29933205987528333,100,0.37,1.0631792396161415,56.899722097228484,0.39087837837837835,0.5837837837837838,0.5824324324324325,0.6070945945945946,0.509847972972973,False
USA30IDXUSD1440_comma,daily,50,200,long_short,none,0.005,-0.013605490713016088,-0.2588044156043514,-0.2990653423988973,-0.02537721830384628,-0.5361301049671776,20,0.4,0.7903339303441174,-1071.1749018959342,0.6222972972972973,0.475,0.4212837837837838,0.3827702702702703,0.5093412162162162,False
USA30IDXUSD1440_comma,daily,30,100,long_only,fast_slope,0.0025,0.0022977240635744245,-0.3981323017125437,-0.48968333674895687,0.010588532657674387,-0.21700117833693167,109,0.41284403669724773,1.0383432984590508,28.44365859289565,0.4064189189189189,0.5760135135135135,0.5655405405405406,0.5885135135135136,0.507956081081081,False
USA30IDXUSD1440_comma,daily,60,250,long_only,combined,0.0025,0.002286954214863579,-0.39693771387462523,-0.4891968390496402,0.009719619874735033,-0.23529255715115338,106,0.27358490566037735,1.0370040880537907,29.1096392286808,0.40878378378378377,0.572972972972973,0.5652027027027027,0.5868243243243243,0.507820945945946,False
USA30IDXUSD1440_comma,daily,100,400,long_short,slow_slope,0.0,-0.0031219187255373537,-0.2676422745190221,-0.3256754026957964,-0.007088297835748453,-0.44043278060249713,38,0.23684210526315788,0.6390030342498931,-633.8840594351693,0.610472972972973,0.5317567567567567,0.5263513513513514,0.16824324324324325,0.5076351351351351,False
USA30IDXUSD1440_comma,daily,10,300,long_short,price_slow,0.001,-0.013927099863855874,-0.2698683592428247,-0.31868922746432343,-0.029719397871650916,-0.46861985306710463,64,0.203125,0.8640278777910755,-214.2967730143717,0.6077702702702703,0.45,0.4179054054054054,0.4554054054054054,0.5075000000000001,False
USA30IDXUSD1440_comma,daily,20,200,long_short,combined,0.005,-0.007429751781248495,-0.33754293090127147,-0.41292887026673214,-0.021928357066241515,-0.338819354263732,170,0.3764705882352941,0.9998365161061031,-0.11572307603832595,0.5030405405405406,0.4888513513513513,0.4945945945945946,0.5675675675675675,0.5074831081081081,False
USA30IDXUSD1440_comma,daily,30,500,long_short,combined,0.0025,-0.0017822859447732542,-0.369011373399311,-0.4305665232383396,-0.005822684896455123,-0.3060934906263463,109,0.3853211009174312,0.9865227594113923,-10.57542759298916,0.4564189189189189,0.535472972972973,0.535472972972973,0.558445945945946,0.5072972972972973,False
USA30IDXUSD1440_comma,daily,10,250,long_short,price_slow,0.0,-0.014465288117218589,-0.26802616767404536,-0.31872007497075056,-0.032210334943821375,-0.44908841036418146,69,0.17391304347826086,0.8958572830836311,-147.06391170859416,0.6101351351351352,0.43445945945945946,0.41047297297297297,0.48277027027027025,0.5071790540540541,False
USA30IDXUSD1440_comma,daily,20,150,long_short,fast_slope,0.001,-0.009303796949920118,-0.3140582923767673,-0.38978991104875965,-0.0294475411379752,-0.3159447814786156,197,0.37055837563451777,0.97967695603011,-13.3847989238532,0.5415540540540541,0.45135135135135135,0.4726351351351351,0.5543918918918919,0.5071452702702703,False
USA30IDXUSD1440_comma,daily,20,200,long_short,price_slow,0.0025,-0.014087742704550377,-0.28050224601108664,-0.33281818743902075,-0.029876911161023995,-0.47152607672939695,70,0.2,0.9166813759593206,-108.45994490337026,0.5902027027027027,0.44797297297297295,0.4158783783783784,0.5037162162162162,0.5068074324324324,False
USA30IDXUSD1440_comma,daily,75,300,long_short,price_slow,0.0025,-0.007437096044835889,-0.30642994898619064,-0.37511811966457564,-0.015038018297502474,-0.49455293228836195,56,0.19642857142857142,0.7961514838527054,-379.6449782059222,0.5533783783783783,0.5128378378378379,0.49425675675675673,0.38716216216216215,0.5064864864864865,False
USA30IDXUSD1440_comma,daily,50,250,long_only,combined,0.0,0.0026788509011324013,-0.3992490704155257,-0.4926947290271618,0.008425540230146878,-0.31794411135174205,100,0.31,1.0406987551342064,36.23133693859205,0.40371621621621623,0.5689189189189189,0.5692567567567568,0.5918918918918918,0.5063513513513515,False
USA30IDXUSD1440_comma,daily,30,200,long_short,slow_slope,0.0,-0.012856170036133485,-0.28033553747579043,-0.3224517414875335,-0.025985079310292956,-0.49475200297122146,54,0.3148148148148148,0.8463711061771296,-311.5888284911642,0.5908783783783784,0.47195945945945944,0.4314189189189189,0.43716216216216214,0.5061993243243244,False
USA30IDXUSD1440_comma,daily,20,100,long_only,slow_slope,0.005,-0.0004468679158783351,-0.36655076927753893,-0.4542406354029096,-0.0015654357972657421,-0.28545911410666214,66,0.2727272727272727,0.9163191110683196,-92.17899656274328,0.4608108108108108,0.5469594594594595,0.5476351351351352,0.5033783783783784,0.506097972972973,False
USA30IDXUSD1440_comma,daily,50,150,long_only,combined,0.005,0.002389706301650918,-0.3999673292642101,-0.4961956167282352,0.009705359978969987,-0.24622541635024786,94,0.30851063829787234,1.038475665952765,34.32237227022285,0.4027027027027027,0.5726351351351351,0.566554054054054,0.5888513513513514,0.5058783783783783,False
USA30IDXUSD1440_comma,daily,30,75,long_only,price_slow,0.005,-0.0001500256249746812,-0.3849231449531459,-0.4764248204694963,-0.0005104403720819508,-0.2939141047224899,70,0.2857142857142857,0.9974625189571273,-2.8486049178357593,0.4320945945945946,0.5493243243243243,0.5496621621621621,0.5655405405405406,0.5049324324324325,False
USA30IDXUSD1440_comma,daily,75,500,long_short,combined,0.0,-0.0015224793362621503,-0.35931046895288754,-0.42778593410438387,-0.004107464252066638,-0.3706616157392305,77,0.2597402597402597,0.9076932298223933,-116.44482176884009,0.47128378378378377,0.539527027027027,0.5381756756756757,0.4918918918918919,0.5048141891891892,False
USA30IDXUSD1440_comma,daily,30,150,long_short,fast_slope,0.0,-0.010051440621949959,-0.3109203301775631,-0.37114540985587585,-0.03208228647276308,-0.3133018786077899,138,0.4057971014492754,0.9932618787376984,-4.722376446766933,0.5462837837837838,0.43614864864864866,0.46385135135135136,0.5631756756756757,0.5047972972972974,False
USA30IDXUSD1440_comma,daily,40,200,long_short,slow_slope,0.0,-0.012011505489235907,-0.28714346847696537,-0.33562934215695783,-0.025287087066622433,-0.47500550212010917,51,0.3137254901960784,0.8409129660272081,-344.8486807435197,0.5820945945945946,0.4756756756756757,0.4402027027027027,0.43175675675675673,0.5045608108108108,False
USA30IDXUSD1440_comma,daily,30,500,long_short,combined,0.001,-0.0021080081060328437,-0.37072630357367853,-0.43274819814273624,-0.006553129846025296,-0.3216795875502795,110,0.4,0.9824290299279799,-13.773940531985712,0.452027027027027,0.533445945945946,0.5337837837837838,0.5557432432432432,0.5042905405405406,False
USA30IDXUSD1440_comma,daily,100,400,long_short,slow_slope,0.001,-0.0036390246320306963,-0.2719380016780729,-0.33090581569938904,-0.00807294334147628,-0.4507680133631703,38,0.2631578947368421,0.6345406363687685,-647.448511713008,0.6040540540540541,0.5307432432432433,0.5233108108108108,0.16216216216216217,0.503293918918919,False
USA30IDXUSD1440_comma,daily,10,500,long_short,slow_slope,0.001,-0.008738235495151514,-0.2550476913609978,-0.30555858151962456,-0.017704718427677187,-0.4935540506247943,46,0.17391304347826086,0.6672130966527688,-519.4871191217651,0.6273648648648649,0.5027027027027027,0.47871621621621624,0.20439189189189189,0.5030236486486486,False
USA30IDXUSD1440_comma,daily,20,50,long_only,fast_slope,0.0,0.002507041812560562,-0.40630917084433554,-0.5139931267815288,0.012337786472116086,-0.20320029190216427,140,0.37857142857142856,1.0353215905901465,24.19405718224658,0.3912162162162162,0.5800675675675676,0.5679054054054054,0.5861486486486487,0.5030067567567568,False
USA30IDXUSD1440_comma,daily,40,200,long_only,combined,0.001,0.0034884295333885706,-0.41294566641737973,-0.5199760942096017,0.011712275953550714,-0.29784386461036316,101,0.37623762376237624,1.052336609022623,46.94793569806654,0.3820945945945946,0.5793918918918919,0.5756756756756757,0.6003378378378378,0.5028716216216216,False
USA30IDXUSD1440_comma,daily,30,300,long_short,none,0.0,-0.011124400268922252,-0.23453589879482475,-0.27438737586821316,-0.02579460152395092,-0.4312685450322996,16,0.1875,0.6901363526380787,-1461.6344954202045,0.6459459459459459,0.47297297297297297,0.45,0.24054054054054055,0.5027027027027027,True
USA30IDXUSD1440_comma,daily,20,100,long_short,fast_slope,0.001,-0.01039155112271084,-0.3082686721387358,-0.37969966615834183,-0.032387100340006234,-0.32085463081344934,203,0.3694581280788177,0.9695371204675512,-19.256829070253175,0.5503378378378379,0.43344594594594593,0.45878378378378376,0.5472972972972973,0.502347972972973,False
USA30IDXUSD1440_comma,daily,30,150,long_only,combined,0.005,0.0039757403285900494,-0.4275347298855774,-0.5288564530452372,0.019866120462702582,-0.20012665965930576,107,0.42990654205607476,1.075431498736569,50.658317797505624,0.3614864864864865,0.5976351351351351,0.5807432432432432,0.6141891891891892,0.5022804054054054,False
USA30IDXUSD1440_comma,daily,30,50,long_short,none,0.0025,-0.014494193726591442,-0.26852091127879496,-0.32315512747555486,-0.0381991945053713,-0.37943715605189976,77,0.3246753246753247,0.91826568205274,-118.81808003347236,0.6097972972972973,0.4023648648648649,0.4097972972972973,0.5047297297297297,0.5021790540540542,False
USA30IDXUSD1440_comma,daily,40,200,long_short,none,0.0025,-0.015225846645611107,-0.2603057392698442,-0.3017745668446798,-0.02831561921223604,-0.5377190070076785,16,0.3125,0.8046415718688444,-1205.3871569766459,0.6202702702702703,0.4570945945945946,0.4006756756756757,0.39628378378378376,0.5019594594594595,True
USA30IDXUSD1440_comma,daily,30,200,long_short,none,0.0025,-0.015192762266661664,-0.26891340836114325,-0.3144989877502923,-0.030291838712780347,-0.5015463871544954,24,0.375,0.8435238080369095,-644.85882001437,0.6094594594594595,0.4456081081081081,0.4010135135135135,0.43513513513513513,0.5006587837837837,False
USA30IDXUSD1440_comma,daily,30,500,long_short,combined,0.0,-0.0026346548065177,-0.3741665752893,-0.4364138666875377,-0.00830334362192987,-0.3173004667131133,112,0.39285714285714285,0.9757631592426138,-18.987667623853294,0.4472972972972973,0.5300675675675676,0.5307432432432433,0.5513513513513514,0.5002871621621622,False
USA30IDXUSD1440_comma,daily,40,200,long_short,none,0.001,-0.015674202761554956,-0.2606508886039204,-0.30347548735489904,-0.029244611138671904,-0.535968923889298,16,0.3125,0.8045104827781304,-1174.4335688828974,0.6199324324324325,0.4523648648648649,0.39628378378378376,0.3956081081081081,0.4996621621621622,True
USA30IDXUSD1440_comma,daily,30,500,long_short,fast_slope,0.0,-0.004891625463669613,-0.36399517580709173,-0.43133720730074215,-0.012951344734628521,-0.3776924762562054,119,0.40336134453781514,0.9538058645768295,-37.08263061675865,0.46554054054054056,0.5195945945945946,0.5141891891891892,0.5361486486486486,0.49937499999999996,False
USA30IDXUSD1440_comma,daily,5,200,long_short,none,0.0,-0.016645967161487918,-0.26666077522967935,-0.31778723864436076,-0.03215879848207094,-0.5176178199184998,48,0.20833333333333334,0.8498751643096789,-300.88592961760946,0.6118243243243243,0.4347972972972973,0.3891891891891892,0.44256756756756754,0.49765202702702704,False
USA30IDXUSD1440_comma,daily,50,75,long_only,price_slow,0.0025,-7.94474086929231e-06,-0.3961558852889611,-0.4860378901133443,-2.665230478598615e-05,-0.29808832418386855,80,0.35,0.9998632527466466,-0.13210952049762453,0.41047297297297297,0.5510135135135135,0.5510135135135135,0.5679054054054054,0.49733108108108104,False
USA30IDXUSD1440_comma,daily,10,500,long_short,slow_slope,0.005,-0.009090837216102599,-0.26132721490066774,-0.312357721253388,-0.019145573316898586,-0.47482710836758757,41,0.17073170731707318,0.6626797199658768,-562.5367375140844,0.6192567567567567,0.49763513513513513,0.47466216216216217,0.2,0.49704391891891897,False
USA30IDXUSD1440_comma,daily,20,250,long_only,fast_slope,0.0025,0.004294339172596251,-0.4323394522162098,-0.5410267584272638,0.015763924935003813,-0.2724156065384875,154,0.38311688311688313,1.063871726376762,38.0932631054713,0.3530405405405405,0.5898648648648649,0.5851351351351352,0.6077702702702703,0.496875,False
USA30IDXUSD1440_comma,daily,5,500,long_short,none,0.0,-0.012529121491832051,-0.24784874743653673,-0.29071776372296204,-0.026097765209626703,-0.4800840758277044,36,0.1388888888888889,0.7001611717867919,-666.4266416073043,0.6334459459459459,0.47094594594594597,0.43513513513513513,0.2574324324324324,0.4967567567567568,False
USA30IDXUSD1440_comma,daily,30,250,long_short,none,0.005,-0.01454518351949563,-0.27280452588448906,-0.3140052780993406,-0.029770423540008993,-0.488578320021148,19,0.3684210526315789,0.8177258271650277,-876.9438904446965,0.6023648648648648,0.44932432432432434,0.40912162162162163,0.41081081081081083,0.49672297297297296,True
USA30IDXUSD1440_comma,daily,20,200,long_short,price_slow,0.005,-0.014779808970545427,-0.28840252151696266,-0.3419494697993626,-0.03141924052082216,-0.47040630917703286,64,0.203125,0.8997537170867491,-142.67380614562305,0.5807432432432432,0.43986486486486487,0.40743243243243243,0.4858108108108108,0.4966216216216216,False
USA30IDXUSD1440_comma,daily,10,400,long_short,slow_slope,0.005,-0.01113420165376966,-0.2779780258811426,-0.3212978150777179,-0.02357477358635512,-0.472293047183878,46,0.21739130434782608,0.7391199490365912,-483.36112261578836,0.5949324324324324,0.48277027027027025,0.44966216216216215,0.31283783783783786,0.4955236486486487,False
USA30IDXUSD1440_comma,daily,30,150,long_short,combined,0.0025,-0.010179088846666406,-0.3301726847438105,-0.39565093117682254,-0.030155052619783893,-0.3375583181701427,133,0.40601503759398494,0.9928829705964001,-4.8478141329632125,0.5165540540540541,0.4462837837837838,0.4614864864864865,0.5625,0.49486486486486486,False
USA30IDXUSD1440_comma,daily,75,250,long_short,none,0.0025,-0.011410808690135776,-0.2415010133974234,-0.29935674265421963,-0.019597239962451538,-0.58226611053388,10,0.4,0.6443806499459517,-2527.622732613965,0.6385135135135135,0.49594594594594593,0.4466216216216216,0.17398648648648649,0.4948141891891891,True
USA30IDXUSD1440_comma,daily,5,200,long_short,slow_slope,0.001,-0.015419518739329452,-0.2854474094311683,-0.33532477017656,-0.03044276314779297,-0.5065085145021513,68,0.29411764705882354,0.8753451141001465,-182.68668351517294,0.5841216216216216,0.4445945945945946,0.3993243243243243,0.4668918918918919,0.49469594594594596,False
USA30IDXUSD1440_comma,daily,20,200,long_only,fast_slope,0.0,0.0037217309839856494,-0.43160272990463033,-0.5400405291735674,0.014490095666599504,-0.2568465432953939,155,0.38064516129032255,1.0553354527530678,32.684932553512304,0.3554054054054054,0.5858108108108108,0.5787162162162162,0.602027027027027,0.4946621621621622,False
USA30IDXUSD1440_comma,daily,100,500,long_short,price_slow,0.0025,-0.004547261097826882,-0.30253076171381005,-0.3683620950267918,-0.00899894554168042,-0.5053104362911556,42,0.14285714285714285,0.6862936607678403,-654.1944240807702,0.5597972972972973,0.5283783783783784,0.5162162162162162,0.23513513513513515,0.494527027027027,False
USA30IDXUSD1440_comma,daily,75,250,long_short,price_slow,0.005,-0.008719358887956608,-0.31812823007307667,-0.3886005328660817,-0.017552947711210666,-0.49674613241101107,57,0.21052631578947367,0.8008197957694033,-352.67652675039136,0.5331081081081082,0.5043918918918919,0.4793918918918919,0.39222972972972975,0.4940540540540541,False
USA30IDXUSD1440_comma,daily,40,200,long_short,slow_slope,0.005,-0.012814407940608064,-0.29749172589371853,-0.3470832951817769,-0.026365336922887124,-0.4860323984513234,51,0.3333333333333333,0.8317759225090849,-381.7885125497409,0.5662162162162162,0.46959459459459457,0.4320945945945946,0.422972972972973,0.49374999999999997,False
USA30IDXUSD1440_comma,daily,30,400,long_short,combined,0.001,-0.0038502083151182864,-0.38080546724844927,-0.4458891305221102,-0.010942579221009064,-0.3518556491440453,116,0.41379310344827586,0.9798461572027887,-15.281125608579831,0.43716216216216214,0.5246621621621622,0.5206081081081081,0.5550675675675676,0.49341216216216216,False
USA30IDXUSD1440_comma,daily,20,500,long_short,combined,0.001,-0.004194888903285232,-0.38422116203926576,-0.45465672036876736,-0.01158806249399048,-0.362000887159582,157,0.3630573248407643,1.0016688100908808,1.0635544191327397,0.43243243243243246,0.522972972972973,0.5179054054054054,0.5692567567567568,0.49268581081081086,False
USA30IDXUSD1440_comma,daily,5,400,long_only,combined,0.005,0.005097443548546909,-0.44424590204807335,-0.5703754276293046,0.024234667096764143,-0.21033685043800454,283,0.392226148409894,1.044767572010217,24.72851254955819,0.3324324324324324,0.6070945945945946,0.591554054054054,0.5956081081081082,0.49239864864864863,False
USA30IDXUSD1440_comma,daily,20,250,long_short,slow_slope,0.0,-0.014450016008742295,-0.29127094296013906,-0.3403020416869449,-0.031094181686015143,-0.4647176810972744,68,0.2647058823529412,0.8649591212810024,-177.98461588183017,0.5773648648648648,0.4408783783783784,0.41114864864864864,0.4564189189189189,0.49185810810810815,False
USA30IDXUSD1440_comma,daily,20,500,long_short,fast_slope,0.0025,-0.006372647145752475,-0.37290518631726766,-0.4501573799798827,-0.01511760655639521,-0.4215381000940688,172,0.37790697674418605,0.9835961915689395,-10.738017494911997,0.4489864864864865,0.5118243243243243,0.5020270270270271,0.5570945945945946,0.4915202702702703,False
USA30IDXUSD1440_comma,daily,30,300,long_short,combined,0.0,-0.007381283849551168,-0.3571333925911772,-0.4174706787366549,-0.024733779604516348,-0.29842927233827854,124,0.3951612903225806,0.9756129630114492,-19.53776911237643,0.475,0.47736486486486485,0.49594594594594593,0.5510135135135135,0.4911824324324324,False
USA30IDXUSD1440_comma,daily,30,100,long_only,slow_slope,0.005,-0.0017472426494242743,-0.3798911388331516,-0.467364621133074,-0.005503279803330454,-0.31749115288793506,68,0.29411764705882354,0.9081230674834986,-113.1808864444152,0.43885135135135134,0.5371621621621622,0.5364864864864864,0.4922297297297297,0.4909628378378379,False
USA30IDXUSD1440_comma,daily,20,200,long_only,fast_slope,0.001,0.0035602624446087194,-0.4351601938624623,-0.5454027992614648,0.013834410077109453,-0.25734833829304826,154,0.37662337662337664,1.0524519862380497,31.438517335795574,0.3472972972972973,0.5834459459459459,0.5763513513513514,0.6006756756756757,0.490152027027027,False
USA30IDXUSD1440_comma,daily,5,300,long_short,none,0.0,-0.017051714388530592,-0.2708241119268938,-0.3201840762182419,-0.03210122069026716,-0.531185855922935,44,0.18181818181818182,0.8139256068739213,-395.21316916219166,0.606418918918919,0.4358108108108108,0.38716216216216215,0.40675675675675677,0.4899662162162162,False
USA30IDXUSD1440_comma,daily,60,150,long_only,fast_slope,0.001,-0.0006488562867943415,-0.4003570841524321,-0.49320697374733513,-0.0022496565498392575,-0.2884245983417796,100,0.31,0.989439715970148,-8.597681623747317,0.4023648648648649,0.5442567567567568,0.5452702702702703,0.5591216216216216,0.48993243243243245,False
USA30IDXUSD1440_comma,daily,20,100,long_short,fast_slope,0.0025,-0.01112054028436027,-0.31746423825594394,-0.3903364442094781,-0.03552020458481595,-0.3130764705424596,193,0.39378238341968913,0.9610704363333038,-24.719324551637715,0.5358108108108108,0.41452702702702704,0.4503378378378378,0.5422297297297297,0.4893581081081081,False
USA30IDXUSD1440_comma,daily,10,400,long_short,price_slow,0.001,-0.015129343114347327,-0.2790830311177091,-0.3279437307355465,-0.029532048102554512,-0.5123025352596065,53,0.11320754716981132,0.7951946893135408,-339.276647747693,0.5939189189189189,0.4510135135135135,0.4023648648648649,0.3864864864864865,0.48876689189189193,False
USA30IDXUSD1440_comma,daily,20,200,long_short,slow_slope,0.0025,-0.015438231778787337,-0.29423983012326427,-0.346503111505993,-0.03194428011465039,-0.48328626356200166,57,0.3333333333333333,0.8880098051309314,-190.21135477882075,0.5706081081081081,0.43648648648648647,0.3989864864864865,0.4760135135135135,0.4885641891891892,False
USA30IDXUSD1440_comma,daily,20,250,long_only,combined,0.001,0.004780397047460694,-0.44916814876357913,-0.5646864457317801,0.01832503114289081,-0.26086706266336945,145,0.3586206896551724,1.0781855265809608,45.1726108641768,0.3239864864864865,0.5939189189189189,0.5875,0.6155405405405405,0.4879054054054054,False
USA30IDXUSD1440_comma,daily,50,250,long_only,combined,0.005,0.0012143990402975202,-0.41890147884990575,-0.5163240286192241,0.0037360517116328882,-0.32504877716661795,97,0.30927835051546393,1.0183435508118086,16.780406135350493,0.37466216216216214,0.558445945945946,0.5581081081081081,0.5763513513513514,0.4875506756756757,False
USA30IDXUSD1440_comma,daily,20,75,long_only,fast_slope,0.001,0.0017144208576396203,-0.42698203498308085,-0.5368089682294609,0.009077725776018238,-0.18886017268431043,146,0.3904109589041096,1.0255422110940904,15.787594578643438,0.3625,0.5702702702702702,0.5628378378378378,0.5820945945945946,0.4874493243243243,False
USA30IDXUSD1440_comma,daily,30,200,long_short,fast_slope,0.0,-0.010985911143735816,-0.3362360744340548,-0.3886047522459474,-0.02774638890368343,-0.3959402134047576,132,0.42424242424242425,0.9491120669130042,-41.04384930122176,0.5050675675675675,0.4597972972972973,0.452027027027027,0.533445945945946,0.4873986486486486,False
USA30IDXUSD1440_comma,daily,30,100,long_only,slow_slope,0.0025,-0.00255283481072921,-0.3797049685042671,-0.46646124920147475,-0.008420862707407896,-0.30315597100086455,74,0.2702702702702703,0.8995172520670995,-117.32923084264756,0.4391891891891892,0.5293918918918918,0.5314189189189189,0.485472972972973,0.48712837837837836,False
USA30IDXUSD1440_comma,daily,50,500,long_short,none,0.0025,-0.008504857837605462,-0.225582692245982,-0.2733585379811152,-0.01710811392929398,-0.49712422262063116,12,0.16666666666666666,0.43587479717884986,-3652.753577487505,0.6516891891891892,0.5057432432432433,0.4820945945945946,0.02195945945945946,0.4868243243243243,True
USA30IDXUSD1440_comma,daily,10,200,long_short,none,0.0,-0.01784880519859877,-0.2739319628094268,-0.32686252218872275,-0.03438825637558729,-0.5190378076647669,36,0.3055555555555556,0.8429912101166422,-401.01801278476177,0.6006756756756757,0.42162162162162165,0.37972972972972974,0.43445945945945946,0.48679054054054055,False
USA30IDXUSD1440_comma,daily,75,300,long_short,none,0.0,-0.012317749538041989,-0.23998516126311067,-0.2953115628852238,-0.020120676193671985,-0.6121936171268418,10,0.4,0.6017772443167877,-3107.159260873034,0.6402027027027027,0.4939189189189189,0.4375,0.12635135135135134,0.4860135135135136,True
USA30IDXUSD1440_comma,daily,40,50,long_only,fast_slope,0.0025,-0.00037146293756873394,-0.40824546242780785,-0.5124687046800723,-0.0013294692604364868,-0.27940693976389985,77,0.44155844155844154,0.9942085897381004,-6.403216487299262,0.38682432432432434,0.5476351351351352,0.547972972972973,0.5638513513513513,0.48581081081081084,False
USA30IDXUSD1440_comma,daily,10,300,long_short,price_slow,0.0025,-0.016276551209917,-0.2863396872722579,-0.33813554951645386,-0.03366154747115302,-0.4835354412587698,64,0.203125,0.8598877861149886,-224.23680389334783,0.5827702702702703,0.42533783783783785,0.3918918918918919,0.45135135135135135,0.4855236486486487,False
USA30IDXUSD1440_comma,daily,100,500,long_short,fast_slope,0.005,-0.0049763154869211235,-0.36975824062441526,-0.46171015266197757,-0.012469782994727249,-0.39906993481966124,77,0.2987012987012987,0.8800821838184283,-138.55309744195353,0.4543918918918919,0.5206081081081081,0.5125,0.4722972972972973,0.48525337837837834,False
USA30IDXUSD1440_comma,daily,30,200,long_short,none,0.0,-0.017944757815564927,-0.27395753993159977,-0.3127296628812241,-0.031704242414003936,-0.5660049396934534,22,0.3181818181818182,0.8072132918525801,-920.1788163448678,0.6003378378378378,0.4375,0.37905405405405407,0.39864864864864863,0.4851182432432432,False
USA30IDXUSD1440_comma,daily,40,200,long_short,slow_slope,0.0025,-0.013844730215242018,-0.30159628468934374,-0.35188907872298825,-0.02813661313233216,-0.4920538996689994,49,0.2653061224489796,0.8178102311129171,-414.42916170510415,0.5608108108108109,0.4581081081081081,0.4192567567567568,0.41114864864864864,0.484375,False
USA30IDXUSD1440_comma,daily,40,200,long_short,none,0.0,-0.017587714466840154,-0.27133435699907205,-0.3159735129963632,-0.032888161172445154,-0.5347734211901075,16,0.3125,0.7901024403463762,-1309.161757816519,0.606081081081081,0.4293918918918919,0.3827702702702703,0.3824324324324324,0.48369932432432433,True
USA30IDXUSD1440_comma,daily,20,300,long_short,slow_slope,0.005,-0.013675171783668616,-0.2836102187185932,-0.3307602180677675,-0.02717669950903283,-0.5031947230797229,49,0.24489795918367346,0.7463320603179348,-456.5570624060075,0.5858108108108108,0.46452702702702703,0.4206081081081081,0.3253378378378378,0.4833783783783784,False
USA30IDXUSD1440_comma,daily,100,200,long_short,slow_slope,0.0,-0.01053955818376362,-0.31053871348995343,-0.38132645928816283,-0.020315693860722555,-0.5187889843201627,50,0.26,0.7510420300466332,-555.5800848121394,0.5466216216216216,0.49324324324324326,0.4581081081081081,0.32972972972972975,0.4830405405405406,False
USA30IDXUSD1440_comma,daily,10,50,long_only,slow_slope,0.005,-0.001619410258853149,-0.4039980438751589,-0.5042098939395333,-0.0062802595871302835,-0.2578572169487545,88,0.3522727272727273,0.9754432362952598,-24.239191851405188,0.39628378378378376,0.5341216216216216,0.5371621621621622,0.5503378378378379,0.48202702702702704,False
USA30IDXUSD1440_comma,daily,30,400,long_short,combined,0.0,-0.004977152367872217,-0.3918812827484695,-0.4587434920491171,-0.013955549452722335,-0.35664323964695743,117,0.41025641025641024,0.9644064586707116,-26.917260641316652,0.4206081081081081,0.5152027027027027,0.5121621621621621,0.5425675675675675,0.48086148648648647,False
USA30IDXUSD1440_comma,daily,30,400,long_short,combined,0.0025,-0.004911752838733463,-0.39235651229574153,-0.45935970697833095,-0.013896375860362162,-0.3534556698875483,116,0.41379310344827586,0.9646795815546547,-26.533069918356297,0.4185810810810811,0.5155405405405405,0.5135135135135135,0.5432432432432432,0.48050675675675675,False
USA30IDXUSD1440_comma,daily,40,200,long_short,slow_slope,0.001,-0.014309105934722566,-0.3037862425780628,-0.3549445158348948,-0.029128515305120728,-0.49124048324588165,50,0.3,0.8159022529528983,-407.83557075886876,0.5577702702702703,0.45304054054054055,0.4125,0.4077702702702703,0.48003378378378375,False
USA30IDXUSD1440_comma,daily,20,300,long_short,slow_slope,0.0025,-0.01471788784592476,-0.2850452980925474,-0.3313858130935946,-0.027454527116363234,-0.5360823657076474,49,0.24489795918367346,0.7451971601707588,-474.11140823824434,0.5847972972972973,0.46216216216216216,0.4077702702702703,0.3239864864864865,0.47961148648648655,False
USA30IDXUSD1440_comma,daily,20,500,long_short,fast_slope,0.0,-0.007810543398456327,-0.38419969238354384,-0.46352228301621445,-0.018146691132023385,-0.4304114365330821,173,0.3815028901734104,0.9682009204836318,-20.877249451535565,0.43277027027027026,0.5013513513513513,0.4888513513513513,0.5466216216216216,0.47820945945945953,False
USA30IDXUSD1440_comma,daily,50,75,long_only,price_slow,0.001,-0.001940272287035416,-0.4079742556548873,-0.4989091689650882,-0.0064991981692497135,-0.298540256275861,88,0.32954545454545453,0.9671265139400239,-28.98470015634331,0.3878378378378378,0.5337837837837838,0.5351351351351351,0.5449324324324324,0.47734797297297293,False
USA30IDXUSD1440_comma,daily,40,75,long_only,combined,0.005,0.0009154421436499138,-0.4341078017081236,-0.5386291360579621,0.003958365555542331,-0.23126771158569515,75,0.32,1.0189311969892185,16.329862827957502,0.3493243243243243,0.5587837837837838,0.5557432432432432,0.5773648648648648,0.47717905405405403,False
USA30IDXUSD1440_comma,daily,30,75,long_only,combined,0.0,0.0005682562012137016,-0.43250559976704933,-0.5312289913662893,0.0022678942298067634,-0.2505655659532764,113,0.36283185840707965,1.0103984182497663,6.713517441786931,0.35236486486486485,0.5554054054054054,0.5547297297297298,0.5733108108108108,0.4767398648648649,False
USA30IDXUSD1440_comma,daily,10,75,long_short,none,0.0,-0.018543989586374265,-0.2746909869241571,-0.33624026982003274,-0.044082424337708155,-0.42066628287754393,73,0.3424657534246575,0.872759697838007,-199.07718230467918,0.6,0.3672297297297297,0.37533783783783786,0.4631756756756757,0.4763513513513513,False
USA30IDXUSD1440_comma,daily,60,75,long_only,combined,0.001,-0.0007735312115675352,-0.4212450457506205,-0.5168683332494015,-0.002583707038669883,-0.29938812721033436,84,0.34523809523809523,0.9835589401356258,-12.192664848162416,0.36993243243243246,0.5432432432432432,0.543918918918919,0.5567567567567567,0.47608108108108105,False
USA30IDXUSD1440_comma,daily,5,200,long_short,slow_slope,0.0025,-0.0172172046051694,-0.29875067926295795,-0.35105814090402454,-0.03362792102166286,-0.5119913477279254,68,0.2647058823529412,0.8492058505722856,-214.92066969348986,0.5645270270270271,0.4260135135135135,0.3858108108108108,0.44054054054054054,0.4755574324324324,False
USA30IDXUSD1440_comma,daily,5,200,long_short,slow_slope,0.005,-0.01692827553911358,-0.3002920450965413,-0.3517889807281194,-0.03394463275111212,-0.4987025684806964,68,0.25,0.8475132915774839,-220.97425230290756,0.5621621621621622,0.4246621621621622,0.3878378378378378,0.439527027027027,0.4745270270270271,False
USA30IDXUSD1440_comma,daily,40,100,long_only,fast_slope,0.001,-0.0014555721634760266,-0.4202172387346832,-0.5165663733351317,-0.0044785022177351915,-0.32501316125553226,90,0.43333333333333335,0.9782954327946198,-21.32416043164343,0.3716216216216216,0.5391891891891892,0.5398648648648648,0.5530405405405405,0.474375,False
USA30IDXUSD1440_comma,daily,10,200,long_short,slow_slope,0.0025,-0.017341254739577927,-0.30485517696381,-0.3576478595817114,-0.03403576890559289,-0.5095008955924701,61,0.2459016393442623,0.8631223933882239,-220.1884447202652,0.5560810810810811,0.4243243243243243,0.38513513513513514,0.4540540540540541,0.47364864864864864,False
USA30IDXUSD1440_comma,daily,20,250,long_only,combined,0.0025,0.0038412767766007327,-0.46440752735279844,-0.582586832091734,0.014275375997477448,-0.2690841051948132,145,0.3586206896551724,1.0621666327676877,36.08801196216253,0.30033783783783785,0.5851351351351352,0.5797297297297297,0.6057432432432432,0.4732263513513514,False
USA30IDXUSD1440_comma,daily,100,150,long_short,slow_slope,0.0,-0.01567326897190635,-0.3241475184567757,-0.3905947700518688,-0.027329372529064335,-0.5734953832268959,74,0.28378378378378377,0.8595957274411153,-235.14542540360156,0.5256756756756756,0.46283783783783783,0.3966216216216216,0.4510135135135135,0.4729560810810811,False
USA30IDXUSD1440_comma,daily,10,300,long_short,price_slow,0.0,-0.01740298481775515,-0.29176530385214694,-0.3445703039144893,-0.03657785837698079,-0.4757792169895658,69,0.2028985507246377,0.8320698510221659,-252.30397618416617,0.5753378378378379,0.40878378378378377,0.3844594594594595,0.4239864864864865,0.472820945945946,False
USA30IDXUSD1440_comma,daily,40,100,long_only,slow_slope,0.005,-0.0029307525597548345,-0.3955463770451036,-0.4867920016460006,-0.00993830605858154,-0.29489457685036624,65,0.26153846153846155,0.87888537856773,-150.08118015194208,0.41216216216216217,0.5263513513513514,0.5283783783783784,0.4706081081081081,0.47271959459459467,False
USA30IDXUSD1440_comma,daily,20,50,long_only,fast_slope,0.001,0.00023703674517849826,-0.4362735121816978,-0.5516118225565196,0.0010863414840180069,-0.21819726915129867,141,0.3900709219858156,1.0032339456656065,2.239729355858049,0.34493243243243243,0.5540540540540541,0.5530405405405405,0.5706081081081081,0.47268581081081085,False
USA30IDXUSD1440_comma,daily,30,50,long_short,fast_slope,0.001,-0.014939792756583747,-0.3046024761054767,-0.36629988830661836,-0.04677340538177858,-0.31940784799910704,152,0.40131578947368424,0.9589105466950723,-32.493814535906736,0.5570945945945946,0.34864864864864864,0.4047297297297297,0.5405405405405406,0.4720270270270271,False
USA30IDXUSD1440_comma,daily,30,250,long_short,price_slow,0.0025,-0.015070412923203103,-0.30941688227269365,-0.36242482525123404,-0.03444475277757905,-0.43752420058049624,55,0.2,0.8498546044072265,-283.33349194013124,0.5489864864864865,0.4212837837837838,0.40337837837837837,0.44222972972972974,0.47192567567567567,False
USA30IDXUSD1440_comma,daily,60,150,long_only,fast_slope,0.0,-0.0021940590361784196,-0.4165918042519303,-0.513003135317739,-0.007283414067466142,-0.30124046441063046,100,0.31,0.9648230207655795,-28.797913675319776,0.377027027027027,0.5314189189189189,0.533445945945946,0.543581081081081,0.4718918918918919,False
USA30IDXUSD1440_comma,daily,30,200,long_short,slow_slope,0.0025,-0.015908998413553754,-0.30439908653127296,-0.3501077745768386,-0.03338072893880075,-0.47659230098662153,55,0.3090909090909091,0.8276710021984494,-357.7486583184081,0.5574324324324325,0.4277027027027027,0.3945945945945946,0.4189189189189189,0.4716554054054055,False
USA30IDXUSD1440_comma,daily,30,200,long_short,none,0.001,-0.019072246125835024,-0.2830712235957714,-0.3227072852138779,-0.03405560614401691,-0.5600324964172088,22,0.36363636363636365,0.7837509499469549,-1042.6291554040235,0.5868243243243243,0.42364864864864865,0.37195945945945946,0.3766891891891892,0.4715371621621621,False
USA30IDXUSD1440_comma,daily,30,200,long_short,slow_slope,0.005,-0.015855557567859058,-0.30631028430854357,-0.35264804157732144,-0.031444989525130654,-0.5042316059665846,53,0.3018867924528302,0.8136431537111318,-377.7327348151802,0.5540540540540541,0.4391891891891892,0.3952702702702703,0.4064189189189189,0.4714358108108109,False
USA30IDXUSD1440_comma,daily,30,150,long_short,combined,0.005,-0.011751289222014849,-0.34643196970847373,-0.4135135157778544,-0.036415444348184944,-0.3227006956074825,127,0.4094488188976378,0.9675908403914041,-21.590155564165883,0.4939189189189189,0.4097972972972973,0.44391891891891894,0.5459459459459459,0.47069256756756755,False
USA30IDXUSD1440_comma,daily,50,75,long_only,combined,0.005,-7.840631441369261e-05,-0.436041148622625,-0.53909947599418,-0.00026616071128935596,-0.2945826002413008,71,0.38028169014084506,0.998131286414587,-1.4684150229943977,0.3452702702702703,0.55,0.55,0.5658783783783784,0.4704898648648648,False
USA30IDXUSD1440_comma,daily,30,150,long_short,fast_slope,0.001,-0.012713297702253601,-0.3329633804309324,-0.3975549137808154,-0.040018076858150224,-0.3176888721394008,135,0.4074074074074074,0.9573296525469142,-30.268446548547526,0.5118243243243243,0.3929054054054054,0.43344594594594593,0.5385135135135135,0.47042229729729734,False
USA30IDXUSD1440_comma,daily,50,75,long_only,combined,0.0,-0.001506740931026429,-0.426316968593053,-0.523248019321975,-0.005668536799483825,-0.2658077356335823,96,0.3229166666666667,0.973011939886495,-20.68767273328814,0.3641891891891892,0.5364864864864864,0.5385135135135135,0.5486486486486486,0.4697972972972973,False
USA30IDXUSD1440_comma,daily,40,100,long_only,price_slow,0.0025,-0.003631269321219155,-0.40794332758629614,-0.4974173849520113,-0.011864340819387894,-0.30606583007841304,77,0.3246753246753247,0.941802394551655,-61.35589061761656,0.3881756756756757,0.5226351351351352,0.5236486486486487,0.5260135135135136,0.46956081081081086,False
USA30IDXUSD1440_comma,daily,5,500,long_short,none,0.001,-0.015098957347901676,-0.2663078888699032,-0.31158713160962487,-0.030548890223087006,-0.4942555110067729,37,0.16216216216216217,0.6761876046942082,-719.7425266923142,0.6128378378378379,0.44391891891891894,0.40304054054054056,0.21554054054054053,0.4690540540540541,False
USA30IDXUSD1440_comma,daily,100,400,long_short,fast_slope,0.005,-0.007636072605635924,-0.377364093644362,-0.47668509209513893,-0.01873867273411844,-0.4075033869251873,90,0.3,0.8671239854666059,-134.04071172233688,0.44222972972972974,0.49932432432432433,0.4929054054054054,0.4577702702702703,0.46896959459459464,False
USA30IDXUSD1440_comma,daily,60,75,long_only,none,0.005,-0.0014069134167161712,-0.4267771626563981,-0.5332964272635661,-0.005746735593139128,-0.2448195839035725,43,0.5581395348837209,0.9672497573055782,-43.15283837905472,0.36283783783783785,0.5358108108108108,0.5402027027027027,0.5452702702702703,0.4689189189189189,False
USA30IDXUSD1440_comma,daily,75,250,long_short,none,0.001,-0.014714291423902015,-0.25795160917206705,-0.3176809069883174,-0.024130177105616376,-0.6097879580203005,10,0.5,0.5953548904719674,-3179.320073071115,0.6236486486486487,0.47871621621621624,0.4081081081081081,0.11891891891891893,0.46859797297297295,True
USA30IDXUSD1440_comma,daily,30,150,long_short,none,0.001,-0.01875331771255917,-0.2825580939289733,-0.3401456007562738,-0.04304633369577656,-0.4356542381772952,32,0.28125,0.8401921590306517,-485.0748731146387,0.5875,0.37466216216216214,0.37466216216216214,0.4314189189189189,0.4683108108108108,False
USA30IDXUSD1440_comma,daily,50,500,long_short,slow_slope,0.0025,-0.007789266779064663,-0.2795065550151595,-0.33586268979681405,-0.01676181142197166,-0.4647031626220519,41,0.12195121951219512,0.5007149050776022,-986.4392886511323,0.5925675675675676,0.5067567567567568,0.48986486486486486,0.04391891891891892,0.46827702702702706,False
USA30IDXUSD1440_comma,daily,10,200,long_short,slow_slope,0.001,-0.018014697030311222,-0.30706698359968865,-0.3601693932644252,-0.03511823947748389,-0.5129726688566314,62,0.25806451612903225,0.856733580644945,-225.82341875555028,0.552027027027027,0.4168918918918919,0.3787162162162162,0.44797297297297295,0.4679729729729729,False
USA30IDXUSD1440_comma,daily,10,500,long_short,none,0.0025,-0.014004417906727906,-0.26332927342131074,-0.32042186611409657,-0.027339928786686833,-0.5122331523243525,26,0.23076923076923078,0.619480418042442,-1091.5564980549975,0.6168918918918919,0.4625,0.4172297297297297,0.14594594594594595,0.4677195945945946,False
USA30IDXUSD1440_comma,daily,40,75,long_only,price_slow,0.0025,-0.0029257059809754127,-0.418919808194926,-0.5144458190698937,-0.009537933432211477,-0.30674422313482796,83,0.30120481927710846,0.9524759481795073,-46.05932225304096,0.37432432432432433,0.5277027027027027,0.5287162162162162,0.5351351351351351,0.46766891891891893,False
USA30IDXUSD1440_comma,daily,75,400,long_short,price_slow,0.0,-0.010602278332453086,-0.3298921956368423,-0.40082076566553965,-0.019744015410441483,-0.5369869356385402,48,0.125,0.7306778541823651,-538.390107685647,0.5168918918918919,0.49493243243243246,0.45675675675675675,0.3016891891891892,0.4670945945945946,False
USA30IDXUSD1440_comma,daily,10,200,long_short,none,0.001,-0.019832188945536067,-0.2891952525361574,-0.3446365531428173,-0.03854510286709027,-0.5145190301844738,40,0.225,0.823669115904423,-403.2066502415237,0.5797297297297297,0.40033783783783783,0.36114864864864865,0.41655405405405405,0.46668918918918917,False
USA30IDXUSD1440_comma,daily,20,75,long_only,fast_slope,0.0025,0.0003462840582801885,-0.4468942876691174,-0.561603533450603,0.0017066237202871216,-0.20290592130169727,144,0.3819444444444444,1.0051183037649172,3.205981240164265,0.32804054054054055,0.5547297297297298,0.5543918918918919,0.5716216216216217,0.46652027027027027,False
USA30IDXUSD1440_comma,daily,75,400,long_short,price_slow,0.0025,-0.010382852231147655,-0.32946585462470657,-0.39990297591086293,-0.019637254188454554,-0.528732384451799,47,0.14893617021276595,0.7247676100030989,-555.0281231298377,0.5172297297297297,0.49527027027027026,0.4591216216216216,0.29155405405405405,0.4662668918918919,False
USA30IDXUSD1440_comma,daily,40,150,long_short,none,0.0025,-0.019022743434645606,-0.2926771468408064,-0.34140816068220425,-0.03640379503832222,-0.5225483610876391,25,0.36,0.8045698864730256,-816.6293891350595,0.5743243243243243,0.4101351351351351,0.3722972972972973,0.39594594594594595,0.46611486486486486,False
USA30IDXUSD1440_comma,daily,40,100,long_only,fast_slope,0.0025,-0.0020867735581757696,-0.43069557657166385,-0.5297282604199479,-0.006134895891054844,-0.34014816147384797,84,0.42857142857142855,0.9697444703898861,-32.62830657838992,0.35743243243243245,0.5344594594594595,0.5341216216216216,0.5476351351351352,0.4655574324324324,False
USA30IDXUSD1440_comma,daily,5,500,long_only,combined,0.001,0.002407060678716988,-0.46284857890053244,-0.5968030002885433,0.01140926237752464,-0.21097425925261482,289,0.3806228373702422,1.020231367391099,11.245954867432255,0.3027027027027027,0.5773648648648648,0.5668918918918919,0.5780405405405405,0.46550675675675673,False
USA30IDXUSD1440_comma,daily,50,500,long_short,slow_slope,0.005,-0.007808256298100225,-0.28209622241224336,-0.3388460109321793,-0.016737862439576544,-0.46650259710807895,39,0.1794871794871795,0.47521292159559714,-1039.7067144152622,0.5881756756756756,0.5070945945945946,0.48952702702702705,0.03412162162162162,0.46506756756756756,False
USA30IDXUSD1440_comma,daily,30,300,long_short,fast_slope,0.001,-0.010093825219862795,-0.3693121004897669,-0.4281952879277756,-0.028775958287728415,-0.35077286111327644,125,0.408,0.9219704548915053,-63.467735177757056,0.4557432432432432,0.45472972972972975,0.46283783783783783,0.5081081081081081,0.4647635135135135,False
USA30IDXUSD1440_comma,daily,20,75,long_only,fast_slope,0.0,-5.0334922074846133e-05,-0.4463023847131883,-0.5602786862987776,-0.00023597106646436891,-0.21330971982722546,148,0.3716216216216216,0.999284158122872,-0.45231272285037,0.3293918918918919,0.5506756756756757,0.5506756756756757,0.566554054054054,0.4645439189189189,False
USA30IDXUSD1440_comma,daily,50,500,long_short,slow_slope,0.0,-0.008470610877909901,-0.2819073944246357,-0.33910632950197217,-0.018042055713227267,-0.46949255741959595,40,0.15,0.5037847996423636,-1052.146682643023,0.5885135135135136,0.5020270270270271,0.48277027027027025,0.04628378378378378,0.4644087837837838,False
USA30IDXUSD1440_comma,daily,30,200,long_short,fast_slope,0.001,-0.012722545251177664,-0.3526141603863288,-0.40759404384015663,-0.03241393243101126,-0.3925023684878688,129,0.4108527131782946,0.9263019433796913,-60.0740010470338,0.4817567567567568,0.4331081081081081,0.4331081081081081,0.5108108108108108,0.464222972972973,False
USA30IDXUSD1440_comma,daily,30,400,long_short,combined,0.005,-0.006189453608375528,-0.40681179848052074,-0.475992153917061,-0.017255616502565865,-0.35869211670618506,116,0.4051724137931034,0.9455612978918793,-40.8299531594066,0.3902027027027027,0.5050675675675675,0.5027027027027027,0.5304054054054054,0.4624493243243243,False
USA30IDXUSD1440_comma,daily,10,200,long_short,none,0.0025,-0.020142840455828814,-0.29415855380266215,-0.35001739490212713,-0.03964584966748739,-0.5080693344894428,41,0.17073170731707318,0.8182746660220561,-408.26946915567663,0.5712837837837837,0.3956081081081081,0.3581081081081081,0.4114864864864865,0.46076013513513514,False
USA30IDXUSD1440_comma,daily,75,400,long_short,price_slow,0.001,-0.010973016669831526,-0.33361733997221416,-0.40510842872350294,-0.02063190360983718,-0.5318470305667602,47,0.1276595744680851,0.7200126936895257,-562.7446897712088,0.5101351351351351,0.4925675675675676,0.4523648648648649,0.2864864864864865,0.46064189189189186,False
USA30IDXUSD1440_comma,daily,10,200,long_short,slow_slope,0.005,-0.018319939074386893,-0.3177355501551149,-0.3753118267656081,-0.03549976809839638,-0.5160579929313525,61,0.2786885245901639,0.856900587456087,-220.94769425472796,0.5347972972972973,0.41486486486486485,0.377027027027027,0.4483108108108108,0.46028716216216214,False
USA30IDXUSD1440_comma,daily,20,400,long_short,fast_slope,0.0025,-0.010013177876231683,-0.3949158646209671,-0.47066166734489745,-0.023309601373968765,-0.429573106617516,178,0.3651685393258427,0.9485995217129223,-33.59643007395626,0.41452702702702704,0.4837837837837838,0.46554054054054056,0.5331081081081082,0.45983108108108106,False
USA30IDXUSD1440_comma,daily,30,150,long_only,fast_slope,0.005,-0.0001929179394298819,-0.4509819370223297,-0.5533723018021579,-0.0009337430167812602,-0.2066071027710562,107,0.40186915887850466,0.9966872196955578,-2.395736696043852,0.3202702702702703,0.5483108108108108,0.5489864864864865,0.5648648648648649,0.4597128378378379,False
USA30IDXUSD1440_comma,daily,30,500,long_short,combined,0.005,-0.005424653143478841,-0.4081721750859677,-0.4753257068309951,-0.017649725212464988,-0.3073505722144456,109,0.3761467889908257,0.9320652136693156,-54.3597820115338,0.38716216216216215,0.5030405405405406,0.5077702702702702,0.5158783783783784,0.4595608108108108,False
USA30IDXUSD1440_comma,daily,75,250,long_short,price_slow,0.001,-0.012982824427773543,-0.34238977822638017,-0.4156209438004679,-0.02565096960151947,-0.50613386665136,56,0.19642857142857142,0.771962527010075,-430.87832848720296,0.5,0.4739864864864865,0.4297297297297297,0.3641891891891892,0.45907094594594594,False
USA30IDXUSD1440_comma,daily,5,200,long_short,none,0.001,-0.020911016267051608,-0.29495189127867943,-0.3513730259938555,-0.03798257321268534,-0.5505423803163444,50,0.2,0.8064749921526541,-375.28472582343625,0.5699324324324324,0.40304054054054056,0.3506756756756757,0.3969594594594595,0.4584121621621622,False
USA30IDXUSD1440_comma,daily,30,500,long_short,slow_slope,0.0025,-0.010855496436258605,-0.29399753728532696,-0.3490899568375194,-0.022509670542664853,-0.4822592323456305,39,0.1794871794871795,0.5909291958930977,-827.3742595655261,0.5716216216216217,0.48614864864864865,0.4537162162162162,0.11283783783783784,0.45785472972972974,False
USA30IDXUSD1440_comma,daily,5,300,long_short,none,0.001,-0.02028734253520459,-0.29284930331800063,-0.3461449526493826,-0.038416677589897676,-0.5280868572700179,43,0.18604651162790697,0.7838295522158113,-483.0717368517114,0.5736486486486486,0.4006756756756757,0.3564189189189189,0.377027027027027,0.45746621621621625,False
USA30IDXUSD1440_comma,daily,75,250,long_short,none,0.0,-0.016096765686528958,-0.26425277436151645,-0.32404204675812587,-0.025663214030558462,-0.6272310891130682,10,0.4,0.5711491475243634,-3456.620779160186,0.6158783783783783,0.47364864864864864,0.3935810810810811,0.0929054054054054,0.4574155405405405,True
USA30IDXUSD1440_comma,daily,100,500,long_short,fast_slope,0.0,-0.008227940858648863,-0.3910154141990631,-0.4871368451429195,-0.018682038979490587,-0.4404198528694655,86,0.313953488372093,0.8499482857898035,-162.28927933412132,0.4222972972972973,0.49966216216216214,0.4851351351351351,0.4429054054054054,0.4572972972972973,False
USA30IDXUSD1440_comma,daily,30,300,long_short,none,0.001,-0.015365776645658413,-0.26508428576411663,-0.30904090084424296,-0.03194371125218561,-0.48102665730823857,16,0.25,0.6147816210497077,-1988.0580959915706,0.6148648648648649,0.43682432432432433,0.40033783783783783,0.14189189189189189,0.4565033783783784,True
USA30IDXUSD1440_comma,daily,60,75,long_only,combined,0.0025,-0.001466269602700243,-0.4452481625170342,-0.5481518587629771,-0.0051566551998650295,-0.2843450930631587,75,0.36,0.9675627368214169,-25.775360908819305,0.3307432432432432,0.5378378378378378,0.539527027027027,0.5456081081081081,0.4565033783783784,False
USA30IDXUSD1440_comma,daily,75,500,long_short,fast_slope,0.001,-0.0068501037852153335,-0.3923710022849312,-0.4741231552031449,-0.022053067008365783,-0.31061909813345967,79,0.3037974683544304,0.8548474557491705,-178.87400840278647,0.41824324324324325,0.48817567567567566,0.49932432432432433,0.4466216216216216,0.45619932432432436,False
USA30IDXUSD1440_comma,daily,100,200,long_short,none,0.0,-0.01761899657170818,-0.2728252161474475,-0.3408282100438211,-0.028188180196005278,-0.6250490967914657,14,0.42857142857142855,0.6339063818133326,-2589.694577158966,0.602027027027027,0.4577702702702703,0.3824324324324324,0.16114864864864864,0.4559121621621622,True
USA30IDXUSD1440_comma,daily,5,400,long_short,none,0.0,-0.017938739715571472,-0.27953407604571107,-0.32602058474117196,-0.032415887202288475,-0.5533934519091319,34,0.14705882352941177,0.6852248730314499,-751.5581428944031,0.5922297297297298,0.43277027027027026,0.3793918918918919,0.23277027027027028,0.45587837837837836,False
USA30IDXUSD1440_comma,daily,20,400,long_short,fast_slope,0.0,-0.010571255745696728,-0.3953533817935367,-0.47006969782503594,-0.0236079888750089,-0.44778298573697306,178,0.3707865168539326,0.9423404011356795,-38.000272039795625,0.4125,0.4817567567567568,0.4570945945945946,0.5263513513513514,0.4558108108108109,False
USA30IDXUSD1440_comma,daily,75,400,long_short,fast_slope,0.0025,-0.007914980085110934,-0.3865263201642249,-0.4655173050022288,-0.02117227417864208,-0.3738370294247991,81,0.345679012345679,0.8324385755916544,-209.74881459803402,0.42905405405405406,0.4912162162162162,0.48817567567567566,0.4243243243243243,0.45570945945945945,False
USA30IDXUSD1440_comma,daily,20,150,long_only,fast_slope,0.0,9.835858129636499e-05,-0.46202433853531283,-0.5857669199687605,0.0003877999470274041,-0.25363227109831044,152,0.375,1.0013783985680564,0.861384514015658,0.3037162162162162,0.5516891891891892,0.5516891891891892,0.5689189189189189,0.45508445945945947,False
USA30IDXUSD1440_comma,daily,5,300,long_short,none,0.0025,-0.02039566401699766,-0.29526560324329165,-0.34844870719272975,-0.037658778171797955,-0.5415912307073106,42,0.19047619047619047,0.7769378380561307,-499.75259515991337,0.5689189189189189,0.40506756756756757,0.3554054054054054,0.3668918918918919,0.4549493243243243,False
USA30IDXUSD1440_comma,daily,100,200,long_short,slow_slope,0.005,-0.012561431988801885,-0.33860646545653544,-0.41492795082343037,-0.024108852670189952,-0.5210298540806884,42,0.2857142857142857,0.7372345329629568,-667.7162437999787,0.5023648648648649,0.47905405405405405,0.4347972972972973,0.310472972972973,0.4542398648648649,False
USA30IDXUSD1440_comma,daily,30,250,long_short,combined,0.0025,-0.010694679321085698,-0.38414584213151287,-0.44504041013825246,-0.03106906098725028,-0.3442228049787035,127,0.3779527559055118,0.9409576267826512,-43.56038312190875,0.4331081081081081,0.44155405405405407,0.4560810810810811,0.5253378378378378,0.4536486486486487,False
USA30IDXUSD1440_comma,daily,30,200,long_short,fast_slope,0.005,-0.013096220623150079,-0.35979875906810865,-0.41646021364380037,-0.03568691972477598,-0.36697537148486103,126,0.4126984126984127,0.923583428116263,-62.41706968390875,0.4706081081081081,0.4135135135135135,0.4287162162162162,0.5084459459459459,0.45363175675675677,False
USA30IDXUSD1440_comma,daily,5,500,long_only,combined,0.0025,0.0014498927368973291,-0.4778911014522337,-0.6152807744485808,0.006379800878414197,-0.22726300781627584,288,0.3819444444444444,1.0123904555114864,6.7575068017980175,0.28175675675675677,0.5648648648648649,0.5611486486486487,0.5743243243243243,0.4522972972972973,False
USA30IDXUSD1440_comma,daily,5,250,long_short,none,0.001,-0.021470494012728603,-0.29971992789335417,-0.3556847855536513,-0.040194451471854305,-0.5341656180521102,45,0.2,0.8064937654614662,-424.97864398862504,0.5638513513513513,0.3915540540540541,0.34594594594594597,0.3972972972972973,0.4522128378378379,False
USA30IDXUSD1440_comma,daily,75,400,long_short,fast_slope,0.005,-0.007983032515890942,-0.39226511320914853,-0.47327402419410464,-0.020898310923460183,-0.3819941499161681,80,0.3375,0.8331959647740452,-208.0044230147152,0.4195945945945946,0.4922297297297297,0.48783783783783785,0.425,0.45221283783783783,False
USA30IDXUSD1440_comma,daily,100,150,long_short,none,0.0025,-0.02068789896744383,-0.32300327487813735,-0.38276116688291417,-0.0323553859104886,-0.6393958342724467,27,0.4444444444444444,0.8214910276475976,-862.4525274950487,0.527027027027027,0.4337837837837838,0.3530405405405405,0.4152027027027027,0.45214527027027024,False
USA30IDXUSD1440_comma,daily,40,50,long_only,slow_slope,0.0025,-0.004282545682647632,-0.4313712432405785,-0.5380121267467686,-0.015073070698331631,-0.2841189939566625,77,0.38961038961038963,0.9370299911860904,-72.07247094047362,0.35574324324324325,0.5121621621621621,0.5175675675675676,0.5216216216216216,0.45209459459459456,False
USA30IDXUSD1440_comma,daily,50,150,long_short,none,0.0025,-0.02093742736522941,-0.2963843964624155,-0.34490504974706016,-0.04001619365829631,-0.5232238614201274,22,0.4090909090909091,0.781780543937442,-1072.943098748062,0.5679054054054054,0.3932432432432432,0.35033783783783784,0.37364864864864866,0.45158783783783785,False
USA30IDXUSD1440_comma,daily,20,500,long_short,fast_slope,0.001,-0.010046301252858214,-0.4057546432682749,-0.4892256879668647,-0.023015362563590817,-0.4365041491351943,173,0.3699421965317919,0.944323562476952,-36.61624638793468,0.3939189189189189,0.48445945945945945,0.46418918918918917,0.5283783783783784,0.450777027027027,False
USA30IDXUSD1440_comma,daily,30,75,long_only,combined,0.001,-0.0012594346998907602,-0.45715314629313025,-0.5616112398844839,-0.004913297128496301,-0.25633188202403834,112,0.375,0.9778184184499767,-14.844356260947734,0.31148648648648647,0.5381756756756757,0.5418918918918919,0.5527027027027027,0.4504222972972973,False
USA30IDXUSD1440_comma,daily,5,250,long_short,none,0.005,-0.02129173465421985,-0.3031416358094772,-0.35888271854961973,-0.04096889487582526,-0.5197048814412513,45,0.17777777777777778,0.8118144099649888,-404.2918166457241,0.5591216216216216,0.38682432432432434,0.34628378378378377,0.4043918918918919,0.4502702702702702,False
USA30IDXUSD1440_comma,daily,20,75,long_only,fast_slope,0.005,-0.00047779677074200055,-0.46495111697104535,-0.5850681111924841,-0.00215751859181332,-0.22145661805881767,135,0.37777777777777777,0.9928408856290144,-4.694603751502904,0.2996621621621622,0.5452702702702703,0.5472972972972973,0.5621621621621622,0.44996621621621624,False
USA30IDXUSD1440_comma,daily,40,100,long_only,price_slow,0.005,-0.004964631370452666,-0.4271930280671387,-0.5226686236964639,-0.01723795939791187,-0.2880057468434494,75,0.30666666666666664,0.9218541291923008,-85.4227068919279,0.3618243243243243,0.5054054054054054,0.5128378378378379,0.5077702702702702,0.4498141891891892,False
USA30IDXUSD1440_comma,daily,100,200,long_short,slow_slope,0.0025,-0.013367479196797705,-0.33791052697361307,-0.41366552805387813,-0.02602381247617415,-0.5136633692329351,46,0.2826086956521739,0.7322825283235435,-637.763925274686,0.5027027027027027,0.47162162162162163,0.425,0.3043918918918919,0.4496452702702703,False
USA30IDXUSD1440_comma,daily,75,300,long_short,fast_slope,0.005,-0.00951958549764087,-0.38799769246158894,-0.47051941067204295,-0.02423633723640221,-0.39278152489736584,88,0.3522727272727273,0.8423116712415969,-185.01026192819734,0.42702702702702705,0.4783783783783784,0.4702702702702703,0.43344594594594593,0.44947635135135133,False
USA30IDXUSD1440_comma,daily,10,500,long_short,slow_slope,0.0025,-0.01378129589009447,-0.29174900549630417,-0.3485117342629153,-0.027792405663918357,-0.4958655273223114,43,0.16279069767441862,0.6078303104233613,-662.4074142096001,0.5756756756756757,0.4594594594594595,0.4195945945945946,0.13277027027027027,0.4489695945945946,False
USA30IDXUSD1440_comma,daily,75,400,long_short,fast_slope,0.0,-0.008730633373535968,-0.39188385129390896,-0.4721093805065396,-0.023179265025596096,-0.37665704084642104,84,0.34523809523809523,0.8339029700953381,-206.712478163266,0.42027027027027025,0.48412162162162165,0.47905405405405405,0.4260135135135135,0.44885135135135135,False
USA30IDXUSD1440_comma,daily,60,400,long_short,price_slow,0.001,-0.012624239428916995,-0.3404742718800149,-0.41124862148445485,-0.022790392387241943,-0.5539281296439653,48,0.14583333333333334,0.7054185596599566,-599.5297217319776,0.5010135135135135,0.485472972972973,0.4341216216216216,0.26554054054054055,0.44842905405405403,False
USA30IDXUSD1440_comma,daily,5,50,long_short,none,0.001,-0.021983797154166984,-0.2982362431894433,-0.3665176860014062,-0.050440045149261904,-0.43584015615197513,116,0.3103448275862069,0.9048844600879304,-105.36047115641459,0.5652027027027027,0.3233108108108108,0.3398648648648649,0.4902027027027027,0.4484121621621622,False
USA30IDXUSD1440_comma,daily,50,500,long_short,none,0.001,-0.014509309424024286,-0.2624067560804751,-0.3181411565080558,-0.027081046746893603,-0.5357735821525662,12,0.16666666666666666,0.3985739449426101,-4165.539421252698,0.6185810810810811,0.4652027027027027,0.40945945945945944,0.012162162162162163,0.4474493243243243,True
USA30IDXUSD1440_comma,daily,5,500,long_short,slow_slope,0.0025,-0.013885107006366804,-0.3031848353688407,-0.3554349191308076,-0.027647923254331193,-0.5022115722269168,51,0.17647058823529413,0.6370198320421322,-573.4224443853664,0.5587837837837838,0.46114864864864863,0.4189189189189189,0.16486486486486487,0.4473141891891892,False
USA30IDXUSD1440_comma,daily,10,400,long_short,price_slow,0.0,-0.01947038801400036,-0.3061511473751804,-0.3589157247651824,-0.03752622284709124,-0.5188475294552477,53,0.11320754716981132,0.7555323192919245,-423.4712322241722,0.5543918918918919,0.40540540540540543,0.36655405405405406,0.33783783783783783,0.4470945945945946,False
USA30IDXUSD1440_comma,daily,30,50,long_short,none,0.0,-0.02206164028338009,-0.29698878126265943,-0.3618428652483801,-0.049449503931007124,-0.44614482511616105,79,0.34177215189873417,0.8704037138263138,-209.6871654297146,0.5672297297297297,0.3304054054054054,0.3385135135135135,0.4618243243243243,0.4464695945945946,False
USA30IDXUSD1440_comma,daily,20,400,long_short,combined,0.0025,-0.008797897098941743,-0.41493423150808884,-0.4904823976230183,-0.024702572916991797,-0.3561530666665925,166,0.37349397590361444,0.9441443068318756,-35.15596255873192,0.3793918918918919,0.4777027027027027,0.4783783783783784,0.5280405405405405,0.4460641891891892,False
USA30IDXUSD1440_comma,daily,30,100,long_only,price_slow,0.005,-0.005512210440800969,-0.4255908188605574,-0.5207147729911706,-0.019477522407955333,-0.28300367599883136,76,0.3157894736842105,0.9110926938621227,-93.2840817858148,0.36452702702702705,0.4962837837837838,0.5070945945945946,0.49695945945945946,0.4458445945945946,False
USA30IDXUSD1440_comma,daily,20,150,long_short,none,0.005,-0.01992042115741499,-0.30084185439912986,-0.36325365646464125,-0.04633356587809081,-0.42993498945943465,36,0.2777777777777778,0.8113791497853006,-478.52302644788335,0.5618243243243243,0.35202702702702704,0.3601351351351351,0.40337837837837837,0.4452702702702702,False
USA30IDXUSD1440_comma,daily,5,50,long_short,none,0.0,-0.02262944596815275,-0.30002415093049106,-0.36871652879409533,-0.050259544143978756,-0.4502517154418685,111,0.32432432432432434,0.8952855088791212,-119.69482436379833,0.5625,0.325,0.3331081081081081,0.4820945945945946,0.4451858108108108,False
USA30IDXUSD1440_comma,daily,20,150,long_only,fast_slope,0.001,-0.0007449722568091399,-0.4739851275226977,-0.6012983160329243,-0.002806721506523172,-0.2654243590173557,151,0.36423841059602646,0.9894570831655803,-6.5334030717423826,0.2864864864864865,0.5422297297297297,0.5442567567567568,0.5594594594594594,0.4429222972972973,False
USA30IDXUSD1440_comma,daily,10,200,long_short,none,0.005,-0.02151129009878583,-0.30986912104496106,-0.3704730179935825,-0.0429790492186971,-0.5005064209151423,43,0.20930232558139536,0.8094317340732617,-404.44877257615394,0.5476351351351352,0.37567567567567567,0.3456081081081081,0.40135135135135136,0.4422972972972973,False
USA30IDXUSD1440_comma,daily,60,150,long_only,fast_slope,0.0025,-0.004384354937706281,-0.4439609458437239,-0.545524391919181,-0.01483131173911198,-0.29561477870795483,100,0.31,0.929647802165102,-56.779750736154256,0.33344594594594595,0.5135135135135135,0.5168918918918919,0.5141891891891892,0.4422635135135135,False
USA30IDXUSD1440_comma,daily,30,500,long_short,slow_slope,0.0,-0.011368402113089537,-0.29468104439990966,-0.34967393251424544,-0.023603730935955886,-0.4816358118949702,43,0.20930232558139536,0.453115651424775,-1015.5369997291511,0.5702702702702702,0.4820945945945946,0.4472972972972973,0.027364864864864866,0.4421959459459459,False
USA30IDXUSD1440_comma,daily,75,250,long_short,price_slow,0.0,-0.014493984656583914,-0.3503639912752807,-0.4231068310458815,-0.0274572383179048,-0.5278748171527659,56,0.19642857142857142,0.7540317181717111,-474.02027013720414,0.485472972972973,0.4618243243243243,0.4101351351351351,0.33513513513513515,0.44194256756756756,False
USA30IDXUSD1440_comma,daily,5,500,long_only,combined,0.0,0.0002240941280369224,-0.49044542675359365,-0.6305673692364777,0.0010621870593634753,-0.21097425925261482,290,0.3793103448275862,1.0018552674328678,1.0294301158985946,0.26722972972972975,0.5537162162162163,0.5523648648648649,0.5695945945945946,0.4412331081081082,False
USA30IDXUSD1440_comma,daily,40,75,long_only,price_slow,0.0,-0.005786203357790898,-0.43592938909480816,-0.5321725554209056,-0.016293268535522463,-0.3551284596565668,92,0.2717391304347826,0.9125589114461063,-80.75603244610532,0.34594594594594597,0.5081081081081081,0.5047297297297297,0.49898648648648647,0.44119932432432435,False
USA30IDXUSD1440_comma,daily,100,400,long_short,fast_slope,0.0025,-0.010017305909752583,-0.3966769979939025,-0.5010706206474022,-0.024061317633001914,-0.41632407927706716,90,0.3,0.8362847464307296,-167.91973583017634,0.4097972972972973,0.4793918918918919,0.4652027027027027,0.4277027027027027,0.44096283783783785,False
USA30IDXUSD1440_comma,daily,10,75,long_short,none,0.001,-0.02158731396796132,-0.2971184862826579,-0.3619801177466607,-0.05141064376221732,-0.4198997014666106,74,0.3108108108108108,0.8466303583613394,-235.9663604951272,0.5668918918918919,0.3185810810810811,0.34425675675675677,0.43783783783783786,0.440929054054054,False
USA30IDXUSD1440_comma,daily,20,400,long_short,fast_slope,0.005,-0.011202532633563522,-0.4088755826399046,-0.4862808197942915,-0.02540721545182532,-0.4409193386345178,176,0.3693181818181818,0.9352077500502257,-42.567244558588115,0.3861486486486487,0.47466216216216217,0.4489864864864865,0.5192567567567568,0.44081081081081086,False
USA30IDXUSD1440_comma,daily,50,75,long_only,combined,0.0025,-0.0031039262001191226,-0.4560332729135295,-0.5598161058013302,-0.011297300077545843,-0.2747493807204775,88,0.32954545454545453,0.9433732386949913,-46.03832590349182,0.31351351351351353,0.5236486486486487,0.5266891891891892,0.5277027027027027,0.44081081081081086,False
USA30IDXUSD1440_comma,daily,20,200,long_only,combined,0.0,0.0012481874593845976,-0.49858214970308934,-0.6258580877920082,0.004681445696786547,-0.2666243592746109,145,0.38620689655172413,1.0188693876241917,11.540244875877745,0.25506756756756754,0.5604729729729729,0.558445945945946,0.577027027027027,0.4403885135135135,False
USA30IDXUSD1440_comma,daily,50,100,long_only,combined,0.001,-0.003047913506162847,-0.4599724978728451,-0.5654323118024109,-0.010251952475746258,-0.2973007837651904,109,0.3119266055045872,0.9559524625163056,-36.51034657373816,0.3064189189189189,0.5256756756756756,0.527027027027027,0.5378378378378378,0.44006756756756754,False
USA30IDXUSD1440_comma,daily,50,500,long_short,none,0.0,-0.015407040485451162,-0.26632874098268383,-0.32312985826977797,-0.029817861751444387,-0.516705074759589,12,0.16666666666666666,0.4152603078094735,-4167.626227700107,0.6125,0.4486486486486487,0.39966216216216216,0.016216216216216217,0.439527027027027,True
USA30IDXUSD1440_comma,daily,75,300,long_short,price_slow,0.001,-0.013631643003720773,-0.35270546915634554,-0.4282118259422219,-0.02652600009810035,-0.5138974196376105,57,0.19298245614035087,0.7327539898039278,-507.83387859920714,0.4814189189189189,0.46790540540540543,0.4209459459459459,0.3050675675675676,0.4394932432432433,False
USA30IDXUSD1440_comma,daily,30,250,long_short,combined,0.001,-0.011758042782773037,-0.39196762492931725,-0.4542577544104736,-0.034253783611373705,-0.3432625988467116,129,0.37209302325581395,0.9285357752723762,-53.4523774267476,0.41993243243243245,0.422972972972973,0.44324324324324327,0.5131756756756757,0.4393412162162162,False
USA30IDXUSD1440_comma,daily,30,100,long_only,combined,0.0,-0.001345531174022696,-0.4770251425679452,-0.5855558081069175,-0.0055245510297779405,-0.24355484577301112,115,0.391304347826087,0.9786400942185705,-15.437254172739538,0.28378378378378377,0.5368243243243244,0.5408783783783784,0.5533783783783783,0.438902027027027,False
USA30IDXUSD1440_comma,daily,30,250,long_short,combined,0.0,-0.011747938776352829,-0.39122978276464127,-0.45354745074338676,-0.034890056630477,-0.3367130899435349,129,0.37209302325581395,0.9275186999336635,-54.051752801737166,0.4212837837837838,0.4189189189189189,0.44425675675675674,0.5114864864864865,0.43881756756756757,False
USA30IDXUSD1440_comma,daily,75,400,long_short,fast_slope,0.001,-0.009291002232131529,-0.3983633763155327,-0.47973622822725304,-0.024853381768134078,-0.373832515784393,83,0.3493975903614458,0.8225469504697507,-220.24317376618978,0.40574324324324323,0.47702702702702704,0.47297297297297297,0.4158783783783784,0.43853040540540544,False
USA30IDXUSD1440_comma,daily,40,75,long_only,price_slow,0.001,-0.005726591368995004,-0.4385988396321261,-0.5360604889455222,-0.01609260488178567,-0.3558523564744087,85,0.2823529411764706,0.9093180983481017,-86.53750269416015,0.3398648648648649,0.5097972972972973,0.5054054054054054,0.49358108108108106,0.43851351351351353,False
USA30IDXUSD1440_comma,daily,20,200,long_only,combined,0.001,0.0011009997992861287,-0.5010338416791155,-0.6291714939831078,0.004175594904137275,-0.26367495520105,145,0.38620689655172413,1.0165967689675854,10.170178483808627,0.25101351351351353,0.5594594594594594,0.5574324324324325,0.5753378378378379,0.43805743243243245,False
USA30IDXUSD1440_comma,daily,60,500,long_short,combined,0.005,-0.007218736687475524,-0.4321298941428891,-0.5186032793914466,-0.0218479302119837,-0.33040826373182075,92,0.2826086956521739,0.911514015939762,-89.13515077527447,0.35371621621621624,0.4891891891891892,0.4962837837837838,0.497972972972973,0.43773648648648655,False
USA30IDXUSD1440_comma,daily,20,400,long_short,combined,0.0,-0.00969554036982434,-0.4200503981571053,-0.4952994811913697,-0.026411665120812382,-0.36709311304209513,167,0.3712574850299401,0.9328398079083806,-41.56557730307692,0.3722972972972973,0.46925675675675677,0.46824324324324323,0.5175675675675676,0.4375168918918919,False
USA30IDXUSD1440_comma,daily,20,400,long_short,combined,0.001,-0.00952282419734185,-0.42122546930589716,-0.49782241126531696,-0.026463163894970495,-0.35985206588059293,166,0.37349397590361444,0.9354136744111629,-40.52743645140483,0.3706081081081081,0.4685810810810811,0.46993243243243243,0.5195945945945946,0.43731418918918924,False
USA30IDXUSD1440_comma,daily,30,300,long_short,price_slow,0.0,-0.01719530613348763,-0.32404422792474863,-0.380745843541443,-0.04110024859104981,-0.4183747476708003,61,0.18032786885245902,0.7658877885205974,-395.7848341540098,0.5260135135135136,0.3861486486486487,0.3861486486486487,0.35371621621621624,0.4372297297297298,False
USA30IDXUSD1440_comma,daily,30,150,long_short,none,0.0025,-0.021829212974828316,-0.30475054354923664,-0.36566453351484407,-0.04794395512502504,-0.45530688734176294,31,0.25806451612903225,0.8147231611699448,-572.3059907341639,0.5567567567567567,0.33885135135135136,0.34290540540540543,0.40709459459459457,0.43706081081081083,False
USA30IDXUSD1440_comma,daily,40,100,long_only,fast_slope,0.005,-0.004049018992713593,-0.4587676994916606,-0.5648152009603544,-0.012051370981159106,-0.3359799477622717,80,0.3875,0.9406500088788948,-65.68077080493408,0.3087837837837838,0.5216216216216216,0.5195945945945946,0.525,0.43658783783783783,False
USA30IDXUSD1440_comma,daily,50,500,long_short,slow_slope,0.001,-0.011599930726535868,-0.3057864525776183,-0.36748299047544786,-0.02402364910354711,-0.48285465195306776,41,0.14634146341463414,0.4799621106183603,-1087.0383406542685,0.5550675675675676,0.4800675675675676,0.4452702702702703,0.03614864864864865,0.43652027027027035,False
USA30IDXUSD1440_comma,daily,60,500,long_short,combined,0.0025,-0.007420500967975752,-0.4302447493449135,-0.5160537062734801,-0.02366554664354992,-0.31355713348790193,92,0.2826086956521739,0.908588435670805,-91.13391298237248,0.35777027027027025,0.4814189189189189,0.49493243243243246,0.4925675675675676,0.4363344594594595,False
USA30IDXUSD1440_comma,daily,20,150,long_short,fast_slope,0.005,-0.013508560311708107,-0.36017139695637806,-0.44317188535117463,-0.04742741411943462,-0.28482599278320386,181,0.3701657458563536,0.936992618694623,-39.577281486009326,0.46959459459459457,0.34256756756756757,0.4226351351351351,0.5212837837837838,0.4361993243243243,False
USA30IDXUSD1440_comma,daily,30,150,long_short,slow_slope,0.001,-0.02023675387843027,-0.32505056618967326,-0.38668220691097516,-0.04306312938645813,-0.46993226378931097,72,0.2777777777777778,0.8176345203540961,-242.41609556842727,0.5236486486486487,0.37432432432432433,0.3570945945945946,0.4101351351351351,0.43597972972972976,False
USA30IDXUSD1440_comma,daily,50,75,long_only,combined,0.001,-0.00374289807324224,-0.45638355881780673,-0.5589949599772264,-0.014329975944105929,-0.26119360477933906,94,0.30851063829787234,0.9331686803818444,-51.76926191780942,0.3125,0.514527027027027,0.5226351351351352,0.5182432432432432,0.4358952702702703,False
USA30IDXUSD1440_comma,daily,5,400,long_short,none,0.001,-0.01944394910213698,-0.291057612809063,-0.33907540002396136,-0.036293490733051235,-0.5357420493154725,33,0.15151515151515152,0.6516410721855266,-856.2901028013631,0.5783783783783784,0.41047297297297297,0.3675675675675676,0.18445945945945946,0.43515202702702704,False
USA30IDXUSD1440_comma,daily,30,150,long_short,slow_slope,0.0025,-0.02025181773988516,-0.3267296198617218,-0.38866975379077817,-0.0438291435593135,-0.46206282156708345,70,0.2857142857142857,0.8267459978104038,-242.4289742960183,0.5219594594594594,0.36858108108108106,0.3567567567567568,0.4175675675675676,0.43491554054054055,False
USA30IDXUSD1440_comma,daily,20,200,long_only,fast_slope,0.0025,-0.0006072551090623435,-0.4939962679821762,-0.6174092000704029,-0.002203104695329288,-0.27563606502666904,154,0.35714285714285715,0.9912361156403442,-5.226300132143851,0.2631756756756757,0.5445945945945946,0.5459459459459459,0.5611486486486487,0.4347804054054054,False
USA30IDXUSD1440_comma,daily,20,50,long_only,fast_slope,0.005,-0.001751090284094703,-0.4791319447404797,-0.6056643379110128,-0.006992938524772298,-0.2504083623631914,130,0.3769230769230769,0.9745727774414492,-17.727933982288764,0.2793918918918919,0.5320945945945946,0.5358108108108108,0.55,0.4344425675675676,False
USA30IDXUSD1440_comma,daily,20,100,long_short,none,0.001,-0.021024246169199845,-0.2953911111530575,-0.3583056003014979,-0.056112212893768595,-0.3746821785304183,51,0.29411764705882354,0.8393976272614736,-326.101844938619,0.5685810810810811,0.28885135135135137,0.3493243243243243,0.43108108108108106,0.4341722972972973,False
USA30IDXUSD1440_comma,daily,100,500,long_short,fast_slope,0.001,-0.009788319120727529,-0.40684454850276325,-0.5062746233978653,-0.022314706034474226,-0.4386488043178992,84,0.2857142857142857,0.827068194983608,-187.48184007028672,0.3898648648648649,0.4868243243243243,0.4672297297297297,0.41824324324324325,0.43383445945945953,False
USA30IDXUSD1440_comma,daily,75,200,long_short,slow_slope,0.0,-0.015910417691637146,-0.3322696238374549,-0.4006800186499746,-0.03008747914962256,-0.5288052751949057,50,0.3,0.6966863756889535,-682.5426494842067,0.5135135135135135,0.4469594594594595,0.39425675675675675,0.252027027027027,0.4338006756756757,False
USA30IDXUSD1440_comma,daily,5,300,long_short,price_slow,0.0,-0.022290836815875736,-0.31307213150664204,-0.36940254782826576,-0.04424065955692479,-0.5038540799147433,75,0.17333333333333334,0.7907433607531252,-285.59889897820926,0.5432432432432432,0.3662162162162162,0.3364864864864865,0.3831081081081081,0.43361486486486484,False
USA30IDXUSD1440_comma,daily,20,100,long_only,fast_slope,0.0025,-0.001714752061560243,-0.4796689054852509,-0.5964610381978406,-0.008472160672014315,-0.2023984350561837,140,0.4,0.973476792483047,-16.123639811643994,0.27905405405405403,0.529054054054054,0.5368243243243244,0.5489864864864865,0.433597972972973,False
USA30IDXUSD1440_comma,daily,20,150,long_short,combined,0.001,-0.014099969270047197,-0.3711965671093755,-0.4610364028082999,-0.04345379309948734,-0.3244818982261308,186,0.3548387096774194,0.9285418759590697,-46.888948947692214,0.4516891891891892,0.37094594594594593,0.4152027027027027,0.5135135135135135,0.43347972972972976,False
USA30IDXUSD1440_comma,daily,40,150,long_short,none,0.001,-0.02257879524221562,-0.31261573203327664,-0.3643223339952905,-0.043111503015876844,-0.5237301801772125,26,0.34615384615384615,0.7798310327071171,-924.7350100600592,0.543918918918919,0.37364864864864866,0.3341216216216216,0.37094594594594593,0.433445945945946,False
USA30IDXUSD1440_comma,daily,100,200,long_short,slow_slope,0.001,-0.014912674262927528,-0.34735643839056896,-0.4263295278963636,-0.02894200780700407,-0.5152605293444295,50,0.26,0.718389588726698,-629.825931902539,0.4912162162162162,0.4537162162162162,0.40506756756756757,0.28209459459459457,0.43324324324324326,False
USA30IDXUSD1440_comma,daily,75,300,long_short,combined,0.005,-0.009775516483538915,-0.406984911083886,-0.4936186075265563,-0.023924625819404598,-0.40859642099857907,89,0.34831460674157305,0.8350690137326147,-180.0342087557556,0.38885135135135135,0.4804054054054054,0.46756756756756757,0.4266891891891892,0.4331587837837838,False
USA30IDXUSD1440_comma,daily,30,500,long_short,slow_slope,0.001,-0.013396511128752397,-0.3110411623526063,-0.36916103667097677,-0.026987365108110083,-0.4963993733766383,40,0.175,0.5660410118043345,-862.9248685342407,0.5456081081081081,0.46587837837837837,0.4243243243243243,0.08682432432432433,0.43260135135135136,False
USA30IDXUSD1440_comma,daily,30,100,long_only,combined,0.001,-0.0017472569322873888,-0.4832825827144494,-0.5929925651998318,-0.007423609142439623,-0.23536488771998942,115,0.391304347826087,0.9721053745441933,-19.996872988341075,0.27466216216216216,0.5310810810810811,0.5361486486486486,0.5483108108108108,0.43211148648648645,False
USA30IDXUSD1440_comma,daily,10,400,long_short,price_slow,0.0025,-0.02069421159642537,-0.31776603449371554,-0.37304236949805003,-0.0381441333680785,-0.5425267208651183,51,0.11764705882352941,0.73612944821345,-473.26514980351965,0.5344594594594595,0.4027027027027027,0.3527027027027027,0.3097972972972973,0.43146959459459466,False
USA30IDXUSD1440_comma,daily,5,250,long_short,price_slow,0.0,-0.022765214025547653,-0.31633635244846403,-0.3747421602000636,-0.04643409195914527,-0.4902693918420431,73,0.1917808219178082,0.8183808756635657,-252.9162893807219,0.5375,0.3510135135135135,0.3314189189189189,0.4125,0.43091216216216216,False
USA30IDXUSD1440_comma,daily,75,400,long_short,price_slow,0.005,-0.013492916982453251,-0.35830574555565503,-0.43545570237411324,-0.025302791852923296,-0.5332580317967711,46,0.15217391304347827,0.6983341559486735,-624.5527649321783,0.47297297297297297,0.47533783783783784,0.422972972972973,0.25506756756756754,0.43087837837837845,False
USA30IDXUSD1440_comma,daily,20,250,long_short,slow_slope,0.001,-0.02005053613272767,-0.33180404668231167,-0.3871145421455572,-0.04278599077340518,-0.4686238595926271,67,0.23880597014925373,0.798149600681464,-265.27259330676634,0.5141891891891892,0.3766891891891892,0.35945945945945945,0.389527027027027,0.43016891891891895,False
USA30IDXUSD1440_comma,daily,30,500,long_short,slow_slope,0.005,-0.013570297273557186,-0.3154150694905643,-0.37421550591896635,-0.02779816725589926,-0.48817237297100335,35,0.14285714285714285,0.5783544648462006,-965.5661413396705,0.539527027027027,0.4591216216216216,0.42195945945945945,0.10101351351351351,0.4301351351351351,False
USA30IDXUSD1440_comma,daily,60,400,long_short,price_slow,0.0,-0.014116832669365476,-0.35145664351466077,-0.424661030569702,-0.02583387432820176,-0.5464465952733508,48,0.14583333333333334,0.6885625137352266,-626.5714755596567,0.4834459459459459,0.4726351351351351,0.41452702702702704,0.2375,0.4300675675675676,False
USA30IDXUSD1440_comma,daily,60,400,long_short,slow_slope,0.005,-0.010972511217206105,-0.3334453942064664,-0.39461624464990464,-0.021931250869616236,-0.5003139712567661,37,0.24324324324324326,0.5667750289779383,-763.8277928777983,0.510472972972973,0.4885135135135135,0.4527027027027027,0.08783783783783784,0.4300337837837838,False
USA30IDXUSD1440_comma,daily,5,250,long_short,price_slow,0.005,-0.022754601062902724,-0.31905927098848225,-0.3769523663709538,-0.045228046212845534,-0.5031082031670877,67,0.14925373134328357,0.812599872212151,-274.56731071797253,0.5310810810810811,0.3614864864864865,0.33175675675675675,0.40506756756756757,0.42991554054054054,False
USA30IDXUSD1440_comma,daily,40,75,long_only,combined,0.0025,-0.0031769175701535923,-0.4727151766799111,-0.5822581424404831,-0.012378318419021539,-0.25665178925044296,88,0.3522727272727273,0.942352257141339,-47.09989363749241,0.2885135135135135,0.5209459459459459,0.5260135135135136,0.5266891891891892,0.42984797297297295,False
USA30IDXUSD1440_comma,daily,20,250,long_short,slow_slope,0.005,-0.019539904908458916,-0.3332145400336054,-0.388220823586422,-0.0421118019024284,-0.464000684504838,60,0.26666666666666666,0.7894409292528882,-296.7240665090703,0.5108108108108108,0.38074324324324327,0.3652027027027027,0.38175675675675674,0.4298141891891892,False
USA30IDXUSD1440_comma,daily,100,200,long_short,none,0.001,-0.020034179905582872,-0.2917001407245391,-0.36420288167277115,-0.03267958710983389,-0.6130487462479053,15,0.3333333333333333,0.602665559568965,-2527.144508379015,0.5760135135135135,0.43175675675675673,0.3597972972972973,0.12702702702702703,0.42935810810810815,True
USA30IDXUSD1440_comma,daily,50,500,long_short,none,0.005,-0.015813919267098298,-0.2815312937443687,-0.3363156849579973,-0.028905614646485615,-0.5470881508835508,12,0.25,0.38292731709774,-4095.001281652367,0.5888513513513514,0.4540540540540541,0.3956081081081081,0.007094594594594595,0.42923986486486493,True
USA30IDXUSD1440_comma,daily,100,200,long_short,none,0.0025,-0.019098945493533637,-0.29180256616214445,-0.3627742471221816,-0.032726634093777636,-0.5835902781448872,14,0.35714285714285715,0.5930245273930441,-2587.1989075221477,0.575,0.4304054054054054,0.3716216216216216,0.1152027027027027,0.4292060810810811,True
USA30IDXUSD1440_comma,daily,20,400,long_short,combined,0.005,-0.0100848508000142,-0.4291150332624591,-0.5066762817713931,-0.027283377477453703,-0.3696335180037027,165,0.3696969696969697,0.9281846179563499,-45.67657187974693,0.35945945945945945,0.4631756756756757,0.4635135135135135,0.5128378378378379,0.42920608108108105,False
USA30IDXUSD1440_comma,daily,30,50,long_short,fast_slope,0.0,-0.018930008726487424,-0.3271206128698344,-0.39453905811904716,-0.05774042035909229,-0.32784674252040746,160,0.36875,0.9205627223972132,-62.735660386018274,0.5209459459459459,0.27905405405405403,0.37364864864864866,0.5067567567567568,0.42888513513513515,False
USA30IDXUSD1440_comma,daily,60,400,long_short,price_slow,0.005,-0.013922934777541918,-0.3575399181121324,-0.4308706364442582,-0.025526346564792062,-0.5454339007034215,45,0.13333333333333333,0.6924906322424441,-664.1845940878574,0.47466216216216217,0.4743243243243243,0.4185810810810811,0.2445945945945946,0.42885135135135133,False
USA30IDXUSD1440_comma,daily,20,150,long_short,fast_slope,0.0025,-0.015188397236566065,-0.3665184943053891,-0.4509589249332665,-0.046445105863754124,-0.3270182499125086,194,0.3711340206185567,0.9252264392649077,-47.02580825930664,0.46114864864864863,0.3506756756756757,0.40135135135135136,0.5094594594594595,0.4288175675675676,False
USA30IDXUSD1440_comma,daily,40,200,long_short,price_slow,0.001,-0.019331410691180606,-0.3436398176291753,-0.4029051243840787,-0.03885119604967883,-0.4975756902428854,66,0.25757575757575757,0.7817667838136552,-340.40194317090857,0.49763513513513513,0.39797297297297296,0.36824324324324326,0.3733108108108108,0.42819256756756763,False
USA30IDXUSD1440_comma,daily,50,200,long_short,slow_slope,0.0025,-0.019374772216228076,-0.3359855463880822,-0.38948289254701435,-0.036584336119842194,-0.5295920131708993,48,0.3125,0.7526230767500361,-579.1106038947115,0.5057432432432433,0.40844594594594597,0.3679054054054054,0.33344594594594595,0.42800675675675676,False
USA30IDXUSD1440_comma,daily,30,250,long_short,combined,0.005,-0.012511247533906533,-0.40041157123253307,-0.46440802656145747,-0.03548983534543527,-0.3525304474402342,126,0.38095238095238093,0.9185306197138611,-61.1551483670284,0.40202702702702703,0.4152027027027027,0.435472972972973,0.5050675675675675,0.4274662162162163,False
USA30IDXUSD1440_comma,daily,10,400,long_short,slow_slope,0.0025,-0.01712423648678152,-0.3180296468485169,-0.36742650631942797,-0.03433257739377362,-0.49877515137815087,46,0.21739130434782608,0.6679988762484002,-630.1702562127837,0.5337837837837838,0.4222972972972973,0.38682432432432434,0.20506756756756755,0.42721283783783787,False
USA30IDXUSD1440_comma,daily,40,75,long_only,combined,0.001,-0.0038336285802659242,-0.47294264405211084,-0.5826442571654494,-0.013326080860634273,-0.28767862212142226,96,0.3020833333333333,0.9328879682833288,-51.89069711889107,0.28783783783783784,0.5175675675675676,0.5216216216216216,0.5179054054054054,0.4265371621621622,False
USA30IDXUSD1440_comma,daily,30,250,long_short,fast_slope,0.005,-0.01317703159357908,-0.3894151232721095,-0.4534401593313244,-0.042214950293508455,-0.3121413504448769,124,0.4032258064516129,0.9176689911635934,-67.82458112473408,0.425,0.3793918918918919,0.42702702702702705,0.504054054054054,0.4258614864864865,False
USA30IDXUSD1440_comma,daily,20,400,long_short,fast_slope,0.001,-0.012855923945627734,-0.41980843921839306,-0.4994458160286913,-0.028369342563037254,-0.45316256155959944,178,0.3707865168539326,0.9195481051523232,-52.852901230285894,0.37263513513513513,0.45675675675675675,0.43175675675675673,0.5057432432432433,0.4254560810810811,False
USA30IDXUSD1440_comma,daily,30,75,long_only,combined,0.0025,-0.002882963441188102,-0.4867687451892164,-0.599952957730747,-0.010858598724256496,-0.26550050465977626,107,0.35514018691588783,0.9448330372076179,-35.21551515786848,0.2706081081081081,0.525,0.5293918918918918,0.529054054054054,0.4247297297297297,False
USA30IDXUSD1440_comma,daily,5,250,long_short,none,0.0025,-0.023697641677644987,-0.31708785443095244,-0.3757398990302076,-0.0458872010240206,-0.5164324942207734,46,0.1956521739130435,0.7856596265340815,-457.79891390063386,0.5364864864864864,0.3550675675675676,0.32263513513513514,0.3787162162162162,0.4246959459459459,False
USA30IDXUSD1440_comma,daily,30,500,long_short,fast_slope,0.005,-0.010129824021225309,-0.429678319455648,-0.5069973502840917,-0.026449159564477825,-0.382992283612294,114,0.38596491228070173,0.8848501701683033,-95.00672556483575,0.35912162162162165,0.4689189189189189,0.46216216216216216,0.47466216216216217,0.42451013513513514,False
USA30IDXUSD1440_comma,daily,5,250,long_short,none,0.0,-0.024365008826278456,-0.31680346019734096,-0.37647368742477255,-0.04563182024638459,-0.5339477736088973,46,0.17391304347826086,0.7829164076659378,-475.7582504511231,0.5371621621621622,0.35743243243243245,0.31925675675675674,0.37466216216216214,0.4242736486486487,False
USA30IDXUSD1440_comma,daily,20,100,long_only,fast_slope,0.001,-0.0028363746598395467,-0.4885620324722943,-0.6085576543269322,-0.013554676654375809,-0.2092543210113308,145,0.3793103448275862,0.9582538482351245,-25.573976253730844,0.26925675675675675,0.5165540540540541,0.5300675675675676,0.539527027027027,0.4237837837837838,False
USA30IDXUSD1440_comma,daily,20,300,long_short,slow_slope,0.001,-0.02030026001932339,-0.3215022508849786,-0.3737323613748901,-0.03619240701986227,-0.5608983124052147,50,0.24,0.695221022907669,-555.7284529181453,0.529054054054054,0.41114864864864864,0.3560810810810811,0.25067567567567567,0.42322635135135134,False
USA30IDXUSD1440_comma,daily,75,500,long_short,price_slow,0.0025,-0.011523088594595499,-0.35069011601595484,-0.42252026220620803,-0.023584333981599544,-0.48859079945127104,43,0.09302325581395349,0.5994701520757845,-803.9061796085508,0.4851351351351351,0.48243243243243245,0.4456081081081081,0.12432432432432433,0.42243243243243245,False
USA30IDXUSD1440_comma,daily,20,200,long_short,slow_slope,0.005,-0.02190328282566223,-0.3423945476322311,-0.4030273005982157,-0.04259658718029393,-0.5142027630747644,53,0.2830188679245283,0.8074141831455605,-349.60364063460713,0.49966216216216214,0.37736486486486487,0.34121621621621623,0.3993243243243243,0.422347972972973,False
USA30IDXUSD1440_comma,daily,40,100,long_only,combined,0.0,-0.003640599288202151,-0.48886639306749924,-0.6031934038964031,-0.011993977257724046,-0.3035356170829512,108,0.32407407407407407,0.9452637555116414,-43.85436765590976,0.2689189189189189,0.5222972972972973,0.522972972972973,0.5297297297297298,0.42219594594594595,False
USA30IDXUSD1440_comma,daily,20,100,long_only,fast_slope,0.0,-0.0030299511325103667,-0.4896667921654075,-0.6098159126281063,-0.013693922809321671,-0.22126246618301593,149,0.3825503355704698,0.9557368582009313,-26.554428397445474,0.26756756756756755,0.5162162162162162,0.5273648648648649,0.5375,0.42217905405405404,False
USA30IDXUSD1440_comma,daily,75,300,long_short,combined,0.0025,-0.011077828531416478,-0.4131338765517508,-0.497890136790803,-0.025721424687883947,-0.4306848732463361,89,0.34831460674157305,0.8115947363640506,-212.1557677985275,0.38141891891891894,0.47331081081081083,0.4506756756756757,0.40405405405405403,0.42163851351351356,False
USA30IDXUSD1440_comma,daily,75,250,long_short,none,0.005,-0.019190851734771308,-0.3024369598694667,-0.3674004220731575,-0.030455218011144397,-0.6301334545610164,11,0.45454545454545453,0.5544930986375955,-3306.873269891584,0.5601351351351351,0.44425675675675674,0.37027027027027026,0.07702702702702703,0.4207263513513514,True
USA30IDXUSD1440_comma,daily,10,400,long_short,slow_slope,0.001,-0.017518503901676197,-0.31896190549754583,-0.367425566220172,-0.03574026447657406,-0.4901615631064704,47,0.19148936170212766,0.6511143995789181,-628.1971963907203,0.5317567567567567,0.4131756756756757,0.3831081081081081,0.18412162162162163,0.4202364864864865,False
USA30IDXUSD1440_comma,daily,5,200,long_short,price_slow,0.0,-0.024571382227992378,-0.3268210542794584,-0.38764028817081664,-0.04540567360644199,-0.5411522454433157,83,0.18072289156626506,0.7973092050123103,-241.2017810211326,0.5216216216216216,0.3601351351351351,0.31554054054054054,0.3885135135135135,0.4200675675675676,False
USA30IDXUSD1440_comma,daily,30,150,long_short,fast_slope,0.0025,-0.01678416595789678,-0.36716721478559633,-0.4377390173683582,-0.04847629383146138,-0.34623451240415914,133,0.39097744360902253,0.9093815235335477,-64.09945836803365,0.4597972972972973,0.3368243243243243,0.3885135135135135,0.49425675675675673,0.4199662162162162,False
USA30IDXUSD1440_comma,daily,10,150,long_short,none,0.0,-0.026189176231182998,-0.320221660109935,-0.3885249013950186,-0.04470967932352562,-0.5857607709881877,50,0.22,0.783518102500659,-442.8410933404588,0.5304054054054054,0.36317567567567566,0.2996621621621622,0.37601351351351353,0.41929054054054055,False
USA30IDXUSD1440_comma,daily,40,250,long_short,price_slow,0.0,-0.019643966718634887,-0.3453976115424048,-0.40390877281690657,-0.03930843224312238,-0.4997392568886261,58,0.1896551724137931,0.7476411994675065,-473.50927837299156,0.49527027027027026,0.3972972972972973,0.36452702702702705,0.32635135135135135,0.41929054054054055,False
USA30IDXUSD1440_comma,daily,5,200,long_short,none,0.005,-0.024490454391341343,-0.3247065702058066,-0.38475759787960356,-0.044431273201094905,-0.5511985731423477,55,0.18181818181818182,0.771741299524989,-412.80293868081964,0.5239864864864865,0.3652027027027027,0.3168918918918919,0.3638513513513513,0.4188513513513514,False
USA30IDXUSD1440_comma,daily,5,500,long_only,combined,0.005,-0.0013241477442519356,-0.5202488343040287,-0.6658580462514335,-0.005730055335454635,-0.2310881251109026,284,0.38028169014084506,0.9885463542661317,-6.152466527640844,0.23141891891891891,0.5361486486486486,0.5412162162162162,0.5587837837837838,0.41866554054054056,False
USA30IDXUSD1440_comma,daily,40,300,long_short,none,0.005,-0.01951062577346019,-0.2979432026131067,-0.3538540800317842,-0.03528417202264,-0.5529568827898597,13,0.23076923076923078,0.5787199065244103,-2793.3632610010923,0.5655405405405406,0.4158783783783784,0.3658783783783784,0.10135135135135136,0.4185641891891892,True
USA30IDXUSD1440_comma,daily,30,500,long_short,fast_slope,0.001,-0.011260503744325634,-0.4310853645729823,-0.507563378069252,-0.026734034238984544,-0.42120480746243516,118,0.3983050847457627,0.8723428594605901,-104.53521612909482,0.3567567567567568,0.4672297297297297,0.4483108108108108,0.4625,0.41854729729729734,False
USA30IDXUSD1440_comma,daily,75,300,long_short,price_slow,0.0,-0.015381430005974361,-0.3660343890345121,-0.44428806835597917,-0.02989084927431379,-0.5145865834997247,58,0.1896551724137931,0.7145506086891432,-542.1337302018123,0.4625,0.44763513513513514,0.4,0.27702702702702703,0.4184628378378379,False
USA30IDXUSD1440_comma,daily,60,500,long_short,price_slow,0.0025,-0.012285977342426535,-0.3472949270929652,-0.41513188860372413,-0.026498602978155875,-0.46364622891835017,43,0.11627906976744186,0.5915105656402366,-809.226361225135,0.49155405405405406,0.46824324324324323,0.43783783783783786,0.11317567567567567,0.41822635135135133,False
USA30IDXUSD1440_comma,daily,5,300,long_short,none,0.005,-0.023706473158352392,-0.31944940992213045,-0.37621115076147765,-0.04317812649016303,-0.5490389483145655,44,0.13636363636363635,0.7442253746417318,-543.8858742817633,0.5307432432432433,0.37195945945945946,0.3219594594594595,0.3216216216216216,0.41792229729729735,False
USA30IDXUSD1440_comma,daily,5,500,long_only,fast_slope,0.001,-0.002329905917995423,-0.5125827115714702,-0.6577056673605393,-0.009827381637498411,-0.23708308112358067,303,0.38613861386138615,0.9821116749998802,-10.084321323786765,0.23885135135135135,0.5273648648648649,0.5327702702702702,0.5554054054054054,0.4172466216216216,False
USA30IDXUSD1440_comma,daily,20,150,long_short,combined,0.0,-0.015585189559258472,-0.3828544740005836,-0.47491733301551287,-0.04630364181385604,-0.336586690565551,189,0.3544973544973545,0.9156585153007026,-55.01150783622832,0.43513513513513513,0.3527027027027027,0.39797297297297296,0.5023648648648649,0.4171790540540541,False
USA30IDXUSD1440_comma,daily,60,200,long_short,slow_slope,0.001,-0.018801837098008645,-0.3428206219378423,-0.4047527883478562,-0.036122215174893,-0.5205062039239773,50,0.34,0.7011416888972358,-713.4342659134454,0.49932432432432433,0.41216216216216217,0.37398648648648647,0.25844594594594594,0.41633445945945946,False
USA30IDXUSD1440_comma,daily,60,75,long_only,slow_slope,0.005,-0.0038407790573670164,-0.48273060558566744,-0.6024924212026924,-0.014978075382496113,-0.25642674103880403,47,0.5106382978723404,0.9024869890040572,-106.1825545785003,0.27533783783783783,0.5131756756756757,0.5212837837837838,0.48817567567567566,0.4159121621621622,False
USA30IDXUSD1440_comma,daily,20,150,long_short,none,0.0025,-0.023330644019553426,-0.31341411605914404,-0.38185461304625423,-0.05249817010276805,-0.4444087093680106,39,0.28205128205128205,0.7794599114506823,-515.4289799084199,0.5425675675675675,0.31114864864864866,0.3260135135135135,0.37027027027027026,0.4155574324324324,False
USA30IDXUSD1440_comma,daily,75,400,long_short,slow_slope,0.0025,-0.01313301742892814,-0.3476076673134633,-0.4138703299520755,-0.026579534296666617,-0.4941026160332378,39,0.2564102564102564,0.5898535549735153,-719.3468589351342,0.4905405405405405,0.46756756756756757,0.42736486486486486,0.11148648648648649,0.415304054054054,False
USA30IDXUSD1440_comma,daily,50,200,long_short,slow_slope,0.001,-0.021162260433964075,-0.346803102292838,-0.40215005805845894,-0.0386626267427316,-0.5473570271047993,50,0.28,0.7483287607151626,-568.0997707741352,0.4925675675675676,0.3989864864864865,0.3472972972972973,0.327027027027027,0.41528716216216216,False
USA30IDXUSD1440_comma,daily,100,400,long_short,fast_slope,0.0,-0.012045469229395755,-0.4123406646945118,-0.5188946825081804,-0.028565999450062378,-0.42167154873936863,90,0.3,0.8095362316864075,-193.15268497760633,0.3824324324324324,0.4560810810810811,0.43986486486486487,0.40168918918918917,0.41521959459459457,False
USA30IDXUSD1440_comma,daily,100,200,long_short,none,0.005,-0.02038988717042567,-0.31769272084004474,-0.38929999211078803,-0.03358411139691712,-0.6071289762425388,13,0.46153846153846156,0.6272528386685026,-2834.937564486531,0.5351351351351351,0.4266891891891892,0.35574324324324325,0.15405405405405406,0.4149831081081081,True
USA30IDXUSD1440_comma,daily,30,300,long_short,none,0.005,-0.019746172567868592,-0.30134904745443086,-0.3508314556155122,-0.03969898475755641,-0.49739741931586934,17,0.29411764705882354,0.6040611155623788,-2052.765047714838,0.5611486486486487,0.3949324324324324,0.3618243243243243,0.12837837837837837,0.4148141891891892,True
USA30IDXUSD1440_comma,daily,40,50,long_only,combined,0.0,-0.004916597587844351,-0.4811505549498024,-0.602718450343602,-0.019062990612729855,-0.2579132355319502,110,0.3090909090909091,0.9240476350102664,-57.69617323628947,0.27635135135135136,0.497972972972973,0.5131756756756757,0.5087837837837837,0.4139864864864865,False
USA30IDXUSD1440_comma,daily,20,50,long_only,fast_slope,0.0025,-0.004160785027279568,-0.49591544804275955,-0.6249082712454238,-0.016154334008874515,-0.2575646278573791,137,0.36496350364963503,0.9425150049529267,-39.3854881064644,0.2597972972972973,0.5091216216216217,0.5182432432432432,0.527027027027027,0.413902027027027,False
USA30IDXUSD1440_comma,daily,75,400,long_short,slow_slope,0.001,-0.013393947277014373,-0.34846290037940747,-0.4147387087035035,-0.026996485559910778,-0.49613670073056126,40,0.275,0.587404994390758,-703.3085272045,0.4891891891891892,0.46554054054054056,0.4246621621621622,0.10810810810810811,0.41320945945945947,False
USA30IDXUSD1440_comma,daily,10,200,long_short,price_slow,0.0,-0.024784337234433407,-0.3347159669229328,-0.3962488669435905,-0.04612565491470043,-0.5373221752681183,77,0.24675324675324675,0.795424121408236,-258.5647102309418,0.5087837837837837,0.3543918918918919,0.31385135135135134,0.38682432432432434,0.41290540540540543,False
USA30IDXUSD1440_comma,daily,5,250,long_short,price_slow,0.001,-0.024480564379942837,-0.32837098729652286,-0.3886086751552092,-0.04934506787760379,-0.49610965052606226,71,0.18309859154929578,0.8005384462153411,-285.0071828090698,0.5195945945945946,0.33175675675675675,0.31722972972972974,0.3912162162162162,0.4129054054054054,False
USA30IDXUSD1440_comma,daily,40,75,long_only,combined,0.0,-0.005143729283767051,-0.48537357275584264,-0.5972417565653417,-0.01761011761796779,-0.2920894337763451,100,0.31,0.9146844271667087,-66.30565609239359,0.2719594594594595,0.5037162162162162,0.5108108108108108,0.5003378378378378,0.41192567567567573,False
USA30IDXUSD1440_comma,daily,50,250,long_short,none,0.005,-0.02088766207268966,-0.30607466043192594,-0.36251853410102003,-0.03666618936415258,-0.5696709266742318,13,0.3076923076923077,0.5948461055019016,-2991.2125173524378,0.5547297297297298,0.4077702702702703,0.3510135135135135,0.11824324324324324,0.41177364864864874,True
USA30IDXUSD1440_comma,daily,10,400,long_short,price_slow,0.005,-0.02247953823222515,-0.33281092811141794,-0.38954226443545364,-0.04141878480541587,-0.5427377538436557,50,0.12,0.715314323126257,-528.1288685742602,0.5131756756756757,0.38513513513513514,0.3347972972972973,0.27905405405405403,0.4103716216216216,False
USA30IDXUSD1440_comma,daily,60,400,long_short,combined,0.005,-0.009475439612398273,-0.45212028835936824,-0.540354397658154,-0.02676844277211065,-0.35397799166227517,102,0.30392156862745096,0.8916443486548079,-103.62046657407483,0.3185810810810811,0.4668918918918919,0.47094594594594597,0.4800675675675676,0.41035472972972975,False
USA30IDXUSD1440_comma,daily,30,50,long_short,fast_slope,0.0025,-0.019523802714369154,-0.34330784162078837,-0.41360898878804014,-0.06217796265521623,-0.3139987526228678,145,0.36551724137931035,0.9063931557849436,-72.73237920084611,0.49898648648648647,0.2516891891891892,0.3655405405405405,0.4912162162162162,0.4093074324324325,False
USA30IDXUSD1440_comma,daily,40,150,long_only,combined,0.005,-0.004094076829627036,-0.507014892977379,-0.6284137139998918,-0.014203958101129038,-0.2882349272278977,95,0.3684210526315789,0.9394741616344637,-55.91020708322354,0.2445945945945946,0.5148648648648648,0.518581081081081,0.5239864864864865,0.4088682432432432,False
USA30IDXUSD1440_comma,daily,5,400,long_only,fast_slope,0.0,-0.002634167459770853,-0.527912526681991,-0.6720153783711457,-0.010976913942006835,-0.23997340907359488,302,0.39072847682119205,0.9793594724303483,-11.417664463137966,0.2195945945945946,0.5243243243243243,0.5310810810810811,0.5540540540540541,0.40824324324324324,False
USA30IDXUSD1440_comma,daily,100,500,long_short,fast_slope,0.0025,-0.011635526418479092,-0.43005028987197297,-0.536486815231832,-0.02680503662670143,-0.43407985523468895,80,0.2875,0.8017732366637121,-230.65176161044874,0.3584459459459459,0.46655405405405403,0.4449324324324324,0.3939189189189189,0.40809121621621625,False
USA30IDXUSD1440_comma,daily,100,150,long_only,combined,0.005,-0.006351531221971851,-0.4840223846091076,-0.5924531523275726,-0.018016011509794424,-0.35254924312847125,68,0.27941176470588236,0.8897265954268435,-121.29741584565896,0.2739864864864865,0.5023648648648649,0.5023648648648649,0.4780405405405405,0.40736486486486484,False
USA30IDXUSD1440_comma,daily,5,500,long_only,fast_slope,0.0025,-0.002976668729958498,-0.5264162355051812,-0.6767349820247545,-0.013097902551588596,-0.22726300781627584,302,0.3841059602649007,0.9765471038714588,-12.875168510576481,0.22297297297297297,0.5179054054054054,0.5280405405405405,0.552027027027027,0.4070777027027027,False
USA30IDXUSD1440_comma,daily,50,200,long_short,slow_slope,0.0,-0.022048983702012026,-0.351436577554181,-0.4077181294406216,-0.039919978766115194,-0.5523295448425339,50,0.28,0.7398209942039041,-591.9643295280378,0.4837837837837838,0.3939189189189189,0.33918918918918917,0.314527027027027,0.4070101351351351,False
USA30IDXUSD1440_comma,daily,60,500,long_short,fast_slope,0.0025,-0.01008490776942017,-0.4366924976450063,-0.5257221451539466,-0.03375920372508279,-0.29873061733168704,95,0.30526315789473685,0.8769057479913384,-121.05923277784383,0.3435810810810811,0.425,0.4631756756756757,0.46824324324324323,0.4065540540540541,False
USA30IDXUSD1440_comma,daily,5,250,long_short,price_slow,0.0025,-0.02507425850411693,-0.33283492233959,-0.3938737807539246,-0.05023681955353416,-0.4991211371849864,69,0.17391304347826086,0.7932019977566295,-301.2137265086608,0.5125,0.3253378378378378,0.3125,0.3847972972972973,0.40655405405405404,False
USA30IDXUSD1440_comma,daily,30,500,long_short,fast_slope,0.0025,-0.011913828854699826,-0.4392640226737914,-0.5171389016562903,-0.02840124521233549,-0.41948262358318367,117,0.38461538461538464,0.864032402152448,-112.16673607269385,0.3385135135135135,0.4564189189189189,0.44155405405405407,0.4557432432432432,0.40618243243243246,False
USA30IDXUSD1440_comma,daily,60,400,long_short,combined,0.001,-0.010042703511692452,-0.4536898474572818,-0.542451940849292,-0.02765745892550253,-0.3631101302091142,105,0.29523809523809524,0.8869299590367419,-105.530744918302,0.31655405405405407,0.46047297297297296,0.4648648648648649,0.47533783783783784,0.4060135135135135,False
USA30IDXUSD1440_comma,daily,75,500,long_short,fast_slope,0.0,-0.010931244370507076,-0.42222715983986037,-0.5042054177942875,-0.03188231975130931,-0.34286226522328767,81,0.30864197530864196,0.8007169057680598,-248.86671063182902,0.36824324324324326,0.43716216216216214,0.45304054054054055,0.3918918918918919,0.40597972972972973,False
USA30IDXUSD1440_comma,daily,75,300,long_short,fast_slope,0.0025,-0.013117622998294998,-0.4144086659431817,-0.49918614025721564,-0.03157368376775891,-0.41546064421187057,88,0.32954545454545453,0.7994035885416308,-244.0317861103441,0.38006756756756754,0.43851351351351353,0.4283783783783784,0.39054054054054055,0.4059121621621622,False
USA30IDXUSD1440_comma,daily,30,400,long_short,fast_slope,0.0025,-0.012947325485924255,-0.4318703637981199,-0.5081254545102272,-0.03144258156786168,-0.41177679568009995,121,0.4214876033057851,0.8612126047115393,-116.3371989222521,0.3547297297297297,0.439527027027027,0.4300675675675676,0.45304054054054055,0.4057432432432433,False
USA30IDXUSD1440_comma,daily,30,200,long_short,fast_slope,0.0025,-0.017441409521983364,-0.3927441735605436,-0.4541644826987166,-0.044296232238986016,-0.3937447642924543,128,0.390625,0.877425222564393,-101.05715083828707,0.4175675675675676,0.3655405405405405,0.3837837837837838,0.4689189189189189,0.40550675675675674,False
USA30IDXUSD1440_comma,daily,30,300,long_short,fast_slope,0.0025,-0.014187211691791934,-0.40692226301331147,-0.4709816710323351,-0.040640752126061476,-0.34908831528967144,124,0.4112903225806452,0.873167024433944,-103.54179390571596,0.3891891891891892,0.3891891891891892,0.4141891891891892,0.46385135135135136,0.4053885135135135,False
USA30IDXUSD1440_comma,daily,40,250,long_short,none,0.0,-0.02295237177507181,-0.30782128086511673,-0.3571158360035565,-0.04034233137127659,-0.5689401428945109,14,0.2857142857142857,0.6161007761593869,-2608.7972451063865,0.5506756756756757,0.39087837837837835,0.3293918918918919,0.14324324324324325,0.40535472972972975,True
USA30IDXUSD1440_comma,daily,75,500,long_short,price_slow,0.005,-0.013287680964430004,-0.36839674479572515,-0.4424466863670946,-0.025241886151568776,-0.5264139488088206,43,0.09302325581395349,0.5963034405383449,-850.8225241751061,0.4581081081081081,0.4760135135135135,0.42533783783783785,0.1195945945945946,0.4052533783783784,False
USA30IDXUSD1440_comma,daily,100,400,long_short,combined,0.0025,-0.01030408745082012,-0.4445538759229215,-0.5475902930475675,-0.02295675949284963,-0.4488476456805477,79,0.25316455696202533,0.8016832935421904,-222.8266711819567,0.3320945945945946,0.4847972972972973,0.46047297297297296,0.3935810810810811,0.40516891891891893,False
USA30IDXUSD1440_comma,daily,20,250,long_short,slow_slope,0.0025,-0.02201186618067097,-0.34644575905499025,-0.4040836728257794,-0.047866176956631507,-0.4598626332872692,66,0.22727272727272727,0.7717105692105163,-303.4727711808689,0.49358108108108106,0.33952702702702703,0.33952702702702703,0.3635135135135135,0.40474662162162167,False
USA30IDXUSD1440_comma,daily,30,400,long_short,fast_slope,0.001,-0.013415002559161393,-0.4324768066414661,-0.5095392102017279,-0.031363770278187306,-0.42772289301236155,123,0.4146341463414634,0.8604745021070312,-120.76325242838968,0.3527027027027027,0.4402027027027027,0.42364864864864865,0.4523648648648649,0.40371621621621623,False
USA30IDXUSD1440_comma,daily,5,300,long_short,price_slow,0.001,-0.025196736440804446,-0.3332081568832987,-0.3928929116119232,-0.04931217771576429,-0.5109637742230448,71,0.15492957746478872,0.7681704262963602,-340.7406833516946,0.5111486486486486,0.3320945945945946,0.31148648648648647,0.3587837837837838,0.403597972972973,False
USA30IDXUSD1440_comma,daily,20,150,long_short,slow_slope,0.001,-0.02370517690311591,-0.3435187111448659,-0.4126632983033925,-0.04994723404534316,-0.47460439714431124,76,0.25,0.7937151338374822,-267.97653072669686,0.4983108108108108,0.3273648648648649,0.3222972972972973,0.38547297297297295,0.40344594594594596,False
USA30IDXUSD1440_comma,daily,75,400,long_short,slow_slope,0.0,-0.014213315327585296,-0.35434748094525587,-0.42189019189634724,-0.028633347009505695,-0.496390286572742,42,0.2857142857142857,0.5788008351435888,-704.2353112256332,0.4783783783783784,0.45506756756756755,0.41385135135135137,0.10168918918918919,0.4031418918918919,False
USA30IDXUSD1440_comma,daily,60,100,long_only,combined,0.005,-0.004878426099460431,-0.49956472108513383,-0.6203247889878533,-0.019228789620248047,-0.25370427342568747,93,0.3333333333333333,0.9095312952249928,-67.72875563898349,0.2533783783783784,0.4972972972972973,0.514527027027027,0.4945945945945946,0.40277027027027024,False
USA30IDXUSD1440_comma,daily,30,100,long_only,fast_slope,0.005,-0.005325968228000133,-0.5010088842773167,-0.6126311764219359,-0.01832892420165783,-0.2905772411628177,102,0.4215686274509804,0.9150955282325502,-67.233783618438,0.25135135135135134,0.5006756756756757,0.5091216216216217,0.5010135135135135,0.4026858108108109,False
USA30IDXUSD1440_comma,daily,30,500,long_short,none,0.0,-0.020162729511538968,-0.29718332263051517,-0.3540140102905846,-0.03586840652337987,-0.5621306176062331,18,0.16666666666666666,0.37675719621826054,-2842.3508340853587,0.566554054054054,0.41283783783783784,0.35743243243243245,0.006418918918918919,0.4022804054054054,True
USA30IDXUSD1440_comma,daily,5,200,long_short,none,0.0025,-0.02655212940880114,-0.33287286263047755,-0.3962022967291375,-0.04633011223727546,-0.5731073836561591,55,0.18181818181818182,0.7513891742986624,-444.5061272272767,0.5121621621621621,0.35236486486486485,0.29662162162162165,0.3310810810810811,0.4019425675675676,False
USA30IDXUSD1440_comma,daily,40,250,long_short,price_slow,0.001,-0.020883780784432537,-0.35536041714943783,-0.41509461345408655,-0.042446779020908425,-0.4919991873622639,57,0.19298245614035087,0.7343564955686898,-505.43727574085324,0.4766891891891892,0.3787162162162162,0.35135135135135137,0.30743243243243246,0.4017398648648649,False
USA30IDXUSD1440_comma,daily,20,75,long_short,fast_slope,0.005,-0.018465136286226258,-0.3673984583545768,-0.4510818353105167,-0.05754302422748355,-0.32089269783994057,194,0.36082474226804123,0.8983150598810012,-60.62932224809707,0.4591216216216216,0.28040540540540543,0.37635135135135134,0.48412162162162165,0.40163851351351354,False
USA30IDXUSD1440_comma,daily,60,150,long_short,none,0.001,-0.025593467477204812,-0.32416558650211186,-0.37812929849155874,-0.047375957884376534,-0.5402205806512026,20,0.4,0.7271347596048909,-1413.613496618414,0.525,0.34324324324324323,0.30675675675675673,0.2956081081081081,0.4015033783783784,False
USA30IDXUSD1440_comma,daily,20,150,long_short,combined,0.005,-0.015640629110292514,-0.3940326718568409,-0.48589562824120114,-0.0506213037704672,-0.3089732572122601,179,0.36312849162011174,0.9098460965240961,-55.630177189100806,0.4158783783783784,0.32297297297297295,0.3969594594594595,0.49527027027027026,0.400777027027027,False
USA30IDXUSD1440_comma,daily,60,500,long_short,price_slow,0.0,-0.014091117288521637,-0.35425585219100847,-0.4212734652578704,-0.030280625486054223,-0.46535093190235843,46,0.10869565217391304,0.5700425352934718,-826.4227335265249,0.47871621621621624,0.44594594594594594,0.4155405405405405,0.09222972972972973,0.3999155405405405,False
USA30IDXUSD1440_comma,daily,75,250,long_short,fast_slope,0.0025,-0.01377445404055877,-0.41209258714981556,-0.4985831270592261,-0.0367184075351725,-0.37513756628372963,90,0.3333333333333333,0.8110272732922973,-225.77939086918212,0.3827702702702703,0.40743243243243243,0.41993243243243245,0.4027027027027027,0.3993581081081081,False
USA30IDXUSD1440_comma,daily,40,200,long_short,price_slow,0.0025,-0.021730747830171593,-0.3628757786339118,-0.42494279365932275,-0.04311579253420588,-0.5040090081362072,65,0.23076923076923078,0.7552821313565184,-392.9116292379162,0.46655405405405403,0.3733108108108108,0.34324324324324323,0.3375,0.39922297297297304,False
USA30IDXUSD1440_comma,daily,5,400,long_only,fast_slope,0.001,-0.003342533349229626,-0.5378995966911237,-0.6843385156971785,-0.013530051597676618,-0.24704512951034174,302,0.39072847682119205,0.9738452072314103,-14.425304709076045,0.20608108108108109,0.5172297297297297,0.5253378378378378,0.5493243243243243,0.3992060810810811,False
USA30IDXUSD1440_comma,daily,40,300,long_short,none,0.001,-0.022133472303101254,-0.3052262635710586,-0.3622771321220468,-0.038589033585972966,-0.5735689714485808,14,0.2857142857142857,0.5298087438719128,-2950.5652295804402,0.5557432432432432,0.4,0.3381756756756757,0.06047297297297297,0.39900337837837835,True
USA30IDXUSD1440_comma,daily,30,200,long_short,price_slow,0.0,-0.023669995663118337,-0.3541579440122402,-0.4094892932159702,-0.04497851916771648,-0.5262511105547373,71,0.2112676056338028,0.7588413378712627,-355.5483631469563,0.47905405405405405,0.3625,0.32297297297297295,0.34459459459459457,0.3985304054054054,False
USA30IDXUSD1440_comma,daily,20,50,long_short,fast_slope,0.001,-0.021085466468555913,-0.3636507152516639,-0.4488495435916787,-0.05788723367121669,-0.3642507187044983,221,0.37104072398190047,0.899205428448812,-65.44725170168641,0.46621621621621623,0.27804054054054056,0.34864864864864864,0.4847972972972973,0.39844594594594596,False
USA30IDXUSD1440_comma,daily,100,400,long_short,combined,0.005,-0.01068948719682028,-0.45062676777634514,-0.5543270802772877,-0.02372062943063046,-0.45064095908926183,79,0.26582278481012656,0.7976092437392378,-228.2166682611458,0.3212837837837838,0.4810810810810811,0.4564189189189189,0.3891891891891892,0.39844594594594596,False
USA30IDXUSD1440_comma,daily,30,75,long_only,combined,0.005,-0.0043552776349385924,-0.5197533737971183,-0.6421360520158027,-0.016413699055910315,-0.2653440653507245,91,0.34065934065934067,0.9133896724986978,-61.99254134132292,0.23175675675675675,0.5077702702702702,0.5172297297297297,0.49932432432432433,0.3979898648648648,False
USA30IDXUSD1440_comma,daily,30,300,long_short,combined,0.001,-0.014045753027158714,-0.4241617718572345,-0.489862201893178,-0.039673749390977044,-0.354031399672881,124,0.3951612903225806,0.8699556752105269,-109.59362608179386,0.3672297297297297,0.3952702702702703,0.41621621621621624,0.46013513513513515,0.39797297297297296,False
USA30IDXUSD1440_comma,daily,10,75,long_short,none,0.005,-0.02463823422897271,-0.3307249066154124,-0.3987903982983771,-0.062397277765458545,-0.39486072327680577,77,0.2987012987012987,0.847251552820284,-206.82462782270179,0.5158783783783784,0.25,0.31486486486486487,0.43885135135135134,0.39765202702702707,False
USA30IDXUSD1440_comma,daily,5,500,long_short,slow_slope,0.005,-0.01780957651488968,-0.33399631235583366,-0.3900535639873047,-0.0361749999986418,-0.49231724991177184,47,0.19148936170212766,0.5780311857131099,-686.8941275727248,0.5091216216216217,0.4114864864864865,0.3804054054054054,0.1,0.3976013513513514,False
USA30IDXUSD1440_comma,daily,30,250,long_short,price_slow,0.005,-0.021856738152370436,-0.36060486137072806,-0.42139408816103935,-0.047131127106909386,-0.46374316707495533,54,0.2037037037037037,0.774428389308435,-436.7922885087963,0.46925675675675677,0.34594594594594597,0.3422297297297297,0.3658783783783784,0.39751689189189193,False
USA30IDXUSD1440_comma,daily,100,400,long_short,fast_slope,0.001,-0.013546169059441948,-0.4270080277302144,-0.5377642679776814,-0.03086728651248379,-0.43885195590365267,90,0.3,0.7925425426315951,-210.75871084019192,0.3621621621621622,0.44222972972972974,0.4222972972972973,0.3841216216216216,0.3975,False
USA30IDXUSD1440_comma,daily,20,500,long_short,slow_slope,0.005,-0.016193772077755852,-0.3328177031671015,-0.39528378456964647,-0.03409570073377273,-0.47495055767296424,36,0.19444444444444445,0.5157159605310817,-922.3717518882362,0.5128378378378379,0.4233108108108108,0.39256756756756755,0.05337837837837838,0.39748310810810816,False
USA30IDXUSD1440_comma,daily,20,75,long_short,fast_slope,0.0025,-0.01921433080245638,-0.36803234458651546,-0.45052028688930923,-0.0587296664112923,-0.3271656724200621,205,0.3804878048780488,0.8955032597161086,-61.13419702154047,0.45844594594594595,0.27094594594594595,0.3695945945945946,0.48243243243243245,0.3973986486486487,False
USA30IDXUSD1440_comma,daily,30,150,long_short,slow_slope,0.0,-0.02405760512408517,-0.34961446117587947,-0.4158227197246795,-0.049411961862036266,-0.4868781610262045,78,0.28205128205128205,0.7760750780725817,-275.9748605681088,0.48783783783783785,0.3307432432432432,0.3206081081081081,0.36655405405405406,0.3969256756756757,False
USA30IDXUSD1440_comma,daily,60,400,long_short,combined,0.0,-0.010706692332546064,-0.4606340440279516,-0.5507065410384135,-0.029437709746014586,-0.36370670221706314,105,0.29523809523809524,0.8784648207939038,-113.59515714273772,0.3050675675675676,0.4516891891891892,0.4557432432432432,0.46959459459459457,0.39653716216216217,False
USA30IDXUSD1440_comma,daily,30,50,long_short,none,0.001,-0.025532507530401816,-0.32827516930138523,-0.39730744535616014,-0.06243582945333264,-0.4089399909307838,77,0.37662337662337664,0.8352158569815916,-261.87746579549065,0.5199324324324325,0.24966216216216217,0.30777027027027026,0.42702702702702705,0.3959966216216217,False
USA30IDXUSD1440_comma,daily,20,50,long_only,combined,0.0,-0.004668432111396781,-0.5262401210438707,-0.6616296340581296,-0.018281842582938287,-0.2553589491987882,144,0.3263888888888889,0.9341460692015057,-41.912364813226304,0.22398648648648647,0.5010135135135135,0.5155405405405405,0.518581081081081,0.3957432432432432,False
USA30IDXUSD1440_comma,daily,50,250,long_short,none,0.0025,-0.022617194131806295,-0.31197682778358554,-0.3694652225333523,-0.04064913650134823,-0.5564003587396288,13,0.3076923076923077,0.5699534934242875,-3032.1445300697737,0.5449324324324324,0.38885135135135135,0.33344594594594595,0.0918918918918919,0.39565878378378383,True
USA30IDXUSD1440_comma,daily,10,300,long_short,slow_slope,0.005,-0.022791496185603166,-0.3532442319341422,-0.413121129219736,-0.046966485991437316,-0.4852714803862139,53,0.22641509433962265,0.7491706381279679,-430.75991941900827,0.48074324324324325,0.34695945945945944,0.3307432432432432,0.32837837837837835,0.39444256756756757,False
USA30IDXUSD1440_comma,daily,20,200,long_only,fast_slope,0.005,-0.003842211276287366,-0.5415175702173711,-0.6737670138985085,-0.01308091665232427,-0.29372645498850924,152,0.35526315789473684,0.9452864095767504,-32.84471902437494,0.20202702702702702,0.5182432432432432,0.5209459459459459,0.5300675675675676,0.39407094594594594,False
USA30IDXUSD1440_comma,daily,20,300,long_short,slow_slope,0.0,-0.022712599136418654,-0.3368747971387134,-0.3913411475561106,-0.040324049469084744,-0.5632519410986174,50,0.24,0.6559977876159301,-606.0655883683057,0.5037162162162162,0.3912162162162162,0.3320945945945946,0.18885135135135134,0.39403716216216217,False
USA30IDXUSD1440_comma,daily,40,250,long_short,none,0.001,-0.02390027538357009,-0.31608971256873225,-0.36520464144990816,-0.04197086810604862,-0.5694491551421046,14,0.2857142857142857,0.6003576683262829,-2647.829432216566,0.5378378378378378,0.3820945945945946,0.3216216216216216,0.12533783783783783,0.39378378378378376,True
USA30IDXUSD1440_comma,daily,50,400,long_short,none,0.0025,-0.02237023018266815,-0.31693762110825113,-0.3821599187593749,-0.036002901217135966,-0.6213452090361207,15,0.26666666666666666,0.5226576737027123,-2818.4135874937524,0.5368243243243244,0.4125,0.33614864864864863,0.05675675675675676,0.393597972972973,True
USA30IDXUSD1440_comma,daily,60,75,long_only,fast_slope,0.005,-0.005198997820076823,-0.5090711267599329,-0.6412772937607897,-0.02151863033420934,-0.2416044952364692,57,0.42105263157894735,0.8947192072303766,-117.53593339958076,0.2418918918918919,0.48986486486486486,0.510472972972973,0.4817567567567568,0.3935810810810811,False
USA30IDXUSD1440_comma,daily,50,500,long_short,combined,0.005,-0.011302040061952123,-0.459168904778982,-0.5459768912406745,-0.029849666582888033,-0.3786320369967302,98,0.29591836734693877,0.8654624327461764,-134.7216717050642,0.3081081081081081,0.4483108108108108,0.44797297297297295,0.4570945945945946,0.3934797297297298,False
USA30IDXUSD1440_comma,daily,60,400,long_short,combined,0.0025,-0.010830935994681101,-0.46322533201031874,-0.5534906125974464,-0.030345260216306777,-0.35692348384809136,105,0.29523809523809524,0.8761997499306055,-116.11323323005965,0.30202702702702705,0.4452702702702703,0.4540540540540541,0.46756756756756757,0.3930743243243244,False
USA30IDXUSD1440_comma,daily,75,250,long_short,fast_slope,0.005,-0.014280981837476392,-0.4217237111768208,-0.5067748739413952,-0.034313236583406945,-0.416194543547732,90,0.3333333333333333,0.7867879072163942,-259.4917294926241,0.3689189189189189,0.4226351351351351,0.4131756756756757,0.38006756756756754,0.39287162162162165,False
USA30IDXUSD1440_comma,daily,60,300,long_short,none,0.001,-0.023571207194385768,-0.31323187133539043,-0.3724802830633593,-0.037254212535541904,-0.6327125334322383,11,0.45454545454545453,0.5338723427477352,-4063.214337283767,0.5429054054054054,0.4060810810810811,0.3233108108108108,0.06351351351351352,0.3928716216216216,True
USA30IDXUSD1440_comma,daily,100,300,long_short,slow_slope,0.005,-0.016191516989856547,-0.36929315609769037,-0.45306765192888887,-0.03356913333136828,-0.4823334826677391,47,0.23404255319148937,0.6350694778537683,-591.9128781416855,0.4560810810810811,0.42702702702702705,0.3929054054054054,0.16418918918918918,0.3923986486486487,False
USA30IDXUSD1440_comma,daily,40,50,long_only,slow_slope,0.005,-0.003552004449199342,-0.5346202917139614,-0.6755428047863781,-0.017632670379531232,-0.20144449891847704,55,0.5272727272727272,0.9278793551335174,-84.06399991643225,0.21081081081081082,0.5033783783783784,0.5243243243243243,0.5121621621621621,0.39185810810810806,False
USA30IDXUSD1440_comma,daily,60,400,long_short,slow_slope,0.001,-0.014850956906861779,-0.35942822877340375,-0.4250448802229144,-0.02943438351628112,-0.5045445201407812,41,0.21951219512195122,0.5291787580262579,-803.2661472635937,0.47094594594594597,0.452027027027027,0.4060810810810811,0.06013513513513514,0.3916216216216216,False
USA30IDXUSD1440_comma,daily,50,400,long_short,none,0.005,-0.021860434611779778,-0.3190585495106823,-0.38387725135333395,-0.03544762029435085,-0.6166968171700822,14,0.2857142857142857,0.5012786472829687,-2996.234923963029,0.5314189189189189,0.4155405405405405,0.3418918918918919,0.044256756756756756,0.3914695945945946,True
USA30IDXUSD1440_comma,daily,20,200,long_only,combined,0.0025,-0.0029052661883576247,-0.5604186432055364,-0.7016432972891938,-0.009930487902438116,-0.2925602666153321,145,0.36551724137931035,0.9575537474248519,-26.184077058925233,0.18243243243243243,0.5266891891891892,0.529054054054054,0.5388513513513513,0.39128378378378376,False
USA30IDXUSD1440_comma,daily,40,200,long_short,price_slow,0.0,-0.022631545149515375,-0.36631699895127245,-0.42948890190716155,-0.045469327699815563,-0.49773212612525997,68,0.25,0.7528851529575308,-375.7316456435467,0.4618243243243243,0.3587837837837838,0.3327702702702703,0.33378378378378376,0.3910472972972973,False
USA30IDXUSD1440_comma,daily,20,100,long_short,fast_slope,0.005,-0.019000696458813082,-0.3838446818094,-0.4718723414745997,-0.05664607630881811,-0.3354282890703101,188,0.3723404255319149,0.8811254365558834,-72.41674451779835,0.43344594594594593,0.2864864864864865,0.372972972972973,0.47297297297297297,0.39054054054054055,False
USA30IDXUSD1440_comma,daily,30,400,long_short,fast_slope,0.0,-0.014804249891424592,-0.44232283280667045,-0.5208352252810841,-0.03269491358671433,-0.4527997864915704,124,0.4112903225806452,0.8518593393943165,-129.17802020339954,0.33547297297297296,0.43074324324324326,0.40709459459459457,0.44425675675675674,0.3899324324324324,False
USA30IDXUSD1440_comma,daily,60,500,long_short,fast_slope,0.005,-0.011047332218998784,-0.45103747045656495,-0.5427337878029249,-0.03566619677328111,-0.30974236723986104,95,0.30526315789473685,0.862201034667099,-137.71592546550784,0.3199324324324324,0.41385135135135137,0.4510135135135135,0.45337837837837835,0.3896452702702703,False
USA30IDXUSD1440_comma,daily,60,100,long_only,combined,0.0025,-0.00652669368247738,-0.5069714335375936,-0.6256892394038832,-0.023348369313455623,-0.2795353112183324,95,0.29473684210526313,0.8740960478166635,-87.81676519759559,0.24527027027027026,0.4834459459459459,0.5013513513513513,0.46554054054054056,0.38907094594594593,False
USA30IDXUSD1440_comma,daily,20,50,long_short,fast_slope,0.0,-0.021693003079746975,-0.36477550043186474,-0.44953043700690964,-0.06300437922275987,-0.34430944876146863,223,0.3632286995515695,0.8900846187070939,-69.22716375857007,0.46452702702702703,0.2472972972972973,0.3439189189189189,0.47871621621621624,0.38822635135135136,False
USA30IDXUSD1440_comma,daily,30,300,long_short,none,0.0025,-0.022196179582789854,-0.31203864654304947,-0.3625452785414832,-0.044619723939855964,-0.49745219429659937,16,0.25,0.5577435891526444,-2358.2605959436114,0.5445945945945946,0.3635135135135135,0.33716216216216216,0.08006756756756757,0.38815878378378377,True
USA30IDXUSD1440_comma,daily,100,400,long_short,combined,0.0,-0.011860992531376735,-0.45778062783333695,-0.5619600696178442,-0.02586509155669596,-0.45857144968451347,79,0.25316455696202533,0.7844162153004032,-244.39078207800213,0.310472972972973,0.4722972972972973,0.44222972972972974,0.37736486486486487,0.38731418918918925,False
USA30IDXUSD1440_comma,daily,60,500,long_short,combined,0.0,-0.011310941196907343,-0.4581391486031746,-0.5449855174757218,-0.03363628050509231,-0.33627205585929576,99,0.30303030303030304,0.8576329846458536,-139.91191267142406,0.30945945945945946,0.42567567567567566,0.44763513513513514,0.4486486486486487,0.38702702702702707,False
USA30IDXUSD1440_comma,daily,5,500,long_short,none,0.0025,-0.02290727655968594,-0.3216761391971868,-0.37569970117952595,-0.043736970070460124,-0.5237508799256645,39,0.15384615384615385,0.5926487709663002,-873.0707466642632,0.5283783783783784,0.36925675675675673,0.33006756756756755,0.11486486486486487,0.38690878378378385,False
USA30IDXUSD1440_comma,daily,20,150,long_only,combined,0.001,-0.00405722532426156,-0.5584192794868997,-0.7052379498730043,-0.013538587538043729,-0.29967862695134684,144,0.3541666666666667,0.9397389232760459,-36.561436322022686,0.18513513513513513,0.5168918918918919,0.5192567567567568,0.5243243243243243,0.38577702702702704,False
USA30IDXUSD1440_comma,daily,60,500,long_short,combined,0.001,-0.011406874148141455,-0.46039158389200374,-0.5479714458244109,-0.033470907175245916,-0.3407996708430311,98,0.30612244897959184,0.856077454175596,-142.46830570954467,0.3054054054054054,0.42736486486486486,0.4469594594594595,0.4472972972972973,0.38548986486486486,False
USA30IDXUSD1440_comma,daily,20,150,long_short,slow_slope,0.0,-0.025570904229642255,-0.3550260262371978,-0.42629451623046755,-0.05336188032103503,-0.47919796071283327,80,0.25,0.7801474357077812,-276.6700194082101,0.47702702702702704,0.3047297297297297,0.30743243243243246,0.37195945945945946,0.38427364864864866,False
USA30IDXUSD1440_comma,daily,5,500,long_only,fast_slope,0.0,-0.00520093854981174,-0.5485895672722916,-0.7020789209676633,-0.02122145715664972,-0.24507923802876241,305,0.380327868852459,0.9607954972607814,-21.9736709496827,0.19527027027027027,0.4908783783783784,0.5101351351351351,0.5418918918918919,0.3841385135135136,False
USA30IDXUSD1440_comma,daily,60,500,long_short,price_slow,0.001,-0.015540539792878838,-0.3666028090091264,-0.4362588128776843,-0.03246965543594098,-0.4786173300649462,45,0.1111111111111111,0.5591298033899643,-873.5676990369831,0.46047297297297296,0.43243243243243246,0.3983108108108108,0.08074324324324324,0.38407094594594593,False
USA30IDXUSD1440_comma,daily,40,300,long_short,none,0.0,-0.023951257813885074,-0.314423636867731,-0.3730844735807539,-0.042157315618392185,-0.5681400122980254,14,0.21428571428571427,0.5150007640818203,-3037.7495671369793,0.5408783783783784,0.37972972972972974,0.3212837837837838,0.05304054054054054,0.3834966216216216,True
USA30IDXUSD1440_comma,daily,50,250,long_short,price_slow,0.0,-0.020947155122953642,-0.3722980208698037,-0.44097880656033944,-0.04296194578331961,-0.4875746370660562,58,0.1896551724137931,0.7023952326388802,-539.7026740675515,0.45,0.37601351351351353,0.35,0.26047297297297295,0.38307432432432437,False
USA30IDXUSD1440_comma,daily,20,500,long_short,slow_slope,0.0025,-0.019448011282636735,-0.34077583381758453,-0.39819640551883917,-0.03696738925937814,-0.5260856033457388,41,0.24390243902439024,0.5111501540821622,-931.3627656599207,0.5006756756756757,0.4064189189189189,0.3672297297297297,0.05101351351351351,0.382972972972973,False
USA30IDXUSD1440_comma,daily,5,200,long_short,price_slow,0.001,-0.028337402224061226,-0.352469482514308,-0.41768154521065426,-0.04995361548684528,-0.5672742993252122,82,0.17073170731707318,0.760835259908745,-288.912868169094,0.48243243243243245,0.327027027027027,0.2810810810810811,0.34628378378378377,0.3828885135135135,False
USA30IDXUSD1440_comma,daily,10,300,long_only,fast_slope,0.005,-0.002728110080453927,-0.5805959204378651,-0.7380979786696475,-0.012977335203902998,-0.21022113073209625,214,0.34579439252336447,0.9739969604981705,-16.67780561544246,0.16114864864864864,0.5192567567567568,0.5304054054054054,0.5496621621621621,0.3828040540540541,False
USA30IDXUSD1440_comma,daily,50,250,long_short,price_slow,0.0025,-0.020637160725028858,-0.3730384837578878,-0.4402529891088418,-0.04079276796720038,-0.5059024369619209,54,0.2037037037037037,0.6877831222906696,-618.303392613575,0.4486486486486487,0.3878378378378378,0.35405405405405405,0.23682432432432432,0.3827533783783784,False
USA30IDXUSD1440_comma,daily,10,400,long_short,slow_slope,0.0,-0.021934829473445494,-0.34786379265466033,-0.399618338950373,-0.04196114218011627,-0.5227414778008485,48,0.1875,0.6271515922596915,-688.1597949757974,0.48952702702702705,0.3824324324324324,0.34054054054054056,0.15371621621621623,0.38258445945945946,False
USA30IDXUSD1440_comma,daily,60,500,long_short,price_slow,0.005,-0.015153562373414142,-0.37350493038553656,-0.446123771715457,-0.031080812066433094,-0.4875536180015003,42,0.09523809523809523,0.5616986312565531,-894.3157859195903,0.4483108108108108,0.4412162162162162,0.40202702702702703,0.0831081081081081,0.38250000000000006,False
USA30IDXUSD1440_comma,daily,5,200,long_short,price_slow,0.005,-0.02773816766961168,-0.35320705175874406,-0.41689451311659564,-0.05016948670367341,-0.5528892060117627,72,0.19444444444444445,0.7563245235285896,-327.6050353177451,0.4810810810810811,0.3260135135135135,0.28614864864864864,0.3398648648648649,0.38214527027027034,False
USA30IDXUSD1440_comma,daily,30,100,long_short,fast_slope,0.001,-0.020703013568233453,-0.3742719232660346,-0.4488760658022964,-0.062373754141113874,-0.3319186708145725,142,0.4014084507042254,0.8771165206090323,-94.42636130922737,0.4469594594594595,0.25033783783783786,0.35236486486486485,0.4685810810810811,0.3821283783783783,False
USA30IDXUSD1440_comma,daily,5,50,long_only,fast_slope,0.0,-0.004062836055489072,-0.5653845524196646,-0.7283075405290779,-0.017570918768896108,-0.23122502066773365,290,0.3689655172413793,0.9645694468697465,-18.179126349271282,0.1766891891891892,0.504054054054054,0.518918918918919,0.5429054054054054,0.3819087837837838,False
USA30IDXUSD1440_comma,daily,20,150,long_short,slow_slope,0.005,-0.024781495364018635,-0.3619906501847216,-0.4317550057759554,-0.052580270519694064,-0.4713078711669364,71,0.29577464788732394,0.7657874036839555,-314.2053710408187,0.46756756756756757,0.310472972972973,0.3141891891891892,0.3533783783783784,0.3804898648648649,False
USA30IDXUSD1440_comma,daily,20,150,long_only,fast_slope,0.0025,-0.0054933107575414475,-0.5460067940613775,-0.6821458527098554,-0.02013919796157418,-0.27276710661580206,151,0.36423841059602646,0.9214922050466087,-46.7953467545162,0.1972972972972973,0.49358108108108106,0.5074324324324324,0.5074324324324324,0.37991554054054055,False
USA30IDXUSD1440_comma,daily,5,400,long_short,price_slow,0.0,-0.026927544415201843,-0.34909341739469973,-0.4067257655950867,-0.04634956334867063,-0.5809665176915666,57,0.12280701754385964,0.6969431846627719,-503.0170974953854,0.4885135135135135,0.3516891891891892,0.2922297297297297,0.2527027027027027,0.379679054054054,False
USA30IDXUSD1440_comma,daily,60,150,long_short,none,0.0,-0.028123362059668144,-0.33740078928370815,-0.39483706552553366,-0.05125568280215302,-0.5486876873384819,20,0.35,0.7135432482682573,-1500.173743844322,0.5033783783783784,0.3195945945945946,0.28378378378378377,0.2760135135135135,0.37940878378378373,False
USA30IDXUSD1440_comma,daily,75,200,long_short,slow_slope,0.005,-0.022707445535780524,-0.39828972847839733,-0.4862574255815034,-0.039621459441228975,-0.5731097707156086,50,0.26,0.7582949998330947,-540.7570392051707,0.4060810810810811,0.39594594594594595,0.3324324324324324,0.34324324324324323,0.3793918918918919,False
USA30IDXUSD1440_comma,daily,50,500,long_short,combined,0.0025,-0.012430872298985318,-0.46815849409781746,-0.5572060716095419,-0.03313941447619753,-0.3751083866588477,98,0.2857142857142857,0.8523457967076489,-148.089986176144,0.29493243243243245,0.42905405405405406,0.43648648648648647,0.4452702702702703,0.3793243243243244,False
USA30IDXUSD1440_comma,daily,10,200,long_short,price_slow,0.001,-0.0283105194297556,-0.35904078481053653,-0.42465730056587825,-0.05001948347251777,-0.5659898396453906,76,0.2236842105263158,0.764916843008216,-309.37808260343326,0.47162162162162163,0.32635135135135135,0.28175675675675677,0.35135135135135137,0.37929054054054057,False
USA30IDXUSD1440_comma,daily,20,150,long_only,combined,0.0,-0.004638221275619636,-0.5653422182228997,-0.7132954071837039,-0.015717282840635026,-0.29510325179286767,145,0.35172413793103446,0.9322744755343102,-41.36159336264485,0.17736486486486486,0.510472972972973,0.5158783783783784,0.5168918918918919,0.37927364864864865,False
USA30IDXUSD1440_comma,daily,75,200,long_short,slow_slope,0.001,-0.0211738628989393,-0.3723455228257637,-0.44859808324600586,-0.0379592766701071,-0.5578046990451138,48,0.2916666666666667,0.6596122800819415,-811.366638965193,0.44966216216216215,0.40337837837837837,0.34695945945945944,0.19358108108108107,0.3791385135135135,False
USA30IDXUSD1440_comma,daily,75,200,long_short,none,0.001,-0.025235536867814212,-0.3239394551504894,-0.39524938542537535,-0.04086859349965108,-0.617479945034802,13,0.3076923076923077,0.5319704469921451,-3269.5626087384903,0.5263513513513514,0.38716216216216215,0.310472972972973,0.062162162162162166,0.37875000000000003,True
USA30IDXUSD1440_comma,daily,20,500,long_short,slow_slope,0.0,-0.020617350638513,-0.3450104218287687,-0.40497309122138886,-0.038262596504222375,-0.5388382525539746,44,0.20454545454545456,0.5266450068893578,-905.6378705401095,0.4956081081081081,0.40168918918918917,0.3543918918918919,0.05912162162162162,0.3784121621621622,False
USA30IDXUSD1440_comma,daily,40,100,long_only,combined,0.001,-0.007110933721178436,-0.5340459295080638,-0.6583635042598481,-0.022811890596409007,-0.3117204902910512,108,0.3425925925925926,0.897555621756484,-83.86190130585572,0.21114864864864866,0.4851351351351351,0.49763513513513513,0.4834459459459459,0.3777871621621622,False
USA30IDXUSD1440_comma,daily,5,400,long_only,fast_slope,0.0025,-0.005122657362837568,-0.5634686474740301,-0.7158763636984737,-0.020908229946959588,-0.24500674499146158,301,0.38205980066445183,0.9601902683276876,-21.941038502496365,0.1783783783783784,0.4918918918918919,0.5111486486486486,0.5415540540540541,0.3777871621621622,False
USA30IDXUSD1440_comma,daily,10,200,long_short,price_slow,0.005,-0.02746386939902179,-0.3610919575052728,-0.42949868919996415,-0.05168128356610121,-0.5314084230105286,74,0.20270270270270271,0.7660445060277241,-309.35689726590067,0.46824324324324323,0.31722972972972974,0.2885135135135135,0.3543918918918919,0.37746621621621623,False
USA30IDXUSD1440_comma,daily,10,50,long_only,fast_slope,0.001,-0.004499487191726437,-0.5671557893287779,-0.7205712433279914,-0.019620271398027328,-0.22932848891064916,202,0.36633663366336633,0.953946660332769,-28.826620970020404,0.17432432432432432,0.4956081081081081,0.5165540540540541,0.5364864864864864,0.37741554054054055,False
USA30IDXUSD1440_comma,daily,60,150,long_only,fast_slope,0.005,-0.008997660478262892,-0.5026705700171743,-0.6168199023233741,-0.027676160960780655,-0.3251050783746091,98,0.2857142857142857,0.8577131715760135,-115.60634414299625,0.24932432432432433,0.46013513513513515,0.4760135135135135,0.4489864864864865,0.3773141891891892,False
USA30IDXUSD1440_comma,daily,30,100,long_only,combined,0.0025,-0.005777130289876475,-0.5412178984185768,-0.6629078007203624,-0.023558272480811118,-0.24522724637734417,114,0.38596491228070173,0.9104846415672376,-65.07294518725877,0.20270270270270271,0.4831081081081081,0.5050675675675675,0.4962837837837838,0.3773141891891892,False
USA30IDXUSD1440_comma,daily,100,300,long_short,slow_slope,0.0025,-0.01767201299592025,-0.37952402295284055,-0.4665740437405753,-0.03612860021039222,-0.4891419233794997,47,0.23404255319148937,0.6214389706722471,-628.7645926741775,0.43986486486486487,0.4118243243243243,0.38175675675675674,0.14662162162162162,0.37724662162162165,False
USA30IDXUSD1440_comma,daily,10,50,long_only,fast_slope,0.0,-0.004777006846455767,-0.5666542157516196,-0.7187195528311672,-0.021262806569643935,-0.22466492515036607,205,0.36097560975609755,0.9518287247864304,-30.10561125661128,0.17567567567567569,0.4905405405405405,0.5152027027027027,0.5347972972972973,0.3761655405405406,False
USA30IDXUSD1440_comma,daily,5,300,long_short,price_slow,0.0025,-0.027697404011701954,-0.350973327368822,-0.41323998428645076,-0.052419349785371175,-0.5283812966987917,68,0.14705882352941177,0.7392305428515081,-393.01039532903195,0.48445945945945945,0.31148648648648647,0.2868243243243243,0.31351351351351353,0.37604729729729736,False
USA30IDXUSD1440_comma,daily,40,150,long_short,none,0.005,-0.024435750752882512,-0.34776652895597077,-0.4152331319064752,-0.05435644202691407,-0.44954654575778497,28,0.35714285714285715,0.7147563341814775,-888.3260716668252,0.48986486486486486,0.2989864864864865,0.3179054054054054,0.2777027027027027,0.375929054054054,False
USA30IDXUSD1440_comma,daily,30,300,long_short,fast_slope,0.005,-0.016424548522893656,-0.4326649447074955,-0.5008308890687214,-0.04425356102442398,-0.37114636975381,124,0.4112903225806452,0.8446867053235706,-127.50304974127552,0.3516891891891892,0.3658783783783784,0.3912162162162162,0.43648648648648647,0.37586148648648643,False
USA30IDXUSD1440_comma,daily,75,150,long_short,none,0.0,-0.029634467986720536,-0.34712236162386245,-0.40437295609669055,-0.04583483523150947,-0.6465490240564478,20,0.4,0.6903947055493659,-1880.0139053793234,0.4918918918918919,0.35574324324324325,0.26756756756756755,0.24222972972972973,0.37554054054054054,False
USA30IDXUSD1440_comma,daily,40,50,long_only,fast_slope,0.005,-0.003961596615888574,-0.5620641602407919,-0.7174212751011524,-0.02096709409570551,-0.18894352254087465,55,0.5272727272727272,0.9202337098863167,-93.52295829491302,0.1810810810810811,0.49155405405405406,0.5202702702702703,0.5064189189189189,0.3753378378378378,False
USA30IDXUSD1440_comma,daily,30,200,long_short,combined,0.0,-0.019251799901551014,-0.42861162123983,-0.4905446054186674,-0.04523385415351993,-0.42560600377345714,136,0.4117647058823529,0.852245415069943,-118.95145210118686,0.3597972972972973,0.36114864864864865,0.36858108108108106,0.4445945945945946,0.3746114864864865,False
USA30IDXUSD1440_comma,daily,40,500,long_short,slow_slope,0.0,-0.01896246206910923,-0.35004797843668173,-0.41263650306916366,-0.035081742365743254,-0.540522242921029,40,0.125,0.37643282371033765,-1382.959383525645,0.4864864864864865,0.4175675675675676,0.3733108108108108,0.006081081081081081,0.37456081081081083,False
USA30IDXUSD1440_comma,daily,30,200,long_short,combined,0.001,-0.019001224707006936,-0.42856464983223935,-0.49080666256573624,-0.04557945297273776,-0.4168813679789456,133,0.40601503759398494,0.8495615146328295,-120.54800212412282,0.3601351351351351,0.3581081081081081,0.37263513513513513,0.4412162162162162,0.37429054054054056,False
USA30IDXUSD1440_comma,daily,20,100,long_short,price_slow,0.0,-0.025979770800647395,-0.35643861354991935,-0.4283902457197679,-0.06429685943956988,-0.40405971655683703,116,0.28448275862068967,0.8305369135398087,-154.1143913894829,0.4760135135135135,0.23986486486486486,0.30202702702702705,0.42195945945945945,0.3740709459459459,False
USA30IDXUSD1440_comma,daily,100,400,long_short,combined,0.001,-0.01288550586607895,-0.4682077104349732,-0.5746331982194707,-0.027651772643035415,-0.46599203719854076,79,0.25316455696202533,0.7734986494112711,-258.34947982646645,0.2942567567567568,0.4608108108108108,0.43108108108108106,0.36486486486486486,0.3738513513513514,False
USA30IDXUSD1440_comma,daily,60,500,long_short,fast_slope,0.0,-0.013454787922049238,-0.4564992287506831,-0.5452375825453035,-0.03941132742719143,-0.3413939291160807,104,0.3173076923076923,0.8368544126616588,-158.0029076904649,0.31182432432432433,0.3969594594594595,0.4233108108108108,0.42905405405405406,0.37298986486486485,False
USA30IDXUSD1440_comma,daily,60,400,long_short,price_slow,0.0025,-0.01916504828163168,-0.3951795987219829,-0.4766860325511744,-0.03405259747366738,-0.5628072365537422,50,0.16,0.6488869949792262,-702.9658000544814,0.41283783783783784,0.4239864864864865,0.3706081081081081,0.18006756756756756,0.3722635135135135,False
USA30IDXUSD1440_comma,daily,50,400,long_short,price_slow,0.005,-0.019664720915998024,-0.39247035491038057,-0.46806726439973034,-0.03448244796356361,-0.570282044267189,47,0.1702127659574468,0.6476959542915156,-763.1025694310232,0.4179054054054054,0.4206081081081081,0.3638513513513513,0.17905405405405406,0.3719425675675676,False
USA30IDXUSD1440_comma,daily,60,400,long_short,slow_slope,0.0025,-0.016350619885925677,-0.37372048342034786,-0.44217950218658436,-0.032683813407901656,-0.5002665901272323,40,0.25,0.4990705122068362,-852.7983880124699,0.44797297297297295,0.4314189189189189,0.3915540540540541,0.042905405405405404,0.3717905405405405,False
USA30IDXUSD1440_comma,daily,30,150,long_short,none,0.005,-0.026842538829807694,-0.3438872564091031,-0.4092829849326565,-0.05881206760250276,-0.45641209234863567,31,0.3548387096774194,0.7344517310214128,-727.6661871221467,0.49695945945945946,0.2702702702702703,0.29324324324324325,0.30777027027027026,0.3711655405405406,False
USA30IDXUSD1440_comma,daily,30,150,long_short,fast_slope,0.005,-0.020111825657110116,-0.3987532252062085,-0.47334735489806334,-0.05811181140243479,-0.34608843145212065,128,0.390625,0.8631292887865605,-99.51807235828795,0.4043918918918919,0.27635135135135136,0.35912162162162165,0.4543918918918919,0.3708277027027027,False
USA30IDXUSD1440_comma,daily,50,400,long_short,combined,0.005,-0.013062721830001345,-0.4827660013744992,-0.5733116496559273,-0.03264019234119224,-0.40020358009704693,102,0.29411764705882354,0.8526492388601004,-139.9254240264318,0.275,0.4320945945945946,0.4293918918918919,0.44594594594594594,0.37079391891891894,False
USA30IDXUSD1440_comma,daily,50,500,long_short,fast_slope,0.005,-0.014342775659107243,-0.4680039621393712,-0.558325189524508,-0.03449162923830862,-0.41583352180932165,100,0.32,0.8389051887771591,-170.48884399782895,0.29527027027027025,0.42027027027027025,0.41216216216216217,0.43074324324324326,0.37021959459459464,False
USA30IDXUSD1440_comma,daily,75,500,long_short,price_slow,0.001,-0.016466090587525017,-0.3879655731380352,-0.4676696228492588,-0.03268818535531505,-0.5037321713806195,45,0.08888888888888889,0.563363627072624,-855.9110933238969,0.42736486486486486,0.43108108108108106,0.39054054054054055,0.08479729729729729,0.3695439189189189,False
USA30IDXUSD1440_comma,daily,50,200,long_short,price_slow,0.005,-0.02316425250634091,-0.3872819261666208,-0.4492896270650154,-0.04735270599354025,-0.48918540176987824,65,0.27692307692307694,0.7346326868998654,-463.5796858047983,0.4287162162162162,0.3439189189189189,0.3277027027027027,0.30844594594594593,0.36927364864864864,False
USA30IDXUSD1440_comma,daily,50,150,long_short,none,0.005,-0.02681821510505955,-0.34773820711494263,-0.4061508304005293,-0.05682067590974346,-0.47197986781534984,25,0.4,0.7209249097391003,-1212.5552159220865,0.4902027027027027,0.2847972972972973,0.2935810810810811,0.2875,0.36912162162162165,False
USA30IDXUSD1440_comma,daily,10,200,long_short,price_slow,0.0025,-0.029245601740436555,-0.3661885416268802,-0.43286683019603284,-0.05174081070943637,-0.5652327696346438,77,0.19480519480519481,0.75441710235254,-320.8032436959842,0.46216216216216216,0.31655405405405407,0.2722972972972973,0.3358108108108108,0.3688344594594595,False
USA30IDXUSD1440_comma,daily,60,300,long_short,none,0.0,-0.026540485102525935,-0.3317059188217927,-0.3946375978643454,-0.041487209673976636,-0.639726925746317,10,0.3,0.5073478321083066,-4708.932474584841,0.514527027027027,0.3844594594594595,0.29695945945945945,0.04864864864864865,0.3686148648648649,True
USA30IDXUSD1440_comma,daily,60,200,long_short,slow_slope,0.0,-0.024269879451371046,-0.372291982259485,-0.4306616217445373,-0.043121571127507405,-0.5628245635950218,51,0.29411764705882354,0.6698057972700963,-805.5080938185423,0.4503378378378378,0.372972972972973,0.3195945945945946,0.20777027027027026,0.36846283783783784,False
USA30IDXUSD1440_comma,daily,60,200,long_only,combined,0.0,-0.00839505897165449,-0.5237289844575159,-0.6403741237839691,-0.03160889940587288,-0.2655916254425076,115,0.25217391304347825,0.8793466306726032,-92.25593592296615,0.22804054054054054,0.43817567567567567,0.4837837837837838,0.47128378378378377,0.3682094594594595,False
USA30IDXUSD1440_comma,daily,30,250,long_short,slow_slope,0.0025,-0.022949728406444048,-0.37656273796284245,-0.43554545324494476,-0.05140289672123354,-0.4464676092264652,61,0.2459016393442623,0.728191428583854,-402.39430286603886,0.4435810810810811,0.31891891891891894,0.32972972972972975,0.2972972972972973,0.3677027027027027,False
USA30IDXUSD1440_comma,daily,60,200,long_short,slow_slope,0.0025,-0.023287824330873952,-0.3777346565244858,-0.44419796303283365,-0.042921081497961464,-0.5425731020309916,48,0.3125,0.6706881288709269,-835.4023001844489,0.44155405405405407,0.37635135135135134,0.3266891891891892,0.20844594594594595,0.36731418918918923,False
USA30IDXUSD1440_comma,daily,50,100,long_only,combined,0.0,-0.00903361352357579,-0.5265169392844856,-0.6445401752742992,-0.029595328033933624,-0.30523782379495723,114,0.2894736842105263,0.8779732193239169,-99.75621462543373,0.2222972972972973,0.4506756756756757,0.47533783783783784,0.46925675675675677,0.3670439189189189,False
USA30IDXUSD1440_comma,daily,40,100,long_only,combined,0.0025,-0.007895211902404387,-0.5472973206764761,-0.6746337845649453,-0.025134739851249414,-0.31411552095343953,102,0.3431372549019608,0.8894591713602135,-98.1187878489206,0.19628378378378378,0.47635135135135137,0.4885135135135135,0.47702702702702704,0.36685810810810815,False
USA30IDXUSD1440_comma,daily,20,200,long_only,combined,0.005,-0.005033288175032791,-0.5941707148798192,-0.7412246661837792,-0.016283759524046683,-0.3090986554794053,144,0.3611111111111111,0.9277303990935739,-45.08735327503042,0.1516891891891892,0.5084459459459459,0.5114864864864865,0.5118243243243243,0.36685810810810815,False
USA30IDXUSD1440_comma,daily,50,150,long_short,none,0.0,-0.029363449592995194,-0.34388386559542594,-0.4004819441733003,-0.05357017481163006,-0.54813055391823,20,0.4,0.6963991278390435,-1557.4364135238689,0.4972972972972973,0.3037162162162162,0.2706081081081081,0.2516891891891892,0.366722972972973,False
USA30IDXUSD1440_comma,daily,75,250,long_short,combined,0.0025,-0.015021742077123701,-0.44828975717408376,-0.5396288405213354,-0.038629885096242156,-0.38886323476496665,96,0.3229166666666667,0.77878835834032,-219.4819968376489,0.3256756756756757,0.39966216216216216,0.40371621621621623,0.3695945945945946,0.3663682432432432,False
USA30IDXUSD1440_comma,daily,75,400,long_short,slow_slope,0.005,-0.017313356848979944,-0.3850795934903619,-0.4583436315704392,-0.03359363678605416,-0.5153760802750387,38,0.21052631578947367,0.5357520696107568,-825.8600999184717,0.43108108108108106,0.4263513513513513,0.38547297297297295,0.06587837837837837,0.3659966216216216,False
USA30IDXUSD1440_comma,daily,100,200,long_short,price_slow,0.0,-0.019817387290845034,-0.4197806469993873,-0.5128718244235313,-0.03623561683829517,-0.5469035446335019,66,0.24242424242424243,0.7148547993935813,-465.4106992944159,0.372972972972973,0.41081081081081083,0.3614864864864865,0.27837837837837837,0.3659459459459459,False
USA30IDXUSD1440_comma,daily,60,300,long_short,none,0.0025,-0.026770989304025106,-0.33591196340761925,-0.3991088280392284,-0.041480651693306184,-0.6453849737453665,11,0.45454545454545453,0.5134644765320409,-4255.853940366557,0.5064189189189189,0.3847972972972973,0.2942567567567568,0.052702702702702706,0.3655236486486486,True
USA30IDXUSD1440_comma,daily,30,150,long_short,slow_slope,0.005,-0.025757295051774487,-0.3687199370916917,-0.4366043453416074,-0.055868642259014535,-0.4610331307562515,65,0.3384615384615385,0.7477895589130169,-342.56504027587107,0.4574324324324324,0.28986486486486485,0.3037162162162162,0.3266891891891892,0.3651858108108108,False
USA30IDXUSD1440_comma,daily,20,500,long_short,slow_slope,0.001,-0.02195111992345833,-0.3549724030193399,-0.4166145033872737,-0.04054248398093963,-0.541435002694415,43,0.20930232558139536,0.5235383596582325,-934.80327880776,0.47736486486486485,0.389527027027027,0.3402027027027027,0.05777027027027027,0.36503378378378376,False
USA30IDXUSD1440_comma,daily,40,300,long_short,price_slow,0.001,-0.022424647300472222,-0.38305158604925454,-0.45479281662541887,-0.044061225976307614,-0.5089428812654985,56,0.16071428571428573,0.6763326070520346,-636.5595722169194,0.4337837837837838,0.3675675675675676,0.33547297297297296,0.21587837837837837,0.36488175675675677,False
USA30IDXUSD1440_comma,daily,20,75,long_short,fast_slope,0.001,-0.022578177380509268,-0.38955693557491045,-0.47628833736519555,-0.06454768429299676,-0.3497906644957507,211,0.3886255924170616,0.8673692063676243,-77.31453102766497,0.4246621621621622,0.23716216216216215,0.3344594594594595,0.4581081081081081,0.3647635135135135,False
USA30IDXUSD1440_comma,daily,5,50,long_short,none,0.0025,-0.030755046196411784,-0.36195757987105914,-0.4439832860394587,-0.0622476411952151,-0.4940756887471567,118,0.3135593220338983,0.8270922122131776,-183.3831414718607,0.46790540540540543,0.25135135135135134,0.2597972972972973,0.4185810810810811,0.36474662162162164,False
USA30IDXUSD1440_comma,daily,75,300,long_short,combined,0.001,-0.01562602174572525,-0.4509708789396456,-0.5381743510215341,-0.03453465012315081,-0.45247372392662855,89,0.34831460674157305,0.7598735323479834,-277.2496991962544,0.3206081081081081,0.41993243243243245,0.3972972972972973,0.3452702702702703,0.36447635135135137,False
USA30IDXUSD1440_comma,daily,75,200,long_short,none,0.0,-0.026757959219995353,-0.3316700908607107,-0.40460213210649304,-0.043096789725263464,-0.6208805665241873,14,0.42857142857142855,0.4924621743188766,-3141.5051097880287,0.5148648648648648,0.37398648648648647,0.2945945945945946,0.04054054054054054,0.3644425675675676,True
USA30IDXUSD1440_comma,daily,30,500,long_short,none,0.005,-0.024422345112981136,-0.3349255031297605,-0.39870952882905103,-0.044107815486591435,-0.5536965465996704,15,0.2,0.48940801057326094,-2840.451611385498,0.5077702702702702,0.3668918918918919,0.31824324324324327,0.038513513513513516,0.3642567567567568,True
USA30IDXUSD1440_comma,daily,60,400,long_short,slow_slope,0.0,-0.017489467686561344,-0.38004184498489435,-0.4493961076669398,-0.0343687757206514,-0.5088766567862448,42,0.21428571428571427,0.499997186007077,-841.5403246575895,0.43851351351351353,0.42195945945945945,0.38344594594594594,0.04358108108108108,0.36412162162162165,False
USA30IDXUSD1440_comma,daily,40,300,long_short,price_slow,0.0,-0.022597906512645594,-0.38185886643229494,-0.452901418226378,-0.0449963619143983,-0.5022163026343366,59,0.1694915254237288,0.6758504099875878,-606.6393058762583,0.43614864864864866,0.3621621621621622,0.33378378378378376,0.21486486486486486,0.36398648648648646,False
USA30IDXUSD1440_comma,daily,40,50,long_only,price_slow,0.001,-0.008373564971094538,-0.5291437216969604,-0.6599989629205409,-0.030369544542560564,-0.27572244158484616,102,0.39215686274509803,0.8682393348132931,-103.76129398583208,0.2168918918918919,0.4449324324324324,0.48412162162162165,0.45878378378378376,0.3636317567567568,False
USA30IDXUSD1440_comma,daily,30,200,long_short,price_slow,0.001,-0.026460556111120748,-0.3755416898313883,-0.4341019341185895,-0.050193512443052396,-0.5271708398797925,70,0.22857142857142856,0.7231079142373915,-416.36471793263485,0.4452702702702703,0.3256756756756757,0.2976351351351351,0.28986486486486485,0.3625337837837838,False
USA30IDXUSD1440_comma,daily,5,50,long_only,fast_slope,0.001,-0.0056991848152952995,-0.5905809668543082,-0.7600372542084216,-0.02430909673777904,-0.23444658914200345,289,0.36678200692041524,0.9495704552950549,-25.3346333610196,0.15371621621621623,0.4780405405405405,0.5057432432432433,0.5341216216216216,0.3622635135135135,False
USA30IDXUSD1440_comma,daily,5,300,long_only,combined,0.0,-0.005353874169992556,-0.6080768116785613,-0.7744917977268618,-0.019289301169172397,-0.27755666848879745,292,0.3767123287671233,0.9570516675901508,-23.604807440475565,0.13851351351351351,0.49695945945945946,0.5087837837837837,0.5381756756756757,0.3621283783783784,False
USA30IDXUSD1440_comma,daily,50,400,long_short,price_slow,0.0025,-0.020744763058559212,-0.39559243724393556,-0.47300771084067894,-0.03648210278626533,-0.5686284910739612,48,0.14583333333333334,0.6347072229946983,-756.0842704478841,0.4118243243243243,0.40945945945945944,0.3516891891891892,0.16283783783783784,0.36185810810810815,False
USA30IDXUSD1440_comma,daily,20,50,long_only,combined,0.001,-0.007122515829212528,-0.5602693039120691,-0.7037792754966176,-0.02727664761274863,-0.26112137863611906,145,0.33793103448275863,0.9027394596707417,-62.5599820235021,0.18277027027027026,0.4635135135135135,0.49695945945945946,0.4888513513513513,0.36170608108108104,False
USA30IDXUSD1440_comma,daily,100,300,long_short,fast_slope,0.005,-0.01678632427013016,-0.44384209533671026,-0.5573058827055062,-0.04101406946077496,-0.4092820949207263,94,0.30851063829787234,0.7670748819546273,-235.27987490683483,0.33378378378378376,0.3864864864864865,0.3881756756756757,0.3560810810810811,0.3611824324324324,False
USA30IDXUSD1440_comma,daily,100,300,long_short,slow_slope,0.0,-0.019684922492023915,-0.3907205649079884,-0.4784009368728361,-0.03791589129409207,-0.5191734077761521,47,0.2127659574468085,0.5964707399117084,-698.7028557203914,0.4233108108108108,0.40371621621621623,0.36283783783783785,0.12027027027027028,0.36086148648648647,False
USA30IDXUSD1440_comma,daily,75,250,long_short,combined,0.005,-0.014907887295189104,-0.452496506895243,-0.5410535605465325,-0.03770337689965717,-0.39539925919273977,94,0.3404255319148936,0.7584236567623583,-251.3459158428647,0.31756756756756754,0.4047297297297297,0.40540540540540543,0.3435810810810811,0.3608277027027027,False
USA30IDXUSD1440_comma,daily,40,300,long_short,none,0.0025,-0.026196946382165964,-0.3348840789822674,-0.3975043189528772,-0.045765412383891924,-0.5724180121533553,14,0.21428571428571427,0.5169353997675157,-3107.4204001016406,0.5081081081081081,0.3567567567567568,0.2993243243243243,0.05574324324324324,0.3606587837837838,True
USA30IDXUSD1440_comma,daily,30,250,long_short,slow_slope,0.005,-0.023963061242745942,-0.3852199619056531,-0.44632111377137546,-0.05145442160944788,-0.4657143252844558,59,0.2542372881355932,0.7217146257789373,-429.8308034293262,0.4300675675675676,0.31824324324324327,0.32094594594594594,0.2891891891891892,0.35915540540540547,False
USA30IDXUSD1440_comma,daily,100,150,long_short,none,0.005,-0.027544203036685477,-0.3965802941797875,-0.47140110049100487,-0.04258659019168753,-0.6467811325749632,27,0.48148148148148145,0.7208880133730461,-1187.7373803009668,0.4101351351351351,0.3777027027027027,0.2875,0.28716216216216217,0.35905405405405405,False
USA30IDXUSD1440_comma,daily,30,300,long_short,combined,0.0025,-0.016697792514445697,-0.44955041672917656,-0.5185777550397875,-0.046592772429215085,-0.35837731141269613,123,0.3983739837398374,0.8387472667425716,-134.5068732253684,0.3233108108108108,0.3489864864864865,0.38885135135135135,0.4304054054054054,0.358902027027027,False
USA30IDXUSD1440_comma,daily,60,200,long_only,combined,0.001,-0.008873420369439944,-0.529914904464415,-0.647707107282458,-0.033220537308039595,-0.26710646751919076,114,0.2631578947368421,0.8729447032974984,-98.08263018170105,0.21621621621621623,0.4287162162162162,0.4780405405405405,0.4635135135135135,0.35880067567567564,False
USA30IDXUSD1440_comma,daily,5,300,long_only,combined,0.001,-0.005694758883439399,-0.6137952281722906,-0.7815062879474252,-0.02032434810394702,-0.28019392574433755,290,0.3724137931034483,0.9544478072073976,-25.22834718405991,0.13277027027027027,0.4929054054054054,0.5060810810810811,0.5371621621621622,0.358125,False
USA30IDXUSD1440_comma,daily,75,300,long_short,combined,0.0,-0.016116541450586608,-0.45482743217550803,-0.5423625160654326,-0.035557732838924196,-0.453249973039457,89,0.34831460674157305,0.7512609410787411,-288.85090929817403,0.3152027027027027,0.4141891891891892,0.3932432432432432,0.33006756756756755,0.3577871621621621,False
USA30IDXUSD1440_comma,daily,20,100,long_short,combined,0.0025,-0.019228875877314477,-0.4080749388292122,-0.5018934094420535,-0.06557223483624171,-0.2932472246116995,194,0.38144329896907214,0.8739925051065235,-77.734202861477,0.3875,0.23243243243243245,0.3689189189189189,0.4652027027027027,0.3566722972972974,False
USA30IDXUSD1440_comma,daily,5,500,long_only,fast_slope,0.005,-0.006707168591812529,-0.5821965864706647,-0.743602158325576,-0.029024289277493856,-0.2310881251109026,299,0.38127090301003347,0.9469026550609455,-28.641657358276074,0.15878378378378377,0.45337837837837835,0.5003378378378378,0.5314189189189189,0.3566385135135135,False
USA30IDXUSD1440_comma,daily,10,250,long_only,fast_slope,0.005,-0.005370181182174472,-0.613059460237884,-0.7633855915758161,-0.022745462023293753,-0.23609901512111908,213,0.3568075117370892,0.9477384794372278,-32.45497269059384,0.13378378378378378,0.4858108108108108,0.5084459459459459,0.5317567567567567,0.3564189189189189,False
USA30IDXUSD1440_comma,daily,50,250,long_short,none,0.0,-0.026949521395675302,-0.33386599398576633,-0.39686895929115024,-0.0476435052766909,-0.5656494256492097,14,0.21428571428571427,0.5226610192711519,-3055.646620118002,0.5094594594594595,0.34087837837837837,0.29155405405405405,0.057094594594594594,0.3558783783783784,True
USA30IDXUSD1440_comma,daily,10,500,long_short,price_slow,0.0,-0.025102214627346964,-0.3588908387554899,-0.4258169370777241,-0.045424607896764654,-0.5526126870351006,51,0.11764705882352941,0.5698705874475307,-705.6746338767305,0.47195945945945944,0.35945945945945945,0.31216216216216214,0.09155405405405405,0.3548141891891893,False
USA30IDXUSD1440_comma,daily,50,150,long_short,none,0.001,-0.03001759722158459,-0.34995222378685276,-0.40749125766983074,-0.055709926079093204,-0.5388195485839925,20,0.3,0.6800908659458808,-1552.408994417738,0.4868243243243243,0.29155405405405405,0.2641891891891892,0.22398648648648647,0.35405405405405405,False
USA30IDXUSD1440_comma,daily,30,500,long_short,none,0.0025,-0.026556836297145225,-0.3435579418169722,-0.4083713403129842,-0.04533616404854159,-0.5857759882091199,17,0.17647058823529413,0.46958922534357916,-2658.9264310853673,0.497972972972973,0.360472972972973,0.2962837837837838,0.03310810810810811,0.3535304054054054,True
USA30IDXUSD1440_comma,daily,50,500,long_short,price_slow,0.0025,-0.019208399321862024,-0.3885798228414015,-0.459307819859338,-0.03821789317402742,-0.5026022558175944,42,0.07142857142857142,0.516860336470286,-986.8790942234577,0.4263513513513513,0.40202702702702703,0.36993243243243246,0.05506756756756757,0.3532939189189189,False
USA30IDXUSD1440_comma,daily,10,500,long_only,combined,0.0,-0.006064006899134777,-0.5952734772501859,-0.7402298073553258,-0.028614154349741478,-0.21192333084586035,203,0.3645320197044335,0.9401478499629928,-38.2910001724577,0.15033783783783783,0.4554054054054054,0.5030405405405406,0.5246621621621622,0.3532939189189189,False
USA30IDXUSD1440_comma,daily,60,500,long_short,fast_slope,0.001,-0.014944594620873386,-0.4725659815819049,-0.5646679040276593,-0.042549886240252445,-0.3512252544340697,104,0.3173076923076923,0.8197957079014015,-173.7215506529267,0.28885135135135137,0.37804054054054054,0.4043918918918919,0.41283783783783784,0.3528547297297298,False
USA30IDXUSD1440_comma,daily,60,200,long_short,none,0.0025,-0.02848966540371678,-0.3586030526899147,-0.41793428358780405,-0.04764340925427026,-0.597977051803094,14,0.35714285714285715,0.623150213168539,-2907.780597961057,0.4722972972972973,0.34121621621621623,0.2797297297297297,0.14966216216216216,0.35261824324324326,True
USA30IDXUSD1440_comma,daily,100,300,long_short,fast_slope,0.0025,-0.017752197952981552,-0.4482083829190257,-0.5652513624495623,-0.043155441159713676,-0.41135480198852714,94,0.30851063829787234,0.7622486151446152,-249.76020109858237,0.3260135135135135,0.37263513513513513,0.3810810810810811,0.3472972972972973,0.351875,False
USA30IDXUSD1440_comma,daily,5,100,long_short,none,0.0,-0.030916320365057537,-0.3534860216076745,-0.42529297041854985,-0.0669793596386192,-0.46157981401828296,80,0.275,0.7612508931804118,-327.898981189899,0.4804054054054054,0.2233108108108108,0.25844594594594594,0.34662162162162163,0.35167229729729726,False
USA30IDXUSD1440_comma,daily,30,300,long_short,price_slow,0.001,-0.024407016950503957,-0.3803577644484949,-0.4435354794995982,-0.0507000529318189,-0.48140022621527345,60,0.16666666666666666,0.6737192222515738,-605.642323201814,0.43783783783783786,0.3222972972972973,0.3185810810810811,0.21182432432432433,0.3511993243243243,False
USA30IDXUSD1440_comma,daily,40,250,long_short,price_slow,0.0025,-0.025955784201233345,-0.39511635179445,-0.46030221995177584,-0.04940877072786952,-0.525327463502198,57,0.21052631578947367,0.7157353462714445,-556.3920275379076,0.41385135135135137,0.3310810810810811,0.30236486486486486,0.28006756756756757,0.350793918918919,False
USA30IDXUSD1440_comma,daily,60,200,long_only,combined,0.0025,-0.009340941272954262,-0.5365197667499936,-0.6556818595210069,-0.035252189693184485,-0.26497478182923206,113,0.25663716814159293,0.8650027219010779,-103.86878259140822,0.2087837837837838,0.41621621621621624,0.4722972972972973,0.45675675675675675,0.3505405405405406,False
USA30IDXUSD1440_comma,daily,40,300,long_short,price_slow,0.005,-0.023327420835420165,-0.3947393717847991,-0.4681792274358155,-0.045806221442248066,-0.5092631546749844,52,0.17307692307692307,0.6625838952886205,-714.6995614607749,0.41486486486486485,0.3564189189189189,0.32635135135135135,0.19932432432432431,0.3502195945945946,False
USA30IDXUSD1440_comma,daily,60,100,long_only,combined,0.0,-0.009966937594660497,-0.5349791308037711,-0.6558960677097343,-0.03152637809881049,-0.31614597666189115,110,0.2727272727272727,0.8293471372235723,-113.4206632257682,0.21013513513513513,0.43885135135135134,0.46621621621621623,0.4212837837837838,0.3502027027027027,False
USA30IDXUSD1440_comma,daily,40,500,long_short,slow_slope,0.001,-0.02156903084751438,-0.3698117657911357,-0.43604741302785494,-0.0398841822404086,-0.5407916029844471,41,0.14634146341463414,0.35904813656304696,-1393.4365128615586,0.4540540540540541,0.39425675675675675,0.34493243243243243,0.00472972972972973,0.34988175675675676,False
USA30IDXUSD1440_comma,daily,30,100,long_only,combined,0.005,-0.007771966019118337,-0.5752571664628588,-0.7043034239385141,-0.028598239844797417,-0.27176378900578424,107,0.40186915887850466,0.8787757701717228,-92.1427823116941,0.1679054054054054,0.4557432432432432,0.4905405405405405,0.4702702702702703,0.3497466216216216,False
USA30IDXUSD1440_comma,daily,75,200,long_short,slow_slope,0.0025,-0.02545467659869083,-0.4101907374780347,-0.49488744054833383,-0.04419121928225835,-0.5760120904586634,50,0.26,0.7177272449051477,-642.673994384501,0.38513513513513514,0.36655405405405406,0.3081081081081081,0.28175675675675677,0.3495777027027027,False
USA30IDXUSD1440_comma,daily,30,200,long_short,price_slow,0.005,-0.027225343545528857,-0.38510517079941353,-0.4453700105143415,-0.053230517569117834,-0.5114611840882022,63,0.2222222222222222,0.7183998346550222,-451.864351859581,0.43074324324324326,0.30608108108108106,0.28952702702702704,0.2827702702702703,0.3491385135135135,False
USA30IDXUSD1440_comma,daily,100,300,long_short,combined,0.005,-0.016436998418138393,-0.46545034584480643,-0.5777822123646125,-0.03654354832352184,-0.4497920747219408,89,0.24719101123595505,0.746024049385001,-255.32990417414567,0.29864864864864865,0.40912162162162163,0.39087837837837835,0.325,0.34866554054054055,False
USA30IDXUSD1440_comma,daily,50,500,long_short,price_slow,0.005,-0.019488757210653573,-0.3933829841414497,-0.4646346110617942,-0.03826358160780022,-0.5093291425359067,42,0.09523809523809523,0.5169129457337502,-996.833100334934,0.41655405405405405,0.40135135135135136,0.3662162162162162,0.05540540540540541,0.3485135135135135,False
USA30IDXUSD1440_comma,daily,30,200,long_short,combined,0.005,-0.020670260063869517,-0.44526352665566926,-0.510226993100142,-0.04993540322167441,-0.4139399850664991,130,0.4,0.8309462729486873,-136.9835049090057,0.3304054054054054,0.3277027027027027,0.35371621621621624,0.4222972972972973,0.34817567567567576,False
USA30IDXUSD1440_comma,daily,5,300,long_only,combined,0.005,-0.006634641529231766,-0.6309301714973219,-0.8021183060596341,-0.024054610689547996,-0.27581579327386885,289,0.370242214532872,0.9464844069054321,-29.32524761388404,0.12027027027027028,0.4797297297297297,0.5010135135135135,0.5310810810810811,0.3479054054054054,False
USA30IDXUSD1440_comma,daily,20,50,long_short,fast_slope,0.0025,-0.026186729540622622,-0.4050664455112246,-0.4998737467453515,-0.06328928203115253,-0.41376246814954976,214,0.35514018691588783,0.8611467480800813,-90.19757508730234,0.3949324324324324,0.2462837837837838,0.3,0.4527027027027027,0.34744932432432435,False
USA30IDXUSD1440_comma,daily,75,100,long_short,price_slow,0.001,-0.01968376011291828,-0.43194520252951096,-0.5170117495807293,-0.05544091126185384,-0.35504034231958426,101,0.3564356435643564,0.805220348423308,-211.56444091369423,0.3543918918918919,0.2942567567567568,0.36317567567567566,0.3966216216216216,0.34744932432432435,False
USA30IDXUSD1440_comma,daily,40,100,long_only,combined,0.005,-0.00899316070997469,-0.566800708852148,-0.7004406991052987,-0.029640166106640817,-0.3034112790602679,96,0.3333333333333333,0.8723743223223429,-117.9590138468498,0.17533783783783785,0.4503378378378378,0.47635135135135137,0.46283783783783783,0.3474155405405406,False
USA30IDXUSD1440_comma,daily,10,300,long_only,fast_slope,0.001,-0.006744156429276504,-0.6128010388031327,-0.7625830275069749,-0.027500568352263877,-0.24523698357388013,218,0.3486238532110092,0.9379625070395565,-39.49147580919414,0.1341216216216216,0.4614864864864865,0.5,0.5226351351351352,0.3474155405405406,False
USA30IDXUSD1440_comma,daily,50,400,long_short,none,0.001,-0.028880238571553196,-0.3496218807776293,-0.4150127621822258,-0.04376686306562908,-0.6598653992690049,14,0.2857142857142857,0.46537919645450054,-3688.90469560901,0.4875,0.3689189189189189,0.27668918918918917,0.03141891891891892,0.3472804054054054,True
USA30IDXUSD1440_comma,daily,5,200,long_short,price_slow,0.0025,-0.03171902542984917,-0.3756853100370307,-0.4450318922509917,-0.055108680144731456,-0.5755722210465894,83,0.1686746987951807,0.7299115053476292,-325.3853782146363,0.4449324324324324,0.29662162162162165,0.2489864864864865,0.30033783783783785,0.3469763513513514,False
USA30IDXUSD1440_comma,daily,20,100,long_short,none,0.0025,-0.029578369742497945,-0.35442252955300146,-0.4277486826013158,-0.06752465757546804,-0.43803805608995605,52,0.3269230769230769,0.738807381302408,-498.13720787750543,0.4780405405405405,0.22027027027027027,0.2682432432432432,0.31182432432432433,0.34670608108108103,False
USA30IDXUSD1440_comma,daily,20,150,long_short,combined,0.0025,-0.020674552006139435,-0.43202459665235254,-0.5315640340379636,-0.0599372246317608,-0.3449367589700503,185,0.35135135135135137,0.8632904769197726,-84.07897062365548,0.35405405405405405,0.26385135135135135,0.3533783783783784,0.45506756756756755,0.34652027027027027,False
USA30IDXUSD1440_comma,daily,5,400,long_short,none,0.0025,-0.028444123810925426,-0.3519101938407034,-0.40898968289157317,-0.049803952638459964,-0.5711218147163706,39,0.15384615384615385,0.5780138854818878,-929.0431443318957,0.48277027027027025,0.32837837837837835,0.28006756756756757,0.09966216216216216,0.34616554054054055,False
USA30IDXUSD1440_comma,daily,75,300,long_short,fast_slope,0.001,-0.018182428974448328,-0.45529231709225126,-0.543491627043523,-0.04152830895577391,-0.4378321542977329,88,0.3409090909090909,0.7464986472522541,-316.86481780882673,0.3141891891891892,0.3841216216216216,0.3777027027027027,0.3256756756756757,0.34609797297297296,False
USA30IDXUSD1440_comma,daily,30,50,long_short,none,0.005,-0.027813611192988197,-0.3878681585506309,-0.4672382254359864,-0.06732520523208321,-0.413123303480609,83,0.3855421686746988,0.8235542632172494,-244.71268808496566,0.4277027027027027,0.22195945945945947,0.2851351351351351,0.41621621621621624,0.3460304054054054,False
USA30IDXUSD1440_comma,daily,20,150,long_short,slow_slope,0.0025,-0.02831403588898662,-0.37896189845536626,-0.4535669763453296,-0.05866517941475418,-0.4826378470405853,77,0.2727272727272727,0.7300953991340227,-329.10538911761313,0.4408783783783784,0.2716216216216216,0.2814189189189189,0.30067567567567566,0.34564189189189193,False
USA30IDXUSD1440_comma,daily,5,50,long_only,fast_slope,0.0025,-0.007037928922409509,-0.6138407790523248,-0.789642315968076,-0.028109200186209937,-0.25037812800743575,283,0.3674911660777385,0.9378208584246601,-31.68935358757261,0.13243243243243244,0.45844594594594595,0.497972972972973,0.5222972972972973,0.34552364864864865,False
USA30IDXUSD1440_comma,daily,30,400,long_short,fast_slope,0.005,-0.017419642004789515,-0.4802937556847144,-0.5610968764653107,-0.039957215890718725,-0.43595735129373103,121,0.4049586776859504,0.8042327568707767,-166.40025803809436,0.2773648648648649,0.3935810810810811,0.3841216216216216,0.3949324324324324,0.34540540540540543,False
USA30IDXUSD1440_comma,daily,20,100,long_short,price_slow,0.001,-0.02884647388238548,-0.3769999579203212,-0.4529177267597144,-0.06835914712921382,-0.4219841103028875,115,0.28695652173913044,0.8009720453887477,-183.30098907291227,0.44256756756756754,0.21621621621621623,0.27702702702702703,0.39256756756756755,0.3453716216216216,False
USA30IDXUSD1440_comma,daily,100,150,long_short,price_slow,0.001,-0.024788594491824467,-0.44684952423894897,-0.5338506439274748,-0.043461292927737864,-0.5703602636267614,89,0.25842696629213485,0.7975644189041126,-273.45621548141884,0.3287162162162162,0.3706081081081081,0.31351351351351353,0.38885135135135135,0.345168918918919,False
USA30IDXUSD1440_comma,daily,75,500,long_short,price_slow,0.0,-0.01914042691448914,-0.40315073537616425,-0.4814869949851883,-0.03665973032062274,-0.5221104123540645,46,0.08695652173913043,0.5345104375040522,-919.5411714595311,0.39763513513513515,0.4081081081081081,0.3712837837837838,0.06418918918918919,0.3449662162162162,False
USA30IDXUSD1440_comma,daily,10,50,long_only,fast_slope,0.0025,-0.006781543657985889,-0.6060306527627435,-0.7703622826627533,-0.030719606325197612,-0.22075620325978462,201,0.36318407960199006,0.9313792566278917,-43.05918317148366,0.14121621621621622,0.4429054054054054,0.49966216216216214,0.5152027027027027,0.3444256756756757,False
USA30IDXUSD1440_comma,daily,30,200,long_short,combined,0.0025,-0.021107846561763566,-0.44816707052381116,-0.5134647262553781,-0.05032357630098299,-0.4194424981944548,131,0.3969465648854962,0.8299867828746744,-138.87686705092435,0.32635135135135135,0.3239864864864865,0.34797297297297297,0.42162162162162165,0.34437500000000004,False
USA30IDXUSD1440_comma,daily,5,75,long_short,price_slow,0.005,-0.030500244836675572,-0.37626668451380946,-0.45254486153296536,-0.06567131733151413,-0.4644378409939284,116,0.28448275862068967,0.7852194410699319,-193.82825406635067,0.44391891891891894,0.2304054054054054,0.2611486486486487,0.37804054054054054,0.3441047297297297,False
USA30IDXUSD1440_comma,daily,30,250,long_short,slow_slope,0.001,-0.025393659861640328,-0.3923077344335327,-0.4541603901657788,-0.05563179818987705,-0.4564594474363233,66,0.24242424242424243,0.7098928148389327,-401.5560708057581,0.4192567567567568,0.2925675675675676,0.3087837837837838,0.27128378378378376,0.3432939189189189,False
USA30IDXUSD1440_comma,daily,5,300,long_short,price_slow,0.005,-0.031064407492634505,-0.3752192236595034,-0.4410161647104264,-0.05534307002852648,-0.5613061847964418,63,0.14285714285714285,0.702908821587717,-473.6405251446994,0.4462837837837838,0.2945945945945946,0.25641891891891894,0.2625,0.3428209459459459,False
USA30IDXUSD1440_comma,daily,20,100,long_only,fast_slope,0.005,-0.008590613028528149,-0.5737271086119465,-0.7116597213667818,-0.03161976825572859,-0.27168488266740465,139,0.3597122302158273,0.8703575210728246,-78.01202387948645,0.16959459459459458,0.43783783783783786,0.4814189189189189,0.4614864864864865,0.34280405405405406,False
USA30IDXUSD1440_comma,daily,75,200,long_short,none,0.005,-0.029393257577774667,-0.38300418053890783,-0.4587419539268466,-0.0473774192205428,-0.62040647340769,14,0.35714285714285715,0.6600967240896849,-2545.744511160462,0.4341216216216216,0.34290540540540543,0.2699324324324324,0.1956081081081081,0.34270270270270276,True
USA30IDXUSD1440_comma,daily,60,300,long_short,price_slow,0.0,-0.023437508795652207,-0.4028619401988506,-0.47641731218823613,-0.043617171195285534,-0.5373459156880285,58,0.1896551724137931,0.6405095400679969,-741.4808362912987,0.39864864864864863,0.36993243243243246,0.325,0.16959459459459458,0.3423817567567568,False
USA30IDXUSD1440_comma,daily,30,100,long_short,fast_slope,0.0,-0.024261319602489118,-0.3972594098336303,-0.47439944440088677,-0.07058022774145324,-0.3437410217966743,144,0.4097222222222222,0.8418738459143995,-119.011730795976,0.4081081081081081,0.20067567567567568,0.3199324324324324,0.43277027027027026,0.3423141891891892,False
USA30IDXUSD1440_comma,daily,50,250,long_short,price_slow,0.001,-0.02418519055435331,-0.3984382618014276,-0.4706552957366977,-0.04747138989721727,-0.509468768593418,57,0.21052631578947367,0.6640398516894807,-640.7852325494861,0.40540540540540543,0.3422297297297297,0.3202702702702703,0.20135135135135135,0.34197635135135135,False
USA30IDXUSD1440_comma,daily,5,400,long_only,fast_slope,0.005,-0.008118060462243726,-0.6090110322978558,-0.7709591986515257,-0.03011631092681632,-0.26955693484407484,299,0.3779264214046823,0.9369263621308499,-34.37011342116283,0.1375,0.4466216216216216,0.485472972972973,0.5209459459459459,0.34189189189189195,False
USA30IDXUSD1440_comma,daily,5,100,long_short,none,0.0025,-0.030916642202288847,-0.3639575291206975,-0.43742896402425646,-0.06895612938721696,-0.448352343396179,85,0.27058823529411763,0.7556497278195338,-307.47320651445636,0.46587837837837837,0.21114864864864866,0.2581081081081081,0.33885135135135136,0.34158783783783786,False
USA30IDXUSD1440_comma,daily,30,50,long_short,combined,0.0025,-0.024443015136035084,-0.39684517574345457,-0.47843069624102863,-0.0721241500648286,-0.33890195051261673,151,0.3841059602649007,0.8487745250977538,-109.62201460091325,0.40912162162162163,0.19324324324324324,0.31756756756756754,0.4402027027027027,0.3415033783783784,False
USA30IDXUSD1440_comma,daily,60,100,long_only,combined,0.001,-0.010371295624839627,-0.5440488003349017,-0.6672481880916291,-0.03285503137968073,-0.31566841330895146,108,0.28703703703703703,0.8199350776013961,-119.91335741259685,0.2,0.4297297297297297,0.4594594594594595,0.4131756756756757,0.3413006756756757,False
USA30IDXUSD1440_comma,daily,50,400,long_short,none,0.0,-0.029610515457348496,-0.35367124802590155,-0.41979091434256743,-0.04458278757065452,-0.6641692247354865,14,0.2857142857142857,0.45996162798059775,-3741.093730744016,0.4800675675675676,0.3638513513513513,0.2679054054054054,0.02972972972972973,0.3410304054054054,True
USA30IDXUSD1440_comma,daily,10,300,long_only,fast_slope,0.0,-0.0074039433524373255,-0.6216616539754467,-0.77367726422964,-0.028876770676534453,-0.25639789972962046,220,0.34545454545454546,0.9322379557305385,-42.78853117479263,0.1266891891891892,0.4543918918918919,0.49527027027027026,0.5165540540540541,0.3408108108108108,False
USA30IDXUSD1440_comma,daily,10,400,long_only,combined,0.001,-0.007013651187442904,-0.6186412878833079,-0.7659081393910279,-0.029936359086773025,-0.23428537742727007,209,0.3492822966507177,0.9324822660188117,-42.76781272466363,0.12905405405405404,0.4472972972972973,0.4983108108108108,0.5172297297297297,0.3406925675675676,False
USA30IDXUSD1440_comma,daily,10,150,long_short,slow_slope,0.0,-0.03127043664899265,-0.3908132548023568,-0.4652110997002175,-0.05563678127128112,-0.5620461129215968,86,0.23255813953488372,0.7394324952420626,-326.7047247789379,0.4226351351351351,0.2922297297297297,0.2543918918918919,0.31385135135135134,0.3400675675675675,False
USA30IDXUSD1440_comma,daily,5,50,long_only,fast_slope,0.005,-0.007559023157862277,-0.6339689969144016,-0.8167782067956053,-0.0268273142422378,-0.28176593040987696,272,0.3860294117647059,0.9321447970824782,-35.29992403293889,0.11756756756756757,0.46621621621621623,0.49358108108108106,0.5162162162162162,0.33972972972972976,False
USA30IDXUSD1440_comma,daily,5,300,long_only,fast_slope,0.001,-0.00833267280310035,-0.6193393749573738,-0.781599249348086,-0.02979694869986143,-0.27964852666740003,305,0.3737704918032787,0.9366340540329833,-34.53962467314755,0.12837837837837837,0.4489864864864865,0.48445945945945945,0.5206081081081081,0.3385810810810811,False
USA30IDXUSD1440_comma,daily,40,75,long_short,combined,0.0025,-0.02575737760696961,-0.42164113870933245,-0.5085652546185813,-0.0575799821183836,-0.44733215710301577,114,0.34210526315789475,0.8091329741706119,-158.2692004668348,0.36925675675675673,0.2797297297297297,0.3033783783783784,0.4006756756756757,0.33841216216216213,False
USA30IDXUSD1440_comma,daily,5,500,long_short,price_slow,0.0,-0.028588058876263922,-0.3656102222686816,-0.42437800815731364,-0.04939787476955017,-0.5787305427537577,57,0.10526315789473684,0.5753271461765594,-653.9512133620568,0.4631756756756757,0.3314189189189189,0.27905405405405403,0.09628378378378379,0.33837837837837836,False
USA30IDXUSD1440_comma,daily,50,250,long_short,price_slow,0.005,-0.024514643270057368,-0.4060983780305374,-0.47936460835512185,-0.046217105840370004,-0.5304235915318645,54,0.2222222222222222,0.6596166787106523,-694.833230181573,0.3929054054054054,0.35405405405405405,0.31655405405405407,0.1939189189189189,0.3380743243243243,False
USA30IDXUSD1440_comma,daily,50,500,long_short,fast_slope,0.0025,-0.017669799519808183,-0.49604271025768176,-0.5924218954250962,-0.04052516700365074,-0.4360203998225691,106,0.29245283018867924,0.8102977373425867,-193.27184488823002,0.2594594594594595,0.3898648648648649,0.3820945945945946,0.4023648648648649,0.33802364864864864,False
USA30IDXUSD1440_comma,daily,30,500,long_short,none,0.001,-0.028399606522116483,-0.3537155841755535,-0.4206844169081498,-0.04759148290832793,-0.5967371635975415,18,0.16666666666666666,0.46234131725222694,-2578.2437341970735,0.4797297297297297,0.34155405405405403,0.28074324324324323,0.03006756756756757,0.33793918918918925,True
USA30IDXUSD1440_comma,daily,10,500,long_short,price_slow,0.005,-0.026038387973648436,-0.3706922376151143,-0.4393360370678725,-0.04756022399296852,-0.5474824504085188,46,0.13043478260869565,0.547948470526432,-793.7252957097465,0.4523648648648649,0.3418918918918919,0.3013513513513513,0.07297297297297298,0.33763513513513516,False
USA30IDXUSD1440_comma,daily,40,300,long_short,price_slow,0.0025,-0.024532532395784235,-0.40043287930993,-0.47498085263488377,-0.0480454109886538,-0.5106113547780398,54,0.16666666666666666,0.6587975379958282,-702.7673974473478,0.40168918918918917,0.3381756756756757,0.3162162162162162,0.1929054054054054,0.33739864864864866,False
USA30IDXUSD1440_comma,daily,60,150,long_only,combined,0.001,-0.01035022503943861,-0.5366239867856296,-0.6574508515925138,-0.04069373789626811,-0.25434441696710774,105,0.2857142857142857,0.842660752835575,-123.10459657864595,0.20810810810810812,0.3885135135135135,0.4597972972972973,0.4337837837837838,0.33739864864864866,False
USA30IDXUSD1440_comma,daily,10,250,long_short,slow_slope,0.001,-0.02795183744323071,-0.3886505803603207,-0.45303361019652055,-0.05679151043363425,-0.4921833779345388,73,0.2191780821917808,0.697540308679544,-382.6795238523088,0.4260135135135135,0.2851351351351351,0.2847972972972973,0.2537162162162162,0.3367060810810811,False
USA30IDXUSD1440_comma,daily,50,150,long_short,slow_slope,0.0025,-0.02750737223597277,-0.4030442219750454,-0.474510883462778,-0.05526734299523607,-0.4977147578515553,68,0.2647058823529412,0.7330436130529648,-438.1774056726155,0.39797297297297296,0.2956081081081081,0.2881756756756757,0.30608108108108106,0.33663851351351354,False
USA30IDXUSD1440_comma,daily,100,150,long_short,slow_slope,0.0025,-0.026630166266468747,-0.4362856800356723,-0.5244230950298412,-0.04717856924938813,-0.5644547236203887,74,0.3108108108108108,0.7668587218103494,-407.5806021776536,0.34459459459459457,0.3452702702702703,0.2956081081081081,0.35574324324324325,0.33663851351351354,False
USA30IDXUSD1440_comma,daily,75,200,long_short,none,0.0025,-0.03123334083872875,-0.3768961168088682,-0.45328697545280683,-0.048079971088662264,-0.6496123049061875,14,0.42857142857142855,0.632239994234324,-2812.073863424731,0.4429054054054054,0.33783783783783783,0.25472972972972974,0.15945945945945947,0.33648648648648644,True
USA30IDXUSD1440_comma,daily,50,250,long_short,none,0.001,-0.029108292746571673,-0.3511941049946572,-0.41685472337746876,-0.05090892932989199,-0.5717718508269684,14,0.2857142857142857,0.5097881627315063,-3292.037212762617,0.48412162162162165,0.32094594594594594,0.2743243243243243,0.04932432432432433,0.33614864864864863,True
USA30IDXUSD1440_comma,daily,40,500,long_short,slow_slope,0.005,-0.0230007498315411,-0.38506595213685724,-0.4532157500054806,-0.041117323802508834,-0.5593931633784414,41,0.21951219512195122,0.35975792344790875,-1428.0112026578938,0.43175675675675673,0.3858108108108108,0.3287162162162162,0.005067567567567568,0.3356587837837838,False
USA30IDXUSD1440_comma,daily,75,100,long_short,none,0.0,-0.03300327550768878,-0.36670788547961375,-0.44620121015566094,-0.061319085779474314,-0.5382219106524277,44,0.4318181818181818,0.7068317408727686,-857.8687634876286,0.46013513513513515,0.25641891891891894,0.23614864864864865,0.26756756756756755,0.33552364864864864,False
USA30IDXUSD1440_comma,daily,5,300,long_only,combined,0.0025,-0.007809490936726116,-0.6458014885979393,-0.8209301940089607,-0.027234358901964115,-0.2867514144481258,290,0.3689655172413793,0.9384994876889273,-34.15385860123086,0.10810810810810811,0.46385135135135136,0.4891891891891892,0.522972972972973,0.3354898648648649,False
USA30IDXUSD1440_comma,daily,40,250,long_short,none,0.0025,-0.030966805917544082,-0.3655586376022455,-0.42143801883319276,-0.052748566207517854,-0.5870644103522689,17,0.29411764705882354,0.6127175512993506,-2202.443238241511,0.4635135135135135,0.3097972972972973,0.2577702702702703,0.13952702702702702,0.3353378378378378,True
USA30IDXUSD1440_comma,daily,5,300,long_only,fast_slope,0.0,-0.008648000073206763,-0.6226242532826695,-0.7858016797437427,-0.030568306367922248,-0.28290739987746905,307,0.3778501628664495,0.9344749146358404,-35.54496056516931,0.1260135135135135,0.4435810810810811,0.4804054054054054,0.518918918918919,0.3352195945945946,False
USA30IDXUSD1440_comma,daily,5,400,long_short,price_slow,0.001,-0.03069732028550809,-0.37575479825136593,-0.4365310169465085,-0.05293656915529953,-0.5798887380754056,56,0.125,0.6556234815973204,-590.2215178801849,0.4445945945945946,0.30844594594594593,0.26013513513513514,0.18817567567567567,0.3352027027027027,False
USA30IDXUSD1440_comma,daily,20,150,long_only,fast_slope,0.005,-0.008693815497896829,-0.5991988229616572,-0.743944992046107,-0.030905570881195447,-0.28130253705122776,145,0.3586206896551724,0.873430709379097,-75.6348993310075,0.14662162162162162,0.4418918918918919,0.4797297297297297,0.46452702702702703,0.3347466216216216,False
USA30IDXUSD1440_comma,daily,5,400,long_short,none,0.005,-0.029966230837967678,-0.3646642951564105,-0.4230754140277642,-0.05203381027077885,-0.5758992217180781,38,0.13157894736842105,0.5933983582658685,-959.4732497040277,0.4648648648648649,0.31351351351351353,0.264527027027027,0.11655405405405406,0.33471283783783784,False
USA30IDXUSD1440_comma,daily,10,400,long_only,combined,0.0025,-0.007670966255785006,-0.6302978854512813,-0.7808422227460466,-0.030717900237396536,-0.24972300178402917,208,0.35096153846153844,0.9255793782915385,-46.81314915003585,0.12094594594594595,0.44324324324324327,0.4918918918918919,0.5101351351351351,0.33408783783783785,False
USA30IDXUSD1440_comma,daily,30,50,long_short,combined,0.001,-0.02571746853385115,-0.40110708670773465,-0.4825089614745003,-0.0726042173542409,-0.35421452735140546,157,0.4012738853503185,0.8440186288741508,-113.10166930818261,0.40033783783783783,0.18986486486486487,0.3043918918918919,0.435472972972973,0.3338006756756757,False
USA30IDXUSD1440_comma,daily,10,400,long_only,combined,0.0,-0.007507282917526115,-0.6235982200744056,-0.7719591709608806,-0.03275482466496284,-0.22919624801278515,209,0.3444976076555024,0.9281184336589974,-45.640486745674444,0.12398648648648648,0.4300675675675676,0.4939189189189189,0.5125,0.33277027027027023,False
USA30IDXUSD1440_comma,daily,20,100,long_short,combined,0.001,-0.021924724389848382,-0.4264929077417992,-0.525101671766136,-0.0695907847389347,-0.3150521218017236,200,0.365,0.8560490808097988,-90.30524034487495,0.3638513513513513,0.20675675675675675,0.34087837837837837,0.4469594594594595,0.3324493243243243,False
USA30IDXUSD1440_comma,daily,50,400,long_short,slow_slope,0.005,-0.021227630271068776,-0.40336036113613644,-0.4737209106593939,-0.04016953242396223,-0.5284510172293146,39,0.1794871794871795,0.45739176198347176,-970.1895825903019,0.3972972972972973,0.3918918918918919,0.34662162162162163,0.02837837837837838,0.33047297297297296,False
USA30IDXUSD1440_comma,daily,50,200,long_short,none,0.0025,-0.03203462065203677,-0.36943783384014334,-0.4243686847268282,-0.053291664270165705,-0.6011187882899489,16,0.3125,0.6278359067886706,-2464.2455809739185,0.45472972972972975,0.3054054054054054,0.2429054054054054,0.15472972972972973,0.33003378378378384,True
USA30IDXUSD1440_comma,daily,10,500,long_short,price_slow,0.001,-0.027459297375012293,-0.37611022443937586,-0.4454440396727312,-0.048484735978529765,-0.5663493225408497,50,0.1,0.5410078666456796,-760.1684557857062,0.44425675675675674,0.33614864864864863,0.28885135135135137,0.06891891891891892,0.32984797297297297,False
USA30IDXUSD1440_comma,daily,10,300,long_only,fast_slope,0.0025,-0.008014637879783959,-0.6343641240720267,-0.7873555680454507,-0.032153966915942474,-0.2492581366627633,217,0.35023041474654376,0.9270710213220927,-46.78398627732097,0.11689189189189189,0.43513513513513513,0.4875,0.5111486486486486,0.32971283783783784,False
USA30IDXUSD1440_comma,daily,40,150,long_short,none,0.0,-0.03423930406931375,-0.37543190901505447,-0.42687047961233626,-0.05796490393540663,-0.5906902581511809,26,0.3076923076923077,0.69444947507889,-1359.068182464661,0.44594594594594594,0.27668918918918917,0.22364864864864864,0.24864864864864866,0.3295777027027027,False
USA30IDXUSD1440_comma,daily,40,100,long_short,none,0.0,-0.03305466584575867,-0.36846961812308127,-0.44332032731814924,-0.06773324960284974,-0.48801240217430764,41,0.3902439024390244,0.7276723420863659,-713.2154726411233,0.4577702702702703,0.21925675675675677,0.23547297297297298,0.2959459459459459,0.3294087837837838,False
USA30IDXUSD1440_comma,daily,60,300,long_short,none,0.005,-0.029543535633494433,-0.36643988889052825,-0.4398291086444956,-0.048861145687657176,-0.6046427118666076,12,0.3333333333333333,0.5070378597452281,-3742.0050742250496,0.4614864864864865,0.33513513513513515,0.2685810810810811,0.04831081081081081,0.32934121621621626,True
USA30IDXUSD1440_comma,daily,5,300,long_only,fast_slope,0.005,-0.008927767882162319,-0.6351922129335258,-0.8015923976411458,-0.03122293376390893,-0.2859362271870193,303,0.37293729372937295,0.9316419711944912,-37.11613788068998,0.11554054054054054,0.44054054054054054,0.4777027027027027,0.5155405405405405,0.329222972972973,False
USA30IDXUSD1440_comma,daily,10,75,long_short,none,0.0025,-0.03207282861448724,-0.3702598349149613,-0.44925174290101366,-0.06991573129171037,-0.4587355094759623,76,0.3026315789473684,0.7406776939207764,-374.59098227530905,0.45304054054054055,0.20472972972972972,0.24256756756756756,0.31722972972972974,0.32849662162162163,False
USA30IDXUSD1440_comma,daily,20,50,long_short,none,0.0025,-0.03365099565475138,-0.3828124967026011,-0.46587109569565527,-0.07138565003774563,-0.47139720149579356,77,0.35064935064935066,0.7984149383346164,-302.99502675135113,0.435472972972973,0.1983108108108108,0.22939189189189188,0.3898648648648649,0.328125,False
USA30IDXUSD1440_comma,daily,30,100,long_short,combined,0.001,-0.02472638723071985,-0.430120692661045,-0.5161376861433267,-0.0653331108852438,-0.37846639928337744,149,0.38926174496644295,0.8320507395078878,-119.168454009618,0.3581081081081081,0.23344594594594595,0.314527027027027,0.42364864864864865,0.3280574324324324,False
USA30IDXUSD1440_comma,daily,10,150,long_short,none,0.005,-0.0331187893552799,-0.3817572582590739,-0.4544083485850361,-0.05743517308059211,-0.5766290511357587,53,0.2641509433962264,0.6906799913952585,-569.3358486364286,0.43648648648648647,0.28074324324324323,0.23412162162162162,0.24256756756756756,0.32798986486486487,False
USA30IDXUSD1440_comma,daily,60,150,long_only,combined,0.0,-0.011039842353212759,-0.5445602023749907,-0.6671556852425876,-0.04276456154718479,-0.25815399372285897,105,0.2761904761904762,0.8334032131753102,-130.75934112227486,0.19898648648648648,0.377027027027027,0.45135135135135135,0.42533783783783785,0.32792229729729727,False
USA30IDXUSD1440_comma,daily,5,100,long_short,none,0.001,-0.0326540504090308,-0.37029120070232596,-0.44566960227769065,-0.06934173035300673,-0.4709148479969376,83,0.26506024096385544,0.7374547564224924,-335.8208053333243,0.4527027027027027,0.20810810810810812,0.23885135135135135,0.31114864864864866,0.32755067567567564,False
USA30IDXUSD1440_comma,daily,5,300,long_only,fast_slope,0.0025,-0.0091971049470978,-0.6346280659263789,-0.8016681788082536,-0.032134004148277565,-0.28621098399873024,304,0.3717105263157895,0.9309192367618672,-38.04781065034964,0.11621621621621622,0.435472972972973,0.47364864864864864,0.5148648648648648,0.3273141891891892,False
USA30IDXUSD1440_comma,daily,10,400,long_only,combined,0.005,-0.007787523428220422,-0.6375639027291159,-0.7900673458216839,-0.03325106359072163,-0.23420373928710814,208,0.35096153846153844,0.9245747253496509,-47.49076084455896,0.11351351351351352,0.4280405405405405,0.4902027027027027,0.5091216216216217,0.32682432432432434,False
USA30IDXUSD1440_comma,daily,40,50,long_only,price_slow,0.005,-0.005675275153662618,-0.6543506805154972,-0.8424619799467028,-0.028097438133422185,-0.20198550226227996,64,0.46875,0.8717885776399003,-113.93838113822503,0.10067567567567567,0.45878378378378376,0.5064189189189189,0.46216216216216216,0.3255743243243243,False
USA30IDXUSD1440_comma,daily,5,500,long_short,none,0.005,-0.029187049121530473,-0.3672084829015768,-0.42682995695490294,-0.05226982152641679,-0.5583919797158585,38,0.18421052631578946,0.5233057172497158,-1012.9725758614595,0.4594594594594595,0.31216216216216214,0.2733108108108108,0.057432432432432436,0.3251013513513514,False
USA30IDXUSD1440_comma,daily,75,300,long_short,fast_slope,0.0,-0.019836800764995166,-0.4692983519784415,-0.5598965419235843,-0.0452245373657834,-0.43862915842680494,88,0.3409090909090909,0.7301155197829998,-342.19260527168825,0.2925675675675676,0.3618243243243243,0.3608108108108108,0.3010135135135135,0.3247972972972973,False
USA30IDXUSD1440_comma,daily,60,250,long_short,none,0.005,-0.0310598246597259,-0.3717695256462731,-0.4365891594196705,-0.04826347647295292,-0.643547189915587,12,0.3333333333333333,0.5237858065605233,-4258.5605215704445,0.4506756756756757,0.3375,0.25675675675675674,0.05810810810810811,0.3247128378378379,True
USA30IDXUSD1440_comma,daily,100,300,long_short,slow_slope,0.001,-0.02276609830842391,-0.41556747778421993,-0.5082071540573508,-0.0434525822787483,-0.5239296979493508,47,0.23404255319148937,0.5711970618129003,-748.8712799809189,0.3787162162162162,0.3712837837837838,0.3310810810810811,0.09324324324324325,0.32451013513513516,False
USA30IDXUSD1440_comma,daily,60,300,long_short,price_slow,0.001,-0.025105795601226055,-0.41594195585922067,-0.4917877256033686,-0.046587759284296044,-0.5388925328651468,59,0.2033898305084746,0.627953276174054,-753.943499779036,0.37804054054054054,0.3493243243243243,0.31182432432432433,0.15506756756756757,0.3241722972972973,False
USA30IDXUSD1440_comma,daily,100,200,long_short,price_slow,0.005,-0.022421604042701326,-0.4559159730493285,-0.5574446295986399,-0.04231937856753779,-0.5298188395398702,65,0.26153846153846155,0.6901954123324116,-498.8024011493271,0.31385135135135134,0.37905405405405407,0.3358108108108108,0.2408783783783784,0.323597972972973,False
USA30IDXUSD1440_comma,daily,60,300,long_short,price_slow,0.0025,-0.025198200501639012,-0.41793403839278165,-0.4944473759096141,-0.04645546146738365,-0.5424163210461412,59,0.2033898305084746,0.6254490453914601,-756.2028436088992,0.375,0.35033783783783784,0.31114864864864866,0.15202702702702703,0.3226182432432433,False
USA30IDXUSD1440_comma,daily,10,500,long_only,fast_slope,0.0,-0.009870633227511694,-0.6226761338535615,-0.7841365488999654,-0.03494122090760486,-0.282492510883138,217,0.3548387096774194,0.9096904591699582,-56.972084113204225,0.12567567567567567,0.4185810810810811,0.4668918918918919,0.49493243243243246,0.32253378378378383,False
USA30IDXUSD1440_comma,daily,30,250,long_short,slow_slope,0.0,-0.027072758400929042,-0.4035346426199664,-0.4674145567543673,-0.05820344541890931,-0.4651401339916823,66,0.25757575757575757,0.6919004231954243,-422.02490953226425,0.3966216216216216,0.2756756756756757,0.2908783783783784,0.2435810810810811,0.3222804054054054,False
USA30IDXUSD1440_comma,daily,30,300,long_short,combined,0.005,-0.01969151001073366,-0.4802909180767949,-0.5547376040446197,-0.051910225871477346,-0.37933778326234135,123,0.3983739837398374,0.8065408661676298,-160.8153908366426,0.2777027027027027,0.31554054054054054,0.3625,0.39797297297297296,0.3221621621621622,False
USA30IDXUSD1440_comma,daily,100,300,long_short,combined,0.0025,-0.01880057935823065,-0.48645232203446925,-0.6047026573654763,-0.041136557661863866,-0.45702850279229734,89,0.24719101123595505,0.7183984278002157,-288.0243257810003,0.27094594594594595,0.38547297297297295,0.37432432432432433,0.28243243243243243,0.32197635135135133,False
USA30IDXUSD1440_comma,daily,75,250,long_short,fast_slope,0.001,-0.020705096287839786,-0.4652258892969423,-0.555047583533612,-0.04848004850729931,-0.42708489214325684,90,0.3333333333333333,0.7416169773174079,-326.47522562407136,0.2989864864864865,0.3364864864864865,0.35202702702702704,0.31891891891891894,0.3219594594594595,False
USA30IDXUSD1440_comma,daily,10,75,long_only,fast_slope,0.0,-0.008083574671650662,-0.6231180748902574,-0.7841247782968911,-0.039543664202370744,-0.2044214878591355,209,0.3588516746411483,0.9178021110599641,-48.97203223949147,0.125,0.39628378378378376,0.48614864864864865,0.5043918918918919,0.3219594594594595,False
USA30IDXUSD1440_comma,daily,30,300,long_short,price_slow,0.0025,-0.027041792827874,-0.4008451450040474,-0.4667960448311162,-0.053877305546909254,-0.501914350641191,58,0.15517241379310345,0.6537627206304147,-671.0773611068742,0.4006756756756757,0.3013513513513513,0.29121621621621624,0.1864864864864865,0.32182432432432434,False
USA30IDXUSD1440_comma,daily,10,150,long_short,none,0.001,-0.03430963598627401,-0.37920271333989786,-0.4546198720543951,-0.05822229094513865,-0.5892869454175736,51,0.17647058823529413,0.6756600315321114,-606.1008125262161,0.44054054054054054,0.275,0.22297297297297297,0.21452702702702703,0.32173986486486483,False
USA30IDXUSD1440_comma,daily,100,150,long_short,price_slow,0.0,-0.028218904148550994,-0.4588606189468906,-0.5418236681824733,-0.04540996118393165,-0.6214254188470056,89,0.25842696629213485,0.7588156145190788,-348.50631701580573,0.30844594594594593,0.3597972972972973,0.28344594594594597,0.34425675675675677,0.32165540540540544,False
USA30IDXUSD1440_comma,daily,20,50,long_only,combined,0.0025,-0.010122877572795952,-0.6053288414689811,-0.757887524685324,-0.03500239661956427,-0.28920527022249276,140,0.3357142857142857,0.8579164258868136,-90.42496630852001,0.14290540540540542,0.4179054054054054,0.4625,0.44966216216216215,0.32158783783783784,False
USA30IDXUSD1440_comma,daily,20,50,long_only,combined,0.005,-0.009342214729309739,-0.6087141397653724,-0.7634600455209789,-0.035105827101526384,-0.26611578477532993,132,0.3333333333333333,0.859889180802124,-88.92940770594471,0.13783783783783785,0.4172297297297297,0.47195945945945944,0.4516891891891892,0.32158783783783784,False
USA30IDXUSD1440_comma,daily,40,500,long_short,slow_slope,0.0025,-0.024554510375093153,-0.393416405460078,-0.4634981894999802,-0.04449873274340603,-0.5518024640540291,42,0.11904761904761904,0.34668440947281104,-1407.2809803745095,0.41621621621621624,0.36452702702702705,0.3158783783783784,0.004054054054054054,0.3214020270270271,False
USA30IDXUSD1440_comma,daily,20,500,long_short,none,0.005,-0.028718902515393996,-0.3714381778204237,-0.44031034899143434,-0.04974374698864517,-0.5773369368807211,19,0.15789473684210525,0.4220909245672124,-2260.973383330459,0.45135135135135135,0.3290540540540541,0.27837837837837837,0.01891891891891892,0.3213175675675676,True
USA30IDXUSD1440_comma,daily,10,500,long_only,combined,0.005,-0.008477373667804655,-0.640459612308234,-0.7936886626468912,-0.0351890169412422,-0.2409096475175756,201,0.36318407960199006,0.915543063660734,-53.27413010998535,0.1125,0.41655405405405405,0.48243243243243245,0.5016891891891891,0.3208783783783784,False
USA30IDXUSD1440_comma,daily,75,200,long_short,price_slow,0.0,-0.025254735934257644,-0.43470432047181645,-0.5217930735644336,-0.04608354615837597,-0.5480206720087109,66,0.24242424242424243,0.6652612526747398,-552.4685944031878,0.3476351351351351,0.3547297297297297,0.3097972972972973,0.20270270270270271,0.32010135135135137,False
USA30IDXUSD1440_comma,daily,5,500,long_short,price_slow,0.001,-0.03044151781194926,-0.3793275866908895,-0.4398961488570961,-0.0520179887827876,-0.5852113571530884,56,0.10714285714285714,0.5666119189360608,-694.6906117447342,0.4402027027027027,0.3141891891891892,0.2614864864864865,0.0875,0.3200506756756757,False
USA30IDXUSD1440_comma,daily,40,75,long_short,none,0.0025,-0.032786933362285775,-0.38910685181070404,-0.4650804318524414,-0.06848765713703205,-0.47872762382110323,58,0.4482758620689655,0.7399031740462759,-499.1269928416259,0.42567567567567566,0.2152027027027027,0.23783783783783785,0.3152027027027027,0.31891891891891894,False
USA30IDXUSD1440_comma,daily,10,250,long_short,slow_slope,0.0025,-0.029198353127621646,-0.39852428978798504,-0.46468487351680327,-0.05901833665606538,-0.49473358250974864,71,0.18309859154929578,0.683658715775993,-408.3708386786423,0.40506756756756757,0.2685810810810811,0.27297297297297296,0.22972972972972974,0.31822635135135136,False
USA30IDXUSD1440_comma,daily,10,300,long_short,fast_slope,0.005,-0.02436860237509808,-0.4953165731588141,-0.6038048161082338,-0.0520271892768366,-0.4683820654895037,260,0.3346153846153846,0.8886786735143397,-78.53292819338941,0.2608108108108108,0.31385135135135134,0.31891891891891894,0.4766891891891892,0.31807432432432436,False
USA30IDXUSD1440_comma,daily,100,200,long_short,price_slow,0.001,-0.023514028000589104,-0.4548461029463158,-0.5556098474334844,-0.043630916060332266,-0.5389304219071223,66,0.24242424242424243,0.6850018867492276,-524.990930724298,0.314527027027027,0.3695945945945946,0.3236486486486487,0.23209459459459458,0.31775337837837836,False
USA30IDXUSD1440_comma,daily,20,100,long_short,combined,0.0,-0.02343175884916171,-0.43823204088916456,-0.539647121210993,-0.07053386439892521,-0.3322057999918513,204,0.36764705882352944,0.8428297182611766,-96.87454091950984,0.34121621621621623,0.20101351351351351,0.3253378378378378,0.4341216216216216,0.31692567567567564,False
USA30IDXUSD1440_comma,daily,40,50,long_only,price_slow,0.0025,-0.010812953840940054,-0.5874024419396379,-0.7365125855981044,-0.03686212413760365,-0.2933350720803847,96,0.3958333333333333,0.8211258640082505,-140.27138607119323,0.1554054054054054,0.40675675675675677,0.4543918918918919,0.41452702702702704,0.3169087837837838,False
USA30IDXUSD1440_comma,daily,10,500,long_only,combined,0.001,-0.008983364650842707,-0.6415428621258504,-0.7921300013413886,-0.03677025312792963,-0.24431065567017274,203,0.35960591133004927,0.9122144148803093,-55.72612484288701,0.11182432432432432,0.40709459459459457,0.4766891891891892,0.4983108108108108,0.31658783783783784,False
USA30IDXUSD1440_comma,daily,30,200,long_short,price_slow,0.0025,-0.030681277031038068,-0.4065940882814787,-0.4702059227264395,-0.05865664792812326,-0.5230656390156205,69,0.2318840579710145,0.7049231341218228,-456.6914411052592,0.39054054054054055,0.2719594594594595,0.26047297297297295,0.264527027027027,0.3159797297297297,False
USA30IDXUSD1440_comma,daily,20,100,long_only,combined,0.0025,-0.008612963728336864,-0.6252376700032305,-0.7803710836535541,-0.037496731582150125,-0.22969905282189884,141,0.3829787234042553,0.8701967310082288,-77.09508702353209,0.12297297297297298,0.40574324324324323,0.4810810810810811,0.4608108108108108,0.31596283783783785,False
USA30IDXUSD1440_comma,daily,5,75,long_only,fast_slope,0.0,-0.00999512208617892,-0.6334033703295414,-0.8077838423266073,-0.038824575880542646,-0.25744317508921155,295,0.38305084745762713,0.9187862598264642,-42.4047957151601,0.11824324324324324,0.3983108108108108,0.46587837837837837,0.5054054054054054,0.3158614864864865,False
USA30IDXUSD1440_comma,daily,20,150,long_only,combined,0.0025,-0.00945094173268346,-0.646883919942013,-0.8021958403762083,-0.03081705170027495,-0.3066789719082419,144,0.3472222222222222,0.8587134214602442,-82.4129460543331,0.10608108108108108,0.44256756756756754,0.47162162162162163,0.4503378378378378,0.3149493243243243,False
USA30IDXUSD1440_comma,daily,60,400,long_short,fast_slope,0.005,-0.019553988811112144,-0.5128731237349585,-0.6161163648959256,-0.045609805550395136,-0.42872335400567696,108,0.2962962962962963,0.7865530927188598,-209.42770532198847,0.23851351351351352,0.35777027027027025,0.36486486486486486,0.37972972972972974,0.3147804054054054,False
USA30IDXUSD1440_comma,daily,40,150,long_short,slow_slope,0.0025,-0.0308236069858554,-0.4086754774206727,-0.4734541538197021,-0.05792780957732468,-0.5321037893675342,70,0.2857142857142857,0.7011748873450646,-455.7154862428511,0.3864864864864865,0.27702702702702703,0.2591216216216216,0.2587837837837838,0.31449324324324324,False
USA30IDXUSD1440_comma,daily,10,75,long_only,fast_slope,0.0025,-0.008576032529589717,-0.6365691022695429,-0.7996202657310548,-0.04037858231390574,-0.2123906298373499,202,0.36633663366336633,0.9092479416315498,-53.595178715230226,0.11486486486486487,0.39054054054054055,0.4817567567567568,0.49324324324324326,0.31391891891891893,False
USA30IDXUSD1440_comma,daily,5,400,long_short,slow_slope,0.001,-0.028409974065470744,-0.3951647255383308,-0.4505998610339622,-0.053013966642973684,-0.5358960263584827,53,0.18867924528301888,0.5819966451824029,-740.7826262362373,0.4131756756756757,0.3070945945945946,0.28040540540540543,0.10506756756756756,0.3138851351351352,False
USA30IDXUSD1440_comma,daily,30,75,long_short,fast_slope,0.0025,-0.02689314000440468,-0.4148804710907216,-0.5016780034478036,-0.07519550402981658,-0.35764292495121774,143,0.3986013986013986,0.8114743658137008,-141.4166037972603,0.37972972972972974,0.17128378378378378,0.2929054054054054,0.40371621621621623,0.31385135135135134,False
USA30IDXUSD1440_comma,daily,20,500,long_short,price_slow,0.005,-0.025798222399023407,-0.40578450812584155,-0.4803454650361314,-0.04716440781844585,-0.5469849743122144,46,0.08695652173913043,0.5320104401352761,-865.373065842847,0.3935810810810811,0.3456081081081081,0.3030405405405405,0.0625,0.3138175675675676,False
USA30IDXUSD1440_comma,daily,20,50,long_short,slow_slope,0.005,-0.03176273629544668,-0.41084231772558333,-0.49787270602854783,-0.07196164694306752,-0.44138423236166036,119,0.3445378151260504,0.8167810510896871,-187.32107779111502,0.3841216216216216,0.19425675675675674,0.24864864864864866,0.40912162162162163,0.3133108108108108,False
USA30IDXUSD1440_comma,daily,10,300,long_only,combined,0.005,-0.007767887144306873,-0.6788221142244842,-0.8588425876508669,-0.03464576058512574,-0.22420887904079712,209,0.3349282296650718,0.9252528305305144,-47.14999013987399,0.08378378378378379,0.4195945945945946,0.4908783783783784,0.5097972972972973,0.31305743243243245,False
USA30IDXUSD1440_comma,daily,10,250,long_only,fast_slope,0.0025,-0.009106498472543523,-0.662080885806051,-0.8207832009844925,-0.034999971069357,-0.2601858857110999,216,0.35185185185185186,0.9144979386794265,-53.050408700532536,0.09628378378378379,0.41824324324324325,0.4743243243243243,0.5,0.31293918918918917,False
USA30IDXUSD1440_comma,daily,5,100,long_only,fast_slope,0.0,-0.009507142656040912,-0.6344905032251674,-0.8121963520054374,-0.04202260547067202,-0.2262387719551573,301,0.3920265780730897,0.9207844789055676,-39.64771971516831,0.11655405405405406,0.38175675675675674,0.4706081081081081,0.5070945945945946,0.31224662162162165,False
USA30IDXUSD1440_comma,daily,30,50,long_short,slow_slope,0.0025,-0.032296327951696235,-0.4062268763405928,-0.4883217031479039,-0.07299356220175937,-0.4424544710179632,123,0.3089430894308943,0.8093234288184927,-193.59661216875944,0.3915540540540541,0.18783783783783783,0.2418918918918919,0.4010135135135135,0.3121114864864865,False
USA30IDXUSD1440_comma,daily,60,250,long_short,price_slow,0.0,-0.026937187406561813,-0.423609729907163,-0.4971821144494325,-0.04911796195668108,-0.5484182635736943,57,0.21052631578947367,0.6276875582765593,-793.8814221532929,0.3679054054054054,0.3331081081081081,0.2918918918918919,0.1543918918918919,0.3119763513513513,False
USA30IDXUSD1440_comma,daily,75,250,long_short,fast_slope,0.0,-0.02220443694843377,-0.4725177578958914,-0.5608228158191658,-0.049091654921766745,-0.4523057326916178,90,0.3333333333333333,0.7288655914937433,-349.04865915460203,0.2891891891891892,0.33344594594594595,0.3368243243243243,0.2993243243243243,0.31130067567567565,False
USA30IDXUSD1440_comma,daily,5,75,long_only,fast_slope,0.001,-0.010207667775805507,-0.6386921973545376,-0.8137305288295837,-0.04004281727297382,-0.2549188211763259,293,0.378839590443686,0.916025668824897,-43.545975926132996,0.11317567567567567,0.39256756756756755,0.46114864864864863,0.5030405405405406,0.311097972972973,False
USA30IDXUSD1440_comma,daily,75,150,long_short,none,0.001,-0.035656668141625714,-0.39057469505203096,-0.45252398933093113,-0.05532689445061721,-0.6444726112984991,21,0.42857142857142855,0.6408251348926002,-2085.878265945361,0.4239864864864865,0.29527027027027025,0.20945945945945946,0.16993243243243245,0.31079391891891894,False
USA30IDXUSD1440_comma,daily,40,50,long_only,combined,0.001,-0.011834241035707627,-0.5795663644284078,-0.7225328152319695,-0.04211347574089901,-0.2810084142310453,107,0.37383177570093457,0.8183231891108137,-136.88873471131478,0.1625,0.3804054054054054,0.4429054054054054,0.41216216216216217,0.31050675675675676,False
USA30IDXUSD1440_comma,daily,40,200,long_short,fast_slope,0.001,-0.025816851095283644,-0.4701183470881104,-0.5517803500608045,-0.05495355814082616,-0.469793985479964,115,0.3739130434782609,0.8019854952056942,-200.85785050679846,0.29121621621621624,0.29695945945945945,0.3027027027027027,0.39425675675675675,0.3104054054054054,False
USA30IDXUSD1440_comma,daily,10,75,long_short,slow_slope,0.0,-0.03201873818903356,-0.39725160386168845,-0.471835547645543,-0.07249992756721636,-0.4416382093533575,125,0.272,0.754432380664644,-214.78813949339707,0.40844594594594597,0.1902027027027027,0.2435810810810811,0.33614864864864863,0.3100675675675676,False
USA30IDXUSD1440_comma,daily,60,150,long_only,combined,0.0025,-0.012211069145912967,-0.5592897238596781,-0.6847623131380576,-0.046586862183329886,-0.26211400754701264,105,0.2761904761904762,0.8163922150484362,-143.61037845590755,0.18412162162162163,0.34966216216216217,0.43851351351351353,0.40844594594594597,0.31003378378378377,False
USA30IDXUSD1440_comma,daily,5,400,long_short,slow_slope,0.0,-0.029139663156993012,-0.3988721748840194,-0.45435889909857485,-0.05254217849688907,-0.5545956408853188,53,0.18867924528301888,0.5848112270486103,-747.1380169876118,0.40405405405405403,0.3108108108108108,0.27364864864864863,0.10641891891891891,0.3100168918918919,False
USA30IDXUSD1440_comma,daily,50,400,long_short,combined,0.0025,-0.018194456857612007,-0.5325742968449076,-0.6312933865190155,-0.044552525041438716,-0.40838217004960264,104,0.28846153846153844,0.7943190074459967,-192.64632082967006,0.21351351351351353,0.3641891891891892,0.37736486486486487,0.3858108108108108,0.3097972972972973,False
USA30IDXUSD1440_comma,daily,100,300,long_short,combined,0.0,-0.020534632315574064,-0.49615635546035275,-0.613012717692985,-0.0418409967891093,-0.4907777990824296,90,0.24444444444444444,0.7028730018430118,-310.49355425873927,0.2591216216216216,0.3827702702702703,0.3550675675675676,0.26182432432432434,0.30962837837837837,False
USA30IDXUSD1440_comma,daily,100,150,long_short,fast_slope,0.001,-0.027141471280471174,-0.4502671664404382,-0.545444671067366,-0.058475727485863827,-0.4641493564493485,103,0.3300970873786408,0.7709938067778959,-246.0540320684487,0.3216216216216216,0.27263513513513515,0.2902027027027027,0.3621621621621622,0.3091722972972973,False
USA30IDXUSD1440_comma,daily,20,75,long_short,fast_slope,0.0,-0.027778644637199257,-0.42456125571607223,-0.5183588644064732,-0.07577554352977603,-0.3665911631011083,214,0.3644859813084112,0.827927441160109,-101.9924635889346,0.36655405405405406,0.16689189189189188,0.28581081081081083,0.4192567567567568,0.30839527027027025,False
USA30IDXUSD1440_comma,daily,20,150,long_only,combined,0.005,-0.009604662695965938,-0.6538644650846765,-0.8111754186752933,-0.03322131572499442,-0.2891114480676563,142,0.352112676056338,0.851715546990023,-84.85382761204505,0.10168918918918919,0.4283783783783784,0.46925675675675677,0.44391891891891894,0.3082094594594595,False
USA30IDXUSD1440_comma,daily,60,200,long_only,combined,0.005,-0.01275086446876117,-0.58135294372655,-0.7111869013581876,-0.04246505396010822,-0.3002672381092313,114,0.2543859649122807,0.8214329385536401,-137.67007112864863,0.16013513513513514,0.3783783783783784,0.43243243243243246,0.41486486486486485,0.30736486486486486,False
USA30IDXUSD1440_comma,daily,5,75,long_only,fast_slope,0.005,-0.009585521511639716,-0.667510670605863,-0.8661550698324947,-0.037904270109284044,-0.25288764257966534,284,0.3732394366197183,0.9156712077988128,-42.34727977766839,0.09222972972972973,0.40405405405405403,0.46959459459459457,0.5027027027027027,0.30722972972972973,False
USA30IDXUSD1440_comma,daily,60,200,long_short,price_slow,0.001,-0.027514312985765232,-0.43269920965081815,-0.5093353013841333,-0.049962261075566186,-0.5507019176764396,66,0.24242424242424243,0.6503063968485374,-603.95839579941,0.35135135135135137,0.3266891891891892,0.28783783783783784,0.18175675675675676,0.30704391891891897,False
USA30IDXUSD1440_comma,daily,50,500,long_short,combined,0.0,-0.018745903640321915,-0.5287328419649258,-0.6278569593304641,-0.04582952789949418,-0.4090354952255315,99,0.2828282828282828,0.7797698335682529,-225.3544109356394,0.21824324324324323,0.3560810810810811,0.375,0.3706081081081081,0.3069087837837838,False
USA30IDXUSD1440_comma,daily,40,150,long_short,slow_slope,0.001,-0.03196411002711519,-0.41422382472447034,-0.47949772788794487,-0.059384059133124514,-0.5382607806492224,75,0.26666666666666666,0.7003324447015344,-438.9114851496256,0.3804054054054054,0.26722972972972975,0.24425675675675676,0.2577702702702703,0.3064864864864865,False
USA30IDXUSD1440_comma,daily,10,500,long_only,combined,0.0025,-0.00988727000955092,-0.6548416616485562,-0.8082688023489977,-0.039013965690779744,-0.25342899227205706,203,0.35960591133004927,0.9041973270253715,-60.997685035648935,0.1,0.39763513513513515,0.46655405405405403,0.48952702702702705,0.30614864864864866,False
USA30IDXUSD1440_comma,daily,40,200,long_short,price_slow,0.005,-0.030434537846136034,-0.4308358284225128,-0.5030729059390469,-0.05576894597673178,-0.5457255344010643,69,0.2463768115942029,0.6978194466704405,-496.10878368223507,0.3570945945945946,0.2908783783783784,0.26182432432432434,0.25405405405405407,0.30603040540540544,False
USA30IDXUSD1440_comma,daily,5,400,long_short,slow_slope,0.0025,-0.029315374331229882,-0.4030310496968164,-0.4593743491433237,-0.053029677818025096,-0.5528107191566873,53,0.18867924528301888,0.5792267431927458,-757.1115809712296,0.3983108108108108,0.30675675675675673,0.2716216216216216,0.10304054054054054,0.30579391891891894,False
USA30IDXUSD1440_comma,daily,60,150,long_only,combined,0.005,-0.012409623097552669,-0.5677111104877703,-0.6946678947754191,-0.04586240974007351,-0.2705837562370699,103,0.2815533980582524,0.8085964016530337,-148.6009453130234,0.17364864864864865,0.3554054054054054,0.43682432432432433,0.40033783783783783,0.30572635135135134,False
USA30IDXUSD1440_comma,daily,50,100,long_short,none,0.0,-0.03674508822839673,-0.3911903574574229,-0.47004453966983395,-0.06529623068115195,-0.5627444010945545,42,0.35714285714285715,0.6978630764249854,-788.000992921009,0.42162162162162165,0.23378378378378378,0.20067567567567568,0.2543918918918919,0.3053885135135136,False
USA30IDXUSD1440_comma,daily,60,150,long_short,slow_slope,0.0,-0.031207619444900248,-0.4254580698207465,-0.5010671791083,-0.058901325865056225,-0.5298288109234985,73,0.2602739726027397,0.7073657416274588,-445.67285745126196,0.36486486486486486,0.2699324324324324,0.25506756756756754,0.2685810810810811,0.3047297297297297,False
USA30IDXUSD1440_comma,daily,100,300,long_short,fast_slope,0.0,-0.02206071962632805,-0.4783428586592974,-0.5980434600050404,-0.049492687972630435,-0.4457369468097525,95,0.30526315789473685,0.717225117148379,-293.3093303517521,0.28074324324324323,0.33006756756756755,0.33885135135135136,0.28074324324324323,0.30469594594594596,False
USA30IDXUSD1440_comma,daily,40,75,long_short,fast_slope,0.0025,-0.03110489664114091,-0.4427056829142483,-0.5317443714212068,-0.06449788289059918,-0.48226228904134416,117,0.36752136752136755,0.8065377998555071,-199.85141878081467,0.33513513513513515,0.2375,0.25574324324324327,0.39763513513513515,0.304222972972973,False
USA30IDXUSD1440_comma,daily,50,150,long_short,slow_slope,0.001,-0.030570107909457134,-0.4212320322580398,-0.49599814526803665,-0.05903722953368049,-0.5178106789719361,69,0.2608695652173913,0.6920059596411032,-461.66070075615016,0.37027027027027026,0.2682432432432432,0.2608108108108108,0.24391891891891893,0.303918918918919,False
USA30IDXUSD1440_comma,daily,30,400,long_short,none,0.001,-0.03340916679598227,-0.38055040636841103,-0.4516385609688985,-0.05208897987438086,-0.6413864674745539,19,0.21052631578947367,0.4556555139875717,-2649.067927512846,0.4375,0.31317567567567567,0.23209459459459458,0.027702702702702704,0.3038682432432433,True
USA30IDXUSD1440_comma,daily,20,100,long_short,combined,0.005,-0.023486322682376715,-0.448540129668967,-0.5505559621966082,-0.07345161918727397,-0.31975227969441267,187,0.39037433155080214,0.8279396460693892,-102.57287155781306,0.3253378378378378,0.1837837837837838,0.3239864864864865,0.4195945945945946,0.30381756756756756,False
USA30IDXUSD1440_comma,daily,20,50,long_short,price_slow,0.005,-0.03194269215142431,-0.4244795453143998,-0.5148954582253963,-0.07335296792666485,-0.43546557220914694,140,0.36428571428571427,0.8132570121259016,-156.35742911828058,0.3668918918918919,0.18513513513513513,0.24493243243243243,0.4060810810810811,0.3029391891891892,False
USA30IDXUSD1440_comma,daily,20,75,long_only,combined,0.0,-0.010543731254585742,-0.6309090297039801,-0.7727514696939591,-0.040400462021336916,-0.2609804622783082,158,0.36075949367088606,0.8441242204677716,-83.2418358252516,0.12060810810810811,0.3902027027027027,0.4577702702702703,0.4358108108108108,0.3027195945945946,False
USA30IDXUSD1440_comma,daily,100,200,long_short,price_slow,0.0025,-0.024816743841364897,-0.4681980071916489,-0.5705887848175073,-0.046381103623165054,-0.5350615208080165,65,0.24615384615384617,0.678160759189366,-547.9467202797863,0.2945945945945946,0.35135135135135137,0.31317567567567567,0.21925675675675677,0.30119932432432434,False
USA30IDXUSD1440_comma,daily,30,50,long_short,combined,0.0,-0.02969859880435821,-0.4248604182781235,-0.5124794124818528,-0.0768544739452094,-0.3864264144925479,169,0.3609467455621302,0.8128326929136389,-130.86491230394554,0.3658783783783784,0.15945945945945947,0.26722972972972975,0.40574324324324323,0.30052364864864867,False
USA30IDXUSD1440_comma,daily,10,50,long_only,fast_slope,0.005,-0.010545126126050408,-0.6710493182217283,-0.8535003159740097,-0.03779085421916134,-0.27903910467055926,190,0.3526315789473684,0.8909416186888913,-69.23073065509818,0.08952702702702703,0.4043918918918919,0.4574324324324324,0.4793918918918919,0.3003040540540541,False
USA30IDXUSD1440_comma,daily,40,500,long_short,combined,0.0,-0.020134804061465728,-0.534913714565708,-0.6226083719911644,-0.04177284124379486,-0.482007051997131,95,0.3157894736842105,0.7451008939023164,-293.9444155822632,0.21047297297297296,0.38344594594594594,0.3584459459459459,0.3236486486486487,0.30028716216216217,False
USA30IDXUSD1440_comma,daily,75,150,long_short,slow_slope,0.0,-0.03142253472958356,-0.43361409349445895,-0.5078516260294781,-0.05319890647199271,-0.5906612901174272,71,0.28169014084507044,0.6782004426866998,-571.8252083854693,0.34966216216216217,0.3064189189189189,0.25236486486486487,0.2195945945945946,0.29988175675675677,False
USA30IDXUSD1440_comma,daily,10,75,long_only,fast_slope,0.001,-0.009743918972453747,-0.64903484975585,-0.8156127649709405,-0.04449409967070528,-0.2189935080059413,206,0.3640776699029126,0.9002193308266861,-59.28941025726522,0.10371621621621621,0.36486486486486486,0.46790540540540543,0.4868243243243243,0.29930743243243246,False
USA30IDXUSD1440_comma,daily,10,300,long_only,combined,0.001,-0.009683342268357875,-0.6829283508781567,-0.8489932831517498,-0.039753392212118425,-0.2435853075553639,213,0.3286384976525822,0.9086366810386985,-57.005399403540174,0.08175675675675675,0.3945945945945946,0.4685810810810811,0.4929054054054054,0.29900337837837837,False
USA30IDXUSD1440_comma,daily,60,300,long_short,price_slow,0.005,-0.026060378976584975,-0.4408110540539299,-0.5305458466035334,-0.050991791827628974,-0.5110700770170746,57,0.17543859649122806,0.6303581664228486,-711.527841975171,0.33783783783783783,0.3202702702702703,0.30067567567567566,0.15675675675675677,0.2988513513513513,False
USA30IDXUSD1440_comma,daily,5,200,long_only,fast_slope,0.0,-0.011438593914806727,-0.6595242229898043,-0.8388572641395385,-0.04177738881116723,-0.2737986801068131,312,0.375,0.9124451698457228,-45.4850606409936,0.0972972972972973,0.3831081081081081,0.44594594594594594,0.49864864864864866,0.2986824324324324,False
USA30IDXUSD1440_comma,daily,10,250,long_only,fast_slope,0.001,-0.010461849612527718,-0.6779222609984064,-0.8392259349697898,-0.03865178448149051,-0.27066925247753226,216,0.35185185185185186,0.9030409415486269,-60.446985890459054,0.08445945945945946,0.3993243243243243,0.45844594594594595,0.4891891891891892,0.2986824324324324,False
USA30IDXUSD1440_comma,daily,30,300,long_short,price_slow,0.005,-0.029115481204943006,-0.42015239601727716,-0.489387837989213,-0.05782111373004663,-0.5035441091791562,56,0.16071428571428573,0.6380501080635121,-733.8085854809245,0.37195945945945946,0.27871621621621623,0.2739864864864865,0.16655405405405405,0.29824324324324325,False
USA30IDXUSD1440_comma,daily,5,100,long_short,price_slow,0.0,-0.03594827928911182,-0.39933771817788605,-0.4780654987034792,-0.07396105917655915,-0.48604332725003874,133,0.24060150375939848,0.7533719392661394,-204.21383988982606,0.40304054054054056,0.18074324324324326,0.2070945945945946,0.3344594594594595,0.2979898648648649,False
USA30IDXUSD1440_comma,daily,30,400,long_short,price_slow,0.001,-0.029398654973883165,-0.4325275616961099,-0.5089551274863261,-0.04786542474167077,-0.6141939642768746,49,0.12244897959183673,0.5979179811147995,-880.0027239805437,0.35202702702702704,0.3398648648648649,0.2695945945945946,0.12195945945945946,0.29798986486486484,False
USA30IDXUSD1440_comma,daily,10,500,long_only,fast_slope,0.001,-0.012076374192683481,-0.658299231832938,-0.8236365025136336,-0.03953783606667729,-0.3054384203606306,216,0.3472222222222222,0.889581390849314,-69.09679825479273,0.09797297297297297,0.3966216216216216,0.4391891891891892,0.47736486486486485,0.29778716216216217,False
USA30IDXUSD1440_comma,daily,10,75,long_short,slow_slope,0.001,-0.03307377035023584,-0.40775552108061686,-0.4826767604656766,-0.07298983228183897,-0.4531284607221261,124,0.28225806451612906,0.7445389034450152,-222.7766157691184,0.3885135135135135,0.18817567567567567,0.23479729729729729,0.3219594594594595,0.2977027027027027,False
USA30IDXUSD1440_comma,daily,60,100,long_short,none,0.0025,-0.031341006995589615,-0.4096433158139701,-0.48624292235192224,-0.0688453414226715,-0.4552378759104925,38,0.34210526315789475,0.7029635172129756,-894.0123026291587,0.3858108108108108,0.21216216216216216,0.25405405405405407,0.2628378378378378,0.29760135135135135,False
USA30IDXUSD1440_comma,daily,50,150,long_short,slow_slope,0.0,-0.03180299823018573,-0.42826130024316694,-0.5039463619278037,-0.059793270439263815,-0.5318825679971837,73,0.2602739726027397,0.6939968481962973,-458.1100639413221,0.3608108108108108,0.264527027027027,0.2472972972972973,0.24797297297297297,0.2971114864864865,False
USA30IDXUSD1440_comma,daily,50,400,long_short,fast_slope,0.005,-0.02189531544345602,-0.5315000667327237,-0.6359222769299233,-0.04626787809799192,-0.4732292973774024,107,0.308411214953271,0.768397477257051,-236.0131785475003,0.2152027027027027,0.3533783783783784,0.34155405405405403,0.35912162162162165,0.29660472972972973,False
USA30IDXUSD1440_comma,daily,5,500,long_short,price_slow,0.0025,-0.0324650122527399,-0.3966888946675345,-0.4589562130391424,-0.055614310677919956,-0.5837528480889576,52,0.11538461538461539,0.5466722606806831,-795.0780686292005,0.40945945945945944,0.2929054054054054,0.23986486486486486,0.0722972972972973,0.2958277027027027,False
USA30IDXUSD1440_comma,daily,30,100,long_short,none,0.0,-0.037158590876452124,-0.3931831749626748,-0.4718092409619587,-0.06869460606305143,-0.5409244336061272,41,0.34146341463414637,0.69225109945281,-835.6314585566996,0.4168918918918919,0.21351351351351353,0.19425675675675674,0.24425675675675676,0.295625,False
USA30IDXUSD1440_comma,daily,50,500,long_short,combined,0.001,-0.01967854401168634,-0.5385648551194224,-0.6395565846383415,-0.04720362746455727,-0.4168862663459906,99,0.2828282828282828,0.7711702804743839,-235.72499086612498,0.20506756756756755,0.34493243243243243,0.3635135135135135,0.3625,0.29533783783783785,False
USA30IDXUSD1440_comma,daily,30,75,long_short,fast_slope,0.0,-0.029424007072296088,-0.4215208254049379,-0.5029537759031789,-0.07874963195361284,-0.3736399312904495,150,0.4066666666666667,0.7950131372018521,-149.36010371319816,0.3695945945945946,0.14290540540540542,0.2689189189189189,0.3861486486486487,0.2952702702702703,False
USA30IDXUSD1440_comma,daily,40,75,long_short,slow_slope,0.0025,-0.031390147574109184,-0.415089759723827,-0.49372405205401115,-0.07359718418495878,-0.4265128879825332,99,0.35353535353535354,0.740421043483377,-275.0542527206,0.37905405405405407,0.1820945945945946,0.2527027027027027,0.3168918918918919,0.29521959459459457,False
USA30IDXUSD1440_comma,daily,10,300,long_only,combined,0.0,-0.010136231587710487,-0.6892176500873253,-0.8568114694160746,-0.04010934830898919,-0.25271494090665103,215,0.32558139534883723,0.9047639709864808,-58.954275060111925,0.07804054054054053,0.39222972972972975,0.4618243243243243,0.48986486486486486,0.29511824324324326,False
USA30IDXUSD1440_comma,daily,20,75,long_only,combined,0.001,-0.010804095572090833,-0.6368507021156474,-0.7806544714635595,-0.04298126721171862,-0.25136754388537785,156,0.36538461538461536,0.8380866275896008,-86.25476507956621,0.11452702702702702,0.37533783783783786,0.45472972972972975,0.4300675675675676,0.2951013513513514,False
USA30IDXUSD1440_comma,daily,60,200,long_short,none,0.001,-0.03517526211875588,-0.394632128239767,-0.46025890553288223,-0.05631869617481206,-0.6245752211587533,16,0.4375,0.5713895603814866,-2850.9908117533446,0.4152027027027027,0.28783783783783784,0.2141891891891892,0.09358108108108108,0.2949155405405406,True
USA30IDXUSD1440_comma,daily,5,75,long_short,none,0.005,-0.035890189898755365,-0.40685253618791645,-0.49012583291444634,-0.07180711561391226,-0.4998138358840001,105,0.2761904761904762,0.7445773031981473,-263.83782003483793,0.389527027027027,0.19493243243243244,0.20810810810810812,0.3222972972972973,0.2945101351351352,False
USA30IDXUSD1440_comma,daily,10,250,long_short,slow_slope,0.005,-0.031520440875009825,-0.41733002373959693,-0.48545077801292313,-0.06125981198725603,-0.5145370162345106,68,0.20588235294117646,0.6597971461412132,-460.6862062283637,0.37601351351351353,0.2570945945945946,0.25101351351351353,0.19425675675675674,0.2940202702702703,False
USA30IDXUSD1440_comma,daily,75,250,long_short,slow_slope,0.0025,-0.02528969724051444,-0.4330950823044417,-0.522618574169533,-0.05223779672764652,-0.4841264146795462,61,0.21311475409836064,0.5697744111821496,-590.2783484551999,0.3506756756756757,0.3125,0.30945945945945946,0.09121621621621621,0.29396959459459465,False
USA30IDXUSD1440_comma,daily,50,300,long_short,none,0.005,-0.03375838794930108,-0.3893908672164861,-0.45733213300639725,-0.05597828475988133,-0.6030622069630676,12,0.25,0.4798026783543145,-4342.923671670115,0.42533783783783785,0.28952702702702704,0.22837837837837838,0.03581081081081081,0.29356418918918925,True
USA30IDXUSD1440_comma,daily,20,400,long_short,none,0.0025,-0.03417566803524141,-0.3875393410170837,-0.44868062348849447,-0.05574248510083802,-0.6130991105512736,19,0.15789473684210525,0.46234356114518016,-2630.582709905218,0.4283783783783784,0.29121621621621624,0.22398648648648647,0.030405405405405407,0.29351351351351357,True
USA30IDXUSD1440_comma,daily,5,100,long_only,fast_slope,0.001,-0.010280541348507422,-0.6622180678914257,-0.8529182118523144,-0.04630055029349653,-0.22203929075010254,299,0.391304347826087,0.9112977983838844,-42.95780036860187,0.09594594594594595,0.3530405405405405,0.4608108108108108,0.49763513513513513,0.293445945945946,False
USA30IDXUSD1440_comma,daily,5,250,long_only,combined,0.0,-0.011018721791455466,-0.6997479373739426,-0.8806320154659766,-0.0387947741717973,-0.28402592943731486,286,0.36713286713286714,0.9109214519858398,-47.920339255863716,0.0722972972972973,0.39864864864864863,0.4516891891891892,0.4966216216216216,0.29341216216216215,False
USA30IDXUSD1440_comma,daily,40,50,long_only,combined,0.005,-0.008037161972730189,-0.6945331083099292,-0.8900604677068799,-0.03486767040109328,-0.23050470192806982,65,0.47692307692307695,0.8172677161538359,-156.6040243356748,0.07398648648648648,0.4192567567567568,0.4868243243243243,0.4097972972972973,0.29324324324324325,False
USA30IDXUSD1440_comma,daily,5,400,long_short,price_slow,0.0025,-0.03479112722944788,-0.4046895726957491,-0.4697824392698823,-0.05835407918083426,-0.596207286925618,56,0.14285714285714285,0.6234306934805385,-655.3582776179986,0.39594594594594595,0.2733108108108108,0.21891891891891893,0.15033783783783783,0.2930405405405405,False
USA30IDXUSD1440_comma,daily,75,100,long_short,fast_slope,0.001,-0.02560433901950987,-0.4499408252918696,-0.5339508463026492,-0.0669502123599866,-0.3824385034335236,96,0.40625,0.739203296686167,-335.7731066147233,0.3222972972972973,0.22364864864864864,0.30574324324324326,0.31317567567567567,0.29295608108108107,False
USA30IDXUSD1440_comma,daily,20,50,long_short,combined,0.005,-0.02738764711613839,-0.44772247645603397,-0.5529962005213683,-0.07520244364514068,-0.3641856007415536,194,0.33505154639175255,0.8169459898099449,-109.61323713987414,0.327027027027027,0.17060810810810811,0.2891891891891892,0.40945945945945944,0.29271959459459457,False
USA30IDXUSD1440_comma,daily,50,200,long_short,none,0.0,-0.03679337350134637,-0.3949551312692511,-0.4542526019996465,-0.059008700492043605,-0.6235245513720028,16,0.3125,0.606471828363777,-2664.8072907285004,0.4141891891891892,0.26925675675675675,0.2,0.13108108108108107,0.29265202702702703,True
USA30IDXUSD1440_comma,daily,10,400,long_only,fast_slope,0.001,-0.011949874535535865,-0.6698684364819526,-0.8290657039735762,-0.041590396981440854,-0.28732292555101924,219,0.3424657534246575,0.8945511142839607,-67.48800146265403,0.09054054054054055,0.3837837837837838,0.44054054054054054,0.4810810810810811,0.29243243243243244,False
USA30IDXUSD1440_comma,daily,60,150,long_short,slow_slope,0.001,-0.03202649643263589,-0.43285904222877425,-0.5093449188082988,-0.05997974650454706,-0.5339551815246162,73,0.273972602739726,0.6948972807634822,-463.933306171444,0.3510135135135135,0.2635135135135135,0.24324324324324326,0.24966216216216217,0.2923817567567568,False
USA30IDXUSD1440_comma,daily,5,400,long_short,slow_slope,0.005,-0.03134340756168863,-0.41951131479726117,-0.4777087685277778,-0.054836666549868934,-0.5715775508196631,54,0.2037037037037037,0.5937345021213973,-758.0620740873334,0.3733108108108108,0.2983108108108108,0.2537162162162162,0.11722972972972973,0.2922297297297297,False
USA30IDXUSD1440_comma,daily,60,400,long_short,fast_slope,0.0,-0.02216524284902044,-0.5240926065424525,-0.6312518784306552,-0.05032237143850404,-0.44046499032954467,112,0.29464285714285715,0.764175662670656,-225.00910221901935,0.22702702702702704,0.32432432432432434,0.33783783783783783,0.34966216216216217,0.2919087837837838,False
USA30IDXUSD1440_comma,daily,40,75,long_short,fast_slope,0.005,-0.031095275458064675,-0.4579385244058606,-0.5518627860391138,-0.06360873448447492,-0.4888522890775975,95,0.3894736842105263,0.7784341153839094,-252.776307363142,0.31013513513513513,0.24493243243243243,0.2560810810810811,0.3689189189189189,0.2918412162162162,False
USA30IDXUSD1440_comma,daily,5,75,long_only,fast_slope,0.0025,-0.011247315660255941,-0.665644472697858,-0.8539788946330811,-0.04479099279355344,-0.25110663905343744,291,0.37800687285223367,0.9051669427374062,-48.0075417700083,0.09391891891891892,0.36283783783783785,0.4486486486486487,0.4905405405405405,0.29158783783783787,False
USA30IDXUSD1440_comma,daily,10,300,long_short,slow_slope,0.001,-0.03372776843496661,-0.4177071189104582,-0.48324294087455877,-0.05754863024112258,-0.5860742174687892,59,0.22033898305084745,0.6412777253314614,-583.263277947485,0.37533783783783786,0.28006756756756757,0.22905405405405405,0.17060810810810811,0.2915540540540541,False
USA30IDXUSD1440_comma,daily,30,400,long_short,none,0.0,-0.035244342131838136,-0.38963588080356976,-0.4628607679507561,-0.054030844291099514,-0.6523004145919653,20,0.2,0.4474735604416332,-2601.0615415582065,0.4243243243243243,0.30067567567567566,0.2125,0.026013513513513515,0.2913006756756757,False
USA30IDXUSD1440_comma,daily,10,500,long_short,price_slow,0.0025,-0.03148225747220945,-0.4059580855518671,-0.4805609506260892,-0.053609175008204064,-0.5872550261665391,50,0.12,0.5119329665182016,-821.7146019948156,0.3932432432432432,0.3027027027027027,0.25135135135135134,0.05168918918918919,0.2909966216216216,False
USA30IDXUSD1440_comma,daily,40,500,long_short,none,0.005,-0.03351721754614956,-0.3907843691962178,-0.45985438688566277,-0.05409755161583687,-0.6195699536305357,14,0.21428571428571427,0.2958552654064219,-4568.3667769312315,0.422972972972973,0.3,0.23074324324324325,0.0013513513513513514,0.29054054054054057,True
USA30IDXUSD1440_comma,daily,75,100,long_short,none,0.001,-0.03497087664563936,-0.4112512273766256,-0.4890841598638631,-0.06200757863123496,-0.5639774591685724,42,0.42857142857142855,0.6643276585048229,-994.772859128717,0.3837837837837838,0.2527027027027027,0.2168918918918919,0.20168918918918918,0.29032094594594593,False
USA30IDXUSD1440_comma,daily,30,100,long_short,fast_slope,0.0025,-0.0289028253828969,-0.4410147588056068,-0.5286931913036784,-0.07569479193524774,-0.3818337384112437,139,0.381294964028777,0.7962235160377826,-156.95837358502052,0.3375,0.16722972972972974,0.2760135135135135,0.3875,0.2901351351351351,False
USA30IDXUSD1440_comma,daily,5,200,long_only,combined,0.0,-0.01074111261105748,-0.7172075657249896,-0.9134108347421875,-0.03828437123153141,-0.2805612908227937,293,0.36860068259385664,0.9100880622222125,-45.67374666757867,0.06047297297297297,0.4010135135135135,0.4554054054054054,0.49594594594594593,0.28991554054054053,False
USA30IDXUSD1440_comma,daily,75,200,long_short,price_slow,0.001,-0.02770773899398793,-0.45484326096722383,-0.5458854743324553,-0.05092224441700949,-0.5441185735468633,65,0.24615384615384617,0.6462104494068496,-597.452349214277,0.31486486486486487,0.3206081081081081,0.2864864864864865,0.17635135135135135,0.28984797297297304,False
USA30IDXUSD1440_comma,daily,50,200,long_short,none,0.001,-0.03685496276252287,-0.3978293655531919,-0.45709680557884036,-0.05974634498403725,-0.6168571947350019,16,0.375,0.6093839391357829,-2644.354156103401,0.40743243243243243,0.26587837837837835,0.19966216216216215,0.1358108108108108,0.28974662162162157,True
USA30IDXUSD1440_comma,daily,10,300,long_short,slow_slope,0.0,-0.034038966062905684,-0.41942836916977094,-0.48561772728607067,-0.05741994581076437,-0.5928073526068094,58,0.20689655172413793,0.6372630248004292,-600.1729454704554,0.37364864864864866,0.2810810810810811,0.22533783783783784,0.16554054054054054,0.28962837837837835,False
USA30IDXUSD1440_comma,daily,50,300,long_short,price_slow,0.0,-0.028902455055697884,-0.4346245676221913,-0.5149444065530412,-0.05577246663240033,-0.5182208498360974,60,0.16666666666666666,0.6232506793254616,-725.0563120880765,0.34797297297297297,0.2905405405405405,0.27635135135135136,0.15,0.2895945945945946,False
USA30IDXUSD1440_comma,daily,10,400,long_only,fast_slope,0.0,-0.012441052378438733,-0.6746021039273472,-0.8348485135484168,-0.04202842428757727,-0.29601519898322837,219,0.3378995433789954,0.8907523973603638,-70.05364176654142,0.0875,0.38141891891891894,0.43614864864864866,0.47905405405405405,0.2894425675675676,False
USA30IDXUSD1440_comma,daily,20,400,long_short,none,0.0,-0.03546547708228165,-0.39110507384820337,-0.4527959913077024,-0.05490545197393683,-0.6459372577265519,18,0.16666666666666666,0.44808153576298154,-2794.1831091541703,0.42195945945945945,0.2972972972972973,0.21047297297297296,0.026351351351351353,0.2891554054054054,True
USA30IDXUSD1440_comma,daily,20,75,long_only,combined,0.0025,-0.011147950814851315,-0.645569898032452,-0.791201937578627,-0.043841466005706695,-0.2542786961868525,153,0.35947712418300654,0.8314148935242025,-90.55625596670718,0.10878378378378378,0.36824324324324326,0.44932432432432434,0.4226351351351351,0.28883445945945946,False
USA30IDXUSD1440_comma,daily,20,500,long_short,none,0.0025,-0.034127238944498095,-0.39126763043047075,-0.45767859631379604,-0.05524950699611529,-0.6176930944722756,21,0.14285714285714285,0.392263117607813,-2345.2377951499584,0.4209459459459459,0.2959459459459459,0.22466216216216217,0.010135135135135136,0.2888175675675676,False
USA30IDXUSD1440_comma,daily,75,300,long_short,slow_slope,0.005,-0.026788109162630636,-0.4385442255433604,-0.5300474216482989,-0.04898691188580837,-0.5468421692936153,45,0.24444444444444444,0.5392627103603985,-866.401644279516,0.3402027027027027,0.3341216216216216,0.2939189189189189,0.0679054054054054,0.2885810810810811,False
USA30IDXUSD1440_comma,daily,10,150,long_short,none,0.0025,-0.036958703989858344,-0.3992530457578901,-0.4776298761145701,-0.06276886150707395,-0.5888063460525432,49,0.22448979591836735,0.6410071833466646,-686.470697411091,0.40337837837837837,0.24797297297297297,0.19763513513513514,0.17027027027027028,0.2884121621621622,False
USA30IDXUSD1440_comma,daily,60,150,long_short,none,0.0025,-0.0368607275888172,-0.4025773277118581,-0.46579702687038865,-0.06374822238613881,-0.5782236148569386,21,0.3333333333333333,0.6523895210456273,-1886.4821274802841,0.39966216216216216,0.2435810810810811,0.19932432432432431,0.18513513513513513,0.2883952702702703,False
USA30IDXUSD1440_comma,daily,50,200,long_short,price_slow,0.0025,-0.031018122578955087,-0.43998572244468104,-0.5093881608996836,-0.0571842482445066,-0.5424242432344092,65,0.23076923076923078,0.669003189712797,-576.4288784402937,0.3381756756756757,0.28209459459459457,0.2574324324324324,0.20675675675675675,0.2882939189189189,False
USA30IDXUSD1440_comma,daily,50,400,long_short,slow_slope,0.0025,-0.02572560866624185,-0.43587726015033856,-0.5119566029008664,-0.0477585867571317,-0.538659336740116,43,0.18604651162790697,0.44400158190021105,-939.0469274969482,0.34628378378378377,0.34054054054054056,0.30405405405405406,0.024324324324324326,0.2881081081081081,False
USA30IDXUSD1440_comma,daily,5,500,long_short,price_slow,0.005,-0.03292962451232617,-0.4016896536409051,-0.46470163438298806,-0.05691850180347734,-0.5785399030006513,51,0.1568627450980392,0.5345010759111356,-812.9655666999555,0.4,0.2831081081081081,0.23716216216216215,0.06385135135135135,0.2877871621621622,False
USA30IDXUSD1440_comma,daily,20,50,long_short,none,0.001,-0.03729625673304393,-0.39793826538359417,-0.48403044466396783,-0.07683538163484191,-0.48540471771577043,75,0.3466666666666667,0.7351484240755441,-410.2335003200951,0.40675675675675677,0.16013513513513514,0.1912162162162162,0.3091216216216216,0.287347972972973,False
USA30IDXUSD1440_comma,daily,75,250,long_short,combined,0.001,-0.02217595377944026,-0.5061043978347911,-0.6009076062871034,-0.04980569379590555,-0.44524936988757124,96,0.3229166666666667,0.7028007140724779,-313.42302434846874,0.24662162162162163,0.32804054054054055,0.3375,0.2611486486486487,0.28733108108108113,False
USA30IDXUSD1440_comma,daily,10,75,long_short,price_slow,0.0,-0.03699727399567598,-0.41576259644493896,-0.500274720039821,-0.07236527769251573,-0.5112572655753433,140,0.24285714285714285,0.7450759361104181,-202.91337490817924,0.3783783783783784,0.19087837837837837,0.1966216216216216,0.3233108108108108,0.2868918918918919,False
USA30IDXUSD1440_comma,daily,50,400,long_short,price_slow,0.001,-0.028733792554636484,-0.4451435167350901,-0.5214588985458285,-0.04735928828715314,-0.6067192644537887,49,0.12244897959183673,0.5635064577547613,-961.8150772955047,0.3310810810810811,0.3435810810810811,0.2777027027027027,0.08513513513513514,0.28663851351351355,False
USA30IDXUSD1440_comma,daily,40,50,long_short,none,0.0,-0.04005714354136136,-0.4106043537224355,-0.4992105035487154,-0.0716737327056996,-0.5588817831748836,91,0.34065934065934067,0.7556152937999318,-358.4895832687807,0.3847972972972973,0.1956081081081081,0.16385135135135134,0.3385135135135135,0.2863682432432433,False
USA30IDXUSD1440_comma,daily,30,150,long_short,price_slow,0.001,-0.034575169727121824,-0.4318607056945031,-0.509335339724356,-0.06388079496036797,-0.5412451386770072,88,0.20454545454545456,0.7025352324429558,-356.4521837084008,0.3550675675675676,0.24256756756756756,0.22128378378378377,0.2608108108108108,0.28604729729729733,False
USA30IDXUSD1440_comma,daily,20,50,long_short,none,0.0,-0.038109527111411245,-0.3986386432728697,-0.4859411098059717,-0.07529329129429042,-0.5061477119184075,76,0.2894736842105263,0.7258832827240957,-417.100795470118,0.4047297297297297,0.16959459459459458,0.18412162162162163,0.2935810810810811,0.285152027027027,False
USA30IDXUSD1440_comma,daily,20,100,long_short,price_slow,0.0025,-0.03444302158211188,-0.41929618068032015,-0.5026497163555594,-0.07500915361739588,-0.4591842451362358,114,0.2807017543859649,0.7400710114411106,-235.14465901121673,0.37398648648648647,0.17364864864864865,0.2222972972972973,0.3162162162162162,0.28489864864864867,False
USA30IDXUSD1440_comma,daily,10,300,long_only,combined,0.0025,-0.010767123306148152,-0.7029663800840555,-0.8717196938601277,-0.043486538465994776,-0.24759669741402235,212,0.330188679245283,0.8992330328618373,-63.267456863181565,0.07094594594594594,0.37027027027027026,0.45506756756756755,0.4851351351351351,0.2847297297297297,False
USA30IDXUSD1440_comma,daily,50,200,long_short,price_slow,0.0,-0.031834891515332475,-0.4420153251890767,-0.5126114480632704,-0.05814236129625287,-0.5475335161075433,68,0.23529411764705882,0.6724122364246723,-549.4187477371999,0.3368243243243243,0.2760135135135135,0.24695945945945946,0.20945945945945946,0.2845439189189189,False
USA30IDXUSD1440_comma,daily,40,75,long_short,combined,0.001,-0.03166139332331941,-0.45976207663977403,-0.5534103068814937,-0.06419713615999804,-0.49319012057500433,125,0.288,0.7576590177963592,-194.95863222394738,0.30675675675675673,0.24054054054054055,0.24932432432432433,0.34155405405405403,0.2839358108108108,False
USA30IDXUSD1440_comma,daily,60,250,long_short,price_slow,0.001,-0.029365076372194876,-0.4439661344749152,-0.5223139548678706,-0.053371922851350645,-0.550197084972586,57,0.21052631578947367,0.6099675665097518,-830.496209283745,0.3331081081081081,0.3043918918918919,0.2702702702702703,0.13682432432432431,0.2839189189189189,False
USA30IDXUSD1440_comma,daily,30,150,long_short,price_slow,0.0025,-0.034815846864816535,-0.43557593123336347,-0.5130348685578018,-0.06412919441689462,-0.5429016718732462,85,0.2,0.7119514618133722,-363.77670929359175,0.34662162162162163,0.24121621621621622,0.21858108108108107,0.27364864864864863,0.28371621621621623,False
USA30IDXUSD1440_comma,daily,5,50,long_short,price_slow,0.0,-0.03833259717885684,-0.41770474000005925,-0.5078199059743662,-0.07653949442213784,-0.5008211442767219,176,0.2727272727272727,0.7799439399666586,-165.99559604937735,0.37567567567567567,0.16216216216216217,0.18175675675675676,0.3712837837837838,0.28285472972972975,False
USA30IDXUSD1440_comma,daily,50,200,long_short,price_slow,0.001,-0.031845053314859095,-0.4448807229395009,-0.5153287417931216,-0.0582667175191606,-0.5465393396219218,68,0.23529411764705882,0.672844800360142,-546.3349327548722,0.3314189189189189,0.27466216216216216,0.2462837837837838,0.21081081081081082,0.28211148648648654,False
USA30IDXUSD1440_comma,daily,10,300,long_short,slow_slope,0.0025,-0.03543919937950202,-0.4312046681137468,-0.49883925374274235,-0.0597481059989903,-0.5931434777213007,59,0.2033898305084746,0.6683451737014902,-585.0795943436414,0.3560810810810811,0.2652027027027027,0.21081081081081082,0.20574324324324325,0.2817567567567568,False
USA30IDXUSD1440_comma,daily,10,150,long_short,slow_slope,0.005,-0.035229469335486874,-0.426610728230687,-0.5062303536132757,-0.06260453352590291,-0.5627303224120426,82,0.25609756097560976,0.6724711474912847,-391.93894602998336,0.36317567567567566,0.24864864864864866,0.21283783783783783,0.2097972972972973,0.2814695945945946,False
USA30IDXUSD1440_comma,daily,50,500,long_short,price_slow,0.0,-0.02670469656574903,-0.44398197930226696,-0.5249672529836816,-0.04894668141429329,-0.5455874799706194,47,0.0851063829787234,0.4841523177495314,-1033.7874390550048,0.3327702702702703,0.3344594594594595,0.29527027027027025,0.037162162162162164,0.28135135135135136,False
USA30IDXUSD1440_comma,daily,5,250,long_only,combined,0.001,-0.011940046788798564,-0.7161536703391016,-0.8999584874027631,-0.042152956921922405,-0.2832552603821946,285,0.36140350877192984,0.9025782442054905,-51.81963126832578,0.061824324324324324,0.38006756756756754,0.4408783783783784,0.4885135135135135,0.2811993243243243,False
USA30IDXUSD1440_comma,daily,30,100,long_short,price_slow,0.001,-0.03503431644663779,-0.43430590066762054,-0.5177952248297069,-0.07158684684766212,-0.4893959992565582,114,0.2894736842105263,0.7486596481552558,-247.40085086359926,0.34864864864864864,0.1966216216216216,0.21621621621621623,0.3273648648648649,0.2809628378378378,False
USA30IDXUSD1440_comma,daily,40,150,long_short,slow_slope,0.0,-0.03492444341831613,-0.4331217619790032,-0.5013136305195256,-0.06315396453436485,-0.553004766617814,76,0.2631578947368421,0.6859096687665488,-471.3705393526063,0.35033783783783784,0.24695945945945946,0.2179054054054054,0.23378378378378378,0.28052364864864865,False
USA30IDXUSD1440_comma,daily,40,200,long_short,fast_slope,0.0,-0.028919824505523883,-0.4940509532044886,-0.5796882072453119,-0.06042535982912417,-0.4786040925086049,115,0.3826086956521739,0.7741682391697907,-228.6658321853963,0.2628378378378378,0.2611486486486487,0.2756756756756757,0.3652027027027027,0.28033783783783783,False
USA30IDXUSD1440_comma,daily,30,400,long_short,none,0.0025,-0.03557793294079048,-0.39763973405081593,-0.4710259940572702,-0.05617838360388651,-0.6333028944308954,18,0.16666666666666666,0.4260788583418959,-2892.020133764623,0.4077702702702703,0.2885135135135135,0.21013513513513513,0.019932432432432434,0.2802533783783784,True
USA30IDXUSD1440_comma,daily,30,100,long_short,none,0.001,-0.038405898985183984,-0.40548650769198413,-0.4883045366291857,-0.07039896753867203,-0.5455463386460405,43,0.37209302325581395,0.6894370349468649,-813.3240181993763,0.3945945945945946,0.20202702702702702,0.18006756756756756,0.2391891891891892,0.2802364864864865,False
USA30IDXUSD1440_comma,daily,10,75,long_short,slow_slope,0.005,-0.03382842887561599,-0.4247929310282325,-0.5025864334181609,-0.07684263255803123,-0.44022995763541684,117,0.27350427350427353,0.7436292827392722,-213.82648663878234,0.3662162162162162,0.1597972972972973,0.22736486486486487,0.3212837837837838,0.2801013513513514,False
USA30IDXUSD1440_comma,daily,75,150,long_short,slow_slope,0.001,-0.03308795255768071,-0.447797522366224,-0.5238906805921267,-0.05584388805920208,-0.5925080381688861,68,0.3088235294117647,0.6612185463128081,-626.8634236966185,0.3266891891891892,0.2902027027027027,0.23445945945945945,0.1972972972972973,0.27971283783783785,False
USA30IDXUSD1440_comma,daily,40,500,long_short,combined,0.001,-0.02169359858697273,-0.5516628328410842,-0.641833190860474,-0.045710975409300275,-0.4745818349472146,95,0.3157894736842105,0.7283803543010962,-311.524946379384,0.19256756756756757,0.3570945945945946,0.3435810810810811,0.297972972972973,0.27971283783783785,False
USA30IDXUSD1440_comma,daily,40,500,long_short,none,0.0,-0.035392838845982544,-0.39513597098824915,-0.465780833438517,-0.05649857450064672,-0.6264377315498006,12,0.16666666666666666,0.2980740876790841,-5581.27268966572,0.4135135135135135,0.28716216216216217,0.21114864864864866,0.0016891891891891893,0.279679054054054,True
USA30IDXUSD1440_comma,daily,20,400,long_short,price_slow,0.005,-0.03272050434175455,-0.4363712464648625,-0.5061051222795193,-0.051695372923401935,-0.6329484147495594,50,0.1,0.5751503549457239,-878.2187580179375,0.3439189189189189,0.3168918918918919,0.23851351351351352,0.09594594594594595,0.27888513513513513,False
USA30IDXUSD1440_comma,daily,30,75,long_short,fast_slope,0.001,-0.03143976677280036,-0.4382385091397365,-0.523501018060228,-0.07878492981890252,-0.39905813008996494,150,0.4066666666666667,0.7833810042994516,-162.4305475084922,0.34087837837837837,0.14256756756756755,0.2516891891891892,0.37533783783783786,0.2786317567567568,False
USA30IDXUSD1440_comma,daily,60,400,long_short,fast_slope,0.001,-0.023189706027852752,-0.5371356601669122,-0.6452214524951134,-0.05067833716047203,-0.4575861665394224,112,0.2857142857142857,0.7520039694904626,-235.96622720058463,0.20641891891891892,0.32263513513513514,0.3273648648648649,0.3324324324324324,0.2785641891891892,False
USA30IDXUSD1440_comma,daily,40,50,long_short,none,0.0025,-0.035148618427698786,-0.4379655416481225,-0.5338838411809727,-0.07519863070218737,-0.4674103517509447,96,0.4583333333333333,0.7807542134973993,-298.48285344574697,0.3422297297297297,0.17094594594594595,0.21486486486486486,0.37263513513513513,0.2784966216216216,False
USA30IDXUSD1440_comma,daily,40,250,long_short,none,0.005,-0.035581303338238945,-0.4027932167317082,-0.4614899417569201,-0.0606646630936549,-0.5865243705929442,15,0.3333333333333333,0.5567061329724592,-2924.2395458245787,0.3989864864864865,0.2597972972972973,0.2097972972972973,0.07871621621621622,0.2783108108108108,True
USA30IDXUSD1440_comma,daily,10,50,long_short,none,0.0,-0.041018936841178855,-0.4172162581495179,-0.5112260358043168,-0.0747311845891077,-0.548886479810431,95,0.3473684210526316,0.7657793741099375,-320.65110571086825,0.3766891891891892,0.175,0.1543918918918919,0.3530405405405405,0.27826013513513514,False
USA30IDXUSD1440_comma,daily,50,500,long_short,price_slow,0.001,-0.026748738368771563,-0.4461723717463091,-0.5271338669899887,-0.049716691603793994,-0.5380232977274438,46,0.10869565217391304,0.4660855809047379,-1058.482515941817,0.32972972972972975,0.3293918918918919,0.29493243243243245,0.032432432432432434,0.27809121621621624,False
USA30IDXUSD1440_comma,daily,5,200,long_only,combined,0.001,-0.011900238364782822,-0.7355393822516219,-0.936148546840551,-0.04079681023387964,-0.29169531383853853,292,0.3698630136986301,0.899765347576477,-50.420891589076575,0.04831081081081081,0.3875,0.4418918918918919,0.48614864864864865,0.27749999999999997,False
USA30IDXUSD1440_comma,daily,60,150,long_short,none,0.005,-0.0365513723051728,-0.41060945346728356,-0.4730094215637231,-0.06585007323639526,-0.5550695771279857,25,0.56,0.6424660929342593,-1748.7797820790108,0.3844594594594595,0.22939189189189188,0.20304054054054055,0.17162162162162162,0.2774831081081081,False
USA30IDXUSD1440_comma,daily,10,400,long_only,fast_slope,0.0025,-0.013717947991984447,-0.6977599171930361,-0.8634700713925558,-0.04299988725211799,-0.3190228828171814,218,0.3394495412844037,0.8787019750359845,-77.00202645187949,0.07297297297297298,0.375,0.42027027027027025,0.46993243243243243,0.2774831081081081,False
USA30IDXUSD1440_comma,daily,5,250,long_only,combined,0.005,-0.01206786251194325,-0.7216883200334043,-0.9076601449808837,-0.043350661252512475,-0.27837781854466714,284,0.3626760563380282,0.9013890827884146,-52.51815726533626,0.057094594594594594,0.3716216216216216,0.439527027027027,0.4875,0.2767736486486486,False
USA30IDXUSD1440_comma,daily,40,75,long_short,price_slow,0.0025,-0.03314537707898868,-0.4485923183658908,-0.5378735080025259,-0.07058157738275436,-0.46960380184259376,112,0.30357142857142855,0.752374166518576,-232.02754851408096,0.325,0.20033783783783785,0.23344594594594595,0.3327702702702703,0.2766891891891892,False
USA30IDXUSD1440_comma,daily,60,200,long_short,price_slow,0.0025,-0.030282750970477945,-0.45755039492327193,-0.5368339276860813,-0.05485251930793122,-0.5520758454224601,65,0.24615384615384617,0.638352309879626,-657.0081418672881,0.31114864864864866,0.297972972972973,0.26216216216216215,0.16689189189189188,0.27641891891891895,False
USA30IDXUSD1440_comma,daily,50,400,long_short,price_slow,0.0,-0.029727889321329637,-0.4523732487579849,-0.5301661644316283,-0.048816722768317604,-0.6089693784324097,49,0.14285714285714285,0.5562129602504517,-978.7412778771214,0.31824324324324327,0.33547297297297296,0.2668918918918919,0.0777027027027027,0.2761993243243243,False
USA30IDXUSD1440_comma,daily,40,300,long_short,combined,0.0,-0.025429609441000145,-0.5274814142389542,-0.6243812029264495,-0.052986468131257666,-0.4799264857209602,111,0.3153153153153153,0.7494644544596121,-234.6356981142715,0.21993243243243243,0.30777027027027026,0.30844594594594593,0.3290540540540541,0.2759628378378378,False
USA30IDXUSD1440_comma,daily,5,250,long_only,combined,0.0025,-0.012230954438074426,-0.7216683148505331,-0.9066389967060922,-0.043949579739942284,-0.2782951398044583,285,0.36140350877192984,0.8998482810975643,-52.98887697334841,0.057432432432432436,0.3679054054054054,0.43817567567567567,0.4864864864864865,0.27555743243243247,False
USA30IDXUSD1440_comma,daily,20,100,long_only,combined,0.001,-0.012138833297706597,-0.6692434929576193,-0.8343035952840154,-0.0462203476585029,-0.26262964068106665,145,0.3586206896551724,0.8268585224475264,-103.42369426541025,0.09121621621621621,0.35371621621621624,0.43885135135135134,0.4179054054054054,0.27537162162162165,False
USA30IDXUSD1440_comma,daily,5,250,long_only,fast_slope,0.001,-0.013069579681560084,-0.6876390047521937,-0.8711947983096093,-0.048448474851816,-0.2697624583959467,308,0.36688311688311687,0.9014273114573803,-52.1290407510124,0.07939189189189189,0.33716216216216216,0.42905405405405406,0.48783783783783785,0.2750337837837838,False
USA30IDXUSD1440_comma,daily,100,300,long_short,combined,0.001,-0.023332399693989814,-0.5232180538454029,-0.6454250380486214,-0.04705868379422225,-0.49581496575674544,90,0.24444444444444444,0.6743583598170723,-343.1857143076351,0.22837837837837838,0.34662162162162163,0.3256756756756757,0.2125,0.2750168918918919,False
USA30IDXUSD1440_comma,daily,10,250,long_short,slow_slope,0.0,-0.033984654396765346,-0.428385705307631,-0.49838958993947696,-0.06561214240094312,-0.5179628823746021,75,0.2,0.6501965360688703,-438.50311392039623,0.360472972972973,0.23141891891891891,0.2260135135135135,0.18141891891891893,0.2744594594594595,False
USA30IDXUSD1440_comma,daily,50,100,long_short,none,0.001,-0.0383934233793477,-0.4099350396745313,-0.48955040198769745,-0.06835308733327547,-0.5616926005426696,42,0.38095238095238093,0.6624567574417013,-848.5064778422208,0.38547297297297295,0.21655405405405406,0.18074324324324326,0.19864864864864865,0.27427364864864867,False
USA30IDXUSD1440_comma,daily,50,300,long_short,none,0.0,-0.0366841054622189,-0.3960509942682651,-0.4710569474059113,-0.06062444652357834,-0.6051041711028495,14,0.21428571428571427,0.4598141258267756,-3740.8658494009637,0.41114864864864864,0.26047297297297295,0.20135135135135135,0.029391891891891894,0.2742567567567568,True
USA30IDXUSD1440_comma,daily,5,100,long_only,fast_slope,0.0025,-0.01175473448434683,-0.6882713060389736,-0.8854006799515779,-0.05029915351618025,-0.2336964672887698,297,0.3939393939393939,0.8976678662969574,-49.00905449811691,0.07837837837837838,0.32466216216216215,0.4435810810810811,0.4837837837837838,0.2738006756756757,False
USA30IDXUSD1440_comma,daily,100,250,long_short,slow_slope,0.0025,-0.026332340554928835,-0.45426668853797697,-0.547579620253358,-0.052988474532725295,-0.4969446806525101,58,0.22413793103448276,0.5415022969606943,-681.7052498882465,0.3158783783783784,0.30743243243243246,0.29864864864864865,0.06959459459459459,0.2733783783783784,False
USA30IDXUSD1440_comma,daily,20,100,long_only,combined,0.0,-0.012663769889451615,-0.6752907420979731,-0.8423218471189459,-0.04546792126251377,-0.2785209778194174,147,0.35374149659863946,0.8207900386719171,-106.09109579997221,0.08614864864864864,0.35912162162162165,0.4337837837837838,0.4141891891891892,0.273125,False
USA30IDXUSD1440_comma,daily,5,400,long_short,price_slow,0.005,-0.03691377690840281,-0.42081637490200774,-0.48802321601459064,-0.0614460594712091,-0.600750922452545,52,0.1346153846153846,0.6110347347804856,-735.8159157161613,0.37094594594594593,0.25574324324324327,0.19797297297297298,0.13817567567567568,0.27263513513513515,False
USA30IDXUSD1440_comma,daily,40,200,long_short,fast_slope,0.0025,-0.02931966806205588,-0.5030860288649462,-0.589376299095062,-0.06028663605504002,-0.48633776871026346,114,0.3684210526315789,0.7659048642310838,-234.83584452011507,0.24864864864864866,0.26216216216216215,0.27128378378378376,0.35405405405405405,0.2723648648648649,False
USA30IDXUSD1440_comma,daily,30,400,long_short,price_slow,0.0025,-0.03157880113951006,-0.45150292683241755,-0.5305601087751531,-0.05161138927541573,-0.6118572195566168,47,0.10638297872340426,0.5778604245008305,-955.9751280066081,0.31925675675675674,0.3179054054054054,0.25067567567567567,0.09932432432432432,0.27221283783783784,False
USA30IDXUSD1440_comma,daily,100,150,long_short,fast_slope,0.0,-0.031992472166660124,-0.47312789665091876,-0.5663747324477022,-0.06041646551331084,-0.5295323368364143,104,0.34615384615384615,0.7197199461848238,-313.84518469739345,0.28716216216216217,0.26182432432432434,0.24391891891891893,0.28547297297297297,0.27192567567567566,False
USA30IDXUSD1440_comma,daily,20,400,long_short,price_slow,0.0,-0.03417130694684889,-0.43818466047501564,-0.5081364415420454,-0.05366687850568451,-0.6367299142101099,51,0.09803921568627451,0.5775276279345389,-876.71493020806,0.34155405405405403,0.30236486486486486,0.22432432432432434,0.0983108108108108,0.2718243243243243,False
USA30IDXUSD1440_comma,daily,100,250,long_short,fast_slope,0.0025,-0.025601642407436898,-0.49860011651609093,-0.6150026500766252,-0.05324002375328466,-0.4808721071589942,96,0.3125,0.6746973992703665,-339.9658332684232,0.25472972972972974,0.30574324324324326,0.3064189189189189,0.21317567567567566,0.27158783783783785,False
USA30IDXUSD1440_comma,daily,40,250,long_short,price_slow,0.005,-0.03236133946329456,-0.44912552548233464,-0.5203794357160875,-0.05977271427005585,-0.5414065574650759,53,0.22641509433962265,0.6506075471146956,-756.6361941210819,0.32432432432432434,0.2648648648648649,0.2408783783783784,0.18277027027027026,0.27153716216216217,False
USA30IDXUSD1440_comma,daily,30,500,long_short,price_slow,0.0,-0.02990178896734419,-0.4422504085275425,-0.5174737787940855,-0.05181400361199655,-0.5770986004335901,49,0.08163265306122448,0.46608302852859435,-1017.0254318599739,0.3358108108108108,0.3162162162162162,0.26554054054054055,0.03209459459459459,0.2713006756756757,False
USA30IDXUSD1440_comma,daily,30,100,long_short,combined,0.0,-0.03010533509020019,-0.4686910599151371,-0.5600289262320125,-0.0738001985534471,-0.40793027227965384,150,0.38,0.7779040879851313,-153.70927398197983,0.2935810810810811,0.1810810810810811,0.2635135135135135,0.3679054054054054,0.27059121621621623,False
USA30IDXUSD1440_comma,daily,40,75,long_short,combined,0.005,-0.03105751792653122,-0.47502246439233425,-0.5733919382539016,-0.06568930133173334,-0.4727941582098679,99,0.31313131313131315,0.7400466766246528,-241.36719234910083,0.28547297297297297,0.23006756756756758,0.2570945945945946,0.31554054054054054,0.2704560810810811,False
USA30IDXUSD1440_comma,daily,40,250,long_short,fast_slope,0.0,-0.030116181368525008,-0.5185859808875554,-0.60483145440928,-0.05641987329929173,-0.5337867600086063,110,0.34545454545454546,0.7572332567745849,-256.8198547986768,0.23344594594594595,0.2875,0.2631756756756757,0.34121621621621623,0.26907094594594594,False
USA30IDXUSD1440_comma,daily,10,200,long_only,combined,0.0025,-0.01174364320088872,-0.7625077764901953,-0.9491994961498781,-0.04209489557229074,-0.2789802193646266,212,0.35377358490566035,0.879880015292224,-68.59873018103009,0.03513513513513514,0.3810810810810811,0.4445945945945946,0.47195945945945944,0.26903716216216217,False
USA30IDXUSD1440_comma,daily,20,500,long_short,none,0.0,-0.036900796751594744,-0.4047794855097859,-0.47511280495880764,-0.0587434683101399,-0.6281685064418503,20,0.15,0.4103618784988645,-2623.820596903357,0.3956081081081081,0.2706081081081081,0.19864864864864865,0.015202702702702704,0.2679054054054054,False
USA30IDXUSD1440_comma,daily,60,250,long_short,none,0.001,-0.037929805718282084,-0.4055742107366067,-0.47683551156003073,-0.057925776842695564,-0.6548001215639291,11,0.2727272727272727,0.4402280091277407,-5176.164203122608,0.39425675675675675,0.2773648648648649,0.18547297297297297,0.022972972972972974,0.26758445945945947,True
USA30IDXUSD1440_comma,daily,75,200,long_short,price_slow,0.005,-0.029920056009865026,-0.4913418116281089,-0.598097140518157,-0.05420328598607742,-0.5519970877328406,64,0.265625,0.6783749238124617,-549.0777952867611,0.26554054054054055,0.2993243243243243,0.2648648648648649,0.22027027027027027,0.2670608108108108,False
USA30IDXUSD1440_comma,daily,10,400,long_only,fast_slope,0.005,-0.014361324721319013,-0.7127857475056845,-0.8825871959595972,-0.045545458694316886,-0.31531847813206904,218,0.3394495412844037,0.8738813889855045,-80.30135374942743,0.06351351351351352,0.3584459459459459,0.4114864864864865,0.4648648648648649,0.26704391891891893,False
USA30IDXUSD1440_comma,daily,5,100,long_short,price_slow,0.001,-0.03848579075668468,-0.4207904939785667,-0.5037284418843878,-0.07703152988972939,-0.49961088416362853,128,0.25,0.7216260781537672,-231.119688497854,0.3712837837837838,0.15743243243243243,0.1793918918918919,0.2885135135135135,0.267027027027027,False
USA30IDXUSD1440_comma,daily,75,300,long_short,slow_slope,0.0025,-0.029341840935564356,-0.4536113292790377,-0.5457160817668256,-0.05191415042707791,-0.5651992894842779,45,0.2222222222222222,0.5022509758626779,-964.9970156426393,0.3168918918918919,0.3152027027027027,0.27094594594594595,0.04527027027027027,0.26653716216216217,False
USA30IDXUSD1440_comma,daily,5,250,long_only,fast_slope,0.0,-0.013938492443643535,-0.6953652636981411,-0.8806446751199947,-0.05076900266250863,-0.27454729682796564,311,0.3729903536977492,0.8966860819304019,-54.770568594193364,0.07364864864864865,0.3219594594594595,0.4175675675675676,0.4831081081081081,0.2659290540540541,False
USA30IDXUSD1440_comma,daily,10,100,long_short,price_slow,0.001,-0.03709919633494685,-0.42180304098474125,-0.5049801777298721,-0.07834581629240428,-0.47353130123099707,117,0.26495726495726496,0.717418398222611,-239.05121255172887,0.36858108108108106,0.14831081081081082,0.1956081081081081,0.2814189189189189,0.26584459459459464,False
USA30IDXUSD1440_comma,daily,50,100,long_short,price_slow,0.0025,-0.03372803253841905,-0.4561299212034752,-0.5389440239302198,-0.07216324212352962,-0.4673852164330856,100,0.28,0.7347171276640933,-277.6111769139163,0.31317567567567567,0.1929054054054054,0.2287162162162162,0.3087837837837838,0.2655574324324324,False
USA30IDXUSD1440_comma,daily,20,100,long_only,combined,0.005,-0.012603054791186064,-0.6876045121269758,-0.8565174313611589,-0.04685074817814271,-0.2690043442479275,140,0.36428571428571427,0.8070572778558073,-110.90225002172116,0.07972972972972973,0.34797297297297297,0.43445945945945946,0.3983108108108108,0.26552364864864864,False
USA30IDXUSD1440_comma,daily,100,250,long_short,slow_slope,0.005,-0.02691335336218792,-0.46226050377392436,-0.5564851803043424,-0.05483242290739164,-0.49082918344941284,55,0.23636363636363636,0.5442802317644717,-706.2347340509366,0.3033783783783784,0.29864864864864865,0.2925675675675676,0.07094594594594594,0.26516891891891897,False
USA30IDXUSD1440_comma,daily,10,50,long_short,none,0.001,-0.04138912135145856,-0.42650157727327065,-0.5217545110107529,-0.0755473545473182,-0.5478566602293793,92,0.34782608695652173,0.7401918327420507,-334.7369766679195,0.3635135135135135,0.1679054054054054,0.15033783783783783,0.31655405405405407,0.2649324324324325,False
USA30IDXUSD1440_comma,daily,30,400,long_short,price_slow,0.0,-0.03304650658022057,-0.45805164257178005,-0.5390627197335484,-0.05194876608125933,-0.6361365066598221,51,0.11764705882352941,0.5776529966660467,-900.2604163812118,0.3097972972972973,0.31486486486486487,0.23581081081081082,0.09864864864864865,0.2645945945945946,False
USA30IDXUSD1440_comma,daily,5,200,long_only,fast_slope,0.001,-0.014633768527505642,-0.708583049382928,-0.8962961090925622,-0.04797082374341483,-0.3050556022506177,312,0.3717948717948718,0.8876530410873179,-57.078631895983655,0.06722972972972972,0.3385135135135135,0.40844594594594597,0.4756756756756757,0.26456081081081084,False
USA30IDXUSD1440_comma,daily,20,75,long_only,combined,0.005,-0.013125523091043312,-0.6798073041075865,-0.833528199494809,-0.04720803700554516,-0.27803577364383014,145,0.35172413793103446,0.8026734288095849,-111.16568762911477,0.08344594594594594,0.34459459459459457,0.4277027027027027,0.3945945945945946,0.26425675675675675,False
USA30IDXUSD1440_comma,daily,40,100,long_short,price_slow,0.0,-0.034896112095895826,-0.44288656894167205,-0.5251076627650323,-0.07609035527805952,-0.45861413011378116,114,0.2894736842105263,0.7320924450555455,-239.90395638390513,0.3347972972972973,0.16418918918918918,0.21824324324324323,0.3037162162162162,0.2641722972972973,False
USA30IDXUSD1440_comma,daily,40,150,long_short,fast_slope,0.0025,-0.03189262130026693,-0.49140400556837927,-0.5693631129959512,-0.06693736390655013,-0.47645469494125225,115,0.3739130434782609,0.7653403789853259,-246.70070149439834,0.2652027027027027,0.22398648648648647,0.2456081081081081,0.35236486486486485,0.264054054054054,False
USA30IDXUSD1440_comma,daily,40,50,long_only,combined,0.0025,-0.014819021216254336,-0.6451096827761474,-0.8073237683234588,-0.04692842947382733,-0.3157791850783994,99,0.3838383838383838,0.7593455840338273,-181.95823534650089,0.10945945945945947,0.3476351351351351,0.40675675675675677,0.34493243243243243,0.26378378378378375,False
USA30IDXUSD1440_comma,daily,10,200,long_only,combined,0.0,-0.012454644309861762,-0.7671600020360182,-0.9546474665128409,-0.04316801000391049,-0.2885156000643422,213,0.3568075117370892,0.8754707478460673,-72.09975115574477,0.03141891891891892,0.3722972972972973,0.4358108108108108,0.4672297297297297,0.2628885135135135,False
USA30IDXUSD1440_comma,daily,20,400,long_short,price_slow,0.0025,-0.03472746239059388,-0.44557476576479943,-0.5171556350498459,-0.05546647290857063,-0.6260982638618043,51,0.11764705882352941,0.5689416407244943,-886.9876225570251,0.33006756756756755,0.2939189189189189,0.21925675675675677,0.08952702702702703,0.2627871621621622,False
USA30IDXUSD1440_comma,daily,100,300,long_short,fast_slope,0.001,-0.025628949742809826,-0.511289769138991,-0.6379507071004179,-0.05598312174800202,-0.4577977958816578,95,0.30526315789473685,0.6785885296676611,-332.4302851374852,0.2402027027027027,0.2891891891891892,0.3054054054054054,0.2206081081081081,0.26255067567567564,False
USA30IDXUSD1440_comma,daily,40,500,long_short,combined,0.0025,-0.023075263824836045,-0.5670538155653086,-0.6592127768838697,-0.04789230215622509,-0.48181571538499735,94,0.3191489361702128,0.7169130614687923,-330.78485015312674,0.17466216216216215,0.33918918918918917,0.32837837837837835,0.28040540540540543,0.26239864864864865,False
USA30IDXUSD1440_comma,daily,40,500,long_short,fast_slope,0.005,-0.025009732755841396,-0.5623503147390991,-0.6572436870602406,-0.04707144050015642,-0.5313143700320428,94,0.32978723404255317,0.7103193439930807,-346.61752764353406,0.18006756756756756,0.34628378378378377,0.31283783783783786,0.2719594594594595,0.2619594594594595,False
USA30IDXUSD1440_comma,daily,30,50,long_short,price_slow,0.0,-0.0362942625126117,-0.44932287610568944,-0.5402987099277295,-0.07838273181341879,-0.46303900965082556,161,0.32298136645962733,0.7698300694621998,-175.92119920339547,0.3236486486486487,0.14662162162162162,0.20540540540540542,0.36114864864864865,0.26136824324324326,False
USA30IDXUSD1440_comma,daily,60,250,long_short,none,0.0025,-0.03837512838053725,-0.4119568893780154,-0.4848356237280098,-0.05860615718008987,-0.6547968716429395,12,0.3333333333333333,0.44202822929476243,-4776.897119913131,0.3831081081081081,0.2722972972972973,0.1810810810810811,0.02364864864864865,0.2610810810810811,True
USA30IDXUSD1440_comma,daily,5,500,long_short,combined,0.001,-0.0259967550970841,-0.5764138386782356,-0.7072732096831461,-0.058378692967805956,-0.4453123866856784,326,0.3619631901840491,0.8498064002618492,-83.15446084294123,0.16554054054054054,0.27297297297297296,0.3016891891891892,0.44155405405405407,0.2610304054054054,False
USA30IDXUSD1440_comma,daily,10,500,long_only,fast_slope,0.005,-0.014359663833895975,-0.7055675777717233,-0.8768716125832293,-0.04976705487869642,-0.2885375449460815,214,0.34579439252336447,0.8681507137457691,-81.79367186169848,0.0679054054054054,0.3287162162162162,0.4118243243243243,0.45844594594594595,0.260472972972973,False
USA30IDXUSD1440_comma,daily,10,250,long_only,fast_slope,0.0,-0.013924903283848544,-0.7218076058277709,-0.889666547562391,-0.048720155925757264,-0.28581401309692356,218,0.3486238532110092,0.874982822358642,-78.06621375353541,0.05675675675675676,0.3358108108108108,0.41824324324324325,0.46621621621621623,0.2602364864864865,False
USA30IDXUSD1440_comma,daily,60,75,long_only,price_slow,0.005,-0.01325550622788485,-0.6467944943831286,-0.8050695816815173,-0.04684404937309515,-0.28297097294706,62,0.3709677419354839,0.7295860925231115,-262.3529724651985,0.1070945945945946,0.34831081081081083,0.4260135135135135,0.2996621621621622,0.26006756756756755,False
USA30IDXUSD1440_comma,daily,30,75,long_short,fast_slope,0.005,-0.03076648256237524,-0.4562491399189429,-0.5534204184130552,-0.08310412974020254,-0.37021604893230253,126,0.36507936507936506,0.7684680302293764,-186.15079015504392,0.31283783783783786,0.11554054054054054,0.2594594594594595,0.35945945945945945,0.2598310810810811,False
USA30IDXUSD1440_comma,daily,5,250,long_only,fast_slope,0.0025,-0.014276439114282113,-0.7162757365512546,-0.9002618733164488,-0.050893017123202884,-0.28051862360058966,306,0.3627450980392157,0.8916447329361497,-56.8991140745216,0.06148648648648649,0.3212837837837838,0.4135135135135135,0.4804054054054054,0.25967905405405406,False
USA30IDXUSD1440_comma,daily,100,250,long_short,slow_slope,0.0,-0.0282937700947965,-0.4665896540052354,-0.5613489079715479,-0.05414794739990999,-0.522527103120506,62,0.22580645161290322,0.5298199758735529,-665.3334895355854,0.29695945945945945,0.2996621621621622,0.2827702702702703,0.060810810810810814,0.259375,False
USA30IDXUSD1440_comma,daily,40,500,long_short,combined,0.005,-0.02345979676816201,-0.5741791294807814,-0.6672548002665033,-0.04782205512099573,-0.4905643789001919,93,0.3118279569892473,0.7119709235128873,-339.6789220329366,0.16925675675675675,0.3402027027027027,0.32466216216216215,0.2743243243243243,0.2588344594594595,False
USA30IDXUSD1440_comma,daily,30,150,long_short,price_slow,0.0,-0.03746453182436105,-0.4500930247960379,-0.5304892548345046,-0.06584329262120707,-0.5689954182560779,91,0.17582417582417584,0.6836157427650368,-373.2337348229479,0.3219594594594595,0.22972972972972974,0.1902027027027027,0.22905405405405405,0.25861486486486485,False
USA30IDXUSD1440_comma,daily,60,250,long_short,price_slow,0.0025,-0.031657445598061495,-0.46429312134392897,-0.5461543351407425,-0.05621493140500751,-0.56315012411883,57,0.21052631578947367,0.5875182710646996,-861.7558037195319,0.30067567567567566,0.2881756756756757,0.24966216216216217,0.10844594594594595,0.25851351351351354,False
USA30IDXUSD1440_comma,daily,30,100,long_short,price_slow,0.0,-0.03736250924253015,-0.4470677352152545,-0.5310093901821289,-0.07349850522390707,-0.5083437973154472,113,0.2920353982300885,0.7242687049978469,-265.825118640273,0.3273648648648649,0.1831081081081081,0.19087837837837837,0.2902027027027027,0.2584290540540541,False
USA30IDXUSD1440_comma,daily,5,500,long_short,combined,0.0,-0.026438900168760493,-0.5789772216737028,-0.7099835868324451,-0.058929527527759026,-0.4486528448120737,327,0.36085626911314983,0.8469812582957049,-84.05206116076369,0.16283783783783784,0.2695945945945946,0.297972972972973,0.43851351351351353,0.2579054054054054,False
USA30IDXUSD1440_comma,daily,10,250,long_only,combined,0.005,-0.013252099504142856,-0.7644926490597513,-0.9416899864820458,-0.045262300817442744,-0.29278448653312583,211,0.32701421800947866,0.8700436204572427,-77.07127152249993,0.03310810810810811,0.3608108108108108,0.4266891891891892,0.46047297297297296,0.2578547297297297,False
USA30IDXUSD1440_comma,daily,75,250,long_short,slow_slope,0.005,-0.028299933264228527,-0.46164640064497475,-0.5534277003361214,-0.05682443279889648,-0.49802403421047625,59,0.22033898305084745,0.513219984205298,-708.0055042851322,0.3043918918918919,0.28445945945945944,0.28243243243243243,0.052364864864864864,0.2572128378378379,False
USA30IDXUSD1440_comma,daily,75,250,long_short,combined,0.0,-0.025237988123150923,-0.5291361129301934,-0.6235507174090952,-0.053586214095220214,-0.4709791230689332,96,0.3229166666666667,0.6763342896850606,-348.7047709798939,0.21722972972972973,0.3033783783783784,0.31013513513513513,0.21621621621621623,0.25719594594594597,False
USA30IDXUSD1440_comma,daily,10,75,long_short,price_slow,0.005,-0.038107102039258045,-0.4360286599037698,-0.5225720156121907,-0.07696062753891753,-0.4951506147736128,123,0.2845528455284553,0.7173991422088898,-240.35624182642886,0.3456081081081081,0.15777027027027027,0.18445945945945946,0.2810810810810811,0.2567398648648649,False
USA30IDXUSD1440_comma,daily,40,500,long_short,none,0.0025,-0.037740696722509126,-0.41416701069881195,-0.48827705708701846,-0.05912319216928309,-0.6383399701161088,14,0.14285714285714285,0.2786413773673953,-4809.264964221196,0.38074324324324327,0.26756756756756755,0.18682432432432433,0.00033783783783783786,0.25660472972972975,True
USA30IDXUSD1440_comma,daily,10,150,long_short,slow_slope,0.001,-0.03818018248746402,-0.4421257250699092,-0.5239144551182882,-0.06618860430783222,-0.5768392140419569,85,0.23529411764705882,0.658486825499739,-409.94460967236415,0.33614864864864863,0.22702702702702704,0.18277027027027026,0.19155405405405404,0.25650337837837833,False
USA30IDXUSD1440_comma,daily,40,500,long_short,none,0.001,-0.038014808607790274,-0.41352457278425564,-0.4874984441982611,-0.05942523583996489,-0.639708165570702,13,0.15384615384615385,0.2799445023171629,-5283.38554849307,0.3810810810810811,0.2668918918918919,0.1847972972972973,0.0006756756756756757,0.2562162162162162,True
USA30IDXUSD1440_comma,daily,40,150,long_short,slow_slope,0.005,-0.033311239116286195,-0.44689088326573684,-0.528714727241952,-0.06909549989978725,-0.4821043217662394,64,0.328125,0.6431856562157928,-515.952043012318,0.32837837837837835,0.2097972972972973,0.23243243243243245,0.17263513513513515,0.2561824324324324,False
USA30IDXUSD1440_comma,daily,50,500,long_short,fast_slope,0.001,-0.02520654504356068,-0.5666146392255742,-0.6752211324889418,-0.05294684488648642,-0.47607265546419986,106,0.29245283018867924,0.7367000544756114,-275.8323221038257,0.17601351351351352,0.3081081081081081,0.3108108108108108,0.31013513513513513,0.25611486486486484,False
USA30IDXUSD1440_comma,daily,5,250,long_only,fast_slope,0.005,-0.014553825674637588,-0.7239015754597531,-0.9105821618941647,-0.05101768065753982,-0.2852702335163232,305,0.3639344262295082,0.8898824967476439,-58.097634471221895,0.05540540540540541,0.3199324324324324,0.40878378378378377,0.4783783783783784,0.25565878378378376,False
USA30IDXUSD1440_comma,daily,60,250,long_short,none,0.0,-0.03940608950949165,-0.41298718715313937,-0.4848820752041977,-0.060231755092831255,-0.6542410967231094,12,0.3333333333333333,0.42934263738271816,-4860.17864244815,0.38175675675675674,0.2625,0.17027027027027028,0.020945945945945947,0.2555236486486486,True
USA30IDXUSD1440_comma,daily,100,250,long_short,slow_slope,0.001,-0.028253959352561142,-0.4691343308313474,-0.5653597551092654,-0.055701251656468685,-0.5072410136636483,60,0.21666666666666667,0.5250094628257597,-684.2029202428358,0.2929054054054054,0.2918918918918919,0.2831081081081081,0.058445945945945946,0.2555236486486486,False
USA30IDXUSD1440_comma,daily,75,100,long_short,combined,0.001,-0.026135546029815937,-0.5040571558629512,-0.6016651126492103,-0.0724848449616877,-0.3605656609133956,114,0.3684210526315789,0.742105040158513,-240.66867964076908,0.2483108108108108,0.19054054054054054,0.30033783783783785,0.3199324324324324,0.25501689189189186,False
USA30IDXUSD1440_comma,daily,50,400,long_short,fast_slope,0.0025,-0.02605517109842137,-0.5621925462953987,-0.6733717131991003,-0.053699301202266445,-0.485205030886355,110,0.3090909090909091,0.7388301853815904,-265.5899892831587,0.18074324324324326,0.3016891891891892,0.3010135135135135,0.31216216216216214,0.25474662162162165,False
USA30IDXUSD1440_comma,daily,30,50,long_short,slow_slope,0.005,-0.035377764225516084,-0.45755363626007867,-0.5525560322661542,-0.08026613539681327,-0.44075579384279984,113,0.3805309734513274,0.7708567790774501,-257.44670687460354,0.3108108108108108,0.13277027027027027,0.21182432432432433,0.3618243243243243,0.25415540540540543,False
USA30IDXUSD1440_comma,daily,5,150,long_only,combined,0.001,-0.012939140080683087,-0.7823744373316501,-1.0261996350177542,-0.04729719359246799,-0.2735709901135366,295,0.3593220338983051,0.8852012629399209,-53.92551463351194,0.02668918918918919,0.34425675675675677,0.4304054054054054,0.475,0.2540709459459459,False
USA30IDXUSD1440_comma,daily,20,500,long_short,none,0.001,-0.03860284466442654,-0.41652747076711016,-0.4889867585600356,-0.06109794315905677,-0.6318190542672024,20,0.15,0.4028988550546458,-2641.993599797474,0.37736486486486487,0.2581081081081081,0.1783783783783784,0.012837837837837839,0.25307432432432436,False
USA30IDXUSD1440_comma,daily,10,300,long_short,fast_slope,0.0025,-0.031607053744405755,-0.550193977549111,-0.6647086892975549,-0.06434976429855283,-0.4911759054433176,264,0.3371212121212121,0.8473932850618427,-104.93565291866781,0.19324324324324324,0.23885135135135135,0.25033783783783786,0.4391891891891892,0.2529560810810811,False
USA30IDXUSD1440_comma,daily,20,400,long_short,none,0.005,-0.03771147803607178,-0.42498603663817147,-0.48499120403807594,-0.06083326846472069,-0.6199153684787126,20,0.15,0.44809407853575867,-2547.823538970485,0.3655405405405405,0.2594594594594595,0.1875,0.02668918918918919,0.25258445945945945,False
USA30IDXUSD1440_comma,daily,75,200,long_short,price_slow,0.0025,-0.03179715402175143,-0.4949414477885614,-0.5952207761874523,-0.057109485674183974,-0.5567753525772892,66,0.2727272727272727,0.650760823235078,-579.7147634837785,0.26182432432432434,0.28243243243243243,0.24763513513513513,0.1837837837837838,0.25243243243243246,False
USA30IDXUSD1440_comma,daily,10,200,long_only,combined,0.001,-0.013253864033541674,-0.7814534133476967,-0.9712194221279661,-0.04651032246816639,-0.28496607484528136,213,0.3568075117370892,0.86686553401077,-76.35695008063782,0.027364864864864866,0.35,0.4263513513513513,0.4574324324324324,0.25233108108108104,False
USA30IDXUSD1440_comma,daily,30,500,long_short,price_slow,0.005,-0.030870729835972832,-0.4610315921440854,-0.5377197426545441,-0.05547233651396364,-0.5565067523016985,43,0.09302325581395349,0.47815696724129075,-1126.587504786857,0.3047297297297297,0.2935810810810811,0.2587837837837838,0.034797297297297296,0.25226351351351356,False
USA30IDXUSD1440_comma,daily,60,200,long_short,none,0.005,-0.03855170092042692,-0.43334548662386263,-0.502273400150897,-0.06171508177465969,-0.6246722812616659,18,0.2777777777777778,0.5640062271403882,-2743.3382948994295,0.35,0.2537162162162162,0.17905405405405406,0.08547297297297297,0.2520608108108108,True
USA30IDXUSD1440_comma,daily,5,200,long_only,combined,0.0025,-0.01428377388352109,-0.7729728061914696,-0.9821938419977306,-0.04695967415007123,-0.3041710604267347,292,0.363013698630137,0.8794706305211357,-59.65515106190588,0.029391891891891894,0.3472972972972973,0.41283783783783784,0.47162162162162163,0.2518918918918919,False
USA30IDXUSD1440_comma,daily,40,100,long_short,fast_slope,0.0,-0.03673176407507672,-0.4833514965532934,-0.5754535125681555,-0.07225539383853029,-0.508360166953923,130,0.35384615384615387,0.7688336720120075,-216.51006501664557,0.2743243243243243,0.19155405405405404,0.20101351351351351,0.3597972972972973,0.2517905405405405,False
USA30IDXUSD1440_comma,daily,60,200,long_short,price_slow,0.0,-0.033789116909947126,-0.4676404595732948,-0.5391040820684454,-0.060847090936518945,-0.5553119531252351,68,0.23529411764705882,0.6178215397857334,-679.5765343597382,0.2962837837837838,0.2591216216216216,0.22804054054054054,0.14425675675675675,0.2505405405405406,False
USA30IDXUSD1440_comma,daily,40,250,long_short,fast_slope,0.001,-0.03143012911902365,-0.5316706661745507,-0.6192496038422854,-0.05974742096945055,-0.5260499718488969,110,0.34545454545454546,0.7419532659601104,-269.14715474613087,0.2141891891891892,0.26554054054054055,0.252027027027027,0.3195945945945946,0.25040540540540546,False
USA30IDXUSD1440_comma,daily,40,100,long_short,none,0.001,-0.04092384796384263,-0.424112020339398,-0.5081195664665474,-0.07777117838580899,-0.5262084079635092,42,0.42857142857142855,0.6823282202758675,-880.7042107938101,0.3675675675675676,0.1527027027027027,0.1554054054054054,0.22702702702702704,0.25033783783783786,False
USA30IDXUSD1440_comma,daily,5,50,long_short,price_slow,0.001,-0.041149235704171394,-0.43825600818522936,-0.5334942127168543,-0.08084552873315268,-0.5089859185656751,176,0.2727272727272727,0.7578185346763738,-179.7560531148862,0.34054054054054056,0.12905405405405404,0.1527027027027027,0.3418918918918919,0.25030405405405404,False
USA30IDXUSD1440_comma,daily,5,75,long_short,price_slow,0.0025,-0.04083042089417899,-0.43732211112951414,-0.5252390257668245,-0.07756689032541328,-0.5263898130102258,135,0.26666666666666666,0.7198341625851458,-232.2345490431713,0.34290540540540543,0.15472972972972973,0.1570945945945946,0.28581081081081083,0.2501351351351352,False
USA30IDXUSD1440_comma,daily,5,300,long_short,slow_slope,0.0,-0.037912853461335105,-0.44692382028517674,-0.5161474682786371,-0.06429393431922285,-0.5896800975515939,63,0.20634920634920634,0.619425141426907,-618.7624011958495,0.3277027027027027,0.2402027027027027,0.1858108108108108,0.14560810810810812,0.25013513513513513,False
USA30IDXUSD1440_comma,daily,60,250,long_short,price_slow,0.005,-0.03232649295357304,-0.4757800615819225,-0.5581056525578395,-0.05685903224166135,-0.5685375160129265,56,0.19642857142857142,0.590268261749151,-867.4439702702481,0.2851351351351351,0.28378378378378377,0.24155405405405406,0.11182432432432432,0.25008445945945945,False
USA30IDXUSD1440_comma,daily,20,400,long_short,price_slow,0.001,-0.036401480527511576,-0.45649170811444384,-0.529737681323417,-0.056853434137781635,-0.6402688083765405,51,0.09803921568627451,0.5631121221827828,-912.5258902187186,0.31216216216216214,0.28412162162162163,0.20439189189189189,0.08445945945945946,0.24944256756756755,False
USA30IDXUSD1440_comma,daily,20,150,long_short,price_slow,0.0,-0.03937065657305583,-0.4520030332715871,-0.539499974214263,-0.06908544390009531,-0.5698835290106823,95,0.18947368421052632,0.6837604742093901,-362.4217560115607,0.31891891891891894,0.21013513513513513,0.17060810810810811,0.2304054054054054,0.2487837837837838,False
USA30IDXUSD1440_comma,daily,30,500,long_short,price_slow,0.0025,-0.03194623143568187,-0.4632932551134491,-0.5403417088654348,-0.05533630809381483,-0.5773104953355686,46,0.08695652173913043,0.4708072975012613,-1083.6870458293463,0.3016891891891892,0.29493243243243245,0.2445945945945946,0.033445945945945944,0.2483445945945946,False
USA30IDXUSD1440_comma,daily,60,100,long_short,none,0.0,-0.04297145242367284,-0.4297917265079696,-0.49098208986500597,-0.07606703777632123,-0.5649155492295158,40,0.375,0.6913850044894484,-1078.8925770458222,0.3587837837837838,0.16452702702702704,0.13513513513513514,0.24324324324324326,0.2481587837837838,False
USA30IDXUSD1440_comma,daily,10,50,long_only,combined,0.0,-0.014112152599025984,-0.754545849978265,-0.9514198672200126,-0.049171830708565414,-0.28699668886982765,202,0.3564356435643564,0.8515613961165114,-85.28624668678245,0.038513513513513516,0.3327702702702703,0.41486486486486485,0.4435810810810811,0.24810810810810813,False
USA30IDXUSD1440_comma,daily,10,100,long_short,price_slow,0.0025,-0.03860720236872228,-0.43413581606695634,-0.5191034260289601,-0.07968899625270591,-0.48447344281126314,113,0.2743362831858407,0.6984984064984419,-260.18010974899084,0.3489864864864865,0.13716216216216215,0.17736486486486486,0.25574324324324327,0.2477195945945946,False
USA30IDXUSD1440_comma,daily,40,300,long_short,fast_slope,0.0,-0.029813131132152337,-0.5449760396085579,-0.6450412115394977,-0.057901866347895514,-0.5148906764597911,109,0.3394495412844037,0.7321439691991583,-275.17559619337754,0.1983108108108108,0.2777027027027027,0.2662162162162162,0.30405405405405406,0.24760135135135136,False
USA30IDXUSD1440_comma,daily,75,300,long_short,slow_slope,0.001,-0.03176755953313515,-0.4684139502105663,-0.5597844039236881,-0.05490474645649255,-0.5785940484819159,46,0.2391304347826087,0.48699735927796467,-1009.9984942661459,0.2939189189189189,0.2976351351351351,0.2483108108108108,0.038175675675675674,0.24736486486486486,False
USA30IDXUSD1440_comma,daily,30,50,long_short,price_slow,0.001,-0.0369094888512721,-0.4619572582833054,-0.5534803805949396,-0.08017619607873368,-0.4603547019744698,149,0.3422818791946309,0.763066860576788,-189.99997345812372,0.30405405405405406,0.13445945945945945,0.1983108108108108,0.3489864864864865,0.24724662162162164,False
USA30IDXUSD1440_comma,daily,100,250,long_short,fast_slope,0.001,-0.027997294978817755,-0.5178825637351171,-0.6385897762826829,-0.0583389180243837,-0.4799076830172927,97,0.30927835051546393,0.6556637126936158,-361.2353974661256,0.23412162162162162,0.27364864864864863,0.28445945945945944,0.1885135135135135,0.24722972972972973,False
USA30IDXUSD1440_comma,daily,5,150,long_only,combined,0.0,-0.014026257239528883,-0.7847728382497592,-1.024183600748986,-0.04892270075729485,-0.28670243102712256,298,0.35570469798657717,0.8766677952899419,-57.48936933398838,0.025,0.3347972972972973,0.41655405405405405,0.46790540540540543,0.24719594594594596,False
USA30IDXUSD1440_comma,daily,50,150,long_short,slow_slope,0.005,-0.03505221674364667,-0.46585677256838104,-0.5478575579047383,-0.06788532495910435,-0.5163445378623865,63,0.31746031746031744,0.6633626344482564,-590.5989901100813,0.297972972972973,0.21858108108108107,0.21587837837837837,0.20067567567567568,0.2471114864864865,False
USA30IDXUSD1440_comma,daily,40,300,long_short,combined,0.001,-0.028003676342760908,-0.5551581666177858,-0.6577523202959108,-0.056903897919849254,-0.4921222862835315,109,0.3119266055045872,0.7251080914878274,-262.20915449157064,0.18817567567567567,0.28344594594594597,0.28412162162162163,0.2918918918918919,0.24673986486486488,False
USA30IDXUSD1440_comma,daily,50,500,long_short,fast_slope,0.0,-0.026468977797239224,-0.576354687407964,-0.6868337667271646,-0.053606469527385195,-0.49376461517797554,108,0.2962962962962963,0.7298344490556535,-277.9541854717946,0.1662162162162162,0.3030405405405405,0.2972972972972973,0.3,0.24670608108108105,False
USA30IDXUSD1440_comma,daily,30,100,long_short,combined,0.0025,-0.03183870066011174,-0.49096803043865495,-0.5888142463064403,-0.07757818803207722,-0.41040789257602917,145,0.3793103448275862,0.7599049058521572,-171.1221291418006,0.2665540540540541,0.1543918918918919,0.24662162162162163,0.3456081081081081,0.24638513513513513,False
USA30IDXUSD1440_comma,daily,30,300,long_short,slow_slope,0.0,-0.03448374595659476,-0.44666495981816806,-0.5154649492414176,-0.06146347273868753,-0.5610445427189363,49,0.16326530612244897,0.49622069534961677,-897.237169202128,0.3290540540540541,0.2554054054054054,0.22195945945945947,0.04222972972972973,0.24619932432432437,False
USA30IDXUSD1440_comma,daily,100,250,long_short,fast_slope,0.005,-0.027804366381608214,-0.5207240756297087,-0.6398233454093246,-0.05901635892387125,-0.4711298170304735,96,0.3125,0.6617815703858335,-359.89379112673186,0.2304054054054054,0.2689189189189189,0.28547297297297297,0.19763513513513514,0.24613175675675678,False
USA30IDXUSD1440_comma,daily,60,200,long_short,slow_slope,0.005,-0.03472591118674895,-0.4689573584845577,-0.5495524477220531,-0.058701283253104114,-0.5915698816501196,49,0.2857142857142857,0.5921116649782626,-1033.1440232098084,0.29324324324324325,0.27128378378378376,0.2195945945945946,0.11385135135135135,0.24611486486486486,False
USA30IDXUSD1440_comma,daily,10,250,long_short,fast_slope,0.005,-0.031366180289752466,-0.5447099691023373,-0.6645791808238364,-0.07000918220094138,-0.44802951989533024,268,0.332089552238806,0.8419606263520104,-100.4805625983874,0.19864864864864865,0.20405405405405405,0.25304054054054054,0.4331081081081081,0.2460472972972973,False
USA30IDXUSD1440_comma,daily,10,300,long_short,fast_slope,0.001,-0.032524691456886856,-0.5561761825560336,-0.6717626138889258,-0.06565658161223942,-0.4953759494969464,267,0.3333333333333333,0.8416705399083587,-107.46629988080157,0.18783783783783783,0.23074324324324325,0.2391891891891892,0.43243243243243246,0.24552364864864867,False
USA30IDXUSD1440_comma,daily,20,150,long_short,price_slow,0.001,-0.039612855276480174,-0.4547045435305393,-0.5425653073576051,-0.06957106668700812,-0.5693869184828466,92,0.18478260869565216,0.68079401308624,-377.5156627701723,0.31554054054054054,0.2070945945945946,0.16756756756756758,0.225,0.2452533783783784,False
USA30IDXUSD1440_comma,daily,10,500,long_only,fast_slope,0.0025,-0.01660622420201352,-0.729923302854945,-0.9028243993660067,-0.05161436165828841,-0.3217365025640463,215,0.34418604651162793,0.8524708238166057,-92.88633100381153,0.052364864864864864,0.31756756756756754,0.3902027027027027,0.4456081081081081,0.24521959459459458,False
USA30IDXUSD1440_comma,daily,60,200,long_short,none,0.0,-0.04151885479205564,-0.4252900543943949,-0.48779716269295,-0.06550648618296419,-0.6338128819196709,16,0.375,0.5462734471497399,-3176.06149362235,0.3652027027027027,0.23277027027027028,0.14932432432432433,0.07195945945945946,0.24493243243243246,True
USA30IDXUSD1440_comma,daily,5,150,long_only,combined,0.0025,-0.014022996669285526,-0.8018106466126533,-1.0500451123586192,-0.04919341148334776,-0.28505843051833046,294,0.36054421768707484,0.8752405899157002,-58.25913701434243,0.02060810810810811,0.3324324324324324,0.4168918918918919,0.46655405405405403,0.24471283783783782,False
USA30IDXUSD1440_comma,daily,5,300,long_short,slow_slope,0.001,-0.03819068063778153,-0.44977520509624086,-0.5188266673592279,-0.06562048066982623,-0.5819933083078201,62,0.20967741935483872,0.6114105812214142,-634.6702496014728,0.32297297297297295,0.23108108108108108,0.18243243243243243,0.13851351351351351,0.24422297297297293,False
USA30IDXUSD1440_comma,daily,40,300,long_short,fast_slope,0.001,-0.029901429349259323,-0.550347195539176,-0.6521674812901402,-0.058281434908666614,-0.5130523878850638,109,0.3486238532110092,0.7306982928618633,-275.49782696915565,0.1929054054054054,0.2743243243243243,0.26587837837837835,0.30202702702702705,0.24422297297297293,False
USA30IDXUSD1440_comma,daily,10,150,long_short,slow_slope,0.0025,-0.03893356539418846,-0.4488088327933159,-0.5315221013346626,-0.06774611695195372,-0.5746981103256527,81,0.2345679012345679,0.6370801830849625,-440.8493420310561,0.32466216216216215,0.21891891891891893,0.17398648648648649,0.1652027027027027,0.2441722972972973,False
USA30IDXUSD1440_comma,daily,5,75,long_short,none,0.001,-0.04295989680512646,-0.43444249272376656,-0.5227903085386789,-0.07880167500726395,-0.5451647671342825,102,0.2647058823529412,0.7147676676291308,-326.4908063658799,0.34831081081081083,0.14189189189189189,0.13547297297297298,0.27804054054054056,0.243597972972973,False
USA30IDXUSD1440_comma,daily,40,500,long_short,fast_slope,0.0,-0.02768700228071519,-0.5803008550859483,-0.6789560555034403,-0.04954681626689209,-0.5588048711661833,98,0.32653061224489793,0.6991706226499328,-355.46180929946007,0.16182432432432434,0.32972972972972975,0.28716216216216217,0.25641891891891894,0.24305743243243244,False
USA30IDXUSD1440_comma,daily,75,200,long_short,fast_slope,0.0,-0.028950878753666864,-0.5148192146426047,-0.6081604553417481,-0.06362747631570483,-0.4550059255850303,93,0.3333333333333333,0.6749415069981991,-410.1424168776166,0.23682432432432432,0.2445945945945946,0.27533783783783783,0.21385135135135136,0.24302364864864862,False
USA30IDXUSD1440_comma,daily,10,100,long_short,none,0.001,-0.040330739098254464,-0.41731116180689065,-0.5044667576590086,-0.07894184818967899,-0.5108917516264508,63,0.25396825396825395,0.6386506347522805,-554.9343899677625,0.37635135135135134,0.14087837837837838,0.1608108108108108,0.16722972972972974,0.24300675675675676,False
USA30IDXUSD1440_comma,daily,50,400,long_short,combined,0.001,-0.02538980382675604,-0.5825925944433242,-0.671522838148411,-0.05405937712409369,-0.4696651196789331,105,0.2857142857142857,0.7196826020240816,-276.14839463045695,0.15743243243243243,0.30033783783783785,0.3091216216216216,0.2851351351351351,0.24265202702702704,False
USA30IDXUSD1440_comma,daily,5,200,long_only,combined,0.005,-0.015099737004599656,-0.7932588471800539,-1.0073377199079427,-0.04901044426075565,-0.30809222875562736,287,0.3623693379790941,0.8703560910174453,-63.847051622043864,0.02364864864864865,0.33378378378378376,0.4027027027027027,0.46114864864864863,0.24261824324324324,False
USA30IDXUSD1440_comma,daily,5,100,long_short,price_slow,0.0025,-0.04027983265466939,-0.43631317346861165,-0.5215260659222986,-0.08028103721607358,-0.5017353294310043,119,0.2605042016806723,0.7028603286829298,-261.7829212224049,0.34425675675675677,0.13243243243243244,0.16148648648648647,0.2614864864864865,0.2423310810810811,False
USA30IDXUSD1440_comma,daily,10,75,long_only,fast_slope,0.005,-0.013598998075299629,-0.7179533740881953,-0.8990891726025559,-0.059879895841157285,-0.22710457131344275,199,0.37185929648241206,0.8577528210222907,-83.68256245347173,0.06013513513513514,0.2641891891891892,0.42162162162162165,0.44932432432432434,0.24182432432432432,False
USA30IDXUSD1440_comma,daily,20,400,long_short,slow_slope,0.005,-0.03362214813146169,-0.4628877724459343,-0.527667759814896,-0.05773055329293382,-0.5823978156048094,44,0.18181818181818182,0.4643691391948682,-1013.5451025857841,0.30236486486486486,0.2793918918918919,0.22972972972972974,0.031081081081081083,0.24140202702702704,False
USA30IDXUSD1440_comma,daily,20,75,long_short,combined,0.0025,-0.03187621665303608,-0.49265809587596904,-0.5957910691187446,-0.08044162879591087,-0.39626518172462044,205,0.3804878048780488,0.7672395744386229,-129.00750190772237,0.26385135135135135,0.13108108108108107,0.24594594594594596,0.3564189189189189,0.24096283783783784,False
USA30IDXUSD1440_comma,daily,60,100,long_short,price_slow,0.005,-0.028309238194540898,-0.5109725233368791,-0.6108303157501896,-0.07455801005034698,-0.37969412240783307,93,0.3225806451612903,0.7244435303717965,-311.4050011763235,0.2408783783783784,0.1766891891891892,0.28209459459459457,0.2905405405405405,0.24052364864864867,False
USA30IDXUSD1440_comma,daily,50,300,long_short,none,0.0025,-0.04022568978761676,-0.4276072600901947,-0.5046229842476574,-0.06403866099497588,-0.628146953147141,13,0.23076923076923078,0.4218026284881335,-4569.14081973391,0.36114864864864865,0.24222972972972973,0.16283783783783784,0.018581081081081082,0.2403716216216216,True
USA30IDXUSD1440_comma,daily,50,100,long_short,price_slow,0.0,-0.03635200759068136,-0.463490055691948,-0.5480988029950371,-0.07836910866303515,-0.46385633588082054,114,0.2719298245614035,0.7150828016467528,-254.79465926213337,0.3013513513513513,0.1472972972972973,0.20472972972972972,0.27871621621621623,0.2401182432432432,False
USA30IDXUSD1440_comma,daily,5,50,long_short,none,0.005,-0.04159690670684102,-0.4498269195341243,-0.5465999845244276,-0.07857992960808959,-0.5293579023842588,132,0.29545454545454547,0.72790081686822,-248.02358316674548,0.32263513513513514,0.1445945945945946,0.14831081081081082,0.29662162162162165,0.23935810810810812,False
USA30IDXUSD1440_comma,daily,5,200,long_only,fast_slope,0.0025,-0.017026251608999066,-0.7436438048594631,-0.9394514464925421,-0.053695884284457124,-0.317086715972522,312,0.36538461538461536,0.8686814345742582,-65.46189335712828,0.042905405405405404,0.30202702702702705,0.3875,0.4591216216216216,0.2390371621621622,False
USA30IDXUSD1440_comma,daily,5,75,long_short,none,0.0025,-0.04210973710331223,-0.4371679731059495,-0.5262807344611505,-0.08026337587467076,-0.5246444800560783,106,0.2641509433962264,0.7066771649441356,-304.9267553074283,0.34324324324324323,0.1331081081081081,0.14155405405405405,0.26722972972972975,0.23896959459459463,False
USA30IDXUSD1440_comma,daily,50,100,long_short,none,0.0025,-0.04138549218761678,-0.4386160130165755,-0.5201013766763047,-0.07157861216953428,-0.5781823778532482,39,0.3333333333333333,0.6269833640990398,-994.6628578046043,0.33952702702702703,0.19763513513513514,0.15067567567567566,0.15337837837837837,0.23836148648648647,False
USA30IDXUSD1440_comma,daily,30,50,long_short,slow_slope,0.0,-0.042706076049736974,-0.4596983784794531,-0.5547081382305054,-0.0800899919465424,-0.5332261249101131,146,0.3082191780821918,0.7678826479939771,-226.4901123897785,0.30743243243243246,0.13513513513513514,0.13817567567567568,0.35777027027027025,0.23805743243243244,False
USA30IDXUSD1440_comma,daily,5,200,long_only,fast_slope,0.005,-0.017371831127971582,-0.7600010325934272,-0.9591040626626912,-0.052110678697479935,-0.3333641311567044,306,0.3660130718954248,0.8623430745310805,-67.95910778300752,0.03682432432432432,0.31283783783783786,0.3847972972972973,0.4537162162162162,0.2379560810810811,False
USA30IDXUSD1440_comma,daily,30,75,long_short,none,0.005,-0.03921151651496246,-0.44309295394368686,-0.5315068340310093,-0.07836060952180174,-0.5003983092302633,56,0.30357142857142855,0.6776495260732991,-626.7504071110345,0.3344594594594595,0.14797297297297296,0.17128378378378378,0.21824324324324323,0.2377702702702703,False
USA30IDXUSD1440_comma,daily,10,250,long_only,combined,0.0025,-0.01518659186807969,-0.7905860243086862,-0.972495554441951,-0.05083621446870267,-0.29873569514955367,213,0.323943661971831,0.8543503062425477,-86.47827700514567,0.023986486486486488,0.3216216216216216,0.40168918918918917,0.4462837837837838,0.2372804054054054,False
USA30IDXUSD1440_comma,daily,30,500,long_short,price_slow,0.001,-0.033489671266545784,-0.473360537179215,-0.5522357305231828,-0.05669302827660541,-0.5907193932761821,49,0.10204081632653061,0.4657168944552036,-1038.8622800256248,0.2868243243243243,0.28581081081081083,0.23141891891891891,0.03175675675675676,0.23722972972972972,False
USA30IDXUSD1440_comma,daily,60,400,long_short,fast_slope,0.0025,-0.02719680673191882,-0.5789320995428958,-0.6939837162871646,-0.05670750808534976,-0.47959798711283963,112,0.2857142857142857,0.7188573499160104,-273.5423796784003,0.16317567567567567,0.28547297297297297,0.28986486486486485,0.28412162162162163,0.23722972972972972,False
USA30IDXUSD1440_comma,daily,5,150,long_only,fast_slope,0.001,-0.01622970759196929,-0.7404195145575534,-0.9408266779493166,-0.056649606626361385,-0.28649285597010554,311,0.36977491961414793,0.8697672390205382,-62.90020613838083,0.04560810810810811,0.28614864864864864,0.39222972972972975,0.4597972972972973,0.23719594594594595,False
USA30IDXUSD1440_comma,daily,20,400,long_short,none,0.001,-0.04119165853963869,-0.43112152918000995,-0.4988381246634033,-0.06269073319758965,-0.6570613620008265,18,0.16666666666666666,0.4078979718953618,-3043.8496060808916,0.3564189189189189,0.2483108108108108,0.15202702702702703,0.01418918918918919,0.23717905405405407,True
USA30IDXUSD1440_comma,daily,5,500,long_short,combined,0.0025,-0.028749925254728637,-0.6055190090559578,-0.7421365911936093,-0.06355478666966467,-0.4523644364375038,325,0.3630769230769231,0.8318401443327732,-91.76989129001294,0.14222972972972972,0.24527027027027026,0.2773648648648649,0.4233108108108108,0.23717905405405407,False
USA30IDXUSD1440_comma,daily,40,400,long_short,combined,0.0025,-0.0264376912138512,-0.6065495888927186,-0.706719686891735,-0.05040616551068243,-0.5244932032818156,99,0.2828282828282828,0.7075894303515337,-315.9363193605042,0.14020270270270271,0.3236486486486487,0.2983108108108108,0.2689189189189189,0.23699324324324325,False
USA30IDXUSD1440_comma,daily,30,400,long_short,none,0.005,-0.040050246758920216,-0.4322219865739598,-0.5100914118297394,-0.06430140528502305,-0.6228518114245418,18,0.16666666666666666,0.41722484099606566,-3124.9914457354275,0.3533783783783784,0.23952702702702702,0.16418918918918918,0.01722972972972973,0.2366554054054054,True
USA30IDXUSD1440_comma,daily,75,150,long_short,fast_slope,0.001,-0.03239810008536881,-0.4962904797592097,-0.5690484021255001,-0.0648420347134771,-0.499646567670632,93,0.34408602150537637,0.6447340719764986,-442.5200176803887,0.25844594594594594,0.23581081081081082,0.24054054054054055,0.17466216216216215,0.2366385135135135,False
USA30IDXUSD1440_comma,daily,50,400,long_short,combined,0.0,-0.026259370700577822,-0.5910534047597494,-0.6813645976399229,-0.05548255446926806,-0.4732905856943368,105,0.2857142857142857,0.7123182230005909,-284.27173099934964,0.15337837837837837,0.29324324324324325,0.2989864864864865,0.275,0.23570945945945945,False
USA30IDXUSD1440_comma,daily,10,200,long_only,fast_slope,0.0025,-0.01600044655227706,-0.7596445451296083,-0.9368670474597407,-0.0539825438791678,-0.29640038061362517,221,0.35294117647058826,0.8504596315022432,-87.38563410716166,0.037162162162162164,0.3010135135135135,0.3939189189189189,0.44324324324324327,0.23538851351351353,False
USA30IDXUSD1440_comma,daily,30,50,long_short,price_slow,0.0025,-0.036525520169571446,-0.46624106614042166,-0.5597644851476598,-0.0855147033136461,-0.42712561412515415,143,0.32867132867132864,0.7565770926354384,-197.3515796204434,0.2972972972972973,0.09864864864864865,0.20337837837837838,0.34054054054054056,0.23533783783783785,False
USA30IDXUSD1440_comma,daily,10,75,long_short,price_slow,0.001,-0.04167844375452512,-0.4508543893345611,-0.5406198564653728,-0.07787592612169045,-0.5351903448236053,136,0.2426470588235294,0.7049875083099104,-237.95703567556137,0.32094594594594594,0.15135135135135136,0.14594594594594595,0.2648648648648649,0.23513513513513515,False
USA30IDXUSD1440_comma,daily,50,300,long_short,price_slow,0.001,-0.033856478090471986,-0.4777787367595134,-0.5632972191939019,-0.06168003390020912,-0.5489049851244845,58,0.1724137931034483,0.5665422221069838,-921.772652894853,0.28243243243243243,0.2543918918918919,0.22702702702702704,0.08716216216216216,0.2350506756756757,False
USA30IDXUSD1440_comma,daily,30,75,long_short,slow_slope,0.005,-0.03716811346922455,-0.46030651898913405,-0.5510994328379819,-0.07907846984380078,-0.4700155875883868,97,0.28865979381443296,0.6951052382872006,-337.6614910745887,0.30574324324324326,0.13952702702702702,0.19358108108108107,0.25033783783783786,0.23344594594594598,False
USA30IDXUSD1440_comma,daily,40,400,long_short,combined,0.005,-0.0265754431109968,-0.6105401266591051,-0.7093662557428743,-0.05125597423146051,-0.5184847914701229,98,0.2857142857142857,0.704415948548687,-320.99247522632817,0.13716216216216215,0.31925675675675674,0.2959459459459459,0.26385135135135135,0.23344594594594595,False
USA30IDXUSD1440_comma,daily,10,250,long_only,combined,0.001,-0.015891279569898775,-0.797015218587663,-0.9786422608876638,-0.05195118952170668,-0.30588865656789144,213,0.323943661971831,0.8498230103846217,-90.10824108841652,0.022635135135135136,0.314527027027027,0.3949324324324324,0.4418918918918919,0.23295608108108107,False
USA30IDXUSD1440_comma,daily,30,50,long_short,slow_slope,0.001,-0.04161907204112092,-0.45971111710801443,-0.5526361654648045,-0.08348822890869669,-0.4985022749331026,136,0.3161764705882353,0.7638944551072867,-236.79861486343665,0.3070945945945946,0.11216216216216217,0.14763513513513513,0.3493243243243243,0.23280405405405408,False
USA30IDXUSD1440_comma,daily,60,300,long_short,combined,0.0,-0.028566976559072366,-0.5482236269856515,-0.6397097306650915,-0.06332570179243681,-0.45111188270295977,114,0.2807017543859649,0.6933514923735353,-288.68219469043385,0.1956081081081081,0.24594594594594596,0.2793918918918919,0.24695945945945946,0.23265202702702706,False
USA30IDXUSD1440_comma,daily,10,50,long_only,combined,0.001,-0.01568934764030172,-0.7790816478719405,-0.9823189069172451,-0.052690953887918446,-0.2977616930920498,200,0.355,0.8365213296677312,-94.86095791598804,0.02837837837837838,0.31013513513513513,0.39594594594594595,0.4280405405405405,0.2322804054054054,False
USA30IDXUSD1440_comma,daily,50,400,long_short,slow_slope,0.001,-0.03273908508253409,-0.47839678108354605,-0.5503208228827273,-0.05697334907215372,-0.5746385918277646,43,0.18604651162790697,0.3963522776995709,-1103.749381027551,0.28040540540540543,0.2827702702702703,0.23817567567567569,0.01114864864864865,0.2321621621621622,False
USA30IDXUSD1440_comma,daily,10,50,long_only,combined,0.0025,-0.01551119780660748,-0.7831744485978293,-0.9905314308001425,-0.05286148844188461,-0.2934309695736308,198,0.35353535353535354,0.8367094286396334,-94.83270790955444,0.026351351351351353,0.30945945945945946,0.39864864864864863,0.4283783783783784,0.2318918918918919,False
USA30IDXUSD1440_comma,daily,40,150,long_short,fast_slope,0.001,-0.035929129423658446,-0.5195037804541829,-0.600445136440774,-0.07143259544910732,-0.5029794759348541,117,0.36752136752136755,0.7413590490823005,-272.7770831977404,0.23277027027027028,0.19797297297297298,0.20743243243243242,0.3179054054054054,0.23177364864864863,False
USA30IDXUSD1440_comma,daily,75,300,long_short,slow_slope,0.0,-0.03350972700331567,-0.4806144532265555,-0.5742713696663764,-0.05785604168810984,-0.5791914902156597,47,0.23404255319148937,0.47303168080172453,-1020.7093331534377,0.27668918918918917,0.27837837837837837,0.23108108108108108,0.033783783783783786,0.23155405405405405,False
USA30IDXUSD1440_comma,daily,75,200,long_short,fast_slope,0.001,-0.03006230457319925,-0.5257557983171248,-0.6211037258563392,-0.06558383743640572,-0.4583797738634855,92,0.32608695652173914,0.6637128362467307,-427.8456154410896,0.22432432432432434,0.23209459459459458,0.26385135135135135,0.20101351351351351,0.23067567567567565,False
USA30IDXUSD1440_comma,daily,30,150,long_short,price_slow,0.005,-0.03879259589114159,-0.4697991516789257,-0.5503652565631694,-0.07158652578844407,-0.5418980103292529,78,0.21794871794871795,0.6605743519386427,-445.83821426009354,0.2918918918918919,0.19695945945945945,0.17533783783783785,0.19594594594594594,0.2304560810810811,False
USA30IDXUSD1440_comma,daily,40,50,long_short,none,0.001,-0.04227834576534628,-0.451167310296554,-0.545318714817948,-0.07857338134568236,-0.5380746639799472,90,0.4,0.6979231191145127,-425.2501536257551,0.3195945945945946,0.14493243243243242,0.14020270270270271,0.25472972972972974,0.230320945945946,False
USA30IDXUSD1440_comma,daily,60,100,long_short,none,0.001,-0.04111183498162607,-0.4420685228280405,-0.5171445103030192,-0.07848050874344846,-0.5238477125068086,42,0.3333333333333333,0.6576694753184195,-1027.6602433030432,0.3364864864864865,0.14560810810810812,0.15304054054054053,0.1912162162162162,0.23028716216216216,False
USA30IDXUSD1440_comma,daily,10,200,long_only,combined,0.005,-0.014862547612161991,-0.8237377220033911,-1.0227450999839272,-0.05241458384508967,-0.2835574857579328,208,0.3557692307692308,0.8444692606486526,-86.83673377441545,0.01418918918918919,0.31182432432432433,0.40574324324324323,0.43614864864864866,0.2302027027027027,False
USA30IDXUSD1440_comma,daily,5,300,long_short,slow_slope,0.0025,-0.03960289786144622,-0.4602112281396104,-0.5310392256219768,-0.06749822335238728,-0.5867250409642899,62,0.1774193548387097,0.5995941102033552,-652.4209449647389,0.30608108108108106,0.2206081081081081,0.1679054054054054,0.12466216216216217,0.22986486486486488,False
USA30IDXUSD1440_comma,daily,5,100,long_only,fast_slope,0.005,-0.014842357313846755,-0.740885403541304,-0.9505426550578748,-0.06342844225377514,-0.23400160537543968,290,0.3931034482758621,0.8694243103221666,-62.20585212103633,0.04493243243243243,0.2456081081081081,0.4064189189189189,0.4594594594594595,0.22957770270270272,False
USA30IDXUSD1440_comma,daily,50,400,long_short,slow_slope,0.0,-0.03306573749735686,-0.4804368806055501,-0.5528165319490314,-0.057256028541472104,-0.5775066545771061,43,0.18604651162790697,0.3884947303985198,-1107.2341843477398,0.27702702702702703,0.28175675675675677,0.23513513513513515,0.008445945945945946,0.22954391891891895,False
USA30IDXUSD1440_comma,daily,5,50,long_short,slow_slope,0.001,-0.04203073482464459,-0.4677679754160561,-0.5633886917512753,-0.07911322271247065,-0.5312731978749143,162,0.2962962962962963,0.7417619957955435,-199.6904278845144,0.2959459459459459,0.13918918918918918,0.14222972972972972,0.31925675675675674,0.2295101351351351,False
USA30IDXUSD1440_comma,daily,20,75,long_short,none,0.005,-0.040871296387896994,-0.4373515496124267,-0.5228475886023716,-0.07920872758840357,-0.5159948610748886,61,0.22950819672131148,0.6462951286932501,-590.1826336641632,0.34256756756756757,0.13885135135135135,0.15608108108108107,0.1766891891891892,0.22945945945945947,False
USA30IDXUSD1440_comma,daily,60,300,long_short,combined,0.005,-0.02711506841837552,-0.5601706041363859,-0.668576661437109,-0.06612307074738756,-0.4100697095869039,112,0.2857142857142857,0.7119520346485687,-261.1632618646977,0.1831081081081081,0.2277027027027027,0.2905405405405405,0.2739864864864865,0.22937499999999997,False
USA30IDXUSD1440_comma,daily,10,400,long_short,fast_slope,0.001,-0.033563371695641164,-0.5816414824590116,-0.7008822326455579,-0.06677129591240155,-0.5026616787500058,263,0.33079847908745247,0.8248815777552796,-113.35488746068778,0.15912162162162163,0.22432432432432434,0.23006756756756758,0.4168918918918919,0.228277027027027,False
USA30IDXUSD1440_comma,daily,100,150,long_short,slow_slope,0.005,-0.03426884902964844,-0.5286985263560146,-0.6389706522773058,-0.061688277916619474,-0.5555163831282126,65,0.3076923076923077,0.6772766209725166,-591.8995440068276,0.21858108108108107,0.25405405405405407,0.2233108108108108,0.21722972972972973,0.2281925675675676,False
USA30IDXUSD1440_comma,daily,5,75,long_short,none,0.0,-0.044676697042963065,-0.44151134716489576,-0.5324809145171497,-0.08316831072201694,-0.5371841348598645,102,0.30392156862745096,0.7080744600519762,-331.38819516277607,0.33716216216216216,0.11452702702702702,0.1195945945945946,0.2699324324324324,0.2279054054054054,False
USA30IDXUSD1440_comma,daily,75,150,long_short,fast_slope,0.0,-0.033204531420891414,-0.5002380680036621,-0.5739378156654973,-0.06835154608864698,-0.48579049518247264,98,0.336734693877551,0.644499655959269,-420.28291479693394,0.252027027027027,0.2168918918918919,0.23277027027027028,0.17432432432432432,0.2277364864864865,False
USA30IDXUSD1440_comma,daily,60,300,long_short,combined,0.001,-0.02903821475478474,-0.5525909881177654,-0.6448946869934102,-0.06410955197842408,-0.4529467740557208,114,0.2807017543859649,0.6891711083156866,-292.8419913194537,0.1912162162162162,0.24155405405405406,0.275,0.23851351351351352,0.22765202702702705,False
USA30IDXUSD1440_comma,daily,5,300,long_short,slow_slope,0.005,-0.03982696215197601,-0.4626896538827138,-0.5338905085887572,-0.06797976650179247,-0.5858649448424609,63,0.15873015873015872,0.597889733935404,-646.6271689630814,0.3030405405405405,0.21824324324324323,0.16689189189189188,0.12162162162162163,0.22739864864864864,False
USA30IDXUSD1440_comma,daily,50,100,long_short,price_slow,0.001,-0.03764923632432793,-0.4790556991224723,-0.5659405610742314,-0.07751981832757748,-0.48567240141395307,109,0.28440366972477066,0.6971627695488608,-284.01422172027054,0.2797297297297297,0.15574324324324323,0.18885135135135134,0.25304054054054054,0.22655405405405404,False
USA30IDXUSD1440_comma,daily,10,150,long_only,combined,0.0,-0.015593436331223454,-0.80274046252868,-1.02103137539347,-0.05515148201339027,-0.28273830116546117,212,0.3443396226415094,0.8411823103538936,-88.99572078251158,0.019932432432432434,0.2962837837837838,0.39763513513513515,0.4320945945945946,0.22638513513513514,False
USA30IDXUSD1440_comma,daily,40,150,long_short,combined,0.001,-0.03456596280570812,-0.531409274819892,-0.6154482505904031,-0.06956249400551527,-0.49690516850887423,123,0.3252032520325203,0.7254550697498815,-246.2978316955468,0.21554054054054053,0.20743243243243242,0.22162162162162163,0.2925675675675676,0.22628378378378378,False
USA30IDXUSD1440_comma,daily,50,300,long_short,none,0.001,-0.04194259423638813,-0.4353983768916333,-0.5160007658904769,-0.06669657741034925,-0.6288567699409405,14,0.21428571428571427,0.41400002561973187,-4365.786681484632,0.34695945945945944,0.225,0.14425675675675675,0.015540540540540541,0.2262162162162162,True
USA30IDXUSD1440_comma,daily,40,100,long_short,price_slow,0.001,-0.03814869999900683,-0.4708029615923102,-0.5578391758119805,-0.08054137606456677,-0.47365344203238546,113,0.2920353982300885,0.7104266016325218,-270.20899477543514,0.2902027027027027,0.13006756756756757,0.18344594594594596,0.27263513513513515,0.22618243243243244,False
USA30IDXUSD1440_comma,daily,40,500,long_short,fast_slope,0.0025,-0.029074703432373172,-0.5974930668980044,-0.6982514636060875,-0.05293204131294862,-0.5492836231362328,97,0.32989690721649484,0.6836225685576274,-375.20682272360955,0.14831081081081082,0.3087837837837838,0.27466216216216216,0.22939189189189188,0.2258614864864865,False
USA30IDXUSD1440_comma,daily,40,500,long_short,fast_slope,0.001,-0.029245295946248695,-0.597020487671959,-0.6978769399475501,-0.05292776481336838,-0.5525511241476417,98,0.32653061224489793,0.6834295012551947,-372.4724034473807,0.1489864864864865,0.3091216216216216,0.27263513513513515,0.2287162162162162,0.22570945945945944,False
USA30IDXUSD1440_comma,daily,10,250,long_short,fast_slope,0.001,-0.0340306917963169,-0.558629384259311,-0.6824257062433793,-0.07475921461516334,-0.45520397681404334,275,0.33454545454545453,0.8286842293731838,-109.29189181177034,0.18445945945945946,0.17466216216216215,0.22567567567567567,0.4206081081081081,0.2256756756756757,False
USA30IDXUSD1440_comma,daily,40,300,long_short,combined,0.0025,-0.029903836081726642,-0.5737084385937234,-0.67919872549277,-0.06105549589340123,-0.4897812333542704,109,0.30275229357798167,0.7059076497916863,-279.2682390944029,0.16993243243243245,0.25844594594594594,0.2652027027027027,0.2668918918918919,0.22565878378378376,False
USA30IDXUSD1440_comma,daily,20,100,long_short,none,0.005,-0.0408410544977903,-0.43807412029303683,-0.5264497874356148,-0.07737301198318652,-0.5278462535058766,51,0.27450980392156865,0.5964008647103712,-738.7214869803367,0.3418918918918919,0.1570945945945946,0.15675675675675677,0.11993243243243243,0.22537162162162167,False
USA30IDXUSD1440_comma,daily,75,100,long_short,price_slow,0.0,-0.03193898391303873,-0.5175240184064045,-0.6185194268553769,-0.07450664223940895,-0.4286729740203643,115,0.3130434782608696,0.6972903443863709,-277.86684406580093,0.23445945945945945,0.17702702702702702,0.24527027027027026,0.2533783783783784,0.22510135135135134,False
USA30IDXUSD1440_comma,daily,40,400,long_short,combined,0.001,-0.028696678841546253,-0.6161480629240369,-0.7137286831239625,-0.05189587872492931,-0.5529664309886939,101,0.27722772277227725,0.6954428757256097,-328.0487410540109,0.13108108108108107,0.3158783783783784,0.27871621621621623,0.25101351351351353,0.2247972972972973,False
USA30IDXUSD1440_comma,daily,75,250,long_short,slow_slope,0.001,-0.03311902816003165,-0.48826653325434205,-0.58276301190216,-0.06228622532624602,-0.5317231536597231,61,0.21311475409836064,0.5052084021416904,-724.1438207253702,0.2695945945945946,0.25101351351351353,0.23378378378378378,0.0472972972972973,0.22444256756756759,False
USA30IDXUSD1440_comma,daily,40,150,long_short,fast_slope,0.005,-0.03297488848694474,-0.5299826731580125,-0.6254828136098647,-0.07546939501058259,-0.4369306058743533,111,0.3783783783783784,0.7455605780467626,-255.76102270448285,0.21587837837837837,0.16824324324324325,0.23682432432432432,0.32432432432432434,0.22442567567567567,False
USA30IDXUSD1440_comma,daily,20,500,long_short,price_slow,0.0025,-0.037108076180362604,-0.4720694248577067,-0.5475715997563896,-0.060604462463135826,-0.6122994029183002,50,0.06,0.4587042208374096,-1019.7924724016054,0.28952702702702704,0.2608108108108108,0.19527027027027027,0.028716216216216218,0.224375,False
USA30IDXUSD1440_comma,daily,30,75,long_short,combined,0.0025,-0.03432145748065407,-0.4917051419904776,-0.5917456609463331,-0.0813681118351813,-0.4218047673291889,143,0.34265734265734266,0.7156316963922464,-189.84054445611025,0.2648648648648649,0.12635135135135134,0.22263513513513514,0.2797297297297297,0.22402027027027027,False
USA30IDXUSD1440_comma,daily,50,100,long_short,none,0.005,-0.04064017027994149,-0.46509865106331666,-0.5400017671689448,-0.07050524694563941,-0.5764134165968622,36,0.3888888888888889,0.6168814390471762,-1227.520015437466,0.2993243243243243,0.20135135135135135,0.15912162162162163,0.14391891891891892,0.22347972972972974,False
USA30IDXUSD1440_comma,daily,30,100,long_short,fast_slope,0.005,-0.035002242897585245,-0.5011046962347687,-0.5985360438161207,-0.07947335515733706,-0.440427396431039,130,0.4153846153846154,0.7308387867867004,-209.51818967092544,0.25067567567567567,0.13817567567567568,0.21655405405405406,0.30236486486486486,0.22347972972972974,False
USA30IDXUSD1440_comma,daily,40,150,long_short,combined,0.0025,-0.03458649629335131,-0.5336066648839868,-0.6181135908871979,-0.06980565078906097,-0.49546843131460716,118,0.3389830508474576,0.7210921826926842,-257.52847970694216,0.21182432432432433,0.20506756756756755,0.22094594594594594,0.28783783783783784,0.2233614864864865,False
USA30IDXUSD1440_comma,daily,60,300,long_short,combined,0.0025,-0.02941541197461528,-0.5575879866645234,-0.6514598520325511,-0.06434839545196495,-0.45712735753564226,113,0.2831858407079646,0.6861840152829563,-298.7872856197394,0.18547297297297297,0.2391891891891892,0.26925675675675675,0.23479729729729729,0.22305743243243242,False
USA30IDXUSD1440_comma,daily,40,500,long_short,price_slow,0.005,-0.03388233128853202,-0.49060892449615684,-0.5671421924249006,-0.05831126431894723,-0.5810597949515313,41,0.12195121951219512,0.4055121707829914,-1469.583793214459,0.2668918918918919,0.2739864864864865,0.22668918918918918,0.013513513513513514,0.22261824324324328,False
USA30IDXUSD1440_comma,daily,50,300,long_short,price_slow,0.0025,-0.035206790181335545,-0.4893313822549602,-0.5761058444910402,-0.06414943001244855,-0.5488246766105868,57,0.17543859649122806,0.5588125027682035,-960.838084184838,0.2682432432432432,0.2408783783783784,0.21317567567567566,0.0804054054054054,0.22221283783783785,False
USA30IDXUSD1440_comma,daily,5,50,long_short,slow_slope,0.0,-0.04299919454844359,-0.47281893711854966,-0.5696001228859746,-0.07996997969760822,-0.5376917026994021,166,0.29518072289156627,0.7336762746736343,-200.18284360903928,0.2881756756756757,0.13547297297297298,0.1347972972972973,0.30675675675675673,0.22211148648648651,False
USA30IDXUSD1440_comma,daily,40,150,long_short,combined,0.0,-0.035174415405335724,-0.5352097732390687,-0.6186266621302933,-0.0696468783183872,-0.5050393679460787,124,0.33064516129032256,0.7214661823656768,-250.0462450887796,0.2097972972972973,0.20641891891891892,0.21452702702702703,0.2881756756756757,0.22165540540540543,False
USA30IDXUSD1440_comma,daily,30,75,long_short,combined,0.005,-0.03393103002337916,-0.4985641715767902,-0.6022224413352327,-0.08038129844239723,-0.42212592581712005,123,0.3333333333333333,0.7115154305949439,-212.65912828054473,0.2554054054054054,0.1320945945945946,0.22635135135135134,0.2733108108108108,0.22145270270270273,False
USA30IDXUSD1440_comma,daily,20,75,long_short,combined,0.005,-0.03342340809418365,-0.5090243806603305,-0.6176024172948963,-0.08305014833595394,-0.40244850567851476,193,0.3626943005181347,0.7486709676715146,-144.65527927449878,0.24222972972972973,0.11621621621621622,0.23175675675675675,0.3277027027027027,0.22145270270270273,False
USA30IDXUSD1440_comma,daily,10,50,long_only,combined,0.005,-0.017169418203656805,-0.819605257399411,-1.0382596680244807,-0.053311665483046354,-0.3220574342986312,190,0.34210526315789475,0.8166940395920734,-108.3061017845391,0.016216216216216217,0.3050675675675676,0.3864864864864865,0.40878378378378377,0.22136824324324325,False
USA30IDXUSD1440_comma,daily,10,75,long_short,slow_slope,0.0025,-0.03890520892935656,-0.4531530599605544,-0.5359981551691623,-0.08397990840991376,-0.46326805620526057,118,0.2457627118644068,0.6743433890467567,-280.917314649946,0.31722972972972974,0.11013513513513513,0.17432432432432432,0.21216216216216216,0.2211148648648649,False
USA30IDXUSD1440_comma,daily,5,100,long_only,combined,0.001,-0.014957664315814467,-0.8002906827535283,-1.0545177450613707,-0.06213356320679943,-0.24073405006615833,286,0.3776223776223776,0.8631869846206994,-63.52176702966023,0.021283783783783785,0.25236486486486487,0.40405405405405403,0.45472972972972975,0.22062500000000002,False
USA30IDXUSD1440_comma,daily,40,75,long_short,price_slow,0.005,-0.037540058390180375,-0.49728669728725433,-0.5978726618189433,-0.07461095004178525,-0.5031440876862763,93,0.3118279569892473,0.6865602875259892,-326.6279504071185,0.2574324324324324,0.17601351351351352,0.18986486486486487,0.23581081081081082,0.22032094594594592,False
USA30IDXUSD1440_comma,daily,40,250,long_short,combined,0.0,-0.03178642939893073,-0.566080642365182,-0.6532622312304365,-0.06463369369224906,-0.49179348391073907,107,0.308411214953271,0.7073543508187287,-287.78544716746296,0.17635135135135135,0.23682432432432432,0.24797297297297297,0.2682432432432432,0.2195777027027027,False
USA30IDXUSD1440_comma,daily,40,300,long_short,combined,0.005,-0.030196410909934523,-0.5823342791827907,-0.689614263758672,-0.0615389350999723,-0.49068790125924877,107,0.308411214953271,0.7014046105906653,-288.0862714285101,0.1581081081081081,0.25506756756756754,0.2625,0.2594594594594595,0.21842905405405405,False
USA30IDXUSD1440_comma,daily,20,400,long_short,slow_slope,0.0,-0.03702433770472113,-0.4776943019336837,-0.5428844327276956,-0.061432883787175686,-0.6026794677747178,45,0.17777777777777778,0.3977466374806399,-1044.2626512106506,0.2827702702702703,0.2560810810810811,0.19628378378378378,0.011824324324324325,0.21815878378378378,False
USA30IDXUSD1440_comma,daily,20,150,long_short,price_slow,0.005,-0.04059054411970042,-0.4712896256000245,-0.5595509499701364,-0.07450157617497835,-0.5448279916168125,83,0.20481927710843373,0.643053662640733,-439.46718511611175,0.28986486486486485,0.17736486486486486,0.15945945945945947,0.17229729729729729,0.21802364864864865,False
USA30IDXUSD1440_comma,daily,30,400,long_short,price_slow,0.005,-0.03723911191410878,-0.4981435314382196,-0.5825632987369413,-0.05955956681017778,-0.6252414835855591,46,0.10869565217391304,0.5405959082243389,-1092.996082243891,0.2560810810810811,0.2665540540540541,0.19256756756756757,0.06858108108108107,0.21787162162162163,False
USA30IDXUSD1440_comma,daily,5,150,long_only,fast_slope,0.0,-0.019215102960662533,-0.7691158423218531,-0.9734057246859126,-0.06041810470160328,-0.3180355136190267,316,0.3639240506329114,0.8494101123640532,-71.99184785263037,0.030743243243243245,0.2614864864864865,0.36925675675675673,0.4408783783783784,0.21765202702702702,False
USA30IDXUSD1440_comma,daily,10,100,long_short,price_slow,0.0,-0.04198570899581178,-0.45239144399682174,-0.5414967243737085,-0.08250322985511845,-0.5088977615729915,124,0.25,0.6745687226327388,-261.98547446536634,0.3179054054054054,0.11891891891891893,0.14358108108108109,0.21283783783783783,0.2175337837837838,False
USA30IDXUSD1440_comma,daily,20,400,long_short,slow_slope,0.0025,-0.036606089912432194,-0.47967218075053364,-0.5455536138769073,-0.06283211829839422,-0.5826015563980711,45,0.2,0.442620958048874,-1038.3982519483293,0.27871621621621623,0.24763513513513513,0.20236486486486485,0.023986486486486488,0.21746621621621626,False
USA30IDXUSD1440_comma,daily,40,400,long_short,combined,0.0,-0.029260049488366913,-0.6204494576885268,-0.7183375782419299,-0.05349712724422675,-0.5469461818910019,101,0.2871287128712871,0.6895779911573388,-334.0773193938081,0.1277027027027027,0.30405405405405406,0.2719594594594595,0.23952702702702702,0.21741554054054055,False
USA30IDXUSD1440_comma,daily,40,200,long_short,fast_slope,0.005,-0.03492739302366876,-0.5567027258134191,-0.6501095621715636,-0.0666268632785848,-0.5242238836552752,113,0.35398230088495575,0.7205099249045716,-285.9585633837832,0.18614864864864866,0.22567567567567567,0.21756756756756757,0.2868243243243243,0.21741554054054052,False
USA30IDXUSD1440_comma,daily,5,100,long_short,slow_slope,0.0025,-0.04064716175124372,-0.4674298248350258,-0.5557985088242969,-0.08176593796758005,-0.49711607010929415,130,0.3153846153846154,0.6889251416096188,-267.69630869638775,0.29662162162162165,0.12331081081081081,0.15844594594594594,0.23817567567567569,0.21689189189189192,False
USA30IDXUSD1440_comma,daily,30,75,long_short,none,0.0,-0.04436848813109906,-0.4386490229149039,-0.5256988129033815,-0.08448542414307592,-0.5251614533645603,56,0.26785714285714285,0.6610465403972674,-702.6677051118833,0.33918918918918917,0.10608108108108108,0.12364864864864865,0.19695945945945945,0.21646959459459458,False
USA30IDXUSD1440_comma,daily,10,200,long_only,fast_slope,0.001,-0.018101736022492765,-0.7819547089825165,-0.9626207390412591,-0.060211538982467484,-0.3006356643327729,223,0.3542600896860987,0.8358573111095192,-96.74715444322399,0.02702702702702703,0.2628378378378378,0.3783783783783784,0.42736486486486486,0.21630067567567565,False
USA30IDXUSD1440_comma,daily,100,250,long_short,fast_slope,0.0,-0.031204076318762097,-0.5431490999813792,-0.6674587716815154,-0.06258966902624276,-0.4985499492844222,97,0.30927835051546393,0.6224459359976507,-389.6172426368393,0.20135135135135135,0.2489864864864865,0.2554054054054054,0.14864864864864866,0.21616554054054055,False
USA30IDXUSD1440_comma,daily,10,250,long_only,combined,0.0,-0.01780989631546781,-0.8215504222757122,-1.0068098130284548,-0.05822077387278627,-0.3059027754317186,214,0.32242990654205606,0.8341635236202748,-99.36424755586663,0.015202702702702704,0.27533783783783783,0.38006756756756754,0.4263513513513513,0.21488175675675675,False
USA30IDXUSD1440_comma,daily,60,150,long_short,slow_slope,0.0025,-0.039978847871297796,-0.4977793559440212,-0.5807402296806454,-0.06966493878869884,-0.5738732936026527,72,0.3055555555555556,0.6474912178364662,-570.6608034408282,0.2570945945945946,0.20608108108108109,0.16554054054054054,0.1783783783783784,0.214222972972973,False
USA30IDXUSD1440_comma,daily,30,75,long_short,combined,0.0,-0.03588607556565959,-0.49108041928865775,-0.5835449389786234,-0.08507401609667123,-0.4218218113140628,150,0.34,0.7096906983169742,-186.02319595693115,0.2662162162162162,0.10168918918918919,0.20844594594594595,0.2706081081081081,0.21418918918918917,False
USA30IDXUSD1440_comma,daily,30,400,long_short,slow_slope,0.0,-0.036143703572312,-0.4948249565260538,-0.5704376359253718,-0.060023741007791905,-0.602156796052083,45,0.2,0.4094242364577042,-1081.5671415317038,0.26216216216216215,0.2631756756756757,0.20641891891891892,0.014527027027027028,0.21412162162162163,False
USA30IDXUSD1440_comma,daily,10,250,long_short,fast_slope,0.0025,-0.03463995569866052,-0.568233935120315,-0.6930554837790514,-0.0776483203056566,-0.44611339385453563,273,0.3333333333333333,0.825125658541509,-110.26201519117353,0.17263513513513515,0.15371621621621623,0.22027027027027027,0.4172297297297297,0.21412162162162163,False
USA30IDXUSD1440_comma,daily,10,100,long_short,price_slow,0.005,-0.04166402941657543,-0.4583779294246177,-0.5489227387764999,-0.08298594163543102,-0.5020612961121946,109,0.27522935779816515,0.673147510950348,-296.9527244080443,0.3091216216216216,0.11655405405405406,0.14662162162162162,0.21114864864864866,0.21378378378378377,False
USA30IDXUSD1440_comma,daily,10,200,long_only,fast_slope,0.0,-0.018518376220378774,-0.7841915891673283,-0.9643220668499234,-0.06110849304629784,-0.3030409571112911,223,0.3542600896860987,0.8334847523855501,-98.7272162656822,0.025675675675675677,0.2577702702702703,0.37567567567567567,0.42567567567567566,0.2136993243243243,False
USA30IDXUSD1440_comma,daily,10,200,long_only,fast_slope,0.005,-0.017788598161709746,-0.7964542062660832,-0.9796537021567158,-0.060636554955946456,-0.2933642614530704,219,0.3515981735159817,0.8288108214494553,-96.99192860724418,0.022972972972972974,0.26013513513513514,0.38074324324324327,0.4209459459459459,0.21351351351351355,False
USA30IDXUSD1440_comma,daily,40,250,long_short,combined,0.001,-0.03228931034493743,-0.5720723566578364,-0.6595302094119674,-0.06610920102274162,-0.48842384789720694,106,0.3018867924528302,0.7028781187117243,-296.1610008819474,0.17128378378378378,0.22804054054054054,0.24222972972972973,0.26216216216216215,0.2132939189189189,False
USA30IDXUSD1440_comma,daily,10,200,long_short,combined,0.005,-0.03462230376272357,-0.6111629442073154,-0.7433262685810158,-0.06739990357383671,-0.5136847669936913,257,0.3346303501945525,0.8044744048759108,-119.9484977340824,0.13547297297297298,0.22094594594594594,0.2206081081081081,0.3952702702702703,0.21283783783783783,False
USA30IDXUSD1440_comma,daily,40,50,long_short,fast_slope,0.0,-0.0448875256266239,-0.48711854101706903,-0.5879520296124825,-0.08204521308791272,-0.5471071856261281,152,0.3026315789473684,0.7555435567125288,-224.62080813511722,0.2702702702702703,0.12195945945945946,0.11655405405405406,0.3381756756756757,0.21263513513513516,False
USA30IDXUSD1440_comma,daily,5,150,long_only,fast_slope,0.0025,-0.01915375329867508,-0.785975992864824,-0.9956112848794542,-0.06214492977157356,-0.30821103779630343,310,0.3709677419354839,0.8454479375811537,-73.17778954763811,0.024662162162162164,0.252027027027027,0.37094594594594593,0.43682432432432433,0.21258445945945945,False
USA30IDXUSD1440_comma,daily,30,75,long_short,none,0.001,-0.04440671041826405,-0.44472941735783245,-0.5307547582801835,-0.08333080577503907,-0.532896688148498,56,0.26785714285714285,0.6455700809304019,-718.3344560674824,0.33175675675675675,0.11351351351351352,0.12297297297297298,0.17567567567567569,0.21202702702702705,False
USA30IDXUSD1440_comma,daily,20,75,long_short,slow_slope,0.005,-0.04002838611824999,-0.46779096397810227,-0.5536056763555337,-0.08148147767260923,-0.4912574889606588,104,0.2403846153846154,0.660741182797432,-328.2202554466921,0.2956081081081081,0.12533783783783783,0.16452702702702704,0.1966216216216216,0.21197635135135134,False
USA30IDXUSD1440_comma,daily,10,150,long_short,price_slow,0.0,-0.04558650858941282,-0.47702738500866854,-0.5659230267066223,-0.07117781734746265,-0.6404594898840053,102,0.1568627450980392,0.6467202585616625,-384.2823795425222,0.28344594594594597,0.19898648648648648,0.1097972972972973,0.1777027027027027,0.21173986486486487,False
USA30IDXUSD1440_comma,daily,20,75,long_short,combined,0.001,-0.03507987003093549,-0.515505429606462,-0.6226884783351677,-0.08475625483219897,-0.4138912237260467,210,0.36666666666666664,0.7449076879241753,-139.53047376522952,0.23581081081081082,0.10371621621621621,0.2152027027027027,0.32297297297297295,0.21173986486486487,False
USA30IDXUSD1440_comma,daily,20,50,long_short,combined,0.0,-0.03742433373450216,-0.5108791966285571,-0.6242147337509695,-0.08457213801256053,-0.44251374760023154,224,0.3169642857142857,0.754051862665664,-141.94488329859743,0.24121621621621622,0.10574324324324325,0.19054054054054054,0.33547297297297296,0.21135135135135136,False
USA30IDXUSD1440_comma,daily,30,75,long_short,price_slow,0.005,-0.04064083522310491,-0.49453293739404114,-0.5957108332697937,-0.07791778917892957,-0.5215860928725498,101,0.27722772277227725,0.6925838059552182,-319.3240100285781,0.2625,0.15101351351351353,0.15878378378378377,0.24527027027027026,0.2113006756756757,False
USA30IDXUSD1440_comma,daily,5,75,long_short,slow_slope,0.005,-0.040383360027120396,-0.4701736119202378,-0.5583406202140703,-0.08481624141857154,-0.4761276773374913,129,0.3023255813953488,0.6903554651476146,-242.54357342673396,0.2908783783783784,0.10337837837837838,0.16047297297297297,0.2418918918918919,0.21057432432432432,False
USA30IDXUSD1440_comma,daily,30,50,long_short,fast_slope,0.005,-0.03664863326184098,-0.49301727510562926,-0.5976119052853562,-0.08668025876565798,-0.42280253639899,128,0.390625,0.7153607610948272,-227.53561225581925,0.2635135135135135,0.09087837837837838,0.20168918918918918,0.2793918918918919,0.21037162162162162,False
USA30IDXUSD1440_comma,daily,20,100,long_short,slow_slope,0.0,-0.04145176500880765,-0.4697859965122233,-0.563228485755907,-0.08177416939736772,-0.5069053628338287,121,0.2892561983471074,0.6764275054525096,-292.72398536233663,0.2922297297297297,0.12297297297297298,0.14966216216216216,0.21655405405405406,0.21005067567567567,False
USA30IDXUSD1440_comma,daily,40,150,long_short,fast_slope,0.0,-0.038361819339816416,-0.5368868611348949,-0.6194442628526194,-0.07330916132927645,-0.5232882036054121,121,0.34710743801652894,0.7260325392205137,-282.91845868404783,0.2070945945945946,0.1858108108108108,0.18141891891891893,0.2942567567567568,0.20971283783783784,False
USA30IDXUSD1440_comma,daily,10,400,long_short,fast_slope,0.0,-0.03648130243983483,-0.6031934880942816,-0.7243548108190693,-0.07010453141662676,-0.5203843703487407,263,0.3269961977186312,0.8111590383917509,-123.43395936849821,0.14425675675675675,0.20304054054054055,0.20371621621621622,0.40304054054054056,0.20966216216216216,False
USA30IDXUSD1440_comma,daily,30,75,long_short,none,0.0025,-0.043501246106615765,-0.45411263402896956,-0.5437446124042048,-0.08290435982676851,-0.5247160245554408,56,0.30357142857142855,0.6526859227741167,-709.429092075516,0.3162162162162162,0.11689189189189189,0.12972972972972974,0.18547297297297297,0.20947635135135137,False
USA30IDXUSD1440_comma,daily,5,500,long_short,combined,0.005,-0.031632929763904194,-0.6369865004616606,-0.7787422170279321,-0.0689097621417961,-0.45904859893164185,321,0.3613707165109034,0.8123378837329218,-101.24285378482539,0.11418918918918919,0.2114864864864865,0.25,0.4047297297297297,0.20925675675675676,False
USA30IDXUSD1440_comma,daily,20,500,long_short,price_slow,0.0,-0.03911047833889514,-0.4849353315115271,-0.5626945426312217,-0.06322049541718025,-0.618636062258171,51,0.058823529411764705,0.44729924860800474,-1037.1741276232813,0.27297297297297296,0.24662162162162163,0.17263513513513515,0.025675675675675677,0.20922297297297296,False
USA30IDXUSD1440_comma,daily,20,75,long_short,price_slow,0.0025,-0.0428767915203172,-0.477033668610085,-0.5686257419515099,-0.07861773053911435,-0.5453832262301809,126,0.2777777777777778,0.6776686014778381,-268.86697783783706,0.2831081081081081,0.14391891891891892,0.1358108108108108,0.21858108108108107,0.2091722972972973,False
USA30IDXUSD1440_comma,daily,75,150,long_short,none,0.0025,-0.04497400619275871,-0.4637498452978926,-0.5346039522159698,-0.06878195929906195,-0.6538634062052965,23,0.4782608695652174,0.5605161454185718,-2312.081887862743,0.3010135135135135,0.21317567567567566,0.11554054054054054,0.08175675675675675,0.20907094594594594,False
USA30IDXUSD1440_comma,daily,20,75,long_short,price_slow,0.005,-0.04215071405134796,-0.4777894288224718,-0.5708277156385776,-0.07907683723507539,-0.5330349002963355,113,0.2831858407079646,0.6782886360945829,-295.3002596417147,0.28209459459459457,0.13986486486486485,0.14087837837837838,0.21993243243243243,0.2089695945945946,False
USA30IDXUSD1440_comma,daily,20,100,long_short,price_slow,0.005,-0.041090979585558074,-0.473078688153941,-0.5675725615644108,-0.08042814422490535,-0.5109029927465846,111,0.27927927927927926,0.6591203776948251,-300.51983119424114,0.2875,0.1314189189189189,0.15337837837837837,0.19324324324324324,0.20751689189189187,False
USA30IDXUSD1440_comma,daily,10,500,long_short,combined,0.0,-0.030145899384094177,-0.639195396634034,-0.778055349190444,-0.06971612091185188,-0.43240930490395824,233,0.34334763948497854,0.7972171349452402,-122.57622283395217,0.11283783783783784,0.20574324324324325,0.2628378378378378,0.3881756756756757,0.20736486486486486,False
USA30IDXUSD1440_comma,daily,5,75,long_short,price_slow,0.001,-0.04596695394197736,-0.46617393250665995,-0.5584390961733599,-0.0819721704927838,-0.560762923143824,144,0.2361111111111111,0.6897192948512593,-249.90774249859902,0.2976351351351351,0.12263513513513513,0.10540540540540541,0.2402027027027027,0.20682432432432435,False
USA30IDXUSD1440_comma,daily,10,100,long_short,none,0.0025,-0.043773871198286796,-0.44365243306398616,-0.534505999975495,-0.08423027752602157,-0.5196928288021321,62,0.25806451612903225,0.6080372555614761,-599.7075803184526,0.3341216216216216,0.10844594594594595,0.1277027027027027,0.13378378378378378,0.2063682432432432,False
USA30IDXUSD1440_comma,daily,10,100,long_short,none,0.0,-0.04410059033582325,-0.4386954856430277,-0.5305328718469747,-0.08350948987016622,-0.528090764347708,62,0.2903225806451613,0.596121392968833,-614.5519942878014,0.33885135135135136,0.11182432432432432,0.12432432432432433,0.11925675675675676,0.20625,False
USA30IDXUSD1440_comma,daily,5,100,long_only,combined,0.0025,-0.016644054564015298,-0.8310565552454413,-1.092704520164001,-0.06617807182779781,-0.2515040723356953,283,0.37809187279151946,0.8463953184377849,-70.71204416920575,0.013175675675675676,0.22736486486486487,0.389527027027027,0.4375,0.20564189189189191,False
USA30IDXUSD1440_comma,daily,30,100,long_short,combined,0.005,-0.03520009186401518,-0.5269663691624425,-0.630406403873066,-0.08175414660978499,-0.4305603241389857,136,0.3897058823529412,0.7216769246171922,-203.08328690725682,0.22128378378378377,0.12398648648648648,0.21385135135135136,0.28885135135135137,0.2056081081081081,False
USA30IDXUSD1440_comma,daily,30,75,long_short,price_slow,0.0025,-0.04105312021632457,-0.48521504872915733,-0.5821153901919354,-0.08064958377463924,-0.5090307760426902,121,0.2727272727272727,0.6788852765527478,-276.55816864551514,0.2722972972972973,0.12972972972972974,0.15371621621621623,0.22128378378378377,0.20528716216216214,False
USA30IDXUSD1440_comma,daily,60,100,long_short,none,0.005,-0.03860483973376072,-0.500114331270837,-0.5990455999935783,-0.07352232378608814,-0.5250764359146318,40,0.375,0.6265111413024094,-1099.8387916754225,0.25236486486486487,0.18277027027027026,0.17804054054054055,0.1527027027027027,0.20515202702702703,False
USA30IDXUSD1440_comma,daily,10,300,long_short,fast_slope,0.0,-0.03759602675333107,-0.5978593762275275,-0.720778062793666,-0.07308552682060371,-0.5144113805954298,272,0.3235294117647059,0.8160391903437133,-121.551520422542,0.14763513513513513,0.18716216216216217,0.1891891891891892,0.4081081081081081,0.20489864864864865,False
USA30IDXUSD1440_comma,daily,40,300,long_short,fast_slope,0.005,-0.03317223373815703,-0.5913810718196787,-0.7002684631924383,-0.06494130964216867,-0.5108032763881487,107,0.3364485981308411,0.6984680691055476,-311.5794017144412,0.15304054054054053,0.23479729729729729,0.23310810810810811,0.2554054054054054,0.20484797297297297,False
USA30IDXUSD1440_comma,daily,75,250,long_short,slow_slope,0.0,-0.03590317992254788,-0.5061244289798504,-0.6003650934668491,-0.0648725027412165,-0.5534421889929171,62,0.20967741935483872,0.4906010389821261,-760.1903266190276,0.2462837837837838,0.23513513513513515,0.20777027027027026,0.03918918918918919,0.20472972972972972,False
USA30IDXUSD1440_comma,daily,40,400,long_short,price_slow,0.005,-0.037661637886966526,-0.518958579513831,-0.6065610994366928,-0.05972132542490507,-0.6306229411187987,46,0.13043478260869565,0.5061867503321928,-1213.8546464001195,0.23310810810810811,0.2662162162162162,0.18817567567567567,0.047635135135135134,0.2045777027027027,False
USA30IDXUSD1440_comma,daily,10,50,long_short,none,0.0025,-0.046737231186180006,-0.47027637162398367,-0.572689595233244,-0.08229194719045864,-0.5679441644272937,94,0.30851063829787234,0.6992335691046739,-383.7269302986232,0.2905405405405405,0.12094594594594595,0.0972972972972973,0.25675675675675674,0.20442567567567566,False
USA30IDXUSD1440_comma,daily,20,75,long_short,combined,0.0,-0.03629754658045592,-0.5206864772356871,-0.6281576501171398,-0.08650219947668293,-0.4196141462303521,214,0.3644859813084112,0.7421492539198611,-141.64412886178192,0.23074324324324325,0.09222972972972973,0.20506756756756755,0.3202702702702703,0.2044087837837838,False
USA30IDXUSD1440_comma,daily,5,75,long_short,slow_slope,0.001,-0.043185045269697464,-0.4741090125428708,-0.5591411726545861,-0.08498213318444654,-0.5081661715406457,136,0.2867647058823529,0.6933654673246756,-245.90836578778158,0.28614864864864864,0.10270270270270271,0.13243243243243244,0.2472972972972973,0.20371621621621622,False
USA30IDXUSD1440_comma,daily,50,250,long_short,slow_slope,0.0025,-0.0371620979666184,-0.49516593496437006,-0.5752978868467984,-0.0673400738888483,-0.5518571011365128,58,0.1896551724137931,0.46895577254267184,-863.3122412330654,0.2611486486486487,0.22128378378378377,0.1939189189189189,0.03277027027027027,0.20347972972972975,False
USA30IDXUSD1440_comma,daily,50,150,long_short,fast_slope,0.0025,-0.03721710719842963,-0.5539700720711459,-0.6462111891671322,-0.07220312392117947,-0.5154500965783375,122,0.3114754098360656,0.7098434640015425,-285.5603037212209,0.18986486486486487,0.19256756756756757,0.19324324324324324,0.27094594594594595,0.20337837837837835,False
USA30IDXUSD1440_comma,daily,30,400,long_short,slow_slope,0.001,-0.037286294434506595,-0.5050100887789163,-0.5817899618352255,-0.061160550001220136,-0.60964615971836,43,0.18604651162790697,0.39394112702595013,-1156.0745484596816,0.24763513513513513,0.2574324324324324,0.19155405405405404,0.010472972972972974,0.2032939189189189,False
USA30IDXUSD1440_comma,daily,5,50,long_only,combined,0.0,-0.019651539759101055,-0.8538249918204504,-1.0826308757293353,-0.06181724167797732,-0.31789738955793634,278,0.3669064748201439,0.8279409261512488,-83.4729805005489,0.009797297297297298,0.2533783783783784,0.3641891891891892,0.41993243243243245,0.20309121621621623,False
USA30IDXUSD1440_comma,daily,5,50,long_only,combined,0.005,-0.0215244024849518,-0.9054109366068933,-1.1498700592649977,-0.05658181752976159,-0.38041200202927616,262,0.366412213740458,0.807862895018291,-95.93302374909227,0.005067567567567568,0.2868243243243243,0.3452702702702703,0.39966216216216216,0.20273648648648646,False
USA30IDXUSD1440_comma,daily,40,500,long_short,price_slow,0.0,-0.03711539267897779,-0.5089127521012613,-0.5901760223767872,-0.06096683848939811,-0.6087800121935469,47,0.06382978723404255,0.3990050646571616,-1316.7165604487961,0.24256756756756756,0.2587837837837838,0.19493243243243244,0.0125,0.2025844594594595,False
USA30IDXUSD1440_comma,daily,5,150,long_only,combined,0.005,-0.018358068741126887,-0.8836890066449945,-1.1495101401193286,-0.06380018579677343,-0.28774318619704253,290,0.3620689655172414,0.8329399004129269,-75.33292684856174,0.006756756756756757,0.24324324324324326,0.3766891891891892,0.4246621621621622,0.20255067567567567,False
USA30IDXUSD1440_comma,daily,40,400,long_short,none,0.005,-0.04389982980080698,-0.4655075416236316,-0.5490369824553991,-0.0658558414221925,-0.6666049488210373,15,0.26666666666666666,0.3375628146051853,-4184.34984263937,0.2983108108108108,0.22905405405405405,0.1266891891891892,0.0037162162162162164,0.20248310810810807,True
USA30IDXUSD1440_comma,daily,20,50,long_short,combined,0.001,-0.03790172297597216,-0.5168723950820953,-0.6322052245178945,-0.08827792862097499,-0.42934540454279135,223,0.32286995515695066,0.7561920731221866,-143.0642573686128,0.23479729729729729,0.08108108108108109,0.18614864864864866,0.33952702702702703,0.20234797297297297,False
USA30IDXUSD1440_comma,daily,5,150,long_short,slow_slope,0.001,-0.0435819132948877,-0.4822073155040452,-0.5692800527700377,-0.07370184051401801,-0.5913273398728551,99,0.21212121212121213,0.6122445354307168,-389.3166772951927,0.2756756756756757,0.18141891891891893,0.12905405405405404,0.13918918918918918,0.20231418918918923,False
USA30IDXUSD1440_comma,daily,30,400,long_short,slow_slope,0.0025,-0.037153745245305014,-0.506217266050831,-0.5821454641386136,-0.061933742557415496,-0.5998950444640374,42,0.16666666666666666,0.38958541328194485,-1176.671742129016,0.24594594594594596,0.25304054054054054,0.1945945945945946,0.009121621621621622,0.2019256756756757,False
USA30IDXUSD1440_comma,daily,10,100,long_only,fast_slope,0.001,-0.016610440447419772,-0.7586716942261332,-0.9429975827925127,-0.07346503434143502,-0.22609994804087796,213,0.3568075117370892,0.8282896635631347,-93.77993315358036,0.0375,0.18344594594594596,0.3898648648648649,0.42027027027027025,0.201875,False
USA30IDXUSD1440_comma,daily,20,50,long_short,price_slow,0.001,-0.04320421682315545,-0.4892341589253746,-0.5885632902052319,-0.08706193399178513,-0.49624692264741155,156,0.32051282051282054,0.7343072828012933,-211.83381736084732,0.2685810810810811,0.08783783783783784,0.1314189189189189,0.3070945945945946,0.2017398648648649,False
USA30IDXUSD1440_comma,daily,5,100,long_only,combined,0.0,-0.01851103335541826,-0.8386528834080023,-1.0869882728523752,-0.06586832804978517,-0.28103086723906356,288,0.375,0.8367943781466999,-76.41808065788751,0.011824324324324325,0.2287162162162162,0.37601351351351353,0.4287162162162162,0.20141891891891892,False
USA30IDXUSD1440_comma,daily,50,75,long_short,price_slow,0.005,-0.03727945232316465,-0.5212020312597782,-0.6259654024302637,-0.0748949590680566,-0.49775649505715114,91,0.3076923076923077,0.6483982113220784,-344.899300220508,0.23006756756756758,0.17398648648648649,0.1918918918918919,0.17972972972972973,0.2008614864864865,False
USA30IDXUSD1440_comma,daily,5,250,long_short,slow_slope,0.0,-0.041881901389258624,-0.4799763764422032,-0.5545078183405018,-0.07660103877801906,-0.5467537001766716,79,0.20253164556962025,0.6027568967467648,-500.6240029517221,0.27837837837837837,0.16182432432432434,0.14493243243243242,0.12736486486486487,0.19989864864864867,False
USA30IDXUSD1440_comma,daily,30,300,long_short,slow_slope,0.005,-0.039840490834163744,-0.49907413531967254,-0.5724000130681813,-0.06435346209538564,-0.619088539092296,49,0.20408163265306123,0.477198038263888,-1051.758132639937,0.2543918918918919,0.23851351351351352,0.16655405405405405,0.03445945945945946,0.19986486486486485,False
USA30IDXUSD1440_comma,daily,10,400,long_short,fast_slope,0.0025,-0.036966906183354076,-0.615601026476061,-0.7414233356071986,-0.07170140374984767,-0.51556739826635,259,0.32432432432432434,0.8011818974521803,-127.09848829831405,0.1314189189189189,0.19527027027027027,0.1972972972972973,0.3932432432432432,0.1998310810810811,False
USA30IDXUSD1440_comma,daily,5,50,long_only,combined,0.001,-0.020155008716639,-0.864360231455973,-1.0959933456069129,-0.062478909364557945,-0.32258899717721734,275,0.36727272727272725,0.8217249163837229,-86.28547754101236,0.008783783783783784,0.24932432432432433,0.35777027027027025,0.4155405405405405,0.19972972972972972,False
USA30IDXUSD1440_comma,daily,5,250,long_short,slow_slope,0.001,-0.041976640875278415,-0.48187632462755553,-0.5561602550971605,-0.07568064317974885,-0.5546549171837749,78,0.19230769230769232,0.5992586013955712,-509.35608718881497,0.2760135135135135,0.16756756756756758,0.14391891891891892,0.12398648648648648,0.19967905405405406,False
USA30IDXUSD1440_comma,daily,30,75,long_short,combined,0.001,-0.03784705807161792,-0.5078285098450777,-0.6040904095807271,-0.08425146775106229,-0.44921541525477726,149,0.348993288590604,0.6962133656891439,-199.30790188625264,0.2435810810810811,0.10777027027027027,0.1864864864864865,0.25135135135135134,0.199375,False
USA30IDXUSD1440_comma,daily,30,300,long_short,slow_slope,0.001,-0.03993573708496623,-0.4917467022816747,-0.5632400505998101,-0.06647010341169132,-0.6008075064607465,49,0.1836734693877551,0.4468484132411248,-1067.5746858005343,0.264527027027027,0.2260135135135135,0.1662162162162162,0.02533783783783784,0.1993581081081081,False
USA30IDXUSD1440_comma,daily,50,150,long_short,price_slow,0.0025,-0.04044134871881533,-0.5243657256356761,-0.6085107123435153,-0.07046081019205983,-0.5739552044403349,87,0.21839080459770116,0.646496709765754,-475.2081360870166,0.22567567567567567,0.20168918918918918,0.1597972972972973,0.17702702702702702,0.1992060810810811,False
USA30IDXUSD1440_comma,daily,50,100,long_short,fast_slope,0.0025,-0.041618048560331244,-0.5287729494625911,-0.6253713478311808,-0.07412285590821929,-0.561473894258253,115,0.2782608695652174,0.6946034808588925,-295.91429779832066,0.2179054054054054,0.18006756756756756,0.14797297297297296,0.2489864864864865,0.19912162162162161,False
USA30IDXUSD1440_comma,daily,10,75,long_short,price_slow,0.0025,-0.044885127100902755,-0.4760801351985102,-0.5702621204125451,-0.08198397534127748,-0.5474865900812679,129,0.26356589147286824,0.6663029277455075,-276.23584799017226,0.28445945945945944,0.1222972972972973,0.11689189189189189,0.20405405405405405,0.1983445945945946,False
USA30IDXUSD1440_comma,daily,5,50,long_only,combined,0.0025,-0.020950264067673086,-0.8810426413776519,-1.1173857919176278,-0.06128317272767696,-0.3418599777914475,270,0.3592592592592593,0.815139569690956,-90.91826914971597,0.007432432432432433,0.25675675675675674,0.34966216216216217,0.40743243243243243,0.19820945945945947,False
USA30IDXUSD1440_comma,daily,40,100,long_short,none,0.0025,-0.04555482091715979,-0.46460681612462384,-0.5545750707427073,-0.0814930558705937,-0.5590024871505399,43,0.3488372093023256,0.6312072261263425,-939.8058220387352,0.3,0.125,0.11013513513513513,0.1581081081081081,0.19699324324324324,False
USA30IDXUSD1440_comma,daily,50,300,long_short,price_slow,0.005,-0.03824059404135971,-0.5160759018504033,-0.6053315543343726,-0.06705892669616842,-0.5702535952390166,57,0.19298245614035087,0.5452924410498127,-1014.686207176981,0.23547297297297298,0.22263513513513514,0.1820945945945946,0.07128378378378378,0.19695945945945945,False
USA30IDXUSD1440_comma,daily,75,200,long_short,fast_slope,0.005,-0.03300111597096633,-0.5766971900367333,-0.6915952082982242,-0.0666813802147246,-0.4949075118825903,89,0.3258426966292135,0.6507409472114151,-433.15297593075513,0.16418918918918918,0.22533783783783784,0.23648648648648649,0.18344594594594596,0.1968243243243243,False
USA30IDXUSD1440_comma,daily,50,200,long_short,fast_slope,0.005,-0.03686580683026286,-0.5735505092009441,-0.6607534553291483,-0.0689605157773795,-0.5345929683773569,116,0.3017241379310345,0.6896676134780213,-313.24679452062287,0.17027027027027028,0.21081081081081082,0.19898648648648648,0.23986486486486486,0.19658783783783787,False
USA30IDXUSD1440_comma,daily,50,75,long_short,fast_slope,0.005,-0.03813401098814262,-0.5180493611232669,-0.6216858710250084,-0.07951649306319665,-0.479573601892065,92,0.31521739130434784,0.6726637381926305,-348.94690634162487,0.23378378378378378,0.13783783783783785,0.1837837837837838,0.21047297297297296,0.1963006756756757,False
USA30IDXUSD1440_comma,daily,60,75,long_short,none,0.001,-0.0466521263094023,-0.4781611337539698,-0.5678403925661981,-0.08135446686511144,-0.5734427144209937,65,0.4461538461538462,0.6771559297550165,-635.065535702707,0.2810810810810811,0.1266891891891892,0.09763513513513514,0.2168918918918919,0.19616554054054058,False
USA30IDXUSD1440_comma,daily,100,200,long_short,fast_slope,0.005,-0.03353912655516078,-0.5653576907057659,-0.6933807651144006,-0.06733072893478369,-0.4981251070019851,87,0.3333333333333333,0.6307539913335295,-459.5727242872839,0.17702702702702702,0.22162162162162163,0.2304054054054054,0.15743243243243243,0.19591216216216215,False
USA30IDXUSD1440_comma,daily,30,400,long_short,slow_slope,0.005,-0.03772173952194502,-0.5136917497249579,-0.591146985423616,-0.06385700305084965,-0.5907220464434731,42,0.16666666666666666,0.4143619545494727,-1173.1091511816076,0.23817567567567569,0.2429054054054054,0.18716216216216217,0.01587837837837838,0.19581081081081084,False
USA30IDXUSD1440_comma,daily,20,400,long_short,slow_slope,0.001,-0.0395688044592466,-0.4994066592840094,-0.5677292986562626,-0.06528628270747197,-0.6060814434257562,44,0.18181818181818182,0.39607822394903175,-1110.2144114688122,0.2537162162162162,0.23412162162162162,0.16858108108108108,0.010810810810810811,0.19535472972972975,False
USA30IDXUSD1440_comma,daily,40,400,long_short,fast_slope,0.005,-0.03235620304865605,-0.6249241111227719,-0.7321296611622676,-0.05904572036599308,-0.5479855753828918,98,0.3163265306122449,0.6643687939116527,-394.15946702061706,0.12331081081081081,0.2679054054054054,0.24121621621621622,0.20202702702702702,0.19484797297297296,False
USA30IDXUSD1440_comma,daily,10,200,long_short,combined,0.0025,-0.03705282854813474,-0.6198366896465581,-0.7453505699674814,-0.07364909002335891,-0.503099611093401,263,0.33460076045627374,0.8010237310880484,-119.42072728080637,0.12804054054054054,0.18175675675675676,0.19594594594594594,0.3929054054054054,0.1947804054054054,False
USA30IDXUSD1440_comma,daily,20,50,long_short,price_slow,0.0,-0.044753390750913,-0.4962719842218858,-0.5966284331119228,-0.08425701349551161,-0.531153299817552,160,0.3,0.7077646345086904,-217.55673099117456,0.2587837837837838,0.10743243243243243,0.11925675675675676,0.26925675675675675,0.19461148648648652,False
USA30IDXUSD1440_comma,daily,40,100,long_short,fast_slope,0.0025,-0.04227683492441514,-0.5369336431491232,-0.6388027885870575,-0.0763735767326066,-0.5535531624036885,117,0.38461538461538464,0.7199080473652055,-282.686419479293,0.20675675675675675,0.16317567567567567,0.14054054054054055,0.28614864864864864,0.194527027027027,False
USA30IDXUSD1440_comma,daily,60,75,long_only,combined,0.005,-0.018141228579288682,-0.716768478892565,-0.8870622570765487,-0.057399620187715654,-0.3160513696773758,61,0.3442622950819672,0.6326684903336735,-354.36997528436507,0.06114864864864865,0.2814189189189189,0.37804054054054054,0.16047297297297297,0.19449324324324324,False
USA30IDXUSD1440_comma,daily,60,300,long_short,slow_slope,0.0025,-0.039586579333904526,-0.5052748845264993,-0.5893439972538587,-0.06481195295921936,-0.6107913359563935,44,0.25,0.42314839795678694,-1265.1656457134043,0.24695945945945946,0.23648648648648649,0.16824324324324325,0.019256756756756758,0.1944425675675676,False
USA30IDXUSD1440_comma,daily,60,150,long_short,slow_slope,0.005,-0.04087806224078894,-0.513941336351026,-0.5979226168596306,-0.07343291911371082,-0.5566721673897954,65,0.36923076923076925,0.6183138665746811,-720.0981929969402,0.23783783783783785,0.18412162162162163,0.15574324324324323,0.14527027027027026,0.19410472972972975,False
USA30IDXUSD1440_comma,daily,40,250,long_short,slow_slope,0.001,-0.04000668605547664,-0.49975414257264883,-0.5721878478022329,-0.0686031861918633,-0.5831607579214978,62,0.1935483870967742,0.4998886282571511,-784.9591830061897,0.2527027027027027,0.21385135135135136,0.16486486486486487,0.043243243243243246,0.19400337837837836,False
USA30IDXUSD1440_comma,daily,60,200,long_short,price_slow,0.005,-0.038401126614814984,-0.5284839662401557,-0.6174137504840665,-0.06762531883245174,-0.5678513207450819,67,0.23880597014925373,0.5789204349633892,-751.4930727235105,0.21925675675675677,0.2195945945945946,0.1804054054054054,0.10202702702702703,0.19398648648648648,False
USA30IDXUSD1440_comma,daily,10,50,long_short,price_slow,0.0,-0.046743502626835354,-0.4894001742130175,-0.5915685692673491,-0.08721146328577552,-0.5359788824281702,167,0.31137724550898205,0.7263792300149648,-215.52511539067575,0.2679054054054054,0.08682432432432433,0.09695945945945945,0.2945945945945946,0.19244932432432432,False
USA30IDXUSD1440_comma,daily,60,300,long_short,slow_slope,0.001,-0.03995291004566248,-0.5069808791699134,-0.5909420362715636,-0.06550325547331229,-0.6099377772443741,47,0.23404255319148937,0.4249836755568151,-1179.8015317095626,0.24493243243243243,0.23310810810810811,0.16587837837837838,0.019594594594594596,0.19236486486486487,False
USA30IDXUSD1440_comma,daily,40,400,long_short,price_slow,0.0025,-0.03942142472574206,-0.5285126427969025,-0.6192260095549901,-0.061543532603309616,-0.6405453677779638,48,0.125,0.503379466090738,-1188.189215852283,0.21891891891891893,0.25472972972972974,0.16993243243243245,0.04594594594594595,0.1921283783783784,False
USA30IDXUSD1440_comma,daily,100,250,long_short,combined,0.0025,-0.03135773001585673,-0.5950039426148597,-0.7215060177767544,-0.06236272070902959,-0.502828126472622,96,0.2604166666666667,0.5964921071249624,-402.8711738355905,0.15101351351351353,0.25067567567567567,0.2533783783783784,0.12060810810810811,0.19184121621621622,False
USA30IDXUSD1440_comma,daily,40,150,long_short,combined,0.005,-0.035729530352227035,-0.574874596316684,-0.6770001068440868,-0.0746002533304369,-0.4789465016152885,114,0.34210526315789475,0.698586575399934,-269.55519972065827,0.16858108108108108,0.17635135135135135,0.20912162162162162,0.2560810810810811,0.19175675675675674,False
USA30IDXUSD1440_comma,daily,40,250,long_short,slow_slope,0.0,-0.040330077882419935,-0.5011805621785143,-0.574401625758911,-0.0688610568754253,-0.5856732340803308,64,0.1875,0.49611922620096016,-757.458406192458,0.25033783783783786,0.21182432432432433,0.16114864864864864,0.041891891891891894,0.19160472972972975,False
USA30IDXUSD1440_comma,daily,10,100,long_only,fast_slope,0.0025,-0.017727760444824492,-0.7808028346100159,-0.9701452736465151,-0.07524768466434782,-0.23559210524418783,212,0.35377358490566035,0.8176957239074019,-99.88825218013126,0.027702702702702704,0.17027027027027028,0.38141891891891894,0.41047297297297297,0.1915033783783784,False
USA30IDXUSD1440_comma,daily,10,150,long_only,fast_slope,0.0,-0.021042939905478786,-0.7999678685268221,-0.9941967794250505,-0.0690299537669427,-0.3048378096344011,224,0.35714285714285715,0.8098287538520399,-110.01291850526566,0.021621621621621623,0.21047297297297296,0.3489864864864865,0.40202702702702703,0.19136824324324325,False
USA30IDXUSD1440_comma,daily,40,300,long_short,slow_slope,0.0,-0.04025232724139005,-0.5012690677481126,-0.5841016118049791,-0.06705608513418122,-0.600278515526875,49,0.14285714285714285,0.4197434126346707,-1096.7461533112382,0.24966216216216217,0.22297297297297297,0.16216216216216217,0.017905405405405406,0.19072635135135135,False
USA30IDXUSD1440_comma,daily,10,200,long_short,combined,0.0,-0.03770028062737407,-0.623513410893569,-0.7494958231123848,-0.07425759605443884,-0.507695948031171,266,0.3383458646616541,0.79937215593071,-120.09668368803864,0.12432432432432433,0.1793918918918919,0.18783783783783783,0.3902027027027027,0.19067567567567567,False
USA30IDXUSD1440_comma,daily,60,100,long_short,price_slow,0.0025,-0.035202933483008514,-0.5266614265488455,-0.6186213368667273,-0.08617315509179245,-0.4085139211336758,95,0.29473684210526313,0.6865042581260268,-345.2454589498686,0.22162162162162163,0.0956081081081081,0.21351351351351353,0.23547297297297298,0.19057432432432433,False
USA30IDXUSD1440_comma,daily,20,500,long_short,price_slow,0.001,-0.04127569130285558,-0.5011990263360414,-0.5814454858949154,-0.06628339640553553,-0.6227153939173902,51,0.058823529411764705,0.4418270541785471,-1052.5611759200713,0.25,0.22668918918918918,0.15135135135135136,0.023310810810810812,0.1904391891891892,False
USA30IDXUSD1440_comma,daily,50,250,long_short,slow_slope,0.005,-0.03856946623853519,-0.5123575732671451,-0.5962807768707343,-0.06832198640135412,-0.5645249541188802,55,0.2,0.4640114074158922,-940.0766603753679,0.2391891891891892,0.21722972972972973,0.17871621621621622,0.030743243243243245,0.19033783783783784,False
USA30IDXUSD1440_comma,daily,75,100,long_short,fast_slope,0.0,-0.036619200734595125,-0.5215482549921437,-0.6194240904546785,-0.08460341602974997,-0.43283359529736176,111,0.34234234234234234,0.6705434953067704,-353.60714263266397,0.22939189189189188,0.10540540540540541,0.20202702702702702,0.20810810810810812,0.18972972972972973,False
USA30IDXUSD1440_comma,daily,40,300,long_short,fast_slope,0.0025,-0.03537942435267494,-0.6042258549296986,-0.7144425219410677,-0.06753386106798653,-0.5238768196158423,109,0.3302752293577982,0.6837484610519055,-323.67672323732603,0.14391891891891892,0.21993243243243243,0.2114864864864865,0.23006756756756758,0.1893581081081081,False
USA30IDXUSD1440_comma,daily,75,100,long_short,slow_slope,0.001,-0.03697771911486092,-0.5241480686824804,-0.6305439522878467,-0.08311088566548241,-0.444920287141381,99,0.30303030303030304,0.6621540214759046,-440.35904761726783,0.22668918918918918,0.1152027027027027,0.19695945945945945,0.1983108108108108,0.18861486486486487,False
USA30IDXUSD1440_comma,daily,10,200,long_short,combined,0.001,-0.03800830622539808,-0.6271248662626603,-0.7536674106680831,-0.07438704971115018,-0.5109532690567355,265,0.33962264150943394,0.796544054521061,-121.52166334430734,0.12195945945945946,0.1783783783783784,0.18513513513513513,0.3878378378378378,0.18858108108108107,False
USA30IDXUSD1440_comma,daily,20,100,long_short,slow_slope,0.001,-0.04335105971446207,-0.4841077683913556,-0.5807331138756524,-0.0854110811403209,-0.5075577915146761,116,0.25,0.6534507376670523,-318.59824498695883,0.27364864864864863,0.09966216216216216,0.13108108108108107,0.1858108108108108,0.18846283783783785,False
USA30IDXUSD1440_comma,daily,60,100,long_short,price_slow,0.0,-0.0384569666143183,-0.5117165627901886,-0.587857844883554,-0.0872242245365357,-0.44089777603250335,113,0.3185840707964602,0.6849890185540221,-322.9901272116795,0.23986486486486486,0.08648648648648649,0.17972972972972973,0.23175675675675675,0.18827702702702703,False
USA30IDXUSD1440_comma,daily,5,150,long_short,none,0.0025,-0.04772930336911352,-0.47627650663319426,-0.5693036955148664,-0.0761892912530258,-0.6264568495670051,80,0.2,0.5859076028531469,-515.4440792911122,0.28412162162162163,0.1635135135135135,0.08648648648648649,0.1070945945945946,0.18788851351351352,False
USA30IDXUSD1440_comma,daily,10,500,long_short,fast_slope,0.0,-0.036776255453681794,-0.6440408382064303,-0.794977081490463,-0.0722327303269742,-0.509135613276801,259,0.3359073359073359,0.7782712952651875,-131.12328509373575,0.11081081081081082,0.1918918918918919,0.20033783783783785,0.36858108108108106,0.18765202702702705,False
USA30IDXUSD1440_comma,daily,5,150,long_short,slow_slope,0.005,-0.043805764018087556,-0.4954682147571608,-0.5864533408322511,-0.0761315462401639,-0.5753956957592623,94,0.19148936170212766,0.5924105316729134,-414.6075122784597,0.26013513513513514,0.16385135135135134,0.12736486486486487,0.11418918918918919,0.18761824324324328,False
USA30IDXUSD1440_comma,daily,5,75,long_short,slow_slope,0.0,-0.04492026380869829,-0.48506531684150234,-0.5721048174080455,-0.08708596064127701,-0.515815218410842,139,0.26618705035971224,0.6797696565235958,-250.29229382660418,0.27263513513513515,0.0875,0.11587837837837837,0.2233108108108108,0.18760135135135134,False
USA30IDXUSD1440_comma,daily,10,500,long_short,combined,0.001,-0.032486687325127606,-0.6660532410368105,-0.8079325770127351,-0.07320659595261497,-0.44376721663380614,232,0.34051724137931033,0.7792619575125616,-132.50540745288356,0.09358108108108108,0.18682432432432433,0.23952702702702702,0.36993243243243246,0.1875337837837838,False
USA30IDXUSD1440_comma,daily,40,100,long_short,fast_slope,0.001,-0.0426865605001836,-0.5337538823346811,-0.6343168122021838,-0.08049198270908818,-0.5303206488832577,125,0.384,0.7184902172128799,-269.7022954595218,0.2114864864864865,0.1304054054054054,0.13918918918918918,0.2831081081081081,0.1875,False
USA30IDXUSD1440_comma,daily,40,75,long_short,slow_slope,0.001,-0.04312764455104168,-0.4873440284998215,-0.5777687903409086,-0.08432066240656061,-0.5114718423711779,106,0.2830188679245283,0.6432637434710805,-357.7128890351886,0.2699324324324324,0.1070945945945946,0.13344594594594594,0.17297297297297298,0.18738175675675678,False
USA30IDXUSD1440_comma,daily,40,300,long_short,slow_slope,0.005,-0.04024885925010102,-0.5151380369441738,-0.6007090022374734,-0.0663839478239727,-0.6063040926223173,46,0.15217391304347827,0.4455338201980406,-1135.7974463570263,0.23614864864864865,0.22635135135135134,0.1625,0.025,0.1872972972972973,False
USA30IDXUSD1440_comma,daily,50,300,long_short,combined,0.0,-0.03494975243053966,-0.6053590453167507,-0.7102490559382068,-0.06828641397489371,-0.511811213917154,115,0.2782608695652174,0.6735059245587576,-315.49842562888,0.14256756756756755,0.21756756756756757,0.21722972972972973,0.2114864864864865,0.18658783783783783,False
USA30IDXUSD1440_comma,daily,40,50,long_short,fast_slope,0.0025,-0.04320271647791263,-0.5262980808812965,-0.6424682537623201,-0.08475152613349136,-0.5097573866677565,126,0.42857142857142855,0.7260000491473727,-288.30815596733515,0.22364864864864864,0.10405405405405406,0.13175675675675674,0.2939189189189189,0.18591216216216216,False
USA30IDXUSD1440_comma,daily,40,500,long_short,price_slow,0.0025,-0.03877600329321862,-0.5251374483428529,-0.6078234590708632,-0.06442075262459089,-0.6019178869142383,47,0.10638297872340426,0.38702484765452155,-1345.0370984219126,0.225,0.23817567567567569,0.17567567567567569,0.007770270270270271,0.18584459459459463,False
USA30IDXUSD1440_comma,daily,5,50,long_short,slow_slope,0.0025,-0.046589893570439855,-0.5076469002343306,-0.6118966821768391,-0.08344619532639028,-0.5583225620797785,160,0.3125,0.7054068961132748,-229.64548866905187,0.24391891891891893,0.11317567567567567,0.09932432432432432,0.2652027027027027,0.18550675675675674,False
USA30IDXUSD1440_comma,daily,20,75,long_short,none,0.001,-0.04685979539590457,-0.45963678802563335,-0.5533609511836534,-0.0864665526586548,-0.541941293541488,63,0.30158730158730157,0.604519786777721,-642.8627358536805,0.30777027027027026,0.09324324324324325,0.09493243243243243,0.12905405405405404,0.1847635135135135,False
USA30IDXUSD1440_comma,daily,10,50,long_short,price_slow,0.001,-0.04770700229711755,-0.49973344382160767,-0.6038232310167375,-0.08509563724088617,-0.5606280632468854,159,0.32075471698113206,0.7094152487212757,-231.34887850336835,0.25304054054054054,0.10135135135135136,0.0875,0.2702702702702703,0.1845945945945946,False
USA30IDXUSD1440_comma,daily,60,75,long_short,none,0.0,-0.05085790277934521,-0.48018197067134305,-0.570345868736057,-0.08471114725607438,-0.6003684807337837,66,0.4696969696969697,0.6858888875478495,-682.2272543300157,0.27804054054054056,0.10472972972972973,0.058445945945945946,0.23344594594594595,0.18410472972972974,False
USA30IDXUSD1440_comma,daily,40,100,long_short,none,0.005,-0.04567010349799516,-0.4786318408026953,-0.5709677436996483,-0.08141831765692963,-0.5609315546218255,41,0.3902439024390244,0.6011454300476884,-1008.8276417441983,0.28006756756756757,0.1260135135135135,0.10810810810810811,0.12567567567567567,0.18400337837837838,False
USA30IDXUSD1440_comma,daily,5,100,long_only,combined,0.005,-0.019454581817743954,-0.8848183579710998,-1.159752891795255,-0.07354205759521304,-0.2645368168079415,277,0.37545126353790614,0.8206158373344172,-83.03242616668886,0.006418918918918919,0.18243243243243243,0.3668918918918919,0.41385135135135137,0.18363175675675675,False
USA30IDXUSD1440_comma,daily,5,100,long_short,none,0.005,-0.04620228245056146,-0.47464968265592755,-0.5686017212653715,-0.084476882305142,-0.5469222015518107,92,0.25,0.6216247055056543,-438.18655478833256,0.28581081081081083,0.10641891891891891,0.10270270270270271,0.14695945945945946,0.18351351351351353,False
USA30IDXUSD1440_comma,daily,10,150,long_only,combined,0.001,-0.019897834238531642,-0.8899634286829012,-1.1080609870908524,-0.07011103880711796,-0.283804584514465,211,0.3459715639810427,0.7932997492575344,-111.19317175553539,0.006081081081081081,0.20270270270270271,0.360472972972973,0.38513513513513514,0.18297297297297296,False
USA30IDXUSD1440_comma,daily,50,400,long_short,fast_slope,0.001,-0.035077180630018745,-0.6253565342596263,-0.7295362045344902,-0.06363836159781261,-0.5511955328407516,112,0.30357142857142855,0.6600869147764534,-359.74452035652666,0.12263513513513513,0.24425675675675676,0.21554054054054053,0.19527027027027027,0.18251689189189188,False
USA30IDXUSD1440_comma,daily,60,300,long_short,slow_slope,0.0,-0.04126586941851562,-0.5163856604246827,-0.6017986452510425,-0.06712086372757513,-0.6147994397986635,47,0.23404255319148937,0.4160872691346757,-1197.499917541115,0.23513513513513515,0.2222972972972973,0.1516891891891892,0.016554054054054055,0.18244932432432434,False
USA30IDXUSD1440_comma,daily,40,500,long_short,price_slow,0.001,-0.03934624089782923,-0.5273397771240201,-0.6111090953121506,-0.06482148978678043,-0.6069937767128183,47,0.06382978723404255,0.38485353153489643,-1352.2947699339006,0.22027027027027027,0.23614864864864865,0.17094594594594595,0.007432432432432433,0.18244932432432434,False
USA30IDXUSD1440_comma,daily,10,150,long_short,price_slow,0.001,-0.04771041641382234,-0.4953364142338516,-0.5850079800984994,-0.07605812044539559,-0.627288922398169,98,0.1836734693877551,0.6046869253631842,-422.655875519921,0.26047297297297295,0.16554054054054054,0.08716216216216216,0.1293918918918919,0.18241554054054052,False
USA30IDXUSD1440_comma,daily,50,250,long_short,fast_slope,0.0025,-0.03617690223075554,-0.5947451943930404,-0.6947463241131723,-0.07119074222841455,-0.5081686339873017,113,0.30973451327433627,0.6674936354697268,-335.68068481090205,0.15135135135135136,0.19864864864864865,0.20608108108108109,0.20472972972972972,0.1821283783783784,False
USA30IDXUSD1440_comma,daily,50,150,long_short,fast_slope,0.005,-0.03871082062246711,-0.5758381854940827,-0.6710140012122033,-0.07334067877929593,-0.5278219572927538,113,0.3185840707964602,0.6788270121277932,-323.7975385627568,0.16655405405405405,0.18547297297297297,0.17601351351351352,0.22094594594594594,0.18133445945945947,False
USA30IDXUSD1440_comma,daily,40,300,long_short,slow_slope,0.001,-0.04166154150064427,-0.514349347205596,-0.5997429666318224,-0.06859326934032786,-0.6073706925083145,48,0.14583333333333334,0.41629006975161875,-1142.1265688390185,0.23716216216216215,0.2141891891891892,0.14695945945945946,0.016891891891891893,0.18033783783783783,False
USA30IDXUSD1440_comma,daily,10,500,long_short,combined,0.005,-0.032875096563476425,-0.6747504927901662,-0.820021060726305,-0.07512668634243876,-0.4375954559426032,230,0.3391304347826087,0.7743217258098851,-135.25487478899393,0.08716216216216216,0.17229729729729729,0.2375,0.3655405405405405,0.18027027027027026,False
USA30IDXUSD1440_comma,daily,20,75,long_short,slow_slope,0.0025,-0.0436099272979007,-0.48612848382796864,-0.5739445657443365,-0.08673993380059954,-0.5027664351018823,109,0.25688073394495414,0.6280684195327052,-339.6431116142614,0.27128378378378376,0.09054054054054055,0.1287162162162162,0.1554054054054054,0.18020270270270272,False
USA30IDXUSD1440_comma,daily,40,100,long_short,price_slow,0.0025,-0.0433588304293101,-0.5142534365470205,-0.6093436682653135,-0.08224963916570757,-0.5271613452547248,105,0.2857142857142857,0.656735874049715,-330.5652209003553,0.2375,0.12162162162162163,0.13074324324324324,0.18986486486486487,0.1800337837837838,False
USA30IDXUSD1440_comma,daily,30,100,long_short,none,0.0025,-0.048077807183735666,-0.4759456935121767,-0.57197547938266,-0.08225017247807323,-0.5845313843755471,45,0.3111111111111111,0.6032771436252805,-930.3869775812769,0.2847972972972973,0.12128378378378378,0.08209459459459459,0.1277027027027027,0.17981418918918918,False
USA30IDXUSD1440_comma,daily,75,200,long_short,combined,0.0,-0.035277287157303605,-0.5951130367169192,-0.7026568133496932,-0.06914353862995547,-0.5102036698772634,102,0.29411764705882354,0.6341908735590148,-422.2817401208369,0.15067567567567566,0.20945945945945946,0.21216216216216216,0.16182432432432434,0.1793412162162162,False
USA30IDXUSD1440_comma,daily,10,250,long_short,fast_slope,0.0,-0.04020100455393727,-0.6065515377795134,-0.73748622388031,-0.08118888659124275,-0.4951540320577996,278,0.33093525179856115,0.8002323824465997,-126.95258167791849,0.13986486486486485,0.1277027027027027,0.1635135135135135,0.39087837837837835,0.17920608108108108,False
USA30IDXUSD1440_comma,daily,50,100,long_short,combined,0.0025,-0.041403083616090686,-0.5584719264728253,-0.661626399460445,-0.07769270464292254,-0.5329082544671371,130,0.3,0.6931270869175932,-259.6339725164035,0.1847972972972973,0.15304054054054053,0.15,0.24594594594594596,0.17907094594594597,False
USA30IDXUSD1440_comma,daily,40,200,long_short,combined,0.0,-0.03866111738896916,-0.6132729641900098,-0.7108475913732392,-0.06884403659023744,-0.5615754000463646,122,0.3524590163934426,0.693718187543804,-297.2318810783573,0.13344594594594594,0.2125,0.1766891891891892,0.24763513513513513,0.17898648648648646,False
USA30IDXUSD1440_comma,daily,60,300,long_short,slow_slope,0.005,-0.04000151152103193,-0.5263471053097392,-0.6230483827235621,-0.06880956609766654,-0.5813364883634755,42,0.21428571428571427,0.4281580013165443,-1240.4315385331763,0.2233108108108108,0.21283783783783783,0.1652027027027027,0.02060810810810811,0.17866554054054054,False
USA30IDXUSD1440_comma,daily,100,250,long_short,combined,0.005,-0.03246152970735394,-0.607558582251405,-0.7347191875477862,-0.06500886796947182,-0.49934002423481494,95,0.2631578947368421,0.5863452001456095,-414.8650015572284,0.13918918918918918,0.23445945945945945,0.2402027027027027,0.10743243243243243,0.17844594594594593,False
USA30IDXUSD1440_comma,daily,40,250,long_short,fast_slope,0.0025,-0.03902146017150199,-0.6007855386332114,-0.6970459080680788,-0.07002845667941572,-0.5572229065412493,111,0.3333333333333333,0.6830205187157457,-331.47605118624807,0.14560810810810812,0.20371621621621622,0.17297297297297298,0.22804054054054054,0.177972972972973,False
USA30IDXUSD1440_comma,daily,40,50,long_short,price_slow,0.0,-0.044869555983520826,-0.5197381360004709,-0.6249893587039098,-0.08848141448601954,-0.5071071280241617,167,0.31137724550898205,0.7145253425237187,-213.11466836900888,0.23209459459459458,0.08006756756756757,0.11756756756756757,0.27635135135135136,0.17782094594594594,False
USA30IDXUSD1440_comma,daily,30,75,long_short,slow_slope,0.0,-0.044668700642489845,-0.4841212377900264,-0.5709061822607268,-0.09053359401976013,-0.4933936526671008,114,0.2807017543859649,0.6517838907916129,-336.7637158391113,0.2733108108108108,0.06655405405405405,0.11993243243243243,0.1847972972972973,0.17766891891891892,False
USA30IDXUSD1440_comma,daily,30,300,long_short,slow_slope,0.0025,-0.0427925744430816,-0.5148596279336578,-0.5885791541411066,-0.06925672033708082,-0.6178833510279577,48,0.1875,0.43853942205525487,-1127.941198212657,0.23648648648648649,0.20844594594594595,0.13682432432432431,0.0222972972972973,0.17741554054054054,False
USA30IDXUSD1440_comma,daily,10,100,long_only,fast_slope,0.0,-0.020117302678840376,-0.8023640914061184,-0.9939406358915244,-0.07754846783683851,-0.2594158626211295,215,0.35348837209302325,0.8006104918765171,-110.18349137701644,0.02027027027027027,0.15506756756756757,0.3587837837837838,0.3915540540540541,0.17736486486486486,False
USA30IDXUSD1440_comma,daily,5,150,long_short,slow_slope,0.0025,-0.04570932521908866,-0.5029036810967822,-0.5960326733978706,-0.07831152008278638,-0.5836858379299421,102,0.21568627450980393,0.5973527910323847,-394.1364184897318,0.2489864864864865,0.14864864864864866,0.10743243243243243,0.12128378378378378,0.17643581081081083,False
USA30IDXUSD1440_comma,daily,40,200,long_short,combined,0.001,-0.03919514027901383,-0.6183717027636115,-0.7165547380709971,-0.06853661695339577,-0.5718861248384369,121,0.34710743801652894,0.6903276949974533,-302.9895483075809,0.13006756756756757,0.21486486486486486,0.17195945945945945,0.24155405405405406,0.17636824324324324,False
USA30IDXUSD1440_comma,daily,60,150,long_short,price_slow,0.001,-0.04307681293709431,-0.5495899809107726,-0.6358057094623445,-0.07018791759638197,-0.6137354463884939,84,0.2261904761904762,0.6140950680330013,-524.9604126835768,0.19425675675675674,0.20236486486486485,0.13378378378378378,0.14155405405405405,0.1762837837837838,False
USA30IDXUSD1440_comma,daily,20,50,long_short,combined,0.0025,-0.0410256891457067,-0.5450351875822051,-0.6666482628383452,-0.08761785376504636,-0.46823435387632373,214,0.32710280373831774,0.7317771963216854,-159.67624814914078,0.19797297297297298,0.08344594594594594,0.15405405405405406,0.3027027027027027,0.1762668918918919,False
USA30IDXUSD1440_comma,daily,20,75,long_short,price_slow,0.001,-0.04661193494851035,-0.49831844027444566,-0.5936729297807066,-0.08412767557766822,-0.5540618426510233,129,0.2558139534883721,0.6476433738990344,-286.4014282894965,0.25574324324324327,0.10945945945945947,0.09864864864864865,0.17871621621621622,0.17619932432432434,False
USA30IDXUSD1440_comma,daily,50,400,long_short,fast_slope,0.0,-0.03596427172436656,-0.633171250812629,-0.7387257980004663,-0.06486774552323647,-0.5544245670058578,112,0.30357142857142855,0.6550654564683277,-367.1520734256488,0.11858108108108108,0.23547297297297298,0.20675675675675675,0.18783783783783783,0.1758277027027027,False
USA30IDXUSD1440_comma,daily,50,250,long_short,fast_slope,0.0,-0.037546335484015314,-0.6006142680082184,-0.7037301869487764,-0.07203317961944823,-0.5212366812401292,115,0.30434782608695654,0.6684365764122157,-327.5408628546379,0.14594594594594595,0.1939189189189189,0.18952702702702703,0.20608108108108109,0.17567567567567569,False
USA30IDXUSD1440_comma,daily,40,250,long_short,combined,0.0025,-0.03640168339438632,-0.6109560654744668,-0.7034852316135721,-0.0710994757590683,-0.5119824443957803,107,0.2897196261682243,0.6652871811435003,-328.51579883186116,0.13614864864864865,0.19966216216216215,0.20405405405405405,0.20304054054054055,0.1756418918918919,False
USA30IDXUSD1440_comma,daily,75,200,long_short,fast_slope,0.0025,-0.035824074625560365,-0.5861274858406604,-0.6937214153010177,-0.07280510058679991,-0.4920544623497921,94,0.3191489361702128,0.6325318538510359,-447.2067370196562,0.15574324324324323,0.1891891891891892,0.2087837837837838,0.16013513513513514,0.17537162162162162,False
USA30IDXUSD1440_comma,daily,5,75,long_only,combined,0.0025,-0.02346502524793248,-0.9253927833803158,-1.1501293604238767,-0.0697535262624047,-0.3363991256823313,277,0.36823104693140796,0.7916948129696347,-97.78287551488337,0.0030405405405405407,0.20540540540540542,0.32432432432432434,0.3837837837837838,0.17500000000000002,False
USA30IDXUSD1440_comma,daily,100,200,long_short,fast_slope,0.0,-0.03765950613617419,-0.5809793817558858,-0.7123159814341374,-0.06937940406588074,-0.5428052697081944,98,0.3163265306122449,0.613715161140973,-447.5645936937295,0.16047297297297297,0.20777027027027026,0.1885135135135135,0.14087837837837838,0.17496621621621622,False
USA30IDXUSD1440_comma,daily,75,150,long_short,combined,0.0,-0.03885063065361305,-0.5755469171437771,-0.6610621870802081,-0.0685401937875282,-0.5668298921658789,97,0.29896907216494845,0.6035008485886384,-469.98656695833665,0.16756756756756758,0.21452702702702703,0.17466216216216215,0.12804054054054054,0.1747972972972973,False
USA30IDXUSD1440_comma,daily,40,400,long_short,slow_slope,0.005,-0.03950806357431269,-0.5366783799793654,-0.6152669631181906,-0.06596504196154676,-0.5989242544155928,41,0.1951219512195122,0.35871480690575136,-1309.365309381887,0.20777027027027026,0.22837837837837838,0.16925675675675675,0.004391891891891892,0.17471283783783784,False
USA30IDXUSD1440_comma,daily,5,75,long_short,price_slow,0.0,-0.049944632987874105,-0.4911253652859547,-0.58912266061968,-0.08635891782897259,-0.5783378745757992,149,0.22818791946308725,0.6686952469754932,-259.70844010908934,0.26587837837837835,0.09391891891891892,0.06824324324324324,0.20641891891891892,0.17444256756756757,False
USA30IDXUSD1440_comma,daily,5,75,long_short,slow_slope,0.0025,-0.04517123887140573,-0.4950112665087013,-0.5854048170318387,-0.08973452063859703,-0.5033875319101717,135,0.28888888888888886,0.6584988140159179,-258.16743542865163,0.2614864864864865,0.07331081081081081,0.11317567567567567,0.1918918918918919,0.17434121621621623,False
USA30IDXUSD1440_comma,daily,10,75,long_only,combined,0.0025,-0.01974547618835587,-0.8544364271118803,-1.0502076878345703,-0.07664386147862128,-0.2576263226750859,200,0.36,0.7859693607172293,-116.51661690497707,0.00945945945945946,0.1608108108108108,0.3621621621621622,0.3793918918918919,0.1733277027027027,False
USA30IDXUSD1440_comma,daily,30,75,long_short,slow_slope,0.0025,-0.044436808062686906,-0.4980972472094039,-0.592974403912376,-0.08929712884624659,-0.49762863192610596,109,0.23853211009174313,0.6500283232556364,-357.95286265622644,0.25641891891891894,0.07567567567567568,0.1222972972972973,0.1810810810810811,0.17310810810810812,False
USA30IDXUSD1440_comma,daily,40,400,long_short,price_slow,0.0,-0.042621941773126726,-0.5444296453694297,-0.6340369863562431,-0.06445946262537958,-0.6612208671492278,50,0.12,0.49144731787733736,-1192.3221860732012,0.19932432432432431,0.23783783783783785,0.13986486486486485,0.039527027027027026,0.17309121621621623,False
USA30IDXUSD1440_comma,daily,40,400,long_short,price_slow,0.001,-0.042756525318734306,-0.5462043248317379,-0.636246875001297,-0.06408139446325563,-0.6672221426649971,50,0.12,0.4940800722072137,-1191.4136165876203,0.19695945945945945,0.2418918918918919,0.13716216216216215,0.04155405405405405,0.1729222972972973,False
USA30IDXUSD1440_comma,daily,10,100,long_short,none,0.005,-0.046906511419440244,-0.4700820940925432,-0.5648726419464881,-0.08680775168035204,-0.5403493410607132,64,0.28125,0.574795284989896,-625.8097426707595,0.29155405405405405,0.0902027027027027,0.09425675675675675,0.0956081081081081,0.17236486486486485,False
USA30IDXUSD1440_comma,daily,60,100,long_short,price_slow,0.001,-0.03955540439593441,-0.5265239305573937,-0.6041661050527082,-0.08738171852257821,-0.45267368352012727,103,0.33980582524271846,0.6548583152953835,-367.5468954760666,0.22195945945945947,0.08581081081081081,0.16891891891891891,0.18716216216216217,0.1720945945945946,False
USA30IDXUSD1440_comma,daily,75,150,long_short,combined,0.001,-0.039209175377447614,-0.5801619567599021,-0.6662063982642862,-0.06804859482903282,-0.576193755006372,93,0.3010752688172043,0.5984976812485481,-498.005952104369,0.16216216216216217,0.2179054054054054,0.17162162162162162,0.1222972972972973,0.17201013513513513,False
USA30IDXUSD1440_comma,daily,10,75,long_only,combined,0.0,-0.0210964913317514,-0.8687897436930495,-1.0685675394488292,-0.07514307294554606,-0.2807509794953341,207,0.3526570048309179,0.7800808040478179,-119.31263412545957,0.008108108108108109,0.17195945945945945,0.34831081081081083,0.3716216216216216,0.1716385135135135,False
USA30IDXUSD1440_comma,daily,40,75,long_short,fast_slope,0.001,-0.04555229264085581,-0.5393255260037284,-0.6471727051528934,-0.08327491602663868,-0.5470109705818755,133,0.3308270676691729,0.7043430644925761,-274.07449409455995,0.20371621621621622,0.11385135135135135,0.11047297297297297,0.2635135135135135,0.17157094594594594,False
USA30IDXUSD1440_comma,daily,5,75,long_only,combined,0.005,-0.023099658652355082,-0.9464986734195524,-1.1846453268425041,-0.07223045438662345,-0.3198049749031202,272,0.3602941176470588,0.7891949717583978,-98.24299168351484,0.0013513513513513514,0.19222972972972974,0.32804054054054055,0.3810810810810811,0.17136824324324326,False
USA30IDXUSD1440_comma,daily,5,250,long_short,slow_slope,0.0025,-0.044903766759693875,-0.5042657259307997,-0.582290492191352,-0.07931478761527701,-0.5661462144676392,79,0.189873417721519,0.5730490948541986,-531.3821724612594,0.24797297297297297,0.13851351351351351,0.11621621621621622,0.09493243243243243,0.1713006756756757,False
USA30IDXUSD1440_comma,daily,30,75,long_short,price_slow,0.001,-0.04631104552953669,-0.5112657825569906,-0.6069281470549552,-0.08374623775489383,-0.552992549528954,126,0.2619047619047619,0.649999175469146,-297.71162274952604,0.24054054054054055,0.11081081081081082,0.10135135135135136,0.18074324324324326,0.1713006756756757,False
USA30IDXUSD1440_comma,daily,100,250,long_short,combined,0.001,-0.033808153715856215,-0.6175779079576755,-0.748022501514261,-0.06558691984773785,-0.5154709779685177,98,0.25510204081632654,0.577729919575341,-415.70930477807246,0.13074324324324324,0.23175675675675675,0.2277027027027027,0.09898648648648649,0.170625,False
USA30IDXUSD1440_comma,daily,10,500,long_short,combined,0.0025,-0.034701824779253876,-0.6895701727396988,-0.8362099526818078,-0.07536130917629087,-0.46047269027766946,232,0.33620689655172414,0.7662479286726506,-140.9470697211901,0.0777027027027027,0.16891891891891891,0.21993243243243243,0.3547297297297297,0.17050675675675675,False
USA30IDXUSD1440_comma,daily,10,100,long_only,fast_slope,0.005,-0.020556512172023256,-0.8299640766706765,-1.0305481953189422,-0.07820527655281526,-0.2628532635920109,206,0.35436893203883496,0.7854402564486861,-117.20017569839402,0.013513513513513514,0.14932432432432433,0.3547297297297297,0.3783783783783784,0.17043918918918918,False
USA30IDXUSD1440_comma,daily,10,300,long_short,combined,0.005,-0.038830885579588914,-0.6695248349513782,-0.8028195318616645,-0.07589535996941457,-0.5116371487695368,250,0.32,0.789752129333981,-136.67211558576352,0.09087837837837838,0.16587837837837838,0.175,0.3820945945945946,0.17013513513513512,False
USA30IDXUSD1440_comma,daily,60,150,long_short,price_slow,0.0,-0.043896268334435384,-0.5532947423654998,-0.6402783120358255,-0.07339232295968025,-0.598104359750962,88,0.22727272727272727,0.6181568139082939,-502.45467835460477,0.19054054054054054,0.1847972972972973,0.12702702702702703,0.14493243243243242,0.16956081081081084,False
USA30IDXUSD1440_comma,daily,5,100,long_short,price_slow,0.005,-0.0476595392262259,-0.49239636962119837,-0.5888226949398122,-0.08751829169556848,-0.5445666077670842,113,0.24778761061946902,0.6379255456982502,-335.2591601545729,0.2641891891891892,0.08445945945945946,0.08817567567567568,0.1662162162162162,0.16935810810810814,False
USA30IDXUSD1440_comma,daily,5,150,long_short,slow_slope,0.0,-0.047996720083354316,-0.5081008965667536,-0.6002329902069466,-0.07760645419592678,-0.6184629948712881,104,0.22115384615384615,0.5903960151262461,-406.9644026996439,0.24324324324324326,0.15405405405405406,0.08344594594594594,0.11216216216216217,0.16932432432432432,False
USA30IDXUSD1440_comma,daily,5,150,long_only,fast_slope,0.005,-0.02557666039137596,-0.8950851474396312,-1.121866030901338,-0.07228679277871124,-0.3538220386907025,306,0.369281045751634,0.7925581407438992,-95.280103674197,0.005405405405405406,0.1912162162162162,0.3070945945945946,0.3844594594594595,0.16905405405405405,False
USA30IDXUSD1440_comma,daily,75,200,long_short,combined,0.005,-0.03618089743215358,-0.6316948378095615,-0.7579119357473332,-0.06836178566592141,-0.5292561784293748,98,0.2857142857142857,0.643921218183473,-412.9602550854649,0.11925675675675676,0.21587837837837837,0.20574324324324325,0.17364864864864865,0.16886824324324323,False
USA30IDXUSD1440_comma,daily,20,100,long_short,slow_slope,0.0025,-0.04487009300237599,-0.49918952242555004,-0.5970674092876282,-0.08745298338027543,-0.5130767558525191,114,0.2543859649122807,0.6222840637306839,-337.33407667397523,0.25405405405405407,0.08513513513513514,0.11722972972972973,0.14831081081081082,0.16859797297297302,False
USA30IDXUSD1440_comma,daily,50,100,long_short,fast_slope,0.001,-0.04458985386789005,-0.5432979900553773,-0.6430986105276979,-0.08231536462498419,-0.5416953939405406,130,0.3076923076923077,0.6811711586836877,-278.40492944702777,0.20067567567567568,0.12060810810810811,0.12094594594594595,0.2260135135135135,0.16851351351351354,False
USA30IDXUSD1440_comma,daily,50,150,long_short,fast_slope,0.0,-0.040977226732906824,-0.5765957770102039,-0.6712591816109145,-0.07784548970831941,-0.526391790795396,121,0.30578512396694213,0.6792886419849936,-313.40899536026944,0.16486486486486487,0.15202702702702703,0.15472972972972973,0.2222972972972973,0.16824324324324325,False
USA30IDXUSD1440_comma,daily,10,150,long_only,combined,0.0025,-0.021846758925260112,-0.9240629688001268,-1.1486797001925637,-0.07469066168817395,-0.292496524083133,211,0.3459715639810427,0.7716888482643799,-120.67255447719556,0.0033783783783783786,0.17533783783783785,0.34256756756756757,0.36317567567567566,0.16817567567567568,False
USA30IDXUSD1440_comma,daily,50,75,long_short,combined,0.005,-0.039425725997228156,-0.5521097550153782,-0.6639656258455636,-0.07837343502139527,-0.5030496109614856,97,0.3402061855670103,0.6105221572983829,-340.5667730275479,0.1918918918918919,0.14695945945945946,0.16959459459459458,0.1375,0.16804054054054057,False
USA30IDXUSD1440_comma,daily,40,75,long_short,combined,0.0,-0.04314706466564733,-0.542152552989785,-0.649862553738358,-0.08279363379513768,-0.5211398834409087,137,0.291970802919708,0.6712840857587786,-250.2136159716847,0.20168918918918918,0.11722972972972973,0.1331081081081081,0.2087837837837838,0.1679222972972973,False
USA30IDXUSD1440_comma,daily,50,100,long_short,fast_slope,0.0,-0.04506278145234055,-0.5387352283781028,-0.6388682022405582,-0.08461932543482706,-0.5325353424974706,133,0.3233082706766917,0.6926651336855142,-271.88552910336864,0.20439189189189189,0.10506756756756756,0.11452702702702702,0.2456081081081081,0.16777027027027028,False
USA30IDXUSD1440_comma,daily,50,250,long_short,slow_slope,0.0,-0.04211248854819227,-0.5264842739921662,-0.6131391714597169,-0.07293982146267632,-0.5773593587659308,65,0.18461538461538463,0.4324144198874385,-795.7701600771143,0.22263513513513514,0.1885135135135135,0.14121621621621622,0.021283783783783785,0.16761824324324323,False
USA30IDXUSD1440_comma,daily,40,400,long_short,fast_slope,0.0025,-0.036596524357163096,-0.6574676062090583,-0.7713485556908883,-0.06366115352628762,-0.574864298399043,102,0.3235294117647059,0.6438359535383614,-415.68835132817236,0.09864864864864865,0.24391891891891893,0.20270270270270271,0.17331081081081082,0.16697635135135136,False
USA30IDXUSD1440_comma,daily,50,150,long_short,price_slow,0.0,-0.04462304522345695,-0.5491477482783843,-0.6366772200620759,-0.07484949998768595,-0.596170251381749,87,0.21839080459770116,0.6137221537907975,-512.4599783680676,0.1945945945945946,0.17432432432432432,0.12060810810810811,0.14121621621621622,0.16672297297297298,False
USA30IDXUSD1440_comma,daily,5,250,long_short,slow_slope,0.005,-0.04565871549011469,-0.5108715722893036,-0.5898352807496274,-0.08038248639697845,-0.5680182031770415,78,0.16666666666666666,0.5783285316536807,-540.5404697294921,0.24155405405405406,0.13175675675675674,0.10912162162162162,0.10067567567567567,0.1664864864864865,False
USA30IDXUSD1440_comma,daily,75,100,long_short,price_slow,0.0025,-0.03406044215143511,-0.5895272111208674,-0.7013255399934792,-0.08161373927916693,-0.41733711078876545,100,0.38,0.6561925903096683,-361.4754368274542,0.15405405405405406,0.12432432432432433,0.225,0.18952702702702703,0.16613175675675676,False
USA30IDXUSD1440_comma,daily,5,75,long_only,combined,0.001,-0.025695793261743316,-0.9420608712753606,-1.1617657962903802,-0.07192099567108977,-0.3572780524237418,280,0.3678571428571429,0.780441712033675,-104.53875760361666,0.0016891891891891893,0.1945945945945946,0.3047297297297297,0.3722972972972973,0.16611486486486488,False
USA30IDXUSD1440_comma,daily,10,500,long_short,fast_slope,0.001,-0.039000576963022615,-0.6680256520586332,-0.8223955165003548,-0.07524875615868933,-0.5182886595597107,258,0.32945736434108525,0.7625428128349638,-139.11867334324802,0.09155405405405405,0.16993243243243245,0.17331081081081082,0.3476351351351351,0.16591216216216217,False
USA30IDXUSD1440_comma,daily,10,75,long_only,combined,0.001,-0.021127793603376466,-0.8715644676896247,-1.0717059156834252,-0.07783793219498439,-0.2714331304491908,205,0.36097560975609755,0.7771203071786975,-120.6328919799895,0.007770270270270271,0.15236486486486486,0.3476351351351351,0.3675675675675676,0.1658614864864865,False
USA30IDXUSD1440_comma,daily,40,200,long_short,combined,0.0025,-0.0402056067239438,-0.6294208488060211,-0.7288454386503641,-0.06999550617603771,-0.5744026855499447,120,0.3416666666666667,0.679964668253056,-313.9550678545455,0.12128378378378378,0.20439189189189189,0.16317567567567567,0.22364864864864864,0.16579391891891893,False
USA30IDXUSD1440_comma,daily,50,75,long_short,none,0.0,-0.05311284599470667,-0.4967786101851554,-0.5983949647266865,-0.08353258890851337,-0.6358338307085989,62,0.4032258064516129,0.6450815350839684,-747.4467944623365,0.2577702702702703,0.11148648648648649,0.04155405405405405,0.175,0.16554054054054054,False
USA30IDXUSD1440_comma,daily,5,75,long_only,combined,0.0,-0.02564376370346433,-0.9390875386208147,-1.1588715545551294,-0.0732669905892158,-0.350004326603785,282,0.36879432624113473,0.7835980944865836,-103.61910470233744,0.002027027027027027,0.1864864864864865,0.3050675675675676,0.37635135135135134,0.16489864864864864,False
USA30IDXUSD1440_comma,daily,5,100,long_short,slow_slope,0.001,-0.046927408047147456,-0.5070866525813919,-0.6027777701081499,-0.0869784130584952,-0.5395293659311486,132,0.3106060606060606,0.6390889122696666,-302.11963548773093,0.24425675675675676,0.0891891891891892,0.09391891891891892,0.16858108108108108,0.16407094594594596,False
USA30IDXUSD1440_comma,daily,40,300,long_short,slow_slope,0.0025,-0.043761222321529125,-0.5322680575982467,-0.6198158981910138,-0.07111891641964657,-0.6153246495392344,48,0.14583333333333334,0.4281228076569657,-1148.3925055024113,0.21385135135135136,0.19932432432432431,0.12804054054054054,0.02027027027027027,0.16402027027027027,False
USA30IDXUSD1440_comma,daily,10,400,long_short,fast_slope,0.005,-0.04038778512827468,-0.6548877778061721,-0.7851304456583433,-0.07860150914032134,-0.5138296397868573,259,0.3281853281853282,0.7811099741201695,-136.70595174242206,0.09966216216216216,0.14425675675675675,0.16013513513513514,0.372972972972973,0.16390202702702705,False
USA30IDXUSD1440_comma,daily,50,150,long_short,fast_slope,0.001,-0.04137723353180067,-0.5813898331718977,-0.6776032090655092,-0.07856851747543543,-0.5266388479932478,121,0.3140495867768595,0.6796754014834521,-318.00994641215993,0.1597972972972973,0.14527027027027026,0.15101351351351353,0.22297297297297297,0.1638851351351351,False
USA30IDXUSD1440_comma,daily,20,75,long_short,slow_slope,0.001,-0.045764592040431595,-0.4979273962230904,-0.5877391138774033,-0.0899416947879888,-0.5088251021765624,114,0.2894736842105263,0.6156977930877289,-338.21763153556844,0.25675675675675674,0.07297297297297298,0.10641891891891891,0.14256756756756755,0.16361486486486487,False
USA30IDXUSD1440_comma,daily,50,75,long_short,none,0.0025,-0.04952381051193422,-0.5051469800816151,-0.6001428647143726,-0.07906515844967317,-0.6263670557677727,57,0.3333333333333333,0.5782796678157928,-767.8478997217833,0.2472972972972973,0.14020270270270271,0.07162162162162163,0.10033783783783784,0.16334459459459458,False
USA30IDXUSD1440_comma,daily,5,150,long_short,none,0.005,-0.04978942834780975,-0.5006273977036297,-0.593875009743832,-0.07836811655715527,-0.6353276119823223,77,0.18181818181818182,0.553216370203607,-567.9079046090424,0.2516891891891892,0.14763513513513513,0.07128378378378378,0.07601351351351351,0.16324324324324324,False
USA30IDXUSD1440_comma,daily,50,200,long_short,fast_slope,0.0025,-0.041814525031561134,-0.6076401039632534,-0.6982088854694845,-0.07276725964489081,-0.5746337739749836,117,0.3076923076923077,0.6693973405600133,-345.07282595222324,0.13885135135135135,0.18952702702702703,0.14527027027027026,0.20743243243243242,0.16309121621621622,False
USA30IDXUSD1440_comma,daily,75,200,long_short,combined,0.001,-0.03723473136389022,-0.6136463023339416,-0.7246297992820802,-0.07167200749954568,-0.5195156751277861,101,0.2871287128712871,0.6217648453109891,-443.0932650003835,0.1331081081081081,0.19594594594594594,0.1929054054054054,0.14763513513513513,0.1629560810810811,False
USA30IDXUSD1440_comma,daily,10,100,long_only,combined,0.001,-0.021583275721593576,-0.9114430711771826,-1.1470312875769868,-0.0780772160502313,-0.27643500643911134,207,0.34299516908212563,0.771423671572334,-121.71186510591527,0.004391891891891892,0.15033783783783783,0.34459459459459457,0.36283783783783785,0.1626858108108108,False
USA30IDXUSD1440_comma,daily,40,50,long_short,slow_slope,0.0,-0.052214080929762874,-0.5204943954158585,-0.6288189990930607,-0.09006875384147008,-0.5797135932585992,158,0.3037974683544304,0.7185414115942678,-255.42595916332883,0.23108108108108108,0.07195945945945946,0.0472972972972973,0.28344594594594597,0.16239864864864867,False
USA30IDXUSD1440_comma,daily,75,150,long_short,price_slow,0.0,-0.0440973878664066,-0.5725214603814225,-0.6573718884089718,-0.06920018072081287,-0.6372438251905277,88,0.2159090909090909,0.5909231927671341,-574.7458452427398,0.17094594594594595,0.2087837837837838,0.12466216216216217,0.1125,0.16238175675675676,False
USA30IDXUSD1440_comma,daily,10,150,long_only,combined,0.005,-0.023219585520841135,-0.9526185944360417,-1.1810018334787629,-0.074333772316037,-0.3123692609345977,208,0.34615384615384615,0.7564731489066496,-129.04653267887736,0.0010135135135135136,0.17905405405405406,0.327027027027027,0.3402027027027027,0.16160472972972972,False
USA30IDXUSD1440_comma,daily,40,250,long_short,slow_slope,0.0025,-0.04390294855235466,-0.5315883769294358,-0.6083545368419621,-0.07517758314172114,-0.5839898905713814,60,0.16666666666666666,0.5107394860748331,-777.9204076293287,0.21452702702702703,0.17162162162162162,0.12635135135135134,0.04966216216216216,0.16143581081081082,False
USA30IDXUSD1440_comma,daily,60,75,long_short,none,0.0025,-0.04639165415233548,-0.5325861122821605,-0.6190061837361842,-0.07660825536569575,-0.6055699079802972,57,0.45614035087719296,0.5816318612990934,-814.8373118948001,0.21317567567567566,0.16148648648648647,0.10067567567567567,0.1043918918918919,0.16143581081081082,False
USA30IDXUSD1440_comma,daily,5,150,long_short,none,0.001,-0.05178898615760208,-0.4965153480077241,-0.591494038936318,-0.08019200980403829,-0.645812298309477,77,0.22077922077922077,0.569005091094783,-576.0072658430639,0.2581081081081081,0.13378378378378378,0.052702702702702706,0.08986486486486486,0.16070945945945944,False
USA30IDXUSD1440_comma,daily,20,50,long_short,slow_slope,0.0,-0.0504462944439229,-0.5220346288941465,-0.6277708908397888,-0.0888664705155314,-0.5676639811536826,146,0.273972602739726,0.6931826569811003,-268.7349173488909,0.22905405405405405,0.07837837837837838,0.061824324324324324,0.2462837837837838,0.16052364864864865,False
USA30IDXUSD1440_comma,daily,50,150,long_short,combined,0.0025,-0.04084561305655121,-0.6074521292387177,-0.7062716863363072,-0.07507041188436647,-0.5440973618136944,127,0.28346456692913385,0.6630808909390782,-298.91085432771496,0.13952702702702702,0.17297297297297298,0.15641891891891893,0.20033783783783785,0.16038851351351352,False
USA30IDXUSD1440_comma,daily,100,200,long_short,fast_slope,0.0025,-0.03817213584341317,-0.5954665719551323,-0.7279492801170263,-0.07468302553252067,-0.5111219794756593,92,0.31521739130434784,0.6049438031076287,-486.34768612926064,0.15,0.17567567567567569,0.1831081081081081,0.12972972972972974,0.16,False
USA30IDXUSD1440_comma,daily,40,75,long_short,none,0.005,-0.04627764485555341,-0.5081876906634883,-0.6038533519189806,-0.08513995449409952,-0.5435479162578201,50,0.32,0.5884497336615468,-824.8125380753513,0.2429054054054054,0.10067567567567567,0.10202702702702703,0.10945945945945947,0.15915540540540543,False
USA30IDXUSD1440_comma,daily,40,100,long_short,combined,0.0,-0.042691127591423794,-0.5653132563440183,-0.6728480365366136,-0.08551923272530734,-0.4991991418883531,148,0.31756756756756754,0.6879863467439957,-229.40756815690273,0.1777027027027027,0.0983108108108108,0.13885135135135135,0.23716216216216215,0.15900337837837836,False
USA30IDXUSD1440_comma,daily,60,75,long_short,price_slow,0.001,-0.04271528554139492,-0.5532585650137596,-0.6556006094263263,-0.0837724380089163,-0.5098966504573799,123,0.3170731707317073,0.6489761297152297,-297.3496467123765,0.19087837837837837,0.11047297297297297,0.13783783783783785,0.1804054054054054,0.15859797297297296,False
USA30IDXUSD1440_comma,daily,50,75,long_short,price_slow,0.0025,-0.04481911551253359,-0.5521210635551032,-0.6594610906512335,-0.07993159720721561,-0.5607183776941675,111,0.3333333333333333,0.632455858767123,-333.73822309592197,0.19155405405405404,0.13614864864864865,0.11824324324324324,0.1597972972972973,0.15827702702702703,False
USA30IDXUSD1440_comma,daily,100,150,long_short,price_slow,0.0025,-0.04273819886907004,-0.6211654106573552,-0.7305344594046873,-0.07007228329228728,-0.6099158877241004,89,0.24719101123595505,0.658532491410607,-506.1960663764297,0.12702702702702703,0.20337837837837838,0.1375,0.19222972972972974,0.15798986486486485,False
USA30IDXUSD1440_comma,daily,20,75,long_short,none,0.0025,-0.04981824371254606,-0.48596899154437395,-0.583468874041787,-0.0881299871986781,-0.565281413240615,62,0.25806451612903225,0.5765112921694038,-694.4647426737193,0.2716216216216216,0.08175675675675675,0.07027027027027027,0.09763513513513514,0.15778716216216215,False
USA30IDXUSD1440_comma,daily,50,150,long_short,price_slow,0.001,-0.045146268121733724,-0.5544608408216553,-0.6432414968149535,-0.07690762048782052,-0.5870194375456372,87,0.20689655172413793,0.6066059437360914,-517.3349376723505,0.1885135135135135,0.15878378378378377,0.11385135135135135,0.1314189189189189,0.15758445945945948,False
USA30IDXUSD1440_comma,daily,40,75,long_short,price_slow,0.001,-0.046887606538233983,-0.5379384920444652,-0.6427349854071578,-0.08161320682862569,-0.5745100377772221,120,0.26666666666666666,0.638858246916449,-320.7631629185238,0.20574324324324325,0.12466216216216217,0.0945945945945946,0.1679054054054054,0.15756756756756757,False
USA30IDXUSD1440_comma,daily,50,200,long_short,fast_slope,0.0,-0.04317572942914405,-0.6108443067495398,-0.702433610079181,-0.07434687562652581,-0.5807336093857267,118,0.3135593220338983,0.6717138561496707,-349.4360155232364,0.13648648648648648,0.17871621621621622,0.13277027027027027,0.20912162162162162,0.15719594594594596,False
USA30IDXUSD1440_comma,daily,20,75,long_short,none,0.0,-0.05054521785361488,-0.4780192682446693,-0.5770660705573868,-0.09086855272849398,-0.5562454373477133,60,0.3,0.5876404595668636,-723.5727277513936,0.2814189189189189,0.06351351351351352,0.06148648648648649,0.10878378378378378,0.1570608108108108,False
USA30IDXUSD1440_comma,daily,10,100,long_only,combined,0.0,-0.022440817814768366,-0.9223128792605788,-1.1597768037559955,-0.07878770065370173,-0.2848264085457102,207,0.34299516908212563,0.7642791065291128,-125.90289738157774,0.0037162162162162164,0.14222972972972972,0.33513513513513515,0.35033783783783784,0.15662162162162163,False
USA30IDXUSD1440_comma,daily,50,75,long_short,none,0.005,-0.04565905239912593,-0.5256808461274314,-0.6219998716620163,-0.08253363341548393,-0.5532175249000967,49,0.3469387755102041,0.5723639472012213,-851.024850036847,0.22466216216216217,0.11858108108108108,0.10878378378378378,0.09425675675675675,0.1554054054054054,False
USA30IDXUSD1440_comma,daily,60,75,long_short,slow_slope,0.0,-0.046930824529610504,-0.5243515690086182,-0.6139193646015441,-0.09086593256747394,-0.5164842664742507,120,0.35,0.6652608878164542,-350.75319937261236,0.2260135135135135,0.06385135135135135,0.09324324324324325,0.20236486486486485,0.1553716216216216,False
USA30IDXUSD1440_comma,daily,20,50,long_short,price_slow,0.0025,-0.047961214453908774,-0.527058023529003,-0.6339647729704659,-0.09439288440276865,-0.5081020116861904,150,0.31333333333333335,0.7003821840972678,-245.57920194274251,0.22094594594594594,0.04560810810810811,0.08412162162162162,0.2581081081081081,0.15532094594594595,False
USA30IDXUSD1440_comma,daily,40,100,long_short,price_slow,0.005,-0.045293965296037464,-0.5367291660687091,-0.639055781434535,-0.08621524829161195,-0.5253591005483911,100,0.26,0.639412155656372,-367.34563945896514,0.20743243243243242,0.09527027027027027,0.11148648648648649,0.16891891891891891,0.15442567567567567,False
USA30IDXUSD1440_comma,daily,10,100,long_only,combined,0.0025,-0.02295712280682416,-0.9377038207844621,-1.176748124619959,-0.07906418823568845,-0.29036057055805753,206,0.33980582524271846,0.7600746707448104,-129.0278108407259,0.002364864864864865,0.14054054054054055,0.3290540540540541,0.34594594594594597,0.1537837837837838,False
USA30IDXUSD1440_comma,daily,30,75,long_short,price_slow,0.0,-0.04836199410193909,-0.5229126561585938,-0.6201575748397801,-0.08702249412745715,-0.55574130099174,129,0.24031007751937986,0.6346514472263451,-304.75776400224316,0.2287162162162162,0.08851351351351351,0.07871621621621622,0.1625,0.1537331081081081,False
USA30IDXUSD1440_comma,daily,40,150,long_short,price_slow,0.0,-0.047865074939080765,-0.5453848326551346,-0.6234074137411649,-0.07810384796565441,-0.6128388829207119,90,0.2,0.606984203899139,-521.6714344991244,0.19763513513513514,0.15,0.08547297297297297,0.13175675675675674,0.15341216216216216,False
USA30IDXUSD1440_comma,daily,20,50,long_short,slow_slope,0.0025,-0.050117783118432846,-0.5271274060535289,-0.6334614181788326,-0.09264813254577689,-0.5409475802836063,135,0.2962962962962963,0.6968026041710739,-285.5332752144508,0.2206081081081081,0.05506756756756757,0.06554054054054054,0.25236486486486487,0.152972972972973,False
USA30IDXUSD1440_comma,daily,30,100,long_short,price_slow,0.0025,-0.047564043544971346,-0.529186718185493,-0.6301583337201785,-0.08701133827620128,-0.546641903081506,113,0.25663716814159293,0.6416450967624036,-344.11652494957866,0.21655405405405406,0.08885135135135135,0.08952702702702703,0.17128378378378378,0.15243243243243246,False
USA30IDXUSD1440_comma,daily,10,50,long_short,slow_slope,0.0,-0.051988929929455696,-0.5290412505651608,-0.6372770836097785,-0.09034804176046898,-0.5754295158636522,155,0.3032258064516129,0.6949672688118947,-257.4830919212946,0.21756756756756757,0.06824324324324324,0.05067567567567568,0.25,0.151722972972973,False
USA30IDXUSD1440_comma,daily,40,200,long_short,combined,0.005,-0.041647302470637304,-0.6468408078602753,-0.74837009556684,-0.07208802424808812,-0.577728449420527,118,0.3389830508474576,0.6691937773485607,-330.6898626904921,0.10675675675675676,0.19358108108108107,0.1472972972972973,0.2070945945945946,0.15162162162162163,False
USA30IDXUSD1440_comma,daily,10,75,long_only,combined,0.005,-0.022799888781633748,-0.9105686558290319,-1.1174862012641276,-0.08100802315273874,-0.28145223021484045,198,0.3686868686868687,0.7579464315257555,-133.4463994978213,0.00472972972972973,0.1287162162162162,0.3304054054054054,0.34256756756756757,0.15153716216216215,False
USA30IDXUSD1440_comma,daily,60,250,long_short,slow_slope,0.005,-0.043398389961113004,-0.5566714804826266,-0.6432210369456774,-0.07282264955035954,-0.5959463192986603,60,0.21666666666666667,0.435500700797963,-973.1453696723233,0.1864864864864865,0.18885135135135134,0.13006756756756757,0.021621621621621623,0.15106418918918918,False
USA30IDXUSD1440_comma,daily,50,75,long_short,slow_slope,0.0,-0.04854940674479491,-0.5241884636150158,-0.6187575782619641,-0.08999448424164744,-0.5394709148444381,118,0.3474576271186441,0.6461331804625315,-357.3308323051237,0.22635135135135134,0.07263513513513513,0.07804054054054053,0.17601351351351352,0.15070945945945946,False
USA30IDXUSD1440_comma,daily,30,75,long_short,slow_slope,0.001,-0.04810080219280688,-0.5117930439757487,-0.6035793780752305,-0.09109635079261245,-0.5280211750996688,114,0.30701754385964913,0.6246844269933904,-359.66321701368884,0.23952702702702702,0.06283783783783783,0.08141891891891892,0.1516891891891892,0.15055743243243244,False
USA30IDXUSD1440_comma,daily,40,50,long_short,fast_slope,0.001,-0.049488687603379655,-0.543182105131155,-0.6575832600271365,-0.0912260206658242,-0.5424843399085091,143,0.36363636363636365,0.7054212264945714,-281.1002810765781,0.20101351351351351,0.061824324324324324,0.0722972972972973,0.26587837837837835,0.15020270270270272,False
USA30IDXUSD1440_comma,daily,75,150,long_short,slow_slope,0.0025,-0.04659223350016828,-0.5574315712365817,-0.6463663068120891,-0.07541322505666048,-0.6178257655094577,68,0.3088235294117647,0.5701099330719399,-799.1876169337911,0.1858108108108108,0.16858108108108108,0.09898648648648649,0.09256756756756757,0.15015202702702704,False
USA30IDXUSD1440_comma,daily,50,150,long_short,combined,0.001,-0.04201202348687616,-0.6108306561216849,-0.7100243773501199,-0.07753368189382993,-0.5418551326429326,127,0.28346456692913385,0.6505427326581291,-307.3224875718557,0.13682432432432431,0.1554054054054054,0.14324324324324325,0.18243243243243243,0.14959459459459457,False
USA30IDXUSD1440_comma,daily,50,300,long_short,combined,0.001,-0.0386065080221033,-0.6481388223523193,-0.7553599385055803,-0.07162139135098469,-0.5390359960044607,114,0.2807017543859649,0.6258907818593844,-377.66125772632324,0.10506756756756756,0.19628378378378378,0.1777027027027027,0.15236486486486486,0.14949324324324326,False
USA30IDXUSD1440_comma,daily,20,75,long_short,slow_slope,0.0,-0.04756859375650424,-0.5062564761560905,-0.5978156520257022,-0.09300602831313938,-0.5114571025046557,116,0.27586206896551724,0.608071205080022,-344.84500343876664,0.2456081081081081,0.05202702702702703,0.0891891891891892,0.1341216216216216,0.14920608108108108,False
USA30IDXUSD1440_comma,daily,40,250,long_short,slow_slope,0.005,-0.04524291188292262,-0.547478741149941,-0.6252879241712601,-0.07587582715674288,-0.596275699103229,56,0.19642857142857142,0.5020685729207593,-876.3630797394538,0.19594594594594594,0.1662162162162162,0.1125,0.04493243243243243,0.14917229729729728,False
USA30IDXUSD1440_comma,daily,10,150,long_only,fast_slope,0.001,-0.025602777062775806,-0.8812796807614268,-1.0760676965792806,-0.08111307021264531,-0.31564305229300027,224,0.35267857142857145,0.7647713582502161,-130.27217848473893,0.007094594594594595,0.12837837837837837,0.30608108108108106,0.3510135135135135,0.14880067567567568,False
USA30IDXUSD1440_comma,daily,20,150,long_short,price_slow,0.0025,-0.05006641708010395,-0.5327656476290208,-0.6328666366590292,-0.08127761571364946,-0.6159926892601499,92,0.16304347826086957,0.5991461418864865,-476.55595601656097,0.2125,0.12702702702702703,0.06621621621621622,0.12364864864864865,0.1485472972972973,False
USA30IDXUSD1440_comma,daily,50,250,long_short,slow_slope,0.001,-0.044528285932213474,-0.5491084039044614,-0.6383878922364784,-0.07530298606730718,-0.5913216494816458,64,0.1875,0.41786926763262106,-862.7880591468852,0.19493243243243244,0.16925675675675675,0.12128378378378378,0.01756756756756757,0.14717905405405407,False
USA30IDXUSD1440_comma,daily,50,75,long_short,combined,0.0,-0.04584837117376239,-0.5625786951423188,-0.6700417343459566,-0.08472828681576079,-0.54112236771007,133,0.2932330827067669,0.654377350300414,-278.8425036068731,0.17972972972972973,0.1043918918918919,0.10574324324324325,0.18682432432432433,0.14716216216216219,False
USA30IDXUSD1440_comma,daily,30,50,long_short,combined,0.005,-0.04202473824567976,-0.5541448636467478,-0.6711759351090825,-0.09218302232327136,-0.4558837103247235,133,0.3684210526315789,0.6535744343175495,-258.3103581339448,0.1891891891891892,0.058445945945945946,0.14290540540540542,0.18614864864864866,0.14679054054054055,False
USA30IDXUSD1440_comma,daily,10,200,long_short,fast_slope,0.005,-0.043188515273045125,-0.6457095854239329,-0.786802234048107,-0.08635580195654838,-0.5001229135105048,277,0.33212996389891697,0.7664311292391318,-137.35078784404914,0.10844594594594595,0.09425675675675675,0.1320945945945946,0.3550675675675676,0.14662162162162162,False
USA30IDXUSD1440_comma,daily,50,150,long_short,combined,0.0,-0.04264651729535318,-0.6151542654979685,-0.7144136346796978,-0.07746136691139914,-0.5505520880380612,128,0.28125,0.6481432070822518,-308.254201131945,0.13175675675675674,0.15608108108108107,0.13952702702702702,0.1793918918918919,0.14653716216216214,False
USA30IDXUSD1440_comma,daily,10,500,long_short,fast_slope,0.005,-0.040254981605883366,-0.6912626669238878,-0.8501884749963298,-0.08019405265541207,-0.5019696632474238,252,0.32936507936507936,0.7516675238069374,-146.06130443637537,0.07668918918918918,0.13344594594594594,0.16182432432432434,0.3320945945945946,0.14621621621621622,False
USA30IDXUSD1440_comma,daily,5,100,long_short,slow_slope,0.0,-0.050018535677537,-0.5238300859030216,-0.6220302381022145,-0.08824633897572985,-0.5668057877312447,133,0.3007518796992481,0.6152010434757746,-318.4747680301905,0.2277027027027027,0.08141891891891892,0.06689189189189189,0.14222972972972972,0.14614864864864868,False
USA30IDXUSD1440_comma,daily,50,200,long_short,fast_slope,0.001,-0.044000915704153654,-0.6230943913516487,-0.715811210334596,-0.07606572445881538,-0.5784591682680584,118,0.2966101694915254,0.6576076104148805,-355.0285569204287,0.12533783783783783,0.16486486486486487,0.12567567567567567,0.19087837837837837,0.14511824324324324,False
USA30IDXUSD1440_comma,daily,50,300,long_short,slow_slope,0.0,-0.04651726596542005,-0.5499442917297883,-0.6412758881343472,-0.07407463243830784,-0.6279783568843409,49,0.14285714285714285,0.4101059425558838,-1167.354667196435,0.19358108108108107,0.1804054054054054,0.1,0.014864864864864866,0.14476351351351352,False
USA30IDXUSD1440_comma,daily,100,250,long_short,combined,0.0,-0.03727877164444526,-0.6471784783155808,-0.781011305114635,-0.06918750409104003,-0.5388078690538132,99,0.25252525252525254,0.556443537324485,-440.42163781934227,0.10574324324324325,0.20912162162162162,0.19222972972972974,0.07804054054054053,0.14472972972972975,False
USA30IDXUSD1440_comma,daily,40,400,long_short,slow_slope,0.001,-0.045183352576693814,-0.5633690061346077,-0.6452834231096014,-0.07081741605434885,-0.6380259983224724,44,0.1590909090909091,0.33177277616011414,-1300.4242717244474,0.17871621621621622,0.2,0.11283783783783784,0.0033783783783783786,0.14456081081081082,False
USA30IDXUSD1440_comma,daily,40,250,long_short,combined,0.005,-0.03969894214792202,-0.6482182922575089,-0.7437718227494566,-0.07446543893471418,-0.5331190242862482,105,0.2857142857142857,0.6376525158168902,-370.7117985012121,0.1043918918918919,0.1777027027027027,0.16722972972972974,0.16587837837837838,0.14451013513513514,False
USA30IDXUSD1440_comma,daily,10,75,long_short,fast_slope,0.0,-0.04573584061135283,-0.6045405056854808,-0.7408705310454692,-0.09371603980847101,-0.4880257499657893,307,0.3355048859934853,0.7678000483476997,-127.46920123031238,0.14358108108108109,0.04831081081081081,0.10675675675675676,0.3570945945945946,0.14442567567567569,False
USA30IDXUSD1440_comma,daily,50,300,long_short,slow_slope,0.005,-0.04580279934717724,-0.5563566604623136,-0.6432163670866042,-0.07343205015345795,-0.623743981700889,45,0.2,0.4061621366437227,-1366.8945389468713,0.18716216216216217,0.18445945945945946,0.10608108108108108,0.013851351351351352,0.14427364864864867,False
USA30IDXUSD1440_comma,daily,100,200,long_short,fast_slope,0.001,-0.040669728337040745,-0.6126286694465849,-0.7506368078643585,-0.07606328202784009,-0.5346827963872914,98,0.3163265306122449,0.5936213856610986,-476.3118105456914,0.13445945945945945,0.1652027027027027,0.1581081081081081,0.11689189189189189,0.14423986486486487,False
USA30IDXUSD1440_comma,daily,50,300,long_short,combined,0.0025,-0.03914217446480284,-0.6534652591741538,-0.7612201772382665,-0.07302052663925827,-0.5360434423895089,114,0.2807017543859649,0.6216909365265028,-381.57221515899226,0.10202702702702703,0.1875,0.17229729729729729,0.1472972972972973,0.14423986486486487,False
USA30IDXUSD1440_comma,daily,40,100,long_short,fast_slope,0.005,-0.04600561322195351,-0.5765402745324253,-0.6872539475820189,-0.0840206443881169,-0.5475513019090832,105,0.34285714285714286,0.6606783811656008,-350.016999516424,0.1652027027027027,0.1097972972972973,0.10472972972972973,0.19628378378378378,0.14391891891891895,False
USA30IDXUSD1440_comma,daily,75,150,long_short,fast_slope,0.0025,-0.04303203088955654,-0.5935266254892078,-0.6754317432605231,-0.07674044610619314,-0.5607477291702081,92,0.31521739130434784,0.5831473572268847,-555.6057943433476,0.15202702702702703,0.16047297297297297,0.1341216216216216,0.10540540540540541,0.1435641891891892,False
USA30IDXUSD1440_comma,daily,20,50,long_short,slow_slope,0.001,-0.05169844199424545,-0.5334613670576535,-0.6415261301080388,-0.09265152163255849,-0.5579880511760338,141,0.2907801418439716,0.6807341903043922,-283.48209517428234,0.21216216216216216,0.05472972972972973,0.05405405405405406,0.22466216216216217,0.14305743243243244,False
USA30IDXUSD1440_comma,daily,40,400,long_short,fast_slope,0.001,-0.040801200442875385,-0.6828167769512885,-0.795308455569391,-0.0667691218510077,-0.6110788836480647,103,0.3300970873786408,0.6230525378994061,-449.0141554910076,0.08243243243243244,0.22466216216216217,0.15743243243243243,0.14932432432432433,0.14302364864864867,False
USA30IDXUSD1440_comma,daily,50,150,long_short,combined,0.005,-0.04203020685990977,-0.6237910275254515,-0.7268624239909232,-0.07737438246038537,-0.5432057164582691,117,0.28205128205128205,0.6424971377360019,-335.83301483161154,0.12364864864864865,0.15675675675675677,0.14256756756756755,0.17195945945945945,0.1429560810810811,False
USA30IDXUSD1440_comma,daily,50,75,long_short,combined,0.0025,-0.04441412611306805,-0.5672611032156778,-0.6790105683316913,-0.08509741666299361,-0.5219209683997665,120,0.30833333333333335,0.628528182397568,-301.9449425867863,0.17398648648648649,0.10101351351351351,0.12263513513513513,0.15641891891891893,0.14283783783783782,False
USA30IDXUSD1440_comma,daily,40,150,long_short,price_slow,0.0025,-0.04875095477113167,-0.5565588827724108,-0.6362580985983267,-0.07884572316109502,-0.6183081696330606,89,0.21348314606741572,0.5931239470109108,-532.4347918111623,0.18682432432432433,0.14155405405405405,0.07668918918918918,0.11554054054054054,0.14278716216216217,False
USA30IDXUSD1440_comma,daily,10,100,long_only,combined,0.005,-0.024627365138914614,-0.9714190262598622,-1.2185654477928105,-0.0807704352665256,-0.30490568804847273,203,0.3448275862068966,0.7390906112487845,-139.07397403623617,0.00033783783783783786,0.1293918918918919,0.3152027027027027,0.3125,0.14239864864864865,False
USA30IDXUSD1440_comma,daily,75,100,long_short,combined,0.0,-0.03869297466121213,-0.5977605803384348,-0.7116350466663395,-0.08657202445273952,-0.4469454758140141,133,0.3233082706766917,0.6347551508811446,-282.5156737142128,0.14797297297297296,0.0918918918918919,0.17635135135135135,0.16317567567567567,0.14190878378378377,False
USA30IDXUSD1440_comma,daily,10,150,long_short,combined,0.0,-0.04269514136233221,-0.6478293921419144,-0.7936961342957692,-0.08860607651806557,-0.48185342405525944,272,0.3161764705882353,0.7625674686621605,-132.93450951641466,0.10540540540540541,0.07905405405405405,0.13851351351351351,0.34797297297297297,0.14182432432432435,False
USA30IDXUSD1440_comma,daily,100,150,long_short,fast_slope,0.005,-0.04076851558492678,-0.6188367323495401,-0.740481157052958,-0.07846008939019115,-0.519608324458824,84,0.3333333333333333,0.6206887254458368,-512.8084526408306,0.1287162162162162,0.1462837837837838,0.15777027027027027,0.1462837837837838,0.14155405405405408,False
USA30IDXUSD1440_comma,daily,50,150,long_short,price_slow,0.005,-0.04625449016160543,-0.5786658633658176,-0.669740510823596,-0.0781453744655794,-0.59190310978648,83,0.2289156626506024,0.5933456550662923,-561.7882936033951,0.16385135135135134,0.14966216216216216,0.10236486486486486,0.11621621621621622,0.14086148648648647,False
USA30IDXUSD1440_comma,daily,50,250,long_short,fast_slope,0.005,-0.0409261632666883,-0.6444963454583045,-0.752800639417614,-0.07579504286667671,-0.5399583101849723,113,0.3008849557522124,0.6282356456043356,-374.1305534428437,0.11013513513513513,0.16655405405405405,0.15506756756756757,0.15574324324324323,0.14006756756756758,False
USA30IDXUSD1440_comma,daily,50,100,long_short,slow_slope,0.0025,-0.049392313836528534,-0.5536205083876603,-0.6531364855342224,-0.0834479382105809,-0.5918937590990806,93,0.24731182795698925,0.6128648615284968,-465.7803065412493,0.1902027027027027,0.11283783783783784,0.07331081081081081,0.13986486486486485,0.13993243243243245,False
USA30IDXUSD1440_comma,daily,40,400,long_short,none,0.0,-0.05493871143867868,-0.5195264739613117,-0.610210039888449,-0.07691197290460103,-0.7143063604261299,16,0.25,0.3034372961331836,-4416.3761336578855,0.23243243243243245,0.15844594594594594,0.033445945945945944,0.002027027027027027,0.1395777027027027,True
USA30IDXUSD1440_comma,daily,40,400,long_short,slow_slope,0.0,-0.04605098217781711,-0.5694966820882764,-0.6519178137353259,-0.07158434519445243,-0.6433107972521612,44,0.1590909090909091,0.32647820854793125,-1317.5370217538525,0.17195945945945945,0.1972972972972973,0.1043918918918919,0.002702702702702703,0.1393918918918919,False
USA30IDXUSD1440_comma,daily,50,200,long_short,combined,0.0,-0.04464968823665194,-0.6511896338967971,-0.7463108410944144,-0.07439101743154532,-0.6002026827733419,125,0.296,0.6568863061581097,-336.6490349386245,0.10236486486486486,0.17804054054054055,0.12027027027027028,0.19054054054054054,0.13809121621621623,False
USA30IDXUSD1440_comma,daily,40,400,long_short,none,0.001,-0.05506609710183619,-0.5213370245267682,-0.6129037607977387,-0.07743535610977689,-0.7111234437118268,16,0.25,0.3055628262334514,-4402.587403772972,0.22972972972972974,0.15641891891891893,0.03310810810810811,0.002364864864864865,0.13797297297297295,True
USA30IDXUSD1440_comma,daily,40,50,long_short,price_slow,0.001,-0.04678283942357497,-0.5600593826741207,-0.6779742326328948,-0.09272943569557729,-0.5045090490700168,152,0.35526315789473684,0.6726475098342078,-257.17724269578304,0.18344594594594596,0.053716216216216216,0.09662162162162162,0.21013513513513513,0.13765202702702703,False
USA30IDXUSD1440_comma,daily,40,50,long_short,combined,0.0,-0.048361118685949056,-0.554091892773917,-0.666694535581833,-0.09331024229538978,-0.518283068356564,167,0.281437125748503,0.6792647525912808,-230.83358635009512,0.18952702702702703,0.05067567567567568,0.07905405405405405,0.22195945945945947,0.13758445945945946,False
USA30IDXUSD1440_comma,daily,10,50,long_short,slow_slope,0.001,-0.052903708049564346,-0.5409780916875558,-0.652081604470284,-0.09065025185497254,-0.5836024386805094,154,0.2987012987012987,0.6683103251248447,-264.3933394911152,0.20304054054054055,0.0652027027027027,0.04391891891891892,0.20540540540540542,0.13711148648648647,False
USA30IDXUSD1440_comma,daily,5,400,long_short,fast_slope,0.0,-0.046376073720087674,-0.6749774101577091,-0.800355925014625,-0.08569536672624554,-0.5411736420737467,367,0.35967302452316074,0.7916002723455076,-118.86322651610253,0.08648648648648649,0.09628378378378379,0.10101351351351351,0.38344594594594594,0.13638513513513514,False
USA30IDXUSD1440_comma,daily,10,50,long_short,none,0.005,-0.05428318741469762,-0.5315666601413398,-0.6442769235338217,-0.08963560753983656,-0.6055984770401948,101,0.33663366336633666,0.6347622795198397,-423.91463256472287,0.21486486486486486,0.07432432432432433,0.03648648648648649,0.1635135135135135,0.13635135135135135,False
USA30IDXUSD1440_comma,daily,75,150,long_short,none,0.005,-0.0506649660643127,-0.5355064750721533,-0.6245691608841224,-0.08018563865110329,-0.6318458880743179,25,0.4,0.5025427938057605,-2313.5826092924945,0.20945945945945946,0.1341216216216216,0.060810810810810814,0.04560810810810811,0.13631756756756758,False
USA30IDXUSD1440_comma,daily,50,200,long_short,combined,0.005,-0.043537966178805565,-0.6542742350106785,-0.7514288672033943,-0.07508217666087387,-0.5798708577064158,125,0.288,0.6466260047475316,-333.85674996243984,0.10101351351351351,0.17263513513513515,0.1293918918918919,0.17736486486486486,0.1360472972972973,False
USA30IDXUSD1440_comma,daily,40,400,long_short,fast_slope,0.0,-0.04174962253524761,-0.690333364034608,-0.80366936437154,-0.0684451637259966,-0.6099718411425235,104,0.33653846153846156,0.6159497250829513,-452.6253178976334,0.07736486486486487,0.21554054054054053,0.14560810810810812,0.14290540540540542,0.13538851351351353,False
USA30IDXUSD1440_comma,daily,60,300,long_short,fast_slope,0.005,-0.03861394139552321,-0.6481645148359513,-0.7719397488897659,-0.08010051269696147,-0.48206859226492804,119,0.2857142857142857,0.6321863273121329,-335.88445144603145,0.10472972972972973,0.1347972972972973,0.17702702702702702,0.15912162162162163,0.13486486486486488,False
USA30IDXUSD1440_comma,daily,50,250,long_short,combined,0.0,-0.041191289704306744,-0.6608520631021458,-0.770386643770859,-0.07650374306626274,-0.5384218870000835,121,0.2727272727272727,0.6360405698718978,-336.0799313390966,0.09695945945945945,0.16283783783783784,0.15236486486486486,0.16452702702702704,0.13464527027027026,False
USA30IDXUSD1440_comma,daily,50,250,long_short,fast_slope,0.001,-0.041934573191608204,-0.6429875128459014,-0.7504415640716265,-0.0779446102376566,-0.538004783958093,115,0.30434782608695654,0.6307472611588334,-371.3937821737922,0.11114864864864865,0.15067567567567566,0.1445945945945946,0.1570945945945946,0.1346114864864865,False
USA30IDXUSD1440_comma,daily,50,75,long_short,combined,0.001,-0.04628835593801728,-0.5719962660130519,-0.6818001234696224,-0.087564550255038,-0.5286198102222777,128,0.28125,0.634124887381609,-293.2317745588627,0.17162162162162162,0.08412162162162162,0.10168918918918919,0.16148648648648647,0.13423986486486486,False
USA30IDXUSD1440_comma,daily,5,300,long_short,fast_slope,0.0,-0.04639306894190898,-0.6618165017716487,-0.7901516993002786,-0.08969025073489907,-0.5172587718484003,382,0.35340314136125656,0.7881780092682513,-112.19605270225198,0.09662162162162162,0.07364864864864865,0.10033783783783784,0.38074324324324327,0.13423986486486486,False
USA30IDXUSD1440_comma,daily,30,100,long_short,none,0.005,-0.05221276792586449,-0.5244352867518436,-0.6212759331835347,-0.08853809379555275,-0.5897209403043092,48,0.25,0.5756631848590441,-942.7102292917949,0.22533783783783784,0.07939189189189189,0.047635135135135134,0.09695945945945945,0.13405405405405407,False
USA30IDXUSD1440_comma,daily,100,150,long_short,fast_slope,0.0025,-0.044010355950951374,-0.611104275595009,-0.7287553013457261,-0.08176057598198572,-0.5382833403796979,100,0.34,0.6309559216932001,-454.49964220893054,0.1358108108108108,0.12364864864864865,0.12533783783783783,0.15777027027027027,0.1339695945945946,False
USA30IDXUSD1440_comma,daily,40,150,long_short,price_slow,0.001,-0.049938468684671555,-0.5627378868722341,-0.6436367240236717,-0.08117470823116187,-0.6151973905771411,91,0.21978021978021978,0.5891529980566753,-530.8092443919406,0.1793918918918919,0.12804054054054054,0.06858108108108107,0.1097972972972973,0.1339527027027027,False
USA30IDXUSD1440_comma,daily,50,200,long_short,combined,0.001,-0.04483449993179878,-0.6562573397862048,-0.7518678994076167,-0.07504421794267621,-0.5974410975412705,125,0.296,0.6504653454951449,-337.7783123331081,0.09932432432432432,0.17331081081081082,0.11790540540540541,0.1820945945945946,0.1339527027027027,False
USA30IDXUSD1440_comma,daily,20,75,long_short,price_slow,0.0,-0.05226925871496868,-0.5326902450199171,-0.6346392141908651,-0.09015532361849977,-0.5797689655704712,133,0.2556390977443609,0.6168508490441488,-312.4383134099584,0.21283783783783783,0.07128378378378378,0.04695945945945946,0.14358108108108109,0.13388513513513514,False
USA30IDXUSD1440_comma,daily,10,150,long_short,price_slow,0.005,-0.052898352731557075,-0.536048495135719,-0.6323475639964147,-0.08419352782921434,-0.6282947644011403,90,0.2,0.5714061384121232,-503.377036775821,0.20912162162162162,0.10878378378378378,0.044256756756756756,0.09391891891891892,0.1337837837837838,False
USA30IDXUSD1440_comma,daily,5,75,long_short,fast_slope,0.005,-0.046806288040529,-0.6420996945566586,-0.7858098175934136,-0.0928316202123714,-0.504206303126564,398,0.35678391959798994,0.7825873413890759,-104.82420944421818,0.11148648648648649,0.05304054054054054,0.09594594594594595,0.37432432432432433,0.13319256756756756,False
USA30IDXUSD1440_comma,daily,40,400,long_short,slow_slope,0.0025,-0.04570936915798318,-0.5806667715605152,-0.6663986465954671,-0.07329938520649808,-0.623598261147912,43,0.16279069767441862,0.3298670620339623,-1336.4326421135843,0.1608108108108108,0.18614864864864866,0.1070945945945946,0.0030405405405405407,0.1327364864864865,False
USA30IDXUSD1440_comma,daily,5,50,long_short,price_slow,0.0025,-0.05482706890520739,-0.53654776968827,-0.6501501047549333,-0.09428617410752158,-0.5814963797627846,170,0.2823529411764706,0.6661131317833637,-251.50132627814054,0.20844594594594595,0.04628378378378378,0.03412162162162162,0.20371621621621622,0.1323310810810811,False
USA30IDXUSD1440_comma,daily,40,100,long_short,slow_slope,0.0,-0.05069561405103962,-0.5466402167208978,-0.6472070290808879,-0.08902456078720815,-0.5694564915879261,117,0.2905982905982906,0.6220799861356829,-367.904099284204,0.1966216216216216,0.07736486486486487,0.06047297297297297,0.14797297297297296,0.13228040540540542,False
USA30IDXUSD1440_comma,daily,30,100,long_short,slow_slope,0.001,-0.05083542344819314,-0.5442306932517141,-0.6484305297029777,-0.0892182141639147,-0.5697875027491202,118,0.2796610169491525,0.6133475324471246,-361.7892579594435,0.19966216216216215,0.07601351351351351,0.05878378378378379,0.14054054054054055,0.1317060810810811,False
USA30IDXUSD1440_comma,daily,40,50,long_short,price_slow,0.0025,-0.0459762601675322,-0.5857863385905435,-0.7168030212175399,-0.08900663587397184,-0.5165486788269571,135,0.3851851851851852,0.6561149167333422,-288.8567967151077,0.15675675675675677,0.0777027027027027,0.10506756756756756,0.1891891891891892,0.1315202702702703,False
USA30IDXUSD1440_comma,daily,5,500,long_short,fast_slope,0.0,-0.045040187608136995,-0.6736846730330083,-0.8047285902561409,-0.09051986383044425,-0.4975724189389332,362,0.356353591160221,0.783262523967066,-117.73057065692448,0.08817567567567568,0.06689189189189189,0.11486486486486487,0.375,0.1312162162162162,False
USA30IDXUSD1440_comma,daily,75,150,long_short,price_slow,0.001,-0.04790576998508356,-0.6060046306203072,-0.6946562345524465,-0.07418345877868202,-0.6457742841029429,88,0.2159090909090909,0.563007268436299,-612.2726034169028,0.14155405405405405,0.17972972972972973,0.08445945945945946,0.08378378378378379,0.13101351351351354,False
USA30IDXUSD1440_comma,daily,50,100,long_short,price_slow,0.005,-0.04509682357225708,-0.5766338482622393,-0.6646035364605524,-0.08909788998754169,-0.5061491756826435,93,0.27956989247311825,0.6269179367498386,-442.53709906404043,0.16452702702702704,0.07668918918918918,0.11418918918918919,0.15304054054054053,0.13077702702702704,False
USA30IDXUSD1440_comma,daily,40,75,long_short,none,0.001,-0.05569635925063965,-0.5239528463055895,-0.6296374421966602,-0.09000221434765755,-0.6188332104307747,62,0.3064516129032258,0.579124796091118,-771.6971717655871,0.22736486486486487,0.0722972972972973,0.031081081081081083,0.10270270270270271,0.1306418918918919,False
USA30IDXUSD1440_comma,daily,5,400,long_short,combined,0.0,-0.04398039200309378,-0.7107834946798168,-0.8390275616433229,-0.0854632460386592,-0.5146117663632774,331,0.36555891238670696,0.7704305028900414,-128.17964495889245,0.06554054054054054,0.09932432432432432,0.1260135135135135,0.3614864864864865,0.13047297297297297,False
USA30IDXUSD1440_comma,daily,50,300,long_short,fast_slope,0.0,-0.04287591300807925,-0.6574207604159885,-0.771000633915954,-0.07689853939806555,-0.5575647254641851,115,0.28695652173913044,0.6317661968566085,-375.39528021596817,0.09898648648648649,0.15912162162162163,0.13614864864864865,0.15878378378378377,0.1304222972972973,False
USA30IDXUSD1440_comma,daily,40,50,long_short,combined,0.001,-0.04710759504218143,-0.5681994857908419,-0.6889366375358069,-0.09553723112605612,-0.4930810165518147,156,0.34615384615384615,0.6761800743961197,-251.13738865335117,0.17297297297297298,0.04155405405405405,0.09256756756756757,0.2152027027027027,0.13037162162162164,False
USA30IDXUSD1440_comma,daily,5,400,long_short,combined,0.001,-0.04403799130874653,-0.7116804842903387,-0.8399671375740302,-0.08551055114348069,-0.5150006720790967,330,0.36666666666666664,0.7690142929360579,-128.77139581672336,0.06486486486486487,0.09898648648648649,0.125,0.360472972972973,0.1297635135135135,False
USA30IDXUSD1440_comma,daily,5,400,long_short,fast_slope,0.001,-0.04663092072267283,-0.6829202466343705,-0.8069096392780732,-0.08761712962281373,-0.5322123758609307,364,0.3626373626373626,0.7835060140452587,-121.38982273255301,0.08209459459459459,0.08378378378378379,0.09797297297297297,0.37567567567567567,0.12972972972972974,False
USA30IDXUSD1440_comma,daily,10,150,long_short,price_slow,0.0025,-0.053758608076822756,-0.5382018047350672,-0.6361854115752673,-0.08423269234321595,-0.6382154788283037,94,0.19148936170212766,0.5608393761181244,-489.7908380918253,0.20540540540540542,0.10810810810810811,0.03986486486486487,0.08277027027027027,0.12957770270270272,False
USA30IDXUSD1440_comma,daily,10,150,long_only,fast_slope,0.0025,-0.028726781082432096,-0.9309280400823982,-1.134533722171029,-0.08522140583540003,-0.33708410229603736,224,0.3482142857142857,0.7373609486873783,-143.49416095060124,0.002702702702702703,0.10033783783783784,0.27804054054054056,0.3108108108108108,0.12839527027027026,False
USA30IDXUSD1440_comma,daily,40,100,long_short,combined,0.0025,-0.046846212499943585,-0.6063858751763037,-0.7225687455627232,-0.08649112178141764,-0.5416303030308061,137,0.32116788321167883,0.6625816922444939,-271.58618320394254,0.14054054054054055,0.09256756756756757,0.09527027027027027,0.19898648648648648,0.12826013513513515,False
USA30IDXUSD1440_comma,daily,5,50,long_short,fast_slope,0.0,-0.05018783667568316,-0.6312851720069858,-0.7706722128279181,-0.09449891113971384,-0.5310943382350928,438,0.3424657534246575,0.7822072198204033,-99.95193239479627,0.1195945945945946,0.04493243243243243,0.0652027027027027,0.37398648648648647,0.12820945945945947,False
USA30IDXUSD1440_comma,daily,10,300,long_short,combined,0.0025,-0.04478290451348654,-0.7160741723570683,-0.8520912530172348,-0.08373557981440657,-0.5348133327880977,255,0.3137254901960784,0.7585402513140331,-153.43387891359907,0.062162162162162166,0.11114864864864865,0.11858108108108108,0.3439189189189189,0.12795608108108109,False
USA30IDXUSD1440_comma,daily,20,100,long_short,slow_slope,0.005,-0.0489894695181633,-0.5387207377763353,-0.6430440497626115,-0.0886438871613974,-0.5526547976056855,106,0.2830188679245283,0.5478413698989403,-398.3083871558915,0.20472972972972972,0.07871621621621622,0.07432432432432433,0.07263513513513513,0.12733108108108107,False
USA30IDXUSD1440_comma,daily,40,50,long_short,slow_slope,0.0025,-0.05163378403320751,-0.5728167959958714,-0.6995252260600585,-0.09321340278602637,-0.5539308993121312,127,0.3700787401574803,0.6852139098675188,-340.02719724260714,0.17060810810810811,0.05101351351351351,0.05574324324324324,0.23243243243243245,0.12701013513513515,False
USA30IDXUSD1440_comma,daily,40,100,long_short,combined,0.001,-0.04662580481098577,-0.600018790085965,-0.7148774903959169,-0.08900333888727778,-0.5238657941814642,145,0.32413793103448274,0.6599645174345895,-255.93332233864098,0.1462837837837838,0.07804054054054053,0.0983108108108108,0.19493243243243244,0.1269256756756757,False
USA30IDXUSD1440_comma,daily,50,200,long_short,combined,0.0025,-0.045634164390849774,-0.6650584431397359,-0.7618084108148508,-0.07652252835787209,-0.5963494067712056,125,0.296,0.6454362310696239,-344.535785414092,0.09527027027027027,0.1625,0.10945945945945947,0.17533783783783785,0.12692567567567567,False
USA30IDXUSD1440_comma,daily,75,200,long_short,combined,0.0025,-0.04166859744410012,-0.6653813480980616,-0.7874198651574295,-0.07662141341212778,-0.5438244426525384,102,0.27450980392156865,0.6041980618417916,-451.97417562552965,0.0945945945945946,0.16114864864864864,0.1462837837837838,0.1287162162162162,0.1266891891891892,False
USA30IDXUSD1440_comma,daily,40,75,long_short,slow_slope,0.005,-0.04787047690154966,-0.5496282096418931,-0.6545173652804241,-0.0911366313704976,-0.5252605476160501,86,0.29069767441860467,0.5831784970133967,-489.07563595322995,0.1939189189189189,0.0625,0.08513513513513514,0.10574324324324325,0.1260810810810811,False
USA30IDXUSD1440_comma,daily,40,50,long_short,slow_slope,0.001,-0.054596561462268434,-0.5611627181014309,-0.6791820025416629,-0.09507841084847933,-0.5742266932634754,150,0.34,0.686695239213311,-294.5065240430406,0.1820945945945946,0.04256756756756757,0.03513513513513514,0.23614864864864865,0.12592905405405405,False
USA30IDXUSD1440_comma,daily,60,75,long_short,combined,0.001,-0.04527792162699107,-0.5814115986382704,-0.6884084681953767,-0.08783491992210585,-0.515488847341634,123,0.3333333333333333,0.6001247660668378,-314.7545925480363,0.15945945945945947,0.08243243243243244,0.11182432432432432,0.125,0.12550675675675674,False
USA30IDXUSD1440_comma,daily,5,300,long_short,fast_slope,0.0025,-0.047562298576776296,-0.6772435250992053,-0.8091768772710141,-0.09047975698230055,-0.5256678417701799,376,0.34308510638297873,0.7850472618724331,-116.26477667604098,0.08513513513513514,0.06722972972972972,0.08986486486486486,0.3777027027027027,0.12548986486486485,False
USA30IDXUSD1440_comma,daily,5,300,long_short,fast_slope,0.001,-0.04764372858522903,-0.6753867845373897,-0.8066512784559418,-0.09074959156677784,-0.525002126870957,379,0.34300791556728233,0.7857728144649847,-115.36110509212175,0.08581081081081081,0.06418918918918919,0.08851351351351351,0.37905405405405407,0.12493243243243243,False
USA30IDXUSD1440_comma,daily,10,100,long_short,slow_slope,0.001,-0.05118579644685317,-0.5392282887942591,-0.641842879812742,-0.09020723002535666,-0.56742454493354,123,0.2682926829268293,0.5598857897713602,-346.55465724802593,0.20405405405405405,0.06993243243243243,0.057432432432432436,0.08108108108108109,0.12275337837837837,False
USA30IDXUSD1440_comma,daily,50,300,long_short,slow_slope,0.0025,-0.048941152342546146,-0.5755603465787957,-0.6672387726486363,-0.07695361265599078,-0.6359825179531207,47,0.1702127659574468,0.38093535075237583,-1341.8264946266129,0.16722972972972974,0.1581081081081081,0.07567567567567568,0.006756756756756757,0.12256756756756758,False
USA30IDXUSD1440_comma,daily,60,300,long_short,fast_slope,0.0,-0.04157756903811827,-0.6468742092729145,-0.7537917680518672,-0.08267382832805471,-0.5029108954908436,119,0.2857142857142857,0.6104737941441382,-375.0761713506602,0.10641891891891891,0.11824324324324324,0.1489864864864865,0.13716216216216215,0.1225,False
USA30IDXUSD1440_comma,daily,10,300,long_short,combined,0.001,-0.045255768655506956,-0.7182519877721889,-0.8549064375213576,-0.08506978532381992,-0.5319840467827669,256,0.30859375,0.7534614388528734,-154.83429182766412,0.0597972972972973,0.10236486486486486,0.11216216216216217,0.3347972972972973,0.12216216216216216,False
USA30IDXUSD1440_comma,daily,5,500,long_short,fast_slope,0.001,-0.04613969513379934,-0.6864766211331597,-0.8189818134170551,-0.09281814320138489,-0.4970978037525633,360,0.35833333333333334,0.7781601054047311,-121.2061025758866,0.08074324324324324,0.05337837837837838,0.10371621621621621,0.36824324324324326,0.12162162162162163,False
USA30IDXUSD1440_comma,daily,50,100,long_short,combined,0.001,-0.04772857109019424,-0.6025337971042345,-0.7138505233412485,-0.08958818165186623,-0.532755216259041,145,0.296551724137931,0.6507171598913576,-267.5156187543305,0.1445945945945946,0.075,0.08682432432432433,0.1831081081081081,0.12141891891891891,False
USA30IDXUSD1440_comma,daily,5,400,long_short,combined,0.0025,-0.04500182196568314,-0.7222502520440142,-0.8517089447879733,-0.08629870764922677,-0.5214657692047878,329,0.364741641337386,0.7626541439065203,-131.45655258099856,0.05574324324324324,0.09493243243243243,0.1152027027027027,0.34831081081081083,0.12131756756756758,False
USA30IDXUSD1440_comma,daily,40,400,long_short,none,0.0025,-0.05628479912195328,-0.5402806500055235,-0.637366731974794,-0.07964480506615787,-0.7066976819793791,16,0.25,0.2944896060102345,-4393.14456551984,0.20337837837837838,0.1375,0.02702702702702703,0.0010135135135135136,0.1212837837837838,True
USA30IDXUSD1440_comma,daily,10,150,long_only,fast_slope,0.005,-0.0297810925789479,-0.9549963075114196,-1.1597746087098055,-0.08632046352440965,-0.3450061707618891,218,0.3532110091743119,0.7251172469206669,-151.90868433130748,0.0006756756756756757,0.0945945945945946,0.2665540540540541,0.2922297297297297,0.12106418918918921,False
USA30IDXUSD1440_comma,daily,60,250,long_short,slow_slope,0.0,-0.04806743582198081,-0.5756624416410623,-0.6647866367052102,-0.07866912387538273,-0.6110076412967673,64,0.203125,0.39766187489324284,-964.5949891923966,0.16689189189189188,0.14358108108108109,0.08243243243243244,0.011486486486486487,0.12086148648648648,False
USA30IDXUSD1440_comma,daily,60,300,long_short,fast_slope,0.0025,-0.0415921500191897,-0.6490658199550072,-0.7573408359719893,-0.08268628474861367,-0.5030114745829966,119,0.2857142857142857,0.6089500401307805,-375.5507817001889,0.10337837837837838,0.11790540540540541,0.14864864864864866,0.1347972972972973,0.12077702702702703,False
USA30IDXUSD1440_comma,daily,60,100,long_short,slow_slope,0.005,-0.04515311900402963,-0.61857774070261,-0.7362373835432934,-0.08241464639966219,-0.5478773613256043,81,0.2962962962962963,0.5869800892245552,-583.2469819089235,0.1293918918918919,0.11993243243243243,0.11351351351351352,0.10777027027027027,0.12060810810810811,False
USA30IDXUSD1440_comma,daily,50,75,long_short,slow_slope,0.001,-0.05183890302904404,-0.5562368239098836,-0.6549570974326242,-0.09191698712517493,-0.5639752199280474,111,0.34234234234234234,0.608825409255303,-401.59489889007295,0.1875,0.05912162162162162,0.05202702702702703,0.13445945945945945,0.12035472972972974,False
USA30IDXUSD1440_comma,daily,60,150,long_short,price_slow,0.0025,-0.050190026454338454,-0.6125868724523804,-0.7030249796027233,-0.07785355322489422,-0.6446722644675624,84,0.23809523809523808,0.5767094516857051,-600.4294340649942,0.1347972972972973,0.1516891891891892,0.06486486486486487,0.09797297297297297,0.11951013513513514,False
USA30IDXUSD1440_comma,daily,10,500,long_short,fast_slope,0.0025,-0.044782626615774146,-0.7286727949128425,-0.8925105018534076,-0.08325312511748509,-0.5379092562901132,256,0.3203125,0.7328331365230527,-157.76821936882692,0.05304054054054054,0.11418918918918919,0.11891891891891893,0.3054054054054054,0.11935810810810812,False
USA30IDXUSD1440_comma,daily,50,100,long_short,slow_slope,0.001,-0.05177793714273815,-0.563841561872779,-0.6664256284125318,-0.08956272415940976,-0.578119274828893,107,0.27102803738317754,0.5990547278688231,-419.94085705383117,0.17804054054054055,0.07533783783783783,0.05337837837837838,0.12331081081081081,0.11922297297297298,False
USA30IDXUSD1440_comma,daily,60,75,long_short,combined,0.0,-0.047170777706201816,-0.5860482791352958,-0.6898305265087988,-0.09044387703790806,-0.5215474972001805,134,0.34328358208955223,0.6130000770708379,-299.78202031054064,0.15641891891891893,0.0679054054054054,0.09222972972972973,0.14020270270270271,0.11902027027027029,False
USA30IDXUSD1440_comma,daily,50,75,long_short,slow_slope,0.0025,-0.05082509082289155,-0.5620056941835972,-0.6630326223919475,-0.09017540381178117,-0.5636247654513014,100,0.34,0.5891731238784217,-446.19421497369586,0.18141891891891893,0.07094594594594594,0.05912162162162162,0.11013513513513513,0.11864864864864866,False
USA30IDXUSD1440_comma,daily,50,100,long_short,slow_slope,0.0,-0.0524784945299972,-0.5615888074788293,-0.6647586816992328,-0.0910423561892149,-0.5764184575905553,118,0.2796610169491525,0.6119553385904399,-374.9918514768876,0.18175675675675676,0.06317567567567567,0.04594594594594595,0.13885135135135135,0.11851351351351352,False
USA30IDXUSD1440_comma,daily,10,100,long_short,slow_slope,0.005,-0.05072634195565706,-0.5437773892392745,-0.6463303921608928,-0.09138817988412333,-0.5550645829687832,112,0.2857142857142857,0.5494730762855672,-380.45002985480215,0.20033783783783785,0.060810810810810814,0.06013513513513514,0.07364864864864865,0.11841216216216217,False
USA30IDXUSD1440_comma,daily,60,300,long_short,fast_slope,0.001,-0.0420424958485095,-0.6511331472444697,-0.7588590339811051,-0.08306999434078412,-0.5061092899084053,119,0.2857142857142857,0.6071443612130865,-378.4295192188415,0.10270270270270271,0.11587837837837837,0.14189189189189189,0.1320945945945946,0.11824324324324324,False
USA30IDXUSD1440_comma,daily,10,300,long_short,combined,0.0,-0.04569239007524539,-0.7222215242897971,-0.8595390605151123,-0.0856150237554343,-0.5336959340894317,258,0.3062015503875969,0.7513299271018801,-154.97657439771538,0.056081081081081084,0.09797297297297297,0.10777027027027027,0.3307432432432432,0.11809121621621621,False
USA30IDXUSD1440_comma,daily,5,50,long_short,slow_slope,0.005,-0.05349542968074461,-0.5669038495900021,-0.6831186906109203,-0.0951784283116471,-0.562054140099709,163,0.2822085889570552,0.6598139575849674,-256.0641124360134,0.175,0.04222972972972973,0.04087837837837838,0.1945945945945946,0.11792229729729728,False
USA30IDXUSD1440_comma,daily,5,50,long_short,fast_slope,0.001,-0.05167099180421131,-0.6464102375502715,-0.7906302855849088,-0.09684458729485969,-0.5335454799026635,437,0.34324942791762014,0.775258455507462,-102.44137757325105,0.10743243243243243,0.03614864864864865,0.05472972972972973,0.3662162162162162,0.11788851351351351,False
USA30IDXUSD1440_comma,daily,75,100,long_short,none,0.0025,-0.049875140271127494,-0.5681418566839589,-0.6643003407798459,-0.08563264800483203,-0.5824313673952155,46,0.45652173913043476,0.5332923588694254,-1115.2706171382722,0.17331081081081082,0.0972972972972973,0.06925675675675676,0.06317567567567567,0.11697635135135134,False
USA30IDXUSD1440_comma,daily,50,75,long_short,price_slow,0.0,-0.05163679240117125,-0.5825635728977592,-0.691571140387359,-0.08658729633938667,-0.596355292106318,132,0.2878787878787879,0.6077313104727525,-319.7668821244367,0.15777027027027027,0.09155405405405405,0.05540540540540541,0.13243243243243244,0.11694256756756757,False
USA30IDXUSD1440_comma,daily,50,250,long_short,combined,0.0025,-0.04300083795112408,-0.6826946373597412,-0.7927351058789038,-0.0784638578443685,-0.5480336951621139,118,0.2796610169491525,0.6090027090039684,-368.66886097391927,0.08277027027027027,0.14594594594594595,0.13445945945945945,0.13513513513513514,0.11675675675675677,False
USA30IDXUSD1440_comma,daily,5,300,long_short,fast_slope,0.005,-0.04879677046006592,-0.691451353538174,-0.826080708407697,-0.09135507888509885,-0.5341440350726387,373,0.34316353887399464,0.77700859076838,-119.73772422292537,0.07635135135135135,0.06114864864864865,0.07601351351351351,0.3672297297297297,0.11611486486486486,False
USA30IDXUSD1440_comma,daily,30,100,long_short,slow_slope,0.0,-0.052957858671039415,-0.5542404625914327,-0.6579711308501506,-0.09122398327716388,-0.580525611451746,117,0.28205128205128205,0.588171690460574,-380.72809955972355,0.18885135135135134,0.062162162162162166,0.043243243243243246,0.10912162162162162,0.11609797297297297,False
USA30IDXUSD1440_comma,daily,5,150,long_short,none,0.0,-0.05958811173296141,-0.541372327889984,-0.6461251479741605,-0.08737874736963844,-0.6819520023660415,84,0.19047619047619047,0.5351951951506432,-595.6228535784918,0.20236486486486485,0.08614864864864864,0.01756756756756757,0.06486486486486487,0.11572635135135136,False
USA30IDXUSD1440_comma,daily,40,250,long_short,fast_slope,0.005,-0.04566354597279654,-0.674795872588998,-0.7778201723661412,-0.0787036387494751,-0.5801961217847895,108,0.32407407407407407,0.628315558989018,-404.57325369542536,0.08682432432432433,0.14324324324324325,0.10844594594594595,0.15608108108108107,0.11564189189189189,False
USA30IDXUSD1440_comma,daily,10,200,long_short,fast_slope,0.0025,-0.047875252643082344,-0.6718102052911078,-0.8099289605519514,-0.093149405826381,-0.5139619755848568,281,0.33451957295373663,0.7530020987033383,-143.61867280862046,0.08885135135135135,0.051351351351351354,0.08479729729729729,0.3341216216216216,0.11545608108108107,False
USA30IDXUSD1440_comma,daily,10,400,long_short,combined,0.005,-0.04338370498145361,-0.7309235857428369,-0.8612043567798382,-0.08686786056475664,-0.49942181952452636,241,0.3278008298755187,0.733165704460503,-163.78011836963478,0.05101351351351351,0.08952702702702703,0.1304054054054054,0.3064189189189189,0.11483108108108109,False
USA30IDXUSD1440_comma,daily,10,200,long_short,fast_slope,0.0,-0.04798810625207217,-0.6677861768241595,-0.8045552890514666,-0.09553855916885425,-0.5022904539229893,284,0.3380281690140845,0.7544806040418529,-142.31484108617562,0.0918918918918919,0.04121621621621622,0.08378378378378379,0.3368243243243243,0.11434121621621621,False
USA30IDXUSD1440_comma,daily,10,200,long_short,fast_slope,0.001,-0.04814576499966661,-0.6708703054632964,-0.8087003907133332,-0.09444003692492028,-0.5098024796193423,283,0.33568904593639576,0.7547905509463738,-143.12119938121174,0.0902027027027027,0.04527027027027027,0.08108108108108109,0.33716216216216216,0.11418918918918919,False
USA30IDXUSD1440_comma,daily,50,300,long_short,combined,0.005,-0.04281225294472679,-0.6926075342217756,-0.8037044513877627,-0.07769203269304664,-0.5510507507748403,114,0.2894736842105263,0.594823666892754,-409.88069907997874,0.07533783783783783,0.15337837837837837,0.13648648648648648,0.11790540540540541,0.11346283783783784,False
USA30IDXUSD1440_comma,daily,60,75,long_short,price_slow,0.0,-0.049472573472300385,-0.5926482075169227,-0.6966925812370564,-0.09143825478512273,-0.5410489689305588,132,0.32575757575757575,0.6229665775696863,-318.5504229883511,0.1527027027027027,0.06013513513513514,0.07263513513513513,0.1489864864864865,0.11298986486486487,False
USA30IDXUSD1440_comma,daily,10,50,long_short,price_slow,0.0025,-0.0566671704878382,-0.5692314347816898,-0.6857628462303108,-0.09560427722733247,-0.5927263102789038,157,0.29936305732484075,0.6550324745546758,-281.1763293694559,0.17229729729729729,0.04087837837837838,0.025675675675675677,0.1875,0.11239864864864865,False
USA30IDXUSD1440_comma,daily,50,100,long_short,combined,0.0,-0.0489418365016151,-0.6061360349194224,-0.7190396804393998,-0.09242433053799443,-0.5295341196060463,150,0.29333333333333333,0.64677270704975,-262.07454950871517,0.14087837837837838,0.05641891891891892,0.07533783783783783,0.17804054054054055,0.11222972972972974,False
USA30IDXUSD1440_comma,daily,5,100,long_short,slow_slope,0.005,-0.052724630523103055,-0.5622520841938066,-0.6683746355241202,-0.09141024495227276,-0.5767912617522435,128,0.265625,0.5816546012960518,-350.25311779533445,0.1804054054054054,0.06047297297297297,0.04493243243243243,0.10472972972972973,0.11197635135135137,False
USA30IDXUSD1440_comma,daily,60,250,long_short,slow_slope,0.001,-0.04945865907939728,-0.5889560362783754,-0.6815373812429666,-0.07996509403482875,-0.6185031065911782,64,0.1875,0.3882119615904866,-974.4191385750858,0.15472972972972973,0.1358108108108108,0.07297297297297298,0.008108108108108109,0.11165540540540542,False
USA30IDXUSD1440_comma,daily,5,500,long_short,fast_slope,0.0025,-0.04734915318948252,-0.7026785843742678,-0.8397375145159152,-0.09437176636389884,-0.501730072603532,357,0.3557422969187675,0.7667500069760376,-125.0076005795056,0.07128378378378378,0.04594594594594595,0.09155405405405405,0.3554054054054054,0.11162162162162162,False
USA30IDXUSD1440_comma,daily,10,400,long_short,combined,0.001,-0.04416953878509655,-0.7333964665497503,-0.8636221484331532,-0.08748785527265049,-0.504864802633976,242,0.32231404958677684,0.7326634640035775,-165.5552086200971,0.048986486486486486,0.08479729729729729,0.12398648648648648,0.3047297297297297,0.11130067567567567,False
USA30IDXUSD1440_comma,daily,40,150,long_short,price_slow,0.005,-0.05005844260315684,-0.5930408787663795,-0.6933775389204858,-0.08563055596617575,-0.5845862150297148,84,0.16666666666666666,0.5607634083011941,-562.1596039395156,0.15236486486486486,0.09763513513513514,0.06655405405405405,0.08243243243243244,0.11103040540540542,False
USA30IDXUSD1440_comma,daily,60,75,long_short,slow_slope,0.001,-0.05213737568673116,-0.5748867966661932,-0.6748374924144994,-0.09471475271578399,-0.5504673157220057,110,0.36363636363636365,0.6238878428272765,-415.643918862536,0.16824324324324325,0.04358108108108108,0.048986486486486486,0.15135135135135136,0.11069256756756757,False
USA30IDXUSD1440_comma,daily,75,100,long_short,price_slow,0.005,-0.0389549158227156,-0.7017931949483247,-0.83292155598279,-0.07989446938072785,-0.48757963003772453,80,0.35,0.5641773207284031,-562.0296920596113,0.07162162162162163,0.13682432432432431,0.17364864864864865,0.08614864864864864,0.11050675675675675,False
USA30IDXUSD1440_comma,daily,50,300,long_short,slow_slope,0.001,-0.050735254976718935,-0.5876493635034292,-0.6820669969365821,-0.07887652027625344,-0.6432237984006666,48,0.14583333333333334,0.37138228180345945,-1344.6602200305745,0.15506756756756757,0.14121621621621622,0.0597972972972973,0.0057432432432432436,0.11015202702702703,False
USA30IDXUSD1440_comma,daily,50,75,long_short,none,0.001,-0.059700400449736346,-0.551705138049859,-0.6593956388595914,-0.0900732686191795,-0.6627982015634792,62,0.3870967741935484,0.5540593717956107,-817.9153992834096,0.19222972972972974,0.07162162162162163,0.016891891891891893,0.07635135135135135,0.10962837837837837,False
USA30IDXUSD1440_comma,daily,60,75,long_short,fast_slope,0.001,-0.05175508615936786,-0.5890565065560709,-0.6962692640987288,-0.09340761284374689,-0.5540778163975161,136,0.3602941176470588,0.632915144069917,-322.1809187252249,0.1543918918918919,0.05033783783783784,0.053716216216216216,0.1608108108108108,0.1092060810810811,False
USA30IDXUSD1440_comma,daily,10,75,long_short,fast_slope,0.005,-0.04857428547625653,-0.6489510012603443,-0.7921298692368608,-0.09938294401607337,-0.4887587699998154,278,0.34172661870503596,0.7284351728244429,-146.3511466290003,0.10405405405405406,0.028040540540540542,0.0777027027027027,0.2983108108108108,0.10891891891891892,False
USA30IDXUSD1440_comma,daily,10,400,long_short,combined,0.0025,-0.044398318258607294,-0.7368977225589344,-0.8682304658798528,-0.0876676355226224,-0.5064390980084141,241,0.3236514522821577,0.7283796084477261,-167.05356917922717,0.0472972972972973,0.08277027027027027,0.12331081081081081,0.2976351351351351,0.10891891891891892,False
USA30IDXUSD1440_comma,daily,5,150,long_short,price_slow,0.005,-0.05741024389390348,-0.5627503390182091,-0.6628555233359514,-0.08566557781020537,-0.670167007115712,92,0.17391304347826086,0.5159988214335008,-529.4857456997948,0.17905405405405406,0.09662162162162162,0.022972972972972974,0.05439189189189189,0.1085304054054054,False
USA30IDXUSD1440_comma,daily,40,50,long_short,combined,0.0025,-0.048346306380682824,-0.6083881531248055,-0.7453776137782928,-0.09370865043385793,-0.5159214881107155,141,0.3829787234042553,0.6388268694239576,-287.59090932747296,0.13817567567567568,0.04864864864864865,0.07972972972972973,0.16756756756756758,0.10851351351351352,False
USA30IDXUSD1440_comma,daily,50,75,long_short,price_slow,0.001,-0.05230652978863726,-0.596133640829997,-0.7076238627525571,-0.08705740897547001,-0.6008280099787435,125,0.288,0.5893360295629353,-341.67693913860586,0.14932432432432433,0.08817567567567568,0.046621621621621624,0.11081081081081082,0.1077195945945946,False
USA30IDXUSD1440_comma,daily,40,100,long_short,combined,0.005,-0.048178487007420334,-0.6234062354138613,-0.7464289890570729,-0.09028566634686218,-0.5336227660138961,126,0.30158730158730157,0.6317215539440086,-305.8739087692334,0.12466216216216217,0.06891891891891892,0.08074324324324324,0.15844594594594594,0.10701013513513515,False
USA30IDXUSD1440_comma,daily,75,100,long_short,slow_slope,0.0,-0.048787955147463036,-0.6008317292243125,-0.7246603975704927,-0.09229002074932924,-0.5286373841000315,119,0.29411764705882354,0.6012968256936331,-409.11643296980566,0.14527027027027026,0.05777027027027027,0.07635135135135135,0.1260135135135135,0.10672297297297297,False
USA30IDXUSD1440_comma,daily,10,150,long_short,combined,0.001,-0.04609434042963523,-0.6850092898864911,-0.8337269701539014,-0.0963207885773757,-0.4785502808940052,268,0.31716417910447764,0.7244908188125995,-146.65239054095852,0.08141891891891892,0.038175675675675674,0.10405405405405406,0.2908783783783784,0.10655405405405405,False
USA30IDXUSD1440_comma,daily,50,75,long_short,slow_slope,0.005,-0.049091252009681785,-0.5788707827037853,-0.6867672085084531,-0.09073530950732155,-0.5410380179032789,76,0.32894736842105265,0.5388769765751453,-580.54578108252,0.1635135135135135,0.06452702702702702,0.07398648648648648,0.06722972972972972,0.10641891891891891,False
USA30IDXUSD1440_comma,daily,5,400,long_short,fast_slope,0.0025,-0.050442576717635856,-0.7200516986092297,-0.8490023898519871,-0.09064409359820826,-0.5564904972322757,363,0.3526170798898072,0.7651750639728776,-129.17118315067182,0.058445945945945946,0.06554054054054054,0.062162162162162166,0.3516891891891892,0.10494932432432431,False
USA30IDXUSD1440_comma,daily,40,50,long_short,none,0.005,-0.04620033982631888,-0.6175992250904462,-0.7651388802576367,-0.09068887377235288,-0.509437794346095,73,0.5068493150684932,0.5848040240698469,-564.8424816667892,0.1304054054054054,0.06486486486486487,0.10304054054054054,0.10608108108108108,0.10489864864864865,False
USA30IDXUSD1440_comma,daily,5,400,long_short,combined,0.005,-0.04717308079335947,-0.7454708169807391,-0.8778007143192099,-0.08805235147509331,-0.5357390234683619,327,0.36085626911314983,0.7491293087801117,-137.39419858686517,0.041891891891891894,0.08209459459459459,0.0918918918918919,0.32804054054054055,0.10486486486486488,False
USA30IDXUSD1440_comma,daily,5,200,long_short,fast_slope,0.0,-0.050746924826681195,-0.6911104457818982,-0.8279493471736751,-0.0978155010900758,-0.518802482849315,397,0.3501259445843829,0.7680147984114075,-115.1464271930053,0.07702702702702703,0.03310810810810811,0.05945945945945946,0.3581081081081081,0.10469594594594595,False
USA30IDXUSD1440_comma,daily,10,100,long_short,slow_slope,0.0025,-0.053650420605702576,-0.5597341284242727,-0.6653780692016836,-0.09413595084595731,-0.5699248812336887,120,0.25833333333333336,0.5391236591391639,-370.5719905316003,0.1837837837837838,0.047635135135135134,0.04054054054054054,0.06756756756756757,0.10366554054054056,False
USA30IDXUSD1440_comma,daily,10,75,long_short,fast_slope,0.001,-0.05164542830778873,-0.6587924360351876,-0.8033446877556523,-0.09974662615561343,-0.5177661671204534,302,0.33774834437086093,0.7357491894123036,-142.18826288543565,0.09763513513513514,0.027364864864864866,0.05506756756756757,0.30945945945945946,0.1033277027027027,False
USA30IDXUSD1440_comma,daily,100,150,long_short,price_slow,0.005,-0.04748480911841024,-0.7047758959488316,-0.8316157073206071,-0.07825597659493216,-0.6067882759191756,82,0.24390243902439024,0.6078799932866359,-598.4464266572228,0.06858108108108107,0.1489864864864865,0.09087837837837838,0.1331081081081081,0.10282094594594596,False
USA30IDXUSD1440_comma,daily,100,150,long_short,combined,0.001,-0.04818460900782362,-0.6656073730584308,-0.7900186130193295,-0.08270680142027041,-0.5825954840518615,113,0.24778761061946902,0.6055396790524624,-397.9509790391735,0.09425675675675675,0.11756756756756757,0.0804054054054054,0.13006756756756757,0.10268581081081082,False
USA30IDXUSD1440_comma,daily,10,250,long_short,combined,0.001,-0.046163634699478706,-0.7277011835677472,-0.8669641087341183,-0.09229057405032899,-0.5001988033393768,259,0.305019305019305,0.7328884606099678,-158.54378342618702,0.05337837837837838,0.057432432432432436,0.10337837837837838,0.30574324324324326,0.10224662162162163,False
USA30IDXUSD1440_comma,daily,5,75,long_short,fast_slope,0.001,-0.0541002355939314,-0.6778211438133724,-0.8187847283948368,-0.09809744707051228,-0.551494837118893,422,0.34834123222748814,0.7646428565524339,-110.97543081259234,0.08479729729729729,0.03141891891891892,0.03783783783783784,0.3506756756756757,0.10194256756756756,False
USA30IDXUSD1440_comma,daily,50,75,long_short,fast_slope,0.0,-0.055888715511485665,-0.6056590100332253,-0.7200088328990359,-0.09270909133982135,-0.6028396428417995,144,0.3125,0.6401746831734066,-312.21574500496695,0.14189189189189189,0.05405405405405406,0.03006756756756757,0.16925675675675675,0.10167229729729729,False
USA30IDXUSD1440_comma,daily,60,100,long_short,fast_slope,0.005,-0.044484653263324625,-0.6449029128847459,-0.7686399377367035,-0.09195324498710211,-0.4837746973428104,110,0.33636363636363636,0.5990020763802778,-391.831127320689,0.1097972972972973,0.05878378378378379,0.12162162162162163,0.12263513513513513,0.10133445945945946,False
USA30IDXUSD1440_comma,daily,30,50,long_short,price_slow,0.005,-0.050225070080313516,-0.5979930360788059,-0.7211545746151274,-0.09677009188152459,-0.5190143886791382,131,0.3511450381679389,0.6080127011103122,-313.36217439324844,0.1472972972972973,0.03648648648648649,0.06452702702702702,0.13344594594594594,0.10096283783783784,False
USA30IDXUSD1440_comma,daily,10,50,long_short,fast_slope,0.001,-0.05401985575743873,-0.6578418537229338,-0.8078349051872713,-0.10073381695404839,-0.5362633660757727,312,0.3301282051282051,0.7412791511911541,-142.38309047382785,0.0983108108108108,0.02195945945945946,0.038175675675675674,0.31756756756756754,0.10008445945945946,False
USA30IDXUSD1440_comma,daily,5,300,long_short,combined,0.001,-0.04984468632108552,-0.7489629352109209,-0.8847113205665403,-0.09045776624506002,-0.5510271631741468,343,0.33819241982507287,0.7655284899411696,-136.79507157571442,0.04054054054054054,0.06756756756756757,0.06959459459459459,0.3527027027027027,0.09993243243243244,False
USA30IDXUSD1440_comma,daily,75,100,long_short,fast_slope,0.0025,-0.0436537012183853,-0.6347687305881486,-0.7498749203836412,-0.0940379122217502,-0.46421384936158283,90,0.4222222222222222,0.5812509654949274,-525.6011643737704,0.11587837837837837,0.047972972972972976,0.12837837837837837,0.10371621621621621,0.0995777027027027,False
USA30IDXUSD1440_comma,daily,50,250,long_short,combined,0.001,-0.04537777076778948,-0.7033903199820373,-0.8166380017278337,-0.08145453707694862,-0.5570932252051464,120,0.275,0.594942945597402,-377.7055088031746,0.07027027027027027,0.12567567567567567,0.11114864864864865,0.11858108108108108,0.09954391891891892,False
USA30IDXUSD1440_comma,daily,10,50,long_short,combined,0.0,-0.05107226350028171,-0.6662656625102896,-0.8209922544882918,-0.10038739972422443,-0.5087517321953055,298,0.31543624161073824,0.7269063481560116,-143.50558298489383,0.09324324324324325,0.02364864864864865,0.05777027027027027,0.29527027027027025,0.09905405405405406,False
USA30IDXUSD1440_comma,daily,10,250,long_short,combined,0.005,-0.04656303683173246,-0.736505046860517,-0.8770332173607628,-0.09186465562966385,-0.5068656330617852,256,0.3046875,0.7286600552924448,-161.7555075698454,0.047972972972972976,0.05945945945945946,0.09966216216216216,0.29864864864864865,0.09878378378378379,False
USA30IDXUSD1440_comma,daily,5,250,long_short,fast_slope,0.005,-0.05169173416386674,-0.7145706733392518,-0.8539294255161047,-0.09727393691367126,-0.5314037429136045,380,0.34210526315789475,0.7678305207695951,-122.33602594363916,0.06317567567567567,0.03513513513513514,0.05439189189189189,0.35743243243243245,0.0985472972972973,False
USA30IDXUSD1440_comma,daily,5,300,long_short,combined,0.0,-0.0500070532260487,-0.7500443115518597,-0.8859923023568845,-0.09058481288802203,-0.5520467684562729,346,0.34104046242774566,0.7642613004758485,-135.989750821249,0.03986486486486487,0.06621621621621622,0.06756756756756757,0.35,0.0985135135135135,False
USA30IDXUSD1440_comma,daily,10,50,long_short,combined,0.001,-0.05064383283220675,-0.6671598133168284,-0.8233705883049879,-0.10117920772431677,-0.5005359695066611,293,0.3174061433447099,0.7254751722375886,-143.47151451647937,0.09256756756756757,0.02060810810810811,0.06114864864864865,0.2929054054054054,0.0983445945945946,False
USA30IDXUSD1440_comma,daily,5,250,long_short,fast_slope,0.0,-0.052357026077101576,-0.709740268152317,-0.8497768190800394,-0.0973437481778041,-0.5378570997848612,389,0.3496143958868895,0.768131012116874,-120.88186550607486,0.06621621621621622,0.034797297297297296,0.04628378378378378,0.3584459459459459,0.09820945945945946,False
USA30IDXUSD1440_comma,daily,40,100,long_short,slow_slope,0.001,-0.05564791720042772,-0.5861048729393337,-0.6945143342383003,-0.09499837461362048,-0.58577757174015,117,0.28205128205128205,0.5990207088752179,-399.81146747601724,0.15608108108108107,0.042905405405405404,0.03141891891891892,0.12297297297297298,0.09788851351351352,False
USA30IDXUSD1440_comma,daily,5,250,long_short,fast_slope,0.001,-0.05207776953658394,-0.7093099471548834,-0.8488381082406616,-0.09830670061081932,-0.529747913550182,386,0.344559585492228,0.7676289100960106,-121.47090603717808,0.06655405405405405,0.030405405405405407,0.05,0.3567567567567568,0.0977364864864865,False
USA30IDXUSD1440_comma,daily,60,100,long_short,fast_slope,0.0025,-0.04764356180854035,-0.6208549167382165,-0.7296652347871381,-0.09491812575550908,-0.5019437692149658,119,0.31932773109243695,0.5967795894741478,-362.8950794477834,0.12736486486486487,0.043243243243243246,0.08885135135135135,0.12094594594594595,0.09766891891891892,False
USA30IDXUSD1440_comma,daily,5,250,long_short,fast_slope,0.0025,-0.052124568189243825,-0.7152935126153959,-0.8540838004392716,-0.09781890902727246,-0.5328680181324779,384,0.3411458333333333,0.7689190938155485,-121.89815386911657,0.0625,0.03277027027027027,0.04932432432432433,0.3601351351351351,0.0970777027027027,False
USA30IDXUSD1440_comma,daily,50,100,long_short,fast_slope,0.005,-0.05145576894049564,-0.644155284568517,-0.7418170782710533,-0.08563340804335055,-0.600884282387161,103,0.2621359223300971,0.5925276102564269,-438.88538558215186,0.11047297297297297,0.09695945945945945,0.056081081081081084,0.11452702702702702,0.09682432432432432,False
USA30IDXUSD1440_comma,daily,5,200,long_short,combined,0.0,-0.049800617299086025,-0.732601231853363,-0.870882727969498,-0.09592170408958361,-0.5191798641585434,365,0.3452054794520548,0.7618444826507482,-126.4864897493875,0.04966216216216216,0.04054054054054054,0.07060810810810811,0.34695945945945944,0.09616554054054055,False
USA30IDXUSD1440_comma,daily,10,150,long_short,fast_slope,0.0,-0.052194163362613066,-0.6881941086638197,-0.8374579182582303,-0.09704877626708362,-0.5378137197626462,294,0.3299319727891156,0.732076841418758,-147.77334901929376,0.07871621621621622,0.03581081081081081,0.04864864864864865,0.3033783783783784,0.09567567567567567,False
USA30IDXUSD1440_comma,daily,60,250,long_short,slow_slope,0.0025,-0.05206815969341583,-0.6125105672329298,-0.7085934859341618,-0.08235985737515655,-0.6322031309044245,63,0.19047619047619047,0.3620875721850961,-1018.9891243044661,0.13513513513513514,0.12027027027027028,0.05033783783783784,0.005405405405405406,0.09500000000000001,False
USA30IDXUSD1440_comma,daily,10,250,long_short,combined,0.0025,-0.04698433073043351,-0.7378286072824217,-0.8791757880597754,-0.0930278857754476,-0.5050564176406754,259,0.30115830115830117,0.7281613457174162,-160.96357833612402,0.046621621621621624,0.05168918918918919,0.0929054054054054,0.29695945945945945,0.09469594594594595,False
USA30IDXUSD1440_comma,daily,40,75,long_short,slow_slope,0.0,-0.05688812211682637,-0.5763999437036958,-0.6818727260405374,-0.09765809619290972,-0.5825233578632534,120,0.26666666666666666,0.5757944639382768,-395.7204025214378,0.16587837837837838,0.033783783783783786,0.025,0.0972972972972973,0.0943918918918919,False
USA30IDXUSD1440_comma,daily,5,75,long_short,fast_slope,0.0025,-0.055208045504968606,-0.6966964606374533,-0.845105536716264,-0.09887472708782737,-0.5583635690435738,417,0.34292565947242204,0.7559908817612938,-114.41730950053521,0.07331081081081081,0.02972972972972973,0.03277027027027027,0.33918918918918917,0.09418918918918918,False
USA30IDXUSD1440_comma,daily,5,150,long_short,price_slow,0.0,-0.061989789061370426,-0.5805039185452499,-0.6859494567384179,-0.09018564430991502,-0.6873576114658335,115,0.21739130434782608,0.5347772881031367,-445.166967149275,0.16148648648648647,0.07060810810810811,0.01114864864864865,0.06452702702702702,0.0941554054054054,False
USA30IDXUSD1440_comma,daily,5,500,long_short,fast_slope,0.005,-0.04999586350355534,-0.7307253798556735,-0.8726998391336305,-0.09617642533595108,-0.5198349109869309,353,0.35410764872521244,0.7516440560148319,-131.8210405496325,0.051351351351351354,0.03918918918918919,0.0679054054054054,0.33175675675675675,0.09368243243243243,False
USA30IDXUSD1440_comma,daily,100,200,long_short,combined,0.0,-0.046831954033710654,-0.7004816265840699,-0.844504128072859,-0.0799221992876604,-0.5859692857694081,104,0.2403846153846154,0.5546752272965508,-494.41611820231236,0.07195945945945946,0.13648648648648648,0.0956081081081081,0.07736486486486487,0.09363175675675675,False
USA30IDXUSD1440_comma,daily,5,200,long_short,combined,0.001,-0.050076011358229255,-0.7366714410270132,-0.8758943372200203,-0.09610956413415252,-0.5210304698534655,364,0.3489010989010989,0.7582753936196095,-127.05448698408331,0.047635135135135134,0.039527027027027026,0.06587837837837837,0.34290540540540543,0.0935472972972973,False
USA30IDXUSD1440_comma,daily,75,150,long_short,fast_slope,0.005,-0.046927995872469985,-0.6720218988084559,-0.7759191246746734,-0.08313343938355905,-0.5644900081176087,86,0.32558139534883723,0.5426918146179069,-627.0882476350107,0.08851351351351351,0.11486486486486487,0.09358108108108108,0.07027027027027027,0.09337837837837838,False
USA30IDXUSD1440_comma,daily,10,150,long_short,combined,0.0025,-0.04808573207975153,-0.7038049932552842,-0.8569455704630943,-0.09756710790614948,-0.4928477753589412,267,0.31835205992509363,0.7072455680938676,-153.49690810413972,0.06959459459459459,0.03445945945945946,0.08175675675675675,0.2679054054054054,0.09298986486486487,False
USA30IDXUSD1440_comma,daily,30,100,long_short,price_slow,0.005,-0.05485891480461713,-0.5955359868334678,-0.7073900356509156,-0.09341585095034269,-0.5872548849742709,106,0.27358490566037735,0.5689346605474622,-414.3716933501405,0.14966216216216216,0.04932432432432433,0.033783783783783786,0.0891891891891892,0.09233108108108108,False
USA30IDXUSD1440_comma,daily,10,100,long_short,slow_slope,0.0,-0.056607360073494206,-0.5747494689459394,-0.6837719183148209,-0.09470430435061854,-0.5977274260303934,127,0.2677165354330709,0.5171767195946784,-368.98993998070154,0.16891891891891891,0.04391891891891892,0.026351351351351353,0.056081081081081084,0.09222972972972973,False
USA30IDXUSD1440_comma,daily,5,150,long_short,combined,0.001,-0.04950200081798217,-0.730345836828303,-0.8849527856454904,-0.09865453012671564,-0.5017711883519177,373,0.3378016085790885,0.7495949649483182,-119.7473540451314,0.05202702702702703,0.03006756756756757,0.07195945945945946,0.3293918918918919,0.09212837837837837,False
USA30IDXUSD1440_comma,daily,10,400,long_short,combined,0.0,-0.047685295190302845,-0.7618974324374417,-0.8937389491758214,-0.09021863002039829,-0.5285526412839707,243,0.3168724279835391,0.7192366128898214,-175.50909825828927,0.03581081081081081,0.06959459459459459,0.08783783783783784,0.2847972972972973,0.09201013513513515,False
USA30IDXUSD1440_comma,daily,60,100,long_short,slow_slope,0.0,-0.054526208869872916,-0.6017762096439934,-0.6940320501255551,-0.09662129256447423,-0.5643291185893444,114,0.2894736842105263,0.5931687262432219,-440.21663705852507,0.14493243243243242,0.0375,0.03581081081081081,0.11587837837837837,0.09189189189189188,False
USA30IDXUSD1440_comma,daily,40,75,long_short,fast_slope,0.0,-0.057729374980809656,-0.6225293543770926,-0.7435523743187206,-0.0946246569980281,-0.6100880765360416,142,0.323943661971831,0.6416222397794225,-319.27689705757996,0.12635135135135134,0.0445945945945946,0.022635135135135136,0.17094594594594595,0.0918581081081081,False
USA30IDXUSD1440_comma,daily,5,150,long_short,price_slow,0.0025,-0.061290079113591744,-0.5822333457502502,-0.6873880759762875,-0.09062222330734485,-0.676325043424798,108,0.2037037037037037,0.5252196433491775,-469.92196045294537,0.15844594594594594,0.06587837837837837,0.013175675675675676,0.05878378378378379,0.09130067567567568,False
USA30IDXUSD1440_comma,daily,60,150,long_short,fast_slope,0.001,-0.0491154651629474,-0.6374140997208341,-0.739234151063284,-0.0923617506922716,-0.531772782508086,131,0.29770992366412213,0.5892949614027977,-342.3783927938029,0.11385135135135135,0.05675675675675676,0.07364864864864865,0.11047297297297297,0.09103040540540541,False
USA30IDXUSD1440_comma,daily,50,75,long_short,fast_slope,0.0025,-0.05418794825699247,-0.6139132370392261,-0.7329913247626251,-0.09463592154024722,-0.5725938668431221,122,0.3114754098360656,0.6059067743849773,-361.6002056013827,0.1320945945945946,0.044256756756756756,0.037162162162162164,0.1304054054054054,0.09089527027027026,False
USA30IDXUSD1440_comma,daily,10,50,long_short,fast_slope,0.0,-0.05666253946051314,-0.6714726588600956,-0.823204922107053,-0.10354304771198183,-0.5472365427964532,318,0.3238993710691824,0.7381306284648009,-146.4974791173086,0.0891891891891892,0.012162162162162163,0.026013513513513515,0.31148648648648647,0.0906418918918919,False
USA30IDXUSD1440_comma,daily,5,150,long_short,price_slow,0.001,-0.06209125293483053,-0.5849603193113566,-0.6913635930972515,-0.09124796853688255,-0.6804672359334023,114,0.20175438596491227,0.53520268117629,-447.8529991593084,0.1570945945945946,0.06148648648648649,0.010810810810810811,0.0652027027027027,0.09015202702702704,False
USA30IDXUSD1440_comma,daily,75,150,long_short,slow_slope,0.005,-0.051871990220820896,-0.6343599953732479,-0.7462352276297994,-0.0848301275634315,-0.6114807523074128,65,0.2923076923076923,0.5045079988867106,-898.1920697140807,0.11722972972972973,0.10304054054054054,0.05168918918918919,0.046621621621621624,0.08998310810810811,False
USA30IDXUSD1440_comma,daily,5,400,long_short,fast_slope,0.005,-0.052960831563336086,-0.746021989677392,-0.8793747296118654,-0.09260743334915782,-0.5718853190073615,356,0.34831460674157305,0.7525181760053066,-136.83929163442252,0.04155405405405405,0.05540540540540541,0.042905405405405404,0.3331081081081081,0.08902027027027026,False
USA30IDXUSD1440_comma,daily,60,250,long_short,fast_slope,0.0,-0.04754957944697602,-0.6817392698340653,-0.7878261057333252,-0.08645086843627849,-0.5500185285243726,120,0.2833333333333333,0.5737277903578377,-424.22473293085227,0.0831081081081081,0.09358108108108108,0.0902027027027027,0.09527027027027027,0.08896959459459458,False
USA30IDXUSD1440_comma,daily,10,75,long_short,fast_slope,0.0025,-0.05299661624370888,-0.6762764254885378,-0.8250814381814215,-0.10167380219068849,-0.5212416089674123,294,0.3299319727891156,0.7146585221255666,-150.84799837060788,0.08547297297297297,0.018581081081081082,0.04256756756756757,0.2773648648648649,0.08895270270270272,False
USA30IDXUSD1440_comma,daily,5,100,long_short,fast_slope,0.0,-0.056112351512457526,-0.7037000904723482,-0.8478439168670668,-0.100594960989685,-0.5578047942004897,421,0.3586698337292161,0.7491840289034095,-115.49005414009827,0.06993243243243243,0.022972972972972974,0.028716216216216218,0.3287162162162162,0.08876689189189188,False
USA30IDXUSD1440_comma,daily,5,150,long_short,combined,0.0,-0.05031526195377223,-0.7320680038132776,-0.8860597919574257,-0.09916044815420119,-0.5074126114832458,376,0.3377659574468085,0.7446656270165971,-120.68356187259648,0.05067567567567568,0.029391891891891894,0.06351351351351352,0.32263513513513514,0.08871621621621623,False
USA30IDXUSD1440_comma,daily,10,50,long_short,slow_slope,0.0025,-0.06096103939912545,-0.6052426422273499,-0.7267183783945961,-0.09800601971139379,-0.6220132148886601,148,0.2702702702702703,0.6094826106655957,-319.8966318767294,0.14324324324324325,0.03209459459459459,0.014527027027027028,0.13614864864864865,0.08864864864864866,False
USA30IDXUSD1440_comma,daily,60,150,long_short,price_slow,0.005,-0.053800070642100795,-0.6511185339360875,-0.7460373623017492,-0.08346205950607473,-0.6446051171093494,82,0.2073170731707317,0.5529473261615664,-676.7706268109448,0.10304054054054054,0.1125,0.039527027027027026,0.07567567567567568,0.08859797297297298,False
USA30IDXUSD1440_comma,daily,5,50,long_short,price_slow,0.005,-0.06166644216056205,-0.597156364899253,-0.7190304942493043,-0.10281813412724328,-0.5997623151208553,166,0.2710843373493976,0.6235786264740014,-289.93423766696935,0.14864864864864866,0.013851351351351352,0.0125,0.15101351351351353,0.08807432432432433,False
USA30IDXUSD1440_comma,daily,75,150,long_short,combined,0.0025,-0.05029426484014088,-0.686721944154304,-0.7804458738866307,-0.08045688570675395,-0.6251082725654011,93,0.27956989247311825,0.5395793863019359,-600.0253589041961,0.0804054054054054,0.13074324324324324,0.06385135135135135,0.06824324324324324,0.08785472972972971,False
USA30IDXUSD1440_comma,daily,5,300,long_short,combined,0.0025,-0.05208724238880691,-0.7707341906480336,-0.9101100067457423,-0.09224600114180649,-0.5646558305409364,343,0.33527696793002915,0.7568441773627699,-141.3627919548424,0.02972972972972973,0.05810810810810811,0.04966216216216216,0.34087837837837837,0.08748310810810811,False
USA30IDXUSD1440_comma,daily,5,200,long_short,fast_slope,0.001,-0.05395340614787403,-0.7220470426556609,-0.8639418792384443,-0.09956076772001356,-0.5419143241201463,397,0.34760705289672544,0.7513181792971536,-120.58416564939799,0.05641891891891892,0.027702702702702704,0.03885135135135135,0.3304054054054054,0.08682432432432433,False
USA30IDXUSD1440_comma,daily,50,300,long_short,fast_slope,0.0025,-0.04835297133605665,-0.7202054377318013,-0.8385768477096276,-0.08124809103419842,-0.5951274758653005,114,0.2894736842105263,0.5812851197647787,-448.4575716206663,0.05810810810810811,0.12736486486486487,0.07939189189189189,0.10405405405405406,0.08657094594594594,False
USA30IDXUSD1440_comma,daily,60,150,long_short,fast_slope,0.0,-0.049903764901463976,-0.640875774134017,-0.7438682696937581,-0.09425645860572715,-0.5294466356964503,131,0.29770992366412213,0.5851635348143538,-345.064957239959,0.11216216216216217,0.046621621621621624,0.06891891891891892,0.10675675675675676,0.08631756756756757,False
USA30IDXUSD1440_comma,daily,5,300,long_short,combined,0.005,-0.051832543532216,-0.7697896951567247,-0.9087143558513965,-0.09286148681054876,-0.5581705108594922,342,0.3362573099415205,0.7544619934717904,-141.15240535555816,0.030405405405405407,0.052702702702702706,0.052364864864864864,0.3364864864864865,0.08628378378378379,False
USA30IDXUSD1440_comma,daily,10,150,long_short,fast_slope,0.001,-0.05251686178931503,-0.698667560470661,-0.8453614586807515,-0.09977350991997347,-0.5263607728287584,290,0.33448275862068966,0.7102354565058496,-151.78036877622137,0.07263513513513513,0.02702702702702703,0.04560810810810811,0.2716216216216216,0.08567567567567567,False
USA30IDXUSD1440_comma,daily,60,250,long_short,fast_slope,0.001,-0.047787550702914516,-0.6874958567734155,-0.7965824510618328,-0.08664826207688686,-0.5515119352366293,119,0.2857142857142857,0.5696193652056484,-429.50217787081647,0.08006756756756757,0.09121621621621621,0.08581081081081081,0.09087837837837838,0.085625,False
USA30IDXUSD1440_comma,daily,60,200,long_short,fast_slope,0.0025,-0.047503859234139134,-0.6742608967892353,-0.7835038827639331,-0.0896599628387151,-0.5298224283183286,126,0.2857142857142857,0.5685504256102347,-397.12652997948595,0.08783783783783784,0.07398648648648648,0.09054054054054055,0.08885135135135135,0.08506756756756756,False
USA30IDXUSD1440_comma,daily,60,200,long_short,fast_slope,0.001,-0.04776927684160004,-0.6709106757353451,-0.7814147585060309,-0.08914780003448673,-0.5358435858554058,127,0.29133858267716534,0.560730271485147,-389.8932370310032,0.08986486486486486,0.07635135135135135,0.08614864864864864,0.08209459459459459,0.0845777027027027,False
USA30IDXUSD1440_comma,daily,50,300,long_short,fast_slope,0.001,-0.04861756735071898,-0.7199902491595881,-0.8383250282541228,-0.08244481255035312,-0.5896983187514173,115,0.28695652173913044,0.5790796151758433,-444.33363167143926,0.05878378378378379,0.11925675675675676,0.07702702702702703,0.10236486486486486,0.08408783783783785,False
USA30IDXUSD1440_comma,daily,50,75,long_short,fast_slope,0.001,-0.05775313582739949,-0.6279469957246184,-0.7463993670090622,-0.09627666647007284,-0.5998663845029553,135,0.3111111111111111,0.6023930326413939,-343.8186289575934,0.12162162162162163,0.038513513513513516,0.0222972972972973,0.1266891891891892,0.08173986486486487,False
USA30IDXUSD1440_comma,daily,60,250,long_short,fast_slope,0.0025,-0.04803364726457693,-0.6929891506945225,-0.8041116415795165,-0.086852035288577,-0.5530514869913985,119,0.2773109243697479,0.5629778937596202,-430.81050102999075,0.075,0.08986486486486486,0.08277027027027027,0.08344594594594594,0.08153716216216217,False
USA30IDXUSD1440_comma,daily,5,150,long_short,combined,0.0025,-0.0513694152064067,-0.7486339221135997,-0.9069420550992501,-0.09981676520085637,-0.5146371464056018,372,0.3387096774193548,0.7394335410929403,-123.87161148528538,0.04087837837837838,0.02668918918918919,0.05675675675675676,0.3141891891891892,0.08150337837837837,False
USA30IDXUSD1440_comma,daily,5,50,long_short,fast_slope,0.0025,-0.05918905678259023,-0.7150414938774678,-0.8737038703039789,-0.10247104219070624,-0.5776173982151463,426,0.33568075117370894,0.7458019030044929,-117.02829601018591,0.06283783783783783,0.014864864864864866,0.01891891891891892,0.32466216216216215,0.08133445945945945,False
USA30IDXUSD1440_comma,daily,100,150,long_short,combined,0.0,-0.05316769728012927,-0.6858240528900005,-0.8051053475596288,-0.08446184593095894,-0.6294877491025921,114,0.2631578947368421,0.5691412886737061,-448.88115587323983,0.08108108108108109,0.10675675675675676,0.04121621621621622,0.0902027027027027,0.08089527027027027,False
USA30IDXUSD1440_comma,daily,75,100,long_short,none,0.005,-0.049838851532577166,-0.66530641239322,-0.8012025078844358,-0.09020366218008097,-0.5525147242146309,44,0.4318181818181818,0.5431752520923806,-1303.1556957685782,0.09493243243243243,0.07027027027027027,0.06993243243243243,0.07060810810810811,0.08011824324324324,False
USA30IDXUSD1440_comma,daily,10,50,long_short,fast_slope,0.0025,-0.057986207288360125,-0.7031220270172452,-0.8624713472795972,-0.10208584938255767,-0.5680141531767243,306,0.3202614379084967,0.7185794669481562,-156.75724602738117,0.07060810810810811,0.01722972972972973,0.021621621621621623,0.28378378378378377,0.07944256756756757,False
USA30IDXUSD1440_comma,daily,10,150,long_short,combined,0.005,-0.050351436318173515,-0.7266795066030872,-0.884895970805875,-0.09928033156367802,-0.5071642643122953,264,0.3143939393939394,0.69404603059255,-161.438256690393,0.05472972972972973,0.02837837837837838,0.06317567567567567,0.2483108108108108,0.07886824324324324,False
USA30IDXUSD1440_comma,daily,50,300,long_short,fast_slope,0.005,-0.048989015281047266,-0.7332118539789431,-0.8499321348916357,-0.0824324558502103,-0.5942928034325,112,0.30357142857142855,0.5730094374175289,-465.210360855881,0.04932432432432433,0.1195945945945946,0.07466216216216216,0.0945945945945946,0.07875000000000001,False
USA30IDXUSD1440_comma,daily,40,100,long_short,slow_slope,0.0025,-0.059145053212172116,-0.6185513849829548,-0.7338647290197053,-0.09722792647262073,-0.6083134276120482,108,0.24074074074074073,0.5630218142955975,-457.7810412356236,0.12972972972972974,0.03547297297297297,0.019594594594594596,0.08412162162162162,0.0772972972972973,False
USA30IDXUSD1440_comma,daily,40,75,long_short,price_slow,0.0,-0.060017134819202345,-0.6270152184618571,-0.7458557395073694,-0.0941541372540817,-0.6374349186296699,133,0.24812030075187969,0.5669587932046161,-360.77875394225657,0.1222972972972973,0.0472972972972973,0.016554054054054055,0.08817567567567568,0.0772804054054054,False
USA30IDXUSD1440_comma,daily,5,200,long_short,combined,0.0025,-0.053039606728201294,-0.7648639907092756,-0.9098453827694938,-0.09919435931517089,-0.5347038591143898,364,0.3434065934065934,0.7414310092151376,-133.0880461745754,0.03277027027027027,0.029054054054054056,0.04222972972972973,0.3185810810810811,0.07660472972972973,False
USA30IDXUSD1440_comma,daily,10,100,long_short,fast_slope,0.001,-0.05562837362051376,-0.7039135715903836,-0.8558680147793635,-0.10322589269676798,-0.5388994191982948,298,0.33221476510067116,0.7020112422511935,-153.99701206270777,0.06891891891891892,0.013175675675675676,0.03175675675675676,0.26013513513513514,0.0762331081081081,False
USA30IDXUSD1440_comma,daily,60,250,long_short,combined,0.0,-0.04859274654779899,-0.7206374660948139,-0.8288707688831426,-0.08507267472443511,-0.5711910046933305,127,0.25984251968503935,0.554488696284446,-404.9538477216219,0.05777027027027027,0.10202702702702703,0.07736486486486487,0.07668918918918918,0.07559121621621621,False
USA30IDXUSD1440_comma,daily,60,100,long_short,slow_slope,0.0025,-0.05396664950397201,-0.6451527363217295,-0.7560190890444619,-0.09520347041312523,-0.5668559063003642,91,0.27472527472527475,0.5641487132899784,-545.9618709261441,0.10912162162162162,0.041891891891891894,0.038513513513513516,0.08581081081081081,0.07469594594594595,False
USA30IDXUSD1440_comma,daily,75,100,long_short,combined,0.0025,-0.04541060427042387,-0.7120662175527912,-0.8426564153369794,-0.09154931269209746,-0.4960234319087763,111,0.35135135135135137,0.5565557617469548,-408.2223370695038,0.06452702702702702,0.0597972972972973,0.11081081081081082,0.07837837837837838,0.07467905405405406,False
USA30IDXUSD1440_comma,daily,5,50,long_short,combined,0.0,-0.05700911311522838,-0.7380794880330112,-0.8986911504554947,-0.10346857318785613,-0.5509799870509804,398,0.3391959798994975,0.7434165160205565,-121.26140854849439,0.04628378378378378,0.0125,0.024324324324324326,0.32094594594594594,0.07464527027027026,False
USA30IDXUSD1440_comma,daily,60,250,long_short,fast_slope,0.005,-0.04897713885501498,-0.712279734805687,-0.823751287481679,-0.08762993918599225,-0.558908739524083,119,0.29411764705882354,0.5658037820628327,-431.5948653086555,0.06418918918918919,0.0831081081081081,0.075,0.08648648648648649,0.07442567567567568,False
USA30IDXUSD1440_comma,daily,50,250,long_short,combined,0.005,-0.04841938782347155,-0.7413586196626603,-0.860318558642734,-0.08413224238421016,-0.5755152418540415,117,0.26495726495726496,0.5691651918215206,-408.7889444058007,0.044256756756756756,0.10912162162162162,0.07837837837837838,0.09054054054054055,0.07423986486486486,False
USA30IDXUSD1440_comma,daily,5,150,long_short,combined,0.005,-0.05191255886417967,-0.7629021270209603,-0.9255927084837856,-0.10015519982991285,-0.5183211550906937,360,0.3388888888888889,0.7217887957326611,-129.5997670002364,0.034797297297297296,0.024662162162162164,0.051351351351351354,0.28952702702702704,0.07378378378378378,False
USA30IDXUSD1440_comma,daily,5,75,long_short,fast_slope,0.0,-0.0611576548199656,-0.7321876045201694,-0.8829911908332678,-0.1037696083726579,-0.5893599848650863,431,0.3480278422273782,0.7398941482453193,-118.62115685822293,0.05033783783783784,0.011486486486486487,0.013851351351351352,0.31486486486486487,0.07300675675675675,False
USA30IDXUSD1440_comma,daily,5,200,long_short,fast_slope,0.005,-0.055750980901346,-0.7470350820918115,-0.8938218178175505,-0.10145880248231981,-0.5494937801090365,388,0.3402061855670103,0.7303132327807182,-126.81277633725622,0.04121621621621622,0.01891891891891892,0.030405405405405407,0.3013513513513513,0.0725,False
USA30IDXUSD1440_comma,daily,40,75,long_short,none,0.0,-0.06880838143884149,-0.5985116415081052,-0.7203410674130956,-0.10112650587367074,-0.6804188560099002,64,0.265625,0.5116415814950346,-875.9448391291158,0.14695945945945946,0.021283783783783785,0.0013513513513513514,0.051351351351351354,0.07207770270270271,False
USA30IDXUSD1440_comma,daily,5,50,long_short,combined,0.001,-0.057319477004321606,-0.7416749724781339,-0.9037765848196867,-0.1043668289302886,-0.5492116373738625,394,0.33756345177664976,0.7400513024467145,-123.041445470322,0.04391891891891892,0.00945945945945946,0.023310810810810812,0.3158783783783784,0.07197635135135136,False
USA30IDXUSD1440_comma,daily,10,50,long_short,price_slow,0.005,-0.0642476744993824,-0.6310946123829718,-0.7612783296852007,-0.10127365436606574,-0.634396723427709,150,0.32,0.5916015983574902,-334.2746745215054,0.11993243243243243,0.019594594594594596,0.008108108108108109,0.11351351351351352,0.07152027027027028,False
USA30IDXUSD1440_comma,daily,40,50,long_short,price_slow,0.005,-0.04743644757838905,-0.694190122580846,-0.8657630636350747,-0.09233294329313871,-0.5137543100709763,90,0.4,0.5302763556549568,-455.8070341680177,0.07432432432432433,0.057094594594594594,0.09121621621621621,0.06114864864864865,0.07141891891891892,False
USA30IDXUSD1440_comma,daily,5,200,long_short,fast_slope,0.0025,-0.05698770427184119,-0.7499988944147065,-0.8984324174780902,-0.10221083267728534,-0.5575505333350617,396,0.3409090909090909,0.7345624473066199,-126.36443882301876,0.0402027027027027,0.01587837837837838,0.024662162162162164,0.3081081081081081,0.07119932432432433,False
USA30IDXUSD1440_comma,daily,10,75,long_short,combined,0.005,-0.05277817887448133,-0.7171511167429824,-0.8687012441259544,-0.1019170840124172,-0.5178540907631446,268,0.34328358208955223,0.6790743901884383,-164.27524617858657,0.060810810810810814,0.018243243243243244,0.0445945945945946,0.22162162162162163,0.07104729729729731,False
USA30IDXUSD1440_comma,daily,60,75,long_short,fast_slope,0.0,-0.061242592374424754,-0.6459697196907926,-0.7604350438925902,-0.10105514178702346,-0.606031432853711,156,0.33974358974358976,0.6064284829207959,-324.2576973054635,0.10777027027027027,0.021621621621621623,0.013513513513513514,0.13074324324324324,0.07082770270270271,False
USA30IDXUSD1440_comma,daily,10,250,long_short,combined,0.0,-0.051967925019126504,-0.7767946357831874,-0.9217853300205722,-0.09770798009800052,-0.5318698121381998,262,0.3015267175572519,0.7056649789378632,-173.0965418979598,0.028716216216216218,0.033445945945945944,0.05101351351351351,0.2665540540540541,0.07003378378378378,False
USA30IDXUSD1440_comma,daily,60,150,long_short,combined,0.0,-0.05089027424047077,-0.6785236849769887,-0.7878227182143718,-0.09341517638469371,-0.5447752304282889,129,0.26356589147286824,0.557728951604449,-355.9506845882759,0.08412162162162162,0.04966216216216216,0.05810810810810811,0.07972972972972973,0.06964527027027027,False
USA30IDXUSD1440_comma,daily,75,100,long_short,combined,0.005,-0.04446324729567419,-0.7704688376246078,-0.9086215121732663,-0.08595087596299995,-0.5173099959425043,87,0.367816091954023,0.5160134576242855,-565.7954821041543,0.03006756756756757,0.09594594594594595,0.12195945945945946,0.05472972972972973,0.06861486486486487,False
USA30IDXUSD1440_comma,daily,10,100,long_short,fast_slope,0.0025,-0.05677099797560492,-0.7191133528765106,-0.8749125876453294,-0.10403892730665242,-0.545670735418808,293,0.3310580204778157,0.6931831822316148,-159.61929724397146,0.05945945945945946,0.010472972972972974,0.02533783783783784,0.24662162162162163,0.06846283783783784,False
USA30IDXUSD1440_comma,daily,5,200,long_short,combined,0.005,-0.05459650499605739,-0.784582119605212,-0.9315924672196729,-0.10061279044979983,-0.5426398050583638,358,0.3435754189944134,0.7265900285111484,-138.55044015069026,0.02533783783783784,0.022635135135135136,0.03547297297297297,0.29493243243243245,0.06712837837837837,False
USA30IDXUSD1440_comma,daily,60,100,long_short,slow_slope,0.001,-0.05810359785233099,-0.6355382378848052,-0.7317381344087983,-0.10067559722981452,-0.577136857899105,106,0.29245283018867924,0.5502273480358613,-496.5812118582818,0.1152027027027027,0.0222972972972973,0.02060810810810811,0.07466216216216216,0.06697635135135135,False
USA30IDXUSD1440_comma,daily,10,100,long_short,combined,0.001,-0.05432728534282094,-0.7406288500602051,-0.9059468046433976,-0.10213089613625902,-0.5319378111628397,283,0.3215547703180212,0.6947437920481451,-159.27179743236744,0.04527027027027027,0.016554054054054055,0.03614864864864865,0.24932432432432433,0.066875,False
USA30IDXUSD1440_comma,daily,10,75,long_short,combined,0.0,-0.05547051465700048,-0.7257118318440935,-0.8806539211549987,-0.1019994397277263,-0.5438315622622194,289,0.32525951557093424,0.6808925503747185,-160.62117153518975,0.05506756756756757,0.017905405405405406,0.03209459459459459,0.22567567567567567,0.06677364864864865,False
USA30IDXUSD1440_comma,daily,5,250,long_short,combined,0.0,-0.05570021636945033,-0.7977622541562706,-0.9407684989434305,-0.09993274022002327,-0.5573770542748493,350,0.34,0.7318649779236741,-145.09771308941154,0.02195945945945946,0.02533783783783784,0.030743243243243245,0.3030405405405405,0.06672297297297297,False
USA30IDXUSD1440_comma,daily,30,100,long_short,slow_slope,0.005,-0.060644612155363875,-0.6338255938006281,-0.751892796568703,-0.0982681199865818,-0.6171341444574772,102,0.22549019607843138,0.5110998780306583,-491.1551890682572,0.11790540540540541,0.030743243243243245,0.01587837837837838,0.05067567567567568,0.065625,False
USA30IDXUSD1440_comma,daily,10,100,long_short,combined,0.0025,-0.054116458890883234,-0.7418179630699919,-0.9075228907440874,-0.10211975202821783,-0.5299313581953247,280,0.3142857142857143,0.6903222775335762,-160.45071514209252,0.04358108108108108,0.016891891891891893,0.0375,0.24121621621621622,0.06533783783783784,False
USA30IDXUSD1440_comma,daily,40,50,long_short,combined,0.005,-0.04826046083918367,-0.7038474807626159,-0.877293563089374,-0.09293002717373956,-0.5193204210406306,93,0.40860215053763443,0.519445129930182,-446.93834792455146,0.06925675675675676,0.052364864864864864,0.08006756756756757,0.05641891891891892,0.06527027027027027,False
USA30IDXUSD1440_comma,daily,100,200,long_short,combined,0.005,-0.04979428918774176,-0.7516031049901749,-0.907237870292114,-0.08537334639438038,-0.583253337144805,103,0.24271844660194175,0.5356657224065638,-514.8560375343225,0.039527027027027026,0.1,0.07094594594594594,0.06554054054054054,0.06483108108108109,False
USA30IDXUSD1440_comma,daily,10,150,long_short,fast_slope,0.0025,-0.05616355112118765,-0.7322493729137209,-0.8869348038680159,-0.10263698945582313,-0.5472057531983777,286,0.3356643356643357,0.6877710393220812,-163.26135447256274,0.05,0.014527027027027028,0.027702702702702704,0.23648648648648649,0.06464527027027028,False
USA30IDXUSD1440_comma,daily,60,100,long_short,fast_slope,0.0,-0.05784203706069024,-0.6545843288890071,-0.7522318593963171,-0.10200154550490605,-0.5670702024599046,142,0.31690140845070425,0.5798931233612371,-356.686482571297,0.10033783783783784,0.01756756756756757,0.02195945945945946,0.10337837837837838,0.06442567567567567,False
USA30IDXUSD1440_comma,daily,60,250,long_short,combined,0.001,-0.05001358650380394,-0.7372440326435371,-0.8500003247003998,-0.08743029334695493,-0.5720395596218807,127,0.25984251968503935,0.545421036879993,-413.08720925000716,0.04695945945945946,0.08547297297297297,0.06722972972972972,0.07162162162162163,0.06434121621621622,False
USA30IDXUSD1440_comma,daily,5,250,long_short,combined,0.0025,-0.05601632745145613,-0.803715262906018,-0.9478640307694267,-0.10026944419124938,-0.5586580029765911,348,0.3333333333333333,0.7278006997148568,-146.57571979036916,0.019594594594594596,0.024324324324324326,0.029391891891891894,0.2962837837837838,0.06423986486486487,False
USA30IDXUSD1440_comma,daily,100,200,long_short,combined,0.001,-0.05036780046660638,-0.7401593935415417,-0.8917633368086658,-0.08648841682449808,-0.5823646947869621,104,0.2403846153846154,0.5369732141476204,-519.9687482270801,0.04594594594594595,0.0929054054054054,0.0625,0.06621621621621622,0.06403716216216215,False
USA30IDXUSD1440_comma,daily,30,100,long_short,slow_slope,0.0025,-0.06228953682522265,-0.6330171101757966,-0.7531414084927268,-0.09985066250312138,-0.6238269758428037,113,0.23008849557522124,0.5119563309828328,-450.7375537562029,0.11891891891891893,0.026013513513513515,0.010135135135135136,0.05202702702702703,0.06390202702702703,False
USA30IDXUSD1440_comma,daily,5,100,long_short,fast_slope,0.001,-0.06077543033211619,-0.7521454831509075,-0.907349532027147,-0.10432732777712861,-0.5825456438599572,418,0.35645933014354064,0.7191875757127858,-124.59338310209492,0.03918918918918919,0.009797297297297298,0.015202702702702704,0.28445945945945944,0.06383445945945945,False
USA30IDXUSD1440_comma,daily,10,100,long_short,combined,0.005,-0.053725422861710226,-0.7421588173530738,-0.9098100679899577,-0.10279460978436093,-0.5226482494988172,269,0.3271375464684015,0.6839390189570328,-166.77305990116332,0.043243243243243246,0.01418918918918919,0.0402027027027027,0.23108108108108108,0.0635472972972973,False
USA30IDXUSD1440_comma,daily,60,200,long_short,fast_slope,0.0,-0.05291502377646318,-0.6935858094780076,-0.7912392575842105,-0.0926734177848412,-0.5709838380981629,129,0.2868217054263566,0.5487460151590674,-413.7071286682593,0.07466216216216216,0.05439189189189189,0.04358108108108108,0.07331081081081081,0.06317567567567568,False
USA30IDXUSD1440_comma,daily,5,250,long_short,combined,0.005,-0.05611493164732573,-0.8066676002528611,-0.9516011831832258,-0.10033586566353292,-0.5592709174952651,346,0.33236994219653176,0.7257516130587018,-147.3626221535389,0.018581081081081082,0.023986486486486488,0.02837837837837838,0.29324324324324325,0.06309121621621622,False
USA30IDXUSD1440_comma,daily,60,150,long_short,combined,0.001,-0.052211823109143074,-0.6919563438950153,-0.802608567859449,-0.09418740766669793,-0.5543397403388111,129,0.2713178294573643,0.550761084789935,-365.18417844873034,0.07601351351351351,0.04695945945945946,0.047972972972972976,0.07533783783783783,0.06304054054054054,False
USA30IDXUSD1440_comma,daily,10,50,long_short,combined,0.0025,-0.05708862078988175,-0.7305391872984438,-0.8976695486383376,-0.10455520960446937,-0.5460141202513682,289,0.31141868512110726,0.686014868353645,-164.3638393189551,0.05168918918918919,0.009121621621621622,0.02364864864864865,0.23445945945945945,0.06285472972972972,False
USA30IDXUSD1440_comma,daily,10,100,long_short,fast_slope,0.005,-0.05704682061127764,-0.7269412823249113,-0.8872098236962811,-0.10477627497311624,-0.5444631489897389,279,0.34408602150537637,0.6814978971525171,-169.11016844197874,0.05439189189189189,0.008445945945945946,0.023986486486486488,0.22635135135135134,0.06261824324324325,False
USA30IDXUSD1440_comma,daily,5,250,long_short,combined,0.001,-0.056585634290666764,-0.8074170976533106,-0.9517048399809651,-0.10053116801268952,-0.5628665757024156,348,0.3333333333333333,0.7246291242756779,-147.77154775979471,0.018243243243243244,0.023310810810810812,0.02668918918918919,0.29121621621621624,0.06214527027027028,False
USA30IDXUSD1440_comma,daily,60,75,long_short,fast_slope,0.005,-0.048001430046688554,-0.7288752185276405,-0.8761646545669428,-0.09032465708035323,-0.5314321869385705,78,0.3717948717948718,0.497517697350377,-601.0610342189289,0.052702702702702706,0.06858108108108107,0.0831081081081081,0.04256756756756757,0.06123310810810811,False
USA30IDXUSD1440_comma,daily,50,100,long_short,slow_slope,0.005,-0.05935141230392427,-0.6671372607287479,-0.7682657174577533,-0.09673505331088196,-0.6135460753113338,83,0.26506024096385544,0.5498223499584253,-676.4052079320594,0.0929054054054054,0.03682432432432432,0.018243243243243244,0.07398648648648648,0.061114864864864865,False
USA30IDXUSD1440_comma,daily,50,100,long_short,combined,0.005,-0.05469859667297883,-0.7102845662251639,-0.8174529994661364,-0.09341136022868389,-0.5855668575970752,118,0.2966101694915254,0.5755782024668873,-402.74477988760384,0.06587837837837837,0.05,0.034797297297297296,0.09662162162162162,0.06030405405405405,False
USA30IDXUSD1440_comma,daily,75,100,long_short,slow_slope,0.0025,-0.05307254237552739,-0.6880585685896021,-0.8215667099594816,-0.09814643472243641,-0.5407485511380978,95,0.3473684210526316,0.5567974183013922,-577.1665942248695,0.07905405405405405,0.031081081081081083,0.041891891891891894,0.07939189189189189,0.05967905405405405,False
USA30IDXUSD1440_comma,daily,60,250,long_short,combined,0.0025,-0.05036306696593418,-0.7442286521108021,-0.8592519667892213,-0.0885118531680311,-0.5689979947694104,126,0.25396825396825395,0.5379090498059196,-417.58915516912646,0.04256756756756757,0.07972972972972973,0.06283783783783783,0.06655405405405405,0.059510135135135145,False
USA30IDXUSD1440_comma,daily,10,100,long_short,combined,0.0,-0.05604137481712845,-0.7533465636223976,-0.9206693085137585,-0.10318806596555886,-0.5430993816264897,286,0.32167832167832167,0.6839008518186237,-162.27747343287763,0.03885135135135135,0.013513513513513514,0.029054054054054056,0.23074324324324325,0.059341216216216214,False
USA30IDXUSD1440_comma,daily,10,100,long_short,fast_slope,0.0,-0.059670328561018504,-0.7336426503142515,-0.8900317547926274,-0.10498446137714233,-0.5683729551810625,301,0.3289036544850498,0.6808102113538692,-162.13281868804197,0.04864864864864865,0.007770270270270271,0.01722972972972973,0.22533783783783784,0.05864864864864865,False
USA30IDXUSD1440_comma,daily,60,75,long_short,price_slow,0.005,-0.04680042850517341,-0.7634239230445226,-0.9143690855798813,-0.08712255742745681,-0.5371792321884272,78,0.34615384615384615,0.43904603893851185,-578.7407181710081,0.033783783783783786,0.08716216216216216,0.09628378378378379,0.022635135135135136,0.05795608108108108,False
USA30IDXUSD1440_comma,daily,60,75,long_short,none,0.005,-0.05129136032496329,-0.7107968727594924,-0.8478696312750318,-0.09026439958298603,-0.5682346590895755,60,0.4666666666666667,0.421395483888077,-827.9618343770076,0.0652027027027027,0.06925675675675676,0.057094594594594594,0.018243243243243244,0.05755067567567568,False
USA30IDXUSD1440_comma,daily,40,50,long_short,fast_slope,0.005,-0.05384227524128027,-0.7087482323776246,-0.8788637068225233,-0.09640073287073357,-0.5585255800231195,83,0.4578313253012048,0.5501737859462328,-554.7268398755798,0.06689189189189189,0.03783783783783784,0.03918918918918919,0.07432432432432433,0.05520270270270271,False
USA30IDXUSD1440_comma,daily,40,100,long_short,slow_slope,0.005,-0.06268022091512948,-0.6540987316181329,-0.7780936130570629,-0.1012986344638136,-0.6187666916430193,96,0.20833333333333334,0.5107879781600053,-547.5176927284307,0.10135135135135136,0.019256756756756758,0.009797297297297298,0.05,0.05481418918918919,False
USA30IDXUSD1440_comma,daily,10,150,long_short,fast_slope,0.005,-0.058004472512367955,-0.7585853995636441,-0.9147961699779741,-0.10405140023196605,-0.5574597975909619,278,0.3273381294964029,0.6777205542014971,-172.7936330460296,0.03783783783783784,0.010135135135135136,0.021283783783783785,0.21891891891891893,0.05476351351351351,False
USA30IDXUSD1440_comma,daily,10,50,long_short,fast_slope,0.005,-0.06171716245166048,-0.7444800041935624,-0.9145592223384112,-0.1077880115887998,-0.572579098008646,289,0.31141868512110726,0.6825863840771706,-175.13427746336464,0.04222972972972973,0.0037162162162162164,0.011824324324324325,0.2277027027027027,0.054341216216216216,False
USA30IDXUSD1440_comma,daily,5,100,long_short,fast_slope,0.0025,-0.06332622928924381,-0.780348038653152,-0.9413783700308299,-0.1059722336062274,-0.5975737901736788,411,0.35523114355231145,0.7032295196607858,-130.59830344929875,0.028040540540540542,0.006081081081081081,0.009121621621621622,0.2631756756756757,0.054037162162162165,False
USA30IDXUSD1440_comma,daily,100,200,long_short,combined,0.0025,-0.05221161612124614,-0.7612084286059158,-0.9150099154991043,-0.08838774542067705,-0.5907110298237337,104,0.2403846153846154,0.5316340934334505,-528.7050980340094,0.03614864864864865,0.08074324324324324,0.04831081081081081,0.061824324324324324,0.053581081081081075,False
USA30IDXUSD1440_comma,daily,10,50,long_short,slow_slope,0.005,-0.06812366374588752,-0.6648117146924125,-0.7991673986389322,-0.10366321992537102,-0.6571633004929902,148,0.2972972972972973,0.5567921155640948,-354.7977789947286,0.0956081081081081,0.011824324324324325,0.0016891891891891893,0.07905405405405405,0.053395270270270266,False
USA30IDXUSD1440_comma,daily,60,75,long_short,price_slow,0.0025,-0.055216461826940844,-0.7053022155015004,-0.8132153461755068,-0.09349096066364569,-0.5906074922643507,107,0.3177570093457944,0.5092810280907394,-459.35729406971774,0.06824324324324324,0.048986486486486486,0.032432432432432434,0.048986486486486486,0.05337837837837838,False
USA30IDXUSD1440_comma,daily,60,250,long_short,combined,0.005,-0.05140425368763857,-0.7659092940971755,-0.8809122750298845,-0.08960881035216357,-0.5736517813998345,125,0.264,0.5413671685468381,-421.9822141224371,0.03209459459459459,0.07466216216216216,0.05641891891891892,0.06925675675675676,0.05317567567567568,False
USA30IDXUSD1440_comma,daily,5,50,long_short,combined,0.0025,-0.06353376878640993,-0.8010695016961776,-0.9746800557011243,-0.10813599497207997,-0.5875358043620346,387,0.3281653746770026,0.7133171892145183,-136.34531450662362,0.020945945945945947,0.002364864864864865,0.008783783783783784,0.2756756756756757,0.052077702702702705,False
USA30IDXUSD1440_comma,daily,75,150,long_short,price_slow,0.0025,-0.06134050263972002,-0.7270709358996411,-0.8262584943592437,-0.08909049627990295,-0.688519036272977,88,0.19318181818181818,0.5016977466057873,-722.6764834254352,0.05405405405405406,0.07702702702702703,0.012837837837837839,0.0445945945945946,0.050135135135135137,False
USA30IDXUSD1440_comma,daily,10,75,long_short,combined,0.0025,-0.05800583784259539,-0.7574500591672721,-0.9152017541123065,-0.10489490520810464,-0.5529900401503351,279,0.32974910394265233,0.6568328984029118,-170.89480274553583,0.038175675675675674,0.008108108108108109,0.020945945945945947,0.1902027027027027,0.050016891891891894,False
USA30IDXUSD1440_comma,daily,60,100,long_short,combined,0.005,-0.05024899782050862,-0.7411443591932724,-0.8802948024044046,-0.09594964191702726,-0.5237017753954891,122,0.30327868852459017,0.5270504129424737,-384.71287244848077,0.0445945945945946,0.0402027027027027,0.06418918918918919,0.05945945945945946,0.04964527027027027,False
USA30IDXUSD1440_comma,daily,5,50,long_short,fast_slope,0.005,-0.06763244873173868,-0.8038289366188978,-0.9765535869433087,-0.10697617250236102,-0.6322197471614157,412,0.33980582524271846,0.7055544039813951,-134.75117056798243,0.019256756756756758,0.004391891891891892,0.002702702702702703,0.2662162162162162,0.04927364864864865,False
USA30IDXUSD1440_comma,daily,40,50,long_short,slow_slope,0.005,-0.05599287149451604,-0.7125288823286551,-0.8809712659839973,-0.09757384810393988,-0.5738512171301271,85,0.4588235294117647,0.5284847874414768,-565.2966116857648,0.06385135135135135,0.03412162162162162,0.02972972972972973,0.0597972972972973,0.04898648648648649,False
USA30IDXUSD1440_comma,daily,10,75,long_short,combined,0.001,-0.059250551315710887,-0.7644356633795579,-0.9231607840376767,-0.10469990512539849,-0.5659083572687753,286,0.3321678321678322,0.6587076278850913,-169.3535346718634,0.033445945945945944,0.008783783783783784,0.018581081081081082,0.19256756756756757,0.048175675675675676,False
USA30IDXUSD1440_comma,daily,10,50,long_short,combined,0.005,-0.06020681248564885,-0.7629177047106036,-0.939537110148529,-0.10708369424184601,-0.5622407119208381,280,0.29642857142857143,0.661886689340318,-177.7631339167198,0.03445945945945946,0.004054054054054054,0.016216216216216217,0.19797297297297298,0.047736486486486485,False
USA30IDXUSD1440_comma,daily,5,100,long_short,combined,0.0025,-0.06115585370255894,-0.8137096946816524,-0.9923843540897548,-0.10530626166235411,-0.5807428042469531,380,0.3473684210526316,0.6888516466664486,-138.23190169159918,0.017905405405405406,0.007432432432432433,0.01418918918918919,0.23783783783783785,0.04753378378378379,False
USA30IDXUSD1440_comma,daily,5,100,long_short,combined,0.001,-0.0616969888533051,-0.8155510760244872,-0.9945662242659357,-0.10569170243024102,-0.5837448677111294,386,0.3471502590673575,0.689181121862638,-137.08856811271949,0.01722972972972973,0.006756756756756757,0.012162162162162163,0.23885135135135135,0.04684121621621622,False
USA30IDXUSD1440_comma,daily,5,150,long_short,fast_slope,0.001,-0.06606954406000898,-0.8236703804122495,-0.9846336508225506,-0.10908091122867432,-0.6056929972055564,410,0.3463414634146341,0.6996423235416361,-136.07901196231384,0.014527027027027028,0.0010135135135135136,0.004054054054054054,0.2570945945945946,0.04543918918918919,False
USA30IDXUSD1440_comma,daily,60,100,long_short,fast_slope,0.001,-0.06175484652856722,-0.6922702564973331,-0.7950642787199812,-0.10392606072295002,-0.5942190640054721,133,0.3233082706766917,0.5383397833608389,-404.0645500253867,0.07567567567567568,0.01114864864864865,0.011486486486486487,0.06689189189189189,0.045388513513513515,False
USA30IDXUSD1440_comma,daily,75,150,long_short,combined,0.005,-0.05479342292013101,-0.7758616429470218,-0.8931271842036186,-0.08842688011147111,-0.6196466826722633,89,0.2808988764044944,0.49309100581213017,-658.94433901371,0.029054054054054056,0.0804054054054054,0.03445945945945946,0.04087837837837838,0.04474662162162162,False
USA30IDXUSD1440_comma,daily,60,75,long_short,fast_slope,0.0025,-0.06070887138969017,-0.7078075886945338,-0.8178039886609634,-0.1012167028908651,-0.5997910389864043,110,0.34545454545454546,0.532945313639823,-482.6523984377858,0.06756756756756757,0.019932432432432434,0.015540540540540541,0.06283783783783783,0.04454391891891892,False
USA30IDXUSD1440_comma,daily,5,75,long_short,combined,0.0025,-0.06395095992266542,-0.8214688676664768,-0.9879067282959827,-0.10623375686826039,-0.6019834166457134,380,0.3447368421052632,0.6848729797245467,-141.35078363733535,0.015540540540540541,0.0057432432432432436,0.008445945945945946,0.23141891891891891,0.044054054054054055,False
USA30IDXUSD1440_comma,daily,5,75,long_short,combined,0.005,-0.06283453138269857,-0.8235295306076938,-0.9946855466705881,-0.10570704081126647,-0.5944214396738796,369,0.34146341463414637,0.6833918062975809,-143.62593661207364,0.014864864864864866,0.006418918918918919,0.00945945945945946,0.22837837837837838,0.04369932432432432,False
USA30IDXUSD1440_comma,daily,5,50,long_short,combined,0.005,-0.0671677544995094,-0.8421746541648025,-1.0244933615749372,-0.10859472499505125,-0.618517653620563,377,0.33156498673740054,0.6925640362487082,-145.74737040985028,0.010810810810810811,0.0016891891891891893,0.0030405405405405407,0.24493243243243243,0.042094594594594595,False
USA30IDXUSD1440_comma,daily,60,150,long_short,fast_slope,0.0025,-0.05865393913254857,-0.7271790505984542,-0.8351373867088979,-0.09921831743429907,-0.5911603890217989,131,0.29770992366412213,0.5315332394219123,-403.7341551445104,0.053716216216216216,0.028716216216216218,0.02027027027027027,0.06148648648648649,0.041942567567567576,False
USA30IDXUSD1440_comma,daily,5,100,long_short,fast_slope,0.005,-0.06623674440964611,-0.815971658129004,-0.9858551298137347,-0.10810937684762044,-0.6126826954428424,396,0.35858585858585856,0.6801064695795984,-139.91413103846622,0.016891891891891893,0.002702702702702703,0.0037162162162162164,0.22432432432432434,0.04182432432432433,False
USA30IDXUSD1440_comma,daily,5,100,long_short,combined,0.0,-0.06442588419703044,-0.8335328944234647,-1.0123948970671983,-0.10686372363518923,-0.6028789003924957,389,0.3496143958868895,0.6818303322843956,-140.3929545614143,0.0125,0.005067567567567568,0.007094594594594595,0.22668918918918918,0.041689189189189194,False
USA30IDXUSD1440_comma,daily,5,150,long_short,fast_slope,0.005,-0.06545201159216929,-0.836373794286253,-1.0015016039297335,-0.1068951191548113,-0.6123012173958864,394,0.3477157360406091,0.6795981248943459,-141.38705596954725,0.012162162162162163,0.00472972972972973,0.00472972972972973,0.22263513513513514,0.04038851351351351,False
USA30IDXUSD1440_comma,daily,5,150,long_short,fast_slope,0.0025,-0.06767618111382423,-0.8423844390185631,-1.0072354057607493,-0.10956231174363071,-0.617695811970292,407,0.3464373464373464,0.6859679486923959,-139.8037858852233,0.010472972972972974,0.0006756756756756757,0.002364864864864865,0.23412162162162162,0.03994932432432432,False
USA30IDXUSD1440_comma,daily,75,100,long_short,fast_slope,0.005,-0.052558265612026256,-0.7891392988848834,-0.9278434122603544,-0.09248786928924846,-0.5682719908667639,74,0.36486486486486486,0.48556314836720993,-786.437969145608,0.024324324324324326,0.05574324324324324,0.04527027027027027,0.03783783783783784,0.038395270270270274,False
USA30IDXUSD1440_comma,daily,5,75,long_short,combined,0.001,-0.06704667550478127,-0.8390013625646983,-1.0049315610432306,-0.10828943490163885,-0.6191432762178593,387,0.3462532299741602,0.674997205460356,-143.7292243214396,0.011486486486486487,0.002027027027027027,0.0033783783783783786,0.2141891891891892,0.03790540540540541,False
USA30IDXUSD1440_comma,daily,75,100,long_short,slow_slope,0.005,-0.05418879263979781,-0.7653884210528804,-0.9106143918109088,-0.09625156821563755,-0.562991270109966,69,0.34782608695652173,0.5109587337461674,-863.4613739962946,0.032432432432432434,0.03885135135135135,0.03682432432432432,0.05033783783783784,0.037601351351351356,False
USA30IDXUSD1440_comma,daily,5,75,long_short,combined,0.0,-0.06771924245514549,-0.8439633341012465,-1.0107667711980632,-0.10873706940142552,-0.6227797275384148,390,0.3435897435897436,0.6747051460258382,-143.57384382264758,0.010135135135135136,0.0013513513513513514,0.002027027027027027,0.21351351351351353,0.03682432432432432,False
USA30IDXUSD1440_comma,daily,60,200,long_short,fast_slope,0.005,-0.05611743463115604,-0.7631778448525349,-0.8819633182789897,-0.09597104761552093,-0.5847329587978827,126,0.2777777777777778,0.5045337931107194,-449.06591889113724,0.03412162162162162,0.03986486486486487,0.028040540540540542,0.04695945945945946,0.036266891891891896,False
USA30IDXUSD1440_comma,daily,5,150,long_short,fast_slope,0.0,-0.07201371780094168,-0.8668442271101412,-1.0352049404965176,-0.1129089269915928,-0.6378035795726216,421,0.33966745843230406,0.6773198683203823,-140.9707556956903,0.008445945945945946,0.00033783783783783786,0.00033783783783783786,0.21756756756756757,0.03616554054054054,False
USA30IDXUSD1440_comma,daily,5,100,long_short,combined,0.005,-0.06489691275753906,-0.8569809820263896,-1.0457794278939234,-0.10794865140877818,-0.601183172838246,370,0.33783783783783783,0.6626772872361604,-148.3190017584774,0.009121621621621622,0.0033783783783783786,0.0057432432432432436,0.19966216216216215,0.035591216216216214,False
USA30IDXUSD1440_comma,daily,60,75,long_short,slow_slope,0.0025,-0.06430710780261117,-0.7194613181848456,-0.8251208450803649,-0.10239328669997375,-0.6280402736855175,88,0.38636363636363635,0.484048598187811,-666.0083398322596,0.05912162162162162,0.015202702702702704,0.007432432432432433,0.03682432432432432,0.03445945945945946,False
USA30IDXUSD1440_comma,daily,60,150,long_short,combined,0.0025,-0.05916454719610187,-0.7621292648346883,-0.8757837078876939,-0.09982385024926409,-0.5926894930256212,128,0.2734375,0.5158869378978039,-414.82722782844564,0.03547297297297297,0.026351351351351353,0.019256756756756758,0.05405405405405406,0.03273648648648649,False
USA30IDXUSD1440_comma,daily,60,75,long_short,combined,0.005,-0.051784334442463,-0.8162492930028294,-0.9749779829968416,-0.09244474498151929,-0.5601652582071079,77,0.3246753246753247,0.39196141388395817,-634.2006056420586,0.016554054054054055,0.056081081081081084,0.05304054054054054,0.009797297297297298,0.03271959459459459,False
USA30IDXUSD1440_comma,daily,60,200,long_short,combined,0.001,-0.05867026371685102,-0.7970207909533148,-0.9246337065689385,-0.09805148988327331,-0.5983617769265497,134,0.2537313432835821,0.5064620193661311,-428.3148142433121,0.0222972972972973,0.03175675675675676,0.019932432432432434,0.047972972972972976,0.028040540540540542,False
USA30IDXUSD1440_comma,daily,60,75,long_short,combined,0.0025,-0.06082088524767415,-0.7609854994805398,-0.8752380689915127,-0.10116739929536124,-0.6011905581372687,106,0.32075471698113206,0.4571814658104361,-498.772451946934,0.03648648648648649,0.020945945945945947,0.014864864864864866,0.028040540540540542,0.027010135135135137,False
USA30IDXUSD1440_comma,daily,60,100,long_short,combined,0.0025,-0.059495379431733886,-0.7676267256919118,-0.8976506562981941,-0.10220198737544846,-0.582135249612829,130,0.2846153846153846,0.48113210244584825,-392.5709055256413,0.031081081081081083,0.016216216216216217,0.017905405405405406,0.03648648648648649,0.025540540540540543,False
USA30IDXUSD1440_comma,daily,60,75,long_short,slow_slope,0.005,-0.05622462114916549,-0.7833909718953829,-0.9338514723665654,-0.09786190601475821,-0.5745302072972751,73,0.4520547945205479,0.39021074107387976,-740.5633513050261,0.026013513513513515,0.032432432432432434,0.027364864864864866,0.00945945945945946,0.025405405405405406,False
USA30IDXUSD1440_comma,daily,75,150,long_short,price_slow,0.005,-0.06606166128592117,-0.8142449428645898,-0.9390427779810274,-0.09666022348040625,-0.6834420499691103,84,0.20238095238095238,0.4593652566924165,-788.3578449060345,0.01756756756756757,0.037162162162162164,0.004391891891891892,0.029054054054054056,0.021554054054054056,False
USA30IDXUSD1440_comma,daily,60,100,long_short,combined,0.0,-0.0653429371414912,-0.7660545861201239,-0.8754663069739818,-0.10554874042110128,-0.6190783223067989,152,0.27631578947368424,0.49173874904679665,-365.980652109936,0.03175675675675676,0.007094594594594595,0.005067567567567568,0.03986486486486487,0.021469594594594597,False
USA30IDXUSD1440_comma,daily,100,150,long_short,combined,0.0025,-0.0642761367223803,-0.8407901089761702,-0.9814871731122299,-0.09992472493446071,-0.6432455707487628,112,0.25892857142857145,0.5158449659053531,-534.5658218380923,0.01114864864864865,0.025675675675675677,0.007770270270270271,0.053716216216216216,0.020489864864864864,False
USA30IDXUSD1440_comma,daily,60,150,long_short,fast_slope,0.005,-0.06524946198935766,-0.7955188479557299,-0.9123137498751037,-0.10322707429414187,-0.6320963994720188,127,0.29133858267716534,0.47896261367715265,-465.2087227575838,0.023310810810810812,0.012837837837837839,0.005405405405405406,0.03513513513513514,0.018885135135135137,False
USA30IDXUSD1440_comma,daily,60,200,long_short,combined,0.0025,-0.06215681528520134,-0.8332474513717875,-0.9629147764478132,-0.10120269287799023,-0.6141814364577973,133,0.24060150375939848,0.4898834726727148,-450.3543995872305,0.012837837837837839,0.02027027027027027,0.010472972972972974,0.03885135135135135,0.018125,False
USA30IDXUSD1440_comma,daily,60,200,long_short,combined,0.0,-0.06480301775121111,-0.8271534524758525,-0.939473164873979,-0.10230802205745765,-0.6334109139048433,135,0.23703703703703705,0.49317020012498625,-450.79008935269957,0.013851351351351352,0.015540540540540541,0.006081081081081081,0.04121621621621622,0.016824324324324326,False
USA30IDXUSD1440_comma,daily,60,150,long_short,combined,0.005,-0.06457767699217098,-0.8200178093354632,-0.939657367322773,-0.10396313643047807,-0.6211593763848706,126,0.2857142857142857,0.47926854212347564,-463.4024208112944,0.01587837837837838,0.010810810810810811,0.006418918918918919,0.03547297297297297,0.015658783783783783,False
USA30IDXUSD1440_comma,daily,100,150,long_short,combined,0.005,-0.0644812366097115,-0.8931585873032095,-1.045316801239473,-0.10011718054048259,-0.6440576558549647,95,0.24210526315789474,0.4853855733482248,-633.0718843139339,0.0057432432432432436,0.025,0.006756756756756757,0.0375,0.01552364864864865,False
USA30IDXUSD1440_comma,daily,60,100,long_short,combined,0.001,-0.06912017559054551,-0.8038990228476571,-0.9182142590188378,-0.1080059817369874,-0.6399661803812373,144,0.2847222222222222,0.4482795169658208,-402.9080145294524,0.01891891891891892,0.0030405405405405407,0.0010135135135135136,0.02702702702702703,0.012584459459459461,False
USA30IDXUSD1440_comma,daily,60,200,long_short,combined,0.005,-0.07015354220375969,-0.921772547661546,-1.0588748901672684,-0.10679976870109524,-0.6568697952904861,134,0.23880597014925373,0.44459068096556326,-486.6280923842804,0.004054054054054054,0.005405405405405406,0.0006756756756756757,0.024662162162162164,0.006807432432432432,False
