asset,timeframe,fast,slow,mode,filter,buffer,CAGR,sharpe,sortino,calmar,max_drawdown,num_trades,win_rate,profit_factor,expectancy,sharpe_rank,calmar_rank,cagr_rank,pf_rank,research_score,low_sample
GBPUSD1440_comma,daily,10,150,long_short,none,0.0,0.00404352850533507,-0.36832558095362117,-0.49110643724560726,0.018118315253037396,-0.2231735373219761,50,0.32,1.1644804575259664,204.07735732184017,1.0,0.9996621621621622,1.0,0.9983108108108109,0.9996621621621622,False
GBPUSD1440_comma,daily,20,150,long_short,none,0.0025,0.0034146511637092036,-0.3851457241193908,-0.505707400144462,0.016911505898151553,-0.2019128978976632,38,0.42105263157894735,1.2139331034895104,280.3264945105249,0.9996621621621622,0.9989864864864865,0.9996621621621622,0.9996621621621622,0.9994932432432432,False
GBPUSD1440_comma,daily,10,400,long_short,none,0.0,0.0023458141857186643,-0.40073217197523686,-0.5505077476297527,0.009062470805179365,-0.25884929575475035,29,0.27586206896551724,1.1912457632923557,252.21764692774568,0.9989864864864865,0.9976351351351351,0.9986486486486487,0.9993243243243243,0.9986317567567569,False
GBPUSD1440_comma,daily,20,100,long_short,none,0.001,0.0018245576757356385,-0.3983208532295919,-0.5343344773601102,0.007114524942612698,-0.25645530663718474,60,0.4,1.0976362590634825,108.55738784935473,0.9993243243243243,0.9966216216216216,0.9976351351351351,0.9969594594594594,0.9979560810810811,False
GBPUSD1440_comma,daily,40,100,long_short,none,0.001,0.0007568904398991272,-0.41432426928206817,-0.5459646898831315,0.0035331076073028384,-0.21422796133767763,54,0.42592592592592593,1.101912168421613,120.22266345772229,0.9979729729729729,0.995945945945946,0.995945945945946,0.9972972972972973,0.9969594594594594,False
GBPUSD1440_comma,daily,20,150,long_short,none,0.0,0.0004227400847880425,-0.4101084149729219,-0.5449106123890542,0.002034352597285424,-0.20780079389980555,40,0.325,1.0870813252214546,123.07388763092452,0.9986486486486487,0.9945945945945946,0.9952702702702703,0.9962837837837838,0.9966047297297298,False
GBPUSD1440_comma,daily,10,100,long_short,none,0.0025,0.0005407131231507378,-0.42279498663512555,-0.5571339723042912,0.0028074063924634013,-0.19260236943333342,78,0.41025641025641024,1.0591750987305324,52.8935627991919,0.9962837837837838,0.9956081081081081,0.9956081081081081,0.9942567567567567,0.9956756756756757,False
GBPUSD1440_comma,daily,20,150,long_short,none,0.001,0.00024922882758637854,-0.4169968448395205,-0.5506625962685783,0.0012440891101846644,-0.20033036664824166,39,0.358974358974359,1.0821958092351538,118.02916263123261,0.9976351351351351,0.9939189189189189,0.9939189189189189,0.9956081081081081,0.9956587837837838,False
GBPUSD1440_comma,daily,20,100,long_short,none,0.0,-0.00011411191387999953,-0.4138666254571696,-0.5562617879126597,-0.0004064752364001793,-0.2807352174528416,59,0.3728813559322034,1.042168077515488,49.57881031936748,0.9983108108108109,0.9932432432432432,0.9932432432432432,0.9925675675675676,0.9951689189189189,False
GBPUSD1440_comma,daily,20,400,long_short,none,0.001,-0.00014581609070318802,-0.4333575070643761,-0.5926713595664408,-0.0007221334500266406,-0.20192402207349436,21,0.42857142857142855,1.0864673551343291,139.70407521870172,0.995945945945946,0.9929054054054054,0.9929054054054054,0.995945945945946,0.9945777027027027,False
GBPUSD1440_comma,daily,5,100,long_short,none,0.0,-0.000595915748683784,-0.4193794212352313,-0.563724221827485,-0.002840565074702456,-0.20978774751224638,105,0.3142857142857143,1.0131637042043096,11.240174000035822,0.9972972972972973,0.9918918918918919,0.9915540540540541,0.9905405405405405,0.9937837837837837,False
GBPUSD1440_comma,daily,30,100,long_short,none,0.0,-0.0007267726534886387,-0.4211419868965231,-0.5702281321485649,-0.002952615722539333,-0.24614535780619418,51,0.37254901960784315,1.0463401343873044,61.45157453826439,0.9969594594594594,0.9915540540540541,0.9905405405405405,0.9929054054054054,0.9937162162162161,False
GBPUSD1440_comma,daily,60,100,long_short,none,0.0,-0.0007809135697574021,-0.4215044381194549,-0.5579587748646347,-0.003255123558978255,-0.23990289634428552,58,0.39655172413793105,1.0623356045888876,64.12006222322333,0.9966216216216216,0.9912162162162163,0.989527027027027,0.9952702702702703,0.9936486486486487,False
GBPUSD1440_comma,daily,10,400,long_short,none,0.0025,-0.0009126993638257641,-0.4458386719726636,-0.6102819130265378,-0.003678180394179625,-0.24813882572753232,32,0.28125,1.0552109469394757,66.43012672118803,0.9945945945945946,0.9908783783783783,0.9888513513513514,0.9939189189189189,0.9924155405405406,False
GBPUSD1440_comma,daily,40,100,long_short,price_slow,0.005,0.00025422846113953845,-0.5012591472742121,-0.6455500546573552,0.0015913854716617189,-0.15975291069741515,87,0.3448275862068966,1.0506734756836766,34.87236327420463,0.9837837837837838,0.9942567567567567,0.9942567567567567,0.9932432432432432,0.9899155405405405,False
GBPUSD1440_comma,daily,5,150,long_short,none,0.0,-0.0018584260438326838,-0.4369451480992012,-0.5805769452850026,-0.007657746115490294,-0.24268577409133607,70,0.22857142857142856,1.009577306376031,9.728527146933438,0.9956081081081081,0.9871621621621621,0.9817567567567568,0.9898648648648649,0.9898648648648649,False
GBPUSD1440_comma,daily,20,150,long_short,none,0.005,-0.0014284866105001015,-0.46951214246850703,-0.632420669796085,-0.0064233635026184135,-0.22238919063474993,46,0.30434782608695654,1.0516879466821756,62.25969657336315,0.9908783783783783,0.9888513513513514,0.9858108108108108,0.9935810810810811,0.9897635135135137,False
GBPUSD1440_comma,daily,10,150,long_short,none,0.0025,-0.0018165902896882802,-0.4496758258598583,-0.5916736498749599,-0.0076025217830709875,-0.23894575267556561,57,0.2807017543859649,1.0073911911236861,8.713780342776852,0.9942567567567567,0.9875,0.9831081081081081,0.9891891891891892,0.9895777027027026,False
GBPUSD1440_comma,daily,10,150,long_short,none,0.005,-0.0015536256171855278,-0.4607006488056618,-0.6003757633664192,-0.008620470638707094,-0.18022515037746734,59,0.2542372881355932,1.0161568353686778,17.834424557460498,0.9925675675675676,0.9864864864864865,0.9851351351351352,0.9912162162162163,0.9893581081081081,False
GBPUSD1440_comma,daily,10,400,long_short,none,0.001,-0.0019836388767435764,-0.45528019849041823,-0.6232548343732583,-0.0071681305718009165,-0.27673029346690714,30,0.3333333333333333,1.0117821647810892,15.947822782310375,0.9939189189189189,0.9881756756756757,0.9800675675675675,0.9902027027027027,0.9891554054054054,False
GBPUSD1440_comma,daily,5,100,long_short,none,0.001,-0.0017862737330313072,-0.4392744335573829,-0.5878836584446651,-0.008913427020616472,-0.20040257567596764,107,0.34579439252336447,0.9931941609059899,-5.693884716742711,0.9952702702702703,0.9851351351351352,0.9834459459459459,0.9868243243243243,0.9891047297297297,False
GBPUSD1440_comma,daily,10,100,long_short,none,0.001,-0.0021001217858074295,-0.4444548687644982,-0.5916719057721873,-0.009052684208312033,-0.23198884855379476,81,0.3333333333333333,0.9977245710013602,-2.166058629497021,0.9949324324324325,0.9844594594594595,0.9783783783783784,0.9881756756756757,0.9879898648648648,False
GBPUSD1440_comma,daily,60,100,long_short,none,0.001,-0.0022115455306387366,-0.4555204800470367,-0.5940318169344208,-0.009879268339842774,-0.22385721842574557,56,0.375,1.0132515177420298,14.042849657744487,0.9935810810810811,0.9834459459459459,0.9766891891891892,0.9908783783783783,0.9872635135135136,False
GBPUSD1440_comma,daily,50,100,long_short,none,0.001,-0.0026995929979758415,-0.4593988095227102,-0.6043609879245977,-0.009882375642095787,-0.2731724734765628,57,0.38596491228070173,1.0178390875933105,20.658280547581462,0.9929054054054054,0.9831081081081081,0.9699324324324324,0.9915540540540541,0.9856587837837838,False
GBPUSD1440_comma,daily,20,400,long_short,none,0.0,-0.0023766895716662573,-0.45742571187456454,-0.6262986609350936,-0.01087421542999226,-0.21856193552236336,21,0.38095238095238093,0.9791081508517387,-35.90110111417904,0.9932432432432432,0.9804054054054054,0.9739864864864864,0.9841216216216216,0.9848141891891892,False
GBPUSD1440_comma,daily,40,100,long_short,none,0.005,-0.0018720026779130983,-0.5028346736961955,-0.6481720178447311,-0.008780023121916773,-0.21321158861645684,49,0.40816326530612246,1.0092090879996516,10.26009560310912,0.9827702702702703,0.9861486486486486,0.981081081081081,0.989527027027027,0.9842905405405405,False
GBPUSD1440_comma,daily,20,400,long_short,none,0.0025,-0.0025140350194200467,-0.47009138255976135,-0.6351587412356154,-0.011003257776817038,-0.22848097085545993,23,0.391304347826087,0.9570980491876033,-68.27984164791712,0.9902027027027027,0.9800675675675675,0.9719594594594595,0.9790540540540541,0.9823479729729729,False
GBPUSD1440_comma,daily,40,100,long_short,price_slow,0.001,-0.0024561094297288477,-0.4977276653380209,-0.6421798472674516,-0.012348583138254298,-0.1988980761784841,125,0.304,0.9929041294181048,-4.527364158874169,0.9847972972972973,0.9773648648648648,0.9733108108108108,0.9864864864864865,0.9808952702702702,False
GBPUSD1440_comma,daily,5,100,long_short,none,0.0025,-0.0029196332400913683,-0.46267863927922764,-0.6117481019288118,-0.014900437460168187,-0.1959427867736182,106,0.3490566037735849,0.9739392265308376,-20.97197400944265,0.9918918918918919,0.9726351351351351,0.9668918918918918,0.9831081081081081,0.9807601351351352,False
GBPUSD1440_comma,daily,30,100,long_short,none,0.0025,-0.003099826481017809,-0.47418208058982325,-0.6246760328075073,-0.01372828687237582,-0.22579849254573103,57,0.43859649122807015,0.9928914022784265,-8.211637957768664,0.9891891891891892,0.9756756756756757,0.9638513513513514,0.9861486486486486,0.9802871621621623,False
GBPUSD1440_comma,daily,40,100,long_short,price_slow,0.0025,-0.002503051497948827,-0.5073974508517203,-0.6545005672842436,-0.01172721413190826,-0.2134395662767291,108,0.32407407407407407,0.9944912859411943,-3.6991397412785094,0.9797297297297297,0.9790540540540541,0.9722972972972973,0.9875,0.979239864864865,False
GBPUSD1440_comma,daily,50,100,long_short,price_slow,0.001,-0.002524949825209566,-0.5088543123489268,-0.6564332754162867,-0.010340891126875414,-0.2441713962781562,122,0.28688524590163933,0.9968438354626116,-2.083297633799462,0.9777027027027027,0.9817567567567568,0.9716216216216216,0.9878378378378379,0.9790202702702703,False
GBPUSD1440_comma,daily,30,100,long_short,none,0.001,-0.0034299049846934215,-0.46472059638804997,-0.6204376649952658,-0.014913175588338537,-0.22999159128626234,52,0.36538461538461536,0.9793823020280401,-27.003469508201707,0.9915540540540541,0.9722972972972973,0.9567567567567568,0.9844594594594595,0.9787162162162162,False
GBPUSD1440_comma,daily,10,150,long_short,none,0.001,-0.00350903964936522,-0.46128892909803854,-0.6113132719279604,-0.014574010514056688,-0.24077378330286903,54,0.2777777777777778,0.969714331765946,-38.788255529543136,0.9922297297297298,0.9736486486486486,0.9550675675675676,0.981418918918919,0.9785304054054056,False
GBPUSD1440_comma,daily,20,100,long_short,none,0.005,-0.002837755509804807,-0.5075283904130036,-0.6831473176968884,-0.011415162687117657,-0.2485952752129671,58,0.39655172413793105,0.9983336145764439,-1.5110576533338331,0.9793918918918919,0.9793918918918919,0.9675675675675676,0.9888513513513514,0.978445945945946,False
GBPUSD1440_comma,daily,20,100,long_short,none,0.0025,-0.003752652766823461,-0.47785939354107493,-0.6308981940418812,-0.013754909055475861,-0.27282279742369664,59,0.3728813559322034,0.9658955104159445,-38.325221268709264,0.9885135135135135,0.9753378378378378,0.9510135135135135,0.981081081081081,0.9766047297297297,False
GBPUSD1440_comma,daily,30,150,long_short,none,0.0025,-0.003564119662677223,-0.47101664537437554,-0.6154668095969155,-0.01755314256322632,-0.20304738310187387,38,0.3157894736842105,0.9885010121188483,-16.165424237390415,0.9898648648648649,0.966554054054054,0.9540540540540541,0.9858108108108108,0.976266891891892,False
GBPUSD1440_comma,daily,10,400,long_short,none,0.005,-0.003398015919746422,-0.48360271718912484,-0.6560228519400905,-0.016305819723531872,-0.20839283012816268,36,0.2777777777777778,0.9556916395887446,-50.64173973196397,0.9878378378378379,0.9695945945945946,0.9570945945945946,0.9783783783783784,0.9757094594594595,False
GBPUSD1440_comma,daily,30,100,long_short,none,0.005,-0.003215409282791848,-0.5051430338095625,-0.6535312755147562,-0.01588872870184207,-0.20237045663817443,51,0.4117647058823529,0.9746212489285571,-30.560618018250977,0.9807432432432432,0.9706081081081082,0.9611486486486487,0.9834459459459459,0.974695945945946,False
GBPUSD1440_comma,daily,30,150,long_short,none,0.005,-0.0036898067100952225,-0.49275022855533124,-0.632603195829504,-0.018414933396025356,-0.20037035327489283,38,0.39473684210526316,0.9809114416884234,-27.02676442851389,0.985472972972973,0.9648648648648649,0.9523648648648648,0.9847972972972973,0.973597972972973,False
GBPUSD1440_comma,daily,10,100,long_short,price_slow,0.0025,-0.003880444500098612,-0.4866576416922638,-0.6386504642615765,-0.017169082742936125,-0.22601350102381812,121,0.32231404958677684,0.9582193216746756,-28.344607646859128,0.9868243243243243,0.9682432432432433,0.9472972972972973,0.9797297297297297,0.9732094594594594,False
GBPUSD1440_comma,daily,20,100,long_short,price_slow,0.001,-0.0038995710431728448,-0.49273510353524175,-0.6456688590952326,-0.016321790262554328,-0.2389180954076645,124,0.3225806451612903,0.9619255965238305,-26.479237630810434,0.9858108108108108,0.9692567567567567,0.9466216216216217,0.9807432432432432,0.9730743243243243,False
GBPUSD1440_comma,daily,10,150,long_short,price_slow,0.0,-0.004140942843682827,-0.4765048502562398,-0.629167162670212,-0.017290830206453365,-0.2394877975342864,105,0.18095238095238095,0.95402054735486,-32.828296261496696,0.9888513513513514,0.9672297297297298,0.9439189189189189,0.9773648648648648,0.9727364864864865,False
GBPUSD1440_comma,daily,30,150,long_short,none,0.001,-0.004529690165520406,-0.4717375196414677,-0.6221005644197926,-0.01820894976781012,-0.24876174756261982,37,0.32432432432432434,0.9596352027439582,-61.83707614741678,0.989527027027027,0.9655405405405405,0.9331081081081081,0.9800675675675675,0.9708277027027028,False
GBPUSD1440_comma,daily,40,100,long_short,none,0.0,-0.004763527303147108,-0.46801016293502623,-0.6251976000606217,-0.019216790957072932,-0.24788359897279544,52,0.38461538461538464,0.9616957766566718,-47.35526695171942,0.9912162162162163,0.9621621621621622,0.9260135135135135,0.9804054054054054,0.9692905405405405,False
GBPUSD1440_comma,daily,60,75,long_short,none,0.0,-0.005058379901721977,-0.4696437836702989,-0.6248506425645302,-0.02138493614574859,-0.23653939704316596,82,0.45121951219512196,0.9719298399254019,-28.246250299050246,0.9905405405405405,0.9547297297297297,0.9192567567567568,0.9827702702702703,0.9661655405405405,False
GBPUSD1440_comma,daily,20,400,long_short,none,0.005,-0.00455194391292435,-0.502588144490947,-0.6742591301194307,-0.01977121202476325,-0.23023089870378632,23,0.34782608695652173,0.9205448940705023,-128.53607204522046,0.9831081081081081,0.9601351351351352,0.9320945945945946,0.966554054054054,0.9646790540540541,False
GBPUSD1440_comma,daily,50,100,long_short,price_slow,0.0025,-0.0038258993146079723,-0.5427871040805166,-0.6967915872268954,-0.018603564239859365,-0.20565410290629849,108,0.3148148148148148,0.958056253901189,-26.46937751492515,0.9662162162162162,0.9641891891891892,0.9489864864864865,0.9793918918918919,0.9642398648648649,False
GBPUSD1440_comma,daily,30,100,long_short,price_slow,0.0025,-0.004548769271016884,-0.5237422346365541,-0.6812553847659871,-0.018895972781831964,-0.2407269169751567,113,0.3185840707964602,0.9547658559544655,-30.55690091916471,0.972972972972973,0.9635135135135136,0.9324324324324325,0.9777027027027027,0.9632094594594593,False
GBPUSD1440_comma,daily,10,400,long_short,price_slow,0.0,-0.0051991417321826106,-0.5007587270631578,-0.6877336813149534,-0.01717839327228073,-0.30265587996358256,65,0.16923076923076924,0.9039108493863923,-72.07998632487867,0.9841216216216216,0.9675675675675676,0.914527027027027,0.9577702702702703,0.9621114864864866,False
GBPUSD1440_comma,daily,20,100,long_short,price_slow,0.0,-0.00520767374503428,-0.502963740693526,-0.6588801544985481,-0.020111370469978185,-0.2589417639542856,134,0.29850746268656714,0.9398644242816063,-39.64690788874305,0.9820945945945946,0.9594594594594594,0.9141891891891892,0.9733108108108108,0.9615371621621623,False
GBPUSD1440_comma,daily,5,150,long_short,none,0.001,-0.005355938416587658,-0.48188721836504045,-0.6372354808315461,-0.021348028305147503,-0.25088679572793227,75,0.21333333333333335,0.928111167529558,-70.63658541453938,0.9881756756756757,0.9550675675675676,0.9091216216216216,0.9699324324324324,0.9613513513513514,False
GBPUSD1440_comma,daily,40,100,long_short,none,0.0025,-0.005269648099848867,-0.5032828615800486,-0.6540078318713658,-0.020945573857287465,-0.251587668867589,52,0.4423076923076923,0.9482210679114614,-64.27200925426862,0.9817567567567568,0.9574324324324325,0.9118243243243244,0.9766891891891892,0.9609290540540542,False
GBPUSD1440_comma,daily,30,100,long_short,price_slow,0.0,-0.005059038304112917,-0.5136710721793929,-0.6710992172217599,-0.021810280143333857,-0.23195659436126836,126,0.2698412698412698,0.9407194902747479,-39.14800380872138,0.977027027027027,0.9527027027027027,0.918918918918919,0.9743243243243244,0.9589189189189189,False
GBPUSD1440_comma,daily,30,150,long_short,none,0.0,-0.005876106500205425,-0.4838701195539753,-0.6418100574825356,-0.02060320429295737,-0.28520352546394967,38,0.34210526315789475,0.9271473708435113,-119.8263729244308,0.9875,0.9587837837837838,0.893581081081081,0.9695945945945946,0.9588513513513515,False
GBPUSD1440_comma,daily,20,100,long_short,price_slow,0.005,-0.004445512445087063,-0.546109262888345,-0.7334008294401434,-0.021046209564797334,-0.21122627480260348,93,0.34408602150537637,0.9556007059202098,-32.16493730231747,0.9635135135135136,0.956418918918919,0.9358108108108109,0.9780405405405406,0.9583783783783785,False
GBPUSD1440_comma,daily,30,100,long_short,price_slow,0.001,-0.005009647571134979,-0.5205017970004503,-0.6786499790301633,-0.022008289920360625,-0.22762548063765653,120,0.2916666666666667,0.9404103460638997,-39.788100497711895,0.975,0.952027027027027,0.9206081081081081,0.9739864864864864,0.9582263513513514,False
GBPUSD1440_comma,daily,20,150,long_short,price_slow,0.0025,-0.004966365232996206,-0.5018662428037337,-0.6521131052495662,-0.025355204852291095,-0.19587162722321472,91,0.2087912087912088,0.941431636263554,-43.39809427862233,0.9834459459459459,0.933445945945946,0.9212837837837838,0.975,0.9572466216216217,False
GBPUSD1440_comma,daily,5,100,long_short,price_slow,0.001,-0.0052411612733971324,-0.48765350842940197,-0.6490235265600848,-0.02506895678001016,-0.20906977978343333,142,0.29577464788732394,0.9384291373545665,-42.095837652864,0.9861486486486486,0.9361486486486487,0.9128378378378378,0.9726351351351351,0.9569594594594595,False
GBPUSD1440_comma,daily,5,100,long_short,price_slow,0.0,-0.005398909382732575,-0.4851725797911966,-0.6475897736830617,-0.02443813770126951,-0.2209214731796897,153,0.28104575163398693,0.9381784718672701,-41.27380892755144,0.9871621621621621,0.9388513513513513,0.9074324324324324,0.9719594594594595,0.9568581081081081,False
GBPUSD1440_comma,daily,20,150,long_only,none,0.0025,0.00268421482210357,-0.6344991458697661,-0.8092921343838698,0.015726818065475455,-0.17067755288631048,18,0.3888888888888889,1.1754987725079826,257.11304471617177,0.8875,0.9986486486486487,0.9989864864864865,0.9989864864864865,0.9543074324324325,True
GBPUSD1440_comma,daily,60,100,long_short,price_slow,0.0,-0.00486243246716711,-0.535424479559478,-0.687374762713743,-0.024114613417926815,-0.20163841662717163,130,0.3230769230769231,0.9410854061203453,-34.24316038156442,0.9689189189189189,0.9405405405405406,0.9246621621621621,0.9746621621621622,0.9538344594594594,False
GBPUSD1440_comma,daily,10,100,long_short,price_slow,0.001,-0.005666530795295888,-0.5028752666606712,-0.662130410476312,-0.024530814725624996,-0.23099643687645666,135,0.2814814814814815,0.9319079980903439,-45.23738143474858,0.9824324324324324,0.9381756756756757,0.9003378378378378,0.9712837837837838,0.953277027027027,False
GBPUSD1440_comma,daily,10,400,long_short,price_slow,0.005,-0.005419118194813777,-0.512989680768236,-0.6979839674799903,-0.02264815821228118,-0.23927412304437223,51,0.27450980392156865,0.8929637383257795,-97.45762183471582,0.9773648648648648,0.9472972972972973,0.9057432432432433,0.9540540540540541,0.9520270270270271,False
GBPUSD1440_comma,daily,10,75,long_short,none,0.0,-0.006642457089898746,-0.48718440648748823,-0.6541650000499767,-0.02101225426075379,-0.31612301124231945,100,0.37,0.8998971901695716,-87.30163444698812,0.9864864864864865,0.9567567567567568,0.8733108108108109,0.956418918918919,0.951908783783784,False
GBPUSD1440_comma,daily,40,75,long_short,slow_slope,0.0025,-0.005089025795195323,-0.5490986451927583,-0.7108801214562313,-0.023252457152656496,-0.21885969993557963,130,0.3153846153846154,0.9348192922079517,-42.281433055608794,0.9618243243243243,0.9459459459459459,0.918581081081081,0.9716216216216216,0.9506756756756758,False
GBPUSD1440_comma,daily,5,500,long_short,none,0.0,-0.005932563042332584,-0.5046084400482089,-0.6891619166605185,-0.02207030992821086,-0.26880288775416894,40,0.225,0.8459758747953827,-146.27619784254927,0.981418918918919,0.9516891891891892,0.8925675675675676,0.9256756756756757,0.9478547297297297,False
GBPUSD1440_comma,daily,20,100,long_short,price_slow,0.0025,-0.005784189104651838,-0.5265341721831187,-0.6867707883416992,-0.024734016903446142,-0.23385562997031584,112,0.3125,0.9256448650400858,-52.59964028293988,0.9719594594594595,0.9371621621621622,0.8966216216216216,0.9689189189189189,0.9477364864864866,False
GBPUSD1440_comma,daily,10,400,long_short,price_slow,0.0025,-0.006168723532773646,-0.5162579719522579,-0.7072280439254853,-0.021607749242080473,-0.2854866309148124,56,0.19642857142857142,0.8700364963164116,-107.36377942631096,0.9756756756756757,0.9540540540540541,0.8851351351351351,0.9398648648648649,0.9467905405405405,False
GBPUSD1440_comma,daily,5,400,long_short,none,0.0025,-0.006012900671940158,-0.5082657970689994,-0.6950183772489207,-0.02315210036465072,-0.2597129667388979,47,0.19148936170212766,0.8650394599933228,-131.18402942473418,0.9780405405405406,0.9469594594594595,0.889527027027027,0.9371621621621622,0.9464358108108109,False
GBPUSD1440_comma,daily,5,400,long_short,none,0.001,-0.006295526268811802,-0.5067999018646366,-0.6948437268782285,-0.022442331164016668,-0.28052015732241986,46,0.21739130434782608,0.8615272123834341,-145.98265537296902,0.9800675675675675,0.9489864864864865,0.8814189189189189,0.9341216216216216,0.9456756756756757,False
GBPUSD1440_comma,daily,5,100,long_short,price_slow,0.0025,-0.0060882151191073985,-0.5063086367342489,-0.6687462313127482,-0.02780535960102688,-0.21895833056885028,126,0.30952380952380953,0.9201562443956068,-55.9371702421068,0.9804054054054054,0.9226351351351352,0.8875,0.9662162162162162,0.9452533783783783,False
GBPUSD1440_comma,daily,75,100,long_short,none,0.0025,-0.005111904246266286,-0.5744685329644752,-0.7291309476604265,-0.022106110059665673,-0.2312439516707806,61,0.45901639344262296,0.9180962392772876,-81.6855562918953,0.9469594594594595,0.9510135135135135,0.9179054054054054,0.9648648648648649,0.944847972972973,False
GBPUSD1440_comma,daily,40,75,long_short,none,0.0025,-0.005991097683444524,-0.5291581328525939,-0.6928525315884823,-0.02522184703476318,-0.23753604068675127,72,0.3888888888888889,0.9115369565296143,-100.31891938173084,0.9712837837837838,0.9347972972972973,0.8898648648648648,0.9621621621621622,0.9445101351351352,False
GBPUSD1440_comma,daily,20,150,long_short,price_slow,0.0,-0.005830667685493118,-0.5047059002429143,-0.6610903944401157,-0.029782814874488733,-0.19577288815932348,100,0.2,0.919578319727629,-59.35003670259525,0.981081081081081,0.9121621621621622,0.8952702702702703,0.9658783783783784,0.9444087837837838,False
GBPUSD1440_comma,daily,30,100,long_short,price_slow,0.005,-0.0051913648576267235,-0.5543369710393062,-0.713710727290528,-0.02644228848543846,-0.19632812267688415,90,0.35555555555555557,0.9296252538708845,-54.40585097358127,0.9587837837837838,0.9283783783783783,0.9148648648648648,0.9706081081081082,0.9441722972972973,False
GBPUSD1440_comma,daily,10,200,long_short,none,0.0,-0.006818415875356587,-0.498282035845139,-0.6885724220652271,-0.02520135199477204,-0.270557542975117,54,0.2222222222222222,0.8792569672380388,-150.03752176386973,0.9844594594594595,0.9351351351351351,0.8689189189189189,0.9476351351351351,0.9434966216216216,False
GBPUSD1440_comma,daily,10,150,long_short,price_slow,0.005,-0.005743711383312755,-0.5165784882137759,-0.6714468861695954,-0.029271436663074274,-0.19622239418669907,78,0.24358974358974358,0.9191251897129578,-71.79543548734907,0.9753378378378378,0.9141891891891892,0.8986486486486487,0.9655405405405405,0.9432432432432434,False
GBPUSD1440_comma,daily,20,150,long_short,price_slow,0.005,-0.0057534836249312216,-0.5366806049789331,-0.7178604349630467,-0.028582136766802404,-0.20129648359998686,80,0.2625,0.9310554581461701,-60.92599698458107,0.9685810810810811,0.9182432432432432,0.897972972972973,0.970945945945946,0.9422297297297297,False
GBPUSD1440_comma,daily,10,400,long_short,price_slow,0.001,-0.006886182664991636,-0.5226342988801203,-0.7159479355145558,-0.02240911771811215,-0.3072937878061074,61,0.18032786885245902,0.8568234781443407,-119.98985147202725,0.9736486486486486,0.9496621621621621,0.8668918918918919,0.9317567567567567,0.9400168918918921,False
GBPUSD1440_comma,daily,40,100,long_only,none,0.001,0.0014041487781026873,-0.6601774499345625,-0.8406420030383217,0.010179589407614943,-0.13793766348299863,26,0.46153846153846156,1.0921008092161437,112.07847424220785,0.8537162162162162,0.9979729729729729,0.9972972972972973,0.9966216216216216,0.9399324324324323,False
GBPUSD1440_comma,daily,5,400,long_short,price_slow,0.0025,-0.006824446035387899,-0.5222243917793106,-0.7159941437776857,-0.024812327599136756,-0.2750425572982249,56,0.17857142857142858,0.8474553294303604,-130.94130817029594,0.9743243243243244,0.9368243243243243,0.8685810810810811,0.9260135135135135,0.9365540540540541,False
GBPUSD1440_comma,daily,10,50,long_short,none,0.001,-0.007414557622559381,-0.5076986344832747,-0.7288917917315878,-0.02764820652841135,-0.2681749940973628,128,0.328125,0.9069882155113156,-72.63002083175111,0.9790540540540541,0.9239864864864865,0.8476351351351351,0.9591216216216216,0.9360135135135136,False
GBPUSD1440_comma,daily,20,150,long_short,price_slow,0.001,-0.006187638759709402,-0.5138555178068479,-0.6697445792928258,-0.032171764300605414,-0.1923313468883322,94,0.20212765957446807,0.9109413811440524,-67.03247650002054,0.9763513513513513,0.8962837837837838,0.8844594594594595,0.9614864864864865,0.9357263513513513,False
GBPUSD1440_comma,daily,5,150,long_short,price_slow,0.0,-0.007140799975532408,-0.5077975888747202,-0.6723436913510129,-0.028959138889809645,-0.24658191677257246,115,0.19130434782608696,0.902893225244304,-66.17547565875951,0.9787162162162162,0.9155405405405406,0.8570945945945946,0.9574324324324325,0.9354054054054054,False
GBPUSD1440_comma,daily,20,400,long_short,price_slow,0.001,-0.006891965446733317,-0.5257680502679786,-0.7171519475946775,-0.02535130044646198,-0.2718584579630572,57,0.19298245614035087,0.8504233830941902,-126.03050332856778,0.9726351351351351,0.9337837837837838,0.8665540540540541,0.9287162162162163,0.9351182432432432,False
GBPUSD1440_comma,daily,50,75,long_short,none,0.0,-0.007339763313044423,-0.496299203117464,-0.6725411496613516,-0.03124036602026145,-0.23494485654502573,78,0.4230769230769231,0.9057306906611832,-105.22071077960521,0.9851351351351352,0.9023648648648649,0.8496621621621622,0.9587837837837838,0.9333952702702702,False
GBPUSD1440_comma,daily,40,100,long_short,slow_slope,0.005,-0.006176820487181156,-0.579521484593345,-0.7459350332779546,-0.0256552386497886,-0.2407625425551071,92,0.29347826086956524,0.9013761263849148,-72.66823326253076,0.9429054054054054,0.9320945945945946,0.8847972972972973,0.9567567567567568,0.9306587837837837,False
GBPUSD1440_comma,daily,50,100,long_short,none,0.0025,-0.007289200424247078,-0.5400681488805393,-0.6954976169383705,-0.028792212707876606,-0.25316569095271346,52,0.40384615384615385,0.8873493247502806,-125.24035158549158,0.9679054054054054,0.9172297297297297,0.8530405405405406,0.9506756756756757,0.929679054054054,False
GBPUSD1440_comma,daily,20,150,long_only,none,0.005,0.0030726321202674267,-0.6895472550595755,-0.930849841795053,0.023429042886205714,-0.13114629288064072,23,0.34782608695652173,1.2140436464536457,247.73668854503293,0.8199324324324324,1.0,0.9993243243243243,1.0,0.9278378378378379,False
GBPUSD1440_comma,daily,50,100,long_short,slow_slope,0.001,-0.007716726599875656,-0.5595853884584358,-0.7213714016219934,-0.02548947375143108,-0.30274169938257,116,0.3017241379310345,0.8987977266891105,-69.24314009460723,0.9554054054054054,0.9331081081081081,0.8375,0.956081081081081,0.9263513513513514,False
GBPUSD1440_comma,daily,20,400,long_short,price_slow,0.0,-0.007417080708518431,-0.5314668303695582,-0.7261135308726417,-0.026557295937281934,-0.27928599078892324,60,0.18333333333333332,0.830414963585547,-138.45039467561,0.9706081081081082,0.9277027027027027,0.8472972972972973,0.910472972972973,0.9261993243243245,False
GBPUSD1440_comma,daily,40,100,long_short,price_slow,0.0,-0.007062213289373065,-0.5483131443613213,-0.7091325964466574,-0.031499352378999715,-0.2242018567366283,128,0.28125,0.9076034643012174,-58.692425474658506,0.9621621621621622,0.8993243243243243,0.8597972972972973,0.9597972972972973,0.925625,False
GBPUSD1440_comma,daily,10,500,long_short,none,0.0025,-0.007145981848629135,-0.5259131861895951,-0.7151079655946092,-0.02593918171836297,-0.27548987189408225,26,0.2692307692307692,0.8019605556341213,-289.5654205629988,0.9722972972972973,0.9314189189189189,0.856418918918919,0.8820945945945946,0.9253716216216217,False
GBPUSD1440_comma,daily,30,150,long_only,none,0.005,0.0010638680200536488,-0.6927884399879571,-0.8796347511308177,0.007261521987383082,-0.1465075809041304,18,0.4444444444444444,1.119250587158212,150.01503165668612,0.8168918918918919,0.9969594594594594,0.9969594594594594,0.9979729729729729,0.9250844594594595,True
GBPUSD1440_comma,daily,5,150,long_short,none,0.0025,-0.008043696979564086,-0.5220706104307109,-0.6860031403807428,-0.030524443000870767,-0.2635165850310397,76,0.2631578947368421,0.881777158908263,-120.54856929055806,0.9746621621621622,0.9064189189189189,0.8256756756756757,0.9489864864864865,0.9239527027027027,False
GBPUSD1440_comma,daily,5,500,long_short,price_slow,0.0,-0.007466611506307452,-0.5317893747295167,-0.728691562542714,-0.025562600552974848,-0.2920912326910544,66,0.13636363636363635,0.8090988977124557,-127.40257866158649,0.9699324324324324,0.9324324324324325,0.845945945945946,0.8891891891891892,0.9236486486486488,False
GBPUSD1440_comma,daily,20,200,long_short,none,0.005,-0.008054092798083445,-0.5417058737347161,-0.7273466186461776,-0.028430146602468915,-0.28329410012201683,40,0.325,0.8750768673036492,-208.49674693679935,0.9672297297297298,0.9195945945945946,0.825,0.9442567567567568,0.9234290540540542,False
GBPUSD1440_comma,daily,75,300,long_short,fast_slope,0.005,-0.003739845188207913,-0.6531658359023895,-0.8681782157898194,-0.01731761201258746,-0.2159561714103292,105,0.3142857142857143,0.9455785285958129,-32.04827273192172,0.860472972972973,0.9668918918918918,0.9516891891891892,0.9756756756756757,0.9226013513513514,False
GBPUSD1440_comma,daily,10,150,long_only,none,0.0025,-0.0005282373781774208,-0.6983763925099378,-0.8902098907220238,-0.002616095668936461,-0.20191821898935702,26,0.2692307692307692,0.9704904751312021,-40.033863085733515,0.8094594594594594,0.9922297297297298,0.9918918918918919,0.9820945945945946,0.9175337837837838,False
GBPUSD1440_comma,daily,50,75,long_short,none,0.001,-0.00833942585528813,-0.5316495104852192,-0.7026330883549585,-0.03245302396496272,-0.2569691460583652,74,0.36486486486486486,0.8878113505627873,-128.02444554563945,0.9702702702702702,0.8942567567567568,0.8125,0.9510135135135135,0.9168243243243244,False
GBPUSD1440_comma,daily,10,500,long_short,none,0.001,-0.00770998687119806,-0.5285482601687834,-0.7202786162817933,-0.027782974658668757,-0.27750760909946026,30,0.23333333333333334,0.7860363750983567,-281.0834013083318,0.9716216216216216,0.922972972972973,0.8378378378378378,0.8635135135135135,0.9164864864864866,False
GBPUSD1440_comma,daily,10,150,long_only,none,0.0,-0.0013937523152525166,-0.6933411677544593,-0.882328082555853,-0.007456189615287302,-0.1869255460449838,25,0.28,0.9267525357460782,-106.10810138472073,0.8158783783783784,0.9878378378378379,0.9861486486486486,0.9692567567567567,0.9159290540540541,False
GBPUSD1440_comma,daily,40,75,long_short,none,0.005,-0.0059212024211722225,-0.6149474230296039,-0.8161540895918786,-0.029249587206536632,-0.2024371277229159,70,0.4,0.8879210399012816,-101.39612394473913,0.9131756756756757,0.914527027027027,0.8932432432432432,0.9516891891891892,0.915304054054054,False
GBPUSD1440_comma,daily,40,150,long_short,none,0.0,-0.00789822696303688,-0.5080176440436185,-0.666701629751056,-0.03641223596829892,-0.21691134183336624,38,0.3684210526315789,0.8754525631957272,-188.7422388783248,0.9783783783783784,0.8638513513513514,0.831418918918919,0.9445945945945946,0.9152871621621622,False
GBPUSD1440_comma,daily,75,400,long_short,fast_slope,0.0025,-0.004758953792483811,-0.6522672257566884,-0.8630497713245772,-0.02075893831263849,-0.2292484192019809,123,0.2845528455284553,0.9219546854582569,-40.38626445405704,0.8628378378378379,0.9581081081081081,0.9263513513513514,0.9675675675675676,0.9150675675675676,False
GBPUSD1440_comma,daily,10,50,long_short,none,0.0025,-0.008638658156611245,-0.5469015083420802,-0.7741572376114007,-0.030321198265035768,-0.28490490649812894,135,0.362962962962963,0.8887159772704606,-79.19912892842562,0.9631756756756756,0.9074324324324324,0.7993243243243243,0.9527027027027027,0.9148986486486487,False
GBPUSD1440_comma,daily,50,200,long_short,none,0.0,-0.008139260191036501,-0.5137171096394362,-0.7120293671529461,-0.03224857637294026,-0.2523913023914489,28,0.35714285714285715,0.8254956867943458,-344.58972244020606,0.9766891891891892,0.8959459459459459,0.8195945945945946,0.9060810810810811,0.9144932432432433,False
GBPUSD1440_comma,daily,20,75,long_short,none,0.005,-0.0075453373377429855,-0.5860478144279223,-0.7873912766297181,-0.029854582433590113,-0.25273632128425094,78,0.3076923076923077,0.8763824779979555,-118.1938911148677,0.9368243243243243,0.9118243243243244,0.8439189189189189,0.9456081081081081,0.9133108108108108,False
GBPUSD1440_comma,daily,10,100,long_short,none,0.0,-0.008764927828321833,-0.5143744972959553,-0.6873016861940993,-0.0330194711412155,-0.2654472505279254,87,0.2988505747126437,0.8723361890472421,-119.18053389412285,0.9760135135135135,0.8902027027027027,0.7932432432432432,0.9422297297297297,0.9129391891891893,False
GBPUSD1440_comma,daily,20,100,long_only,none,0.0,-0.001854824933864574,-0.6974046818573468,-0.8910022682441303,-0.009035849784250297,-0.20527398951425446,29,0.41379310344827586,0.9146880290173761,-105.70968451743855,0.8125,0.9847972972972973,0.9820945945945946,0.9635135135135136,0.9121452702702703,False
GBPUSD1440_comma,daily,75,150,long_short,fast_slope,0.005,-0.00549072829640429,-0.6417101145025198,-0.8521145931911613,-0.02321140216948988,-0.23655306371889728,115,0.3391304347826087,0.9024243507037352,-55.84802376684794,0.8760135135135135,0.9466216216216217,0.9033783783783784,0.9570945945945946,0.9113006756756756,False
GBPUSD1440_comma,daily,20,150,long_only,price_slow,0.005,0.0020255137777003274,-0.7245415852493858,-0.977749029980631,0.017201134230969924,-0.11775466376243227,39,0.2564102564102564,1.1184487707863244,101.09406895389859,0.7783783783783784,0.9993243243243243,0.9979729729729729,0.9976351351351351,0.9104222972972974,False
GBPUSD1440_comma,daily,30,100,long_only,none,0.0,-0.0021494917377927747,-0.6990245256086666,-0.8972934479802395,-0.010079829200868909,-0.2132468412865054,25,0.32,0.9092529905677869,-137.47503582223945,0.8081081081081081,0.9827702702702703,0.9777027027027027,0.9608108108108108,0.9085979729729732,False
GBPUSD1440_comma,daily,60,100,long_only,none,0.0,-0.0022142945004486325,-0.6953770270989186,-0.8797686544030028,-0.012206447433669597,-0.1814036813316251,29,0.3448275862068966,0.8880804726560138,-114.36905630531598,0.8145270270270271,0.9780405405405406,0.9763513513513513,0.9523648648648648,0.9084459459459459,False
GBPUSD1440_comma,daily,10,75,long_short,slow_slope,0.0025,-0.007376569539627065,-0.5813015299104629,-0.780938288373341,-0.03469574087042407,-0.21260735048650092,169,0.3136094674556213,0.8908669074180122,-53.96407814932942,0.9402027027027027,0.8770270270270271,0.8489864864864864,0.9537162162162162,0.9081925675675675,False
GBPUSD1440_comma,daily,5,100,long_only,none,0.0,-0.002090142039869125,-0.6987011316950783,-0.8947564708803314,-0.011773961040910254,-0.177522418547729,52,0.34615384615384615,0.9114212901429364,-75.66106976366294,0.808445945945946,0.9787162162162162,0.9790540540540541,0.9618243243243243,0.908141891891892,False
GBPUSD1440_comma,daily,10,500,long_short,price_slow,0.0025,-0.008236044602301873,-0.5469510499300831,-0.745462504794759,-0.028527970580040172,-0.2887006833940122,52,0.1346153846153846,0.7880478947614974,-177.07332336882644,0.9628378378378378,0.918918918918919,0.8162162162162162,0.8665540540540541,0.9080912162162162,False
GBPUSD1440_comma,daily,5,400,long_short,price_slow,0.001,-0.008863002209857695,-0.5442541557055691,-0.7485742028365178,-0.028342212065060327,-0.31271384849963124,70,0.14285714285714285,0.8044303797334488,-149.22351874127318,0.9655405405405405,0.9206081081081081,0.7885135135135135,0.8837837837837837,0.9066385135135135,False
GBPUSD1440_comma,daily,50,150,long_short,none,0.005,-0.008183311207037858,-0.5594554654878254,-0.711455037615796,-0.03329312211843836,-0.24579584870190907,32,0.34375,0.8425164419085841,-260.6797759970056,0.9557432432432432,0.8875,0.8189189189189189,0.9219594594594595,0.90625,False
GBPUSD1440_comma,daily,75,100,long_short,price_slow,0.005,-0.0018498086674351155,-0.709590374827579,-0.9502269030611361,-0.012444128534147933,-0.14864911290164318,59,0.3898305084745763,0.9701169759644883,-26.61052979596507,0.7949324324324324,0.977027027027027,0.9824324324324324,0.9817567567567568,0.9059797297297297,False
GBPUSD1440_comma,daily,20,150,long_short,slow_slope,0.0025,-0.008558317012988037,-0.5701348157619119,-0.76143676072398,-0.032776274630061504,-0.261113171328464,102,0.28431372549019607,0.8768695583084021,-82.44856472538436,0.9493243243243243,0.8918918918918919,0.8037162162162163,0.9462837837837837,0.9053885135135136,False
GBPUSD1440_comma,daily,100,300,long_short,none,0.0,-0.008386010618814166,-0.5234027448196379,-0.720115283487938,-0.030263774067246285,-0.27709731774300195,28,0.39285714285714285,0.7704417475313133,-427.6335393436034,0.9733108108108108,0.9081081081081082,0.8111486486486487,0.8405405405405405,0.9046621621621622,False
GBPUSD1440_comma,daily,60,75,long_short,slow_slope,0.0,-0.008096580775602047,-0.5543527605812619,-0.7163194090100696,-0.03802292096675488,-0.2129394736054404,171,0.3567251461988304,0.9082991346412549,-50.17854817639067,0.9584459459459459,0.8496621621621622,0.8219594594594595,0.960472972972973,0.9042567567567568,False
GBPUSD1440_comma,daily,20,100,long_short,slow_slope,0.001,-0.008627984011400192,-0.559041511491317,-0.7276864867917076,-0.03465222685940625,-0.2489878658132515,131,0.25190839694656486,0.8798089567793785,-75.77810212362718,0.956081081081081,0.8780405405405406,0.8,0.947972972972973,0.9041385135135136,False
GBPUSD1440_comma,daily,50,75,long_short,slow_slope,0.001,-0.008102760393369435,-0.5698188426448265,-0.7398808758804868,-0.035867202561326667,-0.2259100184776085,143,0.3146853146853147,0.8957559788426804,-66.09101729815158,0.95,0.8655405405405405,0.8216216216216217,0.9547297297297297,0.903918918918919,False
GBPUSD1440_comma,daily,100,500,long_short,price_slow,0.0025,-0.007260511770860845,-0.5807171323333198,-0.7845542683437616,-0.02860708385789741,-0.25380118459213286,53,0.11320754716981132,0.7759636357925834,-170.48474368023713,0.9408783783783784,0.9179054054054054,0.8533783783783784,0.8489864864864864,0.9038513513513514,False
GBPUSD1440_comma,daily,5,100,long_only,none,0.001,-0.002146273027096468,-0.7085697195737743,-0.9081291081612201,-0.011930897398012303,-0.17989200271339512,53,0.3584905660377358,0.907770559359706,-75.86745578603613,0.7972972972972973,0.9783783783783784,0.9780405405405406,0.9601351351351352,0.9031418918918919,False
GBPUSD1440_comma,daily,5,400,long_short,price_slow,0.005,-0.00848343126606299,-0.5476758620414618,-0.747464962538195,-0.03264407306401248,-0.25987661678821894,53,0.16981132075471697,0.8000571806454477,-186.97535538592433,0.9625,0.8925675675675676,0.8070945945945946,0.8800675675675675,0.901570945945946,False
GBPUSD1440_comma,daily,30,50,long_short,none,0.0,-0.010418345146154029,-0.5304416259674863,-0.7647677978809092,-0.028925041463424263,-0.36018427698117683,106,0.33962264150943394,0.8668172053980526,-125.79557579499487,0.970945945945946,0.9165540540540541,0.7148648648648649,0.9381756756756757,0.9012162162162163,False
GBPUSD1440_comma,daily,30,150,long_only,none,0.0025,-0.001686571896136968,-0.7179787677081046,-0.9090849362624582,-0.010470159411041728,-0.16108368840672338,18,0.2777777777777778,0.9139429503067028,-134.3306864128533,0.7858108108108108,0.981418918918919,0.9844594594594595,0.9628378378378378,0.9009966216216216,True
GBPUSD1440_comma,daily,10,50,long_short,none,0.0,-0.009808839041472672,-0.5225629716517899,-0.757326201494991,-0.03407977490338726,-0.28781994802723154,124,0.3064516129032258,0.8713480042719008,-105.29556540341173,0.9739864864864864,0.8824324324324324,0.745945945945946,0.9412162162162162,0.9005743243243244,False
GBPUSD1440_comma,daily,75,100,long_short,slow_slope,0.005,-0.003332737657392837,-0.7041662025024944,-0.9366784243032529,-0.016103636871650374,-0.20695558922220547,48,0.375,0.9223964099563741,-74.80473914962984,0.8023648648648649,0.9702702702702702,0.9591216216216216,0.9679054054054054,0.9005236486486488,False
GBPUSD1440_comma,daily,20,400,long_short,price_slow,0.0025,-0.008418445544140063,-0.5525955459547217,-0.7457763396511083,-0.03189154438503306,-0.263971084074903,50,0.18,0.7879193189613312,-205.8382593376313,0.960472972972973,0.897972972972973,0.8094594594594594,0.8662162162162163,0.9005067567567568,False
GBPUSD1440_comma,daily,30,150,long_short,price_slow,0.0,-0.008856341473530427,-0.5518770102766287,-0.7190360466532569,-0.03555612450340767,-0.24908061824009087,99,0.18181818181818182,0.8628883036601501,-104.74489434844659,0.9608108108108108,0.8689189189189189,0.7891891891891892,0.9358108108108109,0.8997635135135136,False
GBPUSD1440_comma,daily,5,250,long_short,none,0.001,-0.009132148508438243,-0.5336592843818364,-0.7362745190270453,-0.03491144786948862,-0.26158034300317345,66,0.18181818181818182,0.8384675714840192,-149.04358191243995,0.9695945945945946,0.8746621621621622,0.7743243243243243,0.9182432432432432,0.8991047297297298,False
GBPUSD1440_comma,daily,10,150,long_short,price_slow,0.001,-0.009099858556698925,-0.5404773283031183,-0.709769583526091,-0.03646118167201985,-0.24957662202380337,102,0.18627450980392157,0.8619520568749591,-105.9702425475547,0.9675675675675676,0.8635135135135135,0.7780405405405405,0.9344594594594594,0.8986824324324325,False
GBPUSD1440_comma,daily,20,100,long_only,none,0.001,-0.00247747496236006,-0.7170337599268627,-0.9175986374796092,-0.013352026212271396,-0.18555048671812047,31,0.3870967741935484,0.8960913824440827,-122.67706199311425,0.7885135135135135,0.9763513513513513,0.972972972972973,0.9550675675675676,0.897347972972973,False
GBPUSD1440_comma,daily,40,100,long_only,price_slow,0.001,0.00027912065642476946,-0.7513467934351752,-0.9568826704126125,0.0021864474834152143,-0.12765943776009891,63,0.31746031746031744,1.030994480867394,17.07736776601442,0.7513513513513513,0.9949324324324325,0.9945945945945946,0.9922297297297298,0.8970270270270271,False
GBPUSD1440_comma,daily,10,500,long_short,price_slow,0.001,-0.008876358256263095,-0.5526494976094619,-0.754419649122417,-0.029600187184531303,-0.29987507176649786,59,0.13559322033898305,0.7721414069038355,-172.98663398807497,0.9601351351351352,0.9131756756756757,0.7868243243243244,0.8432432432432433,0.8961993243243245,False
GBPUSD1440_comma,daily,100,500,long_short,price_slow,0.001,-0.007761512642731505,-0.583881192981842,-0.7882349213046592,-0.029979319142014512,-0.25889556083527376,54,0.12962962962962962,0.7670632443765038,-180.33582376423323,0.9381756756756757,0.9101351351351351,0.8364864864864865,0.8368243243243243,0.8956250000000001,False
GBPUSD1440_comma,daily,10,75,long_short,none,0.001,-0.010301222794822706,-0.545648590944952,-0.7259677439439386,-0.030304964491302364,-0.3399186558287899,105,0.38095238095238093,0.8421988520405957,-135.20609944319804,0.9638513513513514,0.9077702702702702,0.7199324324324324,0.9212837837837838,0.8946621621621622,False
GBPUSD1440_comma,daily,10,100,long_short,slow_slope,0.0025,-0.008551714866672944,-0.5679859881774287,-0.7311309113241774,-0.03866818299199949,-0.22115636693977336,130,0.35384615384615387,0.8760286816832634,-74.27218192942314,0.952027027027027,0.8442567567567567,0.8040540540540541,0.9449324324324324,0.8944256756756757,False
GBPUSD1440_comma,daily,75,400,long_short,fast_slope,0.001,-0.006060955926612821,-0.6677458564769099,-0.8827868353332187,-0.02396538899336103,-0.25290455032012404,126,0.2857142857142857,0.896273888345791,-54.91442657368738,0.8418918918918918,0.9418918918918919,0.8878378378378379,0.9554054054054054,0.893108108108108,False
GBPUSD1440_comma,daily,20,150,long_only,none,0.001,-0.002581793441943203,-0.7176515506247085,-0.9099770629683253,-0.014807810507561142,-0.17435349004668121,19,0.2631578947368421,0.8692709846304724,-220.5966008483264,0.7871621621621622,0.972972972972973,0.9706081081081082,0.9391891891891891,0.893108108108108,True
GBPUSD1440_comma,daily,30,400,long_short,none,0.005,-0.008243763571710194,-0.5451302892704191,-0.73250769797123,-0.033652470957910414,-0.2449675562314808,20,0.4,0.755675915091609,-499.61881017188944,0.964527027027027,0.8861486486486486,0.8155405405405406,0.8158783783783784,0.8928378378378379,False
GBPUSD1440_comma,daily,20,150,long_only,price_slow,0.0025,-0.0018247104456480256,-0.7407208543282751,-0.9436143634519205,-0.010190212951851919,-0.17906499641073859,47,0.14893617021276595,0.9249997922315172,-56.71992869477556,0.7628378378378379,0.9824324324324324,0.9827702702702703,0.9685810810810811,0.8925844594594595,False
GBPUSD1440_comma,daily,40,100,long_only,none,0.0025,-0.0016390663863566912,-0.74537401580288,-0.9459498105750686,-0.008804028780264832,-0.186172311252643,28,0.5,0.946150138672757,-57.15579689995824,0.7570945945945946,0.985472972972973,0.9847972972972973,0.9760135135135135,0.8925675675675675,False
GBPUSD1440_comma,daily,10,100,long_short,price_slow,0.0,-0.00948496277235411,-0.5449630377367678,-0.7182422135707166,-0.03787959647835379,-0.25039767194389917,146,0.2465753424657534,0.8750679251890757,-81.19322104186233,0.9648648648648649,0.8513513513513513,0.7581081081081081,0.9439189189189189,0.8919932432432433,False
GBPUSD1440_comma,daily,50,75,long_short,none,0.005,-0.005297090263572279,-0.6721656633382823,-0.8843926744143491,-0.026331812616045825,-0.2011669436058644,57,0.43859649122807015,0.8740311058139231,-123.06902933060597,0.8391891891891892,0.9290540540540541,0.9101351351351351,0.9429054054054054,0.891402027027027,False
GBPUSD1440_comma,daily,40,75,long_only,none,0.0025,-0.0015136765046164236,-0.7510819288524885,-0.9731910667309055,-0.008782889082253881,-0.1723438028694746,38,0.47368421052631576,0.9469926772891294,-56.490492335427234,0.7523648648648649,0.9858108108108108,0.985472972972973,0.9763513513513513,0.8909459459459459,False
GBPUSD1440_comma,daily,100,400,long_short,price_slow,0.005,-0.008412237346103413,-0.5904278893698682,-0.7968354594017418,-0.03166394626914955,-0.2656724236012088,54,0.2037037037037037,0.7908913342799239,-176.18315603993412,0.9341216216216216,0.8983108108108108,0.8101351351351351,0.870945945945946,0.8908952702702704,False
GBPUSD1440_comma,daily,30,200,long_short,none,0.001,-0.010043415082774176,-0.539293345022306,-0.7303674087933731,-0.03250253214045452,-0.3090040812627508,31,0.2903225806451613,0.8043148806804032,-405.6351011487047,0.9682432432432433,0.893581081081081,0.7320945945945946,0.8834459459459459,0.8896283783783784,False
GBPUSD1440_comma,daily,5,500,long_short,price_slow,0.001,-0.009072276744288676,-0.5526764409446501,-0.7565582555335607,-0.030865405995720598,-0.2939302578928177,61,0.14754098360655737,0.760881410235147,-176.39798954158806,0.9597972972972973,0.9043918918918918,0.7787162162162162,0.8253378378378379,0.8895608108108108,False
GBPUSD1440_comma,daily,10,75,long_short,slow_slope,0.001,-0.008994320308580828,-0.5759878470185962,-0.7487260875264127,-0.03737221322685699,-0.24066865545220617,179,0.36312849162011174,0.8699048073695492,-66.07734114778368,0.9449324324324324,0.856081081081081,0.7831081081081082,0.9395270270270271,0.889543918918919,False
GBPUSD1440_comma,daily,40,150,long_short,none,0.0025,-0.009566644775837574,-0.551283697006445,-0.7127743700630811,-0.03685981994248374,-0.25954127803026217,37,0.35135135135135137,0.8417891992125714,-257.7203444568557,0.9611486486486487,0.860472972972973,0.7550675675675675,0.9209459459459459,0.8887331081081081,False
GBPUSD1440_comma,daily,5,400,long_short,none,0.0,-0.009736298186698744,-0.5456232909499257,-0.7484795150853947,-0.0314624814887196,-0.3094574148637814,49,0.24489795918367346,0.7783298612785082,-234.36832592356623,0.9641891891891892,0.8996621621621622,0.7483108108108109,0.8533783783783784,0.8882601351351352,False
GBPUSD1440_comma,daily,60,100,long_short,price_slow,0.001,-0.008011007179755891,-0.590819044470084,-0.7596655510096576,-0.03973115287209327,-0.2016303731619813,121,0.2892561983471074,0.8692557036519843,-77.20358893634102,0.933445945945946,0.8337837837837838,0.8263513513513514,0.9388513513513513,0.8879222972972974,False
GBPUSD1440_comma,daily,10,75,long_short,slow_slope,0.0,-0.009118931946113684,-0.566186202639918,-0.7346914299687911,-0.03919633871256167,-0.2326475442766608,183,0.37158469945355194,0.8712209292376307,-64.13819793191504,0.9533783783783784,0.839527027027027,0.7763513513513514,0.9408783783783784,0.8876351351351353,False
GBPUSD1440_comma,daily,75,400,long_short,fast_slope,0.0,-0.006465321129499935,-0.6720413483615134,-0.8893991616862051,-0.02632726165053965,-0.24557514622366394,128,0.2734375,0.8871186313642335,-57.93875566006996,0.839527027027027,0.9293918918918919,0.8773648648648649,0.9503378378378379,0.8861824324324324,False
GBPUSD1440_comma,daily,5,150,long_short,price_slow,0.001,-0.009909692267419223,-0.5444170809469667,-0.7170297448514946,-0.037835909432770244,-0.2619123582856526,110,0.2,0.8459465979957884,-110.33917286725969,0.9652027027027027,0.852027027027027,0.7402027027027027,0.9253378378378379,0.8859290540540541,False
GBPUSD1440_comma,daily,30,150,long_short,price_slow,0.001,-0.009424967343589108,-0.5608388495830494,-0.7288373029281169,-0.03825613878363128,-0.24636483563839917,96,0.1875,0.8541870495456498,-114.6886814291696,0.9550675675675676,0.8483108108108108,0.7611486486486486,0.9297297297297298,0.8857939189189189,False
GBPUSD1440_comma,daily,75,500,long_short,fast_slope,0.0,-0.005944843375810804,-0.6820355820789517,-0.8985022031856756,-0.025975147938025956,-0.22886658393609893,122,0.29508196721311475,0.8932341040965546,-53.88370913503485,0.8283783783783784,0.9310810810810811,0.8922297297297297,0.9543918918918919,0.8857263513513514,False
GBPUSD1440_comma,daily,30,200,long_short,price_slow,0.005,-0.009720212335997402,-0.5915033911906288,-0.7786683622369223,-0.03126347137734229,-0.3109127652101351,66,0.21212121212121213,0.8314754664074521,-164.29818868690253,0.9331081081081081,0.902027027027027,0.7496621621621622,0.9128378378378378,0.8856081081081082,False
GBPUSD1440_comma,daily,75,150,long_short,price_slow,0.005,-0.007083718619224522,-0.6352536165215389,-0.8430277090624924,-0.03467784093035518,-0.20427219311176326,75,0.25333333333333335,0.8574266946581751,-108.69934653438798,0.885472972972973,0.8777027027027027,0.8594594594594595,0.9320945945945946,0.885320945945946,False
GBPUSD1440_comma,daily,50,100,long_only,none,0.005,0.00079108887106627,-0.7741955472858241,-0.9852822251332704,0.006205965272452375,-0.12747233288233661,25,0.52,1.060020944618389,61.202562576156744,0.7192567567567567,0.9962837837837838,0.9962837837837838,0.9949324324324325,0.8852702702702703,False
GBPUSD1440_comma,daily,40,100,long_short,slow_slope,0.001,-0.009687790477771463,-0.579944165629132,-0.7456659683788834,-0.03567934591386965,-0.2715237689939132,125,0.288,0.8627818078825497,-86.32648942377564,0.9425675675675675,0.8672297297297298,0.7506756756756757,0.9354729729729729,0.8842905405405407,False
GBPUSD1440_comma,daily,10,500,long_short,price_slow,0.0,-0.009428954023620872,-0.5588832272938011,-0.7630933904044542,-0.030618827925361393,-0.3079462756251008,64,0.125,0.7579273846742902,-173.64660132358142,0.956418918918919,0.9054054054054054,0.7608108108108108,0.8192567567567568,0.8839695945945946,False
GBPUSD1440_comma,daily,50,75,long_short,slow_slope,0.0,-0.009387710111581682,-0.5699490819255696,-0.7433680433938337,-0.03940518732562254,-0.2382353885037234,171,0.3157894736842105,0.8779121628540043,-67.2032263270111,0.9496621621621621,0.8378378378378378,0.7631756756756757,0.9466216216216217,0.8839527027027028,False
GBPUSD1440_comma,daily,75,250,long_short,combined,0.005,-0.004913070223510063,-0.6909124295915235,-0.9136595908864327,-0.030532633119857405,-0.1609121035917065,127,0.33858267716535434,0.9186512083465761,-43.14262224039721,0.8192567567567568,0.9060810810810811,0.9226351351351352,0.9652027027027027,0.8835304054054055,False
GBPUSD1440_comma,daily,10,200,long_short,none,0.0025,-0.009706512699322545,-0.543495925475542,-0.7449886200642116,-0.03916099111853054,-0.24786177321057468,52,0.25,0.8343616051207776,-213.18049868794276,0.9658783783783784,0.8398648648648649,0.75,0.9138513513513513,0.8833952702702703,False
GBPUSD1440_comma,daily,20,150,long_only,none,0.0,-0.0031720658434204463,-0.72313909790203,-0.9168104235004895,-0.01943894862935915,-0.16318093657748511,20,0.25,0.8379563020982634,-264.66406025521525,0.7807432432432433,0.9614864864864865,0.9621621621621622,0.9172297297297297,0.8826858108108109,False
GBPUSD1440_comma,daily,10,150,long_only,price_slow,0.0025,-0.002730988861397665,-0.7488187539129155,-0.9525278686102389,-0.012809502869842756,-0.21320022245572046,41,0.17073170731707318,0.8847479707957515,-109.27667664533377,0.7550675675675675,0.9766891891891892,0.9692567567567567,0.9493243243243243,0.8824493243243243,False
GBPUSD1440_comma,daily,75,100,long_short,none,0.005,-0.004602326169616422,-0.720797580047115,-0.9560856936963468,-0.02029535669180916,-0.22676744437183693,43,0.4186046511627907,0.8879968214684125,-130.95110837481394,0.7837837837837838,0.9591216216216216,0.9304054054054054,0.952027027027027,0.8821790540540542,False
GBPUSD1440_comma,daily,30,50,long_short,none,0.001,-0.010632845425478599,-0.5749606294726548,-0.7916890342375782,-0.03291258152539713,-0.3230632461107227,109,0.3669724770642202,0.8585447586104386,-126.19661490722675,0.9459459459459459,0.8912162162162162,0.7027027027027027,0.9327702702702703,0.8816385135135135,False
GBPUSD1440_comma,daily,75,150,long_short,fast_slope,0.001,-0.008640337149539712,-0.6193450619518761,-0.7862098306960528,-0.03556468103388342,-0.2429471289594256,139,0.3669064748201439,0.8707628423877376,-78.58418249421273,0.9074324324324324,0.8685810810810811,0.7989864864864865,0.9402027027027027,0.8809459459459459,False
GBPUSD1440_comma,daily,50,150,long_only,price_slow,0.0,-0.0017716775842980814,-0.7669246435636616,-0.9723410019653763,-0.010218056965996751,-0.173386935519522,45,0.17777777777777778,0.9435406440391924,-44.531239188406644,0.7304054054054054,0.9820945945945946,0.9837837837837838,0.9753378378378378,0.8807432432432432,False
GBPUSD1440_comma,daily,10,150,long_short,price_slow,0.0025,-0.009909561004884382,-0.555932863048525,-0.7257569233861718,-0.03894618423320141,-0.2544424107262486,92,0.20652173913043478,0.844395998397198,-129.04376156554636,0.9570945945945946,0.8425675675675676,0.7405405405405405,0.9233108108108108,0.8800844594594595,False
GBPUSD1440_comma,daily,75,400,long_short,fast_slope,0.005,-0.006366134243217636,-0.6852658945241881,-0.906536503060106,-0.02687891041462123,-0.23684495186064802,116,0.27586206896551724,0.8810219037139555,-63.471631019214044,0.825,0.9263513513513514,0.8804054054054054,0.9483108108108108,0.8799155405405406,False
GBPUSD1440_comma,daily,10,150,long_only,price_slow,0.0,-0.003132547045187173,-0.744428880367342,-0.9484942114280137,-0.016975510986050747,-0.18453329904244264,50,0.16,0.8716835947002428,-106.70195265797227,0.7577702702702702,0.9685810810810811,0.9631756756756756,0.9418918918918919,0.8791722972972974,False
GBPUSD1440_comma,daily,10,200,long_short,none,0.001,-0.01005184859436059,-0.5421069869309151,-0.7473354087975785,-0.0385108359763783,-0.261013513197329,51,0.21568627450980393,0.8170232018246244,-235.422538550595,0.966554054054054,0.8469594594594595,0.731418918918919,0.8959459459459459,0.8790371621621622,False
GBPUSD1440_comma,daily,30,200,long_short,none,0.0,-0.010548014982241227,-0.5418770393726814,-0.7359917726072845,-0.03430127653547601,-0.3075108581259933,32,0.28125,0.7894214843605296,-425.0977243338465,0.9668918918918918,0.8804054054054054,0.7074324324324325,0.8692567567567567,0.8787331081081082,False
GBPUSD1440_comma,daily,50,100,long_short,none,0.0,-0.010457186594031942,-0.5343348326362715,-0.7148961491966405,-0.04007557352956516,-0.26093666722741493,52,0.34615384615384615,0.8481671238443806,-196.7343093423434,0.9692567567567567,0.831418918918919,0.7125,0.927027027027027,0.8771114864864865,False
GBPUSD1440_comma,daily,75,150,long_short,fast_slope,0.0,-0.008877567697666455,-0.6156485492115683,-0.7833574019066776,-0.03734160441802092,-0.23773932148941557,143,0.35664335664335667,0.8690027516031441,-77.88213104747767,0.9114864864864864,0.856418918918919,0.7864864864864864,0.9385135135135135,0.8767736486486486,False
GBPUSD1440_comma,daily,60,100,long_only,none,0.001,-0.003096873884255724,-0.7372947188135066,-0.9343072891489799,-0.019018055368305496,-0.16283861963178492,28,0.35714285714285715,0.8306110394840566,-181.5329693052904,0.7655405405405405,0.9631756756756756,0.9641891891891892,0.9108108108108108,0.8764695945945946,False
GBPUSD1440_comma,daily,100,250,long_short,price_slow,0.005,-0.007852607565294267,-0.6296969589913748,-0.8498061038428523,-0.03556832642490386,-0.22077528955076475,64,0.15625,0.8157111792143309,-138.4745559380754,0.8962837837837838,0.8682432432432432,0.8331081081081081,0.8945945945945946,0.8763851351351352,False
GBPUSD1440_comma,daily,75,300,long_short,fast_slope,0.0,-0.007052428066148808,-0.6637782013968334,-0.8765786249241042,-0.03313036745565244,-0.21286899626419864,135,0.2962962962962963,0.8811789623741686,-58.18600218891683,0.8486486486486486,0.8891891891891892,0.860472972972973,0.9486486486486486,0.8761486486486487,False
GBPUSD1440_comma,daily,40,100,long_only,price_slow,0.0025,-0.0007429649807101368,-0.7845705919822819,-0.9995147818618115,-0.005585061217502021,-0.13302718659231383,58,0.3793103448275862,0.9942985665638104,-3.01214618818737,0.706418918918919,0.9891891891891892,0.9902027027027027,0.9871621621621621,0.8759797297297297,False
GBPUSD1440_comma,daily,10,100,long_only,none,0.001,-0.0038202668595979095,-0.738045895297842,-0.9411652788801197,-0.019516698992987996,-0.19574349437732597,41,0.34146341463414637,0.8542208764529423,-149.50530072431204,0.7652027027027027,0.9608108108108108,0.9493243243243243,0.9300675675675676,0.8756587837837838,False
GBPUSD1440_comma,daily,10,500,long_short,none,0.0,-0.009650426162691184,-0.5503584079422007,-0.7493764748994037,-0.03249877169254897,-0.2969474124741689,32,0.21875,0.7300952666208061,-341.2340003633007,0.9614864864864865,0.893918918918919,0.7520270270270271,0.7804054054054054,0.8755405405405404,False
GBPUSD1440_comma,daily,5,150,long_short,none,0.005,-0.009455400373729717,-0.5555224319830572,-0.7211771623270193,-0.04205305408026298,-0.22484455839243023,85,0.2235294117647059,0.85516392679596,-127.8148363561518,0.9581081081081081,0.8023648648648649,0.760472972972973,0.9304054054054054,0.875489864864865,False
GBPUSD1440_comma,daily,75,100,long_short,fast_slope,0.005,-0.00443267164040595,-0.738847046384428,-0.9834524665640572,-0.021306663789264917,-0.20804156315824973,58,0.3793103448275862,0.8894910561738778,-95.17738363024279,0.764527027027027,0.9554054054054054,0.9361486486486487,0.9530405405405405,0.874847972972973,False
GBPUSD1440_comma,daily,20,500,long_short,price_slow,0.0025,-0.009538081738050153,-0.5709539248642177,-0.7715796968530892,-0.03197773353810451,-0.2982726004231858,48,0.1875,0.7397668771743557,-240.19809261008163,0.9489864864864865,0.8976351351351352,0.7557432432432433,0.7969594594594595,0.874695945945946,False
GBPUSD1440_comma,daily,5,500,long_short,none,0.001,-0.009720570867024825,-0.5530674878781257,-0.7546143791213963,-0.03334392110871191,-0.291524528124111,40,0.225,0.7306810943800207,-286.7252753966291,0.9594594594594594,0.8871621621621621,0.7493243243243243,0.7820945945945946,0.8727533783783784,False
GBPUSD1440_comma,daily,75,400,long_short,price_slow,0.0025,-0.009470820208344888,-0.5897180949949041,-0.7992077008209091,-0.033659794129600226,-0.281368928516895,54,0.2037037037037037,0.7649718407081085,-216.61399368187372,0.9351351351351351,0.8858108108108108,0.7594594594594595,0.8341216216216216,0.872516891891892,False
GBPUSD1440_comma,daily,40,100,long_only,none,0.005,-0.0007551790610377251,-0.7892095568669382,-1.0010027055252024,-0.00704445154803155,-0.10720196680872152,25,0.44,0.9538712734921615,-44.3533166908623,0.7006756756756757,0.9885135135135135,0.9898648648648649,0.977027027027027,0.8719256756756757,False
GBPUSD1440_comma,daily,20,75,long_short,slow_slope,0.005,-0.00743933606344771,-0.6197885524341415,-0.825833398707808,-0.042888247754285,-0.17345861519148775,135,0.3037037037037037,0.8783067545726575,-67.677954991857,0.9067567567567567,0.789527027027027,0.8466216216216216,0.9469594594594595,0.8714527027027027,False
GBPUSD1440_comma,daily,20,75,long_short,none,0.0025,-0.010508352839211033,-0.5845237879462988,-0.7941322702162168,-0.03513496650556344,-0.2990853239477854,84,0.3333333333333333,0.8213801262801536,-158.97376236132592,0.9378378378378378,0.8726351351351351,0.7097972972972973,0.9006756756756756,0.8703547297297297,False
GBPUSD1440_comma,daily,40,250,long_short,price_slow,0.005,-0.009567415960212045,-0.5992772858351046,-0.8068617819998277,-0.03703669479807973,-0.25832261794343736,66,0.19696969696969696,0.8118343998569056,-152.4778441886528,0.927027027027027,0.8584459459459459,0.7547297297297297,0.8918918918918919,0.870152027027027,False
GBPUSD1440_comma,daily,50,150,long_only,price_slow,0.005,-0.0012203749810364428,-0.7893231886998642,-1.00194243252636,-0.008073082233696986,-0.15116592965479858,31,0.1935483870967742,0.9383885281671316,-62.542038122967064,0.7003378378378379,0.9868243243243243,0.9871621621621621,0.9722972972972973,0.8701182432432433,False
GBPUSD1440_comma,daily,5,150,long_short,price_slow,0.0025,-0.010444638141327234,-0.5568691544227123,-0.7306893765814485,-0.04033503494483885,-0.258947045803011,93,0.20430107526881722,0.8388826788564787,-135.79733609689652,0.9567567567567568,0.8260135135135135,0.7135135135135136,0.918918918918919,0.8697466216216216,False
GBPUSD1440_comma,daily,5,400,long_short,none,0.005,-0.009956512786765681,-0.5631206717098786,-0.7654569976058577,-0.035754225830973846,-0.2784709375007741,51,0.1568627450980392,0.7590188487824389,-235.20063466158783,0.9543918918918919,0.8665540540540541,0.7364864864864865,0.8209459459459459,0.8688344594594595,False
GBPUSD1440_comma,daily,60,150,long_only,price_slow,0.0,-0.002156659710241926,-0.7831427541301725,-0.9976457724244635,-0.01340783445957052,-0.16085071133187367,40,0.175,0.9142973080981022,-82.3042568390384,0.7087837837837838,0.9760135135135135,0.9773648648648648,0.9631756756756756,0.8674662162162163,False
GBPUSD1440_comma,daily,40,100,long_only,none,0.0,-0.004179491282197523,-0.736465573019689,-0.9356456681902857,-0.022623721504306322,-0.18473933571901402,26,0.38461538461538464,0.8188055713259039,-241.64626569289018,0.7658783783783784,0.9476351351351351,0.9432432432432433,0.8986486486486487,0.8667060810810812,False
GBPUSD1440_comma,daily,20,400,long_short,price_slow,0.005,-0.00990582838723053,-0.5775033148942869,-0.7759115369870306,-0.03542973820713795,-0.27959078696310624,46,0.2608695652173913,0.7590432837527312,-244.15867009714913,0.9439189189189189,0.8699324324324325,0.7408783783783783,0.8212837837837837,0.866418918918919,False
GBPUSD1440_comma,daily,5,150,long_only,none,0.0,-0.004333444248175056,-0.743004099210243,-0.9422426828050232,-0.021828639938714627,-0.19852103751500283,35,0.17142857142857143,0.8269693893330049,-196.984122928171,0.7601351351351351,0.9523648648648648,0.9388513513513513,0.9087837837837838,0.866233108108108,False
GBPUSD1440_comma,daily,50,75,long_only,none,0.0025,-0.0020921197711389894,-0.7896726547781228,-1.0178386936189456,-0.012249166953433237,-0.1707969022785344,45,0.4888888888888889,0.9395745537900713,-52.659449408042,0.6993243243243243,0.9777027027027027,0.9787162162162162,0.972972972972973,0.8658445945945945,False
GBPUSD1440_comma,daily,20,100,long_only,none,0.005,-0.0007952711933688628,-0.8068193884062581,-1.09001615762578,-0.0052171582964642945,-0.15243378639820526,30,0.43333333333333335,0.9855364918335179,-11.196475667266434,0.6814189189189189,0.9898648648648649,0.9891891891891892,0.985472972972973,0.8656925675675676,False
GBPUSD1440_comma,daily,5,100,long_short,slow_slope,0.001,-0.010125327645510773,-0.5806750727967176,-0.7530416218092469,-0.04164187223597955,-0.24315255539260439,156,0.32051282051282054,0.8666337530339708,-78.67459691390125,0.9412162162162162,0.8087837837837838,0.727027027027027,0.9375,0.8647128378378379,False
GBPUSD1440_comma,daily,100,500,long_short,price_slow,0.005,-0.00886477391920637,-0.6072751177279073,-0.8183904952250426,-0.03442284971563189,-0.25752585833068764,50,0.14,0.7344500934156736,-224.81554893044373,0.9206081081081081,0.8793918918918919,0.7881756756756757,0.7898648648648648,0.8642060810810811,False
GBPUSD1440_comma,daily,40,100,long_only,slow_slope,0.001,-0.0020028142518380143,-0.7925230730683677,-0.9994781746754136,-0.014795278888819516,-0.13536846901557897,52,0.3076923076923077,0.9149534450993368,-56.51731204275908,0.697972972972973,0.9733108108108108,0.9797297297297297,0.9638513513513514,0.8630405405405406,False
GBPUSD1440_comma,daily,75,300,long_short,fast_slope,0.001,-0.007801956298305934,-0.6846707839323655,-0.9073054847835538,-0.03241921918152019,-0.2406583654782548,126,0.29365079365079366,0.8649473001701862,-72.76036392014014,0.8260135135135135,0.8945945945945946,0.8351351351351352,0.9368243243243243,0.8616047297297297,False
GBPUSD1440_comma,daily,60,100,long_only,price_slow,0.0,-0.0018816303124962186,-0.7971778817091979,-1.0116077351559345,-0.015187624908029879,-0.12389233496946439,63,0.36507936507936506,0.9206077116895516,-44.421978217185824,0.6935810810810811,0.9719594594594595,0.9807432432432432,0.9668918918918918,0.8616047297297297,False
GBPUSD1440_comma,daily,50,75,long_only,none,0.001,-0.004181640921939844,-0.7553846338143443,-0.970245250753415,-0.023224870146446735,-0.18005013141395798,37,0.40540540540540543,0.8525978359466737,-154.839755943084,0.7425675675675676,0.9462837837837837,0.9429054054054054,0.9293918918918919,0.8615878378378378,False
GBPUSD1440_comma,daily,30,200,long_short,price_slow,0.0025,-0.010991030752221298,-0.6006479578556874,-0.7950949316056741,-0.03424712425189032,-0.3209329540016672,70,0.2,0.8165818655801783,-174.485423150406,0.9253378378378379,0.8807432432432433,0.6847972972972973,0.8952702702702703,0.861570945945946,False
GBPUSD1440_comma,daily,40,50,long_short,none,0.0,-0.012531779024224754,-0.555589717633707,-0.7928346230364809,-0.03446605172745976,-0.36359775477968215,140,0.40714285714285714,0.856241214840948,-114.90206470603691,0.9577702702702703,0.8787162162162162,0.5942567567567567,0.9314189189189189,0.8613513513513514,False
GBPUSD1440_comma,daily,60,75,long_only,none,0.0,-0.0050020239158868884,-0.7408897232817112,-0.938599138987644,-0.026056792049568445,-0.1919662215660094,41,0.4634146341463415,0.8557677218707321,-166.7189123632249,0.7621621621621621,0.9307432432432432,0.9209459459459459,0.9307432432432432,0.8613513513513512,False
GBPUSD1440_comma,daily,10,150,long_only,none,0.005,-0.003333341416002056,-0.7724626052240661,-0.9843020434897329,-0.019132821114345316,-0.17422111439189691,29,0.20689655172413793,0.8612262311400247,-181.28922778421983,0.720945945945946,0.9628378378378378,0.9587837837837838,0.9337837837837838,0.8609121621621622,False
GBPUSD1440_comma,daily,50,100,long_short,price_slow,0.0,-0.009929039380547677,-0.5901722058137596,-0.7623886369937934,-0.04259112605902404,-0.2331246036272373,129,0.29457364341085274,0.8603252763987692,-88.69558989280549,0.9344594594594594,0.7942567567567568,0.7385135135135135,0.933445945945946,0.8600675675675676,False
GBPUSD1440_comma,daily,20,100,long_only,price_slow,0.0,-0.00350526410139107,-0.7736966360943743,-0.989538445236814,-0.02105210683425982,-0.16650419499518532,70,0.3,0.8762997728457148,-80.05303002291875,0.7195945945945946,0.9557432432432432,0.9554054054054054,0.9452702702702702,0.8596452702702703,False
GBPUSD1440_comma,daily,40,200,long_short,none,0.0,-0.011546722215629357,-0.5539062636596868,-0.7522805993025675,-0.03401431252525193,-0.3394665762260275,30,0.3,0.766782585723795,-503.4139827254967,0.9591216216216216,0.8827702702702702,0.6493243243243243,0.8361486486486487,0.8596283783783784,False
GBPUSD1440_comma,daily,60,75,long_only,none,0.0025,0.00036536495455608,-0.8361975072021878,-1.0698041140143804,0.0026468723157178652,-0.1380364864547644,42,0.4523809523809524,1.0196176737311768,14.253476768109765,0.6550675675675676,0.9952702702702703,0.9949324324324325,0.9918918918918919,0.8586148648648648,False
GBPUSD1440_comma,daily,100,150,long_short,price_slow,0.001,-0.009100401682899828,-0.6410968672408044,-0.8486291022675198,-0.0375196575813751,-0.2425502328522663,92,0.2391304347826087,0.8454597268512374,-105.57780503844444,0.8766891891891891,0.8540540540540541,0.7777027027027027,0.9246621621621621,0.8584290540540541,False
GBPUSD1440_comma,daily,10,400,long_only,none,0.0,-0.0006813685668416447,-0.8194611265408115,-1.0844386216098396,-0.005321057857084989,-0.12805133587006623,14,0.35714285714285715,0.9180948051941573,-90.96032285051392,0.6692567567567568,0.989527027027027,0.9908783783783783,0.964527027027027,0.8579391891891891,True
GBPUSD1440_comma,daily,5,400,long_short,price_slow,0.0,-0.011276070055567966,-0.5718779042116993,-0.7870639538376898,-0.03373931811071454,-0.33421155752365495,75,0.13333333333333333,0.7595146975064795,-183.24515855534898,0.947972972972973,0.8844594594594595,0.668918918918919,0.8219594594594595,0.8573817567567569,False
GBPUSD1440_comma,daily,40,75,long_short,slow_slope,0.005,-0.00770205074029906,-0.6622880412490735,-0.8756798064215366,-0.03945152502837373,-0.1952282132252101,106,0.330188679245283,0.8620260736820927,-90.76204375934776,0.8503378378378378,0.8375,0.8381756756756756,0.9347972972972973,0.8573648648648649,False
GBPUSD1440_comma,daily,50,100,long_only,price_slow,0.0025,-0.001314286822284183,-0.8173711748690334,-1.0406965267332877,-0.010657965075712834,-0.12331498676789199,55,0.36363636363636365,0.9402608793769348,-35.906916540064316,0.6712837837837838,0.981081081081081,0.9864864864864865,0.9736486486486486,0.8571283783783783,False
GBPUSD1440_comma,daily,100,250,long_short,fast_slope,0.005,-0.007760124850607397,-0.688699316483148,-0.9115069969019146,-0.033259384306600456,-0.2333213621476261,95,0.2631578947368421,0.8479504894016225,-98.87353589666951,0.8219594594594595,0.8878378378378379,0.8368243243243243,0.9266891891891892,0.8571114864864866,False
GBPUSD1440_comma,daily,5,150,long_only,none,0.0025,-0.0044652697655389595,-0.762769136788961,-0.9674292955050895,-0.021759382565973942,-0.20521123483170378,37,0.21621621621621623,0.817657021934393,-199.28609605810763,0.7368243243243243,0.9533783783783784,0.9347972972972973,0.8966216216216216,0.8545270270270271,False
GBPUSD1440_comma,daily,40,200,long_short,none,0.0025,-0.011604599460036225,-0.56850884851873,-0.7642665143654531,-0.03486959777609908,-0.33279992314653106,30,0.3333333333333333,0.7684137967051212,-498.97857189968175,0.9516891891891892,0.875,0.6449324324324325,0.8391891891891892,0.8542905405405405,False
GBPUSD1440_comma,daily,30,200,long_short,none,0.0025,-0.011706144862706713,-0.5675505603435738,-0.7596092881738695,-0.035466812829537814,-0.3300591152345521,33,0.2727272727272727,0.7785056377401639,-446.1838841910901,0.9527027027027027,0.8695945945945946,0.6375,0.8540540540540541,0.8540878378378378,False
GBPUSD1440_comma,daily,50,150,long_short,price_slow,0.005,-0.009728248756030178,-0.6120845047708725,-0.7755556694449345,-0.04169800369265208,-0.23330250598410462,71,0.22535211267605634,0.8185904424211137,-169.80054365565707,0.9175675675675675,0.8081081081081081,0.7489864864864865,0.8983108108108108,0.853597972972973,False
GBPUSD1440_comma,daily,40,150,long_short,price_slow,0.0,-0.009864708561221347,-0.5720568276838884,-0.738408719285502,-0.04597060584696746,-0.21458730811728233,100,0.19,0.8397587897540665,-115.23788871418208,0.9476351351351351,0.7506756756756757,0.7442567567567567,0.9199324324324324,0.8535641891891893,False
GBPUSD1440_comma,daily,5,150,long_only,none,0.001,-0.004698610895945476,-0.7537504348512615,-0.9549692329883542,-0.023639994757514726,-0.19875685016604638,36,0.16666666666666666,0.8057565826786749,-218.95300549705195,0.7456081081081081,0.9435810810810811,0.9287162162162163,0.885472972972973,0.8527027027027028,False
GBPUSD1440_comma,daily,30,100,long_short,slow_slope,0.0,-0.011499570580399965,-0.5915233320113407,-0.7700830528057592,-0.0392024115508387,-0.2933383464302196,135,0.26666666666666666,0.845295291363891,-98.83278783248008,0.9327702702702703,0.8391891891891892,0.6537162162162162,0.9243243243243243,0.8522972972972974,False
GBPUSD1440_comma,daily,75,500,long_short,fast_slope,0.001,-0.007579973450707933,-0.7120097517248487,-0.9365315299105179,-0.030804358912505082,-0.24606820976984622,120,0.2916666666666667,0.8558699850275052,-74.42833129735645,0.7942567567567568,0.9047297297297298,0.8432432432432433,0.9310810810810811,0.852195945945946,False
GBPUSD1440_comma,daily,75,200,long_short,fast_slope,0.0025,-0.009017582144047687,-0.6739354942392494,-0.8895985532185363,-0.03384144329078474,-0.266465648836651,128,0.3203125,0.8500177461462649,-86.09637554316902,0.8361486486486487,0.8841216216216217,0.7824324324324324,0.9283783783783783,0.8512331081081083,False
GBPUSD1440_comma,daily,60,150,long_only,price_slow,0.0025,-0.002362484194245673,-0.8124942694896788,-1.0324159094214804,-0.015684603927747398,-0.15062440882337091,34,0.2647058823529412,0.8899951826584123,-102.88895787271512,0.6760135135135135,0.9712837837837838,0.9743243243243244,0.9533783783783784,0.851097972972973,False
GBPUSD1440_comma,daily,50,100,long_only,none,0.0025,-0.0030774203264535283,-0.7847556063045563,-0.994179989842897,-0.02207040760426231,-0.1394364971247385,26,0.4230769230769231,0.8380449375479333,-181.27099912391213,0.706081081081081,0.9513513513513514,0.9648648648648649,0.9179054054054054,0.8509290540540541,False
GBPUSD1440_comma,daily,20,100,long_only,price_slow,0.005,-0.0010694994125771684,-0.8439768698094268,-1.147727793596606,-0.009406821084906163,-0.11369403148245771,49,0.3877551020408163,0.975075666495648,-15.786485818487707,0.6486486486486487,0.9837837837837838,0.9885135135135135,0.9837837837837838,0.8506756756756757,False
GBPUSD1440_comma,daily,5,150,long_only,price_slow,0.0025,-0.004325795528976162,-0.769848346859324,-0.97870528558609,-0.022320559870796394,-0.19380318208934866,44,0.18181818181818182,0.8219985204367714,-162.84783142711657,0.7239864864864864,0.95,0.9395270270270271,0.9013513513513514,0.8502027027027028,False
GBPUSD1440_comma,daily,10,75,long_only,none,0.0,-0.005790083014344916,-0.7530749272068615,-0.9603204422203647,-0.021779368466377104,-0.2658517405260681,50,0.44,0.8053401587806587,-186.60479223718488,0.7483108108108109,0.9530405405405405,0.8962837837837838,0.8844594594594595,0.8495101351351353,False
GBPUSD1440_comma,daily,5,250,long_short,price_slow,0.001,-0.011278832329431276,-0.5679311967960189,-0.7813468061541572,-0.04179615075582425,-0.2698533746641629,95,0.17894736842105263,0.8085525657833229,-126.73730989827376,0.9523648648648648,0.8064189189189189,0.668581081081081,0.8878378378378379,0.8494425675675675,False
GBPUSD1440_comma,daily,5,250,long_short,none,0.0025,-0.011363936588036583,-0.5665880297445952,-0.7731489900154535,-0.040746170932982745,-0.2788958159216338,74,0.17567567567567569,0.7885060168505428,-181.26181799664153,0.9530405405405405,0.8209459459459459,0.6635135135135135,0.8672297297297298,0.8492398648648649,False
GBPUSD1440_comma,daily,10,200,long_short,price_slow,0.0,-0.011540367929717021,-0.5805292245356686,-0.7864709073999693,-0.040196451711365905,-0.28709917016018305,99,0.16161616161616163,0.8183817612288304,-132.64095909004823,0.941554054054054,0.8287162162162162,0.6510135135135136,0.897972972972973,0.8486993243243243,False
GBPUSD1440_comma,daily,5,150,long_short,price_slow,0.005,-0.010427821612744137,-0.5696503719972368,-0.740504630105376,-0.04576160252777229,-0.22787273689586351,92,0.22826086956521738,0.8352157719585371,-135.20833813177836,0.9503378378378379,0.7533783783783784,0.714527027027027,0.9152027027027027,0.8486655405405407,False
GBPUSD1440_comma,daily,5,150,long_only,price_slow,0.0,-0.004871022482707765,-0.7672284494564822,-0.9740611671092949,-0.02357397882590183,-0.20662708313607825,56,0.14285714285714285,0.816320593803757,-137.44927643107093,0.7297297297297297,0.9442567567567568,0.9243243243243243,0.8949324324324325,0.8470608108108107,False
GBPUSD1440_comma,daily,50,150,long_only,price_slow,0.001,-0.0033458866455458036,-0.8058969505521828,-1.0190250359306956,-0.02077106795014778,-0.16108399691225306,41,0.24390243902439024,0.8790786164066496,-103.97998691852531,0.683445945945946,0.9577702702702703,0.9581081081081081,0.9472972972972973,0.8465371621621622,False
GBPUSD1440_comma,daily,10,200,long_short,none,0.005,-0.010991054157144853,-0.5711309612402822,-0.7777633590557869,-0.043297484205970044,-0.2538497180311774,53,0.20754716981132076,0.8090600064409958,-235.65890992319706,0.9486486486486486,0.7847972972972973,0.6844594594594594,0.8888513513513514,0.8458783783783783,False
GBPUSD1440_comma,daily,50,100,long_only,price_slow,0.001,-0.002540575762007502,-0.8227916444990557,-1.044114236107771,-0.01937841912790614,-0.1311033549867292,61,0.3114754098360656,0.9128541300359531,-50.34024655721166,0.6665540540540541,0.9618243243243243,0.9712837837837838,0.9625,0.8457094594594595,False
GBPUSD1440_comma,daily,50,100,long_only,none,0.001,-0.0041834201519131975,-0.7693213296488766,-0.9750183812722268,-0.02659709915317286,-0.15728858729370654,27,0.37037037037037035,0.821371406539895,-207.36782733893872,0.725,0.9273648648648649,0.9425675675675675,0.9003378378378378,0.8454054054054054,False
GBPUSD1440_comma,daily,100,500,long_short,price_slow,0.0,-0.009867355653143672,-0.609211836010932,-0.8211129638538507,-0.035747550614247454,-0.2760288602601758,55,0.12727272727272726,0.7117125321993714,-231.3296357626552,0.9195945945945946,0.8668918918918919,0.7432432432432432,0.7449324324324325,0.8449493243243243,False
GBPUSD1440_comma,daily,60,100,long_short,slow_slope,0.0,-0.011565071776671099,-0.59766448859261,-0.7687633501674118,-0.040659492328894715,-0.2844371907824429,136,0.3235294117647059,0.8401253104017453,-97.554961591699,0.9283783783783783,0.8226351351351351,0.6466216216216216,0.9202702702702703,0.8443749999999999,False
GBPUSD1440_comma,daily,20,100,long_only,none,0.0025,-0.004275304982572781,-0.7789006507556092,-0.9957431951071567,-0.02429033264298101,-0.176008498747677,32,0.375,0.8229569888307424,-199.90229321655016,0.7131756756756756,0.9395270270270271,0.9408783783783784,0.9023648648648649,0.8436824324324325,False
GBPUSD1440_comma,daily,75,100,long_short,combined,0.005,-0.004884327398917865,-0.7691705969308656,-1.0277699781449343,-0.03135061517245823,-0.15579685987178926,66,0.3939393939393939,0.8856727818631607,-88.95627767492806,0.7256756756756757,0.9010135135135136,0.9236486486486486,0.9496621621621621,0.8427027027027028,False
GBPUSD1440_comma,daily,30,100,long_short,slow_slope,0.001,-0.011437268561358072,-0.6017021045639194,-0.7803627568877421,-0.041130473504917026,-0.2780728639068738,131,0.2824427480916031,0.8368641521081712,-104.95219091632924,0.9246621621621621,0.8155405405405406,0.6567567567567567,0.9162162162162162,0.8425337837837837,False
GBPUSD1440_comma,daily,40,150,long_only,none,0.005,-0.0035433286727908353,-0.7845395444815306,-0.989987500999927,-0.02259124573994513,-0.15684520958158732,15,0.4666666666666667,0.7968130516605612,-357.3947288722773,0.7067567567567568,0.9486486486486486,0.9543918918918919,0.8780405405405406,0.8424493243243243,True
GBPUSD1440_comma,daily,20,150,long_only,price_slow,0.001,-0.004385528069778211,-0.7828722194355788,-0.9962398459620754,-0.02425807959232772,-0.1807862841362452,49,0.16326530612244897,0.8258068972345651,-141.46558476819732,0.7094594594594594,0.9398648648648649,0.9375,0.9067567567567567,0.8422635135135136,False
GBPUSD1440_comma,daily,5,100,long_only,none,0.0025,-0.0047868472907943715,-0.7747327944538814,-0.9894231162873789,-0.024147649590363498,-0.19823243139591684,55,0.36363636363636365,0.8175212483100435,-142.76614925661985,0.7189189189189189,0.9402027027027027,0.9253378378378379,0.8962837837837838,0.8421283783783784,False
GBPUSD1440_comma,daily,40,150,long_only,price_slow,0.0,-0.00386114695974471,-0.8017436154491588,-1.0119069276588668,-0.021473523180924717,-0.1798096626814658,48,0.14583333333333334,0.8392447417074362,-123.33803929546873,0.6895270270270271,0.9543918918918919,0.947972972972973,0.9195945945945946,0.8419425675675676,False
GBPUSD1440_comma,daily,40,75,long_only,slow_slope,0.0025,-0.003014237195578473,-0.8323002482714459,-1.0665125775121136,-0.01778743179979843,-0.16945881954766684,72,0.3472222222222222,0.903977499082432,-62.194316659060306,0.6587837837837838,0.9662162162162162,0.9655405405405405,0.9581081081081081,0.8418918918918918,False
GBPUSD1440_comma,daily,75,250,long_short,combined,0.0,-0.007410204692183231,-0.708584332239787,-0.9395310636992443,-0.038499381249503355,-0.19247594251346112,140,0.3142857142857143,0.8750144123644712,-63.333745292150105,0.7969594594594595,0.8472972972972973,0.847972972972973,0.9435810810810811,0.8417398648648649,False
GBPUSD1440_comma,daily,20,200,long_short,none,0.0025,-0.011775516646588047,-0.5687468722940054,-0.7600681538665806,-0.039340478774679985,-0.2993231656897606,36,0.3055555555555556,0.7652130655113016,-401.6647701094142,0.9513513513513514,0.8381756756756756,0.6320945945945946,0.8347972972972973,0.8417229729729732,False
GBPUSD1440_comma,daily,10,300,long_short,none,0.0025,-0.011063757933846063,-0.5693672994878888,-0.7779107612189491,-0.04225835170393119,-0.2618123397561867,45,0.28888888888888886,0.7713604378136654,-265.62275434472866,0.9510135135135135,0.7969594594594595,0.6787162162162163,0.8422297297297298,0.8417229729729729,False
GBPUSD1440_comma,daily,5,150,long_only,price_slow,0.001,-0.00494826513429103,-0.7723565454573764,-0.9799684898343246,-0.023445244421123466,-0.21105624003786416,53,0.16981132075471697,0.8011276028512352,-155.69953779837252,0.7216216216216216,0.9445945945945946,0.9219594594594595,0.8810810810810811,0.8413513513513513,False
GBPUSD1440_comma,daily,75,300,long_short,fast_slope,0.0025,-0.008346800514629993,-0.704583533145411,-0.9335554250069129,-0.03505693684508094,-0.2380926933666535,118,0.2966101694915254,0.8486837534339537,-85.82634497572705,0.8016891891891892,0.8733108108108109,0.8118243243243243,0.9277027027027027,0.8405236486486487,False
GBPUSD1440_comma,daily,40,100,long_only,price_slow,0.005,-0.0019068271630592326,-0.8476172073737455,-1.0750353168850553,-0.013899185002334993,-0.13718985413453344,44,0.3409090909090909,0.8971600944047352,-66.3739054461822,0.6418918918918919,0.9746621621621622,0.9804054054054054,0.9557432432432432,0.8398648648648649,False
GBPUSD1440_comma,daily,100,150,long_only,none,0.001,-0.0030844817326955987,-0.7877713209477868,-1.040179348742235,-0.015388071915901323,-0.2004462774513185,15,0.4,0.7569506451293699,-322.1590510971647,0.7023648648648648,0.9716216216216216,0.964527027027027,0.8182432432432433,0.8394932432432433,True
GBPUSD1440_comma,daily,40,100,long_only,price_slow,0.0,-0.0033913626948524067,-0.806133761168224,-1.0270412288810224,-0.024890241158237618,-0.13625270535918488,65,0.3076923076923077,0.8667149394686718,-78.25387314854754,0.6827702702702703,0.9364864864864865,0.9574324324324325,0.9378378378378378,0.8393918918918918,False
GBPUSD1440_comma,daily,5,250,long_short,none,0.0,-0.012299366756765684,-0.5659078793207206,-0.7819824721749735,-0.04050912375773461,-0.3036196692459264,68,0.17647058823529413,0.7886444617993768,-207.72466798835003,0.9537162162162162,0.8246621621621621,0.606418918918919,0.8679054054054054,0.8391216216216216,False
GBPUSD1440_comma,daily,20,100,long_short,slow_slope,0.0,-0.01103416030977522,-0.5826198741700429,-0.7556159711161693,-0.04567911382205439,-0.24155810799568977,136,0.25735294117647056,0.8432385828713107,-96.48114630320237,0.9395270270270271,0.754054054054054,0.6807432432432432,0.9226351351351352,0.8388682432432433,False
GBPUSD1440_comma,daily,75,150,long_short,fast_slope,0.0025,-0.009735973806473064,-0.6623660245835793,-0.8442689348656958,-0.038610397474982856,-0.2521593778665804,128,0.3359375,0.8367310820421832,-98.3781720943807,0.85,0.8449324324324324,0.7486486486486487,0.9158783783783784,0.8383445945945946,False
GBPUSD1440_comma,daily,30,50,long_short,none,0.0025,-0.011041588639386202,-0.6359743456637631,-0.8582039495482328,-0.03845986583759133,-0.2870937898226874,107,0.32710280373831774,0.8314606165521908,-137.0002227240144,0.8837837837837837,0.8476351351351351,0.6800675675675676,0.9125,0.8383108108108108,False
GBPUSD1440_comma,daily,10,50,long_short,none,0.005,-0.01143359171436198,-0.6326338057729249,-0.8650482506178006,-0.03790203636804574,-0.30166167335540195,120,0.3333333333333333,0.8311400691633772,-123.2397352960351,0.8908783783783784,0.8510135135135135,0.6574324324324324,0.9121621621621622,0.8374155405405407,False
GBPUSD1440_comma,daily,20,75,long_short,none,0.001,-0.012500276689081713,-0.5825927661914101,-0.8058364721485702,-0.03904577165275545,-0.3201441836071275,81,0.4074074074074074,0.8000826322020057,-192.02522891231703,0.9398648648648649,0.8405405405405405,0.5962837837837838,0.8804054054054054,0.8373986486486487,False
GBPUSD1440_comma,daily,10,150,long_only,price_slow,0.001,-0.0049610929062436915,-0.7804228488101368,-0.9932587887540272,-0.025344259272641417,-0.19574819105481156,49,0.16326530612244897,0.8178060194268119,-159.97005529984432,0.7114864864864865,0.9341216216216216,0.9216216216216216,0.8969594594594594,0.8369932432432433,False
GBPUSD1440_comma,daily,50,100,long_only,slow_slope,0.005,-0.0017621089373148768,-0.8584926558136343,-1.0875580969232768,-0.014282781007626175,-0.12337295771558865,38,0.39473684210526316,0.9108129274722567,-66.952080421225,0.6310810810810811,0.9739864864864864,0.9841216216216216,0.9611486486486487,0.8369256756756757,False
GBPUSD1440_comma,daily,30,75,long_short,none,0.0025,-0.011719865428577947,-0.592948012901092,-0.7721393412402185,-0.04134818194392059,-0.2834433069989215,73,0.3150684931506849,0.8111590038307828,-202.04986607252496,0.9320945945945946,0.8121621621621622,0.6358108108108108,0.8912162162162162,0.8367229729729729,False
GBPUSD1440_comma,daily,20,500,long_short,none,0.0025,-0.010789138615213578,-0.5744750706594406,-0.7742911608511972,-0.034453419473807784,-0.31315146014507234,24,0.2916666666666667,0.6710657757208156,-518.1376822295551,0.9466216216216217,0.879054054054054,0.6945945945945946,0.6601351351351351,0.8363513513513514,False
GBPUSD1440_comma,daily,5,200,long_short,none,0.001,-0.011893338844146228,-0.5612604509159216,-0.7389511654350374,-0.04293786518194425,-0.27698952413562195,67,0.2537313432835821,0.7955375517023452,-204.9440686048238,0.9547297297297297,0.7881756756756757,0.6277027027027027,0.8766891891891891,0.8359797297297297,False
GBPUSD1440_comma,daily,20,100,long_only,price_slow,0.0025,-0.0037975051503342794,-0.8080994381789951,-1.0355059822587,-0.02507332928936558,-0.15145595969757897,59,0.3559322033898305,0.8578335288696968,-96.17169965998556,0.6797297297297298,0.9358108108108109,0.95,0.9324324324324325,0.8357094594594594,False
GBPUSD1440_comma,daily,30,150,long_only,price_slow,0.0025,-0.004280961371490588,-0.8005109457663167,-1.0150993120452214,-0.024373249966435747,-0.1756417948934128,45,0.15555555555555556,0.8309202252193634,-142.34218505276655,0.6902027027027027,0.9391891891891891,0.9402027027027027,0.9114864864864864,0.8356418918918919,False
GBPUSD1440_comma,daily,10,150,long_only,none,0.001,-0.005397927949872039,-0.7694538034161762,-0.9770096946718986,-0.02634522372969783,-0.20489208993838182,27,0.2222222222222222,0.7931470107581504,-314.26297832528985,0.7246621621621622,0.9287162162162163,0.9077702702702702,0.8736486486486487,0.8346452702702705,False
GBPUSD1440_comma,daily,75,150,long_only,price_slow,0.005,-0.00021706272558164041,-0.8843290797770702,-1.1867406844627801,-0.0017091562265674437,-0.12699993260275266,32,0.25,0.9854120445140886,-10.857918906184352,0.5993243243243244,0.9925675675675676,0.9925675675675676,0.9851351351351352,0.8341554054054054,False
GBPUSD1440_comma,daily,50,200,long_short,price_slow,0.0,-0.011747445297735748,-0.61919701760828,-0.8305869988474978,-0.03842914842223884,-0.30569101268290233,85,0.17647058823529413,0.7965155465427829,-153.29483741064263,0.9081081081081082,0.847972972972973,0.6347972972972973,0.8777027027027027,0.8338513513513514,False
GBPUSD1440_comma,daily,10,150,long_short,slow_slope,0.005,-0.010984428537473168,-0.618526511009557,-0.8243437500692359,-0.042914952761367954,-0.25595807127070525,105,0.21904761904761905,0.817922223947033,-123.29586690375177,0.9087837837837838,0.7888513513513513,0.6858108108108109,0.8976351351351352,0.8325337837837838,False
GBPUSD1440_comma,daily,30,150,long_short,slow_slope,0.005,-0.010846025206640242,-0.6215832471761858,-0.8175754821358453,-0.043812980882281576,-0.2475527797522329,88,0.3181818181818182,0.8303628901159706,-135.17239402588632,0.9054054054054054,0.7793918918918918,0.6922297297297297,0.9101351351351351,0.8319763513513513,False
GBPUSD1440_comma,daily,40,250,long_short,slow_slope,0.005,-0.010065653738897451,-0.6377582136600346,-0.860254600929457,-0.04138048251570663,-0.24324640813641718,82,0.2804878048780488,0.7850381257116008,-135.86638118069448,0.8807432432432433,0.8111486486486487,0.7307432432432432,0.8625,0.8306081081081081,False
GBPUSD1440_comma,daily,50,150,long_only,price_slow,0.0025,-0.00389186582310852,-0.8252012531160775,-1.0434258310707822,-0.02261121586397498,-0.17212103261148304,37,0.21621621621621623,0.8437878647476881,-148.52521469130394,0.6635135135135135,0.947972972972973,0.9469594594594595,0.922972972972973,0.8302364864864865,False
GBPUSD1440_comma,daily,30,100,long_only,price_slow,0.0,-0.004231680453345543,-0.8061694926826415,-1.030309119209245,-0.02787547945993809,-0.1518065531187438,67,0.2835820895522388,0.8430899009878805,-98.76588707414118,0.6824324324324325,0.9222972972972973,0.941554054054054,0.9222972972972973,0.8302027027027027,False
GBPUSD1440_comma,daily,50,75,long_short,slow_slope,0.005,-0.007750129553157459,-0.7239743926151052,-0.9488984535462827,-0.03685593315850548,-0.21028173455347476,70,0.37142857142857144,0.8237950341827721,-147.75112826753923,0.7793918918918918,0.8608108108108108,0.8371621621621622,0.9043918918918918,0.8300506756756756,False
GBPUSD1440_comma,daily,50,100,long_short,price_slow,0.005,-0.009103877915622172,-0.6533981561853867,-0.8371322312862015,-0.043682720763505135,-0.20840913195196475,87,0.3218390804597701,0.8213689783633914,-126.99052923246886,0.8601351351351352,0.7820945945945946,0.777027027027027,0.9,0.8299831081081082,False
GBPUSD1440_comma,daily,10,100,long_only,none,0.0,-0.006191441979183976,-0.7660679333862154,-0.9734693185603565,-0.026931049881180027,-0.22989976278313173,43,0.32558139534883723,0.7784694285778274,-224.38904230310902,0.7331081081081081,0.9260135135135135,0.8837837837837837,0.8537162162162162,0.8295608108108108,False
GBPUSD1440_comma,daily,30,200,long_only,price_slow,0.0025,-0.0031791967723597825,-0.8444548136674679,-1.1149691679774438,-0.02241784744915056,-0.14181543431281785,35,0.17142857142857143,0.8649359618907088,-116.02799246017543,0.6483108108108108,0.9493243243243243,0.9618243243243243,0.9364864864864865,0.8294932432432434,False
GBPUSD1440_comma,daily,75,150,long_short,price_slow,0.0025,-0.0105433841921454,-0.6430755061737161,-0.8214894761053428,-0.04078273001459214,-0.2585257090041043,84,0.2261904761904762,0.8059006122782278,-151.67104085707211,0.8746621621621622,0.8202702702702702,0.7081081081081081,0.8858108108108108,0.8294256756756757,False
GBPUSD1440_comma,daily,60,75,long_short,slow_slope,0.005,-0.002823756292692603,-0.8581046898674174,-1.138975958358916,-0.021050923445799726,-0.13413930747327973,51,0.47058823529411764,0.907578642310793,-66.96052550998374,0.6320945945945946,0.956081081081081,0.9682432432432433,0.9594594594594594,0.8294256756756757,False
GBPUSD1440_comma,daily,20,150,long_only,price_slow,0.0,-0.0049168172505079655,-0.7895066882536893,-1.0041465747298903,-0.02723316223095986,-0.18054521942069257,51,0.1568627450980392,0.8104488112874711,-155.22251661743502,0.7,0.9253378378378379,0.9222972972972973,0.8908783783783784,0.8294256756756756,False
GBPUSD1440_comma,daily,40,100,long_short,slow_slope,0.0025,-0.012084019433073134,-0.6210868292493416,-0.7962362437211077,-0.03978499179734117,-0.3037331135978947,109,0.29357798165137616,0.8143751090137346,-129.90880945997,0.9057432432432433,0.8334459459459459,0.6192567567567567,0.8932432432432432,0.8284966216216216,False
GBPUSD1440_comma,daily,60,100,long_only,fast_slope,0.0,-0.0033156075263239826,-0.8296970170797272,-1.0518037570891021,-0.026512348696266393,-0.12505898908876767,75,0.38666666666666666,0.8637551206043697,-66.84746226399567,0.6601351351351351,0.9280405405405405,0.9594594594594594,0.9361486486486487,0.8283783783783784,False
GBPUSD1440_comma,daily,60,150,long_only,price_slow,0.001,-0.0037051736151395565,-0.8267820642352959,-1.0480959063940298,-0.023732212367894863,-0.15612423981811097,37,0.24324324324324326,0.8349788583327891,-156.61146024695105,0.6621621621621622,0.9432432432432433,0.952027027027027,0.9148648648648648,0.8283108108108108,False
GBPUSD1440_comma,daily,30,150,long_short,price_slow,0.0025,-0.010912712301170857,-0.5854523074691446,-0.7565408006302111,-0.04783148949576168,-0.22814912134688647,91,0.1978021978021978,0.8257637362293776,-138.43561242588552,0.9375,0.7172297297297298,0.6895270270270271,0.9064189189189189,0.8281756756756756,False
GBPUSD1440_comma,daily,75,400,long_short,price_slow,0.001,-0.011488446377339812,-0.6127968333711944,-0.8309658002388076,-0.03724276536660705,-0.30847457927065447,57,0.19298245614035087,0.7260565051042527,-255.4983449721168,0.9168918918918919,0.8570945945945946,0.6547297297297298,0.7726351351351352,0.8278716216216216,False
GBPUSD1440_comma,daily,75,150,long_short,none,0.0025,-0.011768108178425662,-0.5967120959229993,-0.7628353026520138,-0.04126548753582929,-0.2851803984675536,32,0.46875,0.7651026743518831,-429.9833325631781,0.9293918918918919,0.8141891891891891,0.6327702702702702,0.8344594594594594,0.827027027027027,False
GBPUSD1440_comma,daily,10,400,long_only,none,0.001,-0.001858746640536979,-0.8508100805912735,-1.1235982183232947,-0.013890554458788484,-0.13381371104023565,14,0.5,0.7963952552734019,-222.99736029762784,0.6378378378378379,0.975,0.981418918918919,0.8773648648648649,0.8267736486486487,True
GBPUSD1440_comma,daily,30,150,long_only,none,0.001,-0.005025260126046205,-0.75855101710782,-0.9572622112551408,-0.03100160712452224,-0.16209676181823585,18,0.2777777777777778,0.7473130265666151,-433.52262522114177,0.7402027027027027,0.9030405405405405,0.9202702702702703,0.8057432432432432,0.8267567567567569,True
GBPUSD1440_comma,daily,10,100,long_short,slow_slope,0.001,-0.011434117389296894,-0.5968454244876374,-0.7705098706786538,-0.04638221042139858,-0.2465194583314151,138,0.3188405797101449,0.8358261045130364,-98.4557161887745,0.9290540540540541,0.7429054054054054,0.6570945945945946,0.9155405405405406,0.8260979729729729,False
GBPUSD1440_comma,daily,30,150,long_only,price_slow,0.005,-0.004406103460862565,-0.8192397965717098,-1.0339195391404143,-0.024492313303062233,-0.17989739908772429,38,0.21052631578947367,0.8266394266460692,-156.23213663201105,0.6695945945945946,0.9385135135135135,0.9368243243243243,0.9077702702702702,0.8259966216216216,False
GBPUSD1440_comma,daily,5,100,long_short,slow_slope,0.0025,-0.011226268377221849,-0.6022850674645516,-0.7774850344329787,-0.046832009452096965,-0.23971357429590667,155,0.3225806451612903,0.8478132302061653,-88.06339498145829,0.9233108108108108,0.7331081081081081,0.6709459459459459,0.9263513513513514,0.8257432432432432,False
GBPUSD1440_comma,daily,30,100,long_short,slow_slope,0.0025,-0.011410465445139573,-0.611945793879214,-0.7921690778505086,-0.04496573661664234,-0.25375911313140653,119,0.2773109243697479,0.8259814175005221,-114.97486575610992,0.9179054054054054,0.7621621621621621,0.6594594594594595,0.9070945945945946,0.8256587837837838,False
GBPUSD1440_comma,daily,60,200,long_short,none,0.005,-0.011432875469762016,-0.5862094302799025,-0.7886232139522861,-0.04189043258464906,-0.27292330884049276,27,0.2962962962962963,0.7336322254148667,-552.0021549196089,0.9361486486486487,0.8057432432432432,0.6577702702702702,0.7878378378378378,0.8256249999999999,False
GBPUSD1440_comma,daily,20,100,long_only,price_slow,0.001,-0.004721198147653927,-0.8031083607821254,-1.026476720036494,-0.03001344499503222,-0.15730277375474133,66,0.30303030303030304,0.8378516641810079,-109.30509696180584,0.6875,0.9097972972972973,0.9277027027027027,0.9168918918918919,0.8255236486486487,False
GBPUSD1440_comma,daily,40,150,long_only,price_slow,0.0025,-0.004274998271252661,-0.8208070487529999,-1.0375657600558825,-0.025549946449595993,-0.16731926541162123,44,0.1590909090909091,0.8345057275595085,-130.8493059907183,0.6672297297297297,0.9327702702702703,0.9412162162162162,0.9141891891891892,0.8254560810810811,False
GBPUSD1440_comma,daily,60,100,long_only,slow_slope,0.0,-0.004055829767306451,-0.8147256381806389,-1.0320591425210917,-0.02923639426288385,-0.13872537532630702,60,0.36666666666666664,0.8404178189260456,-101.51972933001417,0.6739864864864865,0.9152027027027027,0.9442567567567568,0.9206081081081081,0.8253378378378379,False
GBPUSD1440_comma,daily,75,150,long_short,combined,0.001,-0.010249345082463668,-0.6767196549867035,-0.8893694310828328,-0.03950805762935085,-0.2594241705987932,152,0.3223684210526316,0.8391055475232663,-85.82589116440968,0.8334459459459459,0.8368243243243243,0.7219594594594595,0.9192567567567568,0.8248648648648649,False
GBPUSD1440_comma,daily,5,100,long_short,slow_slope,0.0,-0.011308881112673363,-0.5906095085921705,-0.7666196794870433,-0.047929918516262715,-0.2359461785614394,160,0.3125,0.8484634740887761,-87.74876551967698,0.9337837837837838,0.7152027027027027,0.6658783783783784,0.9273648648648649,0.8245945945945946,False
GBPUSD1440_comma,daily,50,75,long_only,slow_slope,0.0025,-0.003335623827219081,-0.8583095239057066,-1.1040093234425958,-0.02335422848666035,-0.14282740400199256,68,0.36764705882352944,0.9051966528008848,-63.26588180580932,0.6317567567567568,0.9452702702702702,0.9584459459459459,0.9584459459459459,0.8244763513513513,False
GBPUSD1440_comma,daily,40,200,long_short,price_slow,0.0025,-0.012532833695191203,-0.6285541372461816,-0.8334146751234498,-0.03598271519061493,-0.3483015005621376,80,0.225,0.7887567561232839,-183.49428473546348,0.8969594594594594,0.864527027027027,0.5939189189189189,0.8682432432432432,0.8239358108108108,False
GBPUSD1440_comma,daily,40,150,long_only,none,0.0025,-0.004763618055211416,-0.7831366141524139,-0.9848628479845749,-0.029711778141967644,-0.1603275991241616,17,0.35294117647058826,0.7633577825082626,-382.12468635320363,0.7091216216216216,0.9125,0.9256756756756757,0.831418918918919,0.8216216216216216,True
GBPUSD1440_comma,daily,5,100,long_only,price_slow,0.001,-0.005977551711702334,-0.7888439341834541,-1.007388117910284,-0.028206176409670523,-0.21192350302584517,75,0.30666666666666664,0.8015519265798962,-130.1589762660124,0.7010135135135135,0.9216216216216216,0.8902027027027027,0.8817567567567568,0.8211148648648648,False
GBPUSD1440_comma,daily,5,500,long_short,price_slow,0.0025,-0.011755062951170347,-0.5900043305966514,-0.804613121105782,-0.035324401821087766,-0.3327745791905491,60,0.18333333333333332,0.6809465048794573,-239.09709972092344,0.9347972972972973,0.8712837837837838,0.6341216216216217,0.6824324324324325,0.820929054054054,False
GBPUSD1440_comma,daily,75,150,long_only,price_slow,0.0,-0.0038011410758567177,-0.8489972813222524,-1.0791406997202222,-0.023370603710920347,-0.16264625094304108,40,0.2,0.845214871784815,-148.08423246269382,0.6402027027027027,0.9449324324324324,0.9496621621621621,0.9239864864864865,0.8208445945945946,False
GBPUSD1440_comma,daily,30,150,long_only,slow_slope,0.005,-0.0032401260414844923,-0.8700588175628253,-1.1560678235769999,-0.020952681905601726,-0.15464015805147313,44,0.36363636363636365,0.8726845775399109,-94.430848767689,0.6189189189189189,0.9570945945945946,0.9601351351351352,0.9425675675675675,0.8202533783783783,False
GBPUSD1440_comma,daily,20,500,long_short,price_slow,0.001,-0.011549847855496287,-0.5926922063832107,-0.8037317457990096,-0.03533314087219489,-0.3268842670192771,59,0.1694915254237288,0.6726742162320386,-250.2901984847197,0.9324324324324325,0.870945945945946,0.6486486486486487,0.6638513513513513,0.820016891891892,False
GBPUSD1440_comma,daily,20,200,long_short,price_slow,0.005,-0.012414706819813048,-0.6229845158469302,-0.819539519334548,-0.04012693336773556,-0.309385885685329,67,0.31343283582089554,0.7940292419066657,-215.46529273355333,0.9033783783783784,0.8300675675675676,0.5986486486486486,0.8746621621621622,0.8197972972972973,False
GBPUSD1440_comma,daily,50,100,long_only,price_slow,0.005,-0.0023521267083628228,-0.8823510983953452,-1.1194075660024585,-0.018287309947693873,-0.12862070556525118,44,0.38636363636363635,0.8864624878733796,-78.71894116127598,0.602027027027027,0.9652027027027027,0.9746621621621622,0.95,0.8195439189189189,False
GBPUSD1440_comma,daily,60,100,long_only,price_slow,0.001,-0.003536889244695085,-0.8458890030690883,-1.0738623978868937,-0.02630090985824263,-0.13447782847659295,59,0.3050847457627119,0.8386127337993812,-97.4983875452206,0.6456081081081081,0.9300675675675676,0.9547297297297297,0.918581081081081,0.8194932432432432,False
GBPUSD1440_comma,daily,30,200,long_short,price_slow,0.001,-0.012715839067250378,-0.6170348240918732,-0.8213477306720437,-0.039720029515223784,-0.32013669733998273,81,0.1728395061728395,0.786164850532124,-180.93463365615722,0.9101351351351351,0.8341216216216216,0.5820945945945946,0.8638513513513514,0.8185810810810812,False
GBPUSD1440_comma,daily,5,250,long_short,price_slow,0.0025,-0.012413202702506343,-0.5864571964323807,-0.7993266616764066,-0.04323886458006816,-0.2870843816798201,89,0.1797752808988764,0.7773339809916358,-157.37667636589453,0.9358108108108109,0.7858108108108108,0.6,0.8516891891891892,0.8185304054054056,False
GBPUSD1440_comma,daily,75,100,long_only,none,0.0025,-0.0028870783481552698,-0.8763005701651464,-1.1211249117834847,-0.018090870044955285,-0.1595875898163529,34,0.5,0.8505710662389472,-133.22934610221753,0.6097972972972973,0.9658783783783784,0.9672297297297298,0.9290540540540541,0.8181925675675676,False
GBPUSD1440_comma,daily,40,100,long_only,slow_slope,0.0,-0.004506561210203097,-0.8232914320325296,-1.0404088793990953,-0.028828268419384594,-0.15632438080022915,58,0.29310344827586204,0.8253884985674602,-116.72899010273977,0.6652027027027027,0.9168918918918919,0.933445945945946,0.9057432432432433,0.8178547297297298,False
GBPUSD1440_comma,daily,40,200,long_only,price_slow,0.0,-0.0037910413209882865,-0.8555780640567872,-1.1353545452980889,-0.023291627236472143,-0.16276412474315793,43,0.16279069767441862,0.8373420448713159,-116.75063434040453,0.6337837837837837,0.9456081081081081,0.9503378378378379,0.9165540540540541,0.8174662162162163,False
GBPUSD1440_comma,daily,75,200,long_short,none,0.0025,-0.012237755095097724,-0.5772969625046036,-0.787370917812731,-0.039616956888433835,-0.30890194644582947,27,0.3333333333333333,0.7010406805032908,-573.9113479298053,0.9442567567567568,0.8361486486486487,0.6101351351351352,0.7226351351351351,0.8171621621621623,False
GBPUSD1440_comma,daily,50,75,long_only,none,0.005,0.002159167759578917,-0.9378564993505301,-1.286551081933631,0.0144769400397779,-0.14914531341887372,33,0.5454545454545454,1.1726133870506468,106.62390473861888,0.5452702702702703,0.9983108108108109,0.9983108108108109,0.9986486486486487,0.8171452702702703,False
GBPUSD1440_comma,daily,75,100,long_short,fast_slope,0.0025,-0.009154357541615865,-0.6723241989538633,-0.8504486134718312,-0.04516993407711217,-0.20266484175044264,102,0.4019607843137255,0.8309464722804453,-121.54221488791718,0.8385135135135136,0.7601351351351351,0.7736486486486487,0.9118243243243244,0.8169425675675677,False
GBPUSD1440_comma,daily,60,75,long_short,none,0.0025,-0.009118151359923665,-0.6667993165542868,-0.8468001933598471,-0.045907152797591395,-0.1986215830052973,80,0.45,0.8264576374259601,-147.4031317040115,0.8432432432432433,0.7520270270270271,0.7766891891891892,0.9074324324324324,0.8167567567567569,False
GBPUSD1440_comma,daily,20,250,long_short,none,0.005,-0.012262848743351928,-0.5946808922718555,-0.7999786175310831,-0.04135635826175332,-0.296516648437411,37,0.2702702702702703,0.7417615091644204,-421.02934219602264,0.9304054054054054,0.8114864864864865,0.6087837837837838,0.7986486486486486,0.8165878378378378,False
GBPUSD1440_comma,daily,10,75,long_short,none,0.0025,-0.012587746457213167,-0.6061886990868445,-0.8245566288276666,-0.04290552857645651,-0.29338285472423764,101,0.32673267326732675,0.7985263534052156,-168.23253717397458,0.9212837837837838,0.7891891891891892,0.5912162162162162,0.879054054054054,0.8159121621621621,False
GBPUSD1440_comma,daily,40,200,long_short,price_slow,0.005,-0.01144653573668386,-0.6262891439944449,-0.8266786984294558,-0.04309340837162937,-0.2656214991854696,68,0.22058823529411764,0.7779696944609424,-191.79680915410904,0.8993243243243243,0.7868243243243244,0.6557432432432433,0.8527027027027027,0.815489864864865,False
GBPUSD1440_comma,daily,75,150,long_short,none,0.0,-0.01314424989738705,-0.5694696556537241,-0.7410875294592665,-0.04274115699279714,-0.3075314479578116,30,0.4666666666666667,0.7611001830082744,-509.9247785082146,0.9506756756756757,0.7918918918918919,0.5655405405405406,0.8263513513513514,0.8153040540540542,False
GBPUSD1440_comma,daily,30,150,long_only,price_slow,0.001,-0.005118694975199234,-0.8101984291815987,-1.0269857529775297,-0.029880786299260387,-0.17130389153534198,47,0.14893617021276595,0.8022883197246596,-168.9813348553309,0.6783783783783783,0.9114864864864864,0.9175675675675675,0.8824324324324324,0.8151013513513513,False
GBPUSD1440_comma,daily,30,200,long_short,price_slow,0.0,-0.012954200566372198,-0.6181819051421407,-0.8238494526672634,-0.039542954228743314,-0.32759819844102445,85,0.16470588235294117,0.7769294294132851,-180.99655078865095,0.9091216216216216,0.8364864864864865,0.5722972972972973,0.8510135135135135,0.8148817567567568,False
GBPUSD1440_comma,daily,75,150,long_short,price_slow,0.001,-0.011550730654953822,-0.6308031684666043,-0.8041713849546552,-0.04338483622563682,-0.26623889035515835,92,0.1956521739130435,0.7953302346633694,-157.2065096718066,0.8942567567567568,0.7837837837837838,0.6483108108108108,0.8763513513513513,0.8147635135135136,False
GBPUSD1440_comma,daily,40,200,long_short,none,0.001,-0.013362077507024006,-0.5803425676683864,-0.784521508523076,-0.039970639347630156,-0.3342973173586786,30,0.3,0.7342152584022233,-579.6038212686265,0.9422297297297297,0.8324324324324325,0.5557432432432432,0.789527027027027,0.8145777027027028,False
GBPUSD1440_comma,daily,100,300,long_short,fast_slope,0.005,-0.008409158385533688,-0.7243240716016489,-0.9576331159575664,-0.04011039213049067,-0.2096503658746659,83,0.24096385542168675,0.8065580495321644,-123.86489206214138,0.7787162162162162,0.8304054054054054,0.8108108108108109,0.8864864864864865,0.814222972972973,False
GBPUSD1440_comma,daily,75,200,long_short,price_slow,0.0025,-0.01154141882391535,-0.6492436410408553,-0.8616980430048825,-0.03877763735630311,-0.2976307895674142,80,0.1875,0.7709363084068485,-169.37837534819192,0.8668918918918919,0.8432432432432433,0.6506756756756756,0.841554054054054,0.8139358108108108,False
GBPUSD1440_comma,daily,60,400,long_short,price_slow,0.0025,-0.01161404703358282,-0.6102009474910127,-0.8286416175012646,-0.04097991410390146,-0.2834082815336383,55,0.18181818181818182,0.7156055408880718,-265.2883621476361,0.918581081081081,0.8175675675675675,0.6445945945945946,0.7543918918918919,0.8139020270270271,False
GBPUSD1440_comma,daily,20,150,long_short,slow_slope,0.001,-0.012316047665645313,-0.6129647102794189,-0.8187522473737044,-0.04438153570672616,-0.2775038643779687,105,0.2571428571428571,0.8063306224821379,-135.31498996818445,0.9162162162162162,0.7722972972972973,0.6054054054054054,0.8861486486486486,0.8135641891891893,False
GBPUSD1440_comma,daily,100,500,long_short,none,0.001,-0.010430398873007118,-0.5634630889969771,-0.7564161429091893,-0.040471231587455504,-0.25772378215048275,13,0.23076923076923078,0.6335296900921288,-998.8632808468786,0.9540540540540541,0.8253378378378379,0.7141891891891892,0.5510135135135135,0.813445945945946,True
GBPUSD1440_comma,daily,20,400,long_only,none,0.001,-0.002302390490223738,-0.8515614868118564,-1.1234230086703842,-0.016261970326628104,-0.14158127483812322,10,0.6,0.7453602421760509,-340.99752563667346,0.6375,0.9699324324324324,0.9756756756756757,0.8043918918918919,0.8132770270270271,True
GBPUSD1440_comma,daily,20,200,long_only,price_slow,0.001,-0.0038662778029071587,-0.8387125007149749,-1.108762390378573,-0.02961429466867734,-0.13055444494501067,41,0.14634146341463414,0.8167086153878089,-140.93854887887568,0.6527027027027027,0.9128378378378378,0.9476351351351351,0.8956081081081081,0.8131587837837838,False
GBPUSD1440_comma,daily,50,75,long_only,none,0.0,-0.0061556248605435515,-0.7612361538248688,-0.9755159322871789,-0.03743744486162514,-0.16442427850767427,39,0.48717948717948717,0.773423341077054,-238.15899380901297,0.7371621621621621,0.8547297297297297,0.8858108108108108,0.845945945945946,0.8126013513513514,False
GBPUSD1440_comma,daily,5,150,long_only,none,0.005,-0.005285142304780499,-0.8024235979901418,-1.0179592890047793,-0.032405924476606146,-0.16309185404032667,39,0.2564102564102564,0.791614642861073,-209.68908350160714,0.6881756756756757,0.8949324324324325,0.9111486486486486,0.8719594594594594,0.812027027027027,False
GBPUSD1440_comma,daily,20,100,long_short,slow_slope,0.005,-0.010298140088941699,-0.6359046613884969,-0.8469265173366606,-0.048153605265489036,-0.21386020905733139,103,0.32038834951456313,0.8237823927014583,-116.9541980890018,0.8844594594594595,0.7131756756756756,0.7202702702702702,0.904054054054054,0.8117398648648648,False
GBPUSD1440_comma,daily,75,500,long_short,price_slow,0.0,-0.011207007810198677,-0.616530505182724,-0.8328971190400295,-0.0385987579558208,-0.2903463324655665,56,0.14285714285714285,0.6791041837487087,-261.5525972904811,0.9108108108108108,0.8452702702702702,0.6719594594594595,0.6777027027027027,0.8116891891891893,False
GBPUSD1440_comma,daily,10,150,long_only,price_slow,0.005,-0.005404218198451383,-0.8172877886101861,-1.0389386466871704,-0.027746341807122193,-0.19477227794635532,37,0.1891891891891892,0.786979685503159,-226.07581734286234,0.6716216216216216,0.9233108108108108,0.9067567567567567,0.8655405405405405,0.8106587837837839,False
GBPUSD1440_comma,daily,60,75,long_short,slow_slope,0.0025,-0.008806110605673823,-0.6865779470704408,-0.8696477335301552,-0.04642849800680367,-0.1896703745269418,92,0.3695652173913043,0.8320882063516634,-124.56653807176937,0.8243243243243243,0.7425675675675676,0.7915540540540541,0.9131756756756757,0.8106587837837838,False
GBPUSD1440_comma,daily,100,400,long_short,price_slow,0.001,-0.01137202404258264,-0.6233437474346576,-0.8426259184525061,-0.04127077013128498,-0.27554668852574105,55,0.2,0.7149332880048712,-258.8524626025993,0.9023648648648649,0.8135135135135135,0.6625,0.754054054054054,0.8099324324324325,False
GBPUSD1440_comma,daily,50,200,long_short,price_slow,0.001,-0.012503118859079065,-0.6332984341939611,-0.8468901782184102,-0.04001060177710004,-0.3124951463798076,84,0.17857142857142858,0.7742284128628409,-173.14431736405575,0.889527027027027,0.8317567567567568,0.5956081081081082,0.8469594594594595,0.8099155405405405,False
GBPUSD1440_comma,daily,60,200,long_short,none,0.0,-0.011703536767034173,-0.555924889161181,-0.7727491461810903,-0.046381193914426126,-0.2523336675771508,30,0.3333333333333333,0.7164825869447268,-495.4337695859122,0.9574324324324325,0.7432432432432432,0.6378378378378379,0.7557432432432433,0.8097128378378379,False
GBPUSD1440_comma,daily,10,250,long_short,price_slow,0.0025,-0.012690392251141325,-0.5942618972751994,-0.8078514877938899,-0.04449638612068099,-0.28520051531203106,78,0.20512820512820512,0.7807039726935444,-181.54008065210232,0.9307432432432432,0.768581081081081,0.5844594594594594,0.8557432432432432,0.809695945945946,False
GBPUSD1440_comma,daily,10,75,long_short,none,0.005,-0.012269739385429745,-0.6400095355329061,-0.8610848121250906,-0.04024905769485317,-0.30484538242987813,98,0.2755102040816326,0.7839478810707144,-168.79903274691523,0.8783783783783784,0.8277027027027027,0.6081081081081081,0.8608108108108108,0.8090202702702702,False
GBPUSD1440_comma,daily,60,150,long_short,price_slow,0.005,-0.010967629422226843,-0.6474102926536526,-0.8197333460151445,-0.04393924949921701,-0.24960893841444165,71,0.22535211267605634,0.7847647192238956,-193.1112658060071,0.8692567567567567,0.7773648648648649,0.6868243243243243,0.8621621621621621,0.8087331081081081,False
GBPUSD1440_comma,daily,50,100,long_short,none,0.005,-0.009916635524614081,-0.62694581925589,-0.8028116502030623,-0.05016486224143325,-0.19768090814019057,49,0.42857142857142855,0.7920517257705013,-230.9854676436285,0.8989864864864865,0.6797297297297298,0.739527027027027,0.8729729729729729,0.8083783783783784,False
GBPUSD1440_comma,daily,75,150,long_short,combined,0.005,-0.009410360180447941,-0.7125259979738358,-0.9446487478791088,-0.0413524446107687,-0.22756478532341384,124,0.31451612903225806,0.8228143007646588,-98.85957532998658,0.793581081081081,0.8118243243243243,0.7621621621621621,0.9016891891891892,0.8080743243243244,False
GBPUSD1440_comma,daily,5,100,long_only,price_slow,0.0,-0.0066537003167759234,-0.7954588645292758,-1.0141690781763226,-0.031611513258114274,-0.21048344830717658,77,0.3116883116883117,0.7916753624999437,-139.49408307069007,0.6945945945945946,0.8986486486486487,0.8729729729729729,0.8722972972972973,0.8079391891891892,False
GBPUSD1440_comma,daily,30,100,long_only,none,0.001,-0.006245048071588877,-0.794709415388067,-1.0098313410067017,-0.02996758225163472,-0.2083934572749262,27,0.3333333333333333,0.7649227100322236,-346.34738103218484,0.6956081081081081,0.9108108108108108,0.8827702702702702,0.8337837837837838,0.8075675675675676,False
GBPUSD1440_comma,daily,40,150,long_only,price_slow,0.005,-0.004719510483184641,-0.8413689836603627,-1.0610804899769408,-0.027340945250536215,-0.17261694648586012,36,0.19444444444444445,0.7911245593937023,-198.2267177021181,0.65,0.925,0.9280405405405405,0.8712837837837838,0.8075506756756757,False
GBPUSD1440_comma,daily,60,75,long_only,slow_slope,0.0,-0.005274069117527924,-0.8295653181102345,-1.0475135229999395,-0.03320171914062094,-0.158849278110883,79,0.3670886075949367,0.8423859417180576,-91.68405597920002,0.660472972972973,0.8885135135135135,0.9114864864864864,0.9216216216216216,0.8068581081081081,False
GBPUSD1440_comma,daily,10,50,long_only,none,0.0,-0.007296882496810042,-0.7888409247119272,-1.065575863284349,-0.027575558695012808,-0.2646141308509453,62,0.3387096774193548,0.7647870393033364,-192.3926884503003,0.7013513513513514,0.9243243243243243,0.8510135135135135,0.8331081081081081,0.8067905405405404,False
GBPUSD1440_comma,daily,60,150,long_short,none,0.005,-0.011650511753372395,-0.6165862748804757,-0.7818903491096085,-0.04446258804692785,-0.26202954585270455,30,0.4,0.7507820924092301,-457.1850967597933,0.910472972972973,0.7695945945945946,0.6422297297297297,0.8104729729729729,0.8066047297297299,False
GBPUSD1440_comma,daily,40,100,long_short,slow_slope,0.0,-0.013228594215557776,-0.6155607350963352,-0.794835772450003,-0.04366023063668638,-0.30298956333139904,132,0.26515151515151514,0.8134910009103893,-116.06860941241536,0.9118243243243244,0.7824324324324324,0.5611486486486487,0.8925675675675676,0.8064527027027028,False
GBPUSD1440_comma,daily,10,150,long_short,slow_slope,0.0,-0.012503398130313315,-0.6138213547301815,-0.8223535952519095,-0.04603344863013799,-0.2716154992160933,111,0.26126126126126126,0.809951978890034,-134.64624618962506,0.914527027027027,0.75,0.5952702702702702,0.8902027027027027,0.8058952702702704,False
GBPUSD1440_comma,daily,100,150,long_short,none,0.001,-0.013141775732235739,-0.5998483476747174,-0.8036004628012399,-0.040546704195864695,-0.3241145240499239,34,0.4411764705882353,0.726229128015998,-411.8460787377457,0.9263513513513514,0.8236486486486486,0.5658783783783784,0.7736486486486487,0.8056756756756758,False
GBPUSD1440_comma,daily,5,150,long_only,price_slow,0.005,-0.005553021905875588,-0.8122917458817552,-1.0322958504275697,-0.03096177873129884,-0.17935086850362747,42,0.2619047619047619,0.7830489022845991,-204.13192197028542,0.6763513513513514,0.9033783783783784,0.9016891891891892,0.8591216216216216,0.8055912162162162,False
GBPUSD1440_comma,daily,30,100,long_only,price_slow,0.001,-0.005049034759850191,-0.833485678033816,-1.0628800094984285,-0.03205361110804668,-0.15751843818254507,63,0.31746031746031744,0.8120453559268002,-120.41703386479995,0.6577702702702702,0.8972972972972973,0.9199324324324324,0.8922297297297297,0.8052533783783784,False
GBPUSD1440_comma,daily,30,50,long_only,none,0.0,-0.007622162844978964,-0.7941681888024733,-1.0663965201172414,-0.026720993552949338,-0.28524997881815906,53,0.3584905660377358,0.7727497884635329,-236.21704408110764,0.6959459459459459,0.927027027027027,0.8418918918918918,0.8445945945945946,0.8052027027027027,False
GBPUSD1440_comma,daily,60,75,long_only,none,0.001,-0.005527589065561167,-0.8051567504177701,-1.0274527643209717,-0.03587363909837572,-0.154084982858944,45,0.4888888888888889,0.8092050077769668,-185.28151493229413,0.6844594594594594,0.8652027027027027,0.9023648648648649,0.8898648648648648,0.804037162162162,False
GBPUSD1440_comma,daily,10,100,long_only,none,0.0025,-0.006132155427769459,-0.8013865639141861,-1.021787537765547,-0.03068259668822534,-0.19985777247212966,41,0.4146341463414634,0.7629337736418844,-233.45507710832493,0.6898648648648649,0.9050675675675676,0.8864864864864865,0.8290540540540541,0.8038682432432432,False
GBPUSD1440_comma,daily,100,200,long_short,price_slow,0.005,-0.010698805015792234,-0.6795863099430512,-0.895613182734454,-0.04086658006351474,-0.2617983936792405,65,0.23076923076923078,0.7674299343230646,-201.49906694748196,0.8317567567567568,0.8195945945945946,0.6986486486486486,0.8378378378378378,0.8030067567567567,False
GBPUSD1440_comma,daily,60,150,long_short,none,0.0,-0.01366735899061755,-0.575749823080173,-0.7479765981752885,-0.04391524916104666,-0.31122125575324433,34,0.4411764705882353,0.7561059306290907,-455.8402262020993,0.9456081081081081,0.7777027027027027,0.5388513513513513,0.8168918918918919,0.802972972972973,False
GBPUSD1440_comma,daily,75,100,long_short,price_slow,0.0025,-0.010151718952959632,-0.7048200152666784,-0.8931038871895002,-0.04108305599544577,-0.24710233226284317,98,0.3877551020408163,0.8090405454453461,-137.6398209922915,0.8013513513513514,0.8162162162162162,0.7246621621621622,0.8885135135135135,0.8028040540540542,False
GBPUSD1440_comma,daily,50,200,long_short,none,0.001,-0.01279143324769505,-0.5761651080512705,-0.7911928693537795,-0.04434285038738883,-0.28846664424921475,29,0.3448275862068966,0.7261456355344275,-562.4859236894091,0.9445945945945946,0.7726351351351352,0.5780405405405405,0.7733108108108108,0.8026013513513514,False
GBPUSD1440_comma,daily,100,150,long_short,price_slow,0.005,-0.009187386578805357,-0.7265018734494417,-0.9548102261270068,-0.0408742682307072,-0.2247718913754948,65,0.26153846153846155,0.80378222844696,-169.46370390509577,0.7760135135135136,0.8192567567567568,0.7733108108108108,0.8831081081081081,0.802347972972973,False
GBPUSD1440_comma,daily,5,200,long_short,none,0.0,-0.013563809067555055,-0.5775796379167986,-0.7606325599515968,-0.04492317680239948,-0.3019334346548388,66,0.22727272727272727,0.7625450400374026,-249.504187298605,0.9435810810810811,0.7631756756756757,0.5432432432432432,0.8287162162162162,0.8011824324324324,False
GBPUSD1440_comma,daily,60,200,long_short,none,0.0025,-0.012235168792152362,-0.5746340125488301,-0.7855442493336398,-0.044859009962204675,-0.2727471872977342,28,0.2857142857142857,0.7037654093868847,-558.007548442466,0.9462837837837837,0.764527027027027,0.6114864864864865,0.7273648648648648,0.8010472972972974,False
GBPUSD1440_comma,daily,50,150,long_only,none,0.005,-0.004738662256311255,-0.8133950615792968,-1.0261647615368714,-0.029281379276515248,-0.16183193460807488,15,0.3333333333333333,0.7297814804970674,-488.85838818546677,0.675,0.9138513513513513,0.9266891891891892,0.7800675675675676,0.8008108108108108,True
GBPUSD1440_comma,daily,40,200,long_short,price_slow,0.0,-0.013492070812323953,-0.6304405378852725,-0.8372372013316255,-0.04051688642809255,-0.33299870749617055,85,0.17647058823529413,0.7729626217361824,-182.83067567312932,0.8949324324324325,0.8243243243243243,0.5489864864864865,0.8452702702702702,0.800641891891892,False
GBPUSD1440_comma,daily,75,150,long_short,price_slow,0.0,-0.01211533206322113,-0.6316460391276173,-0.8081913695282561,-0.04559280331161309,-0.2657290445690843,96,0.19791666666666666,0.7960560167224522,-157.05562326762964,0.8922297297297297,0.7554054054054054,0.6162162162162163,0.8770270270270271,0.8005405405405406,False
GBPUSD1440_comma,daily,20,75,long_short,none,0.0,-0.01478019602814662,-0.5837627087557455,-0.7873989325002552,-0.04212384522252456,-0.3508748061832522,78,0.3717948717948718,0.7724305503784966,-239.4703508048554,0.9388513513513513,0.8003378378378379,0.4908783783783784,0.8439189189189189,0.8003885135135136,False
GBPUSD1440_comma,daily,10,400,long_only,none,0.0025,-0.0024105446579544276,-0.8715088497972706,-1.154193874318332,-0.018705851224012384,-0.12886580937092307,16,0.3125,0.7329273358763282,-249.19089201444694,0.6168918918918919,0.9638513513513514,0.9736486486486486,0.7861486486486486,0.8003716216216217,True
GBPUSD1440_comma,daily,75,400,long_short,price_slow,0.0,-0.012339597769785993,-0.6225903103981903,-0.8459018916584669,-0.04022551180439536,-0.30676049144606954,59,0.1864406779661017,0.7081234870646623,-265.20174540959897,0.9043918918918918,0.8283783783783784,0.6040540540540541,0.7358108108108108,0.8000337837837838,False
GBPUSD1440_comma,daily,60,75,long_short,none,0.005,-0.003998794328072597,-0.8776211021821883,-1.1635543764765506,-0.030146995964113417,-0.13264321038264337,51,0.49019607843137253,0.8627365969904159,-103.70045838916869,0.6087837837837838,0.9087837837837838,0.9445945945945946,0.9351351351351351,0.7998986486486488,False
GBPUSD1440_comma,daily,5,500,long_short,none,0.0025,-0.01254781064348709,-0.5940143580820167,-0.8066108495603235,-0.037176583187833755,-0.3375192007315355,46,0.1956521739130435,0.6599623007036158,-332.9361347411516,0.9310810810810811,0.8577702702702703,0.5925675675675676,0.6293918918918919,0.7997972972972974,False
GBPUSD1440_comma,daily,10,500,long_short,none,0.005,-0.011899813366759271,-0.5949360412669672,-0.8051507101187375,-0.04069131505726984,-0.2924411105910737,33,0.2727272727272727,0.6654684088638887,-428.1087642494284,0.9300675675675676,0.8222972972972973,0.6270270270270271,0.6445945945945946,0.7996959459459461,False
GBPUSD1440_comma,daily,20,150,long_only,slow_slope,0.0025,-0.004449140186822298,-0.871798411609288,-1.1605575347130772,-0.028427030624559212,-0.15651090138758683,52,0.2692307692307692,0.8218126918767988,-128.63166823709167,0.6165540540540541,0.9199324324324324,0.9351351351351351,0.9010135135135136,0.7987837837837838,False
GBPUSD1440_comma,daily,30,150,long_only,price_slow,0.0,-0.0057098838875095925,-0.819982853863196,-1.0393420113339649,-0.03321764705141377,-0.171893086788234,48,0.14583333333333334,0.7834124127204065,-186.5349439929325,0.6682432432432432,0.8881756756756757,0.8996621621621622,0.8597972972972973,0.7982432432432431,False
GBPUSD1440_comma,daily,100,400,long_short,fast_slope,0.005,-0.010111830225704388,-0.7243010866366145,-0.9498823201326724,-0.037971322104849284,-0.2663017684183563,92,0.21739130434782608,0.7810881804304791,-134.44552908273704,0.779054054054054,0.8503378378378378,0.7280405405405406,0.856081081081081,0.7982263513513513,False
GBPUSD1440_comma,daily,20,75,long_only,slow_slope,0.001,-0.0043721106311575,-0.8736054455120468,-1.179076068475763,-0.030556584161200516,-0.1430824403700537,91,0.34065934065934067,0.844802218185623,-74.91431840616576,0.6141891891891892,0.9057432432432433,0.9378378378378378,0.9236486486486486,0.7982263513513513,False
GBPUSD1440_comma,daily,60,150,long_only,price_slow,0.005,-0.0041433036869751305,-0.8822782858388882,-1.1119431131223576,-0.023627587451979577,-0.17535872824070298,32,0.21875,0.8032814450990126,-201.25323259403743,0.6023648648648648,0.9439189189189189,0.9435810810810811,0.8827702702702702,0.7980574324324324,False
GBPUSD1440_comma,daily,60,400,long_short,price_slow,0.0,-0.01217238117917141,-0.6086074247948257,-0.820462264485524,-0.04282337742024019,-0.28424617375971406,59,0.2033898305084746,0.7045983532530458,-261.58246780135937,0.9202702702702703,0.7905405405405406,0.614527027027027,0.7283783783783784,0.7979054054054053,False
GBPUSD1440_comma,daily,10,75,long_only,slow_slope,0.0,-0.006051847492573703,-0.8414648768581929,-1.0718292839628019,-0.03003541219840641,-0.20149040914094052,98,0.40816326530612246,0.8066974445450551,-94.95984725954216,0.6496621621621622,0.9091216216216216,0.8885135135135135,0.8868243243243243,0.7978716216216217,False
GBPUSD1440_comma,daily,100,150,long_only,price_slow,0.001,-0.0025526204700420108,-0.9286413966674267,-1.2474059073537225,-0.019927500899960805,-0.12809536343049577,40,0.175,0.8708692906558475,-100.3766788809236,0.5540540540540541,0.9597972972972973,0.970945945945946,0.9405405405405406,0.7968412162162163,False
GBPUSD1440_comma,daily,20,75,long_short,slow_slope,0.001,-0.010692139395925615,-0.6129500485369068,-0.8188729036662294,-0.05382611566674734,-0.1986422253116622,168,0.3273809523809524,0.845582028627996,-77.95082185303224,0.9165540540540541,0.6057432432432432,0.6993243243243243,0.925,0.7966722972972974,False
GBPUSD1440_comma,daily,40,75,long_only,none,0.005,-0.002322000226812504,-0.9423151242417905,-1.2748923670080556,-0.01587989276727618,-0.14622266414780005,40,0.425,0.8878986588480727,-76.97417222818792,0.5391891891891892,0.970945945945946,0.9753378378378378,0.9513513513513514,0.7961824324324325,False
GBPUSD1440_comma,daily,20,75,long_only,slow_slope,0.0,-0.00605088575357815,-0.8455797145110461,-1.0820979218106073,-0.030357370435165943,-0.19932180115866727,93,0.3333333333333333,0.8057203430940685,-100.05008633992156,0.6459459459459459,0.9070945945945946,0.8888513513513514,0.8851351351351351,0.7956925675675675,False
GBPUSD1440_comma,daily,75,200,long_short,fast_slope,0.0,-0.011490236168151369,-0.7002353785112966,-0.9234692666034602,-0.04032555058916541,-0.2849368700557443,142,0.29577464788732394,0.8178477542084441,-102.33913598126794,0.8064189189189189,0.8263513513513514,0.654054054054054,0.8972972972972973,0.7945608108108109,False
GBPUSD1440_comma,daily,60,400,long_short,price_slow,0.005,-0.012186457312494348,-0.6230141945791561,-0.8443628872219532,-0.04206006459768234,-0.2897393864955182,54,0.18518518518518517,0.7055824635209702,-284.81499038969844,0.9030405405405405,0.802027027027027,0.6131756756756757,0.7320945945945946,0.7941722972972973,False
GBPUSD1440_comma,daily,30,200,long_only,price_slow,0.005,-0.0042129552553817895,-0.8790199515189251,-1.158663281169857,-0.02797418302184239,-0.15060154758022037,35,0.17142857142857143,0.8013847505540082,-180.47675879212002,0.6074324324324324,0.9219594594594595,0.9418918918918919,0.8814189189189189,0.7940540540540539,False
GBPUSD1440_comma,daily,10,100,long_short,none,0.005,-0.011266011128341358,-0.5934989523223179,-0.7695846625018218,-0.05378511943021642,-0.20946334688274626,85,0.3058823529411765,0.8231237562690786,-161.0651845854458,0.9317567567567567,0.6070945945945946,0.6692567567567568,0.9033783783783784,0.7938344594594595,False
GBPUSD1440_comma,daily,10,250,long_short,none,0.0025,-0.013190743719652342,-0.588662196404476,-0.8039871288496216,-0.046592808102987354,-0.28310686255475126,49,0.22448979591836735,0.7557559301258714,-320.7641171433117,0.9354729729729729,0.7381756756756757,0.5631756756756757,0.8162162162162162,0.7938006756756757,False
GBPUSD1440_comma,daily,50,100,long_short,slow_slope,0.0025,-0.01252282074455524,-0.6394460567850982,-0.8172054138987886,-0.04449003792513972,-0.2814747149828579,105,0.3047619047619048,0.7919279311557472,-138.08214357580493,0.879054054054054,0.768918918918919,0.5949324324324324,0.8726351351351351,0.7937331081081082,False
GBPUSD1440_comma,daily,20,75,long_only,none,0.001,-0.006455151221734012,-0.8232473193506411,-1.104527907807475,-0.028276755360421978,-0.228284721477241,40,0.45,0.7497078700150093,-250.62550372367014,0.6658783783783784,0.9212837837837838,0.8780405405405406,0.8087837837837838,0.793597972972973,False
GBPUSD1440_comma,daily,10,400,long_short,slow_slope,0.0,-0.01275021466444537,-0.6301365479308899,-0.8454070501150124,-0.04101869597029548,-0.31083910306848117,83,0.20481927710843373,0.7242294854743645,-179.4537231245485,0.8956081081081081,0.816554054054054,0.5800675675675676,0.7672297297297297,0.7934797297297297,False
GBPUSD1440_comma,daily,30,100,long_only,price_slow,0.0025,-0.005125727621073772,-0.8559889714730015,-1.0926379181164314,-0.03313960399998515,-0.1546707565086194,58,0.3275862068965517,0.8139332210412119,-121.38087501115034,0.6334459459459459,0.8888513513513514,0.9168918918918919,0.8929054054054054,0.7929054054054054,False
GBPUSD1440_comma,daily,10,100,long_short,price_slow,0.005,-0.011134828801718344,-0.5993596084813821,-0.7769130064726655,-0.05403429639921829,-0.2060696547143238,105,0.2571428571428571,0.8322057447157594,-129.39939041967622,0.9266891891891892,0.6,0.6753378378378379,0.9135135135135135,0.7927702702702704,False
GBPUSD1440_comma,daily,40,75,long_short,slow_slope,0.0,-0.012633498710414859,-0.6134010425273626,-0.7982191673522959,-0.04964943517878887,-0.25445402681664575,165,0.3151515151515151,0.8245067626197888,-96.27841586063407,0.9155405405405406,0.6891891891891891,0.5878378378378378,0.9050675675675676,0.7918412162162163,False
GBPUSD1440_comma,daily,40,150,long_short,none,0.005,-0.01267308569824932,-0.6101459873947369,-0.7784341525541281,-0.04658659131929941,-0.2720329034461735,34,0.4117647058823529,0.7565801821591761,-431.2541618197676,0.918918918918919,0.7385135135135135,0.5851351351351352,0.8172297297297297,0.7918074324324325,False
GBPUSD1440_comma,daily,50,150,long_short,none,0.0025,-0.013101711236578883,-0.5983494791014433,-0.7687430712352243,-0.04673788185355558,-0.2803231707767726,34,0.38235294117647056,0.7566709603703197,-421.09620293265874,0.9280405405405405,0.7361486486486486,0.5672297297297297,0.8179054054054054,0.7913851351351351,False
GBPUSD1440_comma,daily,10,200,long_short,price_slow,0.0025,-0.013688742217913497,-0.6149440610823957,-0.8282094691860707,-0.04496268945706673,-0.30444669532022517,86,0.19767441860465115,0.7766160974033918,-182.25012565625687,0.9135135135135135,0.7625,0.5371621621621622,0.8503378378378378,0.7910135135135137,False
GBPUSD1440_comma,daily,60,400,long_short,price_slow,0.001,-0.012281555059503013,-0.6147474139676875,-0.8327543341103912,-0.043767599694731575,-0.28060837572002784,59,0.1864406779661017,0.7026959777285277,-264.01997063829447,0.9138513513513513,0.7800675675675676,0.6077702702702703,0.7260135135135135,0.7910135135135135,False
GBPUSD1440_comma,daily,50,200,long_short,price_slow,0.005,-0.012411032187055082,-0.6507653721964932,-0.8659251823411107,-0.04194624551832739,-0.2958794531832982,73,0.2191780821917808,0.7598669894449362,-191.5551053953256,0.8655405405405405,0.8047297297297298,0.6006756756756757,0.822972972972973,0.7909797297297297,False
GBPUSD1440_comma,daily,20,75,long_short,slow_slope,0.0025,-0.010632890277924245,-0.6341373674110876,-0.8480509607948122,-0.05245202695255398,-0.20271648009985077,155,0.2967741935483871,0.8306144608926461,-86.6324334216694,0.8888513513513514,0.6331081081081081,0.7023648648648648,0.9111486486486486,0.7909628378378379,False
GBPUSD1440_comma,daily,60,150,long_short,price_slow,0.0,-0.012550309858894715,-0.6241408353059095,-0.7992115452981312,-0.04773438683677507,-0.26291968307479807,98,0.20408163265306123,0.7990641234170048,-155.418828941474,0.9003378378378378,0.7185810810810811,0.5922297297297298,0.8797297297297297,0.7901858108108107,False
GBPUSD1440_comma,daily,20,200,long_only,price_slow,0.0,-0.004723418300300319,-0.8540088872833204,-1.12806660243002,-0.03369221237447879,-0.14019317721854974,43,0.13953488372093023,0.7839782682346654,-165.12020235814143,0.635472972972973,0.8851351351351351,0.9273648648648649,0.8611486486486486,0.7901182432432432,False
GBPUSD1440_comma,daily,50,200,long_short,price_slow,0.0025,-0.012712586889080058,-0.642490487424132,-0.8579557806422464,-0.04214274845649301,-0.3016553821164316,79,0.16455696202531644,0.7605018726190124,-187.78285261245526,0.875,0.7996621621621621,0.5824324324324325,0.8243243243243243,0.7900506756756758,False
GBPUSD1440_comma,daily,20,200,long_only,price_slow,0.005,-0.004446548255141458,-0.8810184497681184,-1.1590367920813822,-0.030436612970163368,-0.14609208519687633,36,0.3055555555555556,0.815149373373515,-170.28741655889252,0.6043918918918919,0.9067567567567567,0.9354729729729729,0.893918918918919,0.7896283783783784,False
GBPUSD1440_comma,daily,50,100,long_only,none,0.0,-0.007026703264657264,-0.788757987430573,-1.002105932003076,-0.03475038593162993,-0.20220504251325544,26,0.3076923076923077,0.7317851518545206,-376.0535601759154,0.7016891891891892,0.8763513513513513,0.8614864864864865,0.7827702702702702,0.7894763513513513,False
GBPUSD1440_comma,daily,40,200,long_short,none,0.005,-0.013095657498095714,-0.6003420846321712,-0.7989306471153159,-0.045015412255026845,-0.29091497427380175,30,0.3333333333333333,0.7230961265578927,-549.453907874262,0.9260135135135135,0.7614864864864865,0.5679054054054054,0.7652027027027027,0.7891385135135136,False
GBPUSD1440_comma,daily,30,400,long_short,none,0.0025,-0.012340105318972006,-0.5859056662734833,-0.7784130845270062,-0.04270671990842175,-0.28894996725184086,19,0.42105263157894735,0.6600256237471857,-798.2773989818957,0.9371621621621622,0.7929054054054054,0.6037162162162162,0.6297297297297297,0.788293918918919,True
GBPUSD1440_comma,daily,20,500,long_short,price_slow,0.0,-0.012656709091975249,-0.6054010214695975,-0.821402581010386,-0.038513672239500016,-0.32862898695477805,60,0.11666666666666667,0.6485290346293946,-268.1932626021997,0.9219594594594595,0.8466216216216216,0.5861486486486487,0.6003378378378378,0.7877195945945946,False
GBPUSD1440_comma,daily,40,75,long_short,none,0.001,-0.014206372660205413,-0.6022775808684703,-0.7982223651238358,-0.04617001846570901,-0.3076969239411642,72,0.3611111111111111,0.7770841806581988,-258.90527991625044,0.9236486486486486,0.7466216216216216,0.514527027027027,0.8513513513513513,0.7867229729729729,False
GBPUSD1440_comma,daily,60,200,long_short,price_slow,0.005,-0.012479103217728271,-0.661637715828877,-0.8770299772226284,-0.04119823800975709,-0.3029038090117546,73,0.1917808219178082,0.750112605221842,-205.43845688861026,0.8523648648648648,0.8152027027027027,0.5966216216216216,0.8097972972972973,0.7855405405405406,False
GBPUSD1440_comma,daily,30,150,long_only,none,0.0,-0.006293714395676275,-0.7772895019760228,-0.9818836178790441,-0.039290229881637724,-0.1601852270815458,19,0.2631578947368421,0.7114508803862485,-516.160662899173,0.7158783783783784,0.8385135135135136,0.8817567567567568,0.7442567567567567,0.7839695945945947,True
GBPUSD1440_comma,daily,20,100,long_only,slow_slope,0.005,-0.0034779977716110633,-0.9258330452183576,-1.2445479709761678,-0.026877271417127434,-0.12940293371427292,49,0.3673469387755102,0.8379925270144232,-106.40415987263114,0.5577702702702703,0.9266891891891892,0.956418918918919,0.9175675675675675,0.7836993243243243,False
GBPUSD1440_comma,daily,60,400,long_short,none,0.0,-0.012018561044279785,-0.5735114030747634,-0.7691153993884625,-0.043115031083521736,-0.278755708676114,15,0.4,0.6342613469420347,-1028.407996807621,0.9472972972972973,0.7864864864864864,0.6219594594594594,0.5547297297297298,0.7831418918918919,True
GBPUSD1440_comma,daily,75,500,long_short,fast_slope,0.0025,-0.010046768895371372,-0.7557484344605064,-0.9929415632709705,-0.04008124441027806,-0.25066010407588724,120,0.2833333333333333,0.8006357600738454,-104.60603200554763,0.7422297297297298,0.831081081081081,0.7317567567567568,0.8807432432432433,0.7831250000000001,False
GBPUSD1440_comma,daily,30,200,long_only,price_slow,0.001,-0.004889351215073279,-0.873883475178707,-1.1544786741619022,-0.03258441009970534,-0.15005185609045268,40,0.15,0.7875793289075311,-169.93804175566606,0.6131756756756757,0.8932432432432432,0.9233108108108108,0.8658783783783783,0.783125,False
GBPUSD1440_comma,daily,75,100,long_short,price_slow,0.001,-0.01095156930151786,-0.6622065700522282,-0.8477535591236132,-0.05022318709104233,-0.2180580312767756,117,0.3076923076923077,0.819727598011601,-116.31622841456611,0.8506756756756757,0.6787162162162163,0.6878378378378378,0.8993243243243243,0.7824155405405406,False
GBPUSD1440_comma,daily,10,75,long_short,slow_slope,0.005,-0.012430602475787311,-0.6765889860191546,-0.9072074143478772,-0.04216624457644119,-0.2947998476186908,150,0.2733333333333333,0.7855746674684659,-110.16246508774236,0.8337837837837838,0.7986486486486486,0.5983108108108108,0.8628378378378379,0.7822635135135135,False
GBPUSD1440_comma,daily,40,100,long_only,slow_slope,0.0025,-0.005183263670122007,-0.868899362930937,-1.0928464533313857,-0.0331052354932041,-0.1565693037038216,48,0.3541666666666667,0.78153293795893,-162.10831695517402,0.6206081081081081,0.889527027027027,0.9152027027027027,0.8570945945945946,0.7822297297297297,False
GBPUSD1440_comma,daily,100,150,long_short,combined,0.0,-0.011719478365869285,-0.6901450090489829,-0.9121629520964449,-0.04361000709496493,-0.2687336954646443,123,0.25203252032520324,0.794975918531865,-120.26010065086281,0.8195945945945946,0.7827702702702702,0.6361486486486486,0.8756756756756757,0.7821114864864864,False
GBPUSD1440_comma,daily,75,400,long_short,price_slow,0.005,-0.01233539841432163,-0.6325043089125508,-0.8557201042091434,-0.04238792453558597,-0.2910120877460203,54,0.18518518518518517,0.689571664157665,-290.92879178340905,0.8912162162162162,0.7959459459459459,0.6047297297297297,0.7010135135135135,0.781570945945946,False
GBPUSD1440_comma,daily,5,250,long_short,slow_slope,0.001,-0.012087250138116734,-0.6287704879286254,-0.8473094091773935,-0.04976312465435048,-0.24289572292884587,109,0.24770642201834864,0.7723008304423014,-127.40165930426822,0.8966216216216216,0.6871621621621622,0.6179054054054054,0.8435810810810811,0.7805574324324325,False
GBPUSD1440_comma,daily,75,200,long_short,fast_slope,0.001,-0.011847745903939666,-0.7090424753347523,-0.9352424609942322,-0.04131402379711477,-0.2867729844500664,138,0.2898550724637681,0.807507658533447,-109.31820196197266,0.7952702702702703,0.8125,0.629054054054054,0.8875,0.7801689189189189,False
GBPUSD1440_comma,daily,100,300,long_short,fast_slope,0.0,-0.01127968173924232,-0.7155914573937163,-0.9444878906914776,-0.04207111205031352,-0.26810990224724196,111,0.26126126126126126,0.789298497006909,-128.15578673489875,0.789527027027027,0.8013513513513514,0.6679054054054054,0.8689189189189189,0.7800675675675677,False
GBPUSD1440_comma,daily,60,75,long_only,fast_slope,0.0025,-0.002919807543057762,-0.9532408765375354,-1.2099303092917686,-0.02392818531146112,-0.12202377677421417,54,0.3888888888888889,0.8594830074695408,-84.61792389448973,0.5266891891891892,0.9422297297297297,0.966554054054054,0.9331081081081081,0.7795101351351351,False
GBPUSD1440_comma,daily,60,75,long_only,slow_slope,0.0025,-0.003254883285443766,-0.9504539066400253,-1.204252545388761,-0.023873984780127575,-0.13633598728575436,49,0.3673469387755102,0.8499843962332754,-103.71953769019193,0.5314189189189189,0.9429054054054054,0.9597972972972973,0.9280405405405405,0.7794594594594595,False
GBPUSD1440_comma,daily,5,250,long_short,price_slow,0.0,-0.01436772033272704,-0.6021099394586126,-0.8286324533885888,-0.04708199912749477,-0.3051637695718964,104,0.16346153846153846,0.7679632423389237,-155.0319200135085,0.9239864864864865,0.7297297297297297,0.5060810810810811,0.8385135135135136,0.7790202702702704,False
GBPUSD1440_comma,daily,100,500,long_short,none,0.0,-0.011418844203772927,-0.5717742797897042,-0.7683476544116655,-0.04350475847305217,-0.26247345358430196,13,0.23076923076923078,0.6093001301680722,-1063.5795744445945,0.9483108108108108,0.783445945945946,0.658445945945946,0.48074324324324325,0.7789864864864864,True
GBPUSD1440_comma,daily,40,75,long_short,slow_slope,0.001,-0.012009778381006808,-0.6207213805230831,-0.8037753449643109,-0.05305032679052133,-0.22638462583707653,149,0.30201342281879195,0.823088975258011,-103.58080033530494,0.9064189189189189,0.6229729729729729,0.6222972972972973,0.9030405405405405,0.7782263513513513,False
GBPUSD1440_comma,daily,100,500,long_short,fast_slope,0.0025,-0.010826257019724617,-0.7552386817832508,-0.9899173819749124,-0.03611133974999671,-0.2998021423374524,95,0.22105263157894736,0.768976302897562,-141.8893112479613,0.7432432432432432,0.8641891891891892,0.6929054054054054,0.8398648648648649,0.7779054054054054,False
GBPUSD1440_comma,daily,75,150,long_only,price_slow,0.001,-0.005052393442789516,-0.8860125876358971,-1.1229395887464388,-0.031531061646650205,-0.16023543702424847,37,0.1891891891891892,0.7869401960771787,-210.8138615795499,0.5969594594594595,0.8989864864864865,0.9195945945945946,0.8652027027027027,0.7772297297297298,False
GBPUSD1440_comma,daily,20,200,long_short,price_slow,0.0025,-0.014050438042839342,-0.6334077470545363,-0.8416218378231264,-0.04416170630602981,-0.3181588579361777,77,0.18181818181818182,0.7603977838378562,-218.46270152403918,0.8891891891891892,0.7746621621621622,0.5206081081081081,0.8239864864864865,0.7770608108108108,False
GBPUSD1440_comma,daily,10,400,long_short,slow_slope,0.001,-0.01329752042451171,-0.6390499726563218,-0.8558562510485771,-0.04150072687847981,-0.3204165667615604,82,0.21951219512195122,0.7087972749895193,-188.93009425868388,0.8793918918918919,0.8101351351351351,0.558445945945946,0.7381756756756757,0.7767060810810811,False
GBPUSD1440_comma,daily,30,100,long_short,slow_slope,0.005,-0.012195182439019958,-0.6460029810503619,-0.8304382690785062,-0.0493110333689456,-0.24731143530851385,99,0.31313131313131315,0.7980764914668279,-152.68356574977528,0.870945945945946,0.6949324324324324,0.6125,0.8787162162162162,0.776418918918919,False
GBPUSD1440_comma,daily,10,100,long_short,slow_slope,0.005,-0.011194434803860176,-0.6232272124353195,-0.7983940360105858,-0.05502575481734226,-0.20343991356447633,123,0.3252032520325203,0.8276400491385101,-109.25794610072906,0.9027027027027027,0.5777027027027027,0.6726351351351352,0.9091216216216216,0.7764020270270271,False
GBPUSD1440_comma,daily,20,400,long_only,none,0.0,-0.0030456105000716827,-0.8600348242490262,-1.1322385106222117,-0.01920882721902849,-0.15855265213977587,10,0.5,0.6495323783093127,-495.39013494311473,0.6293918918918919,0.9625,0.9652027027027027,0.6040540540540541,0.7760304054054055,True
GBPUSD1440_comma,daily,40,50,long_only,none,0.0,-0.008591069815359398,-0.8370424944854842,-1.1169158535870212,-0.030931497435778436,-0.27774503427118646,70,0.4,0.7756212460743698,-190.17874411347213,0.654054054054054,0.9037162162162162,0.8023648648648649,0.8476351351351351,0.7751689189189189,False
GBPUSD1440_comma,daily,40,100,long_only,slow_slope,0.005,-0.004624268844359292,-0.9020884629847652,-1.1392293092011454,-0.0283376163030036,-0.1631848210136556,41,0.2926829268292683,0.7676392652653565,-169.43577253271442,0.5820945945945946,0.9209459459459459,0.9297297297297298,0.8381756756756756,0.7747466216216217,False
GBPUSD1440_comma,daily,30,50,long_only,none,0.0025,-0.005970701013941149,-0.9027551110630647,-1.228257935840376,-0.025303539871824304,-0.23596307252605286,54,0.3148148148148148,0.7911916958041956,-180.59169417551468,0.5804054054054054,0.9344594594594594,0.8908783783783784,0.8716216216216216,0.774695945945946,False
GBPUSD1440_comma,daily,10,300,long_only,slow_slope,0.0025,-0.002187583031241558,-0.971176484309118,-1.3023729849868864,-0.019506464268871218,-0.112146568495888,42,0.35714285714285715,0.8230374307362375,-83.06702403117336,0.5074324324324324,0.9611486486486487,0.977027027027027,0.9027027027027027,0.774070945945946,False
GBPUSD1440_comma,daily,10,200,long_short,price_slow,0.001,-0.014069064179180302,-0.6154186111208658,-0.8311802920136887,-0.047895105102485735,-0.2937474330430089,91,0.18681318681318682,0.7708004688248454,-180.65693138210202,0.9125,0.7155405405405405,0.5199324324324325,0.8412162162162162,0.774054054054054,False
GBPUSD1440_comma,daily,75,200,long_short,fast_slope,0.005,-0.010923600921473375,-0.7166964982021062,-0.9435343907123015,-0.04557651461963163,-0.2396760922294866,122,0.319672131147541,0.7933122664425004,-113.46964933707221,0.7888513513513513,0.7557432432432433,0.6888513513513513,0.8739864864864865,0.7733445945945946,False
GBPUSD1440_comma,daily,10,300,long_only,none,0.0025,-0.003970916739147512,-0.8986233206792654,-1.1807367049185826,-0.024096986794781214,-0.16478893286390106,20,0.4,0.7213336753693643,-318.3390871963529,0.5861486486486487,0.9408783783783784,0.9452702702702702,0.7635135135135135,0.7732601351351351,False
GBPUSD1440_comma,daily,60,200,long_short,none,0.001,-0.013277013005673854,-0.5789156110444199,-0.7993984479191885,-0.048476803970633114,-0.27388383552919393,29,0.3103448275862069,0.6942976640907894,-584.4597581804859,0.9432432432432433,0.7077702702702703,0.5587837837837838,0.7097972972972973,0.7724662162162163,False
GBPUSD1440_comma,daily,50,250,long_short,price_slow,0.005,-0.012024581156387826,-0.6409976395145768,-0.8614996913669455,-0.048134905568815375,-0.2498100082319068,63,0.1746031746031746,0.7360754221158589,-224.22576735863382,0.8770270270270271,0.7138513513513514,0.6212837837837838,0.7925675675675675,0.7724155405405405,False
GBPUSD1440_comma,daily,30,200,long_only,price_slow,0.0,-0.005285961925667548,-0.8773156515569226,-1.1581694268505058,-0.032803481334151424,-0.16114027263820863,43,0.13953488372093023,0.7596282760821736,-183.92020735096511,0.6091216216216216,0.8915540540540541,0.9108108108108108,0.8222972972972973,0.772043918918919,False
GBPUSD1440_comma,daily,5,500,long_only,price_slow,0.0,-0.002723838573336912,-0.886779127216811,-1.1887252226846303,-0.018597533979217963,-0.14646235228717408,29,0.13793103448275862,0.6683013629149857,-190.89936899773608,0.5962837837837838,0.964527027027027,0.9695945945945946,0.6560810810810811,0.7719763513513515,False
GBPUSD1440_comma,daily,75,250,long_short,fast_slope,0.005,-0.009986773925520387,-0.729872684697379,-0.9579157757162935,-0.047633866606859115,-0.20965700743853377,119,0.31092436974789917,0.818845779418267,-106.89643596878601,0.7733108108108108,0.720945945945946,0.7351351351351352,0.8989864864864865,0.7714358108108108,False
GBPUSD1440_comma,daily,40,75,long_short,none,0.0,-0.014174736141806088,-0.575969236678409,-0.7769093442243826,-0.05191814995216987,-0.2730208251808801,70,0.38571428571428573,0.7815419272299493,-244.93580950043767,0.9452702702702702,0.6418918918918919,0.5162162162162162,0.8574324324324324,0.7704391891891893,False
GBPUSD1440_comma,daily,75,400,long_only,fast_slope,0.0025,0.0008311142389236803,-1.0397593811994732,-1.4233927833653712,0.008281070258397413,-0.10036314304674443,59,0.2711864406779661,1.0593774477559212,22.727080220359337,0.4293918918918919,0.9972972972972973,0.9966216216216216,0.9945945945945946,0.7695945945945947,False
GBPUSD1440_comma,daily,75,200,long_short,price_slow,0.005,-0.012143654708094642,-0.6703694457048436,-0.8852835099642458,-0.04501593750756714,-0.26976345224518106,72,0.19444444444444445,0.739113119743604,-203.96159757994658,0.841554054054054,0.7611486486486486,0.6155405405405405,0.7959459459459459,0.7694087837837839,False
GBPUSD1440_comma,daily,75,100,long_only,none,0.001,-0.0069822265397038175,-0.8409877716558452,-1.0712050503572326,-0.033879127279130464,-0.20609227865219737,32,0.46875,0.7252187012550759,-332.0613676970554,0.6506756756756756,0.8837837837837837,0.8635135135135135,0.7699324324324325,0.7694087837837839,False
GBPUSD1440_comma,daily,20,200,long_only,price_slow,0.0025,-0.005363261881760839,-0.8803930754879371,-1.161888389262672,-0.034690329956428595,-0.15460394549423861,40,0.175,0.7689132638643794,-192.19730257990258,0.6050675675675675,0.8773648648648649,0.9087837837837838,0.839527027027027,0.769054054054054,False
GBPUSD1440_comma,daily,20,100,long_only,slow_slope,0.0,-0.005971572417871607,-0.8449075422104811,-1.0718224366897195,-0.041736834340094,-0.14307679325202405,62,0.25806451612903225,0.7866576972307308,-144.2884171889786,0.6472972972972973,0.8070945945945946,0.8905405405405405,0.8648648648648649,0.7685304054054054,False
GBPUSD1440_comma,daily,100,150,long_short,price_slow,0.0025,-0.011395092940438056,-0.7057384676090442,-0.9335948314086863,-0.045755769426446956,-0.2490416636694489,84,0.2261904761904762,0.7764344877189083,-163.17707698877868,0.8006756756756757,0.7537162162162162,0.6608108108108108,0.8496621621621622,0.7683108108108108,False
GBPUSD1440_comma,daily,40,400,long_short,none,0.005,-0.012732060211849916,-0.5949775651373305,-0.7884815302194802,-0.04443851663688168,-0.286509568172286,18,0.3888888888888889,0.6438261223101643,-919.0742417787925,0.9297297297297298,0.7706081081081081,0.581081081081081,0.5824324324324325,0.7681250000000001,True
GBPUSD1440_comma,daily,100,400,long_short,price_slow,0.0025,-0.01233828072150378,-0.638155304981777,-0.8610940119311586,-0.04513110537149354,-0.2733875144413611,54,0.2037037037037037,0.6880076638939464,-281.9084314449865,0.8804054054054054,0.7608108108108108,0.6043918918918919,0.6972972972972973,0.767837837837838,False
GBPUSD1440_comma,daily,50,75,long_only,slow_slope,0.005,-0.0006689763495945078,-1.0324721515413984,-1.4049651280165396,-0.00450231559521468,-0.14858495266425442,37,0.4594594594594595,0.9562386139446056,-28.843391838229326,0.43783783783783786,0.9902027027027027,0.9912162162162163,0.9787162162162162,0.7677364864864865,False
GBPUSD1440_comma,daily,10,150,long_short,slow_slope,0.0025,-0.013096068690842344,-0.6316505435465547,-0.844541018620639,-0.051005564956241214,-0.2567576440350724,111,0.25225225225225223,0.7944710191747071,-142.76622198575038,0.8918918918918919,0.6618243243243244,0.5675675675675675,0.8753378378378378,0.767027027027027,False
GBPUSD1440_comma,daily,40,75,long_only,slow_slope,0.001,-0.006669207851521586,-0.8723517889117223,-1.108802688842399,-0.03550040936719759,-0.18786284356720517,81,0.3333333333333333,0.7802233690473488,-127.11236331151792,0.6162162162162163,0.8692567567567567,0.8726351351351351,0.8554054054054054,0.7666385135135136,False
GBPUSD1440_comma,daily,20,150,long_short,slow_slope,0.0,-0.014299446668868065,-0.6345481304300291,-0.849543050592665,-0.04718237424346837,-0.303067552198215,106,0.24528301886792453,0.7775238194161163,-159.42336358981552,0.8871621621621621,0.7280405405405406,0.5091216216216217,0.8523648648648648,0.7665540540540541,False
GBPUSD1440_comma,daily,60,200,long_short,price_slow,0.0,-0.013513737581029361,-0.6509955424782593,-0.8728468307582011,-0.044855267644868066,-0.301274260317015,87,0.1724137931034483,0.7403436203768597,-183.11337768504683,0.8648648648648649,0.7652027027027027,0.5466216216216216,0.7976351351351352,0.7662162162162163,False
GBPUSD1440_comma,daily,20,300,long_short,none,0.005,-0.01358179696168782,-0.6192737844290596,-0.829997999631035,-0.04716210118804319,-0.2879811674958018,35,0.2857142857142857,0.7122718363664575,-440.46782694767626,0.9077702702702702,0.7283783783783784,0.5425675675675675,0.7462837837837838,0.7656587837837838,False
GBPUSD1440_comma,daily,40,200,long_only,price_slow,0.001,-0.005638231579583763,-0.8968957254597189,-1.1883032568357597,-0.03131496543234813,-0.18004910756693704,43,0.16279069767441862,0.7633537544531162,-182.42133911398486,0.5878378378378378,0.9016891891891892,0.9010135135135136,0.831081081081081,0.7654222972972973,False
GBPUSD1440_comma,daily,75,150,long_short,combined,0.0025,-0.011366450065255718,-0.7203733253371897,-0.951021020908822,-0.04621430847937088,-0.24595088489378714,141,0.3049645390070922,0.8047219610841929,-104.74354510518299,0.7841216216216216,0.7456081081081081,0.6628378378378378,0.8841216216216217,0.7652364864864866,False
GBPUSD1440_comma,daily,60,400,long_short,none,0.001,-0.01219061417809486,-0.5810801470049026,-0.7831058417451423,-0.04549960658553827,-0.2679279029627821,16,0.3125,0.6200465450272131,-974.3424706587496,0.9405405405405406,0.7564189189189189,0.6128378378378379,0.5152027027027027,0.7651689189189189,True
GBPUSD1440_comma,daily,40,150,long_short,none,0.001,-0.013790043248963713,-0.5835562990988918,-0.7630213796697793,-0.05210051963408784,-0.26468149158230836,41,0.2926829268292683,0.7555020076154219,-384.1556026781691,0.9391891891891891,0.6398648648648648,0.5341216216216216,0.8152027027027027,0.7647466216216217,False
GBPUSD1440_comma,daily,100,150,long_short,none,0.0,-0.015617679015279884,-0.5985745696411144,-0.7850866468121707,-0.044694699687414206,-0.34943022605603813,35,0.37142857142857144,0.7085916865292848,-506.1395204195712,0.9277027027027027,0.7672297297297297,0.4537162162162162,0.7364864864864865,0.7641047297297298,False
GBPUSD1440_comma,daily,75,250,long_short,slow_slope,0.005,-0.011512569965539399,-0.666470341185756,-0.8899873940998511,-0.04644511513782204,-0.24787472119246123,67,0.23880597014925373,0.7085468382356392,-199.11038997613372,0.8439189189189189,0.7418918918918919,0.6527027027027027,0.7361486486486486,0.7640033783783783,False
GBPUSD1440_comma,daily,60,75,long_short,fast_slope,0.005,-0.005126085379599243,-0.9201213184109871,-1.2156192127547873,-0.035077658953910566,-0.14613533321407046,55,0.43636363636363634,0.8266930566020475,-125.82147690408968,0.5652027027027027,0.8729729729729729,0.9165540540540541,0.9081081081081082,0.7638513513513514,False
GBPUSD1440_comma,daily,10,300,long_only,price_slow,0.0025,-0.0039733363895109175,-0.9220206349041298,-1.2201555120956216,-0.028948062958484847,-0.13725741840513406,31,0.2903225806451613,0.7435723577347348,-205.49769779103073,0.5631756756756757,0.9162162162162162,0.9449324324324324,0.8027027027027027,0.7637162162162163,False
GBPUSD1440_comma,daily,30,75,long_short,slow_slope,0.0025,-0.012158055096776033,-0.6382954169782344,-0.815845047095447,-0.053589258030422096,-0.22687485409620756,146,0.273972602739726,0.8199777324194445,-104.80851645745682,0.8797297297297297,0.6121621621621621,0.6152027027027027,0.8996621621621622,0.7629222972972973,False
GBPUSD1440_comma,daily,100,500,long_short,fast_slope,0.001,-0.011544964359422538,-0.7604884943681588,-0.9950272687692346,-0.03790422978455749,-0.3045824812967458,96,0.21875,0.7630628886166521,-149.95346241048762,0.7381756756756757,0.8506756756756757,0.65,0.8300675675675676,0.7624493243243242,False
GBPUSD1440_comma,daily,100,500,long_short,none,0.0025,-0.011700436539789805,-0.5838417009650676,-0.7821204153483833,-0.0460660956485174,-0.2539923641253147,13,0.23076923076923078,0.6090725181175619,-1142.448767565128,0.9385135135135135,0.7489864864864865,0.6385135135135135,0.4800675675675676,0.7623648648648649,True
GBPUSD1440_comma,daily,10,75,long_only,none,0.0025,-0.007027460071064806,-0.8647551208106509,-1.1500127353751495,-0.03481029646049618,-0.20187877684522992,53,0.37735849056603776,0.7425804786499782,-209.3259711855641,0.6260135135135135,0.8756756756756757,0.8611486486486486,0.8003378378378379,0.7616047297297297,False
GBPUSD1440_comma,daily,10,250,long_short,price_slow,0.001,-0.014540972491608462,-0.6115413695382682,-0.8326743471123388,-0.04950479503587126,-0.29372856671908343,89,0.16853932584269662,0.7488983249069252,-189.65489883576043,0.9182432432432432,0.6922297297297297,0.49932432432432433,0.8074324324324325,0.7613344594594595,False
GBPUSD1440_comma,daily,20,200,long_short,none,0.001,-0.014941609979372106,-0.5986447548167778,-0.8052320545842615,-0.04730188193571247,-0.31587770650814917,38,0.2631578947368421,0.7126317704692701,-496.32709839931687,0.9273648648648649,0.727027027027027,0.4817567567567568,0.7479729729729729,0.7612500000000001,False
GBPUSD1440_comma,daily,60,100,long_short,slow_slope,0.001,-0.013782140573156965,-0.640472178380697,-0.8220790884948413,-0.049523571366377896,-0.27829456141593645,119,0.31092436974789917,0.7900187484769452,-138.34954555383015,0.8773648648648649,0.6912162162162162,0.5351351351351351,0.8695945945945946,0.7612162162162163,False
GBPUSD1440_comma,daily,40,150,long_only,price_slow,0.001,-0.006697962648307243,-0.859653573891182,-1.0850640778465745,-0.03708879911283714,-0.18059259961288288,48,0.14583333333333334,0.742662067970238,-207.9641283038272,0.6297297297297297,0.8581081081081081,0.8716216216216216,0.8006756756756757,0.7608445945945946,False
GBPUSD1440_comma,daily,10,75,long_only,slow_slope,0.001,-0.0073864249472535,-0.880056525703153,-1.1197579771728474,-0.03268549438797842,-0.22598480107341423,97,0.4020618556701031,0.7656412720011514,-115.86520379699864,0.606418918918919,0.8922297297297297,0.8486486486486486,0.8351351351351352,0.760625,False
GBPUSD1440_comma,daily,30,500,long_short,price_slow,0.001,-0.013187881544785118,-0.6216607940916193,-0.8329630900124979,-0.04069693461444667,-0.3240509799994533,55,0.14545454545454545,0.6266937370392214,-329.6153533526582,0.9050675675675676,0.8219594594594595,0.5638513513513513,0.5337837837837838,0.7603547297297298,False
GBPUSD1440_comma,daily,30,75,long_short,none,0.005,-0.01351153525477089,-0.6874886456383512,-0.9121578071534421,-0.04300214318543245,-0.31420608960132257,75,0.3466666666666667,0.763388891222615,-222.11452638305317,0.8233108108108108,0.7875,0.5469594594594595,0.8317567567567568,0.7603547297297297,False
GBPUSD1440_comma,daily,10,300,long_short,price_slow,0.0025,-0.013831498387700147,-0.6142763340620799,-0.8373720936910455,-0.04943939645580037,-0.27976673218625825,73,0.2191780821917808,0.7231586460208953,-216.827512809973,0.9141891891891892,0.6935810810810811,0.5317567567567567,0.7655405405405405,0.7602533783783784,False
GBPUSD1440_comma,daily,30,150,long_short,slow_slope,0.0025,-0.013669698459721213,-0.6374253349299674,-0.8493663008227638,-0.05002692277789469,-0.27324683791587157,97,0.25773195876288657,0.7829261516889335,-158.83985977000364,0.8814189189189189,0.6837837837837838,0.5381756756756757,0.8587837837837838,0.7599662162162162,False
GBPUSD1440_comma,daily,10,50,long_only,none,0.001,-0.008862294756590727,-0.8401551070965535,-1.1331800180096847,-0.032362639058716273,-0.2738433889928341,67,0.3582089552238806,0.7321048648018688,-200.82437917606256,0.6513513513513514,0.8956081081081081,0.7888513513513513,0.783445945945946,0.7597297297297296,False
GBPUSD1440_comma,daily,10,150,long_short,slow_slope,0.001,-0.01396840446705283,-0.6345820103494495,-0.8490869597362066,-0.050133450013453096,-0.27862444063403713,112,0.25892857142857145,0.7846377730078439,-152.54051361287182,0.8868243243243243,0.6810810810810811,0.5263513513513514,0.8618243243243243,0.7595439189189189,False
GBPUSD1440_comma,daily,20,200,long_only,none,0.005,-0.005822439731906215,-0.881412761429789,-1.1495230623988302,-0.03531562395736655,-0.164868663765792,21,0.2857142857142857,0.7437497735319891,-389.9468785670787,0.6040540540540541,0.8716216216216216,0.8956081081081081,0.8037162162162163,0.7592060810810811,False
GBPUSD1440_comma,daily,30,100,long_only,none,0.0025,-0.007316251554733921,-0.8466466073769244,-1.0761136401770008,-0.036522832558142364,-0.20031993803018555,29,0.41379310344827586,0.7216600400184849,-354.06919812571914,0.6445945945945946,0.8631756756756757,0.8506756756756757,0.7641891891891892,0.7583952702702702,False
GBPUSD1440_comma,daily,40,150,long_only,none,0.0,-0.007290472312265872,-0.8037606695441243,-1.0065100629759522,-0.03782910861179495,-0.19272122922803248,19,0.3157894736842105,0.6716140430220013,-577.9384567386965,0.6861486486486487,0.8523648648648648,0.8527027027027027,0.6618243243243244,0.7573648648648649,True
GBPUSD1440_comma,daily,60,200,long_only,none,0.0025,-0.005096654355159047,-0.8113075328711218,-1.0686328196442394,-0.02619195673921285,-0.19458852982635988,15,0.3333333333333333,0.6041902318382582,-524.3901453500171,0.6773648648648649,0.9304054054054054,0.9182432432432432,0.4635135135135135,0.7567229729729731,True
GBPUSD1440_comma,daily,5,100,long_only,price_slow,0.0025,-0.008194394082550627,-0.8467232380012364,-1.0777620594473032,-0.03471680115550774,-0.23603540101074683,68,0.3088235294117647,0.726838830570595,-187.97963336553636,0.643918918918919,0.8766891891891891,0.8182432432432433,0.7753378378378378,0.7566891891891893,False
GBPUSD1440_comma,daily,5,200,long_short,price_slow,0.0,-0.014887731657420522,-0.6012859231850965,-0.7920963750663708,-0.051298286008325804,-0.2902188906468379,101,0.15841584158415842,0.767056998173469,-175.2895808637489,0.925,0.6550675675675676,0.4851351351351351,0.8364864864864865,0.756266891891892,False
GBPUSD1440_comma,daily,50,100,long_only,slow_slope,0.0025,-0.005236478596130634,-0.8803388363063895,-1.1103592103784552,-0.0399742757014022,-0.13099620954350277,47,0.3191489361702128,0.7596984744698501,-167.23955072764363,0.6054054054054054,0.8320945945945946,0.9131756756756757,0.8226351351351351,0.7562162162162163,False
GBPUSD1440_comma,daily,75,400,long_short,none,0.0,-0.012593237235494326,-0.5805287516928376,-0.7907762080536054,-0.04521376081974048,-0.27852664779869574,14,0.42857142857142855,0.606245664533639,-1099.7310847226295,0.9418918918918919,0.7594594594594595,0.5908783783783784,0.47162162162162163,0.7555405405405405,True
GBPUSD1440_comma,daily,20,75,long_short,slow_slope,0.0,-0.012954298110774753,-0.6171352661019925,-0.8016065543281865,-0.055393400460583005,-0.23385995449029728,169,0.3136094674556213,0.8150260754039937,-95.57488477924332,0.9097972972972973,0.5712837837837837,0.5719594594594595,0.893581081081081,0.755168918918919,False
GBPUSD1440_comma,daily,50,200,long_only,price_slow,0.0,-0.0054425300123805975,-0.9024019902618114,-1.201565096065175,-0.03585830882332001,-0.1517787701365636,44,0.18181818181818182,0.7635058152513509,-177.8816562415777,0.581081081081081,0.8658783783783783,0.9043918918918918,0.8320945945945946,0.7545945945945945,False
GBPUSD1440_comma,daily,40,150,long_short,price_slow,0.001,-0.01346186113100023,-0.6210588059476632,-0.8018297050966511,-0.053697315347276744,-0.25069896034724104,99,0.1919191919191919,0.7856382314902585,-164.41845478137202,0.9060810810810811,0.6094594594594595,0.5510135135135135,0.8631756756756757,0.7544763513513514,False
GBPUSD1440_comma,daily,10,150,long_only,slow_slope,0.0025,-0.006116504396815103,-0.911518453513353,-1.213080647061399,-0.032593774029141785,-0.18765867344316722,54,0.25925925925925924,0.7632030966251778,-175.7868329584909,0.5726351351351351,0.8929054054054054,0.8871621621621621,0.8304054054054054,0.7542736486486487,False
GBPUSD1440_comma,daily,100,250,long_short,none,0.005,-0.013501184832973134,-0.6242588675358715,-0.8358372570255737,-0.04586366194113877,-0.29437651206963145,22,0.3181818181818182,0.6638035859566426,-816.4854395573889,0.9,0.7527027027027027,0.547972972972973,0.6402027027027027,0.7538006756756758,False
GBPUSD1440_comma,daily,60,150,long_short,price_slow,0.0025,-0.01285332486363322,-0.6485884609361089,-0.8253806761133478,-0.05078785767776724,-0.253078697376516,82,0.23170731707317074,0.7639297948984793,-197.52196986955224,0.8679054054054054,0.6658783783783784,0.5760135135135135,0.8327702702702703,0.75375,False
GBPUSD1440_comma,daily,30,100,long_only,price_slow,0.005,-0.005922489836634126,-0.9167105622994739,-1.1566279931199106,-0.0313275230199774,-0.18905068979942607,45,0.35555555555555557,0.7536246711352117,-189.7048768813221,0.5692567567567568,0.9013513513513514,0.8929054054054054,0.8128378378378378,0.7535472972972973,False
GBPUSD1440_comma,daily,30,250,long_short,price_slow,0.0025,-0.013828637438058844,-0.6303407539940701,-0.8449385339482125,-0.05015816737312627,-0.2757006119300114,76,0.14473684210526316,0.7333567251115969,-217.05709293566747,0.8952702702702703,0.6800675675675676,0.5320945945945946,0.7871621621621622,0.7526182432432432,False
GBPUSD1440_comma,daily,100,150,long_short,combined,0.001,-0.012009718391815749,-0.7041599313318464,-0.9280845010735447,-0.048519901659094915,-0.2475214907935528,114,0.24561403508771928,0.788226309936877,-124.38228791219136,0.8027027027027027,0.7057432432432432,0.6226351351351351,0.8668918918918919,0.7520777027027028,False
GBPUSD1440_comma,daily,75,400,long_short,none,0.001,-0.01284096976603355,-0.586136345186108,-0.7952693789370072,-0.0443071217812349,-0.2898172855694725,15,0.3333333333333333,0.6007159239539486,-1090.9734015989904,0.9364864864864865,0.7733108108108108,0.5763513513513514,0.45506756756756755,0.7514527027027027,True
GBPUSD1440_comma,daily,75,150,long_short,none,0.005,-0.013400772896096758,-0.6651334057175675,-0.8711155550486238,-0.04525698534546224,-0.2961039670186606,30,0.36666666666666664,0.7124360189731347,-551.9408557717519,0.8466216216216216,0.7591216216216217,0.5533783783783783,0.7469594594594594,0.7511486486486487,False
GBPUSD1440_comma,daily,100,150,long_short,price_slow,0.0,-0.013198741036889894,-0.667435171820933,-0.8561901345775843,-0.04848938293804004,-0.2721985770319104,99,0.1919191919191919,0.7630090209961107,-165.98236592917038,0.8425675675675676,0.7070945945945946,0.5628378378378378,0.8297297297297297,0.7508277027027027,False
GBPUSD1440_comma,daily,20,200,long_short,none,0.0,-0.015568591850033675,-0.6019139401799588,-0.813981764888105,-0.047701668616459275,-0.3263741563258815,36,0.25,0.7051269110156577,-551.5821860257438,0.9243243243243243,0.7192567567567567,0.4560810810810811,0.7300675675675675,0.7502702702702702,False
GBPUSD1440_comma,daily,100,200,long_short,none,0.005,-0.013809979441680609,-0.628170014712716,-0.8422488657327507,-0.0449734205521993,-0.3070698041669252,26,0.3076923076923077,0.6578865984133919,-675.9111458249919,0.897972972972973,0.7618243243243243,0.533445945945946,0.6246621621621622,0.7500337837837839,False
GBPUSD1440_comma,daily,30,100,long_only,slow_slope,0.0,-0.007201509535173067,-0.8707313308615503,-1.1008000846634078,-0.039710654004494986,-0.18134955758618088,63,0.25396825396825395,0.7558732902535537,-170.4053206754313,0.6182432432432432,0.8351351351351352,0.8550675675675675,0.816554054054054,0.7495777027027027,False
GBPUSD1440_comma,daily,75,250,long_short,combined,0.001,-0.009997521438915524,-0.7533289809410758,-0.9970981123118047,-0.05069740282512585,-0.19719987379631032,136,0.3088235294117647,0.8229388506448475,-92.90928860739609,0.7472972972972973,0.6682432432432432,0.7344594594594595,0.902027027027027,0.7481756756756757,False
GBPUSD1440_comma,daily,40,50,long_short,none,0.001,-0.01565129680833377,-0.6803602887520007,-0.9178322379034742,-0.04460900987428614,-0.3508550593801816,134,0.3582089552238806,0.8116328766304292,-149.89537683863435,0.8297297297297297,0.7675675675675676,0.452027027027027,0.8915540540540541,0.7479222972972973,False
GBPUSD1440_comma,daily,100,500,long_short,fast_slope,0.005,-0.011716785677281405,-0.776982276706002,-1.0172975382144525,-0.038631368519820644,-0.30329719412528344,95,0.22105263157894736,0.7542573977815156,-154.9889307193989,0.7168918918918918,0.8445945945945946,0.6364864864864865,0.8138513513513513,0.7472804054054054,False
GBPUSD1440_comma,daily,60,200,long_short,price_slow,0.0025,-0.013658595549487784,-0.663222192470149,-0.8827894605996918,-0.04696451119369768,-0.2908280146503617,80,0.1875,0.728902180388322,-207.02150024612473,0.8493243243243244,0.731081081081081,0.539527027027027,0.779054054054054,0.7472635135135135,False
GBPUSD1440_comma,daily,30,75,long_short,none,0.001,-0.015961493932098447,-0.6131097620913832,-0.8187212525947024,-0.0497260447219108,-0.3209886091154427,72,0.375,0.7495180113559023,-290.6924870859397,0.9158783783783784,0.6881756756756757,0.4375,0.8077702702702703,0.7470608108108109,False
GBPUSD1440_comma,daily,10,200,long_only,none,0.0,-0.006856432316484251,-0.8547333169504888,-1.1179259905103776,-0.03751677677546944,-0.18275643340894276,27,0.2222222222222222,0.6900279740913094,-393.42463799017486,0.6347972972972973,0.8543918918918919,0.8675675675675676,0.702027027027027,0.7463344594594595,False
GBPUSD1440_comma,daily,10,400,long_only,none,0.005,-0.003931561159652985,-0.9183344906515456,-1.214105871807091,-0.02846557524538276,-0.13811634318862753,18,0.3888888888888889,0.6741732830725307,-328.222353642549,0.5668918918918919,0.9192567567567568,0.9459459459459459,0.6675675675675675,0.7458952702702704,True
GBPUSD1440_comma,daily,50,200,long_short,none,0.0025,-0.014180249626196795,-0.6022864442507582,-0.8192275946016926,-0.0508585542651227,-0.27881739524635274,29,0.27586206896551724,0.6968419120883715,-590.7736787785375,0.922972972972973,0.6648648648648648,0.5155405405405405,0.7148648648648649,0.7457432432432433,False
GBPUSD1440_comma,daily,75,150,long_short,none,0.001,-0.015644785313731036,-0.6134119551764693,-0.7876959216030963,-0.04850046843892733,-0.3225697775152674,32,0.40625,0.7140515518806081,-600.3043523606877,0.9152027027027027,0.706081081081081,0.4523648648648649,0.7503378378378378,0.745625,False
GBPUSD1440_comma,daily,10,300,long_only,slow_slope,0.005,-0.0028315891626023992,-0.9981931446589187,-1.3383398830508435,-0.02472472637296566,-0.1145245904803418,41,0.3170731707317073,0.7732806463044581,-109.33396296418687,0.4760135135135135,0.9375,0.9679054054054054,0.8456081081081082,0.7452027027027027,False
GBPUSD1440_comma,daily,60,100,long_only,fast_slope,0.001,-0.005546958623480314,-0.8912365113190212,-1.1284565727065181,-0.040942479344614334,-0.13548174688668368,71,0.38028169014084506,0.7589097609919896,-123.306970722949,0.5925675675675676,0.8179054054054054,0.902027027027027,0.8202702702702702,0.7449493243243244,False
GBPUSD1440_comma,daily,50,250,long_short,price_slow,0.0025,-0.01367918674042945,-0.649911648876187,-0.8756756920877401,-0.04921192481728884,-0.277964879268932,74,0.16216216216216217,0.7208828690724017,-211.74572359192027,0.8665540540540541,0.6959459459459459,0.5375,0.7618243243243243,0.7423817567567568,False
GBPUSD1440_comma,daily,50,150,long_short,none,0.001,-0.015661250080325928,-0.6124887884501086,-0.785823250543945,-0.05010810893614982,-0.31254921434537175,37,0.35135135135135137,0.7191430293109137,-481.68708056749,0.9172297297297297,0.6824324324324325,0.4516891891891892,0.7594594594594595,0.7417567567567569,False
GBPUSD1440_comma,daily,5,200,long_short,price_slow,0.001,-0.014824040963259177,-0.6023322207871775,-0.7930843387665008,-0.0540967755183517,-0.274028180445437,98,0.16326530612244897,0.763325140130736,-179.75873242269745,0.9226351351351352,0.5986486486486486,0.48817567567567566,0.8307432432432432,0.7409628378378378,False
GBPUSD1440_comma,daily,30,75,long_only,slow_slope,0.0,-0.007630032499457373,-0.8779019909666976,-1.121375365098012,-0.04175584002104758,-0.1827297090804868,96,0.3229166666666667,0.7760340631976291,-120.70358784198186,0.6084459459459459,0.8067567567567567,0.841554054054054,0.8493243243243244,0.7407770270270271,False
GBPUSD1440_comma,daily,30,75,long_only,slow_slope,0.0025,-0.007359732177388056,-0.9211841243155368,-1.164283105013839,-0.032996516178035534,-0.22304573421260565,81,0.2839506172839506,0.7556021727193268,-138.2795959384284,0.5645270270270271,0.8908783783783784,0.8493243243243244,0.8155405405405406,0.7407263513513513,False
GBPUSD1440_comma,daily,75,400,long_only,fast_slope,0.001,-0.0011847196276666416,-1.079809639087064,-1.4704444844427789,-0.010686287884942079,-0.11086353282097294,62,0.25806451612903225,0.9246596792767761,-30.36550151151388,0.38175675675675674,0.9807432432432432,0.9878378378378379,0.9682432432432433,0.7406925675675675,False
GBPUSD1440_comma,daily,60,250,long_short,slow_slope,0.005,-0.011756724086398052,-0.6643719258957338,-0.8920879545002289,-0.05153356003375336,-0.2281372386983871,69,0.2463768115942029,0.7125441557526937,-198.31839868841996,0.8476351351351351,0.6489864864864865,0.6337837837837837,0.7476351351351351,0.7402027027027027,False
GBPUSD1440_comma,daily,10,400,long_short,slow_slope,0.0025,-0.013980319124924923,-0.6507684613642052,-0.872549924915087,-0.04663764062384988,-0.29976471660908954,84,0.20238095238095238,0.6857217641450202,-195.3120299351808,0.8652027027027027,0.7371621621621621,0.5253378378378378,0.6932432432432433,0.7394256756756757,False
GBPUSD1440_comma,daily,20,75,long_only,slow_slope,0.0025,-0.005777258497757343,-0.9383027242680678,-1.2633382503075494,-0.03811986827492036,-0.15155504882891446,86,0.313953488372093,0.7837075939144647,-103.52924852938578,0.5445945945945946,0.8493243243243244,0.8969594594594594,0.860472972972973,0.7386317567567567,False
GBPUSD1440_comma,daily,75,400,long_only,fast_slope,0.005,-0.00038468431083305,-1.095147691507114,-1.496281019719351,-0.0036826593408291345,-0.10445829364886083,54,0.25925925925925924,0.9716598366894391,-11.388726172771726,0.3618243243243243,0.9905405405405405,0.9922297297297298,0.9824324324324324,0.7381756756756758,False
GBPUSD1440_comma,daily,30,250,long_short,slow_slope,0.005,-0.013493718955812528,-0.6722619118950319,-0.8933925292489762,-0.04907810548146257,-0.27494376205921967,85,0.23529411764705882,0.7324094017467696,-188.45197528553624,0.8388513513513514,0.697972972972973,0.5486486486486486,0.785472972972973,0.7375844594594595,False
GBPUSD1440_comma,daily,30,100,long_only,none,0.005,-0.006794673385615901,-0.8994460834407026,-1.1328172544110513,-0.03212655451608692,-0.2114971084811963,27,0.37037037037037035,0.6897806686397328,-363.5148320538142,0.5851351351351352,0.8969594594594594,0.8699324324324325,0.7016891891891892,0.7375337837837838,False
GBPUSD1440_comma,daily,30,400,long_short,price_slow,0.005,-0.013922583412987355,-0.6284761762405515,-0.8444621818961268,-0.04849947531255992,-0.287066681098338,51,0.17647058823529413,0.6640134690977966,-349.9681070046395,0.8972972972972973,0.706418918918919,0.5277027027027027,0.6412162162162162,0.7372466216216217,False
GBPUSD1440_comma,daily,60,100,long_short,none,0.0025,-0.01299698898899504,-0.6310802058114034,-0.8110247719716687,-0.054994854693194886,-0.23633099971811178,53,0.39622641509433965,0.7461714904925496,-287.4431841554398,0.893918918918919,0.5790540540540541,0.5709459459459459,0.8047297297297298,0.7372297297297297,False
GBPUSD1440_comma,daily,40,200,long_short,price_slow,0.001,-0.015743645289267527,-0.6617480034914109,-0.8777478713689582,-0.04535852962657455,-0.3470933784424016,83,0.18072289156626506,0.7306176651193776,-223.53950599196412,0.852027027027027,0.7581081081081081,0.44763513513513514,0.7817567567567567,0.7371283783783783,False
GBPUSD1440_comma,daily,40,75,long_only,slow_slope,0.0,-0.008017301350987882,-0.8841180460934477,-1.1180118098288028,-0.039012736324137,-0.2055047173409268,85,0.32941176470588235,0.7437195574099715,-142.813082041426,0.5996621621621622,0.841554054054054,0.8260135135135135,0.8033783783783783,0.7359628378378379,False
GBPUSD1440_comma,daily,10,400,long_only,price_slow,0.0,-0.00429726223847704,-0.9222562186781601,-1.226643568700425,-0.028356737977316894,-0.1515428975615779,30,0.23333333333333334,0.6527408654616732,-228.2593120284859,0.5628378378378378,0.9202702702702703,0.9398648648648649,0.6125,0.7350506756756757,False
GBPUSD1440_comma,daily,60,100,long_short,price_slow,0.0025,-0.011774438722719438,-0.6778667934253924,-0.8688134675922689,-0.05475660117057241,-0.21503231520964672,106,0.3018867924528302,0.7865716465946652,-141.57033280161508,0.8320945945945946,0.5834459459459459,0.6324324324324324,0.8641891891891892,0.7348141891891892,False
GBPUSD1440_comma,daily,50,75,long_only,slow_slope,0.001,-0.007544636481377154,-0.8935547898524661,-1.1344241439570186,-0.04072166837139439,-0.18527326563753976,76,0.34210526315789475,0.7610721299497799,-140.8672632584878,0.5908783783783784,0.8212837837837837,0.8445945945945946,0.8256756756756757,0.7344425675675677,False
GBPUSD1440_comma,daily,50,100,long_only,slow_slope,0.001,-0.005672378727946015,-0.8672691790157039,-1.093040293533056,-0.04678701541020003,-0.12123831106160665,49,0.2857142857142857,0.7518633160119933,-173.5810866524393,0.6219594594594594,0.7344594594594595,0.9,0.8111486486486487,0.734070945945946,False
GBPUSD1440_comma,daily,10,75,long_only,none,0.001,-0.009893730936454181,-0.8468749992735612,-1.0724520923777099,-0.03410503133349767,-0.2900959345179268,54,0.4444444444444444,0.6983341451586144,-278.32088442477226,0.643581081081081,0.8820945945945946,0.7415540540540541,0.7172297297297298,0.7338513513513514,False
GBPUSD1440_comma,daily,60,250,long_short,price_slow,0.005,-0.012836897012088677,-0.6570817151354955,-0.8803004662073665,-0.05140275560461957,-0.24973168969437554,64,0.171875,0.7139291124122203,-235.8338430608494,0.856418918918919,0.6537162162162162,0.5766891891891892,0.75,0.7338344594594595,False
GBPUSD1440_comma,daily,20,75,long_only,none,0.0,-0.009867654924842761,-0.8255999914223129,-1.0530088172495642,-0.03497968875023613,-0.28209670461336367,39,0.38461538461538464,0.6773077759588646,-385.85526618583134,0.6631756756756757,0.8739864864864865,0.7429054054054054,0.6756756756756757,0.7336993243243244,False
GBPUSD1440_comma,daily,30,75,long_only,none,0.0025,-0.008436041335280975,-0.870553145977371,-1.1122463802393148,-0.03529873183664284,-0.23898992672942732,36,0.3055555555555556,0.6935882602354431,-357.6287625827827,0.6185810810810811,0.8719594594594594,0.808445945945946,0.7087837837837838,0.7334290540540541,False
GBPUSD1440_comma,daily,30,500,long_short,price_slow,0.0,-0.014177379587943517,-0.6332804109798655,-0.8491186342690851,-0.041956021354844074,-0.3379104865077168,57,0.14035087719298245,0.611300179305761,-340.56845429771283,0.8898648648648648,0.8040540540540541,0.5158783783783784,0.4851351351351351,0.7329054054054054,False
GBPUSD1440_comma,daily,100,150,long_short,combined,0.005,-0.010849641914515207,-0.76969483236814,-1.0087952974128178,-0.047423515917563684,-0.22878189658850145,76,0.27631578947368424,0.7606607754186584,-174.13527761473938,0.7243243243243244,0.7236486486486486,0.6918918918918919,0.825,0.7327702702702703,False
GBPUSD1440_comma,daily,20,50,long_short,none,0.0025,-0.01767058766441154,-0.6596022211852589,-0.9144126359329617,-0.04443451819654604,-0.39767703986908765,103,0.3106796116504854,0.7473650224349829,-237.05503018082706,0.8543918918918919,0.7712837837837838,0.38074324324324327,0.8060810810810811,0.7316385135135136,False
GBPUSD1440_comma,daily,10,75,long_only,slow_slope,0.0025,-0.006506270641064682,-0.9285844285530039,-1.2465478324386308,-0.040602641445611265,-0.16024254603681565,96,0.34375,0.7821768202770635,-103.83948936932467,0.5543918918918919,0.8233108108108108,0.8763513513513513,0.8584459459459459,0.7316216216216216,False
GBPUSD1440_comma,daily,20,100,long_only,slow_slope,0.001,-0.007102496794499813,-0.8711603720980875,-1.1054249183819242,-0.04486874903804348,-0.15829495911458824,63,0.2222222222222222,0.7495900531430985,-168.13799772512127,0.6172297297297298,0.7635135135135135,0.8584459459459459,0.8081081081081081,0.7306756756756756,False
GBPUSD1440_comma,daily,10,500,long_short,price_slow,0.005,-0.014393687428826074,-0.6311404342713379,-0.8540540849230022,-0.04440742614293301,-0.32412793712694565,50,0.24,0.6250748967908799,-353.9552642247911,0.893581081081081,0.7716216216216216,0.5054054054054054,0.5273648648648649,0.7305236486486486,False
GBPUSD1440_comma,daily,40,150,long_short,price_slow,0.0025,-0.013510744897094917,-0.6357904528196766,-0.8141472032359749,-0.05631934960149813,-0.23989525789437605,92,0.1956521739130435,0.7791807346649973,-176.93377868794727,0.8847972972972973,0.5543918918918919,0.5472972972972973,0.8547297297297297,0.7301858108108108,False
GBPUSD1440_comma,daily,20,200,long_short,price_slow,0.0,-0.015776735920726592,-0.6464868658865859,-0.8636905848065339,-0.04893244098588516,-0.3224187390381257,90,0.15555555555555556,0.7323597436573034,-212.37649108698486,0.8706081081081081,0.6996621621621621,0.4456081081081081,0.7851351351351351,0.7300506756756757,False
GBPUSD1440_comma,daily,40,100,long_short,fast_slope,0.005,-0.011785642250629835,-0.7220957674139904,-0.9328388235788437,-0.05239148807612938,-0.22495337856226327,142,0.352112676056338,0.7990358864014055,-109.42647014320353,0.7817567567567567,0.6341216216216217,0.6314189189189189,0.8793918918918919,0.7294256756756757,False
GBPUSD1440_comma,daily,100,250,long_short,combined,0.005,-0.01030869508276211,-0.7725916245935663,-1.0206903806400793,-0.05007414480101113,-0.20586861989810656,103,0.23300970873786409,0.7725773224199827,-125.85824991457964,0.7206081081081082,0.6827702702702703,0.7192567567567567,0.8442567567567567,0.7294256756756757,False
GBPUSD1440_comma,daily,50,100,long_only,price_slow,0.0,-0.00658003799915452,-0.8786854201634057,-1.115453959472546,-0.04612180304093939,-0.14266653871518942,65,0.3076923076923077,0.7619885281520129,-140.3767600197187,0.6077702702702703,0.7479729729729729,0.8746621621621622,0.8273648648648648,0.7291385135135136,False
GBPUSD1440_comma,daily,100,300,long_short,none,0.0025,-0.01429457817191726,-0.6226005997219641,-0.8385951084179566,-0.04813916626168695,-0.296942786549547,26,0.46153846153846156,0.6425292740253766,-715.5415235489752,0.904054054054054,0.7135135135135136,0.5097972972972973,0.5797297297297297,0.728918918918919,False
GBPUSD1440_comma,daily,75,200,long_short,none,0.005,-0.014034601372850286,-0.6155285912052051,-0.8285069339222173,-0.05013723289074245,-0.2799237325967723,26,0.2692307692307692,0.6473233452939027,-708.0920960574748,0.9121621621621622,0.6804054054054054,0.5212837837837838,0.5962837837837838,0.7286655405405406,False
GBPUSD1440_comma,daily,75,300,long_only,fast_slope,0.005,-0.0011854786415124163,-1.1070790310403003,-1.5048780576971583,-0.01114258826251062,-0.10639167611541156,50,0.3,0.9287356459629429,-37.67713066209086,0.35135135135135137,0.9797297297297297,0.9875,0.9702702702702702,0.7285135135135136,False
GBPUSD1440_comma,daily,20,250,long_short,price_slow,0.005,-0.015204147355947661,-0.6480143522562947,-0.8678163532280379,-0.04992936859023601,-0.30451311092527866,71,0.2112676056338028,0.7258171804213668,-249.86474060342357,0.8685810810810811,0.6854729729729729,0.4689189189189189,0.7716216216216216,0.7283277027027029,False
GBPUSD1440_comma,daily,5,150,long_short,slow_slope,0.0,-0.01537351504091089,-0.6518159366382,-0.8712118445138113,-0.0511292543653237,-0.30067942964834904,121,0.2396694214876033,0.7672940211061061,-155.77629833027467,0.8635135135135135,0.658445945945946,0.4625,0.8371621621621622,0.7280912162162163,False
GBPUSD1440_comma,daily,60,100,long_only,slow_slope,0.001,-0.006939022922473503,-0.8868911588220881,-1.1214869886193464,-0.04219763316963509,-0.16444104565245476,53,0.3018867924528302,0.7304673449108523,-195.40354961864674,0.5956081081081082,0.7983108108108108,0.8648648648648649,0.7810810810810811,0.7279560810810811,False
GBPUSD1440_comma,daily,60,500,long_short,price_slow,0.0025,-0.014062945085937861,-0.6465067199548683,-0.8639770858688967,-0.04242786885704241,-0.33145537272498704,54,0.14814814814814814,0.6189973723891485,-353.69597798180035,0.8702702702702703,0.7949324324324324,0.5202702702702703,0.5121621621621621,0.7277195945945946,False
GBPUSD1440_comma,daily,40,75,long_short,fast_slope,0.0025,-0.014469747255702381,-0.7259295505413412,-0.944883701712768,-0.04656640944055219,-0.31073358306001264,165,0.3393939393939394,0.7903602022347281,-114.2723753873451,0.7763513513513514,0.7391891891891892,0.5020270270270271,0.8702702702702703,0.7262837837837839,False
GBPUSD1440_comma,daily,40,200,long_only,price_slow,0.0025,-0.006698943749282038,-0.9335326856002937,-1.2368164203592293,-0.03541429368906608,-0.1891593210385074,43,0.18604651162790697,0.7224061542296939,-235.2074864518532,0.5493243243243243,0.8702702702702703,0.8712837837837838,0.764527027027027,0.7262331081081081,False
GBPUSD1440_comma,daily,30,75,long_only,slow_slope,0.001,-0.008187225901976847,-0.9096164482816903,-1.1565317709478165,-0.03883457669066578,-0.210823101464235,88,0.3181818181818182,0.7538535928435285,-140.68303537712507,0.5743243243243243,0.8429054054054054,0.8185810810810811,0.8131756756756757,0.7261486486486487,False
GBPUSD1440_comma,daily,5,500,long_only,price_slow,0.001,-0.0037489199177671573,-0.911302989353624,-1.2205282351388587,-0.024690410105230598,-0.1518370858073742,27,0.14814814814814814,0.6081376708771462,-262.25541708142345,0.572972972972973,0.9378378378378378,0.9513513513513514,0.4766891891891892,0.7254222972972973,False
GBPUSD1440_comma,daily,20,250,long_short,price_slow,0.0025,-0.015790100688473085,-0.6465896962736072,-0.8694669745944088,-0.04949178780078354,-0.3190448636050909,78,0.1794871794871795,0.7242545950490684,-242.07444410097736,0.8699324324324325,0.6929054054054054,0.4449324324324324,0.7675675675675676,0.7253209459459461,False
GBPUSD1440_comma,daily,30,400,long_short,price_slow,0.0,-0.014673217293782126,-0.6297541933977664,-0.8505454930058775,-0.048691975190156875,-0.30134775261177593,62,0.16129032258064516,0.6545768185318785,-311.6015230255741,0.8959459459459459,0.7023648648648648,0.49358108108108106,0.6155405405405405,0.7250168918918919,False
GBPUSD1440_comma,daily,100,400,long_short,none,0.005,-0.01324395815107049,-0.605446907967985,-0.81221248777544,-0.04787856345818706,-0.27661561238437327,15,0.3333333333333333,0.5928024570567807,-1065.4360736994802,0.9216216216216216,0.7168918918918918,0.5597972972972973,0.4341216216216216,0.7249493243243244,True
GBPUSD1440_comma,daily,75,100,long_short,fast_slope,0.0,-0.014433569610771912,-0.6571415606536546,-0.8459480082974171,-0.05404701354569753,-0.2670558216610456,161,0.36645962732919257,0.7980728205959459,-111.715739012086,0.856081081081081,0.5996621621621622,0.504054054054054,0.8783783783783784,0.7249155405405405,False
GBPUSD1440_comma,daily,75,400,long_short,none,0.0025,-0.01306580185931916,-0.5935532798208479,-0.8022676233882732,-0.04860759923807363,-0.2688016290482601,15,0.3333333333333333,0.5851629912298643,-1110.8221048225814,0.9314189189189189,0.7043918918918919,0.5692567567567568,0.4141891891891892,0.7246452702702703,True
GBPUSD1440_comma,daily,20,150,long_only,slow_slope,0.001,-0.0072957092521318545,-0.9189706722274622,-1.2144618484028449,-0.03816197746167315,-0.19117744250698443,53,0.24528301886792453,0.7244682276314384,-211.30041840508832,0.5662162162162162,0.8486486486486486,0.8513513513513513,0.7682432432432432,0.7241554054054054,False
GBPUSD1440_comma,daily,50,300,long_short,price_slow,0.005,-0.012659068670624163,-0.6490166340525765,-0.8705675892869644,-0.05399332668341776,-0.23445617168300859,62,0.20967741935483872,0.704551980551538,-246.9855198259314,0.8675675675675676,0.6010135135135135,0.585472972972973,0.7280405405405406,0.7235810810810811,False
GBPUSD1440_comma,daily,30,50,long_only,none,0.001,-0.00982076738519666,-0.879887051143235,-1.1846806294144363,-0.03738455051015853,-0.2626958797465829,59,0.3728813559322034,0.7323275268161044,-253.9632713019188,0.6067567567567568,0.8554054054054054,0.7456081081081081,0.7847972972972973,0.7233952702702703,False
GBPUSD1440_comma,daily,40,75,long_only,none,0.001,-0.009204621991140693,-0.8475681742609368,-1.0814858486277052,-0.04025524868285933,-0.22865644337852564,36,0.3611111111111111,0.6885025225608665,-386.04219698622563,0.6422297297297297,0.8273648648648648,0.7726351351351352,0.6989864864864865,0.7231081081081081,False
GBPUSD1440_comma,daily,40,400,long_short,price_slow,0.0,-0.014343211223712071,-0.6276886303583465,-0.8475506730883586,-0.051313340424437276,-0.2795220717472783,60,0.18333333333333332,0.6679908901889035,-304.71061977532935,0.8986486486486487,0.6547297297297298,0.5074324324324324,0.6547297297297298,0.722837837837838,False
GBPUSD1440_comma,daily,10,300,long_only,slow_slope,0.001,-0.003763824914960967,-1.0022741974884255,-1.3428486077715907,-0.03136195833119082,-0.12001243274459938,45,0.3111111111111111,0.7359720475744974,-131.2088595304314,0.47162162162162163,0.9006756756756756,0.9506756756756757,0.7922297297297297,0.7227871621621622,False
GBPUSD1440_comma,daily,60,75,long_only,fast_slope,0.0,-0.0076802961169247785,-0.8934891849432667,-1.12977976252039,-0.04408669461965841,-0.17420893499010714,83,0.3855421686746988,0.7620604705750906,-129.82954127865435,0.5912162162162162,0.7760135135135136,0.839527027027027,0.8280405405405405,0.7226013513513514,False
GBPUSD1440_comma,daily,100,250,long_only,fast_slope,0.005,-0.0022516973443043042,-1.0984543617147497,-1.4825975223537091,-0.016660649303215407,-0.13515063568799446,51,0.21568627450980393,0.8746906543037329,-69.60242734320325,0.3584459459459459,0.9689189189189189,0.9760135135135135,0.9432432432432433,0.7222972972972972,False
GBPUSD1440_comma,daily,20,500,long_short,none,0.001,-0.013869634839931866,-0.606555330106074,-0.8206912336537631,-0.040987243273603736,-0.3383890628444405,24,0.20833333333333334,0.5342987090879537,-796.771271676695,0.9209459459459459,0.8168918918918919,0.5297297297297298,0.2881756756756757,0.7217736486486487,False
GBPUSD1440_comma,daily,30,50,long_only,fast_slope,0.0,-0.00823815708132758,-0.9555582221281895,-1.3034457247928322,-0.033676898992009104,-0.24462338659157246,121,0.2892561983471074,0.7758309671204966,-110.62873486647739,0.5239864864864865,0.885472972972973,0.8158783783783784,0.8483108108108108,0.7213851351351351,False
GBPUSD1440_comma,daily,75,400,long_only,fast_slope,0.0,-0.002032283207640595,-1.0993322240638888,-1.4959581084114064,-0.01965076311644366,-0.10342006544977334,64,0.25,0.8765346516747854,-50.14206639236386,0.3581081081081081,0.960472972972973,0.9793918918918919,0.9459459459459459,0.7211317567567568,False
GBPUSD1440_comma,daily,75,500,long_short,fast_slope,0.005,-0.011439045272004456,-0.7862559279097497,-1.0337045938550682,-0.047372463827394455,-0.24147034685980395,120,0.275,0.7729066606542586,-121.2454828905117,0.7043918918918919,0.725,0.6564189189189189,0.8449324324324324,0.7210304054054054,False
GBPUSD1440_comma,daily,10,100,long_only,price_slow,0.001,-0.009264646487698536,-0.8657155233886416,-1.0989486151962056,-0.040900680715562625,-0.2265157040326069,74,0.2972972972972973,0.7143136533470186,-189.5369172272912,0.6239864864864865,0.8189189189189189,0.768918918918919,0.7506756756756757,0.7207094594594594,False
GBPUSD1440_comma,daily,10,400,long_only,price_slow,0.005,-0.004183471650006099,-0.9401215150244283,-1.252700607321642,-0.034231782679313524,-0.12221016034126075,26,0.3076923076923077,0.6622071919737816,-241.87725655269318,0.5415540540540541,0.8810810810810811,0.9422297297297297,0.6334459459459459,0.7203547297297298,False
GBPUSD1440_comma,daily,40,75,long_only,slow_slope,0.005,-0.00457199349509374,-1.0366976542320183,-1.3956793221430246,-0.029968806580496023,-0.15255841045299534,62,0.3548387096774194,0.8069252789782139,-105.23713314276651,0.4331081081081081,0.910472972972973,0.9317567567567567,0.8871621621621621,0.7202871621621622,False
GBPUSD1440_comma,daily,50,400,long_short,price_slow,0.0,-0.014632671587566093,-0.6341802725995623,-0.8540314076634219,-0.05067291010260905,-0.28876714516565105,60,0.18333333333333332,0.6682648843346782,-303.9510392288738,0.8885135135135135,0.668581081081081,0.4966216216216216,0.6557432432432433,0.7202364864864865,False
GBPUSD1440_comma,daily,100,150,long_short,none,0.0025,-0.01507604745898683,-0.6651389257346951,-0.8776677747511115,-0.04683721111874143,-0.32188183495311284,38,0.34210526315789475,0.6850749282194599,-472.51244210728174,0.8462837837837838,0.7327702702702703,0.4743243243243243,0.6908783783783784,0.7202027027027028,False
GBPUSD1440_comma,daily,30,250,long_short,price_slow,0.001,-0.015047198353510427,-0.6416140159793027,-0.8638413962746813,-0.05190443670038797,-0.28990196811822744,80,0.15,0.718017392345076,-227.34927555474505,0.8763513513513513,0.6429054054054054,0.4760135135135135,0.7570945945945946,0.7200337837837838,False
GBPUSD1440_comma,daily,100,300,long_short,fast_slope,0.0025,-0.011747897070952806,-0.7526565386806419,-0.9938851202862218,-0.05083976880717665,-0.23107691766872174,96,0.22916666666666666,0.7672993694574914,-157.9722402552328,0.7493243243243243,0.6652027027027027,0.6344594594594595,0.8375,0.7185472972972973,False
GBPUSD1440_comma,daily,5,400,long_only,none,0.001,-0.004474394598665166,-0.9096864462066111,-1.1998153597733225,-0.03483657214715266,-0.12843957722834898,24,0.25,0.6343685988953315,-314.542788353419,0.5739864864864865,0.8753378378378378,0.9341216216216216,0.5550675675675676,0.7185135135135137,False
GBPUSD1440_comma,daily,75,500,long_short,price_slow,0.001,-0.013854493618476904,-0.6541968599456461,-0.8819885753094509,-0.04483875413430605,-0.3089848031231728,56,0.10714285714285714,0.6184421651469284,-323.30383397326517,0.8594594594594595,0.7662162162162162,0.5307432432432433,0.510472972972973,0.7180574324324325,False
GBPUSD1440_comma,daily,50,75,long_short,none,0.0025,-0.014257713342259115,-0.6612352458680526,-0.8528748250867236,-0.05447257693366176,-0.2617411208510029,82,0.4146341463414634,0.7756802868686252,-216.65038754173221,0.8527027027027027,0.589527027027027,0.5114864864864865,0.847972972972973,0.7179560810810811,False
GBPUSD1440_comma,daily,75,500,long_only,fast_slope,0.0,-0.0012820040580265868,-1.131717900864367,-1.5262105941330595,-0.014046999919032369,-0.09126532821357758,62,0.27419354838709675,0.9160123005702494,-33.39510105363609,0.3304054054054054,0.9743243243243244,0.9868243243243243,0.9641891891891892,0.7177364864864866,False
GBPUSD1440_comma,daily,20,200,long_short,price_slow,0.001,-0.015902366434939585,-0.6505771229367522,-0.8669288909037668,-0.05057600998053932,-0.3144250889118875,87,0.14942528735632185,0.7254773334322014,-222.58192732854042,0.8658783783783783,0.6709459459459459,0.4391891891891892,0.7702702702702703,0.7174662162162162,False
GBPUSD1440_comma,daily,10,250,long_short,none,0.005,-0.015604694657298968,-0.6362642268612986,-0.8575694607927475,-0.05116646344364833,-0.3049789570562179,50,0.22,0.7023970939409455,-401.9187689220814,0.8834459459459459,0.6574324324324324,0.4540540540540541,0.7253378378378378,0.717347972972973,False
GBPUSD1440_comma,daily,100,300,long_only,fast_slope,0.0,-0.0034824650284992487,-1.081150432157945,-1.4622594575283534,-0.02220460886633636,-0.15683523404813915,59,0.2033898305084746,0.8268820103603127,-88.48502200588507,0.3804054054054054,0.9506756756756757,0.956081081081081,0.908445945945946,0.7173141891891892,False
GBPUSD1440_comma,daily,100,300,long_only,fast_slope,0.005,-0.001098808398545037,-1.14226726554787,-1.5500938948523,-0.009096708428874948,-0.12079186742505432,43,0.16279069767441862,0.9213969381580217,-40.634033901295595,0.32094594594594594,0.9841216216216216,0.9881756756756757,0.9672297297297298,0.7171283783783784,False
GBPUSD1440_comma,daily,50,400,long_short,price_slow,0.005,-0.014345453278824194,-0.645501008339201,-0.8729649916698817,-0.04837866968870039,-0.2965243437062678,57,0.15789473684210525,0.6473712355048256,-321.0078892866868,0.8722972972972973,0.7091216216216216,0.5070945945945946,0.5966216216216216,0.7171114864864866,False
GBPUSD1440_comma,daily,75,150,long_short,combined,0.0,-0.013648341758612847,-0.720951381668078,-0.948536709868339,-0.05111953554925856,-0.2669887668572686,159,0.29559748427672955,0.7902234250148257,-110.81385411231295,0.783445945945946,0.6591216216216216,0.5398648648648648,0.8699324324324325,0.7166216216216217,False
GBPUSD1440_comma,daily,10,200,long_only,price_slow,0.005,-0.006482089359968746,-0.9042980312742177,-1.189161857588821,-0.04443684305892557,-0.14587195925176677,35,0.2,0.7288217888129449,-278.99352636729503,0.5783783783783784,0.7709459459459459,0.8770270270270271,0.7787162162162162,0.7163006756756757,False
GBPUSD1440_comma,daily,10,250,long_short,none,0.001,-0.01643917544239404,-0.6188231054646511,-0.8482824038282769,-0.051848510965288024,-0.31706166939682945,49,0.20408163265306123,0.699618080809045,-416.0257943518571,0.908445945945946,0.643581081081081,0.4185810810810811,0.7202702702702702,0.7160304054054055,False
GBPUSD1440_comma,daily,30,250,long_only,price_slow,0.001,-0.006203456654288453,-0.9363804055524769,-1.2357116087766418,-0.03698112488025989,-0.16774656461571802,40,0.15,0.6901723131214217,-238.19024964385645,0.5466216216216216,0.8591216216216216,0.8831081081081081,0.7030405405405405,0.7155067567567568,False
GBPUSD1440_comma,daily,10,250,long_short,price_slow,0.005,-0.01543034018384748,-0.6436506819163053,-0.8652528429732492,-0.052108333054290995,-0.2961203953266133,67,0.208955223880597,0.7206950878721079,-279.0507849768467,0.8743243243243243,0.6385135135135135,0.4594594594594595,0.7614864864864865,0.7154729729729731,False
GBPUSD1440_comma,daily,5,200,long_only,none,0.001,-0.008545803550034314,-0.8485283394684495,-1.0655605719082422,-0.04172395963374555,-0.20481765453350287,33,0.24242424242424243,0.6635606566417919,-402.32603059494966,0.6408783783783784,0.8074324324324325,0.8050675675675676,0.6388513513513514,0.7150506756756757,False
GBPUSD1440_comma,daily,50,100,long_short,slow_slope,0.0,-0.01614164865930179,-0.6528319797259837,-0.8433753420698481,-0.05221984749741331,-0.30910945613353924,133,0.24060150375939848,0.7661533238511039,-146.4232092153367,0.8608108108108108,0.6371621621621621,0.4293918918918919,0.8358108108108108,0.7148648648648649,False
GBPUSD1440_comma,daily,40,50,long_short,fast_slope,0.001,-0.014261185335798454,-0.725471308969933,-0.9790446246285729,-0.051124924864838155,-0.2789478003831116,192,0.3072916666666667,0.8290516588321212,-97.63755711709997,0.7766891891891892,0.6587837837837838,0.5111486486486486,0.9097972972972973,0.714070945945946,False
GBPUSD1440_comma,daily,40,200,long_only,price_slow,0.005,-0.005746056312123549,-0.9359794808513097,-1.245777998775577,-0.04203939583736366,-0.13668265677159386,34,0.17647058823529413,0.7210773967114944,-259.5690914546685,0.5472972972972973,0.8027027027027027,0.8983108108108108,0.7625,0.7136317567567567,False
GBPUSD1440_comma,daily,20,400,long_short,slow_slope,0.001,-0.014869844079098749,-0.65989998614615,-0.8829620667628666,-0.047892401367276786,-0.31048441202739097,79,0.21518987341772153,0.6628940314291221,-226.73783015309053,0.8540540540540541,0.7162162162162162,0.4858108108108108,0.6361486486486486,0.7132601351351353,False
GBPUSD1440_comma,daily,10,200,long_only,none,0.005,-0.007086308485955706,-0.9002764830475047,-1.1770711883926481,-0.03996507510113617,-0.1773125277013241,25,0.2,0.6722900496674299,-425.6249956601747,0.5837837837837838,0.8327702702702703,0.8591216216216216,0.6628378378378378,0.7129560810810811,False
GBPUSD1440_comma,daily,10,400,long_only,price_slow,0.001,-0.004733516900482737,-0.9331127691930846,-1.2403245974247423,-0.03144741163073589,-0.15052166951178647,28,0.25,0.6330068634009602,-267.857096200229,0.55,0.9,0.927027027027027,0.5486486486486486,0.7127027027027028,False
GBPUSD1440_comma,daily,30,100,long_only,slow_slope,0.001,-0.00781042641908769,-0.9003889147374902,-1.1341782188823872,-0.04315426622076251,-0.1809885117529797,61,0.2786885245901639,0.725882640312517,-190.3163830632299,0.5834459459459459,0.7861486486486486,0.8341216216216216,0.7719594594594594,0.7125337837837837,False
GBPUSD1440_comma,daily,30,250,long_short,none,0.001,-0.016163022207485,-0.6193656122032789,-0.8354112997061132,-0.05055031931153772,-0.3197412484750797,33,0.30303030303030304,0.663080211757806,-643.0593476891077,0.9070945945945946,0.6712837837837838,0.4287162162162162,0.6368243243243243,0.7119256756756758,False
GBPUSD1440_comma,daily,75,100,long_short,fast_slope,0.001,-0.013848547365243769,-0.6796363329346623,-0.8686331741017997,-0.0555567672968714,-0.24926841569530322,144,0.3819444444444444,0.7905401959659567,-122.97526436817598,0.831418918918919,0.5695945945945946,0.5310810810810811,0.8706081081081081,0.7117736486486487,False
GBPUSD1440_comma,daily,40,75,long_only,none,0.0,-0.009578267364779736,-0.8199241034243603,-1.0448524280533344,-0.041681735740801557,-0.2297953094934031,35,0.42857142857142855,0.6512939214310547,-409.42210591917194,0.668581081081081,0.808445945945946,0.7543918918918919,0.6084459459459459,0.7116891891891891,False
GBPUSD1440_comma,daily,20,400,long_short,slow_slope,0.0,-0.015072639325649728,-0.6609847274518243,-0.884629518054468,-0.04767302412980619,-0.3161670483628076,79,0.21518987341772153,0.6628135253908858,-227.73818044599193,0.8533783783783784,0.7202702702702702,0.47466216216216217,0.635472972972973,0.7116722972972973,False
GBPUSD1440_comma,daily,50,75,long_short,slow_slope,0.0025,-0.013935522833772862,-0.6895398631780834,-0.8874961392049435,-0.05461200686451879,-0.2551732418173909,128,0.328125,0.7943045559718079,-133.32116631073518,0.8206081081081081,0.5861486486486487,0.527027027027027,0.875,0.7114358108108109,False
GBPUSD1440_comma,daily,30,150,long_only,slow_slope,0.0025,-0.007133944225045874,-0.9251694873736626,-1.2239824081381654,-0.04225692758618414,-0.16882306955459558,48,0.25,0.727171786721841,-221.11822742342272,0.5594594594594594,0.7972972972972973,0.8577702702702703,0.7763513513513514,0.7111148648648649,False
GBPUSD1440_comma,daily,60,200,long_short,price_slow,0.001,-0.015424597751129587,-0.6798504170632704,-0.9091496002579977,-0.04938221055743978,-0.3123513017544688,85,0.17647058823529413,0.7112602136670959,-216.4744438239142,0.8307432432432432,0.6942567567567568,0.4597972972972973,0.7435810810810811,0.7093581081081082,False
GBPUSD1440_comma,daily,30,75,long_short,none,0.0,-0.018144823225352935,-0.6226874292557855,-0.8450363502775692,-0.05168803721148291,-0.35104492652938113,74,0.36486486486486486,0.7148806564302116,-315.05705123482096,0.9037162162162162,0.6456081081081081,0.36655405405405406,0.7537162162162162,0.7092567567567567,False
GBPUSD1440_comma,daily,100,150,long_only,price_slow,0.0025,-0.004680208019444465,-1.0125318488339214,-1.3527457011677049,-0.03441076895580437,-0.13600998063877945,35,0.2,0.7379114154015992,-207.01644172937827,0.4597972972972973,0.8797297297297297,0.9293918918918919,0.793918918918919,0.7088175675675675,False
GBPUSD1440_comma,daily,50,400,long_short,price_slow,0.0025,-0.01445536205371667,-0.6366067887393283,-0.8579697431442072,-0.05198549356808311,-0.2780653036367755,59,0.1864406779661017,0.6609402882742441,-307.7834395452681,0.8831081081081081,0.6408783783783784,0.5027027027027027,0.6314189189189189,0.7087162162162162,False
GBPUSD1440_comma,daily,75,150,long_short,slow_slope,0.005,-0.014139378456176077,-0.7040613336127796,-0.9285936972016129,-0.049718686163416626,-0.28438761253067735,64,0.3125,0.7087420525660739,-264.265478474863,0.8030405405405405,0.6885135135135135,0.5179054054054054,0.7375,0.7075506756756756,False
GBPUSD1440_comma,daily,5,500,long_short,none,0.005,-0.015798988866142394,-0.6454494142476147,-0.8730024308346799,-0.044062489842989654,-0.35855869521762884,48,0.14583333333333334,0.616308281403441,-394.5083992490707,0.8726351351351351,0.7763513513513514,0.44391891891891894,0.5033783783783784,0.7074324324324326,False
GBPUSD1440_comma,daily,10,200,long_only,price_slow,0.0,-0.006393941530567604,-0.8743010625926824,-1.1530172639901337,-0.05054293058285847,-0.1265051602040681,47,0.14893617021276595,0.7337670957901865,-211.76162761329698,0.6125,0.6719594594594595,0.879054054054054,0.7881756756756757,0.7070270270270271,False
GBPUSD1440_comma,daily,40,250,long_short,none,0.005,-0.014795658393420674,-0.634474012894424,-0.8481078125250942,-0.05344263868909475,-0.27685119515701995,29,0.3103448275862069,0.6730867709175151,-618.1500179406671,0.8878378378378379,0.6148648648648649,0.4902027027027027,0.6652027027027027,0.7066722972972974,False
GBPUSD1440_comma,daily,75,150,long_short,slow_slope,0.0025,-0.015183764674906342,-0.6926236197877953,-0.9171866952017446,-0.04986890058877951,-0.3044736197437383,84,0.34523809523809523,0.7184690510212148,-212.87638622515965,0.8172297297297297,0.6858108108108109,0.4706081081081081,0.7587837837837837,0.7062837837837839,False
GBPUSD1440_comma,daily,20,250,long_short,none,0.0,-0.0171900469441999,-0.6245890825604853,-0.8396838246705904,-0.04959275131494459,-0.3466241837447672,36,0.2777777777777778,0.6619782275392747,-605.1214937606612,0.8996621621621622,0.6898648648648649,0.3949324324324324,0.6324324324324324,0.7061824324324324,False
GBPUSD1440_comma,daily,10,100,long_only,none,0.005,-0.008419477185787727,-0.8948284816881661,-1.1439886633920153,-0.04272995199980889,-0.19703923809288115,46,0.32608695652173914,0.7070996820362959,-273.70100601212044,0.5898648648648649,0.7922297297297297,0.8091216216216216,0.7344594594594595,0.7059966216216217,False
GBPUSD1440_comma,daily,30,250,long_short,price_slow,0.005,-0.01493694804688006,-0.6547251696171321,-0.8709628465144544,-0.05352984113016702,-0.2790396483815131,71,0.19718309859154928,0.7126503567298703,-243.92715493033572,0.8587837837837838,0.6128378378378379,0.48243243243243245,0.7483108108108109,0.705456081081081,False
GBPUSD1440_comma,daily,50,200,long_only,none,0.0,-0.007595648977482439,-0.8398915180843756,-1.099065075103435,-0.03589973823779525,-0.21157950866298347,14,0.42857142857142855,0.5801829357045685,-783.9007538230298,0.6516891891891892,0.8648648648648649,0.8425675675675676,0.39966216216216216,0.7053547297297298,True
GBPUSD1440_comma,daily,50,150,long_short,price_slow,0.001,-0.014201117309224909,-0.6457392312989715,-0.823949179021113,-0.05834856398019963,-0.24338417846999638,89,0.23595505617977527,0.7648167549884008,-191.31148258598841,0.8712837837837838,0.514527027027027,0.5148648648648648,0.8334459459459459,0.7051351351351351,False
GBPUSD1440_comma,daily,30,400,long_only,fast_slope,0.0,-0.0023356486543198995,-1.1226832586514504,-1.5603630136064495,-0.0251183952035975,-0.09298558428547155,72,0.2638888888888889,0.8716543836736598,-53.65087601901582,0.3375,0.9354729729729729,0.975,0.941554054054054,0.7051013513513513,False
GBPUSD1440_comma,daily,50,150,long_only,none,0.0025,-0.008063189788043545,-0.8475051095498832,-1.0645652302198756,-0.040169242507233444,-0.2007304416206398,16,0.3125,0.6166476226537669,-727.7932166468124,0.6425675675675676,0.8290540540540541,0.8246621621621621,0.5050675675675675,0.7049831081081082,True
GBPUSD1440_comma,daily,50,250,long_short,none,0.0,-0.014928928323784674,-0.5975948720393335,-0.8231798104693934,-0.056123936645123204,-0.26599930824848683,28,0.32142857142857145,0.6669481765253799,-648.5018985318933,0.9287162162162163,0.5574324324324325,0.4834459459459459,0.6493243243243243,0.7049324324324325,False
GBPUSD1440_comma,daily,100,300,long_only,combined,0.005,-2.766471223314415e-05,-1.191653776990624,-1.610353086796601,-0.000232817872013904,-0.11882555232483183,43,0.2558139534883721,0.9977302741227018,-1.0313050775888264,0.27297297297297296,0.9935810810810811,0.9935810810810811,0.9885135135135135,0.7045777027027028,False
GBPUSD1440_comma,daily,20,50,long_short,none,0.005,-0.015796208502088405,-0.7224582550547944,-0.9809402153571275,-0.047649985701939075,-0.33150499983141846,107,0.308411214953271,0.758794649317701,-190.4639219620565,0.7810810810810811,0.7206081081081082,0.4445945945945946,0.8199324324324324,0.7044932432432433,False
GBPUSD1440_comma,daily,30,400,long_short,none,0.001,-0.014702722375635968,-0.6094163250269777,-0.813591097773156,-0.0494465876858505,-0.2973455411938013,20,0.4,0.5914403748502387,-967.0340623261116,0.9192567567567568,0.6932432432432433,0.49324324324324326,0.4304054054054054,0.704222972972973,False
GBPUSD1440_comma,daily,10,200,long_short,price_slow,0.005,-0.01585514487897466,-0.6525324669762054,-0.8720445845773838,-0.05378593396086524,-0.29478236615749565,76,0.19736842105263158,0.7384520321335141,-242.76393758847743,0.8614864864864865,0.6067567567567568,0.44222972972972974,0.7945945945945946,0.703918918918919,False
GBPUSD1440_comma,daily,75,100,long_short,price_slow,0.0,-0.014026114700010028,-0.6714092724128645,-0.8632459327207475,-0.057003724861068084,-0.24605610833669334,133,0.2781954887218045,0.778011672672043,-128.40113726917681,0.8398648648648649,0.5415540540540541,0.5219594594594594,0.8530405405405406,0.7036824324324324,False
GBPUSD1440_comma,daily,30,250,long_short,none,0.0,-0.016264215560620965,-0.6135718021159744,-0.8292782459864482,-0.051545676172493116,-0.31553016214578666,34,0.29411764705882354,0.6490831112313927,-629.9979492234518,0.9148648648648648,0.6483108108108108,0.4246621621621622,0.6023648648648648,0.7033108108108108,False
GBPUSD1440_comma,daily,60,150,long_short,none,0.0025,-0.016006669906653892,-0.634470599104483,-0.8079877981622922,-0.05189207214420581,-0.3084607965195927,34,0.4117647058823529,0.6735740769329692,-565.8036102617699,0.8881756756756757,0.6432432432432432,0.435472972972973,0.6662162162162162,0.7031081081081081,False
GBPUSD1440_comma,daily,30,150,long_short,price_slow,0.005,-0.014219217936674577,-0.6448140886782892,-0.8209800345523594,-0.05865697648350724,-0.2424130732458165,82,0.2804878048780488,0.7610781855252924,-212.8069901090988,0.8736486486486487,0.5067567567567568,0.5141891891891892,0.8260135135135135,0.7028885135135136,False
GBPUSD1440_comma,daily,5,300,long_only,slow_slope,0.0025,-0.003906786252729555,-1.0147130115378025,-1.3562002383768985,-0.035570618827372974,-0.10983183260571028,48,0.375,0.7181145591666573,-127.5137307135463,0.4570945945945946,0.8679054054054054,0.9462837837837837,0.7574324324324324,0.7026858108108108,False
GBPUSD1440_comma,daily,100,150,long_short,fast_slope,0.001,-0.015385585832397242,-0.7223403078426357,-0.9520335878063456,-0.04832861446315863,-0.31835354692665196,115,0.2782608695652174,0.7423090246306786,-158.16453640112547,0.7814189189189189,0.7101351351351352,0.46114864864864863,0.7996621621621621,0.7022804054054055,False
GBPUSD1440_comma,daily,30,250,long_short,slow_slope,0.001,-0.014651038620546286,-0.6742358693890805,-0.9002555845148456,-0.05215720211010933,-0.28090154432778824,90,0.23333333333333334,0.7033931488293685,-197.99089833067467,0.835472972972973,0.6381756756756757,0.4945945945945946,0.7266891891891892,0.7016554054054054,False
GBPUSD1440_comma,daily,100,500,long_short,fast_slope,0.0,-0.013409572121205415,-0.785218694281699,-1.024763345592837,-0.04404908307962473,-0.3044234109701167,96,0.21875,0.720283549178013,-175.37077132668455,0.7054054054054054,0.7766891891891892,0.5530405405405405,0.7608108108108108,0.7010641891891892,False
GBPUSD1440_comma,daily,100,400,long_short,fast_slope,0.001,-0.013224374436489827,-0.763115544791489,-1.001034619081022,-0.04830513261971551,-0.2737674801681915,96,0.21875,0.7267926952341177,-173.62309107895135,0.7358108108108108,0.7108108108108108,0.5614864864864865,0.7746621621621622,0.7005236486486487,False
GBPUSD1440_comma,daily,60,400,long_short,none,0.0025,-0.013675070124358313,-0.6048665145741218,-0.8149959728556587,-0.05265550805335816,-0.25970825522186125,16,0.3125,0.5951239927401071,-1089.260686586594,0.9222972972972973,0.6300675675675675,0.5378378378378378,0.439527027027027,0.6999324324324324,True
GBPUSD1440_comma,daily,10,400,long_short,slow_slope,0.005,-0.015034617518293825,-0.6710858430857818,-0.8982428342947486,-0.04914450853254397,-0.30592670406578093,86,0.22093023255813954,0.6589371469121601,-214.82703524369842,0.8402027027027027,0.6972972972972973,0.47635135135135137,0.6277027027027027,0.699831081081081,False
GBPUSD1440_comma,daily,20,500,long_short,price_slow,0.005,-0.015203196178864675,-0.651989272127929,-0.8707175292784299,-0.0448547598673993,-0.33894276156663694,43,0.16279069767441862,0.6028624819512513,-437.77944059086946,0.8631756756756757,0.7655405405405405,0.46925675675675677,0.45878378378378376,0.6993243243243243,False
GBPUSD1440_comma,daily,40,400,long_short,price_slow,0.001,-0.014995365284950823,-0.6371478471355404,-0.8595332761607827,-0.05303649750248855,-0.28273671888395757,60,0.18333333333333332,0.6621388720995677,-310.91823875312645,0.8817567567567568,0.6236486486486487,0.4780405405405405,0.6327702702702702,0.6991385135135136,False
GBPUSD1440_comma,daily,30,150,long_short,slow_slope,0.0,-0.017335344219552518,-0.6723545194469454,-0.8986317053743273,-0.0509145518313746,-0.3404791674679952,104,0.25961538461538464,0.7387946423292956,-196.9510910142229,0.8381756756756756,0.6641891891891892,0.3912162162162162,0.7952702702702703,0.6988513513513515,False
GBPUSD1440_comma,daily,75,100,long_only,fast_slope,0.0025,-0.006052979233921896,-1.0103458486799919,-1.275814572569082,-0.033906230407806104,-0.17852114968605715,49,0.3877551020408163,0.7243680440561986,-189.29719464310847,0.46283783783783783,0.8834459459459459,0.8881756756756757,0.7679054054054054,0.6988175675675676,False
GBPUSD1440_comma,daily,75,150,long_short,slow_slope,0.001,-0.017004123902045976,-0.6879440544084913,-0.9098017779296679,-0.048907008188944966,-0.34768276637068185,95,0.29473684210526313,0.718175559967877,-214.00354537417095,0.822972972972973,0.7003378378378379,0.4,0.7581081081081081,0.6979898648648648,False
GBPUSD1440_comma,daily,75,100,long_short,none,0.001,-0.01633271241989287,-0.6456132790715939,-0.8406027991896682,-0.055041465044749605,-0.29673469640777383,65,0.4153846153846154,0.7442664147669348,-300.0652640118466,0.8716216216216216,0.577027027027027,0.4209459459459459,0.8040540540540541,0.6977027027027026,False
GBPUSD1440_comma,daily,100,200,long_short,fast_slope,0.005,-0.013552862986285108,-0.7493425736099509,-0.9849924366295513,-0.05062688112435679,-0.2677009265689245,99,0.25252525252525254,0.739400813517144,-177.7612528628788,0.7537162162162162,0.6699324324324324,0.543918918918919,0.7966216216216216,0.6972466216216218,False
GBPUSD1440_comma,daily,75,100,long_only,slow_slope,0.0025,-0.006625971464006231,-0.9913951930660122,-1.2547430669366957,-0.03419051444042408,-0.19379560595824852,43,0.3488372093023256,0.7011758963055686,-235.1276707930643,0.4834459459459459,0.8814189189189189,0.8739864864864865,0.7236486486486486,0.6970777027027028,False
GBPUSD1440_comma,daily,10,300,long_short,none,0.001,-0.016233450711765074,-0.624033006125547,-0.8612528022452008,-0.0544413858752475,-0.2981821724554192,53,0.22641509433962265,0.6838177440632857,-357.639744400145,0.9010135135135136,0.5905405405405405,0.4260135135135135,0.6875,0.6963682432432433,False
GBPUSD1440_comma,daily,5,500,long_short,price_slow,0.005,-0.015940384497124982,-0.649157727809747,-0.8797515871003907,-0.04538882202516129,-0.3511962590324206,54,0.14814814814814814,0.609139287331581,-354.55955879230976,0.8672297297297298,0.7577702702702702,0.43783783783783786,0.4804054054054054,0.6959628378378379,False
GBPUSD1440_comma,daily,50,250,long_short,price_slow,0.0,-0.015368138792793085,-0.6610011302205955,-0.8942613372418194,-0.05402996514520414,-0.28443732568569324,86,0.13953488372093023,0.7114197677612293,-206.80015677817363,0.8530405405405406,0.6003378378378378,0.46283783783783783,0.7439189189189189,0.6954560810810811,False
GBPUSD1440_comma,daily,10,100,long_only,price_slow,0.0025,-0.00979786980920172,-0.8868749025877364,-1.1286390753584743,-0.041270702732720536,-0.23740496673039935,64,0.3125,0.6860348110336854,-230.83555065435024,0.595945945945946,0.8138513513513513,0.7466216216216216,0.6939189189189189,0.6952533783783783,False
GBPUSD1440_comma,daily,10,400,long_only,price_slow,0.0025,-0.0046201673852106495,-0.9385080550605834,-1.2509714872323183,-0.03216463928826785,-0.14364120000860292,25,0.24,0.5979864145662153,-293.62270616174783,0.543581081081081,0.8966216216216216,0.9300675675675676,0.4483108108108108,0.6948479729729731,False
GBPUSD1440_comma,daily,5,250,long_short,slow_slope,0.0,-0.015114342429236038,-0.6639937277189925,-0.8939076412665896,-0.054930408041868564,-0.2751543811164796,112,0.25,0.7259702922353866,-159.11237653947623,0.8483108108108108,0.5800675675675676,0.4722972972972973,0.7722972972972973,0.6946452702702703,False
GBPUSD1440_comma,daily,50,400,long_short,none,0.0025,-0.014437747565341219,-0.6092025605484487,-0.8125509014554133,-0.051699578701309194,-0.2792623833310969,16,0.4375,0.590468357818624,-1148.5114105365046,0.9199324324324324,0.6449324324324325,0.5033783783783784,0.4277027027027027,0.6940371621621623,True
GBPUSD1440_comma,daily,10,100,long_short,slow_slope,0.0,-0.01519071715957998,-0.640190846451629,-0.8274726491224486,-0.0602451797634723,-0.2521482584867375,149,0.30201342281879195,0.786621183765557,-125.9230192214066,0.8780405405405406,0.4756756756756757,0.4702702702702703,0.864527027027027,0.6938682432432433,False
GBPUSD1440_comma,daily,75,500,long_short,none,0.0,-0.013738643792664873,-0.6003794825639667,-0.8063407346561314,-0.0480381108385007,-0.28599467283076163,13,0.23076923076923078,0.5191354151370304,-1428.3982947351142,0.9256756756756757,0.714527027027027,0.5361486486486486,0.24932432432432433,0.6935304054054054,True
GBPUSD1440_comma,daily,10,300,long_short,none,0.0,-0.01659703770876353,-0.6217444210251384,-0.8601236384887563,-0.05435576552990335,-0.3053408878885684,56,0.17857142857142858,0.6711738343357492,-347.3512136699179,0.9047297297297298,0.5918918918918918,0.4152027027027027,0.6608108108108108,0.6920270270270271,False
GBPUSD1440_comma,daily,5,400,long_only,price_slow,0.001,-0.005173295505384479,-0.9405763003482083,-1.2505751194810335,-0.03373718846175885,-0.15334103822102474,34,0.17647058823529413,0.6065137848971859,-252.47585170005016,0.5408783783783784,0.8847972972972973,0.9158783783783784,0.47297297297297297,0.6916722972972973,False
GBPUSD1440_comma,daily,75,100,long_short,combined,0.0025,-0.013928043539305879,-0.7760487692170165,-0.9813253111758902,-0.04823317291657662,-0.2887648209126863,108,0.35185185185185186,0.748712220603264,-172.59057523468934,0.7175675675675676,0.7114864864864865,0.5273648648648649,0.8067567567567567,0.6913851351351352,False
GBPUSD1440_comma,daily,5,150,long_short,slow_slope,0.0025,-0.015721730118340993,-0.6652536455228042,-0.8858739038204022,-0.056051386901116274,-0.2804877985637835,119,0.24369747899159663,0.7592075668118525,-161.58808997092146,0.845945945945946,0.5587837837837838,0.44932432432432434,0.8216216216216217,0.6911824324324325,False
GBPUSD1440_comma,daily,10,100,long_only,price_slow,0.005,-0.00888893251748546,-0.9141657083615513,-1.1691085121295446,-0.0433688945749311,-0.20496101190975724,56,0.2857142857142857,0.7051158313971486,-236.6321064867431,0.5712837837837837,0.7844594594594595,0.785472972972973,0.7297297297297297,0.6911824324324325,False
GBPUSD1440_comma,daily,30,500,long_short,none,0.001,-0.014434805729005129,-0.6178065641754054,-0.8258284775098272,-0.04426972204026719,-0.32606497316326966,20,0.3,0.5014331496137786,-1083.3769980356549,0.9094594594594595,0.7739864864864865,0.5037162162162162,0.2195945945945946,0.6909628378378379,False
GBPUSD1440_comma,daily,60,150,long_short,none,0.001,-0.017528374316595263,-0.632726188639977,-0.811792451176728,-0.05369585044006623,-0.3264381544000301,35,0.42857142857142855,0.6882055028816574,-600.2671205081255,0.8905405405405405,0.6097972972972973,0.3861486486486487,0.697972972972973,0.6905912162162162,False
GBPUSD1440_comma,daily,30,75,long_short,slow_slope,0.005,-0.014341994881120756,-0.7329665885893226,-0.9668407376563144,-0.053081226450664154,-0.27018959131343334,130,0.3076923076923077,0.7629878986470048,-136.1873887577069,0.7712837837837838,0.6219594594594594,0.5077702702702702,0.8293918918918919,0.6899662162162161,False
GBPUSD1440_comma,daily,10,300,long_only,none,0.005,-0.005226102562121193,-0.9478173005484157,-1.2450912650585386,-0.040168808764809764,-0.13010349877986838,20,0.25,0.639871864853762,-405.0670341808417,0.5344594594594595,0.8293918918918919,0.9138513513513513,0.5719594594594595,0.689695945945946,False
GBPUSD1440_comma,daily,30,250,long_short,slow_slope,0.0025,-0.014484512682741313,-0.6760346520465166,-0.9006619158502555,-0.054328911767301175,-0.266607819143896,88,0.23863636363636365,0.6982627596121671,-196.4289495322336,0.8341216216216216,0.5925675675675676,0.5010135135135135,0.716554054054054,0.6894763513513514,False
GBPUSD1440_comma,daily,30,75,long_short,slow_slope,0.0,-0.0147855505517136,-0.6402098721337591,-0.8332009580779832,-0.062019790864260065,-0.2384005225698692,169,0.2958579881656805,0.7951493521715349,-112.12904047207448,0.8777027027027027,0.43108108108108106,0.4905405405405405,0.8760135135135135,0.6883614864864864,False
GBPUSD1440_comma,daily,5,300,long_short,none,0.0025,-0.016047623408570688,-0.6281908386297591,-0.8570754497423771,-0.056639242204749085,-0.2833304751952548,68,0.20588235294117646,0.6904481969350151,-275.7126628680997,0.8976351351351352,0.5476351351351352,0.4341216216216216,0.7033783783783784,0.688293918918919,False
GBPUSD1440_comma,daily,50,400,long_short,none,0.005,-0.013986460190705818,-0.6159366833000808,-0.8232226404003852,-0.054196742743517545,-0.25806828017129746,18,0.3333333333333333,0.605060433689915,-969.7908857672325,0.9111486486486486,0.5956081081081082,0.5236486486486487,0.46790540540540543,0.688277027027027,True
GBPUSD1440_comma,daily,100,250,long_short,combined,0.001,-0.011414405215958268,-0.7757895952314177,-1.0221800061244501,-0.05515827035484652,-0.2069391433510629,116,0.25,0.7638249695848415,-124.75557856884966,0.7182432432432433,0.5753378378378379,0.6591216216216216,0.8324324324324325,0.6878209459459459,False
GBPUSD1440_comma,daily,100,300,long_short,combined,0.005,-0.011395312248900002,-0.7980540855821524,-1.0499670409683095,-0.05239448337138976,-0.217490688249108,99,0.29292929292929293,0.7427391011904552,-149.7549690335902,0.6925675675675675,0.6337837837837837,0.660472972972973,0.8010135135135135,0.6877195945945945,False
GBPUSD1440_comma,daily,30,150,long_short,slow_slope,0.001,-0.01747934045633448,-0.6774483751905684,-0.9032348543512123,-0.052044631787115894,-0.33585289887018943,102,0.24509803921568626,0.7285565524236827,-202.139348077055,0.8327702702702703,0.6402027027027027,0.3875,0.7783783783783784,0.6874155405405407,False
GBPUSD1440_comma,daily,5,150,long_short,slow_slope,0.001,-0.016302564859372315,-0.6659293311577861,-0.8890094133733376,-0.05526018720481292,-0.29501465130672655,122,0.22950819672131148,0.7528019811354192,-163.64251680110846,0.8445945945945946,0.5722972972972973,0.4222972972972973,0.8125,0.6872466216216216,False
GBPUSD1440_comma,daily,40,250,long_short,price_slow,0.0025,-0.01583449417798155,-0.6621550775738012,-0.8855244101965303,-0.05429348718512832,-0.2916462912759603,76,0.15789473684210525,0.7052245470835723,-239.06008424734878,0.8510135135135135,0.5935810810810811,0.44256756756756754,0.7304054054054054,0.686875,False
GBPUSD1440_comma,daily,60,200,long_only,price_slow,0.0025,-0.006459754414266272,-0.9541776248602107,-1.270505535928168,-0.042808502579559746,-0.15089886412776987,43,0.18604651162790697,0.6835367802287365,-229.51241696852387,0.525,0.7908783783783784,0.8777027027027027,0.6871621621621622,0.6863344594594595,False
GBPUSD1440_comma,daily,20,400,long_only,none,0.0025,-0.004355164995464955,-0.90627494422294,-1.1927721252959682,-0.029238090363166578,-0.14895517940362768,11,0.5454545454545454,0.5242167971478575,-601.5646028507956,0.5766891891891892,0.9148648648648648,0.9385135135135135,0.2614864864864865,0.6863175675675676,True
GBPUSD1440_comma,daily,75,250,long_short,combined,0.0025,-0.010666548143082655,-0.7731903361615925,-1.0164568155344273,-0.05898579455153418,-0.1808324906730484,133,0.3233082706766917,0.8087733533403407,-101.75015416760642,0.7199324324324324,0.49966216216216214,0.7006756756756757,0.8881756756756757,0.68625,False
GBPUSD1440_comma,daily,60,150,long_short,price_slow,0.001,-0.0152412257580683,-0.6667967980298936,-0.8491135285170774,-0.057054905761371386,-0.2671326076992184,93,0.24731182795698925,0.7425594183756831,-203.01451428358817,0.8435810810810811,0.5408783783783784,0.46790540540540543,0.8,0.6862331081081082,False
GBPUSD1440_comma,daily,20,100,long_short,slow_slope,0.0025,-0.015235682516721027,-0.6565177317304657,-0.849993943137412,-0.0594465950797235,-0.2562919288529232,123,0.2845528455284553,0.7680741916339187,-151.8625072748808,0.8574324324324324,0.4918918918918919,0.46824324324324323,0.8388513513513514,0.6854222972972973,False
GBPUSD1440_comma,daily,60,150,long_short,slow_slope,0.005,-0.015618420166944702,-0.7058361390893321,-0.9191372463204514,-0.050544046872258094,-0.3090061270008263,71,0.30985915492957744,0.6950096649820128,-264.16447282710277,0.8003378378378379,0.6716216216216216,0.45337837837837835,0.7111486486486487,0.6853885135135136,False
GBPUSD1440_comma,daily,50,150,long_short,price_slow,0.0025,-0.014836135893884772,-0.6624879418157515,-0.8421854874904529,-0.058664167101479044,-0.25289945510043255,85,0.24705882352941178,0.7487857056030016,-209.4577894320497,0.8496621621621622,0.5064189189189189,0.4871621621621622,0.8070945945945946,0.6849662162162161,False
GBPUSD1440_comma,daily,75,250,long_short,price_slow,0.005,-0.013623657108434273,-0.6837770780720555,-0.9118465934609703,-0.056274534553006336,-0.24209275503828154,68,0.16176470588235295,0.6980104613462932,-243.25873895574327,0.8266891891891892,0.5547297297297298,0.5405405405405406,0.7162162162162162,0.6848986486486487,False
GBPUSD1440_comma,daily,30,500,long_short,price_slow,0.0025,-0.015469854954203388,-0.6545659245063853,-0.8751744318006445,-0.04513431586452471,-0.34275151086011246,46,0.17391304347826086,0.5787573423989251,-465.88352089671895,0.8591216216216216,0.760472972972973,0.45878378378378376,0.3949324324324324,0.6847635135135136,False
GBPUSD1440_comma,daily,100,500,long_short,none,0.005,-0.01353534109574106,-0.6149809413753814,-0.8200856940166078,-0.051134203691912426,-0.2647022954985776,14,0.21428571428571427,0.5434036776950484,-1211.584847529023,0.9128378378378378,0.6581081081081082,0.5442567567567568,0.3081081081081081,0.6847297297297298,True
GBPUSD1440_comma,daily,30,75,long_short,slow_slope,0.001,-0.013534158358093129,-0.6350813526378885,-0.822257597030669,-0.06568567854864378,-0.20604428023180665,157,0.29936305732484075,0.8104373186500242,-112.12618083780148,0.8861486486486486,0.34831081081081083,0.5445945945945946,0.8905405405405405,0.6840371621621621,False
GBPUSD1440_comma,daily,20,75,long_only,none,0.0025,-0.009621971894827497,-0.9243536763771925,-1.2320550543081146,-0.03560795269362604,-0.27021974494337797,44,0.36363636363636365,0.6546256859735252,-335.1480329717129,0.5601351351351351,0.8675675675675676,0.7527027027027027,0.6165540540540541,0.6839695945945946,False
GBPUSD1440_comma,daily,50,200,long_short,none,0.005,-0.015109955626420701,-0.6453811158958483,-0.8503062406245264,-0.05569039916680261,-0.27132065584884224,30,0.3333333333333333,0.6684756850643673,-572.7668363004337,0.8733108108108109,0.5662162162162162,0.4726351351351351,0.6567567567567567,0.683918918918919,False
GBPUSD1440_comma,daily,100,300,long_only,none,0.0,-0.007663337985766794,-0.8755542173195953,-1.1438892842248851,-0.028540813403261204,-0.26850454040988003,14,0.35714285714285715,0.5306842878140956,-898.4057600780288,0.6108108108108108,0.918581081081081,0.8402027027027027,0.27837837837837837,0.6837668918918919,True
GBPUSD1440_comma,daily,10,50,long_only,none,0.0025,-0.010530088610096189,-0.9167920250576191,-1.2450309492182083,-0.04053987518111146,-0.25974644872617714,72,0.3888888888888889,0.7010839938659685,-216.81113365247606,0.5689189189189189,0.8239864864864865,0.7084459459459459,0.7233108108108108,0.6837500000000001,False
GBPUSD1440_comma,daily,5,150,long_only,slow_slope,0.0025,-0.008456418923583509,-0.9575533545394884,-1.2653589762936706,-0.04036915702962113,-0.20947722335094976,59,0.22033898305084745,0.6953161114696762,-217.78123876240693,0.5226351351351352,0.8256756756756757,0.8077702702702703,0.7114864864864865,0.6837500000000001,False
GBPUSD1440_comma,daily,20,250,long_short,price_slow,0.0,-0.01667960306071503,-0.650262619960979,-0.8761216568885245,-0.05523171372865638,-0.30199321974072657,89,0.1348314606741573,0.7080903246245035,-228.5108525837549,0.8662162162162163,0.5733108108108108,0.4131756756756757,0.735472972972973,0.6827702702702703,False
GBPUSD1440_comma,daily,100,400,long_short,price_slow,0.0,-0.01527292206106634,-0.6710665640905141,-0.9072780163607427,-0.05059345830930985,-0.301875431556651,59,0.1864406779661017,0.6391115199073161,-327.24275046898555,0.8405405405405405,0.6706081081081081,0.46587837837837837,0.5699324324324324,0.6825337837837838,False
GBPUSD1440_comma,daily,100,300,long_short,slow_slope,0.005,-0.01286100223601172,-0.6956517100713058,-0.9370849307475151,-0.05391733196533856,-0.23853187402298726,65,0.3076923076923077,0.650206370531443,-263.32509945611724,0.8138513513513513,0.6033783783783784,0.5756756756756757,0.6054054054054054,0.6823310810810811,False
GBPUSD1440_comma,daily,5,400,long_only,price_slow,0.0025,-0.005290728710650949,-0.9486199737614868,-1.2614764853587381,-0.03339290342438196,-0.15843871505907758,27,0.2222222222222222,0.5923053972853997,-318.41945038349013,0.533445945945946,0.8868243243243243,0.910472972972973,0.4331081081081081,0.6821452702702704,False
GBPUSD1440_comma,daily,20,300,long_short,none,0.0025,-0.016564410633832405,-0.6419300248284513,-0.8656456716877715,-0.05106750550003462,-0.32436302638320913,34,0.35294117647058826,0.6345182602424035,-582.5300649901193,0.8753378378378378,0.6601351351351351,0.41655405405405405,0.5564189189189189,0.6819425675675675,False
GBPUSD1440_comma,daily,75,200,long_short,price_slow,0.0,-0.01672630053090063,-0.7096876466928309,-0.9425919199396776,-0.04915201242140751,-0.3402973694646877,86,0.16279069767441862,0.6960841075821905,-235.73188237145726,0.7945945945945946,0.6969594594594595,0.41114864864864864,0.7128378378378378,0.6812331081081081,False
GBPUSD1440_comma,daily,75,300,long_short,none,0.0,-0.016734459692214876,-0.6233764388055368,-0.8496848267933473,-0.05046997235998293,-0.3315725947471182,26,0.4230769230769231,0.6049543524738963,-829.5276867986838,0.9016891891891892,0.672972972972973,0.41047297297297297,0.46655405405405403,0.6809966216216217,False
GBPUSD1440_comma,daily,100,250,long_short,combined,0.0025,-0.011553339363063131,-0.7828658982244466,-1.034583713634084,-0.054865292169248306,-0.21057646658334417,110,0.24545454545454545,0.7526332680451888,-133.25602677691685,0.7097972972972973,0.5820945945945946,0.6476351351351352,0.8118243243243243,0.6807432432432432,False
GBPUSD1440_comma,daily,50,200,long_only,price_slow,0.005,-0.006755969853969868,-0.9711178188098758,-1.2950024830122162,-0.04156563989477525,-0.16253737151822567,37,0.1891891891891892,0.6748076073329374,-278.348912361303,0.5077702702702702,0.8094594594594594,0.8702702702702703,0.6695945945945946,0.6799662162162161,False
GBPUSD1440_comma,daily,20,150,long_only,slow_slope,0.005,-0.007691075872177211,-0.964976922113829,-1.2866205763652578,-0.04452621718340677,-0.1727314009294143,52,0.25,0.7186936079330902,-213.29796312900797,0.5135135135135135,0.7682432432432432,0.8388513513513514,0.7591216216216217,0.6791047297297297,False
GBPUSD1440_comma,daily,75,200,long_short,combined,0.0025,-0.013119126798124214,-0.7680636297083956,-1.0219071369334676,-0.05490539819651287,-0.23894056375238948,138,0.2898550724637681,0.7815187318290213,-123.13629847522753,0.7283783783783784,0.5807432432432432,0.566554054054054,0.8567567567567568,0.6783614864864865,False
GBPUSD1440_comma,daily,5,100,long_short,price_slow,0.005,-0.014942997443000872,-0.6382827058990763,-0.8316538224530554,-0.06327280574594198,-0.23616777013178758,125,0.264,0.7844250068277943,-152.29039699593437,0.8800675675675675,0.40304054054054056,0.4814189189189189,0.8614864864864865,0.678293918918919,False
GBPUSD1440_comma,daily,75,300,long_short,combined,0.0,-0.011711151537298514,-0.7790564218031097,-1.0251669124223504,-0.05632806057855766,-0.2079097241589849,139,0.28776978417266186,0.7758975504300036,-109.25443844696429,0.7128378378378378,0.5537162162162163,0.6368243243243243,0.8486486486486486,0.6782263513513515,False
GBPUSD1440_comma,daily,10,150,long_only,slow_slope,0.005,-0.007919475537393805,-0.9682534088572431,-1.2885745697247926,-0.0422678067894291,-0.18736424098953752,55,0.2,0.7021918796516977,-219.80603795911827,0.5108108108108108,0.7966216216216216,0.8293918918918919,0.7243243243243244,0.6780067567567568,False
GBPUSD1440_comma,daily,60,75,long_short,none,0.001,-0.016017163229347986,-0.6467616893569091,-0.8357502323917437,-0.06013652409248484,-0.2663466748546184,89,0.4044943820224719,0.7600741830966844,-222.50785756567416,0.8695945945945946,0.4777027027027027,0.43513513513513513,0.8236486486486486,0.6778378378378379,False
GBPUSD1440_comma,daily,5,300,long_short,price_slow,0.005,-0.01679636322723732,-0.65497527254083,-0.8916593280571192,-0.05387652878753894,-0.31175659615105233,72,0.2222222222222222,0.679157582569651,-268.22088314557783,0.8581081081081081,0.6040540540540541,0.40743243243243243,0.6780405405405405,0.6774493243243244,False
GBPUSD1440_comma,daily,60,250,long_short,price_slow,0.0025,-0.01487756845409205,-0.6759040417941121,-0.9087722098420111,-0.055541106900406666,-0.26786589760930957,72,0.1527777777777778,0.6855062270675377,-246.11452805689362,0.8344594594594594,0.5702702702702702,0.485472972972973,0.6925675675675675,0.6773310810810811,False
GBPUSD1440_comma,daily,50,150,long_short,price_slow,0.0,-0.015202206325473533,-0.6511391149060373,-0.8326244316295749,-0.06073783834209114,-0.25029218589984703,100,0.2,0.7506927553389774,-183.01271642631957,0.8641891891891892,0.46452702702702703,0.46993243243243243,0.8101351351351351,0.6773141891891892,False
GBPUSD1440_comma,daily,100,250,long_short,none,0.001,-0.016294589812584137,-0.6233477955571902,-0.8494962387185019,-0.0509694467137376,-0.31969328417670106,27,0.37037037037037035,0.5956169290345804,-795.1476725305562,0.902027027027027,0.6625,0.422972972972973,0.4412162162162162,0.6772128378378378,False
GBPUSD1440_comma,daily,5,400,long_only,none,0.0025,-0.0053237887268199335,-0.9356668323310035,-1.234360420295922,-0.03535561490310122,-0.15057830959554197,24,0.25,0.5763405356033134,-360.2508059099848,0.5476351351351352,0.8706081081081081,0.9094594594594595,0.3898648648648649,0.6770777027027027,False
GBPUSD1440_comma,daily,75,100,long_only,price_slow,0.0025,-0.006591552582880578,-1.041024866339072,-1.3153151053723415,-0.03677018078544995,-0.17926353480124502,52,0.4423076923076923,0.7247930797188045,-193.4719414445085,0.4283783783783784,0.8611486486486486,0.8743243243243243,0.7692567567567568,0.6768918918918919,False
GBPUSD1440_comma,daily,100,500,long_only,fast_slope,0.001,-0.0032164063644060104,-1.1962168475051749,-1.6062421071682946,-0.017171526692858118,-0.18731044839150846,53,0.16981132075471697,0.8231862407323125,-90.8317237396263,0.26756756756756755,0.9679054054054054,0.9608108108108108,0.9037162162162162,0.676722972972973,False
GBPUSD1440_comma,daily,100,300,long_short,slow_slope,0.0,-0.014987886597593203,-0.6885382802322292,-0.930324483734417,-0.05222932698786114,-0.28696304283370544,93,0.27956989247311825,0.6560303546295413,-219.94893376145362,0.8222972972972973,0.6364864864864865,0.47871621621621624,0.6185810810810811,0.676570945945946,False
GBPUSD1440_comma,daily,50,200,long_only,price_slow,0.001,-0.007472425765884694,-0.9530840886808193,-1.2656566691963063,-0.04378862248678931,-0.17064765552145578,45,0.17777777777777778,0.6764981851945948,-249.5468060881946,0.5273648648648649,0.7797297297297298,0.8456081081081082,0.6739864864864865,0.6760979729729729,False
GBPUSD1440_comma,daily,50,400,long_short,price_slow,0.001,-0.015597580161824887,-0.6476479194275546,-0.871311901917035,-0.05419202562998127,-0.2878205784062011,60,0.18333333333333332,0.6458510968190257,-330.0014557409842,0.8689189189189189,0.595945945945946,0.4543918918918919,0.5905405405405405,0.6760135135135136,False
GBPUSD1440_comma,daily,60,500,long_short,price_slow,0.005,-0.014952548041030078,-0.673430021731445,-0.9065443393299213,-0.046091578402147636,-0.3244095463724316,53,0.1509433962264151,0.574468065942339,-366.1666754377518,0.8364864864864865,0.7486486486486487,0.48074324324324325,0.3847972972972973,0.6756250000000001,False
GBPUSD1440_comma,daily,40,500,long_short,price_slow,0.0025,-0.015739439600052973,-0.6592255265190287,-0.8799475068170377,-0.04605843228444881,-0.34172764506722575,51,0.13725490196078433,0.5712499710943074,-416.14935530391756,0.8547297297297297,0.7493243243243243,0.44797297297297295,0.3766891891891892,0.6753209459459459,False
GBPUSD1440_comma,daily,40,400,long_short,price_slow,0.0025,-0.0158935806218925,-0.652341459802562,-0.8766381549385742,-0.052419113380731186,-0.3032020115726498,60,0.16666666666666666,0.6341399883027355,-331.27394330131597,0.8625,0.6334459459459459,0.4402027027027027,0.5530405405405405,0.6743581081081081,False
GBPUSD1440_comma,daily,75,100,long_short,slow_slope,0.0025,-0.01323897240178995,-0.7088657291569467,-0.8958816717415456,-0.059756758076182075,-0.22154770151539993,86,0.3488372093023256,0.7575013151457403,-200.05033043983437,0.7959459459459459,0.4834459459459459,0.5608108108108109,0.8189189189189189,0.6742398648648649,False
GBPUSD1440_comma,daily,20,250,long_short,slow_slope,0.005,-0.015729087593826963,-0.6992048834976773,-0.9285497551810745,-0.053539218282614494,-0.29378627664675083,88,0.25,0.7001970389456578,-217.78566833469847,0.8074324324324325,0.6125,0.4483108108108108,0.7216216216216216,0.6740033783783783,False
GBPUSD1440_comma,daily,5,250,long_short,slow_slope,0.0025,-0.015401429940753109,-0.6776345365961408,-0.9094165931567358,-0.05639737491596835,-0.27308770955565076,115,0.21739130434782608,0.7089842394937125,-162.88569791978102,0.8324324324324325,0.5516891891891892,0.46047297297297296,0.739527027027027,0.673918918918919,False
GBPUSD1440_comma,daily,30,200,long_only,none,0.0025,-0.008201509749424352,-0.8797225467463524,-1.1270732331590587,-0.04213288724540917,-0.1946581467738837,16,0.25,0.5975555629925753,-720.2677644574205,0.6070945945945946,0.8,0.8179054054054054,0.44797297297297295,0.6736148648648649,True
GBPUSD1440_comma,daily,75,150,long_only,none,0.0,-0.009851788791973348,-0.852053503419756,-1.0573828130431686,-0.03903092706966369,-0.25240980759666687,15,0.4,0.5789763289535629,-978.5384866045666,0.6371621621621621,0.8408783783783784,0.7449324324324325,0.3956081081081081,0.6734121621621622,True
GBPUSD1440_comma,daily,100,400,long_only,fast_slope,0.005,-0.003580082363715764,-1.172631612518702,-1.5724315599158643,-0.020684652741435175,-0.17307916204675744,48,0.14583333333333334,0.7741107534448138,-116.41884883612654,0.28952702702702704,0.9584459459459459,0.9537162162162162,0.8466216216216216,0.6731587837837838,False
GBPUSD1440_comma,daily,30,250,long_only,price_slow,0.0025,-0.006909878141041714,-0.9591807525055849,-1.2640022934013722,-0.044120120357227684,-0.15661512446236447,41,0.14634146341463414,0.6673098013052374,-251.67882862649583,0.5202702702702703,0.7753378378378378,0.8658783783783783,0.6513513513513514,0.672820945945946,False
GBPUSD1440_comma,daily,10,250,long_short,slow_slope,0.0025,-0.014954772912724734,-0.6723591105234829,-0.9020532485574112,-0.05778659085273801,-0.2587931333557144,96,0.23958333333333334,0.7046590045753564,-185.61323655914416,0.8378378378378378,0.5280405405405405,0.4804054054054054,0.7287162162162162,0.6725337837837838,False
GBPUSD1440_comma,daily,60,500,long_short,price_slow,0.001,-0.015798725659982527,-0.6669819206252292,-0.8921029961076068,-0.04620970866578441,-0.3418919122439861,55,0.10909090909090909,0.5800874605678126,-389.8858596259903,0.8429054054054054,0.745945945945946,0.44425675675675674,0.3989864864864865,0.672347972972973,False
GBPUSD1440_comma,daily,100,150,long_short,none,0.005,-0.015700953326315492,-0.7533053273598558,-0.9742760439589899,-0.04615143497962976,-0.3402050951014969,34,0.4117647058823529,0.6643672315958777,-562.3686018989284,0.7476351351351351,0.7469594594594594,0.45,0.6425675675675676,0.672179054054054,False
GBPUSD1440_comma,daily,75,300,long_short,combined,0.005,-0.011561305756608076,-0.8099076033045275,-1.0660688741719,-0.055013866690189754,-0.21015257519918562,124,0.3064516129032258,0.7719854228539839,-122.2121390996869,0.6790540540540541,0.5780405405405405,0.6469594594594594,0.8429054054054054,0.6719594594594595,False
GBPUSD1440_comma,daily,20,150,long_short,slow_slope,0.005,-0.016401236161443844,-0.6881251941658275,-0.9149123899899819,-0.056256957663915336,-0.2915414704688878,99,0.24242424242424243,0.7345358888721663,-192.40922396575098,0.8226351351351351,0.5550675675675676,0.4195945945945946,0.7905405405405406,0.670320945945946,False
GBPUSD1440_comma,daily,10,200,long_only,price_slow,0.001,-0.007595394414626089,-0.907027656554023,-1.193750848696765,-0.051277751903726014,-0.1481226093703648,44,0.18181818181818182,0.6962009814724631,-265.51751534341923,0.5763513513513514,0.6554054054054054,0.8429054054054054,0.7135135135135136,0.67,False
GBPUSD1440_comma,daily,75,300,long_short,combined,0.001,-0.012008707477346281,-0.7900851175514577,-1.04094807068281,-0.05605893120863646,-0.21421577647731205,135,0.28888888888888886,0.7713188884929065,-114.66339129850283,0.6986486486486486,0.558445945945946,0.6229729729729729,0.8418918918918918,0.6699493243243244,False
GBPUSD1440_comma,daily,40,400,long_short,price_slow,0.005,-0.015568996487134834,-0.6512958104017811,-0.874253132704957,-0.053474054710714716,-0.2911504760834087,56,0.16071428571428573,0.6257726923185974,-358.9037369481804,0.8638513513513514,0.6138513513513514,0.4557432432432432,0.5304054054054054,0.6697128378378379,False
GBPUSD1440_comma,daily,100,250,long_short,price_slow,0.0025,-0.013484360126759243,-0.696988322950125,-0.9402349626238754,-0.058378695262427976,-0.2309808409753491,75,0.13333333333333333,0.6908935543681554,-220.95918204064927,0.8128378378378378,0.5141891891891892,0.5503378378378379,0.7040540540540541,0.6693581081081081,False
GBPUSD1440_comma,daily,30,75,long_only,none,0.0,-0.011543580769088124,-0.8585365753818708,-1.0970948562698664,-0.039882674375967694,-0.28943848299310637,37,0.40540540540540543,0.6232501749875564,-473.8132715989292,0.6307432432432433,0.8331081081081081,0.6503378378378378,0.5219594594594594,0.6689358108108108,False
GBPUSD1440_comma,daily,100,150,long_short,slow_slope,0.005,-0.014968080227497849,-0.7763057930796563,-1.0120212766081274,-0.04744558543209339,-0.3154788815688859,56,0.32142857142857145,0.6890478948713078,-328.07438660471746,0.7172297297297298,0.722972972972973,0.4797297297297297,0.7003378378378379,0.6686317567567568,False
GBPUSD1440_comma,daily,75,200,long_short,price_slow,0.001,-0.01709798683082464,-0.7177298303796326,-0.952839102604274,-0.050179863697589644,-0.34073402299109734,85,0.15294117647058825,0.6877534469236978,-245.2814241860252,0.7864864864864864,0.6793918918918919,0.3983108108108108,0.6966216216216217,0.668597972972973,False
GBPUSD1440_comma,daily,100,150,long_only,price_slow,0.005,-0.004849332570969089,-1.0971198994676798,-1.4585409962679585,-0.03431364807230876,-0.14132372520549685,30,0.3,0.7363420969680015,-249.93163321457484,0.3597972972972973,0.8800675675675675,0.925,0.7929054054054054,0.6678716216216217,False
GBPUSD1440_comma,daily,40,100,long_short,fast_slope,0.001,-0.015360033409844154,-0.7134835017283501,-0.9201969470453125,-0.05843308600771413,-0.26286534666021877,176,0.3125,0.7892057065992079,-111.3333344780799,0.7915540540540541,0.5125,0.4635135135135135,0.8685810810810811,0.6677364864864865,False
GBPUSD1440_comma,daily,60,150,long_only,none,0.0,-0.010243040114058632,-0.8362830191297467,-1.037971929088379,-0.04061253854342477,-0.25221373697451366,17,0.35294117647058826,0.5677630916111704,-889.4322045126639,0.6547297297297298,0.822972972972973,0.7222972972972973,0.3689189189189189,0.6674324324324326,True
GBPUSD1440_comma,daily,100,300,long_short,none,0.001,-0.016723486590841996,-0.6377271983564261,-0.8672377089453173,-0.05200236984472414,-0.3215908552009705,24,0.3333333333333333,0.6096743127482763,-914.8890125018243,0.8810810810810811,0.6405405405405405,0.4114864864864865,0.4820945945945946,0.6671790540540541,False
GBPUSD1440_comma,daily,75,150,long_only,fast_slope,0.0,-0.0075233726587914385,-0.9757697627243697,-1.2362187510436997,-0.045936922101185246,-0.1637761590169169,64,0.359375,0.7076643366128679,-178.18220455047543,0.5,0.7510135135135135,0.8449324324324324,0.7351351351351352,0.6670101351351352,False
GBPUSD1440_comma,daily,10,300,long_short,none,0.005,-0.015544423541885677,-0.6370589534983765,-0.8611254343705044,-0.058627638350354776,-0.2651381495020021,45,0.2222222222222222,0.662982374805466,-403.92227494014844,0.8820945945945946,0.5081081081081081,0.4577702702702703,0.6364864864864865,0.6668918918918919,False
GBPUSD1440_comma,daily,40,500,long_short,price_slow,0.0,-0.016261186492232627,-0.6621390871899108,-0.8858506120261121,-0.046585829034703465,-0.34905864785875296,59,0.15254237288135594,0.5702904889766489,-378.3097692871425,0.8513513513513513,0.7388513513513514,0.425,0.37601351351351353,0.6666554054054054,False
GBPUSD1440_comma,daily,60,100,long_short,price_slow,0.005,-0.012617496990191213,-0.7490157535356132,-0.9524226406162485,-0.05876731364090544,-0.2147026332918629,83,0.3373493975903614,0.7465550001635267,-201.85806772097217,0.7547297297297297,0.5047297297297297,0.5885135135135136,0.8050675675675676,0.6665371621621622,False
GBPUSD1440_comma,daily,30,250,long_only,price_slow,0.0,-0.007143137181049086,-0.950405048325841,-1.252857686150323,-0.045652551488587066,-0.1564674251084266,45,0.15555555555555556,0.6568064257684477,-248.10094853475263,0.5317567567567567,0.7543918918918919,0.8567567567567568,0.6226351351351351,0.6660472972972973,False
GBPUSD1440_comma,daily,75,300,long_short,price_slow,0.005,-0.014090184682481799,-0.7001670596988119,-0.9395356368207263,-0.055668983811567915,-0.2531065544536468,62,0.16129032258064516,0.6674653957213414,-275.9362114784607,0.8067567567567567,0.566554054054054,0.518918918918919,0.6527027027027027,0.6660304054054055,False
GBPUSD1440_comma,daily,40,250,long_short,price_slow,0.001,-0.016307681831171927,-0.6648401888887814,-0.8930260417503066,-0.05641681318556978,-0.2890571251788303,81,0.16049382716049382,0.6893673107588003,-241.0482818798715,0.8469594594594595,0.5510135135135135,0.4212837837837838,0.7006756756756757,0.6658952702702703,False
GBPUSD1440_comma,daily,75,250,long_short,fast_slope,0.0,-0.01433358342419877,-0.7651615102029395,-1.007657977250953,-0.05422114168110222,-0.2643541426792656,139,0.302158273381295,0.7515720498500168,-132.04944104343807,0.7347972972972973,0.5949324324324324,0.5081081081081081,0.8108108108108109,0.6658952702702702,False
GBPUSD1440_comma,daily,100,500,long_only,none,0.001,-0.005307396069251125,-0.9013176657900646,-1.1687627729777164,-0.024003206550981076,-0.221111960936494,6,0.16666666666666666,0.36303323353089784,-1618.508141607079,0.5827702702702703,0.941554054054054,0.9097972972972973,0.0983108108108108,0.6652027027027028,True
GBPUSD1440_comma,daily,30,250,long_short,price_slow,0.0,-0.016215643667903956,-0.652703038931964,-0.8793897880771119,-0.05839916481429014,-0.2776691022803125,89,0.14606741573033707,0.69566662186812,-224.42013730533432,0.8611486486486486,0.5135135135135135,0.42736486486486486,0.7121621621621622,0.6651351351351351,False
GBPUSD1440_comma,daily,75,400,long_only,none,0.0025,-0.005231278502837222,-0.8849176754017267,-1.1560856483872104,-0.027178370078467684,-0.19247947863443626,7,0.42857142857142855,0.3315768315413062,-1152.2192918805513,0.5983108108108108,0.9256756756756757,0.9135135135135135,0.07635135135135135,0.6648986486486487,True
GBPUSD1440_comma,daily,20,150,long_only,slow_slope,0.0,-0.008879644678576604,-0.9468143604562478,-1.2484101370041825,-0.04439978465314762,-0.19999296726199556,53,0.24528301886792453,0.674349016414795,-253.65288763345575,0.5351351351351351,0.7719594594594594,0.7861486486486486,0.668581081081081,0.6645608108108108,False
GBPUSD1440_comma,daily,75,200,long_short,none,0.001,-0.018049206984241617,-0.6366547407586729,-0.874186688260481,-0.05324112639876921,-0.33900873638651763,27,0.2962962962962963,0.6338215149784561,-818.1126069525843,0.8827702702702702,0.6189189189189189,0.3695945945945946,0.5516891891891892,0.6645101351351351,False
GBPUSD1440_comma,daily,60,100,long_short,slow_slope,0.005,-0.014927622070197155,-0.7553840586294015,-0.9569149218827592,-0.051413977010451896,-0.29034171130473985,74,0.35135135135135137,0.6946963520768086,-271.2369795373114,0.7429054054054054,0.6530405405405405,0.4837837837837838,0.710472972972973,0.6637500000000001,False
GBPUSD1440_comma,daily,30,400,long_only,fast_slope,0.005,-0.0032225367831065777,-1.176538304776956,-1.6243512361882853,-0.033602433000706096,-0.0959018885042896,70,0.2571428571428571,0.8238547760014245,-70.50270469458285,0.2847972972972973,0.8864864864864865,0.960472972972973,0.9047297297297298,0.6633445945945946,False
GBPUSD1440_comma,daily,100,250,long_short,price_slow,0.001,-0.013960477639531454,-0.6959947209221428,-0.9342547381987303,-0.05806354630322256,-0.2404344641063827,80,0.15,0.6784515713797691,-215.44179745927613,0.8135135135135135,0.5222972972972973,0.5266891891891892,0.6766891891891892,0.6628209459459461,False
GBPUSD1440_comma,daily,60,150,long_only,none,0.005,-0.008330054187942193,-0.9093842063536586,-1.1383128284209902,-0.03753542631919706,-0.22192512526977437,15,0.4,0.5714037304882752,-836.7464239994275,0.575,0.8537162162162162,0.8128378378378378,0.37736486486486487,0.6626013513513513,True
GBPUSD1440_comma,daily,20,50,long_short,none,0.0,-0.022538010601971137,-0.6726893122722782,-0.9703965512182225,-0.050252310380897704,-0.44849700304602236,108,0.3333333333333333,0.7069867549454192,-269.4294601826271,0.8375,0.6783783783783783,0.23682432432432432,0.7341216216216216,0.6620777027027028,False
GBPUSD1440_comma,daily,30,75,long_only,none,0.001,-0.011009369667864588,-0.8754006761226657,-1.117219926249182,-0.0411294270662391,-0.2676762224315441,36,0.3888888888888889,0.6190529693846875,-459.7631399330302,0.6111486486486486,0.8158783783783784,0.6831081081081081,0.5125,0.6619256756756757,False
GBPUSD1440_comma,daily,100,250,long_short,slow_slope,0.005,-0.01305577515592049,-0.6981825570128215,-0.9373934478510099,-0.055818738943786646,-0.2338959174457267,62,0.1774193548387097,0.6340576353527421,-256.0236939279305,0.8104729729729729,0.5635135135135135,0.5695945945945946,0.5527027027027027,0.6618918918918919,False
GBPUSD1440_comma,daily,75,500,long_only,fast_slope,0.001,-0.0031442008744413386,-1.200038220314193,-1.607981407650399,-0.027732254719603593,-0.1133770371804187,62,0.27419354838709675,0.8091631381657503,-79.95885680101281,0.26216216216216215,0.9236486486486486,0.9628378378378378,0.889527027027027,0.6617736486486486,False
GBPUSD1440_comma,daily,75,150,long_only,price_slow,0.0025,-0.008009012275215333,-0.9718884073613346,-1.2179992307813574,-0.0415372359217933,-0.1928152439005517,35,0.22857142857142856,0.6502983879879031,-345.6051926624285,0.5067567567567568,0.8097972972972973,0.827027027027027,0.6067567567567568,0.661570945945946,False
GBPUSD1440_comma,daily,5,200,long_only,price_slow,0.001,-0.009242559510930115,-0.8733512871308651,-1.1002161664201549,-0.05075222525464566,-0.18211141412137566,47,0.14893617021276595,0.6609330120572715,-303.1652954175776,0.614527027027027,0.6668918918918919,0.7702702702702703,0.6310810810810811,0.66125,False
GBPUSD1440_comma,daily,5,500,long_only,none,0.0,-0.005409982414983916,-0.9214233731792969,-1.2141685903663768,-0.028661005242979296,-0.1887575948268293,20,0.25,0.4595895100767651,-476.6976237311554,0.5641891891891891,0.9175675675675675,0.9060810810810811,0.16554054054054054,0.6611148648648649,False
GBPUSD1440_comma,daily,100,250,long_only,none,0.005,-0.007167781914432014,-0.9330341177036091,-1.2180684189864441,-0.03091190482606884,-0.23187771684607517,12,0.3333333333333333,0.5352724501843732,-907.7791010854608,0.5503378378378379,0.904054054054054,0.856081081081081,0.29121621621621624,0.6610472972972973,True
GBPUSD1440_comma,daily,20,250,long_short,none,0.0025,-0.0188405222171798,-0.6568665628291386,-0.8775848657908294,-0.05176144899347174,-0.36398753480714974,36,0.2777777777777778,0.646484963700565,-668.2234480415868,0.8567567567567568,0.6442567567567568,0.34155405405405403,0.5922297297297298,0.6609121621621622,False
GBPUSD1440_comma,daily,20,75,long_only,slow_slope,0.005,-0.006963344111320269,-1.0299625645494224,-1.3824868493366342,-0.04444933226415997,-0.1566580138918059,80,0.3125,0.7379028976590545,-129.5888095990084,0.4408783783783784,0.7702702702702703,0.864527027027027,0.793581081081081,0.6608614864864866,False
GBPUSD1440_comma,daily,75,200,long_short,none,0.0,-0.018407486362337466,-0.6355437461448756,-0.8750438555886562,-0.05319466798892118,-0.3460400648834049,27,0.25925925925925924,0.6264046731087464,-828.7955583352401,0.8851351351351351,0.6206081081081081,0.35574324324324325,0.5327702702702702,0.6602702702702702,False
GBPUSD1440_comma,daily,30,400,long_short,price_slow,0.0025,-0.016082628520555975,-0.652416027858507,-0.8782540582566816,-0.05453820648680062,-0.29488737449494795,57,0.17543859649122806,0.629170323868127,-348.9686925643608,0.8621621621621621,0.5885135135135136,0.4320945945945946,0.5418918918918919,0.6596959459459459,False
GBPUSD1440_comma,daily,60,200,long_only,none,0.001,-0.008624030314135833,-0.8621290178951222,-1.130646617920014,-0.03756080710030881,-0.22960183712519133,16,0.3125,0.5090639050100825,-799.0950134638852,0.6277027027027027,0.8533783783783784,0.8010135135135135,0.23175675675675675,0.6593918918918918,True
GBPUSD1440_comma,daily,100,300,long_short,fast_slope,0.001,-0.014497115157286578,-0.7791124369912994,-1.0285332476486575,-0.05237492007440281,-0.2767949838719038,102,0.21568627450980393,0.7251364988771246,-183.5785577207129,0.7125,0.6344594594594595,0.5,0.7695945945945946,0.659054054054054,False
GBPUSD1440_comma,daily,100,500,long_only,price_slow,0.001,-0.0035863774527532533,-1.0129050656746414,-1.3489737851498271,-0.0263179016233156,-0.13627140583183894,25,0.16,0.5588676059196502,-297.19622726261764,0.4591216216216216,0.9297297297297298,0.9533783783783784,0.3439189189189189,0.6583445945945946,False
GBPUSD1440_comma,daily,100,300,long_only,combined,0.0025,-0.0029356462984921894,-1.2428000800349377,-1.6718215631115587,-0.021628167973702074,-0.1357325457274825,57,0.22807017543859648,0.8289673570968007,-80.7776889109626,0.22533783783783784,0.9537162162162162,0.9662162162162162,0.9094594594594595,0.6582263513513513,False
GBPUSD1440_comma,daily,5,300,long_short,none,0.005,-0.017343240040326946,-0.6573425720744345,-0.8930621380110637,-0.05632166802402546,-0.3079319318619743,67,0.208955223880597,0.6706675263919062,-301.902162198185,0.8557432432432432,0.5540540540540541,0.3902027027027027,0.6587837837837838,0.6576689189189189,False
GBPUSD1440_comma,daily,60,250,long_short,slow_slope,0.001,-0.01429475589822049,-0.6848930100353144,-0.9187072742207386,-0.05809969818569901,-0.24603838478698126,84,0.23809523809523808,0.6591289154496016,-205.28197320802926,0.8256756756756757,0.5219594594594594,0.5094594594594595,0.6280405405405406,0.6568581081081081,False
GBPUSD1440_comma,daily,75,100,long_short,combined,0.0,-0.014951402386227164,-0.7075562597905266,-0.9091784037108721,-0.06094296254800123,-0.24533435463447995,155,0.3161290322580645,0.7694715244449531,-119.40223999101299,0.7983108108108108,0.4597972972972973,0.4810810810810811,0.8402027027027027,0.6565202702702702,False
GBPUSD1440_comma,daily,50,250,long_short,slow_slope,0.005,-0.013533108271577277,-0.6887679186224572,-0.9279399285858215,-0.06032115139956278,-0.22435096077551608,75,0.24,0.674861221621754,-218.16128170125847,0.8216216216216217,0.47331081081081083,0.5449324324324324,0.6702702702702703,0.6565033783783784,False
GBPUSD1440_comma,daily,40,500,long_short,price_slow,0.001,-0.016443827471174788,-0.665812483500503,-0.889567614200931,-0.047128585223806335,-0.34891409095107784,54,0.14814814814814814,0.5601059690298447,-414.9610507371911,0.8449324324324324,0.7287162162162162,0.4179054054054054,0.3476351351351351,0.6558783783783784,False
GBPUSD1440_comma,daily,5,300,long_short,price_slow,0.0025,-0.01739814562123354,-0.6511287633772632,-0.8884610990664809,-0.05788157733508001,-0.30058174677090443,83,0.20481927710843373,0.6752057424060104,-246.56013112231585,0.864527027027027,0.5260135135135136,0.3885135135135135,0.6716216216216216,0.6557601351351352,False
GBPUSD1440_comma,daily,30,400,long_only,fast_slope,0.001,-0.0036146131776950696,-1.1642528079629226,-1.6116300595004522,-0.03962181534304435,-0.09122785380729959,72,0.25,0.824916145134201,-74.94578964120097,0.30033783783783785,0.8358108108108108,0.9530405405405405,0.9054054054054054,0.6555067567567568,False
GBPUSD1440_comma,daily,100,250,long_only,fast_slope,0.001,-0.005427909086989202,-1.1112024832771545,-1.4817050354359476,-0.037015077686909134,-0.1466404888543258,62,0.20967741935483872,0.7430940473242675,-134.78162307920914,0.34831081081081083,0.8587837837837838,0.9050675675675676,0.8016891891891892,0.6552871621621621,False
GBPUSD1440_comma,daily,75,300,long_only,combined,0.005,-0.0029744118989415425,-1.2386963610440278,-1.6644505600588895,-0.025897501047763505,-0.11485323983405771,58,0.3275862068965517,0.8347566322882989,-80.40995357568136,0.22905405405405405,0.9317567567567567,0.9658783783783784,0.914527027027027,0.6549155405405406,False
GBPUSD1440_comma,daily,100,400,long_short,fast_slope,0.0025,-0.014106762887227009,-0.7799502610084065,-1.0216176410934918,-0.05249474682902066,-0.2687271344154454,94,0.2127659574468085,0.700148954821356,-190.04217752802842,0.7118243243243243,0.6327702702702702,0.518581081081081,0.7212837837837838,0.654831081081081,False
GBPUSD1440_comma,daily,20,100,long_only,slow_slope,0.0025,-0.00841266395319451,-0.9262777450298253,-1.1741957089306727,-0.05145600907599369,-0.1634923520938074,59,0.2711864406779661,0.69326648569154,-211.28111901886584,0.5570945945945946,0.6510135135135136,0.8097972972972973,0.7081081081081081,0.653766891891892,False
GBPUSD1440_comma,daily,20,500,long_short,none,0.0,-0.01629668587875932,-0.6313488109411,-0.852341490288103,-0.047583666378529295,-0.3424848717860193,25,0.24,0.4959908869919839,-895.5651851910303,0.8932432432432432,0.7216216216216216,0.4226351351351351,0.20844594594594595,0.6534966216216216,False
GBPUSD1440_comma,daily,100,150,long_only,price_slow,0.0,-0.007983169737101448,-0.9645212686760761,-1.2148080317729641,-0.04788851870556014,-0.16670320888782375,46,0.15217391304347827,0.6830091517858896,-262.1621432247901,0.5141891891891892,0.716554054054054,0.8280405405405405,0.6854729729729729,0.6532432432432432,False
GBPUSD1440_comma,daily,60,500,long_short,price_slow,0.0,-0.01641828506074905,-0.6731771641382468,-0.9008137882401448,-0.04848972434161413,-0.33859307891875956,57,0.14035087719298245,0.5748628963479796,-388.81084535336663,0.8368243243243243,0.7067567567567568,0.4189189189189189,0.3864864864864865,0.6531756756756757,False
GBPUSD1440_comma,daily,5,400,long_only,price_slow,0.0,-0.00638025939846798,-0.9611245866116948,-1.2746908831761072,-0.03697917185775856,-0.17253656796344252,36,0.16666666666666666,0.5682298619456724,-287.3967868117653,0.5162162162162162,0.8594594594594595,0.8797297297297297,0.36993243243243246,0.6527871621621621,False
GBPUSD1440_comma,daily,100,150,long_short,fast_slope,0.0,-0.018118986762556855,-0.727514398437525,-0.9304606596402144,-0.05301580659887175,-0.3417657473298247,123,0.2682926829268293,0.7147520451290412,-181.8267874311284,0.7756756756756756,0.6239864864864865,0.3668918918918919,0.7530405405405406,0.6526013513513513,False
GBPUSD1440_comma,daily,10,100,long_only,price_slow,0.0,-0.011348416078833745,-0.8965999809384119,-1.1337594110042053,-0.04682376321166238,-0.24236445984775523,78,0.2692307692307692,0.6754211495499703,-216.40460553795958,0.5881756756756756,0.7334459459459459,0.6648648648648648,0.6726351351351352,0.6525,False
GBPUSD1440_comma,daily,60,200,long_only,price_slow,0.005,-0.0069800291040026385,-1.0028475051876218,-1.3313523085494388,-0.041949112037658734,-0.1663927736476638,37,0.1891891891891892,0.6491455204005186,-287.1025069470273,0.4702702702702703,0.8043918918918919,0.8638513513513514,0.6030405405405406,0.6524324324324324,False
GBPUSD1440_comma,daily,30,200,long_short,none,0.005,-0.01753484797188931,-0.6656533388743893,-0.8634572030088026,-0.054121144660214504,-0.32399255562640594,33,0.30303030303030304,0.6444287759726799,-638.0721499822762,0.8452702702702702,0.597972972972973,0.38513513513513514,0.5834459459459459,0.6521452702702704,False
GBPUSD1440_comma,daily,20,50,long_only,none,0.005,-0.009884668638301064,-1.0039522946044561,-1.3788441529611026,-0.038685301223168454,-0.2555148422207756,53,0.3018867924528302,0.6888042522152,-274.1572884569979,0.46925675675675677,0.8439189189189189,0.7422297297297298,0.6993243243243243,0.6520270270270271,False
GBPUSD1440_comma,daily,60,75,long_only,fast_slope,0.001,-0.008600590254536633,-0.9475008829093436,-1.1979440045429464,-0.051218622108373156,-0.16791920400237825,74,0.4189189189189189,0.7148380883144152,-172.63516280012536,0.5347972972972973,0.6564189189189189,0.802027027027027,0.7533783783783784,0.6514358108108108,False
GBPUSD1440_comma,daily,30,250,long_short,none,0.0025,-0.017795065522178355,-0.6447266536708091,-0.8625110777706416,-0.05560467741683356,-0.3200282125329108,31,0.3225806451612903,0.6334049148290205,-739.8148869049417,0.8739864864864865,0.5685810810810811,0.3766891891891892,0.55,0.6495777027027028,False
GBPUSD1440_comma,daily,40,100,long_short,combined,0.005,-0.014594718877714907,-0.7832863751820262,-1.013135443517598,-0.055162619779470914,-0.26457624630704024,157,0.3184713375796178,0.7590185914699389,-121.85280801611503,0.7077702702702703,0.575,0.4972972972972973,0.8206081081081081,0.6494087837837837,False
GBPUSD1440_comma,daily,50,75,long_only,fast_slope,0.005,-0.004597928008247876,-1.1729864292259817,-1.5877257235431552,-0.028952784863662238,-0.15880779793375233,49,0.4489795918367347,0.7339895632421664,-145.35838884303269,0.2891891891891892,0.9158783783783784,0.9310810810810811,0.7885135135135135,0.6491385135135135,False
GBPUSD1440_comma,daily,20,400,long_short,slow_slope,0.0025,-0.01694913609532589,-0.6976104679018437,-0.9239591396425021,-0.05011763704076524,-0.33818705541802807,79,0.22784810126582278,0.6121059806885241,-267.3825696114245,0.8118243243243243,0.6820945945945946,0.40202702702702703,0.48952702702702705,0.649087837837838,False
GBPUSD1440_comma,daily,5,200,long_only,none,0.0,-0.010451418172706672,-0.8758566312317705,-1.0974144113232787,-0.04588809273310868,-0.2277588269683276,33,0.21212121212121213,0.6129963276520791,-486.603926753251,0.610472972972973,0.7523648648648649,0.7131756756756756,0.49324324324324326,0.6489020270270269,False
GBPUSD1440_comma,daily,10,250,long_only,slow_slope,0.001,-0.005713482141599835,-1.037383328514368,-1.3712853528142284,-0.039659392185737566,-0.14406378481147109,47,0.2765957446808511,0.6414167703963067,-195.51369215422355,0.43277027027027026,0.835472972972973,0.8993243243243243,0.5763513513513514,0.6482939189189189,False
GBPUSD1440_comma,daily,50,100,long_short,slow_slope,0.005,-0.01423181105246385,-0.7058978883457179,-0.9024420075804692,-0.06191565893066985,-0.22985802458147042,85,0.3411764705882353,0.7283125042231524,-207.41705683992785,0.8,0.43445945945945946,0.5138513513513514,0.7780405405405405,0.6480912162162162,False
GBPUSD1440_comma,daily,100,250,long_short,fast_slope,0.0025,-0.013911459483877286,-0.7658576815532593,-1.0119451143790543,-0.05740486796353985,-0.242339369070808,103,0.2524271844660194,0.722763837483394,-174.4707706506169,0.7337837837837838,0.5351351351351351,0.5283783783783784,0.7648648648648648,0.6477027027027028,False
GBPUSD1440_comma,daily,60,250,long_short,price_slow,0.001,-0.016056443603111092,-0.6860448396786276,-0.9205161838523277,-0.05778849745785989,-0.27784843540567317,80,0.1375,0.671090983897556,-246.23779129874532,0.8246621621621621,0.5277027027027027,0.4337837837837838,0.660472972972973,0.6476182432432434,False
GBPUSD1440_comma,daily,100,150,long_only,combined,0.001,-0.0059706280411637724,-1.0460579777382255,-1.3957915888706585,-0.04691998758929834,-0.12725127068289277,55,0.23636363636363636,0.7305274534547386,-166.45399618706963,0.4222972972972973,0.731418918918919,0.8912162162162162,0.7814189189189189,0.6472297297297298,False
GBPUSD1440_comma,daily,10,200,long_only,none,0.0025,-0.008761351900261727,-0.9189771836212856,-1.2032061461093277,-0.04844768838664413,-0.1808414847441312,27,0.2222222222222222,0.6382737822388823,-488.8912929873067,0.5658783783783784,0.7081081081081081,0.793581081081081,0.5668918918918919,0.6471283783783784,False
GBPUSD1440_comma,daily,30,400,long_short,price_slow,0.001,-0.01670569832597313,-0.6564895423476976,-0.8858820959972132,-0.05445301802416398,-0.3067910454212076,60,0.16666666666666666,0.6132057325152249,-360.2767927548458,0.8577702702702703,0.5898648648648649,0.4118243243243243,0.4945945945945946,0.6471283783783783,False
GBPUSD1440_comma,daily,100,150,long_short,slow_slope,0.001,-0.01892599557114094,-0.7279405160842629,-0.9608404180342371,-0.050059795067703965,-0.3780677796531978,85,0.2823529411764706,0.6656024672564677,-257.3129273682025,0.7753378378378378,0.683445945945946,0.34087837837837837,0.6462837837837838,0.6461148648648648,False
GBPUSD1440_comma,daily,50,250,long_short,none,0.001,-0.0169205492040575,-0.6277987506822735,-0.8584264537701697,-0.058433838938577606,-0.2895676462715968,30,0.26666666666666666,0.6222469051688322,-687.0818324515901,0.8983108108108108,0.5121621621621621,0.40304054054054056,0.5192567567567568,0.6458614864864866,False
GBPUSD1440_comma,daily,5,100,long_short,none,0.005,-0.017132839552792434,-0.661989859804205,-0.8609880449791426,-0.06294792664265048,-0.27217480331090127,122,0.26229508196721313,0.7566071599261462,-178.28875816322133,0.8516891891891892,0.41283783783783784,0.3966216216216216,0.8175675675675675,0.6458445945945946,False
GBPUSD1440_comma,daily,30,200,long_only,none,0.0,-0.00876975812521752,-0.87312271257708,-1.1224309890424764,-0.04388574190100436,-0.1998316023687141,16,0.25,0.5437114006547465,-809.1165458687663,0.6148648648648649,0.7787162162162162,0.7929054054054054,0.3091216216216216,0.6455743243243244,True
GBPUSD1440_comma,daily,10,250,long_short,price_slow,0.0,-0.018465732579552974,-0.6581538820532832,-0.8990710233140532,-0.05865027990744896,-0.31484474769246085,98,0.15306122448979592,0.691371736769541,-222.21970669636843,0.8550675675675675,0.5074324324324324,0.35371621621621624,0.7047297297297297,0.6453378378378378,False
GBPUSD1440_comma,daily,30,100,long_only,slow_slope,0.0025,-0.008720638958393256,-0.9416256550647818,-1.1885915915779388,-0.05061752067396151,-0.17228498832577743,52,0.2692307692307692,0.6805127801576738,-248.08588613048258,0.539527027027027,0.6702702702702703,0.7956081081081081,0.6814189189189189,0.6447128378378378,False
GBPUSD1440_comma,daily,60,400,long_short,none,0.005,-0.015049263941256719,-0.6315897213732096,-0.8451728673474421,-0.05656126344041504,-0.26607015165265,16,0.4375,0.5671308207617082,-1180.7695191322005,0.8925675675675676,0.5493243243243243,0.4756756756756757,0.36655405405405406,0.6444763513513514,True
GBPUSD1440_comma,daily,40,150,long_short,slow_slope,0.0,-0.018273420198717694,-0.6849443632367751,-0.9097646038579604,-0.057739364723654485,-0.3164811439505065,103,0.30097087378640774,0.7054524184299845,-204.78692250914904,0.8253378378378379,0.529054054054054,0.3608108108108108,0.731081081081081,0.644222972972973,False
GBPUSD1440_comma,daily,10,250,long_short,slow_slope,0.001,-0.01620767078744345,-0.6814385096485707,-0.9142271688605739,-0.06002010002130731,-0.270037383837909,101,0.2376237623762376,0.6900723596398335,-194.19457093809677,0.8290540540540541,0.4793918918918919,0.4277027027027027,0.7023648648648648,0.642364864864865,False
GBPUSD1440_comma,daily,100,250,long_short,fast_slope,0.001,-0.014861618770253049,-0.7690716340588543,-1.0099383473640673,-0.0559982893140998,-0.2653941567195526,108,0.25925925925925924,0.7201751603050585,-179.40734604961307,0.7260135135135135,0.5601351351351351,0.4868243243243243,0.760472972972973,0.641875,False
GBPUSD1440_comma,daily,100,500,long_only,fast_slope,0.0025,-0.004277840516454301,-1.2366303606287408,-1.6572576140069766,-0.022610644919508514,-0.18919586467714467,52,0.17307692307692307,0.7611960130774312,-123.5818335334515,0.23074324324324325,0.9483108108108108,0.9405405405405406,0.8266891891891892,0.6414864864864865,False
GBPUSD1440_comma,daily,75,100,long_short,combined,0.001,-0.014802226184309264,-0.7329903920845321,-0.9379239636184421,-0.06154025060734568,-0.24052918274178126,141,0.3191489361702128,0.7599817751009423,-135.86696610989392,0.7709459459459459,0.4456081081081081,0.48986486486486486,0.8233108108108108,0.6412499999999999,False
GBPUSD1440_comma,daily,60,250,long_short,slow_slope,0.0025,-0.014867017258915927,-0.6991312526228122,-0.9398430124955147,-0.057411373214422835,-0.2589559598825455,77,0.22077922077922077,0.6418073244667948,-228.38411761782908,0.8077702702702703,0.5344594594594595,0.48614864864864865,0.5783783783783784,0.6407094594594596,False
GBPUSD1440_comma,daily,100,300,long_short,slow_slope,0.0025,-0.01416147108519139,-0.6982504367961421,-0.9428214580255204,-0.06002308068660764,-0.23593375953379048,80,0.275,0.6576738764534713,-235.81752042485914,0.8097972972972973,0.47905405405405405,0.5168918918918919,0.6239864864864865,0.6406587837837838,False
GBPUSD1440_comma,daily,5,300,long_only,slow_slope,0.005,-0.005142632089920052,-1.0548609167078313,-1.40727165950532,-0.04220056931020142,-0.12186167565935868,47,0.3191489361702128,0.6552498912226121,-169.59183307682346,0.41114864864864864,0.797972972972973,0.9162162162162162,0.6179054054054054,0.6398817567567568,False
GBPUSD1440_comma,daily,100,150,long_only,combined,0.0,-0.006382916879679401,-1.0388718105932322,-1.3858810678319777,-0.049561623147924276,-0.12878748665330442,59,0.2542372881355932,0.738534458852038,-165.37644297549198,0.4300675675675676,0.6905405405405406,0.8793918918918919,0.7949324324324324,0.6397804054054054,False
GBPUSD1440_comma,daily,100,250,long_only,fast_slope,0.0025,-0.005182354709866499,-1.1338867912112938,-1.5247952605729436,-0.03971949137615412,-0.1304738437053039,57,0.21052631578947367,0.7276677851338526,-140.22833739559735,0.32837837837837835,0.8344594594594594,0.9155405405405406,0.7777027027027027,0.6397297297297297,False
GBPUSD1440_comma,daily,30,400,long_short,none,0.0,-0.016758827372857388,-0.6313913638571429,-0.8429768966077374,-0.05466885015674876,-0.3065516711034857,21,0.3333333333333333,0.5651775965796763,-1063.321158801676,0.8929054054054054,0.5851351351351352,0.40912162162162163,0.3614864864864865,0.6394932432432432,False
GBPUSD1440_comma,daily,100,400,long_short,none,0.001,-0.01575877486353383,-0.6240561649523153,-0.8445064615787078,-0.05210663631937977,-0.30243316354068217,15,0.13333333333333333,0.4896410862861066,-1326.574726461295,0.9006756756756756,0.6388513513513514,0.4466216216216216,0.19932432432432431,0.6392060810810811,True
GBPUSD1440_comma,daily,40,400,long_short,none,0.0,-0.016160094459861662,-0.6239076945886957,-0.8351076821118931,-0.054518886813767695,-0.2964127737065376,17,0.4117647058823529,0.541705681626865,-1233.9894369937952,0.9013513513513514,0.5888513513513514,0.42905405405405406,0.3037162162162162,0.6391216216216216,True
GBPUSD1440_comma,daily,30,500,long_short,price_slow,0.005,-0.01682780755849922,-0.677121363771396,-0.9032255936902835,-0.04779443991943358,-0.3520871378943998,42,0.14285714285714285,0.537975669703395,-546.533116884069,0.8331081081081081,0.7175675675675676,0.4047297297297297,0.29662162162162165,0.6380743243243243,False
GBPUSD1440_comma,daily,75,100,long_short,none,0.0,-0.018998545829329583,-0.6352269363699719,-0.8495797504769522,-0.06288068032037936,-0.3021364548305028,60,0.38333333333333336,0.7117628089211222,-373.9852004834813,0.8858108108108108,0.41486486486486485,0.33918918918918917,0.7452702702702703,0.6376689189189189,False
GBPUSD1440_comma,daily,40,250,long_short,slow_slope,0.0025,-0.015765991443794203,-0.6962506501734916,-0.9259514920708909,-0.05848605728132187,-0.2695683753814815,85,0.23529411764705882,0.6631531865809154,-216.1172596882122,0.8131756756756757,0.5101351351351351,0.4462837837837838,0.6371621621621621,0.6376351351351353,False
GBPUSD1440_comma,daily,40,50,long_only,none,0.0025,-0.007138515131088097,-1.1750448780069087,-1.586910568269394,-0.03022110276533203,-0.23620961771378524,62,0.43548387096774194,0.7620102057537889,-175.01976832203695,0.2864864864864865,0.908445945945946,0.8574324324324324,0.8277027027027027,0.637347972972973,False
GBPUSD1440_comma,daily,75,100,long_only,price_slow,0.001,-0.007393003155897748,-0.9812375524760909,-1.2371109845281991,-0.051541158576229956,-0.14343882365320548,59,0.3389830508474576,0.700204217168004,-190.1167034137818,0.4929054054054054,0.6486486486486487,0.8483108108108108,0.7219594594594595,0.6372804054054055,False
GBPUSD1440_comma,daily,10,200,long_only,price_slow,0.0025,-0.008467698810264324,-0.9322742429654292,-1.22835377145127,-0.052585732550253755,-0.16102654464634747,44,0.1590909090909091,0.6666660682856294,-290.61051125312883,0.5510135135135135,0.6310810810810811,0.8074324324324325,0.6489864864864865,0.6370101351351352,False
GBPUSD1440_comma,daily,20,250,long_short,price_slow,0.001,-0.018781610316059516,-0.6803148423386037,-0.91536641128894,-0.05739809302185167,-0.3272166256274278,87,0.16091954022988506,0.6798170040507232,-267.7382810244356,0.8300675675675676,0.535472972972973,0.34290540540540543,0.6793918918918919,0.6363851351351352,False
GBPUSD1440_comma,daily,60,200,long_only,none,0.0,-0.009401268175815658,-0.869239161383717,-1.1381344825247788,-0.03858608305747685,-0.24364401439274797,15,0.3333333333333333,0.45476816231380984,-939.1858837369679,0.6199324324324325,0.8456081081081082,0.7628378378378379,0.16013513513513514,0.6359628378378379,True
GBPUSD1440_comma,daily,50,500,long_short,price_slow,0.005,-0.01708763423288384,-0.6895450231925286,-0.9174266234442451,-0.04687191098046177,-0.36456022115263664,49,0.14285714285714285,0.5361352040637392,-466.0106290823484,0.8202702702702702,0.7324324324324324,0.39864864864864863,0.2939189189189189,0.6350337837837837,False
GBPUSD1440_comma,daily,50,400,long_only,none,0.0025,-0.006850852934339624,-0.9202632694599346,-1.1813392846047965,-0.034478424505281664,-0.1986997095325559,7,0.5714285714285714,0.36740296061679506,-1459.6323386637948,0.5648648648648649,0.8783783783783784,0.8679054054054054,0.10202702702702703,0.6344256756756758,True
GBPUSD1440_comma,daily,40,50,long_only,fast_slope,0.0,-0.01142354245081767,-1.021065724332134,-1.3736683008410016,-0.03853832685511149,-0.29642030111389017,123,0.3170731707317073,0.7098740516088727,-139.83143989953155,0.45,0.8462837837837838,0.6581081081081082,0.7415540540540541,0.6344256756756756,False
GBPUSD1440_comma,daily,30,250,long_short,none,0.005,-0.018354742196479812,-0.6676711190615764,-0.8808716866051125,-0.05475318142893042,-0.33522695334707175,31,0.2903225806451613,0.6258047850550457,-745.9829689541716,0.8422297297297298,0.5841216216216216,0.3584459459459459,0.5310810810810811,0.6342736486486487,False
GBPUSD1440_comma,daily,75,500,long_short,price_slow,0.005,-0.01611570425596387,-0.6913532293284284,-0.9306540637586146,-0.051166140686621425,-0.3149681418160525,53,0.11320754716981132,0.5697527812102031,-400.6763386995103,0.8189189189189189,0.6577702702702702,0.4297297297297297,0.3733108108108108,0.6339527027027028,False
GBPUSD1440_comma,daily,30,400,long_only,fast_slope,0.0025,-0.003961332585036281,-1.1893914370708305,-1.6376982827215758,-0.04206529548178629,-0.09417103908735136,70,0.2571428571428571,0.8151996954078186,-74.38075142624396,0.27466216216216216,0.8016891891891892,0.9456081081081081,0.8942567567567568,0.6335472972972973,False
GBPUSD1440_comma,daily,100,150,long_short,combined,0.0025,-0.014645767918136099,-0.7750412959800962,-1.0207100227632753,-0.05777382757285297,-0.2535017763825279,103,0.23300970873786409,0.7214179749614076,-176.59370620659456,0.7185810810810811,0.5287162162162162,0.49527027027027026,0.7638513513513514,0.6332432432432433,False
GBPUSD1440_comma,daily,5,200,long_short,none,0.0025,-0.018763398808824716,-0.6524230849285929,-0.8509480636746886,-0.06125943484645989,-0.3062940240283498,77,0.2077922077922078,0.6932762914206065,-285.8869836735093,0.8618243243243243,0.4523648648648649,0.3439189189189189,0.7084459459459459,0.6328716216216216,False
GBPUSD1440_comma,daily,20,75,long_only,none,0.005,-0.00986602282163107,-1.0193219167499266,-1.3651010726317658,-0.03868725039533707,-0.2550200058368638,43,0.3023255813953488,0.6533418288337043,-336.6686670334969,0.4516891891891892,0.8435810810810811,0.7435810810810811,0.6135135135135135,0.6323141891891892,False
GBPUSD1440_comma,daily,10,300,long_only,price_slow,0.005,-0.005715008558229706,-0.9750559176163572,-1.288098774549716,-0.04737145112175931,-0.12064246340143481,24,0.2916666666666667,0.6037125913045455,-367.61766498447804,0.5010135135135135,0.7253378378378378,0.8989864864864865,0.4614864864864865,0.6307601351351352,False
GBPUSD1440_comma,daily,20,50,long_only,none,0.0,-0.0136137398826921,-0.8959468921118937,-1.2005282130075299,-0.04200109030977502,-0.3241282495831719,54,0.35185185185185186,0.6390539576594506,-374.6701188661177,0.5888513513513514,0.8033783783783783,0.5408783783783784,0.5695945945945946,0.6299999999999999,False
GBPUSD1440_comma,daily,20,250,long_only,price_slow,0.0025,-0.00828975911189822,-0.9777966228403242,-1.2868554230144904,-0.04675594632962825,-0.17729849917817142,42,0.16666666666666666,0.6364627345007914,-292.76194389141347,0.49695945945945946,0.735472972972973,0.8145270270270271,0.5611486486486487,0.6297297297297297,False
GBPUSD1440_comma,daily,40,200,long_only,none,0.0,-0.009276551795929677,-0.8822439747784594,-1.1345561664574428,-0.04324347815787102,-0.2145190949271779,15,0.3333333333333333,0.5214713229005721,-871.1514839154169,0.6030405405405406,0.785472972972973,0.7679054054054054,0.25574324324324327,0.6295270270270271,True
GBPUSD1440_comma,daily,40,150,long_only,slow_slope,0.005,-0.008626521314499591,-0.9898631085183124,-1.301294773235571,-0.04476246028001929,-0.1927177653000952,40,0.25,0.6356415163203403,-320.28934749505805,0.48445945945945945,0.7665540540540541,0.8006756756756757,0.5597972972972973,0.6295270270270271,False
GBPUSD1440_comma,daily,30,500,long_only,fast_slope,0.001,-0.003855518941053848,-1.2075925817970283,-1.6562108362064372,-0.03908414244336194,-0.0986466300659149,74,0.25675675675675674,0.7749080026256527,-94.38133885863428,0.25675675675675674,0.8402027027027027,0.9483108108108108,0.8472972972972973,0.6295101351351351,False
GBPUSD1440_comma,daily,75,300,long_only,combined,0.001,-0.004355305061483961,-1.2209567398830998,-1.6441234934355187,-0.03576097953271175,-0.12178931109814872,66,0.2878787878787879,0.7791117054278017,-99.13492898354235,0.24256756756756756,0.8662162162162163,0.9381756756756757,0.8543918918918919,0.629375,False
GBPUSD1440_comma,daily,75,400,long_short,combined,0.0025,-0.013419495470763154,-0.8347712356032148,-1.09619835063566,-0.05710235488555207,-0.23500774175879968,141,0.2198581560283688,0.7497281875495133,-123.40429415295417,0.6564189189189189,0.539527027027027,0.5523648648648649,0.8091216216216216,0.6292905405405406,False
GBPUSD1440_comma,daily,5,400,long_short,slow_slope,0.001,-0.01781553063662844,-0.6979960703347687,-0.9353753650812465,-0.054140654541508924,-0.32906012658139383,94,0.19148936170212766,0.6265848403230105,-226.92422228407142,0.8108108108108109,0.5966216216216216,0.37635135135135134,0.5331081081081082,0.6287162162162163,False
GBPUSD1440_comma,daily,75,150,long_only,fast_slope,0.005,-0.005847272009364413,-1.0740601032062722,-1.4402631980473772,-0.04652732208043528,-0.12567394270523013,58,0.27586206896551724,0.7048586393137493,-154.72499150747,0.3881756756756757,0.7398648648648649,0.8945945945945946,0.7290540540540541,0.6285135135135136,False
GBPUSD1440_comma,daily,50,500,long_short,price_slow,0.0,-0.017508086242042475,-0.6816463146652175,-0.9128423681489772,-0.04995529732086678,-0.3504750683313257,57,0.12280701754385964,0.548390333233823,-417.34384709184224,0.8287162162162162,0.6847972972972973,0.38716216216216215,0.31824324324324327,0.6278547297297298,False
GBPUSD1440_comma,daily,50,300,long_short,none,0.005,-0.015962109115372214,-0.6548981008812098,-0.8658183813557643,-0.057822610711301105,-0.2760530684971737,25,0.4,0.5931873007580303,-782.6783942926519,0.8584459459459459,0.527027027027027,0.43716216216216214,0.43445945945945946,0.6277364864864865,False
GBPUSD1440_comma,daily,5,150,long_only,slow_slope,0.001,-0.00996987261569815,-0.9767024196543382,-1.288625019233551,-0.0465101096398063,-0.21435925851194515,60,0.21666666666666667,0.6636827603898536,-249.2931959663676,0.49864864864864866,0.7408783783783783,0.735472972972973,0.6391891891891892,0.627652027027027,False
GBPUSD1440_comma,daily,10,250,long_only,price_slow,0.001,-0.008500774565390223,-0.9597324671730966,-1.2556713417826983,-0.04830143422790729,-0.17599424740225833,46,0.1956521739130435,0.6282669161583135,-286.6486660510734,0.518581081081081,0.7111486486486487,0.8060810810810811,0.539527027027027,0.6273648648648649,False
GBPUSD1440_comma,daily,20,500,long_short,none,0.005,-0.017533083160361285,-0.6705848997587653,-0.8907014064321725,-0.04789437679289946,-0.3660781146850759,21,0.3333333333333333,0.5081608917879853,-1004.2147952759134,0.8412162162162162,0.7158783783783784,0.38547297297297295,0.23006756756756758,0.6270608108108108,False
GBPUSD1440_comma,daily,5,400,long_only,none,0.0,-0.00670540263568653,-0.9499121697333655,-1.2479617175048743,-0.042766679746579626,-0.1567903488281157,24,0.3333333333333333,0.5311715571814881,-450.6459306088186,0.5324324324324324,0.7915540540540541,0.870945945945946,0.2793918918918919,0.6269594594594595,False
GBPUSD1440_comma,daily,60,150,long_only,slow_slope,0.005,-0.007993548276649887,-1.0010286047223367,-1.317928714934638,-0.04091219720067446,-0.1953830110233754,35,0.3142857142857143,0.5974938344279718,-344.97738816853416,0.47297297297297297,0.8185810810810811,0.8277027027027027,0.4469594594594595,0.626418918918919,False
GBPUSD1440_comma,daily,100,250,long_short,none,0.0,-0.018442634215677822,-0.639658506984091,-0.8800752010770335,-0.05342853544257416,-0.3451832258344468,27,0.3333333333333333,0.5521826839431325,-882.63462308148,0.8787162162162162,0.6155405405405405,0.3550675675675676,0.3290540540540541,0.6257432432432433,False
GBPUSD1440_comma,daily,100,500,long_only,fast_slope,0.005,-0.004598903804292731,-1.2644077763351558,-1.6918382164247474,-0.024010276597774695,-0.19153897646972395,52,0.17307692307692307,0.7521099856724333,-132.86231759899005,0.20540540540540542,0.9412162162162162,0.9307432432432432,0.8114864864864865,0.6253378378378378,False
GBPUSD1440_comma,daily,10,300,long_only,slow_slope,0.0,-0.005766512221241693,-1.0449579876190755,-1.3951436997932471,-0.04282342922995692,-0.13465788062595785,47,0.3191489361702128,0.6237883179886611,-189.18667924967153,0.42364864864864865,0.7902027027027027,0.8976351351351352,0.5233108108108108,0.6250337837837838,False
GBPUSD1440_comma,daily,40,100,long_short,fast_slope,0.0025,-0.014730780531313825,-0.7174890820991459,-0.9267169684296576,-0.06670371865388773,-0.22083897012922027,162,0.3271604938271605,0.7886162665112797,-114.5081848527316,0.7878378378378378,0.32466216216216215,0.4925675675675676,0.8675675675675676,0.6249493243243243,False
GBPUSD1440_comma,daily,75,500,long_short,price_slow,0.0025,-0.016336212366301894,-0.6893099147365034,-0.9284045184336596,-0.05290666306904664,-0.30877419626677405,54,0.09259259259259259,0.5673957600947677,-396.65757341225145,0.8209459459459459,0.6266891891891891,0.4206081081081081,0.3672297297297297,0.6242567567567568,False
GBPUSD1440_comma,daily,100,400,long_short,none,0.0025,-0.015968004007275494,-0.6305255870830915,-0.8494969198804209,-0.05410552650519284,-0.2951270422577432,14,0.21428571428571427,0.48355932372792426,-1405.2515078381405,0.8945945945945946,0.5983108108108108,0.43648648648648647,0.19222972972972974,0.6235472972972973,True
GBPUSD1440_comma,daily,20,400,long_only,fast_slope,0.0,-0.004694152345752878,-1.2196186706540848,-1.6751961986105612,-0.04023647096340832,-0.11666411674179411,107,0.37383177570093457,0.8054492139091043,-67.91035574391756,0.24425675675675676,0.8280405405405405,0.9290540540540541,0.8847972972972973,0.6232432432432433,False
GBPUSD1440_comma,daily,5,200,long_only,price_slow,0.0,-0.010029046570303235,-0.8854902070383179,-1.1145633713996304,-0.05429947136009668,-0.18469878838771403,49,0.14285714285714285,0.6472378133851072,-312.932281999629,0.5972972972972973,0.5932432432432433,0.7324324324324324,0.5956081081081082,0.6230574324324325,False
GBPUSD1440_comma,daily,50,400,long_short,none,0.0,-0.016805518905294248,-0.6318107536083291,-0.843864480195804,-0.05714627913819126,-0.29407896994754645,17,0.47058823529411764,0.555190094234284,-1280.7274539899536,0.8915540540540541,0.5381756756756757,0.4064189189189189,0.33614864864864863,0.6228716216216217,True
GBPUSD1440_comma,daily,40,50,long_short,combined,0.001,-0.01656488748642715,-0.8161324286326846,-1.105205544695757,-0.055643854717851216,-0.29769482309270956,190,0.3,0.7817753945434661,-115.31383821960782,0.6726351351351352,0.5672297297297297,0.41621621621621624,0.8577702702702703,0.6227702702702703,False
GBPUSD1440_comma,daily,30,200,long_short,fast_slope,0.0025,-0.016691890377540708,-0.7988904965405476,-1.0791794368487895,-0.05711400673390733,-0.29225563626288364,184,0.2717391304347826,0.7814586078510768,-116.655273721872,0.6918918918918919,0.5391891891891892,0.4125,0.856418918918919,0.622516891891892,False
GBPUSD1440_comma,daily,100,400,long_only,fast_slope,0.001,-0.0052631278073264065,-1.1945328059844575,-1.600578206210181,-0.029948101896277585,-0.17574161546380307,51,0.1568627450980392,0.6864000910103016,-159.0728727324964,0.26925675675675675,0.9111486486486486,0.9125,0.6952702702702702,0.6222804054054054,False
GBPUSD1440_comma,daily,100,300,long_only,fast_slope,0.001,-0.005963754313750402,-1.1636472332179537,-1.563236012402597,-0.03785126578322891,-0.15755759260216906,55,0.16363636363636364,0.7074495541622499,-166.9052913977359,0.3013513513513513,0.8516891891891892,0.8918918918918919,0.7347972972972973,0.6220608108108109,False
GBPUSD1440_comma,daily,20,200,long_only,none,0.0025,-0.009203890519694391,-0.9034013927745582,-1.1574167162982438,-0.046534854540177306,-0.19778487782201892,19,0.2631578947368421,0.555495760218265,-696.840959947633,0.5800675675675676,0.739527027027027,0.772972972972973,0.3364864864864865,0.6219763513513513,True
GBPUSD1440_comma,daily,50,500,long_short,price_slow,0.001,-0.017385731379320202,-0.6820708678987583,-0.9115414150960635,-0.05079136779697816,-0.34229697158017014,56,0.125,0.5434285340471656,-422.27326201711185,0.8280405405405405,0.6655405405405406,0.3891891891891892,0.30844594594594593,0.6217060810810812,False
GBPUSD1440_comma,daily,75,300,long_only,price_slow,0.005,-0.0061498698304772725,-1.1162132048851108,-1.4849798965731593,-0.03671274859560856,-0.167513195435683,26,0.19230769230769232,0.6515617430120322,-362.20208404104756,0.3435810810810811,0.8621621621621621,0.8861486486486486,0.6097972972972973,0.6216722972972973,False
GBPUSD1440_comma,daily,75,400,long_short,combined,0.005,-0.013498729865486392,-0.844509596867928,-1.1091178417706424,-0.05724560845461197,-0.2358037625923578,135,0.21481481481481482,0.7340793887054627,-129.62541423744577,0.647972972972973,0.5368243243243244,0.5483108108108108,0.7891891891891892,0.6214358108108109,False
GBPUSD1440_comma,daily,30,100,long_short,fast_slope,0.0,-0.01581433955128997,-0.7443902406366278,-1.0030672152653966,-0.06374806430178173,-0.24807560393403139,211,0.2843601895734597,0.7931441039174846,-96.91001311572262,0.7581081081081081,0.3929054054054054,0.4435810810810811,0.8733108108108109,0.6211824324324324,False
GBPUSD1440_comma,daily,75,150,long_only,combined,0.0,-0.006998073587954123,-1.0602062570610964,-1.433489481056023,-0.05050612060541983,-0.138558921256826,78,0.3333333333333333,0.7383382102978238,-136.52344517605727,0.4027027027027027,0.6726351351351352,0.8628378378378379,0.7942567567567568,0.6209459459459459,False
GBPUSD1440_comma,daily,10,300,long_short,price_slow,0.001,-0.01837745787576428,-0.666158842575908,-0.9118176975807737,-0.05998287045865792,-0.3063784332967293,92,0.18478260869565216,0.6522458295530449,-235.1762431138551,0.8442567567567567,0.4804054054054054,0.3564189189189189,0.6118243243243243,0.6208614864864865,False
GBPUSD1440_comma,daily,40,250,long_short,price_slow,0.0,-0.017676784288174097,-0.6797514538289707,-0.9139453352394967,-0.0610101211834209,-0.2897352758082645,89,0.12359550561797752,0.6673586922227394,-242.6065892037942,0.831081081081081,0.4577702702702703,0.38006756756756754,0.652027027027027,0.6206925675675675,False
GBPUSD1440_comma,daily,20,250,long_only,price_slow,0.005,-0.00822474342989421,-0.9951872358352037,-1.308546541725842,-0.0473577460407223,-0.1736726115052406,38,0.23684210526315788,0.6367686089811802,-311.9746014383929,0.47871621621621624,0.7260135135135135,0.8172297297297297,0.5614864864864865,0.6206587837837838,False
GBPUSD1440_comma,daily,40,400,long_short,none,0.001,-0.016826435880705426,-0.6347082713746859,-0.8477120002159706,-0.056713744236731096,-0.29669061895242765,17,0.4117647058823529,0.5507570862795625,-1243.3952251863736,0.8864864864864865,0.5459459459459459,0.40506756756756757,0.3236486486486487,0.620641891891892,True
GBPUSD1440_comma,daily,10,250,long_short,none,0.0,-0.020490029974807644,-0.6641989132488937,-0.9138261360469443,-0.0576912728015576,-0.35516689058478246,54,0.2222222222222222,0.645538658257253,-467.0524576641568,0.847972972972973,0.5304054054054054,0.2989864864864865,0.5881756756756756,0.6198141891891893,False
GBPUSD1440_comma,daily,100,300,long_short,price_slow,0.005,-0.014818833202609683,-0.7349918516980047,-0.989540606309469,-0.056919386712928864,-0.260347731386285,56,0.19642857142857142,0.624684886430214,-323.2222632324318,0.7682432432432432,0.5429054054054054,0.4888513513513513,0.5260135135135136,0.6196959459459459,False
GBPUSD1440_comma,daily,5,500,long_only,price_slow,0.0025,-0.006126366949466777,-0.9729881530566061,-1.2952474775276246,-0.03480293567375693,-0.17603017765212114,27,0.18518518518518517,0.43281483820088695,-390.675678399672,0.5047297297297297,0.8760135135135135,0.8868243243243243,0.14189189189189189,0.619543918918919,False
GBPUSD1440_comma,daily,75,100,long_only,fast_slope,0.005,-0.002676994576774172,-1.2992551513512838,-1.7552605691583072,-0.030027753102245456,-0.08915067896218942,27,0.4444444444444444,0.7831384251986312,-155.8067417929476,0.17229729729729729,0.9094594594594595,0.9702702702702702,0.8594594594594595,0.6192567567567567,False
GBPUSD1440_comma,daily,60,75,long_short,fast_slope,0.0025,-0.01412545248090391,-0.7774320807500112,-0.9846502331954636,-0.06145495160369443,-0.22985051834382608,110,0.34545454545454546,0.7315414158061564,-170.7776066134276,0.7155405405405405,0.4472972972972973,0.5182432432432432,0.7824324324324324,0.6190540540540541,False
GBPUSD1440_comma,daily,50,150,long_short,none,0.0,-0.018815219985905074,-0.6367923767796205,-0.8210575465142673,-0.06355872981814704,-0.29602888603562094,38,0.3684210526315789,0.6674246414912876,-577.3432534224281,0.8824324324324324,0.3966216216216216,0.3418918918918919,0.6523648648648649,0.6183614864864865,False
GBPUSD1440_comma,daily,75,400,long_only,none,0.001,-0.007291860977396203,-0.9160772638038363,-1.1923933602990395,-0.037207291708571184,-0.19597935357698792,7,0.42857142857142855,0.24681787093468666,-1581.6755104664633,0.5695945945945946,0.8574324324324324,0.8523648648648648,0.03513513513513514,0.6179391891891892,True
GBPUSD1440_comma,daily,30,400,long_only,none,0.005,-0.006249495398687799,-0.9561955818871997,-1.2520919497076457,-0.03738413634224301,-0.16716971448731976,11,0.45454545454545453,0.3979462143257316,-859.9640043275173,0.5236486486486487,0.8557432432432432,0.8824324324324324,0.11993243243243243,0.6178716216216217,True
GBPUSD1440_comma,daily,30,200,long_only,none,0.001,-0.009376368273903535,-0.8898283886573154,-1.1437599432079264,-0.04723493517988476,-0.1985049463537003,16,0.25,0.5391558567689335,-831.9960811039682,0.5932432432432433,0.7277027027027027,0.764527027027027,0.2989864864864865,0.6169763513513513,True
GBPUSD1440_comma,daily,50,250,long_short,slow_slope,0.0025,-0.015102592721033203,-0.699841752719194,-0.9417532285476145,-0.06343770945140047,-0.23806964109577877,84,0.2261904761904762,0.6725074441089111,-214.49912358698106,0.8070945945945946,0.3989864864864865,0.47297297297297297,0.6635135135135135,0.616706081081081,False
GBPUSD1440_comma,daily,10,300,long_short,price_slow,0.005,-0.017207783383503816,-0.665388841039444,-0.8996750516647115,-0.060459328466074005,-0.28461750767145466,58,0.22413793103448276,0.631061078486235,-349.70462480313114,0.8456081081081082,0.46993243243243243,0.3945945945945946,0.5462837837837838,0.6165878378378379,False
GBPUSD1440_comma,daily,75,500,long_only,fast_slope,0.0025,-0.00438722623409582,-1.2467437038833982,-1.6661394256366455,-0.034188522858294906,-0.12832453312709824,62,0.25806451612903225,0.743278927842829,-110.32068582966399,0.2206081081081081,0.8817567567567568,0.9371621621621622,0.802027027027027,0.616418918918919,False
GBPUSD1440_comma,daily,40,100,long_only,fast_slope,0.001,-0.010289842624662038,-1.030748802241895,-1.3003182162925395,-0.0448588315249374,-0.22938276087155385,99,0.3333333333333333,0.6888824576443251,-149.01127679112565,0.43986486486486487,0.7648648648648648,0.7212837837837838,0.6996621621621621,0.6163682432432432,False
GBPUSD1440_comma,daily,100,150,long_short,fast_slope,0.0025,-0.017001728568834973,-0.7832309473042758,-1.0278666761647814,-0.0539345453493673,-0.3152289216253571,97,0.27835051546391754,0.6801929982001966,-213.6933629612364,0.7081081081081081,0.6027027027027027,0.4006756756756757,0.6800675675675676,0.6160641891891891,False
GBPUSD1440_comma,daily,100,400,long_short,slow_slope,0.005,-0.016798079428609003,-0.713175320471664,-0.9518215871465725,-0.05222590105091233,-0.3216426924302067,65,0.2153846153846154,0.5752127648971826,-316.4192951158526,0.7925675675675675,0.6368243243243243,0.40709459459459457,0.3878378378378378,0.6158277027027027,False
GBPUSD1440_comma,daily,20,250,long_short,slow_slope,0.0,-0.017292770663880574,-0.7040050479063678,-0.9357611650251182,-0.05933587824824528,-0.29143869062714967,96,0.20833333333333334,0.6533635842465543,-216.92225532323707,0.8033783783783783,0.49527027027027026,0.3929054054054054,0.6138513513513514,0.6158277027027026,False
GBPUSD1440_comma,daily,5,250,long_only,slow_slope,0.001,-0.006536551472793639,-1.0485923674752,-1.3879100419054122,-0.04562532834984029,-0.14326585055286556,50,0.3,0.6369643411415346,-202.86274270314644,0.4189189189189189,0.7550675675675675,0.8756756756756757,0.5621621621621622,0.615793918918919,False
GBPUSD1440_comma,daily,10,500,long_only,price_slow,0.001,-0.006290239421790411,-0.9715396216278387,-1.294811202946442,-0.0402990020035459,-0.15608921087517091,28,0.14285714285714285,0.48425931456300547,-382.65011827696117,0.5070945945945946,0.8266891891891892,0.8820945945945946,0.1929054054054054,0.6148648648648648,False
GBPUSD1440_comma,daily,40,400,long_only,none,0.005,-0.0072092160833431285,-0.9529033912492655,-1.2186152785543531,-0.03771266370295108,-0.19116167821311958,9,0.4444444444444444,0.40752739540654875,-1196.487637337788,0.5277027027027027,0.8530405405405406,0.8547297297297297,0.1266891891891892,0.6142905405405406,True
GBPUSD1440_comma,daily,30,250,long_only,none,0.001,-0.009406727715640106,-0.9106282817754769,-1.1715642143969691,-0.04265162570978376,-0.22054792892647745,15,0.3333333333333333,0.5043952273497947,-939.4375978745593,0.5736486486486486,0.7932432432432432,0.7625,0.22567567567567567,0.6141216216216215,True
GBPUSD1440_comma,daily,100,300,long_only,fast_slope,0.0025,-0.005569139679160395,-1.1914025606791023,-1.5997409391478936,-0.03971430769637587,-0.14023005818803702,55,0.16363636363636364,0.7254862908926111,-155.725200497196,0.27364864864864863,0.8347972972972973,0.9013513513513514,0.7706081081081081,0.6140202702702704,False
GBPUSD1440_comma,daily,30,400,long_only,none,0.0025,-0.007329832083260324,-0.9449073351454761,-1.2067486643726482,-0.038583771670324465,-0.18997189144413895,10,0.5,0.39404444627159885,-1021.7976372446789,0.5375,0.845945945945946,0.85,0.11655405405405406,0.6139695945945947,True
GBPUSD1440_comma,daily,75,400,long_short,combined,0.0,-0.013982387801593665,-0.8392287714918737,-1.1025409744732133,-0.05844026058750355,-0.2392595046809829,144,0.2152777777777778,0.7413700791415171,-125.19922856177722,0.6523648648648649,0.5118243243243243,0.5246621621621622,0.797972972972973,0.6135304054054054,False
GBPUSD1440_comma,daily,10,500,long_only,price_slow,0.0025,-0.006377135819373714,-0.9790263908228776,-1.3054065900945764,-0.03926911816367179,-0.16239569711736634,25,0.16,0.48637529803961077,-422.4326378549828,0.4956081081081081,0.8388513513513514,0.8800675675675675,0.19695945945945945,0.6135135135135136,False
GBPUSD1440_comma,daily,5,100,long_only,slow_slope,0.0,-0.010255535210189182,-0.933386290237603,-1.1797411071588129,-0.055002870489061724,-0.18645454535374972,79,0.34177215189873417,0.687211231552405,-190.35182197263046,0.5496621621621621,0.5787162162162162,0.7216216216216216,0.6956081081081081,0.6132094594594594,False
GBPUSD1440_comma,daily,5,250,long_only,none,0.0,-0.009103255064783045,-0.925705855216587,-1.2121762055071745,-0.05046559503048272,-0.1803853706527072,34,0.17647058823529413,0.595103644925212,-405.7022975648625,0.5581081081081081,0.6736486486486486,0.7773648648648649,0.4391891891891892,0.6130067567567568,False
GBPUSD1440_comma,daily,75,200,long_short,combined,0.005,-0.013433325597825396,-0.7827955679643015,-1.0394811947354132,-0.06397230133171701,-0.20998659291885202,131,0.2900763358778626,0.7555016902718107,-134.3497675005763,0.7101351351351352,0.38513513513513514,0.552027027027027,0.8148648648648649,0.6129729729729729,False
GBPUSD1440_comma,daily,20,250,long_short,none,0.001,-0.020904926416780434,-0.6747099611310436,-0.9048833570634512,-0.05503720897813814,-0.3798326042493231,36,0.3055555555555556,0.618623765022394,-751.2767721307724,0.8351351351351352,0.5773648648648648,0.2881756756756757,0.5111486486486486,0.6127027027027028,False
GBPUSD1440_comma,daily,100,150,long_only,none,0.0,-0.011148898541746388,-0.8685915258070529,-1.0842512333134116,-0.04189024137378392,-0.26614548343766953,18,0.2777777777777778,0.4746389837282016,-914.0342587006021,0.6212837837837838,0.8060810810810811,0.6746621621621621,0.1847972972972973,0.6126858108108109,True
GBPUSD1440_comma,daily,5,500,long_only,none,0.001,-0.007055280428732713,-0.960545354898252,-1.2651737881487883,-0.03669950869678265,-0.1922445471143659,18,0.2222222222222222,0.3970305098566404,-661.3202610511884,0.5175675675675676,0.8625,0.8601351351351352,0.11925675675675676,0.6125675675675676,True
GBPUSD1440_comma,daily,5,150,long_short,slow_slope,0.005,-0.01877606589665537,-0.7189928195454884,-0.9524482747252152,-0.06033044303289116,-0.31122042127917027,123,0.23577235772357724,0.7099663652144365,-188.13642361350307,0.7851351351351351,0.4722972972972973,0.34324324324324323,0.7418918918918919,0.6120608108108108,False
GBPUSD1440_comma,daily,75,100,long_short,slow_slope,0.001,-0.018270448876728795,-0.7178086960742736,-0.9189107459283299,-0.061867801441710626,-0.2953143388155224,120,0.275,0.7267512068935104,-189.20160299542243,0.7861486486486486,0.43614864864864866,0.3614864864864865,0.7743243243243243,0.6119425675675675,False
GBPUSD1440_comma,daily,100,500,long_only,fast_slope,0.0,-0.005440507883955115,-1.2459266421101547,-1.6612617294992782,-0.027471189214824353,-0.1980441342167757,53,0.16981132075471697,0.708865340539611,-154.01490495768482,0.2222972972972973,0.9246621621621621,0.9047297297297298,0.7388513513513514,0.6118581081081081,False
GBPUSD1440_comma,daily,10,50,long_short,price_slow,0.005,-0.020051722734957367,-0.7662066075658428,-1.0424208598058844,-0.056175984905643676,-0.3569447472730093,149,0.2751677852348993,0.7302799083810617,-173.09242493081703,0.7324324324324324,0.5570945945945946,0.31148648648648647,0.7807432432432433,0.6116554054054054,False
GBPUSD1440_comma,daily,60,100,long_short,slow_slope,0.0025,-0.01609285572336605,-0.7070410500039601,-0.903776987011689,-0.06470405554123912,-0.2487147921216356,96,0.3229166666666667,0.7167366563545912,-206.8251666497629,0.7993243243243243,0.3662162162162162,0.43175675675675673,0.7560810810810811,0.6110472972972973,False
GBPUSD1440_comma,daily,75,500,long_short,none,0.001,-0.01610253925692484,-0.6328430918172369,-0.847913510298686,-0.056002979584426404,-0.2875300453014239,14,0.21428571428571427,0.48270148329034673,-1514.8064161840516,0.8902027027027027,0.5594594594594594,0.43074324324324326,0.19155405405405404,0.6108277027027028,True
GBPUSD1440_comma,daily,30,75,long_only,slow_slope,0.005,-0.008410813247457405,-1.0848022326981401,-1.4593975889104978,-0.045458384520915746,-0.1850222645634828,77,0.3246753246753247,0.7035873235444917,-152.8930374879994,0.37601351351351353,0.7570945945945946,0.8104729729729729,0.727027027027027,0.6108277027027027,False
GBPUSD1440_comma,daily,60,250,long_short,none,0.005,-0.016101117766551876,-0.6455893223583172,-0.8648943680034828,-0.061083076245098,-0.2635937604377614,26,0.3076923076923077,0.5846937843095662,-770.7263019256382,0.8719594594594594,0.4554054054054054,0.43108108108108106,0.4114864864864865,0.6105743243243243,False
GBPUSD1440_comma,daily,30,200,long_only,none,0.005,-0.009308899859802544,-0.9279459562643689,-1.183311851870794,-0.046627705735525195,-0.19964310302126198,17,0.23529411764705882,0.5568435413841077,-806.745589689931,0.5550675675675676,0.7375,0.7662162162162162,0.33918918918918917,0.6105236486486487,True
GBPUSD1440_comma,daily,10,75,long_only,slow_slope,0.005,-0.009654642295798932,-1.0510546044267246,-1.4087497143872498,-0.04215344965681349,-0.229035639417435,83,0.3373493975903614,0.658349264781971,-173.92328811047213,0.4158783783783784,0.7993243243243243,0.7516891891891891,0.6266891891891891,0.6105236486486486,False
GBPUSD1440_comma,daily,100,300,long_only,combined,0.0,-0.005123010864931277,-1.2574868221934086,-1.6884695751842094,-0.031008812229203597,-0.16521145108894264,64,0.21875,0.7268205910094651,-120.18135654664216,0.21216216216216216,0.9027027027027027,0.9172297297297297,0.775,0.6102364864864864,False
GBPUSD1440_comma,daily,75,150,long_short,slow_slope,0.0,-0.020953888356853856,-0.7302400171235431,-0.9692760019345612,-0.05471577631237629,-0.38295880583374353,102,0.27450980392156865,0.6671065114462142,-246.99018708030127,0.772972972972973,0.5844594594594594,0.28378378378378377,0.65,0.6095608108108108,False
GBPUSD1440_comma,daily,10,500,long_only,price_slow,0.0,-0.006577025175210416,-0.9765620799995296,-1.2997617214994233,-0.04008237404257549,-0.16408771516937348,31,0.12903225806451613,0.47206838734679807,-361.17251722684455,0.49898648648648647,0.8307432432432432,0.875,0.1793918918918919,0.6091891891891893,False
GBPUSD1440_comma,daily,75,150,long_only,slow_slope,0.0,-0.009276899667671867,-0.980224604880293,-1.2986629833817198,-0.0468945146987861,-0.19782483574591736,46,0.2608695652173913,0.6137650703568495,-301.7464921119541,0.49527027027027026,0.7317567567567568,0.7675675675675676,0.4972972972972973,0.6091554054054055,False
GBPUSD1440_comma,daily,75,200,long_only,price_slow,0.005,-0.006934069174283852,-1.026919699523578,-1.3571972496664721,-0.04999639892248076,-0.13869137225333172,39,0.1794871794871795,0.6429910182781097,-270.67810527477656,0.44324324324324327,0.6841216216216216,0.8652027027027027,0.5807432432432432,0.6084797297297297,False
GBPUSD1440_comma,daily,10,100,long_only,slow_slope,0.005,-0.009131586384956925,-0.9777862046997264,-1.237447293993291,-0.053234073136703766,-0.17153649621187617,62,0.3387096774193548,0.6718154327438246,-217.38056809322492,0.4972972972972973,0.6192567567567567,0.775,0.6621621621621622,0.6080574324324325,False
GBPUSD1440_comma,daily,20,400,long_only,fast_slope,0.001,-0.004903852629524419,-1.2320896245500357,-1.6922752958078255,-0.04239680661928226,-0.11566561306280376,104,0.36538461538461536,0.7939936358676716,-72.87661917374928,0.23344594594594595,0.7956081081081081,0.922972972972973,0.8743243243243243,0.6080236486486487,False
GBPUSD1440_comma,daily,10,75,long_short,price_slow,0.005,-0.01888149004155082,-0.7423451968841288,-0.9957137441878795,-0.058202693370848574,-0.32440921455720484,125,0.248,0.6915817242552204,-193.35781432615653,0.760472972972973,0.518918918918919,0.34121621621621623,0.7050675675675676,0.6079222972972974,False
GBPUSD1440_comma,daily,5,400,long_short,slow_slope,0.0,-0.01870161266403758,-0.7082673990594613,-0.9485103596753347,-0.05480954398815985,-0.341210878676122,93,0.21505376344086022,0.6129818982738763,-240.17746650969949,0.797972972972973,0.5831081081081081,0.34493243243243243,0.4929054054054054,0.6078885135135136,False
GBPUSD1440_comma,daily,100,250,long_only,fast_slope,0.0,-0.006636628280041967,-1.129536633564148,-1.5064020053983187,-0.044455381061227775,-0.1492874005714051,64,0.203125,0.6984590029753167,-158.21796572061442,0.3324324324324324,0.7699324324324325,0.8736486486486487,0.7175675675675676,0.6078209459459459,False
GBPUSD1440_comma,daily,5,300,long_only,price_slow,0.0025,-0.007901366975197721,-0.996358728532582,-1.3125325512405004,-0.0466270557710705,-0.1694588441095627,37,0.24324324324324326,0.5953702168745203,-338.42366858423236,0.4777027027027027,0.7378378378378379,0.8304054054054054,0.44054054054054054,0.6077027027027027,False
GBPUSD1440_comma,daily,50,250,long_short,price_slow,0.001,-0.018454032001501863,-0.7056763515098259,-0.9509383871309266,-0.0588420475439456,-0.31361981392166294,83,0.14457831325301204,0.6502187083283982,-258.6850145998439,0.8010135135135135,0.5016891891891891,0.3543918918918919,0.6057432432432432,0.6075675675675676,False
GBPUSD1440_comma,daily,75,200,long_only,none,0.005,-0.008758022547066369,-0.9255271993334057,-1.206107054728713,-0.040278900621049656,-0.21743449826158978,14,0.2857142857142857,0.4005698755232586,-939.5946378965751,0.558445945945946,0.827027027027027,0.7942567567567568,0.12162162162162163,0.6072297297297297,True
GBPUSD1440_comma,daily,100,400,long_only,fast_slope,0.0025,-0.0054524379837127546,-1.208522913232346,-1.6171782117298044,-0.03144226261990274,-0.1734111202373012,50,0.14,0.670935066667074,-167.85383684432858,0.25506756756756754,0.9003378378378378,0.904054054054054,0.6594594594594595,0.6068412162162162,False
GBPUSD1440_comma,daily,20,250,long_only,none,0.005,-0.007899377832559007,-0.9507420991283259,-1.2465549947940062,-0.04746356422580439,-0.16643035476599066,19,0.2631578947368421,0.5477051246802516,-599.4871279776822,0.5310810810810811,0.7226351351351351,0.8307432432432432,0.3168918918918919,0.6067736486486487,True
GBPUSD1440_comma,daily,10,100,long_only,slow_slope,0.0,-0.010852495489156011,-0.9426598843218378,-1.188578911046052,-0.05386801979471695,-0.20146453369760509,77,0.2987012987012987,0.6767152431743161,-205.91809966898404,0.5388513513513513,0.6043918918918919,0.691554054054054,0.6743243243243243,0.606097972972973,False
GBPUSD1440_comma,daily,5,400,long_short,slow_slope,0.0025,-0.01840518537029212,-0.7089963189837112,-0.9496742112048837,-0.054400482201917476,-0.33832761448653825,93,0.17204301075268819,0.6020685733369032,-237.03025305798985,0.7956081081081081,0.591554054054054,0.3560810810810811,0.4570945945945946,0.6059121621621621,False
GBPUSD1440_comma,daily,60,100,long_short,fast_slope,0.0,-0.01709866662481041,-0.7018644142134458,-0.8999967871648631,-0.06589245161756555,-0.2594935566223835,159,0.33962264150943394,0.7339988569631093,-136.21836721169555,0.8050675675675676,0.34324324324324323,0.39797297297297296,0.7888513513513513,0.6057601351351352,False
GBPUSD1440_comma,daily,60,100,long_short,none,0.005,-0.01608103029068153,-0.754150362819269,-0.954687641199578,-0.05777887940510095,-0.2783202176340899,50,0.4,0.6463934424346252,-423.64285480310247,0.7449324324324325,0.5283783783783784,0.43243243243243246,0.591554054054054,0.6052871621621622,False
GBPUSD1440_comma,daily,10,50,long_only,none,0.005,-0.011107254060814142,-0.993760213272827,-1.3565409985858734,-0.04730444159397818,-0.23480361857242782,64,0.296875,0.6633263103117477,-256.1904031136469,0.4804054054054054,0.7266891891891892,0.6766891891891892,0.6378378378378379,0.604847972972973,False
GBPUSD1440_comma,daily,75,100,long_only,none,0.0,-0.011286303703743727,-0.869962705774873,-1.1019523484738158,-0.050334882348113355,-0.22422429888061035,30,0.36666666666666664,0.5655461501817498,-554.3080792553246,0.6192567567567567,0.6756756756756757,0.6668918918918919,0.3638513513513513,0.6045777027027027,False
GBPUSD1440_comma,daily,20,50,long_short,none,0.001,-0.024451952493859785,-0.7138465498674839,-1.006030389036565,-0.05447877427264022,-0.4488344831601654,111,0.3153153153153153,0.6823900315774465,-289.9174647556214,0.7908783783783784,0.5891891891891892,0.19054054054054054,0.6844594594594594,0.6044256756756757,False
GBPUSD1440_comma,daily,40,150,long_short,slow_slope,0.0025,-0.020931936997516387,-0.7423002009979347,-0.9756552185984996,-0.055631744724895765,-0.3762588626516532,93,0.2903225806451613,0.6748673671404317,-261.64593779375855,0.7608108108108108,0.5679054054054054,0.2864864864864865,0.6706081081081081,0.6041891891891892,False
GBPUSD1440_comma,daily,50,250,long_short,slow_slope,0.0,-0.016059500596516618,-0.7006331296859398,-0.9426930480838589,-0.06389367028885454,-0.2513472856374319,92,0.21739130434782608,0.6673104415074808,-203.7121245987682,0.8060810810810811,0.3891891891891892,0.43344594594594593,0.6516891891891892,0.6041722972972974,False
GBPUSD1440_comma,daily,50,400,long_short,none,0.001,-0.017002717377236132,-0.6359295082942679,-0.8485805642647171,-0.0593491928459484,-0.2864860760848049,17,0.35294117647058826,0.5445891468628362,-1297.4638838735175,0.8841216216216217,0.4945945945945946,0.40033783783783783,0.31182432432432433,0.6041385135135136,True
GBPUSD1440_comma,daily,30,500,long_only,fast_slope,0.0,-0.004474290119396596,-1.21849435559049,-1.6674646153832677,-0.04308146937729594,-0.10385648827833527,76,0.27631578947368424,0.7542077774547721,-104.02994242495367,0.2456081081081081,0.7871621621621622,0.9344594594594594,0.8135135135135135,0.6039527027027027,False
GBPUSD1440_comma,daily,50,300,long_short,price_slow,0.001,-0.017317507260180443,-0.6953155405238234,-0.935034625241238,-0.06213364556314289,-0.27871384502268814,81,0.12345679012345678,0.6535350518863848,-254.07656332095272,0.8148648648648649,0.4287162162162162,0.3915540540540541,0.6141891891891892,0.6035641891891892,False
GBPUSD1440_comma,daily,60,150,long_short,slow_slope,0.0,-0.02107710844363586,-0.7360087159937152,-0.9748758633828425,-0.05515203674185094,-0.3821637366230203,102,0.2647058823529412,0.665501401661042,-241.0022405711835,0.7668918918918919,0.5760135135135135,0.28006756756756757,0.6452702702702703,0.6035641891891892,False
GBPUSD1440_comma,daily,100,500,long_only,none,0.0025,-0.007662059580330727,-0.9591004873745527,-1.2420180927162925,-0.03395545129077199,-0.22565035330315375,6,0.16666666666666666,0.26967245191475375,-2145.9105643734083,0.5212837837837838,0.8831081081081081,0.8405405405405405,0.04054054054054054,0.6034797297297297,True
GBPUSD1440_comma,daily,30,250,long_only,combined,0.001,-0.004485686037587033,-1.2411369386728728,-1.698513899950487,-0.042722830405886064,-0.10499505755988081,76,0.2631578947368421,0.7773484490898669,-91.94060034543996,0.22635135135135134,0.7925675675675675,0.9337837837837838,0.852027027027027,0.6032432432432432,False
GBPUSD1440_comma,daily,40,150,long_only,none,0.001,-0.01032906198719108,-0.8684505276885336,-1.087887098823285,-0.051209940098785045,-0.20170033331939274,19,0.2631578947368421,0.5438035820965352,-795.5659997456963,0.6216216216216216,0.6567567567567567,0.7179054054054054,0.30945945945945946,0.6028378378378378,True
GBPUSD1440_comma,daily,10,150,long_only,slow_slope,0.001,-0.010577427154164432,-0.9874350462751993,-1.3025565481972017,-0.04877031242771836,-0.21688249731516596,58,0.25862068965517243,0.6502871466650184,-272.24976388805055,0.4875,0.7013513513513514,0.706418918918919,0.606418918918919,0.6025844594594595,False
GBPUSD1440_comma,daily,75,200,long_only,price_slow,0.0025,-0.008093254444388687,-1.026684101457198,-1.3571514208787792,-0.04707391414243238,-0.17192652431452338,44,0.18181818181818182,0.6205781181534847,-277.63165947827457,0.4449324324324324,0.7300675675675675,0.8226351351351351,0.5168918918918919,0.6025506756756758,False
GBPUSD1440_comma,daily,75,400,long_short,none,0.005,-0.01609978274267565,-0.645394446487097,-0.8636480520048007,-0.05936143630548427,-0.27121619261069374,16,0.375,0.5349345055943193,-1287.374894548741,0.8729729729729729,0.49425675675675673,0.4314189189189189,0.28885135135135137,0.6023648648648648,True
GBPUSD1440_comma,daily,100,150,long_short,fast_slope,0.005,-0.015408848899498673,-0.8251626742082542,-1.0768827948229607,-0.052247722973753005,-0.29491905144343633,71,0.28169014084507044,0.6396470048066647,-268.419452423583,0.6638513513513513,0.6361486486486486,0.46013513513513515,0.5716216216216217,0.6023479729729729,False
GBPUSD1440_comma,daily,100,250,long_only,price_slow,0.005,-0.005819303316088709,-1.114663013356651,-1.4882571339946775,-0.04629855990140993,-0.12569080611752448,35,0.17142857142857143,0.6682563825334472,-255.22806376809194,0.34662162162162163,0.7445945945945946,0.8959459459459459,0.6554054054054054,0.6022972972972973,False
GBPUSD1440_comma,daily,30,500,long_only,fast_slope,0.005,-0.004326421358642918,-1.243553990321095,-1.7043422925133591,-0.041202475200806846,-0.10500391875870108,66,0.25757575757575757,0.747263985505612,-116.46534635233022,0.22466216216216217,0.8148648648648649,0.9391891891891891,0.8054054054054054,0.6022297297297298,False
GBPUSD1440_comma,daily,75,300,long_short,combined,0.0025,-0.013711714839413358,-0.8284893890165514,-1.09033024221301,-0.06168299170400986,-0.22229328475522037,130,0.27692307692307694,0.7390049013323439,-137.0822824937911,0.6611486486486486,0.44256756756756754,0.5364864864864864,0.7956081081081081,0.6017398648648649,False
GBPUSD1440_comma,daily,50,300,long_only,price_slow,0.0025,-0.006511264457673249,-1.0317348825073134,-1.370502292036924,-0.049845496724848004,-0.1306289411381747,33,0.21212121212121213,0.6253335458825708,-284.9115422144516,0.43817567567567567,0.6864864864864865,0.8760135135135135,0.5283783783783784,0.6013513513513514,False
GBPUSD1440_comma,daily,10,100,long_only,slow_slope,0.001,-0.010626110686058343,-0.9446851240271906,-1.1913227234097588,-0.054276889471810995,-0.19577597002085156,70,0.3142857142857143,0.6654836875414306,-222.0913578928852,0.5385135135135135,0.5939189189189189,0.7033783783783784,0.6449324324324325,0.6013006756756757,False
GBPUSD1440_comma,daily,60,200,long_short,slow_slope,0.005,-0.018284346555663356,-0.7245498774069019,-0.9810643249155734,-0.0596200907284082,-0.3066809582520662,85,0.27058823529411763,0.6640435753618058,-277.4236266826458,0.7780405405405405,0.4864864864864865,0.3597972972972973,0.6415540540540541,0.6010304054054054,False
GBPUSD1440_comma,daily,20,200,long_only,none,0.001,-0.009659780138720486,-0.8970835180493942,-1.148572871146311,-0.05046268364427736,-0.19142422560826167,19,0.21052631578947367,0.5454371311041064,-746.8781637048215,0.5871621621621622,0.6739864864864865,0.7513513513513513,0.31283783783783786,0.6005574324324324,True
GBPUSD1440_comma,daily,10,200,long_only,none,0.001,-0.00978629171085621,-0.9273806514886827,-1.2108204517098977,-0.05150091799456811,-0.1900216946014125,26,0.19230769230769232,0.5959510109584428,-567.5960142667668,0.5557432432432432,0.6496621621621622,0.7472972972972973,0.4418918918918919,0.6004560810810811,False
GBPUSD1440_comma,daily,10,150,long_only,slow_slope,0.0,-0.010622352904482102,-0.9876430500411434,-1.3027044809672506,-0.049322751711516725,-0.2153641582410296,59,0.2542372881355932,0.6505416078190074,-268.6740708788884,0.4871621621621622,0.6945945945945946,0.7037162162162162,0.6070945945945946,0.600320945945946,False
GBPUSD1440_comma,daily,30,250,long_short,slow_slope,0.0,-0.016759329874030948,-0.6954974722042319,-0.9263753016664544,-0.06331565150057485,-0.2646948973411225,94,0.24468085106382978,0.6546862772911417,-221.36538626635198,0.8141891891891891,0.40135135135135136,0.40878378378378377,0.6168918918918919,0.600304054054054,False
GBPUSD1440_comma,daily,100,500,long_only,price_slow,0.0025,-0.00487632378357572,-1.0511859511453427,-1.397714730386255,-0.0330088677204108,-0.14772769017340392,25,0.12,0.46992340228354035,-373.3096770255242,0.4152027027027027,0.8905405405405405,0.9239864864864865,0.17736486486486486,0.6001182432432433,False
GBPUSD1440_comma,daily,75,150,long_only,combined,0.001,-0.007211361567187269,-1.076218753689619,-1.4537557546865063,-0.05210572887501198,-0.1383986314534711,76,0.34210526315789475,0.7213301114509051,-144.1584035411237,0.3864864864864865,0.6391891891891892,0.8543918918918919,0.7628378378378379,0.5996959459459459,False
GBPUSD1440_comma,daily,100,300,long_only,price_slow,0.0,-0.005870294516589825,-1.0784094869298684,-1.4426079558998532,-0.04832723692354317,-0.12146969059863721,35,0.2,0.6477470408474735,-267.9842205836083,0.38344594594594594,0.710472972972973,0.8942567567567568,0.5986486486486486,0.5996452702702704,False
GBPUSD1440_comma,daily,50,200,long_only,price_slow,0.0025,-0.009017276943754315,-0.9932543844800397,-1.317123216411778,-0.050465964071967045,-0.1786803662542782,43,0.16279069767441862,0.6327187047111669,-309.70747824121077,0.48074324324324325,0.6733108108108108,0.7827702702702702,0.547972972972973,0.599375,False
GBPUSD1440_comma,daily,50,150,long_only,none,0.001,-0.011259430699793183,-0.874185831097128,-1.080699016398941,-0.04767835404796359,-0.23615393032373544,18,0.3333333333333333,0.5259097356955057,-874.995075191626,0.6128378378378379,0.7199324324324324,0.6695945945945946,0.2668918918918919,0.5990709459459459,True
GBPUSD1440_comma,daily,10,50,long_short,price_slow,0.0025,-0.02172530248008908,-0.7536782993459461,-1.035845944590771,-0.058062813371622446,-0.3741689597615516,185,0.2918918918918919,0.7334360405330874,-150.85731647194268,0.745945945945946,0.5226351351351352,0.2594594594594595,0.7875,0.5990540540540541,False
GBPUSD1440_comma,daily,100,300,long_only,combined,0.001,-0.005263258927885817,-1.272709011735997,-1.703496563161652,-0.03237384298020694,-0.16257751454171576,62,0.20967741935483872,0.7177485545892538,-131.42259304230095,0.19763513513513514,0.8952702702702703,0.9121621621621622,0.7564189189189189,0.5987668918918919,False
GBPUSD1440_comma,daily,75,400,long_short,combined,0.001,-0.014419219362296842,-0.8479789146151011,-1.112932656669501,-0.05960426390337958,-0.24191590362848636,143,0.21678321678321677,0.735274037868687,-130.45454088754454,0.6415540540540541,0.4868243243243243,0.5047297297297297,0.7908783783783784,0.5979054054054055,False
GBPUSD1440_comma,daily,60,400,long_only,none,0.0,-0.00796300810890005,-0.9375780681762689,-1.2043622380395225,-0.040981539153329534,-0.1943071996175404,7,0.42857142857142855,0.3168270871403368,-1720.9081340171929,0.5456081081081081,0.8172297297297297,0.8283783783783784,0.06418918918918919,0.5978547297297298,True
GBPUSD1440_comma,daily,10,500,long_only,none,0.0,-0.007259357826639112,-0.959712891180918,-1.258717279523255,-0.041721125672452494,-0.17399717072907983,16,0.25,0.39373157173920936,-760.5785050651299,0.518918918918919,0.8077702702702703,0.8537162162162162,0.11621621621621622,0.5976858108108107,True
GBPUSD1440_comma,daily,40,75,long_only,fast_slope,0.0025,-0.011285996077269211,-1.059176641576079,-1.354440154057348,-0.04261154331756473,-0.2648577169139297,94,0.3723404255319149,0.6841743395933656,-174.70403058644723,0.40506756756756757,0.793581081081081,0.6672297297297297,0.6881756756756757,0.5970945945945946,False
GBPUSD1440_comma,daily,100,500,long_only,none,0.0,-0.008176123652803735,-0.953782674404774,-1.232000436838076,-0.034912159456425104,-0.2341912898000078,6,0.16666666666666666,0.21695892585822804,-2259.235984229685,0.5263513513513514,0.8743243243243243,0.8192567567567568,0.02702702702702703,0.5970270270270269,True
GBPUSD1440_comma,daily,10,300,long_only,none,0.001,-0.008627395569043239,-0.9744287522431273,-1.28026747129873,-0.046103451284290664,-0.18713123049820235,26,0.19230769230769232,0.5507990808382794,-505.1848121503855,0.5030405405405406,0.7483108108108109,0.8003378378378379,0.32432432432432434,0.5970101351351351,False
GBPUSD1440_comma,daily,60,75,long_only,slow_slope,0.001,-0.010603658795515503,-0.9692278111959115,-1.2218549425929348,-0.05300011483862463,-0.2000686003757095,69,0.34782608695652173,0.6637676451154525,-225.47934809124368,0.5091216216216217,0.6246621621621622,0.7047297297297297,0.6398648648648648,0.5967398648648649,False
GBPUSD1440_comma,daily,60,150,long_only,fast_slope,0.0,-0.009055345040181573,-0.988595786549839,-1.2579795929826012,-0.05573080270548399,-0.16248366433972994,78,0.32051282051282054,0.6883405122307498,-172.7241496558349,0.4851351351351351,0.5652027027027027,0.7797297297297298,0.6983108108108108,0.5960472972972973,False
GBPUSD1440_comma,daily,75,100,long_only,none,0.005,-0.003364502986684559,-1.3000523054373627,-1.7624886337801846,-0.03674311250230093,-0.0915682629356418,24,0.4583333333333333,0.74365172152444,-219.16965086922718,0.17162162162162162,0.8614864864864865,0.9577702702702703,0.8030405405405405,0.5960304054054054,False
GBPUSD1440_comma,daily,100,250,long_short,none,0.0025,-0.017888555417739038,-0.6568062819126653,-0.8886743185212257,-0.05839979682510598,-0.3063119461067847,25,0.32,0.5532433265798999,-922.6826859767124,0.8570945945945946,0.5131756756756757,0.3733108108108108,0.33175675675675675,0.5955574324324324,False
GBPUSD1440_comma,daily,50,300,long_short,price_slow,0.0025,-0.01586090502210169,-0.6821073443058586,-0.9162002214280884,-0.0661679536986669,-0.2397067482898635,75,0.14666666666666667,0.6531000122158049,-257.44288625025024,0.8277027027027027,0.3364864864864865,0.4412162162162162,0.6131756756756757,0.5954222972972973,False
GBPUSD1440_comma,daily,40,500,long_short,price_slow,0.005,-0.01851322304058234,-0.7027823614664314,-0.9342902527670591,-0.05138355525287733,-0.36029470809234543,46,0.15217391304347827,0.5255727435432922,-509.99595436101725,0.8040540540540541,0.654054054054054,0.3516891891891892,0.2662162162162162,0.5954054054054054,False
GBPUSD1440_comma,daily,50,500,long_short,price_slow,0.0025,-0.018375736546661692,-0.6979931657587998,-0.9302931266429556,-0.05158930815724633,-0.3561927306846545,54,0.12962962962962962,0.5181902310144411,-458.76133599957257,0.8111486486486487,0.6476351351351352,0.3570945945945946,0.2472972972972973,0.5948817567567568,False
GBPUSD1440_comma,daily,5,150,long_only,slow_slope,0.0,-0.010617369803996524,-0.987962346592901,-1.3040226002874906,-0.04915409503997822,-0.21600173485771956,62,0.20967741935483872,0.638254514379977,-255.5641084478927,0.4864864864864865,0.6966216216216217,0.7040540540540541,0.566554054054054,0.5945439189189189,False
GBPUSD1440_comma,daily,50,250,long_only,none,0.0,-0.010601703430146325,-0.9006513397768197,-1.1724639572280022,-0.042219375572585684,-0.25110990597005256,14,0.35714285714285715,0.4298063950652684,-1072.5171905207173,0.5831081081081081,0.7976351351351352,0.7054054054054054,0.13716216216216215,0.5943074324324324,True
GBPUSD1440_comma,daily,30,250,long_only,combined,0.0025,-0.004416181696915711,-1.2465611883685548,-1.7046025051359213,-0.045357271863523396,-0.09736435891037865,76,0.2631578947368421,0.7818346411437929,-87.35928544621126,0.22094594594594594,0.7584459459459459,0.9364864864864865,0.8581081081081081,0.5940033783783784,False
GBPUSD1440_comma,daily,10,75,long_only,none,0.005,-0.010785791585295135,-1.010327998631115,-1.3455345077336687,-0.04370841132706262,-0.2467669553255296,54,0.2962962962962963,0.6121208535732569,-298.6408271302125,0.4631756756756757,0.7810810810810811,0.6949324324324324,0.48986486486486486,0.5930067567567567,False
GBPUSD1440_comma,daily,75,150,long_only,combined,0.005,-0.006568711348392431,-1.1156408785952092,-1.4949042213747172,-0.049566254776250644,-0.13252385878345174,66,0.3181818181818182,0.6964152335313938,-151.92998867974126,0.3456081081081081,0.6902027027027027,0.8753378378378378,0.7141891891891892,0.5929898648648649,False
GBPUSD1440_comma,daily,75,300,long_only,combined,0.0,-0.00540769942864916,-1.2441197003065863,-1.669631602368808,-0.04125427160929025,-0.13108216962025754,69,0.2898550724637681,0.7331152422995919,-121.20527415262868,0.22432432432432434,0.8145270270270271,0.9064189189189189,0.7864864864864864,0.5926182432432433,False
GBPUSD1440_comma,daily,10,50,long_short,price_slow,0.001,-0.022994408426414426,-0.7459222605384175,-1.032284247575423,-0.05826761110279544,-0.3946344803092716,211,0.23696682464454977,0.7257525233498863,-140.87958266947507,0.7567567567567568,0.5179054054054054,0.22364864864864864,0.7712837837837838,0.5926013513513514,False
GBPUSD1440_comma,daily,100,200,long_only,none,0.005,-0.008550839055205595,-0.9521372123630429,-1.237521952151501,-0.04208306241178855,-0.20318956285867362,14,0.2857142857142857,0.4098385576964103,-918.7738181913217,0.529054054054054,0.8010135135135135,0.8043918918918919,0.12736486486486487,0.5918581081081081,True
GBPUSD1440_comma,daily,50,250,long_short,none,0.0025,-0.017101456777920854,-0.6418555630815098,-0.8690093825678958,-0.06427865545719882,-0.2660518745496814,31,0.25806451612903225,0.5982296837952861,-686.6053034528106,0.8756756756756757,0.3783783783783784,0.3972972972972973,0.4489864864864865,0.5916722972972973,False
GBPUSD1440_comma,daily,5,250,long_only,slow_slope,0.0,-0.007022475553884688,-1.0583353490774439,-1.400212927176883,-0.046889148156057846,-0.1497676078591208,50,0.3,0.6129567332498559,-216.9045032275499,0.40574324324324323,0.7320945945945946,0.8618243243243243,0.4925675675675676,0.5915709459459461,False
GBPUSD1440_comma,daily,5,400,long_only,price_slow,0.005,-0.00729401109502037,-1.0034756494390886,-1.334180193025452,-0.041491075869016715,-0.17579710678139204,24,0.20833333333333334,0.49440610771507604,-463.20272963559177,0.46959459459459457,0.8104729729729729,0.8516891891891892,0.20506756756756755,0.591554054054054,False
GBPUSD1440_comma,daily,75,100,long_only,slow_slope,0.005,-0.0031078365823388188,-1.3023078195298308,-1.7695123096748546,-0.037808915568523685,-0.08219851153113011,26,0.38461538461538464,0.7322172612197988,-187.23559576830334,0.16959459459459458,0.8527027027027027,0.9635135135135136,0.7841216216216216,0.5913344594594595,False
GBPUSD1440_comma,daily,75,400,long_only,none,0.0,-0.00829339334494239,-0.9318470230342453,-1.2131515326645934,-0.04128742140654957,-0.200869733744786,7,0.5714285714285714,0.21306754329776956,-1785.621235104635,0.552027027027027,0.8128378378378378,0.8138513513513513,0.026351351351351353,0.5907432432432431,True
GBPUSD1440_comma,daily,100,300,long_only,price_slow,0.005,-0.005402476334472328,-1.1557657865141997,-1.5460179902360323,-0.040165677384554344,-0.13450479828207362,21,0.23809523809523808,0.6227107068831307,-396.1371505900315,0.3087837837837838,0.8297297297297297,0.9070945945945946,0.5212837837837838,0.5905574324324324,False
GBPUSD1440_comma,daily,5,300,long_short,slow_slope,0.0025,-0.017643946953640355,-0.6976516639965147,-0.9401072363783531,-0.06298869364525196,-0.2801129207887667,107,0.29906542056074764,0.6398993694066908,-200.27036853194693,0.8114864864864865,0.41114864864864864,0.3820945945945946,0.5722972972972973,0.5896452702702702,False
GBPUSD1440_comma,daily,100,250,long_only,none,0.001,-0.010861596715605382,-0.9307192909344919,-1.2103530756744214,-0.03743552771576481,-0.29014140786457665,14,0.35714285714285715,0.37962930321023514,-1147.3269264619812,0.5530405405405405,0.8550675675675675,0.6912162162162162,0.10844594594594595,0.5894932432432433,True
GBPUSD1440_comma,daily,100,150,long_only,slow_slope,0.001,-0.0091316536617011,-1.0111755105568314,-1.3328113834157593,-0.04529311320485478,-0.2016124089417266,42,0.2857142857142857,0.5801504354994543,-325.65918634426043,0.46216216216216216,0.7587837837837837,0.7746621621621622,0.3993243243243243,0.589391891891892,False
GBPUSD1440_comma,daily,5,250,long_only,none,0.001,-0.009424505123013072,-0.9389986374495192,-1.2281423281272266,-0.052957013838966616,-0.17796519176234915,35,0.2,0.5872665806051892,-406.88244211463586,0.5432432432432432,0.6263513513513513,0.7614864864864865,0.4189189189189189,0.5890202702702703,False
GBPUSD1440_comma,daily,30,75,long_only,none,0.005,-0.010417861086333913,-1.0633403693068448,-1.4309737741030897,-0.041417217452537486,-0.2515345483619795,43,0.3488372093023256,0.6340429186838319,-339.3672340784708,0.40033783783783783,0.8108108108108109,0.7155405405405405,0.5523648648648649,0.5888006756756757,False
GBPUSD1440_comma,daily,50,100,long_only,slow_slope,0.0,-0.00994092331140961,-0.9314093850846455,-1.1743760628842583,-0.05765866273444943,-0.17240988326755258,57,0.22807017543859648,0.6428022996119032,-256.20610739493304,0.5527027027027027,0.5310810810810811,0.7375,0.5800675675675676,0.5883614864864866,False
GBPUSD1440_comma,daily,100,400,long_short,fast_slope,0.0,-0.016806928409744515,-0.8127683680971864,-1.0641718310843216,-0.05619810403535333,-0.29906575494382415,102,0.20588235294117646,0.6671512440821372,-208.9564063995804,0.6756756756756757,0.5567567567567567,0.4060810810810811,0.6503378378378378,0.5882263513513514,False
GBPUSD1440_comma,daily,75,500,long_only,price_slow,0.0,-0.0061961588803135514,-1.0336465870183897,-1.369181610499299,-0.03671442757809382,-0.16876632128157099,27,0.18518518518518517,0.4327735495772092,-416.35798190459184,0.43682432432432433,0.8618243243243243,0.8834459459459459,0.14155405405405405,0.5881081081081081,False
GBPUSD1440_comma,daily,100,300,long_short,price_slow,0.0025,-0.015830357431442343,-0.7336176925311753,-0.9869251160562671,-0.0617330944960649,-0.2564322679863623,69,0.15942028985507245,0.628007832387389,-283.4226256074768,0.7702702702702703,0.4408783783783784,0.4429054054054054,0.5388513513513513,0.5877364864864865,False
GBPUSD1440_comma,daily,75,100,long_short,slow_slope,0.0,-0.0206452235112925,-0.716441162316188,-0.9240926639571391,-0.06354919481339381,-0.3248699463764292,137,0.2773722627737226,0.7183525664002491,-178.7925575106321,0.7891891891891892,0.3972972972972973,0.2945945945945946,0.7584459459459459,0.5876858108108108,False
GBPUSD1440_comma,daily,75,150,long_only,slow_slope,0.001,-0.009497451361465847,-1.0011424249129854,-1.326502986577317,-0.048617659186003664,-0.19534982803532486,45,0.28888888888888886,0.6069963140499769,-315.2712902419181,0.4722972972972973,0.7040540540540541,0.7574324324324324,0.47466216216216217,0.5876182432432433,False
GBPUSD1440_comma,daily,40,150,long_short,price_slow,0.005,-0.01837336128152456,-0.7132640192902521,-0.9042175104905619,-0.06392180208033185,-0.2874349702850113,78,0.24358974358974358,0.6811733635272031,-297.66166890321136,0.7922297297297297,0.38682432432432434,0.35743243243243245,0.6831081081081081,0.5875506756756756,False
GBPUSD1440_comma,daily,75,200,long_short,combined,0.001,-0.01585715220895889,-0.8060988734267158,-1.071482024478335,-0.06239469173466811,-0.254142648486686,148,0.2702702702702703,0.7433002062859673,-138.695508570743,0.6831081081081081,0.4222972972972973,0.4418918918918919,0.8023648648648649,0.5875506756756756,False
GBPUSD1440_comma,daily,20,100,long_short,fast_slope,0.0,-0.020402604800024093,-0.8037760119553115,-1.046137883300135,-0.05827963777029401,-0.35008118753997475,263,0.34980988593155893,0.7552863826307553,-100.4727410235875,0.6858108108108109,0.5172297297297297,0.3027027027027027,0.8145270270270271,0.5863513513513514,False
GBPUSD1440_comma,daily,30,50,long_only,price_slow,0.0,-0.01240368727866381,-1.0388444924812346,-1.4044400018253622,-0.04390277465838245,-0.28252627254609175,107,0.2803738317757009,0.671217344793893,-177.9272234549817,0.43074324324324326,0.7780405405405405,0.6016891891891892,0.6611486486486486,0.5863175675675676,False
GBPUSD1440_comma,daily,40,50,long_short,price_slow,0.001,-0.01827603095650787,-0.8305969677435278,-1.1268320975638952,-0.05913571573252631,-0.30905233377357333,195,0.28205128205128205,0.7657406077430405,-122.92526139094646,0.6594594594594595,0.4966216216216216,0.360472972972973,0.835472972972973,0.5853547297297298,False
GBPUSD1440_comma,daily,40,150,long_short,slow_slope,0.005,-0.021331532658395935,-0.7680651231179152,-1.0031911317543547,-0.05441303939545528,-0.39202979461164966,82,0.2804878048780488,0.6515204210987817,-311.74160240008143,0.7280405405405406,0.5912162162162162,0.2733108108108108,0.6094594594594595,0.5851013513513514,False
GBPUSD1440_comma,daily,5,300,long_only,none,0.0025,-0.008821077288109103,-1.0032034505770115,-1.3102470982995333,-0.046639718261364455,-0.18913230218666077,31,0.2903225806451613,0.565578797144566,-445.57656567773427,0.46993243243243243,0.7368243243243243,0.7912162162162162,0.3641891891891892,0.5850506756756757,False
GBPUSD1440_comma,daily,5,75,long_short,slow_slope,0.0,-0.018460386005111684,-0.6840551964713061,-0.893559255043286,-0.07086361569056895,-0.26050584386944464,211,0.3175355450236967,0.7797536589780573,-112.32831955338408,0.8263513513513514,0.2168918918918919,0.35405405405405405,0.8550675675675675,0.5838344594594596,False
GBPUSD1440_comma,daily,40,250,long_short,none,0.0,-0.019175248431557046,-0.6482281339849105,-0.8802674612173498,-0.062284362202454154,-0.30786617625188584,32,0.28125,0.5877379736988418,-779.5186580978249,0.8682432432432432,0.42533783783783785,0.33547297297297296,0.4192567567567568,0.5836148648648649,False
GBPUSD1440_comma,daily,30,400,long_only,combined,0.0,-0.004578476845046198,-1.280591999695177,-1.7760776749547051,-0.04375717059784823,-0.10463374990866858,77,0.24675324675324675,0.7717356731130927,-91.98802376483653,0.1891891891891892,0.7804054054054054,0.9314189189189189,0.8425675675675676,0.5834459459459459,False
GBPUSD1440_comma,daily,50,150,long_short,slow_slope,0.005,-0.019901637353352375,-0.7537691157339553,-0.9798107868733005,-0.056587431047690324,-0.35169713459124563,76,0.2631578947368421,0.6376816323057988,-314.390380250979,0.7452702702702703,0.5489864864864865,0.31486486486486487,0.5641891891891891,0.5829560810810811,False
GBPUSD1440_comma,daily,100,500,long_only,price_slow,0.0,-0.0058719627345065195,-1.0596189126776936,-1.4038169585057292,-0.03501484000542598,-0.16769925933108898,25,0.16,0.45127093709777594,-431.0516949961568,0.4043918918918919,0.8736486486486487,0.893918918918919,0.15844594594594594,0.5827195945945945,False
GBPUSD1440_comma,daily,40,50,long_only,slow_slope,0.0,-0.012871541235269346,-1.028949143622254,-1.3815194527010861,-0.04677071806334359,-0.27520512338161807,117,0.3247863247863248,0.6962639722889267,-163.44035862517288,0.44155405405405407,0.7351351351351352,0.575,0.7138513513513514,0.5824831081081081,False
GBPUSD1440_comma,daily,75,100,long_only,price_slow,0.005,-0.003204154443055107,-1.33938986094227,-1.816462150397972,-0.04074897728961132,-0.07863153031504388,30,0.4,0.7768532506129182,-167.179564842459,0.14222972972972972,0.8206081081081081,0.9614864864864865,0.8506756756756757,0.5819425675675676,False
GBPUSD1440_comma,daily,100,500,long_only,price_slow,0.005,-0.005522616293067939,-1.0791445431492823,-1.4335052127477097,-0.033051952952643654,-0.16708895540849467,25,0.16,0.4634440622419778,-410.89025544108773,0.3824324324324324,0.8898648648648648,0.9027027027027027,0.17162162162162162,0.581722972972973,False
GBPUSD1440_comma,daily,50,250,long_short,slow_slope,0.001,-0.016938056348352548,-0.717067959630072,-0.9615739130414466,-0.0640971369423696,-0.26425605192914825,90,0.2222222222222222,0.6475281261652003,-220.7000607658441,0.7881756756756757,0.3841216216216216,0.4023648648648649,0.5972972972972973,0.5813682432432433,False
GBPUSD1440_comma,daily,30,50,long_short,fast_slope,0.0,-0.021633630488883338,-0.7686130892354092,-1.0646660027538486,-0.060754702651702824,-0.3560815796088337,239,0.28451882845188287,0.7551110607537439,-121.79591795003647,0.7263513513513513,0.4635135135135135,0.26182432432432434,0.8141891891891891,0.5809121621621621,False
GBPUSD1440_comma,daily,5,300,long_only,slow_slope,0.001,-0.005966685410676464,-1.0556578921390223,-1.405562157372902,-0.051483809306412255,-0.11589440430029174,50,0.32,0.6179174739265199,-183.70858333240307,0.4097972972972973,0.65,0.8915540540540541,0.5077702702702702,0.5808952702702703,False
GBPUSD1440_comma,daily,50,100,long_only,fast_slope,0.005,-0.007878507562563142,-1.118605309202251,-1.4988905990245154,-0.04820943919981786,-0.16342251005883734,74,0.3108108108108108,0.6723130248574302,-157.9668160531309,0.34087837837837837,0.7121621621621622,0.8324324324324325,0.6631756756756757,0.5803547297297298,False
GBPUSD1440_comma,daily,60,500,long_only,price_slow,0.0025,-0.00697098727185419,-1.0362456270355682,-1.3665455812285263,-0.036913433706105135,-0.18884689317594572,26,0.15384615384615385,0.40786395159240185,-474.79628708788835,0.43344594594594593,0.8601351351351352,0.8641891891891892,0.12702702702702703,0.580304054054054,False
GBPUSD1440_comma,daily,50,75,long_only,price_slow,0.005,-0.006363263651861462,-1.228009577103635,-1.6617849665842277,-0.03797281406092273,-0.16757419246444005,51,0.39215686274509803,0.6654157796903774,-190.75661498242755,0.23716216216216215,0.85,0.8807432432432433,0.643918918918919,0.5801013513513513,False
GBPUSD1440_comma,daily,100,300,long_short,slow_slope,0.001,-0.016804269461348276,-0.7237575765429062,-0.9765796355226452,-0.061613993956828164,-0.27273462377918123,86,0.27906976744186046,0.6164119415152042,-261.2057594692461,0.7804054054054054,0.44324324324324327,0.40675675675675677,0.504054054054054,0.5799324324324324,False
GBPUSD1440_comma,daily,100,500,long_only,none,0.005,-0.008088463491579767,-0.9820500678674998,-1.272191913498471,-0.03733209052465564,-0.21666248468560356,6,0.16666666666666666,0.22450689160055862,-2212.0631025954176,0.49155405405405406,0.8567567567567568,0.8233108108108108,0.029054054054054056,0.5798310810810812,True
GBPUSD1440_comma,daily,100,250,long_short,combined,0.0,-0.014289239496703576,-0.8160401073253585,-1.0737247278048787,-0.06424190374395017,-0.22242864336113688,123,0.24390243902439024,0.7160218108364212,-149.44709088002278,0.672972972972973,0.38006756756756754,0.510472972972973,0.7550675675675675,0.5795608108108108,False
GBPUSD1440_comma,daily,5,250,long_short,none,0.005,-0.019265901888662174,-0.6920919128860185,-0.920826520975271,-0.06339338956625669,-0.30391026604636884,73,0.2054794520547945,0.6387031497069102,-301.258773038299,0.8182432432432433,0.39966216216216216,0.3324324324324324,0.5682432432432433,0.5789358108108108,False
GBPUSD1440_comma,daily,5,250,long_only,slow_slope,0.0025,-0.0070133431210887,-1.0726594979981101,-1.4138539745646144,-0.048697034933944824,-0.14401992093773186,53,0.22641509433962265,0.6136067726263836,-212.41077233270587,0.39054054054054055,0.702027027027027,0.8625,0.4966216216216216,0.5787162162162163,False
GBPUSD1440_comma,daily,100,200,long_only,price_slow,0.005,-0.007048185484660352,-1.0853942163510006,-1.4286179510534391,-0.05147909382645526,-0.13691354996303895,36,0.25,0.6581176611022955,-297.80824229785014,0.375,0.6503378378378378,0.8608108108108108,0.6260135135135135,0.5786486486486486,False
GBPUSD1440_comma,daily,30,50,long_only,fast_slope,0.001,-0.011669646016553514,-1.0713754435962708,-1.467399986454687,-0.046434601651787116,-0.2513135808521443,116,0.25862068965517243,0.6955926853766219,-150.80677641101832,0.3939189189189189,0.7422297297297298,0.6402027027027027,0.7118243243243243,0.5779391891891893,False
GBPUSD1440_comma,daily,20,400,long_short,slow_slope,0.005,-0.019211168544258417,-0.7342417709606767,-0.9696439928205866,-0.0556154905642087,-0.3454283752487791,80,0.2125,0.5828026932644927,-298.0649132816967,0.7695945945945946,0.5682432432432433,0.3331081081081081,0.4064189189189189,0.5774831081081082,False
GBPUSD1440_comma,daily,30,500,long_only,none,0.001,-0.007634815170501685,-0.9688883762658901,-1.2572407386312905,-0.041593430470758766,-0.18355819859266365,9,0.3333333333333333,0.14958828004696703,-1722.2105713550802,0.5101351351351351,0.8091216216216216,0.8412162162162162,0.016554054054054055,0.5770608108108108,True
GBPUSD1440_comma,daily,60,100,long_only,price_slow,0.0025,-0.009386376064471902,-1.0174937632867163,-1.2777249571930034,-0.05253632010889345,-0.1786645133312822,56,0.32142857142857145,0.6356315227037531,-250.4140121164593,0.4540540540540541,0.6324324324324324,0.7638513513513514,0.5594594594594594,0.5764189189189189,False
GBPUSD1440_comma,daily,75,200,long_only,none,0.0025,-0.010003979626988402,-0.915106004458656,-1.1918272714593003,-0.04549777204153935,-0.21987845070424095,14,0.35714285714285715,0.33832314016679527,-1063.4357406066379,0.5706081081081081,0.7567567567567568,0.7337837837837838,0.08108108108108109,0.5763513513513514,True
GBPUSD1440_comma,daily,20,300,long_only,price_slow,0.0,-0.008303898665770082,-1.0147391711576854,-1.3338985204422686,-0.04897328851898104,-0.16955975220148145,36,0.19444444444444445,0.5696463582773333,-355.97705668420605,0.45675675675675675,0.6993243243243243,0.8131756756756757,0.37263513513513513,0.5760641891891892,False
GBPUSD1440_comma,daily,5,400,long_only,none,0.005,-0.007902609507760228,-1.0054861244348625,-1.3260162779234026,-0.04278627026364465,-0.18469965853684256,23,0.21739130434782608,0.4619350387410275,-521.1532495945713,0.4672297297297297,0.7912162162162162,0.8300675675675676,0.16891891891891891,0.5760472972972973,False
GBPUSD1440_comma,daily,5,250,long_only,none,0.0025,-0.009337310954258049,-0.9540688588454225,-1.2414475037375863,-0.05365651604921917,-0.17402007513296103,40,0.175,0.5800489700752037,-363.244275015895,0.5256756756756756,0.6108108108108108,0.7655405405405405,0.39864864864864863,0.5758783783783784,False
GBPUSD1440_comma,daily,100,250,long_short,slow_slope,0.001,-0.016441526706894027,-0.7293206813344915,-0.9786806363023505,-0.060400877073110655,-0.2722067543322726,85,0.17647058823529413,0.5909004024822502,-241.03643697981965,0.7739864864864865,0.47162162162162163,0.41824324324324325,0.4293918918918919,0.5755574324324324,False
GBPUSD1440_comma,daily,5,75,long_only,none,0.0,-0.015149662206601078,-0.9142608545135119,-1.1689832922154868,-0.052823916608647395,-0.28679551194280517,78,0.3076923076923077,0.6639327662238025,-280.1505789297154,0.5709459459459459,0.6273648648648649,0.47094594594594597,0.6408783783783784,0.5755405405405406,False
GBPUSD1440_comma,daily,75,100,long_only,slow_slope,0.001,-0.010389128157504812,-0.9850889321252847,-1.2404728823897595,-0.053929775660694255,-0.1926417833233588,60,0.26666666666666666,0.6377873203327838,-256.9573515322685,0.48986486486486486,0.6030405405405406,0.716554054054054,0.5655405405405406,0.574847972972973,False
GBPUSD1440_comma,daily,10,250,long_only,slow_slope,0.0025,-0.007100846218504375,-1.085135576049145,-1.435983948222385,-0.04604178552015175,-0.15422612607837394,46,0.2608695652173913,0.5938222003757945,-238.37472116241338,0.37567567567567567,0.7496621621621622,0.8587837837837838,0.435472972972973,0.5747635135135135,False
GBPUSD1440_comma,daily,30,500,long_short,none,0.0,-0.019476617341301794,-0.6708074999458539,-0.8839504505732539,-0.053820560472918416,-0.36188061161314167,19,0.3157894736842105,0.4331306553925701,-1442.291428048799,0.8408783783783784,0.606081081081081,0.3260135135135135,0.14222972972972972,0.5744087837837838,True
GBPUSD1440_comma,daily,40,150,long_short,slow_slope,0.001,-0.021614181290824708,-0.7320852325171106,-0.9723706553590781,-0.06052467863100827,-0.3571135242633281,98,0.2653061224489796,0.6626599017552683,-258.1011035512873,0.7716216216216216,0.4689189189189189,0.2625,0.6347972972972973,0.573597972972973,False
GBPUSD1440_comma,daily,40,75,long_short,combined,0.005,-0.015382974791211645,-0.8562686976836685,-1.1445813974287813,-0.061255318858635506,-0.25112880118561365,145,0.2689655172413793,0.7210098733171219,-137.1601216547394,0.6331081081081081,0.4527027027027027,0.4618243243243243,0.7621621621621621,0.5731081081081082,False
GBPUSD1440_comma,daily,40,75,long_short,combined,0.0025,-0.017523686439878672,-0.7950964091842836,-1.033907107239702,-0.06392901165304621,-0.2741116433174776,183,0.28415300546448086,0.7480090953744789,-123.46745109345628,0.6952702702702702,0.3861486486486487,0.3864864864864865,0.8064189189189189,0.5729054054054054,False
GBPUSD1440_comma,daily,100,300,long_only,none,0.0025,-0.010522087814159642,-0.9824392536682102,-1.2750131437873058,-0.036971251670674075,-0.2846018822377565,15,0.4,0.41909646186513616,-1039.9640269860915,0.4908783783783784,0.8597972972972973,0.7091216216216216,0.1314189189189189,0.5728378378378378,True
GBPUSD1440_comma,daily,10,300,long_only,price_slow,0.001,-0.008441658833507337,-1.0099164209495373,-1.3292090959531506,-0.050758040767734026,-0.1663117548633506,44,0.22727272727272727,0.577660879155933,-292.5796788431647,0.4635135135135135,0.6665540540540541,0.8081081081081081,0.3935810810810811,0.5727027027027027,False
GBPUSD1440_comma,daily,20,100,long_short,fast_slope,0.001,-0.01993633494474556,-0.8103205950508738,-1.059438858580671,-0.060801802037821435,-0.3278905275265406,255,0.34509803921568627,0.7586008755387668,-101.50783810277001,0.6780405405405405,0.4625,0.31385135135135134,0.8195945945945946,0.5725506756756757,False
GBPUSD1440_comma,daily,30,100,long_short,fast_slope,0.0025,-0.015992007590791557,-0.7788127267530117,-1.0455213062810458,-0.06840594138715568,-0.23378097379410256,193,0.30569948186528495,0.7834315363098249,-103.17779922521731,0.7135135135135136,0.28378378378378377,0.4358108108108108,0.8601351351351352,0.5725337837837838,False
GBPUSD1440_comma,daily,10,500,long_only,none,0.001,-0.007835453237149848,-0.9748622383589172,-1.2806896933580942,-0.0449243415019268,-0.17441442601476498,15,0.26666666666666666,0.35906916103393904,-860.9602641176796,0.5023648648648649,0.7628378378378379,0.8334459459459459,0.09425675675675675,0.5724831081081081,True
GBPUSD1440_comma,daily,50,75,long_only,slow_slope,0.0,-0.011655282407116663,-0.9512900577248313,-1.2027606535846385,-0.05498520446110331,-0.21197124792655164,88,0.3068181818181818,0.6439088522834789,-193.29756502938326,0.5297297297297298,0.5793918918918919,0.6415540540540541,0.5827702702702703,0.5724662162162163,False
GBPUSD1440_comma,daily,60,400,long_only,none,0.0025,-0.008571154086749133,-0.9607237132923663,-1.2346030748544372,-0.04338351773403905,-0.19756706082006203,7,0.42857142857142855,0.3089584088868984,-1810.4112163029463,0.5172297297297297,0.7841216216216216,0.8030405405405405,0.05878378378378379,0.5723479729729729,True
GBPUSD1440_comma,daily,30,500,long_short,none,0.0025,-0.019546036560878832,-0.6889945460634451,-0.9178619447345714,-0.05218116560290084,-0.37458029798767534,19,0.2631578947368421,0.4158085339516158,-1477.2884621200303,0.8212837837837837,0.6375,0.32466216216216215,0.12972972972972974,0.5722804054054055,True
GBPUSD1440_comma,daily,20,300,long_short,none,0.001,-0.0209439909630037,-0.6801028347026438,-0.9068827120027206,-0.05833543981942833,-0.35902688019210593,37,0.24324324324324326,0.5653603674531607,-686.3775713192609,0.8304054054054054,0.5148648648648648,0.2851351351351351,0.3621621621621622,0.5722297297297297,False
GBPUSD1440_comma,daily,30,50,long_short,price_slow,0.0025,-0.01946866477844944,-0.8204284281563919,-1.1066056969090659,-0.05964857127830535,-0.3263894568004573,166,0.3132530120481928,0.7329167647441908,-154.9453193294893,0.6679054054054054,0.4858108108108108,0.327027027027027,0.7858108108108108,0.5718918918918919,False
GBPUSD1440_comma,daily,60,75,long_only,none,0.005,-0.0024850135548405428,-1.5059785448809249,-2.0112971181749324,-0.02222087598914563,-0.11183238482832147,25,0.44,0.7086941350855364,-156.428178955463,0.07297297297297298,0.9503378378378379,0.9726351351351351,0.7371621621621621,0.571875,False
GBPUSD1440_comma,daily,10,250,long_short,slow_slope,0.005,-0.018371601933754422,-0.7347981455309556,-0.9782736776030273,-0.06313372685808027,-0.2909950488912584,95,0.23157894736842105,0.6506088072021189,-240.20476282062296,0.768581081081081,0.40574324324324323,0.35777027027027025,0.6077702702702703,0.5715878378378378,False
GBPUSD1440_comma,daily,40,50,long_only,slow_slope,0.0025,-0.009058024941371534,-1.2444294000435738,-1.679056174851015,-0.035163529889456036,-0.2575971459591043,71,0.4084507042253521,0.6995431656321089,-191.1941620814604,0.22398648648648647,0.8722972972972973,0.7793918918918918,0.7195945945945946,0.5714864864864865,False
GBPUSD1440_comma,daily,40,250,long_short,none,0.0025,-0.019343798118710676,-0.663390479119113,-0.8872211501921385,-0.06232857145987889,-0.3103520210015136,30,0.3,0.5772799816934757,-786.3263813053912,0.8489864864864864,0.4239864864864865,0.3310810810810811,0.39256756756756755,0.5706925675675676,False
GBPUSD1440_comma,daily,5,300,long_only,price_slow,0.005,-0.007888846388956261,-1.0121465496944368,-1.3341217618315477,-0.05266558685421556,-0.1497912937112711,32,0.28125,0.5858729051505626,-373.6412076389486,0.4608108108108108,0.6297297297297297,0.8320945945945946,0.4158783783783784,0.5705574324324324,False
GBPUSD1440_comma,daily,75,150,long_only,none,0.005,-0.009584727152193828,-0.9924244056353547,-1.2775825440780826,-0.04259595293344315,-0.225014971895807,15,0.3333333333333333,0.4797963351734366,-953.8905179946431,0.4817567567567568,0.793918918918919,0.7537162162162162,0.18952702702702703,0.5703547297297298,True
GBPUSD1440_comma,daily,75,500,long_only,fast_slope,0.005,-0.005464099708043735,-1.289685357245352,-1.7185543899945777,-0.039024022150679516,-0.14001887573110117,62,0.25806451612903225,0.6985813790958898,-136.16737872529902,0.17871621621621622,0.8412162162162162,0.9037162162162162,0.7182432432432433,0.5702702702702703,False
GBPUSD1440_comma,daily,30,50,long_only,none,0.005,-0.009126426205147142,-1.1948613211274504,-1.6159780622367852,-0.038956442116205726,-0.23427258007605845,53,0.33962264150943394,0.6655927614544627,-257.93177262434,0.2689189189189189,0.8422297297297298,0.7753378378378378,0.6459459459459459,0.5700844594594594,False
GBPUSD1440_comma,daily,30,250,long_only,price_slow,0.005,-0.008226445722532838,-1.012268063279849,-1.3253620494670906,-0.05490642196095712,-0.14982665831662645,38,0.18421052631578946,0.620096607920913,-312.5672186398683,0.46013513513513515,0.5804054054054054,0.8168918918918919,0.5155405405405405,0.569864864864865,False
GBPUSD1440_comma,daily,5,300,long_short,slow_slope,0.005,-0.018081191212726888,-0.7133878488660913,-0.9628155198817833,-0.06379123383077112,-0.2834431962970596,104,0.25,0.6296088012343778,-213.73833023773722,0.7918918918918919,0.3915540540540541,0.36824324324324326,0.5429054054054054,0.5697297297297298,False
GBPUSD1440_comma,daily,5,100,long_short,slow_slope,0.005,-0.01783041125581042,-0.7073957104990449,-0.9067752134978301,-0.07067144818689189,-0.25230006902727653,152,0.2631578947368421,0.7400646998994691,-147.48142794649667,0.7989864864864865,0.22195945945945947,0.375,0.7972972972972973,0.5696790540540541,False
GBPUSD1440_comma,daily,30,400,long_short,slow_slope,0.005,-0.019204367949110512,-0.7317429998378016,-0.9672294386281974,-0.05574824010236206,-0.344483842249521,78,0.21794871794871795,0.5618449605841407,-308.73720456511523,0.7719594594594594,0.5638513513513513,0.33344594594594595,0.35236486486486485,0.5692905405405405,False
GBPUSD1440_comma,daily,75,500,long_only,none,0.0,-0.009376119045281905,-0.9689469894067824,-1.24998530391718,-0.03896290304044955,-0.24064220870678033,6,0.16666666666666666,0.12123261258433476,-2794.184364035665,0.5097972972972973,0.8418918918918918,0.7648648648648648,0.012837837837837839,0.5692905405405405,True
GBPUSD1440_comma,daily,30,50,long_only,fast_slope,0.0025,-0.010995315649953707,-1.1356396809181413,-1.5479418570876475,-0.042922397041513606,-0.2561673254016843,100,0.3,0.6876341157364286,-167.94621678114473,0.3266891891891892,0.7885135135135135,0.6837837837837838,0.6962837837837837,0.5690033783783784,False
GBPUSD1440_comma,daily,30,400,long_only,combined,0.005,-0.004540830157458875,-1.3138805188647498,-1.8060422190629877,-0.043251687819800204,-0.10498619559951894,75,0.24,0.7527085124337525,-93.68959390595292,0.1608108108108108,0.7851351351351351,0.9327702702702703,0.8121621621621622,0.5689864864864864,False
GBPUSD1440_comma,daily,40,400,long_short,none,0.0025,-0.018278569097976316,-0.6575999119026167,-0.8738441839807506,-0.0611227378115032,-0.2990469627578809,19,0.42105263157894735,0.528295926300263,-1220.0445379495802,0.8554054054054054,0.45506756756756755,0.3601351351351351,0.2722972972972973,0.5688006756756757,True
GBPUSD1440_comma,daily,20,400,long_only,price_slow,0.001,-0.007324625716690458,-0.9949989764715768,-1.3178932351227002,-0.048626591955450285,-0.15063004463485707,29,0.2413793103448276,0.49492705853129626,-376.4639649728184,0.47905405405405405,0.7033783783783784,0.8503378378378378,0.20641891891891892,0.5684966216216216,False
GBPUSD1440_comma,daily,40,250,long_short,slow_slope,0.001,-0.017982653507489288,-0.7216070333084761,-0.9623935395438549,-0.06352190796560853,-0.2830937244080467,91,0.21978021978021978,0.6296645532114359,-239.85129509681067,0.7831081081081082,0.39864864864864863,0.37027027027027026,0.5432432432432432,0.568445945945946,False
GBPUSD1440_comma,daily,100,400,long_short,none,0.0,-0.01863569512794394,-0.6540691067730151,-0.887109411715338,-0.05810302778340937,-0.3207353530251851,14,0.14285714285714285,0.45726416639876244,-1563.3384557601353,0.8597972972972973,0.5216216216216216,0.34662162162162163,0.16283783783783784,0.5680743243243243,True
GBPUSD1440_comma,daily,60,150,long_only,none,0.0025,-0.011822762934327935,-0.9117554766840371,-1.1291869884993424,-0.046025934591104836,-0.2568717623957353,17,0.35294117647058826,0.4610737578641005,-1009.9606829459333,0.5719594594594595,0.7503378378378378,0.6310810810810811,0.16756756756756758,0.5677195945945946,True
GBPUSD1440_comma,daily,5,250,long_short,price_slow,0.005,-0.01965816294559386,-0.7033594013647841,-0.9359365233137993,-0.06363879203630081,-0.3089022012608357,80,0.225,0.63373272525423,-281.81391734118677,0.8037162162162163,0.3939189189189189,0.32263513513513514,0.5513513513513514,0.567195945945946,False
GBPUSD1440_comma,daily,60,150,long_short,slow_slope,0.0025,-0.02069149886222288,-0.7528876077143066,-0.9860334610895013,-0.05898147063087763,-0.35081354603238035,88,0.29545454545454547,0.6357610931173979,-279.49936603280645,0.7486486486486487,0.5,0.2935810810810811,0.5601351351351351,0.5671959459459459,False
GBPUSD1440_comma,daily,30,400,long_only,none,0.001,-0.008659643835849162,-0.9599392116030007,-1.2256407058009031,-0.04472073173224594,-0.19363824115617312,10,0.5,0.3036375824543051,-1279.06828642948,0.5182432432432432,0.7668918918918919,0.7983108108108108,0.05641891891891892,0.5671452702702703,True
GBPUSD1440_comma,daily,40,100,long_only,fast_slope,0.005,-0.009863419261016526,-1.0893181883293286,-1.3731151997848017,-0.04740905496582702,-0.2080492696622236,81,0.37037037037037035,0.6453388266955187,-180.39531632355735,0.37195945945945946,0.7246621621621622,0.7445945945945946,0.5875,0.5669932432432433,False
GBPUSD1440_comma,daily,20,75,long_short,fast_slope,0.0025,-0.019886234066385122,-0.8548882563699121,-1.1561669648009116,-0.05812755037975589,-0.34211374703501884,244,0.3524590163934426,0.7421928833877667,-105.35462643181276,0.6341216216216217,0.5202702702702703,0.3158783783783784,0.7989864864864865,0.5667398648648648,False
GBPUSD1440_comma,daily,50,150,long_only,slow_slope,0.005,-0.00990121929928911,-1.0214797892119973,-1.3370794000406905,-0.04742101084190243,-0.2087939317088563,37,0.24324324324324326,0.5736318124102832,-398.549852197905,0.44966216216216215,0.7239864864864864,0.7412162162162163,0.3837837837837838,0.5666722972972973,False
GBPUSD1440_comma,daily,75,150,long_only,fast_slope,0.001,-0.009244502374312513,-1.023472435583246,-1.2937893926760375,-0.05560350543086972,-0.1662575462226198,63,0.3333333333333333,0.649677579719468,-219.60595839615408,0.4483108108108108,0.5689189189189189,0.7695945945945946,0.6047297297297297,0.5661824324324324,False
GBPUSD1440_comma,daily,5,200,long_short,price_slow,0.0025,-0.021115934307498252,-0.686802603097179,-0.8965925399642262,-0.06632545649098591,-0.31836847305179206,96,0.1875,0.6665366848989995,-259.519329533478,0.8239864864864865,0.3327702702702703,0.2773648648648649,0.6486486486486487,0.5655574324324324,False
GBPUSD1440_comma,daily,50,300,long_short,none,0.0025,-0.01826721202794712,-0.6647121449362507,-0.8880121823446578,-0.06459413314741895,-0.28279986335999063,29,0.3448275862068966,0.5847852486912578,-774.4281837822126,0.8472972972972973,0.36925675675675673,0.3618243243243243,0.4125,0.5654729729729729,False
GBPUSD1440_comma,daily,40,200,long_only,none,0.001,-0.010714262556289933,-0.9180890911158878,-1.1804773959854604,-0.05039916939734085,-0.2125880780260485,15,0.3333333333333333,0.4903950050410182,-1006.9417343770856,0.5672297297297297,0.6746621621621621,0.697972972972973,0.2,0.5651520270270272,True
GBPUSD1440_comma,daily,100,200,long_short,none,0.0025,-0.02043757375743982,-0.682889333057279,-0.9211840459911117,-0.05841677227353704,-0.3498579767766131,26,0.2692307692307692,0.5418918268615628,-987.8978942885162,0.827027027027027,0.5128378378378379,0.3016891891891892,0.3043918918918919,0.5650168918918919,False
GBPUSD1440_comma,daily,100,400,long_only,fast_slope,0.0,-0.00679590172355915,-1.22650172581456,-1.6363805084143699,-0.0365662081255447,-0.18585196748392452,51,0.1568627450980392,0.6256173723642336,-203.07279798577395,0.23851351351351352,0.8628378378378379,0.8695945945945946,0.5293918918918918,0.5644425675675676,False
GBPUSD1440_comma,daily,30,300,long_only,combined,0.0025,-0.00536836482496339,-1.2875433049935212,-1.7658133784311525,-0.04387625353606709,-0.12235239776227691,81,0.24691358024691357,0.7234126904040977,-102.53136831826174,0.18175675675675676,0.779054054054054,0.908445945945946,0.7658783783783784,0.5640371621621622,False
GBPUSD1440_comma,daily,100,300,long_short,price_slow,0.0,-0.01645703358976225,-0.7194849589146498,-0.9687228978270876,-0.06642229007159506,-0.24776371865564395,85,0.16470588235294117,0.6351511577856898,-248.41541250268185,0.7847972972972973,0.32972972972972975,0.4175675675675676,0.5587837837837838,0.5636824324324324,False
GBPUSD1440_comma,daily,60,400,long_only,none,0.001,-0.008869360231789525,-0.9591663103448279,-1.2310967187962079,-0.044865120538731505,-0.1976894327996448,7,0.42857142857142855,0.2780767217225885,-1906.4525004499123,0.5206081081081081,0.7638513513513514,0.7875,0.043243243243243246,0.5631925675675676,True
GBPUSD1440_comma,daily,10,250,long_short,slow_slope,0.0,-0.019119432901828937,-0.7176665237582887,-0.962817775201213,-0.06448047752563507,-0.29651506371409475,104,0.22115384615384615,0.6448392020144128,-222.34072457561817,0.7868243243243244,0.37263513513513513,0.33716216216216216,0.5844594594594594,0.5629898648648649,False
GBPUSD1440_comma,daily,5,500,long_short,slow_slope,0.0,-0.018537005118396732,-0.734466123519229,-0.9786321559104357,-0.053113408250515685,-0.3490080137761966,71,0.22535211267605634,0.49125069719628134,-313.35511333217556,0.768918918918919,0.6216216216216216,0.3493243243243243,0.20101351351351351,0.5629898648648649,False
GBPUSD1440_comma,daily,5,250,long_only,price_slow,0.0025,-0.009532617957423217,-0.9803461459794918,-1.2803107726643317,-0.05296581959327806,-0.17997678560671249,49,0.14285714285714285,0.5730137991750612,-302.03131627850655,0.49493243243243246,0.6256756756756757,0.7560810810810811,0.3824324324324324,0.5629729729729729,False
GBPUSD1440_comma,daily,30,300,long_only,combined,0.001,-0.005505542760304238,-1.2857220071047368,-1.761429941240805,-0.04422636122729774,-0.12448554679886403,82,0.2682926829268293,0.7240630656620319,-103.7511350499318,0.1831081081081081,0.7743243243243243,0.9030405405405405,0.7668918918918919,0.5624662162162163,False
GBPUSD1440_comma,daily,60,150,long_only,fast_slope,0.001,-0.009525589204076201,-1.0196584073709425,-1.2902468213397766,-0.05650757703798903,-0.16857189253880622,76,0.3026315789473684,0.6563958583545711,-187.38756381337387,0.45135135135135135,0.5503378378378379,0.7564189189189189,0.6202702702702703,0.5624493243243244,False
GBPUSD1440_comma,daily,20,300,long_only,none,0.005,-0.007898552778908052,-0.9958676652472205,-1.3013935785594024,-0.05027470701366194,-0.1571078828318513,16,0.3125,0.5123141613602551,-711.8171212840618,0.4783783783783784,0.677027027027027,0.831081081081081,0.23614864864864865,0.5622466216216216,True
GBPUSD1440_comma,daily,30,100,long_short,combined,0.001,-0.016689836503615885,-0.8074333760681524,-1.079878447191706,-0.06684601492222443,-0.24967586359537763,205,0.32195121951219513,0.7764462984184433,-103.86639303190888,0.6804054054054054,0.3199324324324324,0.41283783783783784,0.85,0.5622128378378378,False
GBPUSD1440_comma,daily,30,250,long_only,slow_slope,0.001,-0.007690063679096637,-1.0830357257424827,-1.433374830540705,-0.04556806649262356,-0.1687599292882327,45,0.2222222222222222,0.5642030437384324,-259.405687050259,0.3783783783783784,0.7560810810810811,0.8391891891891892,0.3597972972972973,0.5621790540540541,False
GBPUSD1440_comma,daily,10,300,long_short,slow_slope,0.0025,-0.01697635806365594,-0.6921485226943299,-0.9348460663352272,-0.0685320151365324,-0.24771426945253128,97,0.27835051546391754,0.6377570098482328,-214.30952098116282,0.8179054054054054,0.2793918918918919,0.40168918918918917,0.5652027027027027,0.5621283783783784,False
GBPUSD1440_comma,daily,20,400,long_only,price_slow,0.0,-0.007552562718832534,-0.9966870240943422,-1.3203568784447257,-0.04902934657468671,-0.15404167598537477,31,0.22580645161290322,0.47462272906398534,-374.6378487393184,0.47736486486486485,0.6986486486486486,0.8435810810810811,0.18445945945945946,0.5619932432432432,False
GBPUSD1440_comma,daily,75,250,long_short,none,0.005,-0.019508955650672788,-0.6919909935540675,-0.92131077015764,-0.05962956525409662,-0.327169174679376,26,0.2692307692307692,0.5485331691161546,-948.2795097804212,0.8185810810810811,0.48614864864864865,0.3256756756756757,0.31891891891891894,0.5619425675675676,False
GBPUSD1440_comma,daily,60,75,long_only,slow_slope,0.005,-0.0027655898780990507,-1.5166170598371673,-2.025018361420439,-0.02387642101381387,-0.11582933122594041,25,0.44,0.6859832780975399,-173.72508359563304,0.07094594594594594,0.9425675675675675,0.9689189189189189,0.6935810810810811,0.5618412162162162,False
GBPUSD1440_comma,daily,20,250,long_only,price_slow,0.0,-0.009988062146455867,-0.9996919575479182,-1.3084972139597428,-0.05170133956187201,-0.1931876858722965,48,0.14583333333333334,0.5898793998671595,-312.87328820906095,0.4743243243243243,0.6445945945945946,0.7347972972972973,0.425,0.5615878378378378,False
GBPUSD1440_comma,daily,40,75,long_short,fast_slope,0.005,-0.01577574292802497,-0.8461405997212704,-1.1289707418282835,-0.06309614241602426,-0.2500270590871887,134,0.3283582089552239,0.7146527726471883,-151.82756111164707,0.6449324324324325,0.4064189189189189,0.44594594594594594,0.7520270270270271,0.5615709459459459,False
GBPUSD1440_comma,daily,20,100,long_short,fast_slope,0.0025,-0.020503758950388695,-0.8375669094167348,-1.0945196122941527,-0.059487223029478405,-0.34467500592905853,240,0.3375,0.7332707141304268,-110.80792217341387,0.6537162162162162,0.4891891891891892,0.2983108108108108,0.7868243243243244,0.5614695945945946,False
GBPUSD1440_comma,daily,100,400,long_only,none,0.001,-0.009233669169167236,-0.9644847696819895,-1.250841997844814,-0.04193384793142666,-0.22019608561243453,7,0.0,0.0,-1974.2954940813756,0.514527027027027,0.8050675675675676,0.7709459459459459,0.0006756756756756757,0.5613682432432433,True
GBPUSD1440_comma,daily,50,150,long_short,slow_slope,0.001,-0.023122842044551728,-0.7682563739120806,-1.009359515768749,-0.055745189692097075,-0.41479528856693126,94,0.2872340425531915,0.6378326755049678,-285.0730916670958,0.7277027027027027,0.5645270270270271,0.2206081081081081,0.5658783783783784,0.5612162162162162,False
GBPUSD1440_comma,daily,75,500,long_short,combined,0.0,-0.013821568615546509,-0.8838421392284541,-1.163087492912005,-0.06210541702343661,-0.22255012973072363,127,0.25196850393700787,0.6947184459515868,-139.34204711439494,0.6,0.4293918918918919,0.5331081081081082,0.7108108108108108,0.5605912162162162,False
GBPUSD1440_comma,daily,100,150,long_short,slow_slope,0.0,-0.02184266229901277,-0.7543459143847646,-1.0039588803915158,-0.05792512029753829,-0.3770844529422763,101,0.26732673267326734,0.6260015924643232,-256.1395846818933,0.7442567567567567,0.5253378378378378,0.2577702702702703,0.5314189189189189,0.560304054054054,False
GBPUSD1440_comma,daily,75,300,long_only,fast_slope,0.001,-0.006845675796108064,-1.1822691929071536,-1.591037094757558,-0.05102672711021557,-0.1341586298749221,68,0.25,0.7024138491128595,-150.31161609072743,0.28074324324324323,0.6614864864864864,0.8682432432432432,0.7256756756756757,0.560168918918919,False
GBPUSD1440_comma,daily,75,300,long_only,none,0.0,-0.011856876995454457,-0.9527853271483322,-1.230933219775352,-0.039479621671691494,-0.30032904302009367,13,0.46153846153846156,0.35170745176118245,-1323.444356018354,0.5280405405405405,0.8371621621621622,0.6283783783783784,0.08986486486486486,0.5596621621621622,True
GBPUSD1440_comma,daily,40,100,long_only,fast_slope,0.0025,-0.01121570424255991,-1.0654969582995815,-1.3443590601861926,-0.04877053114215061,-0.2299688762845271,93,0.34408602150537637,0.6496368782516313,-168.71132581297917,0.39763513513513515,0.7010135135135135,0.6716216216216216,0.6043918918918919,0.5592905405405406,False
GBPUSD1440_comma,daily,10,500,long_short,slow_slope,0.0025,-0.01825497010794308,-0.7351943983734286,-0.9806055652736633,-0.05339505222750361,-0.34188505013840975,62,0.22580645161290322,0.46421971563871456,-346.7946987511331,0.7675675675675676,0.6158783783783783,0.3621621621621622,0.17229729729729729,0.5592736486486486,False
GBPUSD1440_comma,daily,100,400,long_only,none,0.005,-0.008710068799325899,-0.9822661695363443,-1.2728890617431463,-0.042589685390203275,-0.2045112265921889,8,0.375,0.23753779692346302,-1635.8673841819264,0.4912162162162162,0.7945945945945946,0.7962837837837838,0.032432432432432434,0.5592567567567567,True
GBPUSD1440_comma,daily,5,400,long_short,slow_slope,0.005,-0.020321911304620466,-0.74038570958437,-0.9901945124796805,-0.05687314470484988,-0.35731998661377884,91,0.15384615384615385,0.5715615773241266,-272.1741165473889,0.7631756756756757,0.5442567567567568,0.30574324324324326,0.37804054054054054,0.5591891891891893,False
GBPUSD1440_comma,daily,40,400,long_only,none,0.001,-0.009289797623848406,-0.9622050206766294,-1.2303918925463253,-0.044567692508264777,-0.2084424187347298,8,0.5,0.2944734287679291,-1635.7381750761813,0.5148648648648648,0.7679054054054054,0.7668918918918919,0.05168918918918919,0.5590540540540542,True
GBPUSD1440_comma,daily,75,400,long_only,none,0.005,-0.00848370938059606,-0.9883628842323601,-1.2693268662032635,-0.0438869727411709,-0.19330814705834998,8,0.5,0.3032634490922799,-1596.0238114036322,0.48614864864864865,0.7783783783783784,0.8067567567567567,0.056081081081081084,0.5588175675675676,True
GBPUSD1440_comma,daily,60,75,long_short,slow_slope,0.001,-0.018571475049903974,-0.7238139143705579,-0.9266496903162492,-0.0697709392633869,-0.26617779903745065,139,0.3381294964028777,0.7234224388115482,-169.06577846667622,0.7800675675675676,0.24797297297297297,0.3476351351351351,0.7662162162162162,0.5584797297297297,False
GBPUSD1440_comma,daily,50,300,long_short,slow_slope,0.001,-0.017392464851426648,-0.7134981126394531,-0.9596630807326203,-0.06444703529453252,-0.26987222564917845,88,0.26136363636363635,0.6050578836915216,-254.27833227122304,0.7912162162162162,0.37398648648648647,0.38885135135135135,0.46756756756756757,0.5578885135135135,False
GBPUSD1440_comma,daily,100,250,long_short,slow_slope,0.0025,-0.016105943987838822,-0.7304238608096644,-0.9824668249912597,-0.06275007328180304,-0.2566681303384135,78,0.16666666666666666,0.5764702813764908,-255.15648220932707,0.7726351351351352,0.41621621621621624,0.4304054054054054,0.39054054054054055,0.5577702702702703,False
GBPUSD1440_comma,daily,60,100,long_only,combined,0.0,-0.01066531474252308,-1.0469171029908544,-1.3184312590045957,-0.05073151339894566,-0.21023056534214757,87,0.367816091954023,0.6333286905962487,-179.31073409814877,0.4206081081081081,0.6672297297297297,0.7010135135135135,0.5496621621621621,0.5577027027027027,False
GBPUSD1440_comma,daily,100,250,long_only,none,0.0025,-0.010826071892427902,-0.9612453879907323,-1.2523183693557967,-0.04197328356980567,-0.2579276857009075,13,0.3076923076923077,0.33264064659712866,-1231.8638612768375,0.5158783783783784,0.8037162162162163,0.6932432432432433,0.07837837837837838,0.5576858108108109,True
GBPUSD1440_comma,daily,75,100,long_only,combined,0.005,-0.0036283948393844856,-1.3618984349010108,-1.8447592940938204,-0.043735227273753174,-0.08296275258096109,30,0.4,0.7422397326060381,-188.7157492270183,0.13006756756756757,0.7807432432432433,0.9527027027027027,0.7993243243243243,0.5576520270270271,False
GBPUSD1440_comma,daily,5,200,long_short,none,0.005,-0.02019708421695443,-0.6827044336901869,-0.8832566605451817,-0.06863035245516103,-0.29428792792737,74,0.1891891891891892,0.6627416675417468,-321.37125579366415,0.8273648648648648,0.2777027027027027,0.3087837837837838,0.6351351351351351,0.5573986486486486,False
GBPUSD1440_comma,daily,30,200,long_short,fast_slope,0.001,-0.01814634561888062,-0.8120370231368162,-1.096538841203234,-0.06524826999556958,-0.2781122874232953,191,0.2670157068062827,0.7623717820040196,-122.37365952963279,0.6766891891891892,0.3560810810810811,0.3662162162162162,0.8283783783783784,0.5571959459459459,False
GBPUSD1440_comma,daily,20,300,long_short,slow_slope,0.005,-0.018051509882433647,-0.7248679606409874,-0.9676292457328084,-0.06447787604655615,-0.27996440002768674,85,0.29411764705882354,0.6240313559963664,-272.2549514590602,0.7777027027027027,0.372972972972973,0.36925675675675673,0.5243243243243243,0.5568243243243244,False
GBPUSD1440_comma,daily,75,250,long_short,fast_slope,0.001,-0.017248711789083826,-0.8146816938398698,-1.0710992354527258,-0.06359012567110615,-0.27124827332934853,135,0.2814814814814815,0.705433903758661,-164.1048457804149,0.6743243243243243,0.3952702702702703,0.3932432432432432,0.7307432432432432,0.5568074324324324,False
GBPUSD1440_comma,daily,75,200,long_short,combined,0.0,-0.01697654911951263,-0.8211012459984154,-1.0901370559020773,-0.06463112129575002,-0.26266833654066535,152,0.26973684210526316,0.7322390353162331,-144.0072959887243,0.6668918918918919,0.36824324324324326,0.40135135135135136,0.7844594594594595,0.5567567567567567,False
GBPUSD1440_comma,daily,100,150,long_only,fast_slope,0.001,-0.007674982119318607,-1.0512664423689633,-1.402821995152193,-0.05748930121613995,-0.13350279020549094,60,0.2,0.6463233305899637,-193.6733838327615,0.41452702702702704,0.5331081081081082,0.8398648648648649,0.5912162162162162,0.5557432432432433,False
GBPUSD1440_comma,daily,50,200,long_only,none,0.005,-0.0104182637125676,-0.9609002016418927,-1.2420235415018948,-0.047572740469477355,-0.2189965011423286,15,0.26666666666666666,0.4617987439057254,-1030.490572668721,0.5165540540540541,0.7219594594594595,0.7152027027027027,0.16858108108108108,0.5554391891891892,True
GBPUSD1440_comma,daily,100,250,long_only,none,0.0,-0.012330689699548314,-0.9409720099248063,-1.2233914529252594,-0.040487584097260755,-0.3045548400696638,14,0.35714285714285715,0.3339679291963485,-1288.5149378575497,0.5405405405405406,0.825,0.6050675675675675,0.07905405405405405,0.5553378378378377,True
GBPUSD1440_comma,daily,5,500,long_only,none,0.0025,-0.008699659048247321,-1.0088439845263386,-1.3235359679629148,-0.04284252029799409,-0.20306132757214668,20,0.25,0.34043441161712645,-709.5099522811472,0.4648648648648649,0.7898648648648648,0.7972972972972973,0.08209459459459459,0.5551858108108108,False
GBPUSD1440_comma,daily,40,100,long_short,combined,0.001,-0.016808911810756944,-0.7664976294042232,-0.9879550620734582,-0.07036716720366662,-0.23887435687308844,185,0.2972972972972973,0.7619435537162739,-116.50701025629162,0.7320945945945946,0.22837837837837838,0.40540540540540543,0.827027027027027,0.5550675675675676,False
GBPUSD1440_comma,daily,100,150,long_only,none,0.0025,-0.010028007103993541,-0.9749279162176653,-1.276727550387185,-0.046127114412510994,-0.2173994023192931,18,0.2777777777777778,0.4314030342961747,-828.9563279471477,0.5016891891891891,0.7476351351351351,0.7327702702702703,0.13851351351351351,0.5549155405405405,True
GBPUSD1440_comma,daily,100,250,long_short,price_slow,0.0,-0.0167734265672419,-0.728275328038514,-0.9776844974090857,-0.0669866599052857,-0.25039950627420915,87,0.14942528735632185,0.6351697341535146,-238.81622947345562,0.775,0.3162162162162162,0.40844594594594597,0.5591216216216216,0.5546114864864866,False
GBPUSD1440_comma,daily,5,100,long_only,slow_slope,0.001,-0.011665395035170167,-0.9691667023160623,-1.2235351157171186,-0.05800481397501062,-0.20111080849592589,81,0.3333333333333333,0.652190566525132,-209.35292712563154,0.5094594594594595,0.5233108108108108,0.6408783783783784,0.6111486486486486,0.5544594594594595,False
GBPUSD1440_comma,daily,10,500,long_only,none,0.0025,-0.008343106169863557,-0.9978768461748155,-1.312434041997184,-0.04617520085776345,-0.18068370066355277,13,0.3076923076923077,0.361122358124435,-1027.407100112142,0.47702702702702704,0.7462837837837838,0.8121621621621622,0.09662162162162162,0.5543074324324324,True
GBPUSD1440_comma,daily,30,250,long_only,fast_slope,0.001,-0.008119494503029623,-1.1805567239032537,-1.5996445247475983,-0.0498022299156532,-0.16303475801748402,92,0.2391304347826087,0.6896316322916296,-133.52306068027525,0.28243243243243243,0.6868243243243243,0.8202702702702702,0.7013513513513514,0.5539358108108108,False
GBPUSD1440_comma,daily,75,300,long_only,fast_slope,0.0025,-0.007221019707153498,-1.220318542644228,-1.6393861098150768,-0.04709188118214016,-0.15333895197824687,63,0.2698412698412698,0.6832733673855992,-174.12581479765078,0.2435810810810811,0.7293918918918919,0.8540540540540541,0.6858108108108109,0.5534628378378379,False
GBPUSD1440_comma,daily,30,250,long_only,none,0.0,-0.011192179442128358,-0.931882631676862,-1.1945957428418663,-0.04836289335575623,-0.2314207994091455,17,0.29411764705882354,0.43069793325001243,-988.1436466192872,0.5516891891891892,0.7097972972972973,0.672972972972973,0.13783783783783785,0.5533952702702702,True
GBPUSD1440_comma,daily,100,300,long_short,combined,0.0025,-0.015341471534527362,-0.8504775355069853,-1.1164794888619218,-0.06361748405988056,-0.24115181166370958,114,0.2719298245614035,0.6919866559559579,-176.51592180371327,0.6385135135135135,0.3949324324324324,0.46418918918918917,0.7054054054054054,0.5527871621621622,False
GBPUSD1440_comma,daily,60,300,long_short,price_slow,0.005,-0.016358929940396005,-0.708421841990469,-0.9490507188489921,-0.06841395816032833,-0.23911684662446808,61,0.16393442622950818,0.624164533841007,-324.61113149131086,0.7976351351351352,0.28344594594594597,0.42027027027027025,0.525,0.5527195945945946,False
GBPUSD1440_comma,daily,60,150,long_only,fast_slope,0.0025,-0.009386895447527799,-1.0349120748862766,-1.3097975077520498,-0.05754107750174964,-0.16313381422588713,73,0.3287671232876712,0.6562090571231184,-189.51150739584796,0.4347972972972973,0.5324324324324324,0.7635135135135135,0.6195945945945946,0.5526689189189189,False
GBPUSD1440_comma,daily,5,100,long_only,slow_slope,0.0025,-0.011560836214484116,-0.9819331564080169,-1.2364662892996403,-0.0561101943478188,-0.20603807113588313,80,0.325,0.6423010012266216,-210.20773367223265,0.4918918918918919,0.5577702702702703,0.6472972972972973,0.5793918918918919,0.5525675675675675,False
GBPUSD1440_comma,daily,30,500,long_short,none,0.005,-0.020346319724172224,-0.7075349476769428,-0.9396638974760376,-0.05336715041445089,-0.38125175442499915,19,0.21052631578947367,0.39614543582844314,-1497.239561979796,0.7986486486486486,0.6172297297297298,0.3043918918918919,0.11858108108108108,0.5524324324324325,True
GBPUSD1440_comma,daily,10,250,long_only,none,0.001,-0.010680881990138613,-0.9664288200251028,-1.255906540901589,-0.049068524321513304,-0.21767277777000016,25,0.2,0.5006912394177261,-647.8518753805306,0.5118243243243243,0.6983108108108108,0.7,0.21891891891891893,0.5521452702702703,False
GBPUSD1440_comma,daily,30,150,long_only,slow_slope,0.0,-0.011651375286555243,-1.0004168213614848,-1.3098848428406191,-0.05169825778880627,-0.22537268729930016,52,0.2692307692307692,0.611143890960727,-331.61689946963077,0.4739864864864865,0.6452702702702703,0.6418918918918919,0.4847972972972973,0.5520101351351352,False
GBPUSD1440_comma,daily,20,75,long_short,price_slow,0.005,-0.019301082550369553,-0.7775363142721337,-1.0418654208040927,-0.06561940279898099,-0.2941368212310107,132,0.2803030303030303,0.7124492783224394,-182.9888008295115,0.7152027027027027,0.3489864864864865,0.33175675675675675,0.7472972972972973,0.5517736486486486,False
GBPUSD1440_comma,daily,5,250,long_only,slow_slope,0.005,-0.007797962330048924,-1.116066905672361,-1.472923080081896,-0.04677891258177332,-0.166698238579562,50,0.24,0.5885120897681061,-239.4272082574132,0.34425675675675677,0.7347972972972973,0.8358108108108108,0.4212837837837838,0.5517567567567567,False
GBPUSD1440_comma,daily,30,100,long_only,slow_slope,0.005,-0.010940390363917696,-1.0331120766024735,-1.2908685323450635,-0.04848222901905907,-0.22565774274975825,45,0.3111111111111111,0.5847564060440319,-355.0109712811748,0.4375,0.7074324324324325,0.6881756756756757,0.41216216216216217,0.5513175675675676,False
GBPUSD1440_comma,daily,75,300,long_short,none,0.005,-0.017977193077328812,-0.6872458532362087,-0.917211912012774,-0.0642366267706838,-0.2798589213207754,24,0.375,0.5606091785818034,-960.8556989948919,0.8236486486486486,0.3804054054054054,0.3706081081081081,0.3493243243243243,0.5510810810810811,False
GBPUSD1440_comma,daily,60,400,long_short,slow_slope,0.0,-0.019721182501415413,-0.7289186720187388,-0.9684106176033723,-0.058267675975913646,-0.33845836771604965,75,0.17333333333333334,0.5479085128217284,-326.34573105500795,0.7743243243243243,0.5175675675675676,0.32094594594594594,0.31722972972972974,0.5508952702702702,False
GBPUSD1440_comma,daily,50,150,long_only,none,0.0,-0.01283110724340375,-0.883700880157504,-1.090478358494262,-0.051914608267401,-0.24715793245156492,19,0.2631578947368421,0.5066188137327422,-949.1613701785127,0.6003378378378378,0.6422297297297297,0.577027027027027,0.22837837837837838,0.5503547297297298,True
GBPUSD1440_comma,daily,30,100,long_short,combined,0.0025,-0.01619194816192715,-0.8113801252843459,-1.0862416258832095,-0.0690606223012535,-0.23445992263572835,193,0.32642487046632124,0.7738119983601037,-106.93142079498746,0.677027027027027,0.26756756756756755,0.4280405405405405,0.8462837837837838,0.5502533783783783,False
GBPUSD1440_comma,daily,40,250,long_short,slow_slope,0.0,-0.018245644642735703,-0.7216810089879986,-0.9623846019014918,-0.06601714067124301,-0.27637738407358026,94,0.2127659574468085,0.6253180832201071,-237.75556490768332,0.7824324324324324,0.34054054054054056,0.36283783783783785,0.5280405405405405,0.5498817567567568,False
GBPUSD1440_comma,daily,10,300,long_short,slow_slope,0.005,-0.017342736423691107,-0.704514571277443,-0.9488188305220915,-0.06880244957042549,-0.25206568271874186,91,0.26373626373626374,0.6317749307317687,-236.4987098729469,0.802027027027027,0.2739864864864865,0.39054054054054055,0.5469594594594595,0.5494594594594595,False
GBPUSD1440_comma,daily,60,500,long_only,price_slow,0.0,-0.008089199780069278,-1.0497683153335857,-1.381353688539973,-0.042155284306212806,-0.19189052839283305,27,0.14814814814814814,0.3888775056732332,-515.3310842608521,0.4179054054054054,0.7989864864864865,0.822972972972973,0.11351351351351352,0.5485304054054054,False
GBPUSD1440_comma,daily,10,300,long_short,price_slow,0.0,-0.0211075832887081,-0.6950997588303371,-0.95218143817084,-0.0650106124586398,-0.3246790407048832,97,0.13402061855670103,0.6182448545437885,-259.94811719342255,0.8152027027027027,0.3601351351351351,0.27804054054054056,0.5091216216216217,0.5480912162162163,False
GBPUSD1440_comma,daily,10,250,long_only,slow_slope,0.0,-0.007804763016073801,-1.0820459614971893,-1.4283309465497145,-0.04856125415194064,-0.16071996393779098,49,0.24489795918367346,0.5623094716704314,-247.12136413913697,0.37905405405405407,0.7050675675675676,0.8347972972972973,0.35405405405405405,0.5479560810810811,False
GBPUSD1440_comma,daily,20,300,long_only,slow_slope,0.005,-0.006706461563003918,-1.0906921191625183,-1.4527462153104167,-0.0489108733113442,-0.13711596438513085,40,0.275,0.5521653088719323,-256.5750674888317,0.36993243243243246,0.7,0.8706081081081081,0.3287162162162162,0.546402027027027,False
GBPUSD1440_comma,daily,60,500,long_only,price_slow,0.001,-0.008115176695817516,-1.0568796632567659,-1.3906397782250872,-0.040917714762948754,-0.19832917705281672,26,0.11538461538461539,0.36107874891392927,-536.5414911383543,0.4077702702702703,0.8182432432432433,0.8206081081081081,0.09594594594594595,0.5461824324324325,False
GBPUSD1440_comma,daily,20,500,long_only,none,0.0025,-0.008607019190035703,-1.013902277867218,-1.322658464428945,-0.04448098017257551,-0.1934988652822518,12,0.3333333333333333,0.3236486945163189,-1148.4958066487764,0.4577702702702703,0.7692567567567568,0.8016891891891892,0.06858108108108107,0.5460472972972973,True
GBPUSD1440_comma,daily,30,500,long_only,fast_slope,0.0025,-0.005420132631395291,-1.2641983473035785,-1.729465167902696,-0.04995820160584694,-0.10849334958368351,70,0.2714285714285714,0.7100258906699827,-132.84524797641737,0.20574324324324325,0.6844594594594594,0.9054054054054054,0.7422297297297298,0.5458277027027028,False
GBPUSD1440_comma,daily,30,150,long_short,fast_slope,0.0,-0.01767073340731684,-0.7977834321458307,-1.064348567054296,-0.0688876425407216,-0.256515287148506,202,0.28217821782178215,0.7605233344872511,-111.70724359712796,0.6932432432432433,0.2722972972972973,0.3804054054054054,0.8246621621621621,0.545152027027027,False
GBPUSD1440_comma,daily,10,500,long_short,slow_slope,0.001,-0.019029915657686414,-0.7415368112200518,-0.9878936610530621,-0.05442463971010632,-0.3496562542085635,66,0.22727272727272727,0.4602055441846631,-342.6944703200073,0.7614864864864865,0.5908783783783784,0.33885135135135136,0.16689189189189188,0.5451182432432433,False
GBPUSD1440_comma,daily,10,250,long_only,price_slow,0.0025,-0.009830625022479444,-0.998067359996089,-1.3065895897722186,-0.05590057269773339,-0.17585911106198826,41,0.21951219512195122,0.5923477493422212,-361.21520061523034,0.47635135135135137,0.5618243243243243,0.7452702702702703,0.43344594594594593,0.5450675675675676,False
GBPUSD1440_comma,daily,10,75,long_only,price_slow,0.0,-0.014636624159207301,-0.9620974870966478,-1.2231897019235936,-0.05159996203880576,-0.2836557156418027,102,0.27450980392156865,0.6182989049603134,-210.15104222497067,0.5152027027027027,0.6472972972972973,0.49594594594594593,0.5097972972972973,0.5435641891891893,False
GBPUSD1440_comma,daily,60,400,long_short,slow_slope,0.001,-0.019336368144714844,-0.7296112469046948,-0.9743092817378035,-0.06103838280038558,-0.3167903089429934,73,0.1917808219178082,0.561871195969445,-331.1766774132886,0.7736486486486487,0.4570945945945946,0.3314189189189189,0.3527027027027027,0.5429222972972974,False
GBPUSD1440_comma,daily,100,250,long_short,slow_slope,0.0,-0.017747577604368292,-0.7407578630838276,-0.994145790933553,-0.06277434415666447,-0.28272023933975443,91,0.1978021978021978,0.5756125655336778,-242.6901847693722,0.7625,0.4155405405405405,0.37804054054054054,0.38885135135135135,0.542820945945946,False
GBPUSD1440_comma,daily,75,400,long_short,slow_slope,0.0,-0.020027577259193796,-0.7417052291381411,-0.9947271265999604,-0.057991531854521876,-0.3453534786671125,76,0.17105263157894737,0.5388407881524205,-324.3539234439124,0.7611486486486486,0.5236486486486487,0.31182432432432433,0.2976351351351351,0.5423817567567568,False
GBPUSD1440_comma,daily,20,300,long_only,slow_slope,0.0025,-0.007199491641538436,-1.087257605526054,-1.445540229676985,-0.04665400103420008,-0.15431670343259074,42,0.2857142857142857,0.5183586597243326,-261.2973952265172,0.37466216216216214,0.7364864864864865,0.8554054054054054,0.24763513513513513,0.5422128378378378,False
GBPUSD1440_comma,daily,60,300,long_short,none,0.0025,-0.019443666689902828,-0.6741181409699745,-0.9049297675196655,-0.06363166826082707,-0.3055658797157883,26,0.3076923076923077,0.5352046915682865,-948.9303449101127,0.8358108108108108,0.39425675675675675,0.3273648648648649,0.2908783783783784,0.5419932432432433,False
GBPUSD1440_comma,daily,60,500,long_short,none,0.005,-0.019732253960222157,-0.702415392960668,-0.9284517355151601,-0.055998808884452037,-0.35236917272540025,16,0.25,0.3774804668041147,-1668.5752780054881,0.8043918918918919,0.5597972972972973,0.3202702702702703,0.10777027027027027,0.5419256756756756,True
GBPUSD1440_comma,daily,60,75,long_short,fast_slope,0.0,-0.019788509815628297,-0.720356475736582,-0.9295366781164455,-0.07159718730765816,-0.27638669282629325,173,0.34104046242774566,0.7289624998933012,-141.56803234519802,0.7844594594594595,0.18986486486486487,0.3179054054054054,0.7793918918918918,0.5417398648648648,False
GBPUSD1440_comma,daily,10,250,long_only,slow_slope,0.005,-0.008010763840716306,-1.117613458668152,-1.4805766674890124,-0.04799888427215034,-0.1668947927059269,46,0.21739130434782608,0.58175848291152,-263.69190781206146,0.3422297297297297,0.7148648648648649,0.8266891891891892,0.40371621621621623,0.5415033783783784,False
GBPUSD1440_comma,daily,30,50,long_short,price_slow,0.001,-0.022750002704586603,-0.8183604424511364,-1.1115702166614283,-0.06094571584551085,-0.37328305015326724,199,0.2663316582914573,0.7133395788025493,-148.96880205164368,0.6702702702702703,0.4594594594594595,0.2304054054054054,0.7489864864864865,0.541402027027027,False
GBPUSD1440_comma,daily,20,250,long_short,slow_slope,0.0025,-0.020249011430795494,-0.7499981738644407,-0.9956394117012345,-0.06319744788585867,-0.3204086890876886,91,0.2087912087912088,0.6208771880022208,-270.54367325231084,0.7527027027027027,0.40405405405405403,0.30777027027027026,0.5175675675675676,0.5412837837837838,False
GBPUSD1440_comma,daily,100,200,long_only,fast_slope,0.005,-0.0072939437901378135,-1.1532886152533728,-1.5229779561488563,-0.05364460002376057,-0.13596790332870667,54,0.18518518518518517,0.6580082917226446,-205.0874077945935,0.310472972972973,0.6111486486486486,0.852027027027027,0.625,0.5411317567567567,False
GBPUSD1440_comma,daily,75,100,long_only,fast_slope,0.001,-0.010881400651933104,-1.0263748992857378,-1.2905485852775946,-0.05375198479381018,-0.20243718801591404,69,0.36231884057971014,0.6113074980028564,-233.1814115744714,0.4452702702702703,0.6074324324324324,0.6905405405405406,0.485472972972973,0.5408952702702703,False
GBPUSD1440_comma,daily,20,300,long_only,price_slow,0.001,-0.008705654632207405,-1.026729214379858,-1.3484803340217486,-0.053273432882495524,-0.16341456071376792,36,0.19444444444444445,0.552156924370418,-367.94356062004687,0.44425675675675674,0.6182432432432432,0.7966216216216216,0.32837837837837835,0.5408445945945947,False
GBPUSD1440_comma,daily,30,300,long_only,combined,0.0,-0.0061897636786212296,-1.3030932834423896,-1.7841850909535057,-0.04563282598309043,-0.13564278664036478,83,0.25301204819277107,0.6985976878779017,-114.59807953451802,0.16858108108108108,0.7547297297297297,0.8841216216216217,0.7185810810810811,0.5407263513513514,False
GBPUSD1440_comma,daily,40,50,long_short,none,0.0025,-0.019906035036224234,-0.922994349033998,-1.2240981930898862,-0.0536029910863921,-0.37136052732843994,118,0.4152542372881356,0.6737931062172021,-218.89376154649077,0.5618243243243243,0.6118243243243243,0.314527027027027,0.6665540540540541,0.5405743243243243,False
GBPUSD1440_comma,daily,20,300,long_short,slow_slope,0.0025,-0.01926418565137522,-0.7286342967442198,-0.9716133034447463,-0.06389970209817528,-0.30147535933387914,89,0.2808988764044944,0.5966625229072555,-272.2562869355814,0.7746621621621622,0.3881756756756757,0.3327702702702703,0.4445945945945946,0.540152027027027,False
GBPUSD1440_comma,daily,60,150,long_only,none,0.001,-0.013489356798767393,-0.9156593467707504,-1.1277049172623075,-0.0481741409242847,-0.28001239959771396,17,0.35294117647058826,0.4535557048324806,-1151.8541224531969,0.5699324324324324,0.7128378378378378,0.5493243243243243,0.15945945945945947,0.5399662162162163,True
GBPUSD1440_comma,daily,20,300,long_short,price_slow,0.005,-0.021519707042969793,-0.7351710771989145,-0.9824006619222695,-0.06157018072124181,-0.3495150865384006,68,0.19117647058823528,0.601376749436877,-384.0871334030688,0.7679054054054054,0.4445945945945946,0.26587837837837835,0.4560810810810811,0.5398986486486487,False
GBPUSD1440_comma,daily,5,250,long_only,price_slow,0.001,-0.01031715713402559,-0.9850828823644574,-1.2923282899155903,-0.055824065856508155,-0.18481558044419621,55,0.14545454545454545,0.5787216470451686,-281.30171824350117,0.4902027027027027,0.5631756756756757,0.7185810810810811,0.3945945945945946,0.5397804054054054,False
GBPUSD1440_comma,daily,5,250,long_only,price_slow,0.0,-0.010682372219467995,-0.9885014378064692,-1.2962107311231577,-0.055315704178867726,-0.1931164463698355,56,0.14285714285714285,0.5863156293695474,-285.1844764314383,0.4858108108108108,0.5716216216216217,0.6996621621621621,0.4168918918918919,0.539695945945946,False
GBPUSD1440_comma,daily,20,250,long_only,price_slow,0.001,-0.010212498463588071,-1.0086972649536092,-1.3187502518945013,-0.05412800571441548,-0.18867309683401579,47,0.1702127659574468,0.5791723424075946,-329.0825636884129,0.46554054054054056,0.5972972972972973,0.7226351351351351,0.39628378378378376,0.5395101351351351,False
GBPUSD1440_comma,daily,30,150,long_only,slow_slope,0.001,-0.011766041697453433,-1.0053652655527496,-1.3162132914440743,-0.05258272975055327,-0.22376247397710713,51,0.2549019607843137,0.5988370986491337,-341.13494642197674,0.46756756756756757,0.6314189189189189,0.6334459459459459,0.4510135135135135,0.539222972972973,False
GBPUSD1440_comma,daily,50,300,long_only,price_slow,0.005,-0.007616940653461413,-1.0769978369755953,-1.430050213410648,-0.052731552713827255,-0.14444749417485103,30,0.23333333333333334,0.5758000818229034,-381.7440866814039,0.38547297297297295,0.6283783783783784,0.8422297297297298,0.3891891891891892,0.5381081081081082,False
GBPUSD1440_comma,daily,40,500,long_only,price_slow,0.001,-0.008084074275042985,-1.0338373809552277,-1.3619881272477254,-0.04593548900641244,-0.17598755232396623,26,0.11538461538461539,0.3240697159934353,-534.8771888798886,0.43648648648648647,0.7513513513513513,0.8236486486486486,0.06891891891891892,0.5375,False
GBPUSD1440_comma,daily,50,150,long_short,slow_slope,0.0025,-0.023548993606659296,-0.7831709786821699,-1.0234303915523728,-0.05665335547142598,-0.4156681172845377,86,0.27906976744186046,0.614728387639992,-315.63225518836384,0.7084459459459459,0.5469594594594595,0.2087837837837838,0.5,0.536875,False
GBPUSD1440_comma,daily,10,100,long_only,slow_slope,0.0025,-0.011551737719381894,-0.9807170483707648,-1.2338984510837838,-0.05796250179255833,-0.1992967412056219,68,0.3088235294117647,0.6222367038519081,-247.1226662530662,0.4939189189189189,0.525,0.647972972972973,0.518918918918919,0.53625,False
GBPUSD1440_comma,daily,20,300,long_only,combined,0.001,-0.006404890444229316,-1.3419947134015082,-1.8280531173592605,-0.04614114390931724,-0.13881082915536436,107,0.3644859813084112,0.7321746309464615,-91.48787053403831,0.13986486486486485,0.7472972972972973,0.8787162162162162,0.7837837837837838,0.5360810810810811,False
GBPUSD1440_comma,daily,10,250,long_only,price_slow,0.0,-0.010664896567924798,-1.0022834151348203,-1.310420812337584,-0.05420165263774476,-0.19676330976849243,51,0.1568627450980392,0.575471394631787,-315.3771407052771,0.47128378378378377,0.5952702702702702,0.7013513513513514,0.3881756756756757,0.5358277027027027,False
GBPUSD1440_comma,daily,20,400,long_only,none,0.005,-0.007822297640021292,-1.009890824429904,-1.3225116585769867,-0.05067218240085416,-0.15437064814262735,14,0.2857142857142857,0.3734409815125924,-785.6151553448751,0.46385135135135136,0.668918918918919,0.8337837837837838,0.10574324324324325,0.5353885135135136,True
GBPUSD1440_comma,daily,30,200,long_short,fast_slope,0.0,-0.01876749166264624,-0.8177071369704408,-1.1041599361019698,-0.0676037409152256,-0.2776102536423315,194,0.26804123711340205,0.750055597120518,-126.62012689438097,0.6709459459459459,0.3043918918918919,0.3435810810810811,0.8094594594594594,0.5346114864864865,False
GBPUSD1440_comma,daily,75,500,long_only,combined,0.0,-0.004716873357962781,-1.4399443778719785,-1.9292996175111439,-0.040709889433112476,-0.11586554087091638,58,0.25862068965517243,0.6995635070795095,-126.43451407698163,0.08885135135135135,0.8216216216216217,0.9283783783783783,0.7199324324324324,0.5346114864864865,False
GBPUSD1440_comma,daily,40,400,long_only,none,0.0,-0.010054347911482742,-0.9707151919542877,-1.2420036749419099,-0.04741704829542753,-0.21204078011857797,8,0.5,0.2149755114384235,-1853.5542831999117,0.5081081081081081,0.7243243243243244,0.731081081081081,0.02668918918918919,0.534543918918919,True
GBPUSD1440_comma,daily,75,400,long_short,slow_slope,0.0025,-0.01986195003508784,-0.7441595659420788,-0.9964593629839582,-0.058979127895651594,-0.33676235549342903,71,0.16901408450704225,0.5325718968968447,-344.16968963282346,0.7584459459459459,0.5003378378378378,0.31655405405405407,0.28344594594594597,0.5342905405405405,False
GBPUSD1440_comma,daily,5,150,long_only,slow_slope,0.005,-0.011545887631910445,-1.0377531995962286,-1.3687130993825485,-0.05314277330724557,-0.2172616691484609,64,0.234375,0.6180432885073108,-267.22421499341226,0.4320945945945946,0.620945945945946,0.6496621621621622,0.5084459459459459,0.5342736486486487,False
GBPUSD1440_comma,daily,100,300,long_only,price_slow,0.0025,-0.006995147224247322,-1.152429251264266,-1.5342714855419868,-0.04952100333234467,-0.1412561691713229,32,0.1875,0.5899033984537149,-332.6439632720239,0.31148648648648647,0.691554054054054,0.8631756756756757,0.42533783783783785,0.533918918918919,False
GBPUSD1440_comma,daily,75,300,long_only,combined,0.0025,-0.006860336734817674,-1.3162711573184651,-1.7572193104164517,-0.044280109028705356,-0.15493043909106774,63,0.2857142857142857,0.6843859719623933,-165.8716071557156,0.15912162162162163,0.7736486486486487,0.8672297297297298,0.6888513513513513,0.5338344594594595,False
GBPUSD1440_comma,daily,60,150,long_short,slow_slope,0.001,-0.023179364581408013,-0.7706386801384633,-1.0131531636718276,-0.06008031272421257,-0.38580632374216406,98,0.2755102040816326,0.6270118452285046,-279.127293095312,0.7233108108108108,0.4783783783783784,0.21858108108108107,0.535472972972973,0.5329560810810812,False
GBPUSD1440_comma,daily,30,300,long_only,combined,0.005,-0.005839610272616147,-1.3091628533509514,-1.7947355230864792,-0.04854907087897739,-0.12028263706988473,79,0.25316455696202533,0.7093124610313719,-113.91281316556145,0.16554054054054054,0.7054054054054054,0.8949324324324325,0.7402027027027027,0.5325844594594595,False
GBPUSD1440_comma,daily,30,50,long_short,fast_slope,0.001,-0.021968194683934628,-0.8181909597532918,-1.1109736397035568,-0.06446612463542704,-0.34077113845714424,225,0.29333333333333333,0.739328170972868,-127.10417733331634,0.6706081081081081,0.37364864864864866,0.25506756756756754,0.7962837837837838,0.5321114864864865,False
GBPUSD1440_comma,daily,100,250,long_short,fast_slope,0.0,-0.018368044260697047,-0.8136608241380568,-1.0689259388222272,-0.06462087068936018,-0.2842432184022142,115,0.25217391304347825,0.668095874003906,-207.0772358696447,0.6746621621621621,0.3689189189189189,0.3581081081081081,0.6550675675675676,0.5319763513513514,False
GBPUSD1440_comma,daily,30,100,long_short,fast_slope,0.001,-0.018375973389894606,-0.7990556620997787,-1.0727494507344788,-0.06986852505545835,-0.26300789053881735,205,0.2926829268292683,0.7571658928048246,-114.27670217533877,0.691554054054054,0.24425675675675676,0.3567567567567568,0.8185810810810811,0.5318243243243244,False
GBPUSD1440_comma,daily,60,300,long_short,price_slow,0.0025,-0.01771077475085825,-0.7146970763392562,-0.9579929514210956,-0.06906178280144931,-0.2564482704099347,70,0.14285714285714285,0.6117490205349861,-312.0296355079814,0.7905405405405406,0.26722972972972975,0.37905405405405407,0.48614864864864865,0.5317567567567568,False
GBPUSD1440_comma,daily,75,100,long_only,combined,0.0025,-0.010070156632440486,-1.1509362207150817,-1.443712967337447,-0.047030418044844806,-0.21412007485960072,58,0.3620689655172414,0.6227038877830015,-258.2633312733901,0.31216216216216214,0.7304054054054054,0.7304054054054054,0.5209459459459459,0.5316891891891892,False
GBPUSD1440_comma,daily,10,50,long_only,price_slow,0.0,-0.015340487539445613,-1.0083142736458421,-1.3605406432052405,-0.05025359753897711,-0.30526147958954386,122,0.2459016393442623,0.6339517472751808,-186.99334434832824,0.46587837837837837,0.6780405405405405,0.46452702702702703,0.552027027027027,0.531570945945946,False
GBPUSD1440_comma,daily,60,100,long_only,none,0.0025,-0.01045800459422086,-0.9488237307320181,-1.1904501759344575,-0.058322572131566636,-0.1793131580450401,28,0.39285714285714285,0.5456219569052221,-553.654931449938,0.5327702702702702,0.5155405405405405,0.7121621621621622,0.31351351351351353,0.5314527027027026,False
GBPUSD1440_comma,daily,60,100,long_short,fast_slope,0.001,-0.018516175348123443,-0.7384425687773452,-0.9481147300280472,-0.07101650211420085,-0.2607306019993464,143,0.32167832167832167,0.681448905218871,-164.14387645453806,0.7648648648648648,0.21047297297297296,0.35135135135135137,0.683445945945946,0.5313513513513514,False
GBPUSD1440_comma,daily,60,75,long_only,fast_slope,0.005,-0.0038408583004599928,-1.5649699501141858,-2.0794617228413235,-0.029594776865875975,-0.129781627273854,27,0.4074074074074074,0.6471550338805677,-221.6106391561491,0.058445945945945946,0.9135135135135135,0.9486486486486486,0.5945945945945946,0.5306756756756756,False
GBPUSD1440_comma,daily,30,250,long_only,fast_slope,0.0,-0.008868440530540811,-1.1869117351572742,-1.6023056983826525,-0.05131887252236272,-0.1728105099479007,94,0.23404255319148937,0.6688878077242648,-144.76096770554676,0.27668918918918917,0.6543918918918918,0.7878378378378378,0.6577702702702702,0.5305067567567567,False
GBPUSD1440_comma,daily,50,400,long_only,none,0.005,-0.009764285209775236,-1.0071621928106649,-1.2908739379770908,-0.04646676620715985,-0.21013481261518696,9,0.3333333333333333,0.30604079038635207,-1617.455844966461,0.46621621621621623,0.7415540540540541,0.7476351351351351,0.05810810810810811,0.5301182432432432,True
GBPUSD1440_comma,daily,30,100,long_short,combined,0.0,-0.017623064490516427,-0.8100214512704972,-1.0823696435714163,-0.07055851275565479,-0.24976524875949935,213,0.3145539906103286,0.7706719806240431,-105.68900361539515,0.6787162162162163,0.22398648648648647,0.3824324324324324,0.8408783783783784,0.5301013513513513,False
GBPUSD1440_comma,daily,50,300,long_short,none,0.001,-0.02042008762593006,-0.6812034344063532,-0.9165676768066657,-0.06680694218972859,-0.3056581689959401,28,0.25,0.5726363120915797,-886.3919381055006,0.8293918918918919,0.3222972972972973,0.30202702702702705,0.38141891891891894,0.5299493243243243,False
GBPUSD1440_comma,daily,40,50,long_short,fast_slope,0.0,-0.025154401186947006,-0.8162380132916117,-1.1043284880360051,-0.06112579534888714,-0.4115185911835333,229,0.28820960698689957,0.7119169969989292,-140.64010166029445,0.6722972972972973,0.45472972972972975,0.17601351351351352,0.7456081081081081,0.5296452702702702,False
GBPUSD1440_comma,daily,30,500,long_only,price_slow,0.0,-0.008672442129304625,-1.042070948869313,-1.3729207774974221,-0.04591443766456552,-0.1888826820152386,31,0.12903225806451613,0.3305689024492303,-474.90122096065153,0.4266891891891892,0.7516891891891891,0.797972972972973,0.075,0.5294425675675676,False
GBPUSD1440_comma,daily,100,400,long_only,none,0.0025,-0.009915864165832788,-0.9877176025859916,-1.2785193357144624,-0.046305729691011134,-0.21413903272876522,7,0.14285714285714285,0.018929333642333648,-2109.5086217318308,0.4868243243243243,0.7442567567567567,0.7398648648648649,0.002364864864864865,0.5291216216216216,True
GBPUSD1440_comma,daily,50,100,long_only,fast_slope,0.0025,-0.00948846152452909,-1.094700114162222,-1.4685736150906787,-0.055902106980623374,-0.1697335223485933,85,0.3058823529411765,0.6525008260634622,-165.61004642979196,0.36283783783783785,0.5614864864864865,0.7577702702702702,0.6121621621621621,0.5288851351351351,False
GBPUSD1440_comma,daily,30,250,long_only,combined,0.0,-0.005776902627914748,-1.2696330315205633,-1.7289976490583951,-0.053471708054764325,-0.10803662044979367,78,0.2564102564102564,0.723648487353773,-117.7460313695226,0.20135135135135135,0.6141891891891892,0.8972972972972973,0.7665540540540541,0.5285304054054054,False
GBPUSD1440_comma,daily,20,500,long_only,price_slow,0.001,-0.00869037287990615,-1.0454838235810315,-1.3792604564057138,-0.04519185977657065,-0.19229951860515382,28,0.17857142857142858,0.3164635092656761,-526.6666178453945,0.422972972972973,0.7597972972972973,0.7976351351351352,0.06351351351351352,0.5281925675675676,False
GBPUSD1440_comma,daily,20,150,long_short,fast_slope,0.0,-0.02084293077577648,-0.8350034906276877,-1.0816318520676278,-0.06554845464206842,-0.3179774548399448,252,0.3412698412698413,0.7417410699351644,-106.0819453444136,0.6560810810810811,0.3510135135135135,0.2902027027027027,0.7983108108108108,0.527972972972973,False
GBPUSD1440_comma,daily,30,250,long_short,combined,0.0025,-0.016573379806700372,-0.8647806947386134,-1.1759665220730404,-0.06767860685387793,-0.24488358400289278,169,0.26627218934911245,0.7369425522032726,-129.724548656318,0.6256756756756757,0.3010135135135135,0.4155405405405405,0.7932432432432432,0.5276182432432432,False
GBPUSD1440_comma,daily,50,400,long_only,none,0.001,-0.009883495506686657,-0.9737174944812884,-1.2439762371734413,-0.05012508832273744,-0.19717662027945726,8,0.375,0.27970538113402654,-1776.0969933579163,0.5033783783783784,0.6817567567567567,0.7425675675675676,0.04391891891891892,0.5268918918918919,True
GBPUSD1440_comma,daily,60,200,long_only,price_slow,0.001,-0.010014559312728766,-1.0173996059688024,-1.3502063124017147,-0.057828569435571,-0.17317667392561675,48,0.1875,0.5941694607870823,-306.79800261576287,0.4543918918918919,0.5266891891891892,0.7331081081081081,0.43682432432432433,0.5255743243243244,False
GBPUSD1440_comma,daily,100,300,long_only,none,0.001,-0.012703290688150903,-0.9949540426203606,-1.2896534895123228,-0.04190705546836027,-0.30313011845324844,12,0.3333333333333333,0.3712009698568971,-1547.0698977280954,0.4793918918918919,0.8054054054054054,0.5827702702702703,0.1043918918918919,0.525320945945946,True
GBPUSD1440_comma,daily,20,500,long_only,price_slow,0.0,-0.008711909765748871,-1.0421794537591884,-1.3742750611875267,-0.046244481649628674,-0.1883880942109949,29,0.10344827586206896,0.3102497570319813,-509.52954873031496,0.4260135135135135,0.7452702702702703,0.7959459459459459,0.05945945945945946,0.5248310810810811,False
GBPUSD1440_comma,daily,30,500,long_only,price_slow,0.001,-0.008733682754968664,-1.0456367850017612,-1.3778826525930425,-0.046511612902560895,-0.18777423980684604,31,0.12903225806451613,0.3291971583516343,-477.62465071451703,0.4226351351351351,0.7405405405405405,0.7952702702702703,0.07432432432432433,0.5243918918918918,False
GBPUSD1440_comma,daily,75,150,long_only,slow_slope,0.005,-0.009625068445384688,-1.063839945846963,-1.3956177529912652,-0.048394997732842185,-0.19888560587436188,33,0.30303030303030304,0.5166259973612956,-435.28188836257,0.4,0.7087837837837838,0.7523648648648649,0.24425675675675676,0.5243074324324325,False
GBPUSD1440_comma,daily,20,250,long_only,none,0.0025,-0.011003493344065696,-0.9614551217051643,-1.2289276305185182,-0.053638033157931135,-0.2051434904719036,18,0.2777777777777778,0.47920074837487614,-892.5412094590728,0.5155405405405405,0.6114864864864865,0.683445945945946,0.18885135135135134,0.5241047297297298,True
GBPUSD1440_comma,daily,50,300,long_only,price_slow,0.001,-0.008231890245599116,-1.0565534644199415,-1.3973236051129483,-0.058125292896968196,-0.1416232045521183,37,0.16216216216216217,0.5974999295103278,-314.14772805637847,0.40878378378378377,0.5206081081081081,0.816554054054054,0.4472972972972973,0.5240709459459458,False
GBPUSD1440_comma,daily,40,500,long_short,none,0.0025,-0.021278005608237782,-0.7013414810315679,-0.9201919683664347,-0.057988676617820964,-0.3669338024123604,18,0.16666666666666666,0.3725085817305599,-1645.1399063917358,0.8054054054054054,0.5239864864864865,0.27533783783783783,0.10540540540540541,0.5240371621621622,True
GBPUSD1440_comma,daily,20,400,long_only,price_slow,0.0025,-0.007913681757727664,-1.0178441555481346,-1.345227745285681,-0.05273012566040791,-0.15007894744445116,26,0.19230769230769232,0.41696812283797724,-454.8856415681678,0.45337837837837835,0.6287162162162162,0.8297297297297297,0.13006756756756757,0.5239864864864865,False
GBPUSD1440_comma,daily,20,300,long_only,combined,0.0,-0.006685531667160349,-1.3479691090864048,-1.8367483918136456,-0.04817867559439386,-0.1387653683850597,110,0.36363636363636365,0.72692368980705,-92.6987502800043,0.13682432432432431,0.7125,0.8719594594594594,0.7760135135135136,0.5236486486486487,False
GBPUSD1440_comma,daily,100,200,long_short,combined,0.005,-0.017536952892629465,-0.832907761249178,-1.0995278566345597,-0.06656900621772545,-0.2634402087252411,109,0.23853211009174313,0.6790070510707377,-209.05103848938253,0.658445945945946,0.3266891891891892,0.3847972972972973,0.6773648648648649,0.523614864864865,False
GBPUSD1440_comma,daily,50,150,long_short,slow_slope,0.0,-0.02365588315246059,-0.766842645269944,-1.0100198241707918,-0.06188286601733602,-0.38226870658888956,104,0.2692307692307692,0.6284248672245673,-264.10247834210884,0.7307432432432432,0.435472972972973,0.2070945945945946,0.5398648648648648,0.5235641891891891,False
GBPUSD1440_comma,daily,50,500,long_only,price_slow,0.001,-0.008549675416371305,-1.0500517563227727,-1.3817010767259748,-0.04634349527107028,-0.18448490702660492,27,0.1111111111111111,0.3172560435193938,-538.9798279920922,0.4172297297297297,0.7439189189189189,0.8047297297297298,0.06486486486486487,0.5235472972972973,False
GBPUSD1440_comma,daily,30,100,long_short,fast_slope,0.005,-0.017562136613266,-0.838484550904358,-1.1174689461525527,-0.06937442365467,-0.25315001823562955,176,0.3068181818181818,0.7428660040924459,-125.99465918614251,0.6533783783783784,0.2597972972972973,0.3837837837837838,0.8013513513513514,0.5232601351351351,False
GBPUSD1440_comma,daily,60,100,long_only,slow_slope,0.0025,-0.010725679929551757,-1.0158576709178717,-1.2711695962271097,-0.05475485568349741,-0.19588545701864346,43,0.27906976744186046,0.5688783170864963,-364.7107625522019,0.45506756756756755,0.5837837837837838,0.6972972972972973,0.3712837837837838,0.5231250000000001,False
GBPUSD1440_comma,daily,30,250,long_only,none,0.0025,-0.011259403341600804,-0.9555380176475926,-1.2268284073401994,-0.05307686834439089,-0.21213390489702255,16,0.3125,0.45061815086922596,-1025.8302219986233,0.5243243243243243,0.6226351351351351,0.6699324324324324,0.1581081081081081,0.5230912162162162,True
GBPUSD1440_comma,daily,75,400,long_short,slow_slope,0.001,-0.020786201071291144,-0.7534901512290424,-1.0086913952011012,-0.058724293453385826,-0.3539625570427819,76,0.15789473684210525,0.524341233005158,-336.00956342076387,0.7466216216216216,0.5057432432432433,0.2918918918918919,0.26182432432432434,0.5227364864864865,False
GBPUSD1440_comma,daily,20,250,long_only,none,0.0,-0.01163722837669412,-0.9500498772398666,-1.2107921158314097,-0.053260673323950486,-0.21849570518780959,18,0.2777777777777778,0.46920847775061697,-958.8573654707299,0.5320945945945946,0.6185810810810811,0.6429054054054054,0.1766891891891892,0.5225675675675676,True
GBPUSD1440_comma,daily,20,300,long_only,price_slow,0.0025,-0.009511435888242326,-1.0517661043910689,-1.3835156229526884,-0.051259896921525334,-0.18555316064727068,34,0.14705882352941177,0.5272663963603307,-412.12659305687254,0.4141891891891892,0.6560810810810811,0.7567567567567568,0.2702702702702703,0.5215878378378379,False
GBPUSD1440_comma,daily,30,150,long_short,fast_slope,0.001,-0.01867330670591727,-0.8164627405004462,-1.0873855582021585,-0.06982602195612729,-0.26742618557949616,200,0.285,0.7496828521766629,-119.16942252963626,0.6719594594594595,0.24594594594594596,0.3456081081081081,0.808445945945946,0.5206587837837838,False
GBPUSD1440_comma,daily,20,100,long_short,fast_slope,0.005,-0.019038065664961912,-0.8821833352940747,-1.1967583237687174,-0.06424825702499554,-0.29632034465238843,216,0.3287037037037037,0.7275321612526884,-114.7517490520665,0.6033783783783784,0.37905405405405407,0.3385135135135135,0.777027027027027,0.5203716216216216,False
GBPUSD1440_comma,daily,50,75,long_only,combined,0.005,-0.007462633517519968,-1.2789656830696339,-1.7242444564395507,-0.04203702994798883,-0.17752523255694475,53,0.37735849056603776,0.6131200242443037,-213.52241969493994,0.19054054054054054,0.8030405405405405,0.8462837837837838,0.49425675675675673,0.5203716216216216,False
GBPUSD1440_comma,daily,100,250,long_only,combined,0.001,-0.006424225779041892,-1.3128679741807017,-1.7481645543559017,-0.04836894722318987,-0.13281715124785431,64,0.21875,0.6808734815284815,-153.39600437843524,0.1625,0.7094594594594594,0.8783783783783784,0.6817567567567567,0.520304054054054,False
GBPUSD1440_comma,daily,20,200,long_only,none,0.0,-0.011279866812789807,-0.9216386028950572,-1.1784259319616401,-0.05813399404137836,-0.19403220093154228,18,0.2222222222222222,0.4955261273192665,-913.3897713786947,0.5638513513513513,0.5199324324324325,0.6675675675675675,0.20777027027027026,0.5202027027027027,True
GBPUSD1440_comma,daily,30,400,long_only,combined,0.0025,-0.005378602909337449,-1.3305839314072996,-1.825494876439042,-0.05104229917285142,-0.10537540425291503,75,0.24,0.7195461193101205,-110.31124829070873,0.14831081081081082,0.6608108108108108,0.9081081081081082,0.7597972972972973,0.5201182432432433,False
GBPUSD1440_comma,daily,30,100,long_only,fast_slope,0.0,-0.010814747908405975,-1.1006664935085668,-1.4914896508739832,-0.05718261404967506,-0.1891265044128816,112,0.24107142857142858,0.6881678765593475,-143.2011968744967,0.35574324324324325,0.5375,0.6935810810810811,0.6976351351351351,0.5200337837837838,False
GBPUSD1440_comma,daily,75,500,long_only,price_slow,0.001,-0.008093574050173746,-1.0878540432479493,-1.434944028682903,-0.04431002495105483,-0.18265785359213782,27,0.1111111111111111,0.3453317035512595,-515.5565120303555,0.3733108108108108,0.772972972972973,0.8222972972972973,0.08479729729729729,0.5197466216216217,False
GBPUSD1440_comma,daily,40,250,long_only,price_slow,0.005,-0.008904374527458292,-1.0502617857952354,-1.3843543320241884,-0.056937322263946814,-0.15638906385832296,34,0.20588235294117646,0.5806105785162762,-387.65010294553514,0.4168918918918919,0.5422297297297297,0.7844594594594595,0.4010135135135135,0.5193581081081081,False
GBPUSD1440_comma,daily,30,400,long_short,slow_slope,0.0025,-0.021156003028611203,-0.7535922818503338,-0.9952376691460105,-0.05948094841706378,-0.3556769619790059,78,0.21794871794871795,0.5339937537907872,-340.78589169041686,0.7462837837837838,0.48952702702702705,0.2760135135135135,0.2875,0.519222972972973,False
GBPUSD1440_comma,daily,40,500,long_only,price_slow,0.0,-0.008790357448569264,-1.0467933425659945,-1.378700072274301,-0.04723659319325533,-0.18609211321836805,30,0.13333333333333333,0.32172868196901133,-496.1475357288092,0.4212837837837838,0.7273648648648648,0.7922297297297297,0.06689189189189189,0.5188344594594595,False
GBPUSD1440_comma,daily,5,75,long_short,slow_slope,0.001,-0.02151163474102935,-0.7330072862582061,-0.9558052980635834,-0.07254836810503489,-0.29651438485680337,209,0.32057416267942584,0.7319360519599064,-131.4607613083574,0.7706081081081081,0.15777027027027027,0.2668918918918919,0.7831081081081082,0.5185304054054054,False
GBPUSD1440_comma,daily,60,400,long_short,slow_slope,0.005,-0.019933673390493678,-0.7493396074194308,-1.002264087846489,-0.061395475256854154,-0.32467658743741534,70,0.18571428571428572,0.5306916464659589,-349.7663337681578,0.754054054054054,0.4486486486486487,0.3141891891891892,0.27871621621621623,0.5184290540540542,False
GBPUSD1440_comma,daily,100,300,long_short,none,0.005,-0.018801665935335055,-0.7087850152785655,-0.9441860194888126,-0.06456779886773464,-0.29119261094604987,21,0.38095238095238093,0.5213101904218274,-1167.6772045621806,0.7962837837837838,0.3716216216216216,0.3422297297297297,0.25506756756756754,0.518125,False
GBPUSD1440_comma,daily,75,400,long_short,slow_slope,0.005,-0.019742972049582863,-0.7513354293043271,-1.0031016409218085,-0.06129570216718427,-0.32209390465474774,70,0.17142857142857143,0.5276055471651688,-348.87859074274746,0.7516891891891891,0.4510135135135135,0.3195945945945946,0.27094594594594595,0.5179898648648649,False
GBPUSD1440_comma,daily,60,300,long_only,price_slow,0.005,-0.00825472431297336,-1.1071439787784554,-1.4669680607283586,-0.052302201947462164,-0.15782747199181546,29,0.20689655172413793,0.5674759161006503,-429.1251589772541,0.3510135135135135,0.6358108108108108,0.8152027027027027,0.36824324324324326,0.5176351351351351,False
GBPUSD1440_comma,daily,10,500,long_short,slow_slope,0.0,-0.02036815573603712,-0.7579083729844983,-1.0077597467364325,-0.05633670621109777,-0.36154324783767344,67,0.22388059701492538,0.43826868734524976,-358.65369045827356,0.7408783783783783,0.5533783783783783,0.3037162162162162,0.14695945945945946,0.517483108108108,False
GBPUSD1440_comma,daily,30,400,long_only,none,0.0,-0.010324270918514178,-0.9858158809156605,-1.256934089826128,-0.04993649603337662,-0.20674800473813038,10,0.4,0.2816741066606157,-1548.9480642602189,0.4891891891891892,0.6851351351351351,0.7182432432432433,0.04560810810810811,0.5174493243243243,True
GBPUSD1440_comma,daily,30,300,long_only,price_slow,0.0025,-0.009412901764623616,-1.0600540652294719,-1.3910823490399375,-0.05236100817961123,-0.1797692995584621,35,0.14285714285714285,0.5386077275778157,-395.63069498275064,0.40337837837837837,0.6347972972972973,0.7618243243243243,0.2972972972972973,0.5170101351351352,False
GBPUSD1440_comma,daily,50,250,long_short,none,0.005,-0.019435293146452537,-0.6929456359594691,-0.926021730704309,-0.0673014569429246,-0.28877967921162173,27,0.2222222222222222,0.5455802320990333,-907.0145746907305,0.8162162162162162,0.31013513513513513,0.32837837837837835,0.31317567567567567,0.5166722972972972,False
GBPUSD1440_comma,daily,30,75,long_short,fast_slope,0.001,-0.020452205588201378,-0.8245308576741462,-1.10763375003508,-0.06827108858210894,-0.2995734506796932,212,0.2971698113207547,0.7345164153138398,-125.23943332035226,0.664527027027027,0.2885135135135135,0.30067567567567566,0.7902027027027027,0.5166047297297297,False
GBPUSD1440_comma,daily,30,250,long_only,combined,0.005,-0.006325473843390328,-1.3273456845773104,-1.8005035369886127,-0.050310563110997145,-0.12572854391303112,74,0.22972972972972974,0.7088125931807916,-123.37912890114603,0.15101351351351353,0.6760135135135135,0.8810810810810811,0.7385135135135135,0.5164020270270271,False
GBPUSD1440_comma,daily,20,500,long_only,price_slow,0.0025,-0.008883272323946478,-1.0577198635170602,-1.3952855635596835,-0.04778014466062289,-0.1859197452632968,26,0.23076923076923078,0.3837929567720267,-544.8591453036931,0.40675675675675677,0.7179054054054054,0.7858108108108108,0.11013513513513513,0.5158614864864864,False
GBPUSD1440_comma,daily,75,300,long_short,slow_slope,0.0,-0.019202488760678538,-0.7392984714745847,-0.9945441053148698,-0.06568597167549695,-0.2923377438266884,92,0.2391304347826087,0.5702773285777634,-270.6182186232091,0.7641891891891892,0.34797297297297297,0.33378378378378376,0.37567567567567567,0.5157770270270271,False
GBPUSD1440_comma,daily,30,500,long_only,none,0.005,-0.009033483161172029,-1.031494218956909,-1.342389908681774,-0.04732739799824808,-0.19087217010126822,9,0.2222222222222222,0.13647332745262516,-1870.7971682299742,0.43885135135135134,0.7263513513513513,0.7814189189189189,0.014527027027027028,0.5155912162162163,True
GBPUSD1440_comma,daily,5,500,long_short,slow_slope,0.0025,-0.02049672547929038,-0.7676676003773228,-1.023121782099618,-0.05633824010774263,-0.3638155086153195,73,0.2328767123287671,0.4645743246348408,-338.3512669318079,0.7287162162162162,0.5530405405405405,0.29864864864864865,0.17297297297297298,0.5154222972972973,False
GBPUSD1440_comma,daily,75,400,long_only,price_slow,0.0025,-0.008840169319064173,-1.0899700794840745,-1.4482171662906294,-0.045443389689916,-0.19453146825941614,32,0.1875,0.4137060099320463,-414.67643420151444,0.37094594594594593,0.7574324324324324,0.7898648648648648,0.12905405405405404,0.5150675675675676,False
GBPUSD1440_comma,daily,40,100,long_short,combined,0.0025,-0.018517561444385877,-0.8001568387969673,-1.032198292692172,-0.07130966865317377,-0.2596781305274193,176,0.2897727272727273,0.735756230221465,-135.04727071569758,0.6912162162162162,0.1983108108108108,0.3510135135135135,0.7915540540540541,0.515,False
GBPUSD1440_comma,daily,60,250,long_short,none,0.001,-0.020462676272664737,-0.6727374841861463,-0.9155350502226324,-0.0683014258597013,-0.2995936909823427,28,0.25,0.5505177667472587,-941.1739940216567,0.8371621621621622,0.2868243243243243,0.2996621621621622,0.32263513513513514,0.5148986486486486,False
GBPUSD1440_comma,daily,20,250,long_short,slow_slope,0.001,-0.02095273170708256,-0.7568659664557671,-1.0044119801216775,-0.0647646463837214,-0.3235211319296114,94,0.2127659574468085,0.6050503249258535,-274.2718284885982,0.7412162162162163,0.36486486486486486,0.28445945945945944,0.4672297297297297,0.514679054054054,False
GBPUSD1440_comma,daily,10,300,long_short,slow_slope,0.0,-0.019189059763249805,-0.7127254735363203,-0.9645031760452606,-0.06998507913486318,-0.27418786976395293,105,0.26666666666666666,0.6056000793919898,-223.5466931197527,0.7932432432432432,0.23952702702702702,0.3344594594594595,0.4702702702702703,0.5146114864864866,False
GBPUSD1440_comma,daily,10,300,long_short,slow_slope,0.001,-0.019180297174937966,-0.7176262692677055,-0.9716211508548013,-0.06997965730940008,-0.27408389684071166,103,0.2815533980582524,0.6099196481840163,-228.7440662260924,0.7875,0.2402027027027027,0.33513513513513515,0.48277027027027025,0.5144932432432433,False
GBPUSD1440_comma,daily,60,150,long_only,slow_slope,0.0,-0.01189491502761586,-1.022892682120198,-1.3444224004039518,-0.053430440656536564,-0.2226243108133652,51,0.2549019607843137,0.5689396777961111,-340.45808131516037,0.4486486486486487,0.6152027027027027,0.6273648648648649,0.3716216216216216,0.5144763513513514,False
GBPUSD1440_comma,daily,40,500,long_only,price_slow,0.0025,-0.008761220604320163,-1.05290414324324,-1.3852287821290703,-0.04735955042844415,-0.1849937451910053,26,0.11538461538461539,0.3083103669218335,-570.9347038610489,0.4131756756756757,0.7256756756756757,0.793918918918919,0.058445945945945946,0.5142398648648648,False
GBPUSD1440_comma,daily,5,75,long_short,none,0.0,-0.025235291396767723,-0.7068457808115364,-0.9572117468485967,-0.07228069268071377,-0.3491290752876405,156,0.2692307692307692,0.729006207877595,-203.53728868547026,0.7996621621621621,0.16587837837837838,0.17398648648648649,0.7797297297297298,0.5130912162162162,False
GBPUSD1440_comma,daily,20,250,long_only,slow_slope,0.005,-0.00882458694915067,-1.1421529280922402,-1.5041422854500623,-0.04823252850698078,-0.18295924394412522,43,0.2558139534883721,0.5491569614975453,-295.48640929418394,0.3212837837837838,0.7118243243243243,0.7908783783783784,0.3199324324324324,0.5126351351351351,False
GBPUSD1440_comma,daily,20,500,long_only,none,0.001,-0.009926222359930126,-1.0286419166649932,-1.336357447862584,-0.046348894376021105,-0.21416308832310615,10,0.2,0.13262002569147863,-1846.0970345518376,0.4418918918918919,0.7435810810810811,0.7388513513513514,0.01418918918918919,0.5125506756756758,True
GBPUSD1440_comma,daily,5,75,long_only,slow_slope,0.0,-0.012284930092033797,-0.9576119853131058,-1.2224579578009038,-0.06732140397774855,-0.1824817868637184,114,0.34210526315789475,0.6862928941992423,-157.9594582958377,0.5222972972972973,0.3097972972972973,0.6074324324324324,0.6945945945945946,0.512043918918919,False
GBPUSD1440_comma,daily,75,500,long_short,combined,0.001,-0.015253054249257603,-0.9121164646967072,-1.1981917090175738,-0.06446706795219356,-0.236602264284281,124,0.25,0.6650113361151403,-157.6635913466067,0.5716216216216217,0.3733108108108108,0.46756756756756757,0.6432432432432432,0.5119763513513513,False
GBPUSD1440_comma,daily,30,250,long_only,fast_slope,0.0025,-0.008108680900424714,-1.1916274718865498,-1.6145566340666455,-0.05692853448990306,-0.1424361433695941,91,0.23076923076923078,0.6819444378591542,-132.29552727019237,0.2733108108108108,0.5425675675675675,0.8212837837837837,0.6837837837837838,0.5117905405405405,False
GBPUSD1440_comma,daily,40,100,long_short,combined,0.0,-0.01919806735350127,-0.7916053090877431,-1.0208831473585602,-0.07167063241062228,-0.26786518700588346,193,0.29015544041450775,0.7359434324115021,-125.81374799299253,0.6983108108108108,0.18716216216216217,0.3341216216216216,0.7918918918918919,0.511722972972973,False
GBPUSD1440_comma,daily,50,400,long_only,none,0.0,-0.010370332891510792,-0.9816171039202841,-1.253982548782045,-0.05093910833036636,-0.20358292933307431,8,0.625,0.25329165231512374,-1828.7096339387233,0.4925675675675676,0.6631756756756757,0.7168918918918918,0.03682432432432432,0.511722972972973,True
GBPUSD1440_comma,daily,40,75,long_only,price_slow,0.0025,-0.01302643867932396,-1.0698248169018125,-1.3709082201117682,-0.05486927364858336,-0.23740862258817752,87,0.25287356321839083,0.6561842525807496,-215.51805224983525,0.3956081081081081,0.5817567567567568,0.5706081081081081,0.6192567567567567,0.5106925675675675,False
GBPUSD1440_comma,daily,5,300,long_only,none,0.005,-0.009691379007855105,-1.0403767188103603,-1.3595407412822438,-0.05457889912621662,-0.1775664068533752,31,0.25806451612903225,0.5313093036441494,-467.3067099244235,0.42905405405405406,0.5875,0.7503378378378378,0.2797297297297297,0.5105236486486486,False
GBPUSD1440_comma,daily,60,200,long_only,price_slow,0.0,-0.010355745488537571,-1.0179375193569367,-1.3499709358698337,-0.05882899547256307,-0.17603131594125776,50,0.16,0.5807422654076165,-308.10875581962074,0.4527027027027027,0.5027027027027027,0.7175675675675676,0.40135135135135136,0.5104729729729729,False
GBPUSD1440_comma,daily,5,200,long_short,price_slow,0.005,-0.022272977621836554,-0.7131099885729483,-0.9241574597411598,-0.07037414798702937,-0.31649374463391977,82,0.17073170731707318,0.6418230779434486,-320.0882542832079,0.7929054054054054,0.2277027027027027,0.2462837837837838,0.5787162162162162,0.5101520270270271,False
GBPUSD1440_comma,daily,30,400,long_only,combined,0.001,-0.005650473084768515,-1.3197302221961646,-1.8215121292634422,-0.053860243326853095,-0.10490990637525321,77,0.23376623376623376,0.7266997428255765,-112.65600394799135,0.15574324324324323,0.6050675675675675,0.9006756756756756,0.7739864864864865,0.5097972972972973,False
GBPUSD1440_comma,daily,20,150,long_short,fast_slope,0.001,-0.022276688301609004,-0.8670933947412895,-1.118102845778687,-0.06381162798847861,-0.3491007674280169,251,0.33067729083665337,0.7181650308651789,-113.37845151923653,0.6226351351351351,0.39087837837837835,0.24594594594594596,0.7577702702702702,0.5096283783783784,False
GBPUSD1440_comma,daily,50,250,long_only,none,0.001,-0.01235036340506146,-0.9485881732908714,-1.2339574722017588,-0.05195561566336331,-0.2377098846269733,16,0.25,0.36467646689744093,-1082.96606798752,0.5337837837837838,0.6412162162162162,0.6030405405405406,0.10067567567567567,0.509527027027027,True
GBPUSD1440_comma,daily,10,75,long_short,price_slow,0.0025,-0.02342989085326519,-0.7674282779366204,-1.0371858176583615,-0.06766754461566021,-0.34625005216818283,159,0.27044025157232704,0.6728706868830413,-185.29750491649628,0.7293918918918919,0.30202702702702705,0.21283783783783783,0.664527027027027,0.5095101351351352,False
GBPUSD1440_comma,daily,40,50,long_only,slow_slope,0.005,-0.0028192534233892896,-1.9232637862318311,-2.569007936698572,-0.0381506547987215,-0.07389790393541995,23,0.4782608695652174,0.6750516446659434,-192.41847365222068,0.007094594594594595,0.8489864864864864,0.9685810810810811,0.6712837837837838,0.5094932432432433,False
GBPUSD1440_comma,daily,100,200,long_only,none,0.0025,-0.011942011453139334,-0.9665286435470865,-1.2543942092106264,-0.05012713015710199,-0.23823449329160118,14,0.2857142857142857,0.3147827792345255,-1251.467203541677,0.5114864864864865,0.6814189189189189,0.6253378378378378,0.0625,0.5093918918918919,True
GBPUSD1440_comma,daily,10,500,long_short,slow_slope,0.005,-0.01957522377488019,-0.7586311299906922,-1.011112137339451,-0.059447714393156416,-0.3292847164050714,66,0.21212121212121213,0.46156263898758576,-351.3767742386519,0.7398648648648649,0.49155405405405406,0.3236486486486487,0.16824324324324325,0.5088006756756758,False
GBPUSD1440_comma,daily,5,300,long_short,none,0.001,-0.022524347640665132,-0.698449634221263,-0.9577486637164591,-0.06767178991137272,-0.3328469317889249,72,0.19444444444444445,0.5847554814238681,-369.8980392096301,0.8091216216216216,0.3016891891891892,0.23783783783783785,0.4118243243243243,0.5084121621621621,False
GBPUSD1440_comma,daily,30,400,long_short,slow_slope,0.0,-0.022151325705019653,-0.7608749959653535,-1.0072388329287947,-0.0600578088843753,-0.36883339762970546,79,0.21518987341772153,0.5354803450840746,-351.1106605363109,0.7375,0.47871621621621624,0.24966216216216217,0.29155405405405405,0.5083445945945947,False
GBPUSD1440_comma,daily,10,50,long_short,price_slow,0.0,-0.027089868810497908,-0.7868853565141551,-1.0935281503438818,-0.0646693118268026,-0.41889836222550214,224,0.22767857142857142,0.6945241311092489,-155.15637731787777,0.7037162162162162,0.3672297297297297,0.14054054054054055,0.7101351351351352,0.5079222972972973,False
GBPUSD1440_comma,daily,50,500,long_short,none,0.005,-0.022896293317121064,-0.7344050808470632,-0.9598827070298571,-0.05585470109671394,-0.409925984161575,16,0.1875,0.35568974347445953,-1946.2181140515484,0.7692567567567568,0.5625,0.22804054054054054,0.0929054054054054,0.5078716216216217,True
GBPUSD1440_comma,daily,50,500,long_only,price_slow,0.0025,-0.008803739655407594,-1.061243511455522,-1.394867107696322,-0.04775228842045319,-0.18436267552021213,26,0.11538461538461539,0.3038320135061947,-573.1864808836407,0.40168918918918917,0.7182432432432433,0.7918918918918919,0.057094594594594594,0.5071790540540542,False
GBPUSD1440_comma,daily,100,150,long_only,slow_slope,0.0,-0.011392841474721305,-1.0407748691616103,-1.3705914179819476,-0.05117303055316463,-0.22263370669214255,49,0.24489795918367346,0.5228297188738763,-342.4991387708862,0.4287162162162162,0.6570945945945946,0.6611486486486486,0.2591216216216216,0.5068581081081082,False
GBPUSD1440_comma,daily,50,500,long_only,price_slow,0.005,-0.009119000122455034,-1.0932299263051826,-1.4307703042102553,-0.042372615906112306,-0.215209751096335,24,0.16666666666666666,0.2775331729624844,-638.9903134390598,0.3652027027027027,0.7962837837837838,0.7760135135135136,0.042905405405405404,0.5067905405405406,False
GBPUSD1440_comma,daily,75,250,long_short,price_slow,0.0,-0.02006812120964674,-0.7451996990452333,-1.0004884827373828,-0.0683820510184791,-0.2934705951452621,86,0.13953488372093023,0.6051331784392737,-284.3197129484353,0.7574324324324324,0.2847972972972973,0.31114864864864866,0.46824324324324323,0.5066385135135135,False
GBPUSD1440_comma,daily,100,400,long_short,slow_slope,0.0025,-0.020918225455644146,-0.7642894590780657,-1.0206567331610126,-0.059870679171452855,-0.3493901479844618,68,0.16176470588235295,0.5074583336516205,-379.9347019194238,0.7351351351351352,0.4817567567567568,0.2875,0.22939189189189188,0.5064020270270271,False
GBPUSD1440_comma,daily,20,400,long_only,fast_slope,0.0025,-0.006675218734666921,-1.2961903668758201,-1.766936571837871,-0.05462688533296521,-0.12219658312897963,104,0.34615384615384615,0.7247648124543639,-97.90300530747803,0.17533783783783785,0.5858108108108108,0.8722972972972973,0.768918918918919,0.5063851351351352,False
GBPUSD1440_comma,daily,75,500,long_short,none,0.0025,-0.020553739646120728,-0.6974186197395471,-0.9272500794125157,-0.06269545245331305,-0.3278346170549822,14,0.21428571428571427,0.39299006090141575,-1886.6537942710258,0.8121621621621622,0.41655405405405405,0.29662162162162165,0.11587837837837837,0.5057094594594594,True
GBPUSD1440_comma,daily,60,400,long_only,none,0.005,-0.0105737563393149,-1.024219693987681,-1.3097413190216909,-0.0475033017764832,-0.22258992415027246,8,0.5,0.2365084201061991,-1958.7618146593015,0.4472972972972973,0.7222972972972973,0.7067567567567568,0.03175675675675676,0.5056081081081082,True
GBPUSD1440_comma,daily,100,300,long_short,price_slow,0.001,-0.017930870851189384,-0.7519825392581613,-1.0121066152493852,-0.06932086103271844,-0.2586648605349301,77,0.15584415584415584,0.5943401228213973,-292.8108007696154,0.7503378378378378,0.26047297297297295,0.37195945945945946,0.4375,0.5052702702702703,False
GBPUSD1440_comma,daily,60,400,long_short,slow_slope,0.0025,-0.01947656447398216,-0.7363882793543787,-0.986104082879613,-0.06529997127808958,-0.29826298684019836,71,0.18309859154929578,0.5390854484942558,-339.7508876826246,0.7662162162162162,0.3547297297297297,0.32635135135135135,0.29864864864864865,0.5052364864864864,False
GBPUSD1440_comma,daily,60,500,long_only,price_slow,0.005,-0.0085622346088432,-1.1041482811831493,-1.455847142750547,-0.043699643280518695,-0.19593374146969855,25,0.16,0.2911875142224954,-582.7923249416675,0.3533783783783784,0.7814189189189189,0.8033783783783783,0.05,0.5048817567567567,False
GBPUSD1440_comma,daily,50,300,long_short,slow_slope,0.005,-0.018179904844037975,-0.7401858210683347,-0.9921336407186043,-0.06868044604441936,-0.26470277773502005,74,0.28378378378378377,0.5730718106751787,-311.61473226237655,0.7638513513513514,0.2756756756756757,0.36486486486486486,0.3827702702702703,0.504847972972973,False
GBPUSD1440_comma,daily,100,200,long_short,price_slow,0.0,-0.020941058974235816,-0.7896618531542537,-1.0443896939574797,-0.06357609937361662,-0.32938571539552686,86,0.1744186046511628,0.6026702393655818,-298.4912832873683,0.6996621621621621,0.39594594594594595,0.28614864864864864,0.45844594594594595,0.504847972972973,False
GBPUSD1440_comma,daily,75,150,long_only,none,0.001,-0.014239651459273084,-0.954129586874127,-1.1755035597891765,-0.05039448774544332,-0.28256367107453406,16,0.375,0.4474536713721472,-1283.906989164528,0.5253378378378378,0.675,0.5131756756756757,0.1543918918918919,0.5046790540540541,True
GBPUSD1440_comma,daily,30,500,long_only,price_slow,0.0025,-0.009122442603594294,-1.0648667933583023,-1.4040165640918123,-0.04772573263420037,-0.1911430605689043,25,0.2,0.3249131101777157,-613.6193342420311,0.3983108108108108,0.7189189189189189,0.7756756756756756,0.06959459459459459,0.5046283783783784,False
GBPUSD1440_comma,daily,40,200,long_only,none,0.005,-0.011513602914836829,-0.9781155523317347,-1.2602854484037656,-0.05397133870498455,-0.2133280958208562,16,0.3125,0.45961830934950826,-1059.0806290780674,0.4962837837837838,0.602027027027027,0.6523648648648649,0.16587837837837838,0.504375,True
GBPUSD1440_comma,daily,60,100,long_short,combined,0.0,-0.02143347375037663,-0.803527734437109,-1.0260234812450757,-0.06799484759873319,-0.31522202795224674,168,0.3333333333333333,0.6767389709669133,-161.32791516053146,0.6868243243243243,0.2956081081081081,0.2695945945945946,0.6746621621621621,0.5037499999999999,False
GBPUSD1440_comma,daily,40,150,long_only,slow_slope,0.0025,-0.011520466286872533,-1.0248240069581531,-1.3356598856768436,-0.05666055206386356,-0.20332428589625318,46,0.30434782608695654,0.57453704978548,-351.5427162656371,0.4466216216216216,0.5466216216216216,0.6516891891891892,0.38547297297297295,0.5034628378378377,False
GBPUSD1440_comma,daily,30,250,long_short,fast_slope,0.001,-0.02052251293990437,-0.8628280230173407,-1.1665294590924549,-0.06711741357365082,-0.305770318717424,187,0.2727272727272727,0.7203259287930277,-143.34051849842658,0.6273648648648649,0.314527027027027,0.297972972972973,0.7611486486486486,0.5033445945945946,False
GBPUSD1440_comma,daily,30,100,long_short,combined,0.005,-0.017719602839801563,-0.8631185558963457,-1.149242488705655,-0.07032859626390468,-0.2519544506947018,174,0.3218390804597701,0.7355872561231969,-129.75362760557815,0.6266891891891891,0.2304054054054054,0.3787162162162162,0.7912162162162162,0.5027027027027027,False
GBPUSD1440_comma,daily,30,300,long_short,price_slow,0.0025,-0.022506736135296745,-0.7430155417429909,-0.9889360478283232,-0.06535880515788312,-0.3443566032293377,79,0.12658227848101267,0.5850724256861793,-349.8082510461444,0.7597972972972973,0.35405405405405405,0.23885135135135135,0.4135135135135135,0.5022297297297297,False
GBPUSD1440_comma,daily,75,250,long_only,combined,0.005,-0.007014583502958804,-1.3363405717732464,-1.7763486178227503,-0.051446166376726096,-0.13634803129144635,67,0.31343283582089554,0.7030884817094136,-159.2931980072179,0.14493243243243242,0.6513513513513514,0.8621621621621621,0.7263513513513513,0.502195945945946,False
GBPUSD1440_comma,daily,30,250,long_short,combined,0.001,-0.017887435997448686,-0.8814213129320602,-1.198569601572651,-0.06851428980953737,-0.2610759893618383,171,0.2631578947368421,0.7256993855691668,-138.96285404896838,0.6037162162162162,0.2810810810810811,0.37364864864864866,0.7709459459459459,0.5021283783783783,False
GBPUSD1440_comma,daily,30,50,long_short,fast_slope,0.0025,-0.02152160962255334,-0.8618336139002185,-1.162297188237109,-0.06663685806559325,-0.32296855294961213,200,0.32,0.7261447473210808,-141.23800210225988,0.6283783783783784,0.3260135135135135,0.26554054054054055,0.772972972972973,0.5019087837837838,False
GBPUSD1440_comma,daily,40,200,long_only,none,0.0025,-0.011966841701851805,-0.9596085902171078,-1.233410487139212,-0.054902723014427716,-0.21796444775074408,16,0.3125,0.4517432019050006,-1091.234643146626,0.5195945945945946,0.581081081081081,0.6236486486486487,0.15912162162162163,0.5017060810810811,True
GBPUSD1440_comma,daily,40,50,long_only,none,0.001,-0.015746499315297702,-1.0875459498456566,-1.4439024491461543,-0.04928955693226704,-0.31946928102714134,69,0.3188405797101449,0.6463971855177835,-325.49307227979773,0.37398648648648647,0.6952702702702702,0.4472972972972973,0.5918918918918918,0.5016554054054054,False
GBPUSD1440_comma,daily,20,400,long_short,fast_slope,0.001,-0.019668180781577393,-0.9238617769547868,-1.2375960213568986,-0.06321405081344944,-0.31113621937660707,226,0.3407079646017699,0.7119246390110077,-111.97435172170623,0.5608108108108109,0.40371621621621623,0.3219594594594595,0.745945945945946,0.5015371621621622,False
GBPUSD1440_comma,daily,40,50,long_short,slow_slope,0.001,-0.024576094360961642,-0.8526345204585708,-1.147838196189392,-0.06386042500153359,-0.38484075795567374,181,0.281767955801105,0.7123753246614211,-172.17925124150375,0.6364864864864865,0.3898648648648649,0.18716216216216217,0.7466216216216216,0.5014864864864865,False
GBPUSD1440_comma,daily,100,200,long_short,slow_slope,0.005,-0.0219859945700851,-0.7823990898100464,-1.0511091800138628,-0.06436024674690032,-0.3416083014185146,66,0.2878787878787879,0.6098184248250936,-423.9849218576524,0.710472972972973,0.3766891891891892,0.2533783783783784,0.48243243243243245,0.501402027027027,False
GBPUSD1440_comma,daily,10,250,long_only,none,0.0025,-0.011240002964861273,-0.994311325089598,-1.2969071946393174,-0.05634163275529905,-0.19949728850916426,26,0.23076923076923078,0.51515469140878,-643.5884503147015,0.4797297297297297,0.5523648648648649,0.6706081081081081,0.24222972972972973,0.5004391891891893,False
GBPUSD1440_comma,daily,20,300,long_only,price_slow,0.005,-0.00995775419608047,-1.0724418008519596,-1.4076119821066093,-0.052743649095925,-0.18879532165039015,31,0.1935483870967742,0.5247137984296217,-461.04329110075,0.39087837837837835,0.6280405405405406,0.7361486486486486,0.2628378378378378,0.5000168918918919,False
GBPUSD1440_comma,daily,20,150,long_short,fast_slope,0.0025,-0.022371146458232127,-0.875931866205111,-1.1302591027999889,-0.06414609698044889,-0.3487530420603866,247,0.3319838056680162,0.7096954324309622,-115.51877554930954,0.6101351351351352,0.3824324324324324,0.24425675675675676,0.7408783783783783,0.4996452702702702,False
GBPUSD1440_comma,daily,20,300,long_only,fast_slope,0.0,-0.009069040771662595,-1.3002791941809042,-1.742992828513523,-0.04985132727437343,-0.18192175148613599,114,0.3508771929824561,0.6833705858856058,-119.21217604599732,0.17128378378378378,0.6861486486486487,0.779054054054054,0.6868243243243243,0.49888513513513516,False
GBPUSD1440_comma,daily,20,300,long_short,price_slow,0.001,-0.022600840497473795,-0.731413946244321,-0.9816205330411341,-0.06628020517676207,-0.34098929593231975,86,0.16279069767441862,0.5773012390769972,-319.90081685656605,0.7722972972972973,0.3347972972972973,0.23479729729729729,0.3929054054054054,0.4985135135135136,False
GBPUSD1440_comma,daily,30,500,long_short,fast_slope,0.001,-0.019441503296941054,-0.8885909273264881,-1.19401210819306,-0.06601135075131716,-0.29451758032012587,171,0.2631578947368421,0.7054667010586145,-155.1307761327032,0.5945945945945946,0.34121621621621623,0.3277027027027027,0.7317567567567568,0.49844594594594593,False
GBPUSD1440_comma,daily,20,300,long_only,none,0.0025,-0.010204232585879325,-1.0270334478192973,-1.337838173292986,-0.0527155605654557,-0.19357154654950437,16,0.3125,0.41315088863520055,-935.7219675063831,0.4429054054054054,0.629054054054054,0.7233108108108108,0.1287162162162162,0.49839527027027036,True
GBPUSD1440_comma,daily,20,500,long_short,slow_slope,0.0025,-0.020481488449015095,-0.7667143973804272,-1.0174226209812898,-0.05848375874044651,-0.35020814137328005,60,0.2,0.4019119997022558,-400.94573174087213,0.731418918918919,0.510472972972973,0.2993243243243243,0.1222972972972973,0.4983952702702703,False
GBPUSD1440_comma,daily,60,100,long_short,combined,0.001,-0.02054478445450758,-0.8068416708881748,-1.0325298806493406,-0.06842094257860021,-0.30027040961773166,152,0.3157894736842105,0.6634569308822508,-170.94785503732385,0.6810810810810811,0.2831081081081081,0.2972972972972973,0.6381756756756757,0.4983952702702703,False
GBPUSD1440_comma,daily,30,500,long_only,none,0.0025,-0.010392570458006012,-1.0436634730204823,-1.3537540498170773,-0.046810451169560854,-0.2220138921618411,9,0.3333333333333333,0.12122937019408417,-2122.874541672287,0.4243243243243243,0.7337837837837838,0.7162162162162162,0.0125,0.498293918918919,True
GBPUSD1440_comma,daily,20,50,long_short,fast_slope,0.005,-0.021523717552956345,-0.9179987669736137,-1.2556446992200172,-0.0616962066738853,-0.34886614126419024,214,0.3317757009345794,0.6978789331080759,-129.51136473075402,0.5679054054054054,0.44222972972972974,0.2652027027027027,0.7155405405405405,0.49809121621621616,False
GBPUSD1440_comma,daily,60,400,long_short,fast_slope,0.0025,-0.01756899409571555,-0.8629147234991682,-1.1385510434364094,-0.068117150774753,-0.25792320870571905,127,0.2677165354330709,0.6656745837348912,-181.1094971195294,0.6270270270270271,0.29324324324324325,0.3831081081081081,0.6466216216216216,0.4977364864864865,False
GBPUSD1440_comma,daily,100,150,long_short,slow_slope,0.0025,-0.02320590963938951,-0.825097993800069,-1.0819259669381225,-0.060012793632947946,-0.3866827093789733,81,0.2716049382716049,0.6002322672059746,-345.7962054923768,0.6641891891891892,0.4797297297297297,0.2168918918918919,0.4543918918918919,0.4971452702702702,False
GBPUSD1440_comma,daily,60,250,long_only,none,0.001,-0.013080740694775939,-0.9734867846001501,-1.2597275399319792,-0.04915558626727544,-0.26610893467227825,14,0.21428571428571427,0.2934244183776925,-1373.4667982060575,0.5037162162162162,0.6962837837837837,0.5685810810810811,0.051351351351351354,0.4969763513513513,True
GBPUSD1440_comma,daily,5,300,long_short,price_slow,0.001,-0.02284258675365125,-0.7120732361271974,-0.9755051764051854,-0.06975724001850243,-0.32745829318351005,101,0.1782178217821782,0.6074409468522497,-268.35932425105557,0.793918918918919,0.2483108108108108,0.2287162162162162,0.4760135135135135,0.49679054054054056,False
GBPUSD1440_comma,daily,30,50,long_only,slow_slope,0.005,-0.010463217241291067,-1.279361036156582,-1.7239286422497069,-0.042991558749889955,-0.2433784106820237,62,0.2903225806451613,0.6295537793396236,-250.30504891833226,0.1902027027027027,0.7878378378378378,0.7118243243243243,0.5425675675675675,0.4967905405405405,False
GBPUSD1440_comma,daily,30,200,long_only,fast_slope,0.0,-0.009274557399269856,-1.1708476677950055,-1.5718391246505412,-0.05906263287353721,-0.1570291899978148,95,0.23157894736842105,0.6796153818457388,-143.72589439116658,0.29155405405405405,0.497972972972973,0.7682432432432432,0.6787162162162163,0.49657094594594603,False
GBPUSD1440_comma,daily,60,100,long_only,none,0.005,-0.01010373942621412,-1.064251181576132,-1.3352651543640142,-0.05151516742926807,-0.19613135180210506,29,0.41379310344827586,0.48268537946138246,-518.1208825059118,0.3993243243243243,0.6493243243243243,0.7290540540540541,0.1912162162162162,0.49655405405405406,False
GBPUSD1440_comma,daily,40,250,long_only,none,0.0,-0.012702594365816444,-0.952195078773379,-1.2243852789282303,-0.05346427712812447,-0.23759031353543436,16,0.3125,0.36307123322058305,-1167.9687493754077,0.5287162162162162,0.614527027027027,0.5831081081081081,0.09864864864864865,0.49653716216216215,True
GBPUSD1440_comma,daily,20,100,long_short,combined,0.001,-0.021080904498897324,-0.8737226502958615,-1.1337937205971587,-0.06717306538862274,-0.31382972292444833,253,0.3438735177865613,0.7269055192667763,-107.54014548304716,0.6138513513513514,0.31385135135135134,0.2793918918918919,0.7756756756756756,0.4962331081081081,False
GBPUSD1440_comma,daily,60,500,long_short,none,0.0025,-0.022961082092305518,-0.7239039352770235,-0.9506495905293588,-0.059164517785820665,-0.38808872195030986,14,0.21428571428571427,0.3684864309019118,-2211.482021742765,0.7797297297297298,0.49594594594594593,0.22466216216216217,0.10236486486486486,0.4961655405405406,True
GBPUSD1440_comma,daily,75,500,long_only,none,0.001,-0.01148857915811452,-1.0198694132672417,-1.3118776872786049,-0.046750670148004214,-0.24574148609514568,6,0.16666666666666666,0.08609641125133363,-3170.3726287825357,0.4506756756756757,0.7358108108108108,0.6543918918918918,0.007094594594594595,0.4961655405405406,True
GBPUSD1440_comma,daily,5,500,long_short,slow_slope,0.001,-0.02100347991970497,-0.7703120994694522,-1.0263649562333603,-0.05877314403336939,-0.357365260360751,72,0.20833333333333334,0.45553920699992007,-351.9157682244126,0.7236486486486486,0.5043918918918919,0.28175675675675677,0.16114864864864864,0.49608108108108107,False
GBPUSD1440_comma,daily,60,150,long_short,fast_slope,0.005,-0.02022581757960651,-0.8360201154888375,-1.0556549420065764,-0.06507363052722498,-0.31081434085876913,121,0.32231404958677684,0.6310501214677869,-214.6368692608653,0.6554054054054054,0.35945945945945945,0.30844594594594593,0.5459459459459459,0.4956081081081081,False
GBPUSD1440_comma,daily,75,300,long_short,none,0.001,-0.021476616722935105,-0.6936685392966764,-0.9428293111634457,-0.06726430471537653,-0.3192869801273004,27,0.37037037037037035,0.519780473771634,-1025.0151522745718,0.8155405405405406,0.31148648648648647,0.2682432432432432,0.25101351351351353,0.49538851351351354,False
GBPUSD1440_comma,daily,100,150,long_only,combined,0.005,-0.007962443601198022,-1.2083827928620976,-1.5946701741531997,-0.054248597566173125,-0.14677694831622756,42,0.2619047619047619,0.6240446141030142,-286.4284672996163,0.25574324324324327,0.5945945945945946,0.8287162162162162,0.5246621621621622,0.49538851351351354,False
GBPUSD1440_comma,daily,60,400,long_only,fast_slope,0.0025,-0.007892179365711849,-1.2722772601562908,-1.7170917104673067,-0.04967149628722836,-0.1588874899212791,60,0.3,0.6195604665535861,-195.150899406439,0.19864864864864865,0.6888513513513513,0.8317567567567568,0.5135135135135135,0.4950506756756757,False
GBPUSD1440_comma,daily,10,50,long_short,slow_slope,0.001,-0.025753184962576725,-0.789727111367427,-1.0989335054571523,-0.06783681996068339,-0.3796343192016174,215,0.24651162790697675,0.7007371865145263,-152.70022341864066,0.6989864864864865,0.297972972972973,0.1625,0.7222972972972973,0.4949324324324325,False
GBPUSD1440_comma,daily,20,300,long_short,none,0.0,-0.023251686489512258,-0.702175430296884,-0.9390003761926554,-0.06439802853732549,-0.36106208555802977,36,0.2222222222222222,0.5128460048633631,-775.4272864378111,0.8047297297297298,0.37567567567567567,0.21655405405405406,0.23648648648648649,0.4945945945945946,False
GBPUSD1440_comma,daily,20,50,long_short,price_slow,0.005,-0.023141802630288977,-0.8672631428408901,-1.1760836020811412,-0.06357652281928801,-0.3639991871853073,149,0.2953020134228188,0.6821166603247751,-196.24326391122824,0.6222972972972973,0.3956081081081081,0.22027027027027027,0.6841216216216216,0.49449324324324323,False
GBPUSD1440_comma,daily,50,300,long_short,none,0.0,-0.02105311004207644,-0.6752396156408149,-0.9114879190856415,-0.07070503176546354,-0.2977597140739848,28,0.2857142857142857,0.5514121846253364,-917.0248660478566,0.8347972972972973,0.2206081081081081,0.28074324324324323,0.327027027027027,0.4942736486486487,False
GBPUSD1440_comma,daily,50,300,long_short,slow_slope,0.0025,-0.019754497678098115,-0.7518088254604516,-1.0093555418832787,-0.06722688737448154,-0.2938481677436202,85,0.25882352941176473,0.559910199845996,-297.20878485068465,0.7506756756756757,0.31216216216216214,0.31891891891891894,0.34662162162162163,0.4940878378378379,False
GBPUSD1440_comma,daily,30,50,long_short,price_slow,0.0,-0.02673281829183649,-0.8466859846784307,-1.1500492567207623,-0.0622197487907217,-0.42965165902153124,212,0.2688679245283019,0.6738277757679186,-162.9189858007801,0.6442567567567568,0.4260135135135135,0.14695945945945946,0.6668918918918919,0.4936317567567568,False
GBPUSD1440_comma,daily,20,500,long_only,none,0.0,-0.010562610811905015,-1.0345058301682961,-1.3407781356659698,-0.048570460559907706,-0.21746985081347736,12,0.16666666666666666,0.1166742471154462,-1618.9730441146346,0.435472972972973,0.7047297297297297,0.7070945945945946,0.01114864864864865,0.4934628378378378,True
GBPUSD1440_comma,daily,40,400,long_short,slow_slope,0.005,-0.02187398056914558,-0.7667207275383869,-1.0120329482274395,-0.06127344421276278,-0.35698957109692553,75,0.2,0.515368255521706,-362.0669222949724,0.731081081081081,0.45135135135135135,0.25675675675675674,0.24256756756756756,0.4930067567567568,False
GBPUSD1440_comma,daily,30,200,long_only,fast_slope,0.0025,-0.009329913883734164,-1.1903764739167397,-1.5951504023081569,-0.05913090652902517,-0.15778404951654945,94,0.2127659574468085,0.6929237975974405,-139.62219841991273,0.2739864864864865,0.49695945945945946,0.7658783783783784,0.706418918918919,0.492972972972973,False
GBPUSD1440_comma,daily,75,400,long_only,combined,0.0025,-0.006931995622155407,-1.372448421930383,-1.8321954942713607,-0.05026962778315725,-0.137896298975143,74,0.17567567567567569,0.6740796542475199,-142.61421198920408,0.12567567567567567,0.6777027027027027,0.8655405405405405,0.6672297297297297,0.4928885135135135,False
GBPUSD1440_comma,daily,50,250,long_only,price_slow,0.0,-0.010527566596483462,-1.0471236910551593,-1.3818355491204048,-0.05829917525776223,-0.18057831092699328,45,0.15555555555555556,0.5639547371715842,-331.4018583414605,0.42027027027027025,0.5162162162162162,0.7087837837837838,0.3584459459459459,0.49268581081081086,False
GBPUSD1440_comma,daily,100,150,long_only,combined,0.0025,-0.008978131332983863,-1.148886844561538,-1.5191361407637445,-0.05523564480077669,-0.1625423468009849,47,0.2127659574468085,0.5965845628382948,-286.44679895826613,0.314527027027027,0.572972972972973,0.783445945945946,0.44425675675675674,0.4923817567567567,False
GBPUSD1440_comma,daily,40,75,long_short,fast_slope,0.001,-0.02337221947961976,-0.8277282743262513,-1.0717079243533145,-0.06653564588424235,-0.35127365443002345,183,0.26229508196721313,0.6832864934972105,-163.34806521345274,0.6618243243243244,0.3277027027027027,0.21351351351351353,0.6861486486486487,0.4922804054054054,False
GBPUSD1440_comma,daily,100,250,long_only,combined,0.005,-0.007121451767033049,-1.3692936920422718,-1.8200054192099961,-0.04651724348261927,-0.15309272935946672,55,0.18181818181818182,0.6374264741316693,-196.84832329645945,0.12736486486486487,0.7402027027027027,0.8581081081081081,0.5631756756756757,0.4920945945945946,False
GBPUSD1440_comma,daily,40,100,long_short,fast_slope,0.0,-0.02151556181701819,-0.784886489803631,-1.0115321205385022,-0.07205960771863762,-0.2985800575133213,185,0.3027027027027027,0.7144980639457815,-147.17264285631057,0.7057432432432432,0.17432432432432432,0.2665540540540541,0.7513513513513513,0.49189189189189186,False
GBPUSD1440_comma,daily,100,400,long_only,none,0.0,-0.011300452489856228,-1.0007942516540127,-1.2940743626382565,-0.05030767022183745,-0.22462683006439343,7,0.0,0.0,-2379.668618014324,0.47331081081081083,0.6763513513513514,0.6662162162162162,0.0006756756756756757,0.4917567567567568,True
GBPUSD1440_comma,daily,75,200,long_only,fast_slope,0.0025,-0.0090227359913152,-1.1543796261695574,-1.5312175430942072,-0.058792700256722744,-0.15346694320751975,66,0.2727272727272727,0.6390535740847114,-204.93070355853752,0.3097972972972973,0.504054054054054,0.7820945945945946,0.5692567567567568,0.4917398648648649,False
GBPUSD1440_comma,daily,5,300,long_only,slow_slope,0.0,-0.00743364471611041,-1.0843241438024216,-1.4403646559716565,-0.05981962277069802,-0.12426766288054392,52,0.3269230769230769,0.5576744399854736,-217.51037314099722,0.37635135135135134,0.4820945945945946,0.8469594594594595,0.34087837837837837,0.4915878378378378,False
GBPUSD1440_comma,daily,40,50,long_only,none,0.005,-0.003167055223290416,-1.9356924862757,-2.5821239901315804,-0.04081307083505256,-0.0775990426226485,22,0.5,0.64895473427054,-225.39503906934235,0.006756756756756757,0.8199324324324324,0.9625,0.6016891891891892,0.4904391891891892,False
GBPUSD1440_comma,daily,20,300,long_short,slow_slope,0.001,-0.02098456020848216,-0.7440130591319726,-0.9914977491436139,-0.06746064796570395,-0.3110637214624802,92,0.2717391304347826,0.5626800360988357,-284.0555767952646,0.7591216216216217,0.30675675675675673,0.28243243243243243,0.3554054054054054,0.4901351351351352,False
GBPUSD1440_comma,daily,100,500,long_short,slow_slope,0.0025,-0.019436023568756733,-0.7771166745604086,-1.0301500443901186,-0.060003512162993225,-0.3239147654550757,54,0.16666666666666666,0.3952323570469059,-455.9997436912377,0.7162162162162162,0.4800675675675676,0.32804054054054055,0.11756756756756757,0.4897466216216217,False
GBPUSD1440_comma,daily,75,300,long_short,price_slow,0.001,-0.01957051349416361,-0.7486697324289027,-1.0057074420140546,-0.07022058540525046,-0.27870051753656133,76,0.13157894736842105,0.5907675578532715,-319.73881427433,0.7557432432432433,0.23277027027027028,0.3239864864864865,0.42905405405405406,0.4896452702702703,False
GBPUSD1440_comma,daily,40,200,long_short,slow_slope,0.0025,-0.025333713746589437,-0.8043919729470856,-1.0785492888108852,-0.06229030639642461,-0.4067039514200168,99,0.23232323232323232,0.6139877397847571,-314.6859105658262,0.6851351351351351,0.4246621621621622,0.17297297297297298,0.49864864864864866,0.4896114864864865,False
GBPUSD1440_comma,daily,100,250,long_only,combined,0.0025,-0.006813567600521986,-1.331733333209304,-1.7759128953345735,-0.05140917121727212,-0.13253603275815518,60,0.2,0.6574050849155896,-173.0378933175598,0.1462837837837838,0.6533783783783784,0.8692567567567567,0.6236486486486487,0.4892567567567567,False
GBPUSD1440_comma,daily,40,300,long_only,slow_slope,0.0025,-0.008126723034961092,-1.0980755626089655,-1.453041864929969,-0.053218486382866505,-0.15270488860760723,42,0.23809523809523808,0.4691706275384426,-292.81584713770366,0.3587837837837838,0.6199324324324325,0.8199324324324324,0.17635135135135135,0.48893581081081083,False
GBPUSD1440_comma,daily,30,250,long_short,fast_slope,0.0,-0.02045039652481928,-0.853605248694947,-1.1510363817878833,-0.06982729288029274,-0.292871106429374,191,0.2774869109947644,0.7145981378195142,-141.19139013347382,0.6361486486486486,0.2456081081081081,0.3010135135135135,0.7516891891891891,0.48881756756756756,False
GBPUSD1440_comma,daily,5,50,long_short,none,0.001,-0.03189754481097118,-0.8033707801155291,-1.0911106591067652,-0.06150011836986644,-0.5186582669505917,175,0.22857142857142856,0.6413316387714884,-224.13314047945192,0.6871621621621622,0.4466216216216216,0.0777027027027027,0.5753378378378379,0.48836148648648653,False
GBPUSD1440_comma,daily,5,200,long_only,none,0.005,-0.012343492201276285,-0.9512389311028931,-1.1847859150423516,-0.06288497950708159,-0.19628681281332472,34,0.17647058823529413,0.5586159852847405,-526.0705673868783,0.5304054054054054,0.41452702702702704,0.6033783783783784,0.3435810810810811,0.48800675675675675,False
GBPUSD1440_comma,daily,5,200,long_only,none,0.0025,-0.013378891258445602,-0.9511491088007517,-1.1834148738556889,-0.060710770907213496,-0.2203709664450325,38,0.18421052631578946,0.5493538322748,-511.8771231904976,0.5307432432432433,0.4652027027027027,0.5547297297297298,0.3202702702702703,0.4875844594594595,False
GBPUSD1440_comma,daily,30,50,long_only,slow_slope,0.0025,-0.013298376497232867,-1.1502818390411267,-1.5402003679639784,-0.05029075119272174,-0.26442986397780144,81,0.2222222222222222,0.6303368511304495,-245.02941680400346,0.31283783783783786,0.6766891891891892,0.5581081081081081,0.543918918918919,0.48751689189189196,False
GBPUSD1440_comma,daily,75,250,long_short,fast_slope,0.0025,-0.018190634363136948,-0.8412330565936064,-1.0984730721841178,-0.07105954793241367,-0.2559914169512937,128,0.296875,0.6827572784997819,-181.82895396267506,0.6503378378378378,0.2070945945945946,0.3635135135135135,0.6851351351351351,0.4873817567567567,False
GBPUSD1440_comma,daily,40,500,long_short,none,0.005,-0.023184259362603155,-0.7432156181480879,-0.982768127271982,-0.05936879607086157,-0.39051254020598336,19,0.21052631578947367,0.38422162104094404,-1525.207527005734,0.7594594594594595,0.49358108108108106,0.21756756756756757,0.11047297297297297,0.4872635135135135,True
GBPUSD1440_comma,daily,20,75,long_short,fast_slope,0.001,-0.024407994551707057,-0.8993746984876094,-1.214001835158686,-0.06259993790329212,-0.3899044530908943,260,0.3423076923076923,0.7067735806036827,-118.95660816818857,0.5858108108108108,0.4175675675675676,0.1918918918918919,0.7334459459459459,0.4871114864864865,False
GBPUSD1440_comma,daily,40,200,long_only,fast_slope,0.0,-0.010399373436742243,-1.1723457384745848,-1.56411967709649,-0.05874173168445286,-0.17703552718883564,93,0.24731182795698925,0.6784280261317643,-157.34987628429468,0.2902027027027027,0.5054054054054054,0.7158783783783784,0.6763513513513514,0.48706081081081076,False
GBPUSD1440_comma,daily,40,400,long_short,slow_slope,0.0,-0.021870067982887043,-0.7548898104997522,-1.001163686805234,-0.06340579021673051,-0.3449222524966863,77,0.19480519480519481,0.5205925344343142,-354.08996926969274,0.7439189189189189,0.3993243243243243,0.2570945945945946,0.2537162162162162,0.486875,False
GBPUSD1440_comma,daily,40,500,long_short,none,0.0,-0.02335653264685089,-0.7186383322209805,-0.944828834913342,-0.0613900351044952,-0.3804613013674697,19,0.3157894736842105,0.39114950684536026,-1685.7592993094386,0.785472972972973,0.4489864864864865,0.2141891891891892,0.11486486486486487,0.4865033783783785,True
GBPUSD1440_comma,daily,50,400,long_short,slow_slope,0.0025,-0.02134707708385475,-0.7534376644727447,-1.00030114008994,-0.06418346488785438,-0.3325946506807288,73,0.1780821917808219,0.5201222384999749,-364.7334159782193,0.7469594594594594,0.3810810810810811,0.2719594594594595,0.252027027027027,0.48625,False
GBPUSD1440_comma,daily,75,500,long_only,price_slow,0.0025,-0.009042188787606431,-1.116322656847635,-1.4708025627697803,-0.047104833554551265,-0.19195883108545186,25,0.08,0.3218903602465247,-609.2192027980954,0.34324324324324323,0.7290540540540541,0.7804054054054054,0.06722972972972972,0.4857263513513514,False
GBPUSD1440_comma,daily,75,200,long_only,none,0.0,-0.012725660284674367,-0.9383812279439774,-1.2167616391496778,-0.05659045930826137,-0.22487289271420718,14,0.21428571428571427,0.35406332982398636,-1325.938583801911,0.5442567567567568,0.5486486486486486,0.5817567567567568,0.09155405405405405,0.48494932432432436,True
GBPUSD1440_comma,daily,30,250,long_short,fast_slope,0.0025,-0.020148217908146027,-0.8641365632040628,-1.1674446109329817,-0.07002937137806364,-0.28771096343808333,183,0.26229508196721313,0.7147511061409649,-143.43694348676075,0.6263513513513513,0.2375,0.3097972972972973,0.7527027027027027,0.4847804054054054,False
GBPUSD1440_comma,daily,50,300,long_only,slow_slope,0.001,-0.008073800281366394,-1.100429389558185,-1.4588745696046952,-0.054319175561925205,-0.14863628171532284,42,0.2857142857142857,0.48467319649223506,-291.02878735230524,0.3564189189189189,0.5929054054054054,0.8243243243243243,0.19324324324324324,0.48464527027027027,False
GBPUSD1440_comma,daily,20,200,long_short,slow_slope,0.005,-0.02383969062869351,-0.7951491786505459,-1.059262074510194,-0.06437866654906266,-0.37030420023573185,93,0.23655913978494625,0.6081625282028625,-304.4759115469341,0.6949324324324324,0.37635135135135134,0.20270270270270271,0.47702702702702704,0.4841554054054054,False
GBPUSD1440_comma,daily,60,150,long_short,fast_slope,0.0,-0.022373946945290935,-0.8083609923234159,-1.0268857335578543,-0.06866844128729956,-0.3258257581773458,146,0.3150684931506849,0.6583808025696778,-192.44913954299412,0.6793918918918919,0.2760135135135135,0.24391891891891893,0.6270270270270271,0.48359797297297297,False
GBPUSD1440_comma,daily,10,75,long_only,price_slow,0.0025,-0.013972348295319126,-1.034469528143986,-1.3756606520019259,-0.054580724749069165,-0.25599418768358173,86,0.27906976744186046,0.5724063018304225,-239.0292918613723,0.4358108108108108,0.5871621621621622,0.5260135135135136,0.38074324324324327,0.48342905405405406,False
GBPUSD1440_comma,daily,60,400,long_short,fast_slope,0.0,-0.018478318840553176,-0.8604706017309872,-1.1235798485868613,-0.06834743099400366,-0.2703586451138791,129,0.24806201550387597,0.6477474256532526,-186.9011772592015,0.6287162162162162,0.28581081081081083,0.3530405405405405,0.5989864864864864,0.4833952702702703,False
GBPUSD1440_comma,daily,40,300,long_short,none,0.0025,-0.02137991841299902,-0.6929299484249319,-0.9182240247995199,-0.07098580076315374,-0.30118584538242743,33,0.30303030303030304,0.5515602843412737,-783.897917541682,0.816554054054054,0.21283783783783783,0.27128378378378376,0.3273648648648649,0.4831925675675676,False
GBPUSD1440_comma,daily,60,250,long_short,none,0.0025,-0.021638829146403582,-0.6982231020862324,-0.9466269463098345,-0.06936349484275275,-0.311962786700106,29,0.2413793103448276,0.5299732132765147,-928.9357395718965,0.8101351351351351,0.26013513513513514,0.2614864864864865,0.27702702702702703,0.4829391891891892,False
GBPUSD1440_comma,daily,75,300,long_short,price_slow,0.0025,-0.019892636540919995,-0.7634529524840517,-1.0250355740423063,-0.06930894360463384,-0.2870139913601283,72,0.1388888888888889,0.5817250419888857,-340.4178004055653,0.735472972972973,0.2608108108108108,0.3152027027027027,0.40337837837837837,0.4829391891891892,False
GBPUSD1440_comma,daily,60,200,long_only,none,0.005,-0.011520112174587704,-0.9915090987551296,-1.2776718880679248,-0.05555154912245592,-0.20737697429810942,14,0.2857142857142857,0.3877457375310586,-1211.004180534692,0.48243243243243245,0.5699324324324324,0.652027027027027,0.1125,0.4827364864864865,True
GBPUSD1440_comma,daily,60,400,long_short,fast_slope,0.001,-0.018180710399788858,-0.8650248829186009,-1.1363221915652577,-0.06852967436544237,-0.2652969033945518,129,0.2558139534883721,0.6475297559448855,-184.6335337625782,0.6246621621621622,0.28006756756756757,0.36452702702702705,0.5976351351351351,0.48243243243243245,False
GBPUSD1440_comma,daily,20,250,long_only,slow_slope,0.0,-0.009272809281435146,-1.1169399365710238,-1.4681505392231078,-0.05402696705578804,-0.17163297861714277,50,0.2,0.5296950399807941,-280.56332038557485,0.34256756756756757,0.6006756756756757,0.768581081081081,0.2760135135135135,0.4823141891891892,False
GBPUSD1440_comma,daily,60,150,long_only,combined,0.005,-0.00889560181299276,-1.1829509131147753,-1.581664679653861,-0.05709079764986299,-0.1558149855875084,71,0.29577464788732394,0.6231772025292232,-187.99131157546967,0.28006756756756757,0.5398648648648648,0.7847972972972973,0.5216216216216216,0.4821959459459459,False
GBPUSD1440_comma,daily,30,500,long_only,price_slow,0.005,-0.009242938988307303,-1.0745064102560804,-1.4165098621193397,-0.05093160615883864,-0.1814774692060892,22,0.13636363636363635,0.2797780617737143,-704.7907046446902,0.3875,0.6635135135135135,0.7699324324324325,0.044256756756756756,0.4815033783783784,False
GBPUSD1440_comma,daily,60,100,long_only,combined,0.001,-0.011630023183065608,-1.0837905151843592,-1.3629510540427368,-0.05651293444393321,-0.2057940062306235,82,0.35365853658536583,0.5905740606750132,-206.2185745312473,0.3777027027027027,0.5496621621621621,0.6432432432432432,0.4283783783783784,0.481402027027027,False
GBPUSD1440_comma,daily,30,100,long_only,fast_slope,0.0025,-0.010456333178578414,-1.1553598328976566,-1.5561251225487773,-0.0606105015345149,-0.17251685621878599,97,0.27835051546391754,0.6674816724483367,-151.67303360484223,0.3091216216216216,0.4672297297297297,0.7128378378378378,0.6530405405405405,0.48097972972972974,False
GBPUSD1440_comma,daily,100,400,long_only,price_slow,0.005,-0.009262163022671799,-1.1453108601127713,-1.5138698299984905,-0.046999672350510086,-0.19706867217280244,32,0.1875,0.3878256471487091,-433.11868298644765,0.3179054054054054,0.7307432432432432,0.7692567567567568,0.11283783783783784,0.48062499999999997,False
GBPUSD1440_comma,daily,30,250,long_short,combined,0.005,-0.018522411474286682,-0.9050062933787648,-1.2279462806713584,-0.06884536596544603,-0.269043692549811,164,0.25609756097560976,0.7094870704148537,-146.62042675050498,0.5777027027027027,0.27297297297297296,0.35,0.7405405405405405,0.4804054054054054,False
GBPUSD1440_comma,daily,40,50,long_only,fast_slope,0.0025,-0.01103839917557059,-1.3287520805354356,-1.779497295932742,-0.04484535485332975,-0.24614364657549348,72,0.4166666666666667,0.6552676397421885,-226.42784380707187,0.15,0.7658783783783784,0.6804054054054054,0.6182432432432432,0.48028716216216216,False
GBPUSD1440_comma,daily,100,400,long_short,slow_slope,0.001,-0.02215022477304951,-0.7787645526216006,-1.040796403599727,-0.061183038484659356,-0.3620321141553523,72,0.1527777777777778,0.4961526106704151,-379.6399959975476,0.7138513513513514,0.45337837837837835,0.25,0.2087837837837838,0.4802027027027027,False
GBPUSD1440_comma,daily,30,300,long_short,price_slow,0.005,-0.02150939185168954,-0.7402968606593373,-0.9834145184443915,-0.06955113354566934,-0.3092601192123754,71,0.14084507042253522,0.575040463135758,-364.8868268026785,0.7635135135135135,0.2527027027027027,0.26722972972972975,0.3875,0.480152027027027,False
GBPUSD1440_comma,daily,60,500,long_short,none,0.0,-0.023880551281886153,-0.72528236654406,-0.9579415623030296,-0.06082648201860174,-0.3926012238318022,15,0.2,0.35198795370514346,-2176.052568308366,0.777027027027027,0.4618243243243243,0.20135135135135135,0.09054054054054055,0.4801182432432432,True
GBPUSD1440_comma,daily,30,300,long_only,slow_slope,0.0,-0.008545282662511089,-1.0976417613460316,-1.4501373076298707,-0.054558502346870055,-0.15662604901033028,46,0.2391304347826087,0.47604166860426556,-280.2122161141856,0.35945945945945945,0.5881756756756756,0.8054054054054054,0.1864864864864865,0.47988175675675676,False
GBPUSD1440_comma,daily,30,500,long_short,fast_slope,0.0,-0.020647591229435824,-0.9053134226584607,-1.215290117493927,-0.0662846315993533,-0.31149892111095734,173,0.2658959537572254,0.6930391505849243,-161.3976815028836,0.5773648648648648,0.3344594594594595,0.2942567567567568,0.7074324324324325,0.4795270270270271,False
GBPUSD1440_comma,daily,30,50,long_only,combined,0.005,-0.009792294295204895,-1.3831358436264092,-1.868445314750705,-0.04413046456768159,-0.22189420372375057,74,0.3108108108108108,0.6453448023788987,-197.24112124816284,0.11993243243243243,0.775,0.7469594594594594,0.5878378378378378,0.4792905405405406,False
GBPUSD1440_comma,daily,40,300,long_only,slow_slope,0.001,-0.008280072247992987,-1.0940484362602885,-1.4464973331849371,-0.054649546430682455,-0.15151218607999684,44,0.25,0.4566637101326121,-284.44113643346486,0.3635135135135135,0.585472972972973,0.8148648648648649,0.1625,0.4791216216216216,False
GBPUSD1440_comma,daily,50,500,long_only,price_slow,0.0,-0.010110651234158774,-1.080854691654594,-1.421781153045383,-0.04960789331164303,-0.2038113404784676,28,0.10714285714285714,0.2900607536605817,-595.8602931386488,0.38074324324324327,0.6895270270270271,0.7283783783783784,0.048986486486486486,0.4777027027027027,False
GBPUSD1440_comma,daily,30,300,long_only,fast_slope,0.001,-0.007657938006942588,-1.2291643878408192,-1.6619326649289046,-0.06059089680041167,-0.12638759964501067,85,0.24705882352941178,0.6677958257578009,-137.84727304174586,0.23614864864864865,0.46756756756756757,0.8408783783783784,0.6537162162162162,0.4775844594594595,False
GBPUSD1440_comma,daily,30,400,long_short,slow_slope,0.001,-0.02259010260464478,-0.7682959944205032,-1.0161938651051297,-0.06305599424304782,-0.3582546413838432,79,0.21518987341772153,0.5179859166974475,-358.3850739812681,0.7273648648648648,0.4081081081081081,0.23547297297297298,0.24695945945945946,0.4771114864864865,False
GBPUSD1440_comma,daily,10,75,long_short,price_slow,0.001,-0.02749865168492449,-0.782339571317858,-1.0286548483360651,-0.0681278769312943,-0.40363288749855475,192,0.25,0.6567913377374971,-177.36925742437165,0.7108108108108108,0.2922297297297297,0.1314189189189189,0.6222972972972973,0.4770101351351351,False
GBPUSD1440_comma,daily,60,100,long_only,slow_slope,0.005,-0.010149727387536056,-1.0996725951012234,-1.3745491110438448,-0.05321902896501658,-0.1907161326488681,39,0.3333333333333333,0.5035114565143514,-386.8917316966726,0.35777027027027025,0.6195945945945946,0.7253378378378378,0.22398648648648647,0.4766722972972973,False
GBPUSD1440_comma,daily,20,500,long_short,slow_slope,0.001,-0.021614708425826468,-0.7782993600370466,-1.0323128286173675,-0.05947318639868422,-0.3634361925882059,62,0.1935483870967742,0.372348870247871,-424.7042699828315,0.7148648648648649,0.48986486486486486,0.26216216216216215,0.10506756756756756,0.4766047297297298,False
GBPUSD1440_comma,daily,40,300,long_short,price_slow,0.005,-0.02108203856850477,-0.7440993590303622,-0.9847300151403826,-0.06999463089892252,-0.30119508164774533,67,0.13432835820895522,0.5729673255255153,-383.3514426729429,0.7587837837837837,0.2391891891891892,0.27905405405405403,0.3820945945945946,0.4764358108108108,False
GBPUSD1440_comma,daily,50,400,long_short,slow_slope,0.0,-0.022192400966813963,-0.7597833867631678,-1.0065128104384111,-0.06457478913235776,-0.3436697396150471,77,0.19480519480519481,0.522585163937574,-361.75824286488415,0.7385135135135135,0.3706081081081081,0.24763513513513513,0.2581081081081081,0.4763006756756757,False
GBPUSD1440_comma,daily,60,100,long_short,fast_slope,0.005,-0.01913131619676911,-0.8575927239849521,-1.0915217986819827,-0.06717145572112874,-0.2848131842816586,97,0.3402061855670103,0.6199004930571199,-261.3128160150671,0.6324324324324324,0.3141891891891892,0.3364864864864865,0.5148648648648648,0.47604729729729733,False
GBPUSD1440_comma,daily,20,300,long_only,combined,0.0025,-0.007799819221644522,-1.3908498678463543,-1.8876285493442042,-0.051941224138828776,-0.15016625716785426,107,0.34579439252336447,0.6804803196858727,-110.26633353055706,0.1152027027027027,0.6415540540540541,0.835472972972973,0.6807432432432432,0.4756756756756757,False
GBPUSD1440_comma,daily,50,300,long_only,slow_slope,0.0025,-0.008079580176098111,-1.1125964954395,-1.476051574911055,-0.05515691171734206,-0.1464835489249806,40,0.3,0.4751733019484703,-305.7852300968681,0.3476351351351351,0.5756756756756757,0.8239864864864865,0.1858108108108108,0.4756418918918919,False
GBPUSD1440_comma,daily,5,500,long_only,price_slow,0.005,-0.009761916511927149,-1.0685408820620421,-1.4173734804401241,-0.053276175425823524,-0.18323230663429801,27,0.18518518518518517,0.34578496140038467,-551.9549165671026,0.39594594594594595,0.6175675675675676,0.7479729729729729,0.08513513513513514,0.4751351351351351,False
GBPUSD1440_comma,daily,40,75,long_short,price_slow,0.0025,-0.02303600892107327,-0.8230513081482108,-1.0631953459277361,-0.0702890363210124,-0.3277326042125125,157,0.25477707006369427,0.6930278075612062,-184.66638750331845,0.6662162162162162,0.23108108108108108,0.22263513513513514,0.7070945945945946,0.474847972972973,False
GBPUSD1440_comma,daily,20,250,long_only,none,0.001,-0.012452489894033025,-0.9727126168537943,-1.2396880821245546,-0.058115968498157054,-0.21426967864138602,18,0.3333333333333333,0.4447683858147722,-1026.8064083684499,0.5054054054054054,0.5209459459459459,0.5972972972972973,0.15236486486486486,0.47471283783783785,True
GBPUSD1440_comma,daily,5,75,long_short,none,0.005,-0.026908085257723258,-0.8079946092899658,-1.0517947191071944,-0.06430867488087769,-0.41842076994381405,141,0.24822695035460993,0.6252299929251222,-239.90257669193593,0.6800675675675676,0.3777027027027027,0.14358108108108109,0.5277027027027027,0.4743243243243243,False
GBPUSD1440_comma,daily,5,500,long_short,slow_slope,0.005,-0.02253085426119461,-0.8022780213941986,-1.0676209683325366,-0.05847130069812189,-0.38533184643040286,71,0.2112676056338028,0.45015609412289515,-370.6557914658796,0.6885135135135135,0.5111486486486486,0.2375,0.1570945945945946,0.47425675675675677,False
GBPUSD1440_comma,daily,30,250,long_short,combined,0.0,-0.019423382975353842,-0.9002590211412661,-1.219961782053376,-0.06914940844357774,-0.2808900815283517,175,0.26857142857142857,0.701067308464304,-147.55323125711632,0.5841216216216216,0.26554054054054055,0.3287162162162162,0.722972972972973,0.474222972972973,False
GBPUSD1440_comma,daily,100,300,long_only,slow_slope,0.0025,-0.00754470763329107,-1.1486153562562829,-1.5303378342786944,-0.05460245739241533,-0.13817523960632372,41,0.24390243902439024,0.5001330210127338,-278.88272737432203,0.3152027027027027,0.5868243243243243,0.8442567567567567,0.21722972972972973,0.47422297297297294,False
GBPUSD1440_comma,daily,60,400,long_short,fast_slope,0.005,-0.018072272725977778,-0.8822483446547437,-1.1634165819997961,-0.06864676800123494,-0.26326472829212677,123,0.2682926829268293,0.6479294153745712,-193.38221811461344,0.6027027027027027,0.27702702702702703,0.3689189189189189,0.5996621621621622,0.47407094594594595,False
GBPUSD1440_comma,daily,20,300,long_short,price_slow,0.0025,-0.0237731533191905,-0.7517716317143683,-1.0084451428940695,-0.06646984185860026,-0.35765322519891907,77,0.12987012987012986,0.5549884443024776,-372.38478543734425,0.7510135135135135,0.3290540540540541,0.20439189189189189,0.3358108108108108,0.47391891891891896,False
GBPUSD1440_comma,daily,20,75,long_short,fast_slope,0.005,-0.02181152943768827,-0.9350470063512991,-1.262683674621254,-0.06429635248085616,-0.33923432039449697,225,0.3288888888888889,0.6996820331507867,-125.04137509448941,0.5486486486486486,0.37804054054054054,0.2587837837837838,0.7206081081081082,0.47381756756756754,False
GBPUSD1440_comma,daily,5,500,long_only,none,0.005,-0.010296521336835562,-1.0723615568875573,-1.4146041189070266,-0.05210348861704926,-0.19761673565685856,23,0.17391304347826086,0.3501872561293769,-679.8432823408373,0.3912162162162162,0.639527027027027,0.7206081081081082,0.08851351351351351,0.4737668918918919,False
GBPUSD1440_comma,daily,5,250,long_only,none,0.005,-0.011279539385861237,-1.0241945705168927,-1.330849340347117,-0.06050014748998076,-0.18643821302632702,37,0.21621621621621623,0.5350116818645121,-453.9271059830806,0.44763513513513514,0.46925675675675677,0.6682432432432432,0.28986486486486485,0.4734966216216216,False
GBPUSD1440_comma,daily,60,500,long_only,none,0.005,-0.011395683785025201,-1.064173182116242,-1.34799074944688,-0.04743674182802737,-0.2402290576013425,7,0.2857142857142857,0.019289810724999794,-2859.1493204495814,0.39966216216216216,0.7233108108108108,0.6601351351351351,0.002702702702702703,0.4731250000000001,True
GBPUSD1440_comma,daily,5,250,long_only,price_slow,0.005,-0.010955173633576898,-1.0349534714085553,-1.3483926499293528,-0.06136875105948559,-0.17851387627162063,41,0.2682926829268293,0.5521857111678264,-398.9407287499324,0.43445945945945946,0.44966216216216215,0.6875,0.3293918918918919,0.4731081081081081,False
GBPUSD1440_comma,daily,75,300,long_only,none,0.001,-0.013855680355520206,-1.0150611822588758,-1.3103305729802461,-0.04810048915017817,-0.2880569532725611,14,0.42857142857142855,0.2692343447036277,-1418.5416452821687,0.4560810810810811,0.7141891891891892,0.5304054054054054,0.0402027027027027,0.47309121621621625,True
GBPUSD1440_comma,daily,5,300,long_only,price_slow,0.001,-0.010803295091702636,-1.0499842413939495,-1.3785586735926916,-0.05865318481881779,-0.1841894029296871,46,0.1956521739130435,0.5263332506913626,-359.46154227885154,0.4175675675675676,0.5070945945945946,0.6939189189189189,0.2679054054054054,0.47277027027027024,False
GBPUSD1440_comma,daily,10,500,long_only,none,0.005,-0.010147058003359577,-1.0678178324387477,-1.4020638804280066,-0.05190712149577291,-0.1954848913012044,15,0.26666666666666666,0.2956039336078001,-1056.524064407931,0.39628378378378376,0.6425675675675676,0.7256756756756757,0.052702702702702706,0.472195945945946,True
GBPUSD1440_comma,daily,5,100,long_only,price_slow,0.005,-0.015135700816364839,-1.0205344265991447,-1.2927502824534958,-0.055704040540861886,-0.2717163902188028,67,0.23880597014925373,0.5698762612806527,-324.32356643592175,0.4503378378378378,0.5658783783783784,0.47162162162162163,0.37398648648648647,0.4720270270270271,False
GBPUSD1440_comma,daily,40,50,long_only,fast_slope,0.005,-0.0035008772934416177,-1.9808758922882335,-2.640178566393653,-0.04241473147896453,-0.08253918323584974,22,0.5,0.6257226231263066,-248.53215883082203,0.006418918918918919,0.7952702702702703,0.9557432432432432,0.5297297297297298,0.47199324324324327,False
GBPUSD1440_comma,daily,40,300,long_short,slow_slope,0.005,-0.020177199267093937,-0.7542971029652559,-1.000068038659349,-0.06961281261442484,-0.2898489302372034,79,0.25316455696202533,0.5526508465006291,-320.2968856273094,0.7445945945945946,0.25033783783783786,0.30945945945945946,0.3307432432432432,0.47192567567567567,False
GBPUSD1440_comma,daily,75,500,long_only,combined,0.001,-0.006016520237413614,-1.4955736800467527,-1.98888282862018,-0.0475974720529904,-0.1264041970698655,57,0.2631578947368421,0.6364247061617077,-162.35734462304453,0.07398648648648648,0.7212837837837838,0.8891891891891892,0.5608108108108109,0.47187500000000004,False
GBPUSD1440_comma,daily,60,250,long_short,price_slow,0.0,-0.021718460134109274,-0.7565657551966507,-1.0156811325194917,-0.06998286198086724,-0.3103396963108901,86,0.12790697674418605,0.5882348345273877,-306.5995124145569,0.7415540540540541,0.23986486486486486,0.2597972972972973,0.4195945945945946,0.4714864864864865,False
GBPUSD1440_comma,daily,30,300,long_only,fast_slope,0.0025,-0.007805211462537542,-1.2422495507036795,-1.6799993356803762,-0.06075795256562778,-0.12846403035235154,83,0.25301204819277107,0.668711468403724,-139.49040507224407,0.22567567567567567,0.46283783783783783,0.8344594594594594,0.6570945945945946,0.4714358108108108,False
GBPUSD1440_comma,daily,100,300,long_short,combined,0.0,-0.019094526614497842,-0.8850169097408674,-1.157693790577321,-0.06749670780396846,-0.2828956735186895,133,0.2631578947368421,0.6453371133639197,-184.68836100354926,0.597972972972973,0.30608108108108106,0.3375,0.5871621621621622,0.4712837837837838,False
GBPUSD1440_comma,daily,60,400,long_only,fast_slope,0.0,-0.007769096243169127,-1.2565843045414866,-1.695327776534831,-0.05563805783544106,-0.13963636664219192,61,0.29508196721311475,0.6188207523229491,-192.9558455554178,0.21283783783783783,0.5675675675675675,0.8361486486486487,0.5118243243243243,0.4710304054054054,False
GBPUSD1440_comma,daily,40,400,long_only,fast_slope,0.001,-0.00863053883499465,-1.2786491530891306,-1.7370971236901025,-0.05747152237513836,-0.15017070156346057,78,0.2564102564102564,0.6760700679825243,-155.81993405379873,0.19087837837837837,0.5337837837837838,0.7996621621621621,0.6733108108108108,0.4707263513513513,False
GBPUSD1440_comma,daily,60,300,long_short,none,0.0,-0.022400881850142884,-0.6923188190504292,-0.9430209291788046,-0.07025283470642844,-0.31886089641437776,28,0.32142857142857145,0.518801199600046,-1004.8142168168667,0.8175675675675675,0.23209459459459458,0.24155405405405406,0.2483108108108108,0.47060810810810805,False
GBPUSD1440_comma,daily,75,300,long_short,price_slow,0.0,-0.020685205873407053,-0.7562813845878527,-1.014484936984178,-0.07055234145742567,-0.2931895022348677,83,0.13253012048192772,0.5763740573229458,-306.23818572757216,0.7418918918918919,0.22432432432432434,0.2939189189189189,0.3902027027027027,0.470152027027027,False
GBPUSD1440_comma,daily,50,100,long_short,combined,0.001,-0.021418368579181668,-0.8449032429540845,-1.1187487994971754,-0.07100862883359849,-0.3016305050668341,172,0.2616279069767442,0.685390136106835,-156.2677444428394,0.6476351351351352,0.2114864864864865,0.2699324324324324,0.6918918918918919,0.46969594594594594,False
GBPUSD1440_comma,daily,10,50,long_only,price_slow,0.0025,-0.015896417372714744,-1.0728246752208082,-1.4482967737922876,-0.05426209439580423,-0.2929562072698749,101,0.297029702970297,0.6193342145819237,-224.3248593522718,0.3898648648648649,0.5942567567567567,0.43986486486486487,0.5131756756756757,0.46945945945945944,False
GBPUSD1440_comma,daily,40,300,long_only,slow_slope,0.005,-0.00822469382289226,-1.1206446362645794,-1.482772785347349,-0.05514995382667111,-0.14913328574564844,37,0.2702702702702703,0.46337342197864706,-336.136531665666,0.33952702702702703,0.5763513513513514,0.8175675675675675,0.17128378378378378,0.4691047297297297,False
GBPUSD1440_comma,daily,100,150,long_only,fast_slope,0.0,-0.01207617844435449,-1.0582835390743126,-1.3266335076733553,-0.057861231340403746,-0.20870932340359394,64,0.203125,0.5571435121698916,-276.5613379964394,0.4060810810810811,0.5263513513513514,0.6195945945945946,0.3402027027027027,0.46896959459459464,False
GBPUSD1440_comma,daily,30,200,long_short,slow_slope,0.0025,-0.025013961180242572,-0.7983143140958469,-1.0666775976399285,-0.0646861778763456,-0.38669715851907926,95,0.2,0.5900321154612713,-322.350479982043,0.6922297297297297,0.36655405405405406,0.1804054054054054,0.4263513513513513,0.4685641891891892,False
GBPUSD1440_comma,daily,100,250,long_only,price_slow,0.0025,-0.008355319670985795,-1.1401465441313363,-1.5199076200171115,-0.06093459559122132,-0.13711947359160814,44,0.13636363636363635,0.5834942707731914,-286.06616776922215,0.32432432432432434,0.46013513513513515,0.8114864864864865,0.4077702702702703,0.4682263513513513,False
GBPUSD1440_comma,daily,30,75,long_only,fast_slope,0.001,-0.01207315456982938,-1.1531423237395169,-1.5519741876736872,-0.057581685055031216,-0.20967004627063246,108,0.25925925925925924,0.6415190639659004,-166.47246408424064,0.3108108108108108,0.5320945945945946,0.6199324324324325,0.5773648648648648,0.46793918918918914,False
GBPUSD1440_comma,daily,40,100,long_only,combined,0.001,-0.012695624607723222,-1.146395059451683,-1.435696848063533,-0.05399104579921052,-0.23514315049457446,100,0.32,0.6127567617680153,-183.34638669585,0.3168918918918919,0.6013513513513513,0.5834459459459459,0.4918918918918919,0.46756756756756757,False
GBPUSD1440_comma,daily,60,150,long_short,fast_slope,0.0025,-0.02199308884932838,-0.828357932874526,-1.050435298093047,-0.06905591796233675,-0.31848231836297447,135,0.31851851851851853,0.6388648169681328,-207.2820324043036,0.6614864864864864,0.2679054054054054,0.25304054054054054,0.5689189189189189,0.4675168918918919,False
GBPUSD1440_comma,daily,30,200,long_only,fast_slope,0.001,-0.010152232005678052,-1.1994706192473577,-1.6079705951962773,-0.060099741845818476,-0.16892305513928607,95,0.22105263157894736,0.6676391050128604,-151.5170622656837,0.2625,0.4780405405405405,0.7243243243243244,0.6533783783783784,0.46738175675675675,False
GBPUSD1440_comma,daily,20,200,long_short,slow_slope,0.0025,-0.02456087730403489,-0.7927069447526953,-1.057280579443989,-0.0659085322793167,-0.37265095207927335,96,0.19791666666666666,0.5921060619235077,-313.4195485339605,0.6976351351351351,0.34290540540540543,0.18783783783783783,0.4320945945945946,0.46716216216216216,False
GBPUSD1440_comma,daily,30,300,long_short,price_slow,0.001,-0.02346398363393054,-0.7498246547696663,-1.0022572734764312,-0.06889980183516253,-0.3405522658841068,83,0.1566265060240964,0.5676915654973914,-347.89888931890175,0.7530405405405406,0.2719594594594595,0.21182432432432433,0.36858108108108106,0.4668581081081081,False
GBPUSD1440_comma,daily,60,300,long_short,fast_slope,0.005,-0.018521841986643195,-0.8866076841668001,-1.1689128118565812,-0.0663990784212725,-0.27894727497767935,117,0.2905982905982906,0.6154839674481439,-206.6616965521246,0.5966216216216216,0.3307432432432432,0.35033783783783784,0.5020270270270271,0.46670608108108114,False
GBPUSD1440_comma,daily,30,50,long_short,none,0.005,-0.02062817846656384,-0.9284756692755393,-1.2326650398046812,-0.06424686325919349,-0.3210768186976354,98,0.3469387755102041,0.6493072488968102,-269.95342902426177,0.5547297297297298,0.3793918918918919,0.29527027027027025,0.6037162162162162,0.46635135135135136,False
GBPUSD1440_comma,daily,40,300,long_only,slow_slope,0.0,-0.008489357676652376,-1.0951292672228956,-1.447059245544457,-0.0569192938117593,-0.14914727692736252,45,0.26666666666666666,0.4566499424138893,-284.68772098935966,0.3621621621621622,0.5432432432432432,0.8064189189189189,0.16216216216216217,0.46628378378378377,False
GBPUSD1440_comma,daily,30,150,long_short,fast_slope,0.0025,-0.021151555805197675,-0.8662425226538658,-1.1511475966664024,-0.07137849118610898,-0.2963295448491351,198,0.29292929292929293,0.7138353468319392,-134.54976064567535,0.6233108108108109,0.19594594594594594,0.27668918918918917,0.7496621621621622,0.466097972972973,False
GBPUSD1440_comma,daily,20,100,long_short,combined,0.0,-0.022075248757040145,-0.8800850065848062,-1.13772668378185,-0.07004798270417517,-0.3151446751902587,262,0.3435114503816794,0.7196318011719884,-108.02327063098436,0.606081081081081,0.23716216216216215,0.25135135135135134,0.7601351351351351,0.4660135135135135,False
GBPUSD1440_comma,daily,100,300,long_only,price_slow,0.001,-0.00785401285773335,-1.1418172807745226,-1.5202046994897036,-0.0593400875607822,-0.13235593644327648,34,0.20588235294117646,0.544492588504947,-350.28092212818694,0.3222972972972973,0.49493243243243246,0.8327702702702703,0.31148648648648647,0.4659290540540541,False
GBPUSD1440_comma,daily,30,300,long_short,none,0.001,-0.02437143260090524,-0.7220077757210384,-0.9628130631495774,-0.06694163352671527,-0.36406988173031385,33,0.24242424242424243,0.5091082034432104,-912.070160263257,0.7820945945945946,0.31824324324324327,0.19256756756756757,0.23209459459459458,0.46572635135135143,False
GBPUSD1440_comma,daily,30,250,long_only,slow_slope,0.0025,-0.00922703693107818,-1.1272491762890553,-1.4879188814267332,-0.05539994881956124,-0.1665531670639413,46,0.21739130434782608,0.5098533240598796,-295.99119699081785,0.3341216216216216,0.5709459459459459,0.7712837837837838,0.23277027027027028,0.4655574324324324,False
GBPUSD1440_comma,daily,100,500,long_short,slow_slope,0.001,-0.020398472233971954,-0.7868798265905762,-1.0420828276604353,-0.06226470533350186,-0.3276089098103616,55,0.2,0.3816465474584013,-467.21163575533154,0.7040540540540541,0.42567567567567566,0.3030405405405405,0.10945945945945947,0.4650675675675676,False
GBPUSD1440_comma,daily,50,200,long_only,none,0.001,-0.01273411448122519,-0.9548158733009341,-1.2337236326312677,-0.05979955328017989,-0.21294664897514903,15,0.4,0.40356495997614367,-1232.0980781000385,0.5246621621621622,0.48243243243243245,0.5807432432432432,0.12297297297297298,0.4650675675675676,True
GBPUSD1440_comma,daily,40,150,long_short,fast_slope,0.0,-0.023306465410324995,-0.8338054910818669,-1.065895415529972,-0.07081108626608573,-0.329135826595664,177,0.2824858757062147,0.6861100673310929,-167.04912607714107,0.6574324324324324,0.21824324324324323,0.21587837837837837,0.6942567567567568,0.46484797297297303,False
GBPUSD1440_comma,daily,50,400,long_only,price_slow,0.0025,-0.00993679725058716,-1.0710590624034002,-1.4210164836340162,-0.055729488005551955,-0.17830411881044417,35,0.2,0.3973765795067586,-416.78067214439767,0.3945945945945946,0.5655405405405406,0.7378378378378379,0.1195945945945946,0.46472972972972976,False
GBPUSD1440_comma,daily,50,100,long_short,fast_slope,0.0025,-0.021604112631280925,-0.8398822428450765,-1.1116156287269832,-0.07112467289400429,-0.30374990495178955,168,0.26785714285714285,0.6754097185517196,-161.37977381444776,0.652027027027027,0.20202702702702702,0.2628378378378378,0.6719594594594595,0.4646790540540541,False
GBPUSD1440_comma,daily,10,300,long_only,price_slow,0.0,-0.011362339195950089,-1.0657958734979647,-1.3972384681430137,-0.05608084832782695,-0.20260640726278334,46,0.15217391304347827,0.503048638626448,-372.10954341746503,0.3972972972972973,0.5581081081081081,0.6638513513513513,0.22263513513513514,0.46461148648648654,False
GBPUSD1440_comma,daily,60,75,long_only,price_slow,0.0,-0.014359733840003441,-1.0841603975388763,-1.3688863022383946,-0.05674686801025328,-0.25304892311252947,100,0.27,0.6175841317620286,-199.328749114156,0.377027027027027,0.5456081081081081,0.5064189189189189,0.5067567567567568,0.46451013513513517,False
GBPUSD1440_comma,daily,30,300,long_short,none,0.005,-0.022656116012461203,-0.7249821827637385,-0.9528595059464634,-0.06849885427316858,-0.33075175129368173,31,0.25806451612903225,0.5150298618872505,-883.2614854118912,0.7773648648648649,0.2814189189189189,0.23412162162162162,0.2418918918918919,0.4644087837837838,False
GBPUSD1440_comma,daily,40,250,long_only,price_slow,0.0025,-0.01101306022025128,-1.055959282501657,-1.3862891175006749,-0.06041427287988869,-0.18229235733990634,40,0.15,0.5431649544616219,-386.9592754670512,0.40912162162162163,0.47128378378378377,0.6827702702702703,0.30743243243243246,0.4641385135135136,False
GBPUSD1440_comma,daily,40,250,long_only,price_slow,0.0,-0.011350717140120037,-1.0511720281059387,-1.3824490983624944,-0.059023402481594926,-0.19230875657599533,49,0.12244897959183673,0.5249048772105948,-344.5692528704581,0.4155405405405405,0.49932432432432433,0.664527027027027,0.2641891891891892,0.4635810810810811,False
GBPUSD1440_comma,daily,10,300,long_only,none,0.0,-0.011598744424814678,-1.0275664864123506,-1.3441833486914756,-0.057464982687208,-0.2018402143780097,28,0.17857142857142858,0.44959766835489356,-622.6511670215701,0.44256756756756754,0.5341216216216216,0.6452702702702703,0.15675675675675677,0.46312499999999995,False
GBPUSD1440_comma,daily,40,300,long_short,none,0.001,-0.022521263309602024,-0.6984544536282051,-0.9298421883487316,-0.07100051812271076,-0.31719857692697884,28,0.32142857142857145,0.522233575819451,-997.7569625311156,0.8087837837837838,0.21216216216216216,0.23817567567567569,0.2574324324324324,0.46280405405405406,False
GBPUSD1440_comma,daily,75,200,long_only,fast_slope,0.0,-0.010437004178538545,-1.1652197335845307,-1.5441470262328314,-0.059487840309232126,-0.17544769022180806,77,0.2727272727272727,0.6223470527768741,-201.07824471248713,0.2996621621621622,0.4888513513513513,0.7138513513513514,0.5195945945945946,0.4627871621621622,False
GBPUSD1440_comma,daily,30,400,long_short,fast_slope,0.0,-0.020814011439190705,-0.8897195944023758,-1.1983725428693246,-0.07008585184990972,-0.29697878943904876,180,0.25,0.6997874475031152,-152.75320125787826,0.5935810810810811,0.23614864864864865,0.2905405405405405,0.720945945945946,0.4627195945945946,False
GBPUSD1440_comma,daily,20,250,long_only,slow_slope,0.001,-0.0094777547376943,-1.1287215848997942,-1.4854330621339922,-0.055651776511482766,-0.17030462155576886,49,0.20408163265306123,0.5147583956665013,-295.0030305059172,0.3327702702702703,0.5668918918918919,0.7587837837837837,0.24054054054054055,0.462668918918919,False
GBPUSD1440_comma,daily,50,400,long_short,slow_slope,0.005,-0.021489856980857258,-0.7676160545948311,-1.0240643486601504,-0.06581112660945483,-0.3265383543482736,70,0.18571428571428572,0.495706129313188,-375.6057228302676,0.7290540540540541,0.34493243243243243,0.26756756756756755,0.20810810810810812,0.46258445945945953,False
GBPUSD1440_comma,daily,20,250,long_only,slow_slope,0.0025,-0.00947010071095622,-1.1340282306432117,-1.493849554693501,-0.056508377318799846,-0.16758755356801935,47,0.2127659574468085,0.5307020058462416,-296.9096142287421,0.32804054054054055,0.55,0.7597972972972973,0.27905405405405403,0.46253378378378374,False
GBPUSD1440_comma,daily,30,75,long_short,fast_slope,0.0025,-0.020864254042344044,-0.8656776774475161,-1.1509491433865753,-0.07209192487007599,-0.28941180416455226,197,0.28426395939086296,0.7104425308944594,-137.83781588641,0.6243243243243243,0.17364864864864865,0.2891891891891892,0.7429054054054054,0.46241554054054057,False
GBPUSD1440_comma,daily,30,50,long_only,fast_slope,0.005,-0.01051709012766422,-1.3556699502717269,-1.8202670550956739,-0.046808380283467885,-0.22468391480272432,79,0.3291139240506329,0.6347388538575672,-197.37500395671665,0.13277027027027027,0.7341216216216216,0.7094594594594594,0.5577702702702703,0.46219594594594593,False
GBPUSD1440_comma,daily,100,500,long_short,slow_slope,0.005,-0.020795446792920114,-0.8024963866026831,-1.0630009215933494,-0.06080615407190303,-0.34199575865840126,53,0.1509433962264151,0.3478397371237291,-493.03817039958386,0.6878378378378378,0.46216216216216216,0.29121621621621624,0.08716216216216216,0.46199324324324326,False
GBPUSD1440_comma,daily,50,300,long_only,none,0.0025,-0.01263328042033074,-1.025373702116967,-1.3073196772097664,-0.05386342798354497,-0.23454282234302182,14,0.42857142857142855,0.359422132753421,-1282.1542511727177,0.4462837837837838,0.6047297297297297,0.5881756756756756,0.0956081081081081,0.4616722972972973,True
GBPUSD1440_comma,daily,20,300,long_only,fast_slope,0.001,-0.009280396409921399,-1.3125129479122288,-1.7573491588476693,-0.054611078636695336,-0.16993614925022804,113,0.336283185840708,0.6642485662070896,-122.87798161929751,0.16317567567567567,0.5864864864864865,0.7672297297297297,0.6422297297297297,0.4616722972972973,False
GBPUSD1440_comma,daily,100,200,long_short,price_slow,0.0025,-0.020844308938406275,-0.8055321490965598,-1.0596876057976663,-0.0690900290456104,-0.301697788036038,73,0.1643835616438356,0.5886186961405955,-355.9666200736898,0.6841216216216216,0.2668918918918919,0.28986486486486485,0.42162162162162165,0.46158783783783786,False
GBPUSD1440_comma,daily,30,500,long_only,none,0.0,-0.012235954150767059,-1.0348522140604315,-1.3075397313866455,-0.051261328989888416,-0.23869755997119524,9,0.3333333333333333,0.09294081320490417,-2367.543601389605,0.43513513513513513,0.6557432432432433,0.610472972972973,0.008445945945945946,0.46135135135135136,True
GBPUSD1440_comma,daily,20,75,long_short,fast_slope,0.0,-0.02696413916437046,-0.8917810172208114,-1.1613719602283312,-0.06512753524735011,-0.4140205684425554,272,0.3492647058823529,0.6939971640973516,-124.24661944432992,0.5918918918918918,0.3584459459459459,0.14222972972972972,0.7094594594594594,0.4612331081081081,False
GBPUSD1440_comma,daily,20,400,long_short,fast_slope,0.0,-0.020942319010353483,-0.9403244911731053,-1.2576781307317992,-0.06692853272300293,-0.3129056944521321,232,0.34051724137931033,0.6994924534424796,-115.5457118278986,0.5412162162162162,0.31891891891891894,0.28547297297297297,0.7192567567567567,0.4611993243243243,False
GBPUSD1440_comma,daily,30,50,long_only,price_slow,0.0025,-0.013826253649453224,-1.2040057476154173,-1.6308684570282481,-0.048646603265488926,-0.28421827468603345,89,0.3146067415730337,0.6134054172854245,-230.6982427224802,0.2594594594594595,0.7030405405405405,0.5327702702702702,0.4956081081081081,0.4604391891891892,False
GBPUSD1440_comma,daily,30,300,long_short,none,0.0,-0.02381742380835261,-0.7087665136360848,-0.950207197371621,-0.06923086225943775,-0.3440289927214615,32,0.28125,0.5122871613049298,-929.8136820773661,0.7966216216216216,0.2628378378378378,0.20337837837837838,0.23581081081081082,0.46040540540540537,False
GBPUSD1440_comma,daily,50,500,long_only,slow_slope,0.005,-0.009035303914782689,-1.2162586811514355,-1.5824182648617753,-0.0412835726884793,-0.21885954452057643,19,0.10526315789473684,0.10754601692426151,-823.9701586831266,0.24864864864864866,0.8131756756756757,0.7810810810810811,0.00945945945945946,0.46038851351351356,True
GBPUSD1440_comma,daily,20,250,long_only,fast_slope,0.0025,-0.01060659993599844,-1.2842602083729846,-1.7266524569029786,-0.05368659769204008,-0.19756513528461206,118,0.3050847457627119,0.6542515550151293,-133.1776691066428,0.1858108108108108,0.610472972972973,0.7043918918918919,0.6152027027027027,0.46010135135135133,False
GBPUSD1440_comma,daily,40,500,long_short,none,0.001,-0.024476078248928834,-0.7356602560802558,-0.9665641844667826,-0.06327502330617879,-0.3868205331271486,18,0.2777777777777778,0.3593004881140768,-1854.5979982584731,0.7672297297297297,0.4027027027027027,0.18952702702702703,0.09527027027027027,0.4597635135135136,True
GBPUSD1440_comma,daily,10,500,long_only,price_slow,0.005,-0.01048737255660448,-1.0888180181118405,-1.4356457618146161,-0.05258954616405125,-0.1994193394232665,24,0.20833333333333334,0.32785970215271615,-679.6055218679767,0.3722972972972973,0.6307432432432433,0.7108108108108108,0.07263513513513513,0.45966216216216216,False
GBPUSD1440_comma,daily,10,75,long_only,price_slow,0.005,-0.01359035247254936,-1.0909048077443433,-1.452893225081029,-0.051677902461669804,-0.26298189023111973,67,0.23880597014925373,0.5305408665218918,-296.4029862074376,0.3695945945945946,0.6462837837837838,0.5418918918918919,0.27804054054054056,0.45949324324324325,False
GBPUSD1440_comma,daily,20,250,long_only,fast_slope,0.0,-0.011343382509207411,-1.2768459759169242,-1.704615362052505,-0.05275483906881602,-0.2150207015968818,125,0.312,0.6527643728185339,-133.7254558177666,0.1929054054054054,0.6277027027027027,0.6652027027027027,0.6128378378378379,0.45905405405405403,False
GBPUSD1440_comma,daily,10,50,long_short,slow_slope,0.0025,-0.026032140893990086,-0.8192180923560796,-1.1403884917279323,-0.07096093757757012,-0.3668517043695111,203,0.26108374384236455,0.6925483543464187,-162.16103485443116,0.6699324324324324,0.21385135135135136,0.15844594594594594,0.7057432432432432,0.45898648648648643,False
GBPUSD1440_comma,daily,20,150,long_short,fast_slope,0.005,-0.02159816728095887,-0.9153456470847496,-1.225265688593541,-0.0692353009092815,-0.31195310769658946,234,0.33760683760683763,0.7134556084963185,-118.68103722472178,0.5702702702702702,0.2625,0.2635135135135135,0.7493243243243243,0.45883445945945944,False
GBPUSD1440_comma,daily,40,400,long_only,fast_slope,0.005,-0.008746979780964836,-1.315758246224648,-1.781935796399576,-0.054059388170018374,-0.1618031590267971,75,0.26666666666666666,0.6406801111522265,-172.78370165560662,0.1597972972972973,0.5993243243243244,0.7949324324324324,0.5736486486486486,0.4587837837837838,False
GBPUSD1440_comma,daily,75,150,long_only,combined,0.0025,-0.010100865017070304,-1.1799195474000732,-1.572820024151911,-0.05772528742650495,-0.17498163226871044,73,0.3013698630136986,0.5971934978750727,-205.77464940272444,0.2831081081081081,0.5297297297297298,0.7293918918918919,0.44594594594594594,0.45844594594594595,False
GBPUSD1440_comma,daily,5,50,long_only,none,0.001,-0.020262667831033032,-1.0044099327228033,-1.2893941457018736,-0.05105875287606736,-0.3968500343166568,89,0.21348314606741572,0.537723320288138,-315.81267126317016,0.46824324324324323,0.660472972972973,0.3070945945945946,0.2962837837837838,0.4582770270270271,False
GBPUSD1440_comma,daily,50,400,long_short,slow_slope,0.001,-0.022566129156154635,-0.7661524543179998,-1.0141296191750628,-0.06640777982470623,-0.33981152834383976,75,0.18666666666666668,0.5114737977610255,-377.6984971089793,0.7327702702702703,0.3304054054054054,0.23648648648648649,0.23445945945945945,0.4581756756756757,False
GBPUSD1440_comma,daily,75,250,long_short,slow_slope,0.0,-0.020907752852446948,-0.7693167063961622,-1.0312228431792985,-0.06900649058382653,-0.3029824104306389,92,0.20652173913043478,0.533877106459629,-273.01525774043256,0.7253378378378378,0.2695945945945946,0.28783783783783784,0.28716216216216217,0.4581756756756757,False
GBPUSD1440_comma,daily,50,75,long_only,fast_slope,0.0025,-0.01241403503162819,-1.1586590330951978,-1.561270707317822,-0.059673529350486205,-0.20803252575720232,92,0.29347826086956524,0.6594466934546975,-188.70413346870586,0.30675675675675673,0.4851351351351351,0.5993243243243244,0.6287162162162162,0.4581587837837838,False
GBPUSD1440_comma,daily,100,250,long_only,price_slow,0.001,-0.008849467018684387,-1.1300447138063252,-1.493060087744787,-0.06031198818170729,-0.14672815945020434,47,0.14893617021276595,0.5512938138324726,-282.6104113281941,0.33175675675675675,0.4739864864864865,0.789527027027027,0.3260135135135135,0.4580067567567568,False
GBPUSD1440_comma,daily,40,500,long_only,none,0.005,-0.011379142471783177,-1.0784679027121393,-1.3874189537489756,-0.050269848274542686,-0.22636118592674814,9,0.2222222222222222,0.1653777359651601,-1907.3452321589596,0.3831081081081081,0.6773648648648649,0.6618243243243244,0.019256756756756758,0.4578378378378378,True
GBPUSD1440_comma,daily,40,300,long_only,price_slow,0.001,-0.009581061207331487,-1.0672698581674334,-1.4053439418908804,-0.06256390332075296,-0.1531404004352358,39,0.15384615384615385,0.5349393015498246,-361.05800381325656,0.3966216216216216,0.4195945945945946,0.754054054054054,0.2891891891891892,0.4577364864864865,False
GBPUSD1440_comma,daily,40,400,long_only,none,0.0025,-0.01159572878439108,-1.0279443381738145,-1.3068982218639211,-0.054443361419148135,-0.21298701039265322,10,0.5,0.21851096966544395,-1625.6056113524505,0.44222972972972974,0.5902027027027027,0.6456081081081081,0.027364864864864866,0.45766891891891903,True
GBPUSD1440_comma,daily,60,400,long_only,fast_slope,0.001,-0.008113510624410125,-1.269557689475615,-1.7114989127692701,-0.05521745086547148,-0.14693743548896165,61,0.29508196721311475,0.6037637330742116,-201.3038198788338,0.20168918918918918,0.5739864864864865,0.8209459459459459,0.4618243243243243,0.45763513513513515,False
GBPUSD1440_comma,daily,30,400,long_short,fast_slope,0.005,-0.02055081008851878,-0.9027113234809911,-1.2175913912899337,-0.06991429774504809,-0.29394288080329545,173,0.23699421965317918,0.6890122500518494,-155.1078067739016,0.5807432432432432,0.24256756756756756,0.29695945945945945,0.7,0.4573310810810811,False
GBPUSD1440_comma,daily,50,500,long_short,none,0.001,-0.024233641431642527,-0.7336213459588017,-0.9669772128481625,-0.06379422171687167,-0.3798720445120416,17,0.23529411764705882,0.34100194658671107,-1985.3276536066032,0.7699324324324325,0.3912162162162162,0.1945945945945946,0.08277027027027027,0.45711148648648653,True
GBPUSD1440_comma,daily,60,500,long_short,none,0.001,-0.02543096981056414,-0.7497698798629598,-0.9869992020864856,-0.061918608067169256,-0.41071610949291115,15,0.2,0.3478222976458419,-2265.074165284129,0.7533783783783784,0.4341216216216216,0.17027027027027028,0.08682432432432433,0.4569594594594594,True
GBPUSD1440_comma,daily,60,500,long_short,slow_slope,0.005,-0.02095849149934037,-0.8035516909195687,-1.0667851722283404,-0.06114299557207075,-0.34277829051793973,51,0.1568627450980392,0.3380133976856264,-515.8729643105759,0.6864864864864865,0.4543918918918919,0.2831081081081081,0.08074324324324324,0.4569256756756757,False
GBPUSD1440_comma,daily,10,75,long_only,price_slow,0.001,-0.017060934420145668,-1.0156472313158216,-1.2870394249147326,-0.055204602507999356,-0.3090491307798743,99,0.2828282828282828,0.5570225069760677,-246.1847980024917,0.4557432432432432,0.5743243243243243,0.3989864864864865,0.33952702702702703,0.45660472972972976,False
GBPUSD1440_comma,daily,30,150,long_only,fast_slope,0.0025,-0.010507199987044746,-1.1644431067088943,-1.5681587425272105,-0.06442681633886956,-0.16308736926840217,104,0.23076923076923078,0.6743164320799635,-147.69608340504985,0.3,0.375,0.7101351351351352,0.6679054054054054,0.45596283783783786,False
GBPUSD1440_comma,daily,20,300,long_short,price_slow,0.0,-0.024460781009110977,-0.7511287098149896,-1.010070788158892,-0.06940643627015688,-0.3524281366918205,89,0.15730337078651685,0.5607103577066125,-333.1875780259714,0.7520270270270271,0.2577702702702703,0.18986486486486487,0.34966216216216217,0.4556756756756757,False
GBPUSD1440_comma,daily,30,200,long_short,fast_slope,0.005,-0.021340491325333777,-0.9110956752857609,-1.1947914808874718,-0.0694248244040474,-0.30738992152336864,176,0.2784090909090909,0.6979806288544858,-154.23610149731894,0.5733108108108108,0.25641891891891894,0.27297297297297296,0.7158783783783784,0.4554054054054054,False
GBPUSD1440_comma,daily,100,500,long_short,slow_slope,0.0,-0.020941828900936432,-0.7934778111115021,-1.0516230978821552,-0.06275999879130192,-0.33368115526220843,56,0.19642857142857142,0.3706372064906234,-468.3134264474803,0.6966216216216217,0.4158783783783784,0.28581081081081083,0.10405405405405406,0.45538851351351356,False
GBPUSD1440_comma,daily,30,75,long_only,fast_slope,0.0,-0.012691444156201603,-1.1353125530507475,-1.5289046922333598,-0.05988602608769074,-0.2119266377371175,113,0.2743362831858407,0.6432591362453932,-168.61270385783428,0.327027027027027,0.4814189189189189,0.5841216216216216,0.581081081081081,0.455152027027027,False
GBPUSD1440_comma,daily,10,50,long_only,price_slow,0.001,-0.017247629003126264,-1.0600029115501126,-1.4259142953546737,-0.05389299034710253,-0.32003473720870557,118,0.2457627118644068,0.589939360003843,-207.4310685809825,0.40371621621621623,0.6037162162162162,0.3935810810810811,0.42567567567567566,0.4549831081081081,False
GBPUSD1440_comma,daily,30,50,long_short,slow_slope,0.001,-0.026535581309110712,-0.8451601034809384,-1.1431961703963427,-0.06957871014741328,-0.38137501044343836,197,0.3197969543147208,0.684824198380992,-170.04775948039403,0.6466216216216216,0.2516891891891892,0.1489864864864865,0.6898648648648649,0.454847972972973,False
GBPUSD1440_comma,daily,60,200,long_short,fast_slope,0.0,-0.021311110446610826,-0.8507338118538775,-1.1275592090609559,-0.06972786232445206,-0.30563263717232125,144,0.2916666666666667,0.6329964019350965,-188.925059138264,0.6381756756756757,0.24932432432432433,0.2739864864864865,0.5483108108108108,0.4546452702702703,False
GBPUSD1440_comma,daily,60,75,long_short,fast_slope,0.001,-0.022640326935204236,-0.7964452856124702,-1.021208508469245,-0.07317193567150115,-0.3094127103162332,145,0.32413793103448274,0.6603671881444503,-200.09522591225306,0.6939189189189189,0.14155405405405405,0.23445945945945945,0.6300675675675675,0.4543581081081081,False
GBPUSD1440_comma,daily,100,400,long_short,slow_slope,0.0,-0.02297053160128204,-0.7869846720230137,-1.0515122538394055,-0.06373137525188183,-0.360427364237739,76,0.17105263157894737,0.48817858518067136,-372.0616073846116,0.7033783783783784,0.3932432432432432,0.22432432432432434,0.19763513513513514,0.4541722972972973,False
GBPUSD1440_comma,daily,75,200,long_only,fast_slope,0.005,-0.009215766461078245,-1.1883497861304093,-1.575370964639171,-0.05997725607715264,-0.1536543527303651,62,0.2903225806451613,0.6033868680496076,-222.50157520488125,0.2756756756756757,0.48074324324324325,0.7719594594594594,0.4597972972972973,0.45381756756756764,False
GBPUSD1440_comma,daily,60,500,long_only,none,0.0025,-0.012298214109748185,-1.051839984619411,-1.3303488912288426,-0.05088593709087334,-0.24168198156173748,6,0.16666666666666666,0.034891900094816825,-3430.661486875219,0.41385135135135137,0.664527027027027,0.6067567567567568,0.0037162162162162164,0.4535810810810811,True
GBPUSD1440_comma,daily,75,400,long_only,price_slow,0.005,-0.010151276304646406,-1.1370240314981552,-1.5094952015987146,-0.0510313881518599,-0.19892220596543642,32,0.1875,0.3465670864450118,-471.5908695200145,0.3256756756756757,0.6611486486486486,0.725,0.08614864864864864,0.45347972972972966,False
GBPUSD1440_comma,daily,20,300,long_only,slow_slope,0.001,-0.00896621790357055,-1.1147535013066843,-1.4738938726206772,-0.05601771686530046,-0.1600603952697789,42,0.2619047619047619,0.402274148350328,-320.9724171743256,0.34628378378378377,0.5591216216216216,0.7837837837837838,0.12263513513513513,0.45344594594594595,False
GBPUSD1440_comma,daily,40,75,long_short,combined,0.0,-0.022741982966338004,-0.8352109984594096,-1.0837329541606302,-0.07287885906898668,-0.31205185230480326,207,0.2463768115942029,0.696146272158029,-139.99232686199326,0.6557432432432433,0.15101351351351353,0.23108108108108108,0.7131756756756756,0.45324324324324333,False
GBPUSD1440_comma,daily,40,200,long_short,slow_slope,0.005,-0.023525719629041042,-0.7939327667172049,-1.0629798565499857,-0.06876659340393254,-0.34210971439070414,89,0.2247191011235955,0.5892736297339325,-330.1254744704726,0.6962837837837837,0.27466216216216216,0.21047297297297296,0.4233108108108108,0.4527702702702702,False
GBPUSD1440_comma,daily,75,500,long_only,price_slow,0.005,-0.010114027960878902,-1.1486868829901322,-1.5109392993084647,-0.04950419424422849,-0.2043064858500966,25,0.08,0.2984654812051827,-667.5457943862183,0.31486486486486487,0.6925675675675675,0.7273648648648648,0.05439189189189189,0.45271959459459465,False
GBPUSD1440_comma,daily,60,250,long_short,combined,0.005,-0.01895792133911489,-0.9300277833482943,-1.23154728104591,-0.0669465913981069,-0.283179784708964,128,0.28125,0.6348585149900275,-194.02391624087232,0.5533783783783783,0.3179054054054054,0.3402027027027027,0.5581081081081081,0.45258445945945946,False
GBPUSD1440_comma,daily,5,75,long_short,none,0.0025,-0.028599438241760256,-0.793377311451171,-1.043250568878627,-0.069455602465944,-0.41176575000963167,150,0.24666666666666667,0.6450353211250364,-240.62682417753769,0.6969594594594595,0.2554054054054054,0.11081081081081082,0.5851351351351352,0.4525675675675676,False
GBPUSD1440_comma,daily,30,300,long_only,price_slow,0.0,-0.011055914558869229,-1.080626482788758,-1.4172627848951593,-0.05779898385623892,-0.19128216140214782,39,0.1282051282051282,0.49968158546140734,-422.8990377353094,0.38141891891891894,0.5273648648648649,0.6793918918918919,0.2152027027027027,0.4525675675675676,False
GBPUSD1440_comma,daily,20,75,long_only,price_slow,0.0,-0.016743542745898066,-1.0310482170026762,-1.3152357525042468,-0.057477931866620584,-0.2913038483143757,99,0.24242424242424243,0.5838299631613815,-242.71634657568987,0.439527027027027,0.533445945945946,0.4101351351351351,0.4081081081081081,0.45241554054054056,False
GBPUSD1440_comma,daily,50,500,long_short,slow_slope,0.005,-0.021969698292677475,-0.8062554909699357,-1.0603264531297776,-0.06038233147465542,-0.36384316001277506,52,0.17307692307692307,0.32541629462780597,-529.4352042606173,0.6820945945945946,0.47195945945945944,0.25472972972972974,0.06993243243243243,0.4522635135135135,False
GBPUSD1440_comma,daily,60,300,long_only,none,0.0,-0.01470861508688659,-1.0126506495126064,-1.3036117563319176,-0.051416721152505666,-0.28606676499770933,14,0.2857142857142857,0.27694748346270043,-1476.5281148586023,0.4594594594594595,0.6527027027027027,0.4929054054054054,0.04256756756756757,0.4519256756756757,True
GBPUSD1440_comma,daily,75,300,long_short,slow_slope,0.005,-0.020322497328743805,-0.7855801249717864,-1.0489317890801533,-0.06947808300351233,-0.2925022748212043,76,0.27631578947368424,0.5388726739657906,-346.5336750430373,0.7050675675675676,0.25405405405405407,0.3054054054054054,0.297972972972973,0.4513175675675676,False
GBPUSD1440_comma,daily,100,250,long_only,combined,0.0,-0.007694159685240232,-1.3440049552654676,-1.7858323635801583,-0.055445447250090804,-0.13876990928642263,67,0.208955223880597,0.6392655561121614,-173.8475218282658,0.13851351351351351,0.5706081081081081,0.8385135135135136,0.5702702702702702,0.45130067567567567,False
GBPUSD1440_comma,daily,60,150,long_only,slow_slope,0.0025,-0.012235658895883406,-1.0667065078317095,-1.3972376257103611,-0.056362346564796675,-0.21708923850103978,45,0.24444444444444444,0.4995490428284994,-393.8332171825555,0.3969594594594595,0.552027027027027,0.6111486486486486,0.21486486486486486,0.45125,False
GBPUSD1440_comma,daily,5,50,long_short,none,0.0025,-0.031232809015884655,-0.8234392307923778,-1.1029225869679213,-0.06681808121932761,-0.4674304985407204,178,0.2696629213483146,0.645619732075672,-216.1126936711676,0.6648648648648648,0.3212837837837838,0.08209459459459459,0.589527027027027,0.4511148648648649,False
GBPUSD1440_comma,daily,60,300,long_short,none,0.001,-0.022568646142566928,-0.7009964126155708,-0.9494210076905278,-0.0713753729945032,-0.3161965422486128,27,0.3333333333333333,0.49933442138875783,-1065.6832289005888,0.8057432432432432,0.19628378378378378,0.23614864864864865,0.2141891891891892,0.45072635135135136,False
GBPUSD1440_comma,daily,40,400,long_short,slow_slope,0.001,-0.02294654999819845,-0.7707749291831141,-1.0209682525588177,-0.0664199702168154,-0.3454766679854536,77,0.18181818181818182,0.503756557416903,-369.36873107740564,0.7226351351351351,0.33006756756756755,0.22567567567567567,0.22466216216216217,0.45040540540540536,False
GBPUSD1440_comma,daily,40,50,long_short,price_slow,0.0,-0.027516349126251893,-0.89706349266219,-1.210735101856533,-0.06441790488483881,-0.4271537420449085,229,0.27510917030567683,0.659682885372619,-152.5801422249724,0.5875,0.37533783783783786,0.13108108108108107,0.629054054054054,0.4494087837837838,False
GBPUSD1440_comma,daily,40,300,long_short,price_slow,0.001,-0.022783085351307686,-0.7490847492976349,-0.9968165165198966,-0.07185309041708043,-0.3170787118419035,83,0.14457831325301204,0.5686363597952447,-336.94141548242476,0.7543918918918919,0.18243243243243243,0.23006756756756758,0.3706081081081081,0.4489695945945946,False
GBPUSD1440_comma,daily,100,400,long_short,combined,0.005,-0.017820419332028492,-0.8913004722786383,-1.154920371379318,-0.07021363261214736,-0.2538028395492168,113,0.18584070796460178,0.623559321415097,-200.66373100459268,0.5922297297297298,0.23344594594594595,0.37601351351351353,0.5226351351351352,0.44885135135135135,False
GBPUSD1440_comma,daily,40,250,long_short,none,0.001,-0.024162564408102716,-0.7149100944051049,-0.9651334950101447,-0.07009700685779455,-0.34470179956643787,32,0.28125,0.5066203828739775,-944.6740660931058,0.7902027027027027,0.23547297297297298,0.1966216216216216,0.2287162162162162,0.4485810810810811,False
GBPUSD1440_comma,daily,50,75,long_only,price_slow,0.0025,-0.01359034572233131,-1.1264888974248197,-1.4374546407245525,-0.05945756456772174,-0.22857218961351844,89,0.2696629213483146,0.6344124071229438,-212.63929112778442,0.3347972972972973,0.4912162162162162,0.5422297297297297,0.5557432432432432,0.44853040540540534,False
GBPUSD1440_comma,daily,20,100,long_short,combined,0.005,-0.01951213661894513,-0.9275282299301587,-1.2530083039089424,-0.07146320988150079,-0.2730375063098881,220,0.33636363636363636,0.7144196974864739,-115.05191803139569,0.5554054054054054,0.19425675675675674,0.3253378378378378,0.7510135135135135,0.448445945945946,False
GBPUSD1440_comma,daily,75,150,long_only,slow_slope,0.0025,-0.011830625489165913,-1.0839156121848066,-1.4198461438974197,-0.055230095359594084,-0.2142061391011305,42,0.3333333333333333,0.4766112729261841,-413.60324870243016,0.37736486486486487,0.5736486486486486,0.6300675675675675,0.18716216216216217,0.448445945945946,False
GBPUSD1440_comma,daily,5,75,long_short,none,0.001,-0.028365901619608613,-0.7630952567307949,-1.021149599544719,-0.07419123656569014,-0.3823349351306873,156,0.26282051282051283,0.6748130928470594,-226.30964254585146,0.7361486486486486,0.12162162162162163,0.11486486486486487,0.6699324324324324,0.4483277027027027,False
GBPUSD1440_comma,daily,75,250,long_short,price_slow,0.0025,-0.020957871531595562,-0.7719763143642321,-1.027055330234856,-0.07189165753169727,-0.29152021599105804,74,0.16216216216216217,0.5722798499990314,-346.5763798746539,0.7222972972972973,0.18175675675675676,0.28344594594594597,0.38006756756756754,0.44805743243243246,False
GBPUSD1440_comma,daily,30,400,long_only,price_slow,0.005,-0.010125645698999208,-1.0827723358786034,-1.4249789318657868,-0.056340783829340546,-0.17972142044864636,28,0.17857142857142858,0.34616630856033337,-534.2424681561458,0.3787162162162162,0.5527027027027027,0.7266891891891892,0.08547297297297297,0.447820945945946,False
GBPUSD1440_comma,daily,5,75,long_short,price_slow,0.005,-0.027941840488105663,-0.8259820053449265,-1.0742274730291241,-0.066051702686615,-0.42302982893078267,146,0.2465753424657534,0.612075006905428,-238.8854486371467,0.6625,0.33952702702702703,0.1222972972972973,0.4891891891891892,0.44771959459459454,False
GBPUSD1440_comma,daily,60,400,long_only,fast_slope,0.005,-0.008619641244293708,-1.3242411344706622,-1.7793693369334247,-0.051426796559124306,-0.16760991975037542,59,0.3050847457627119,0.5852145135957162,-219.65651701901692,0.15337837837837837,0.6516891891891892,0.8013513513513514,0.41452702702702704,0.446722972972973,False
GBPUSD1440_comma,daily,50,300,long_short,slow_slope,0.0,-0.021359182264071963,-0.7597533591668424,-1.0165902007686676,-0.07131327231265949,-0.2995120202930345,92,0.21739130434782608,0.546286436002394,-295.2470890934336,0.7388513513513514,0.19797297297297298,0.2716216216216216,0.3152027027027027,0.4466385135135135,False
GBPUSD1440_comma,daily,30,75,long_short,fast_slope,0.0,-0.02442731186519531,-0.8648239810885422,-1.164203193867765,-0.07103685377767546,-0.3438681552767756,222,0.2972972972972973,0.6932032732157288,-140.84692150383523,0.625,0.2087837837837838,0.1912162162162162,0.7077702702702703,0.44660472972972975,False
GBPUSD1440_comma,daily,5,200,long_only,price_slow,0.005,-0.013558282812916378,-0.9860965944423071,-1.2313757530689016,-0.06395698522675385,-0.21199064910340415,39,0.15384615384615385,0.543178629327039,-499.7647577120048,0.48817567567567566,0.3858108108108108,0.543581081081081,0.30777027027027026,0.44660472972972975,False
GBPUSD1440_comma,daily,30,75,long_only,fast_slope,0.0025,-0.011441138308327048,-1.1812130654059132,-1.5845060497571941,-0.06073379422263367,-0.18838174783526496,100,0.29,0.6408369018682374,-170.13073437472443,0.28209459459459457,0.4648648648648649,0.6560810810810811,0.5743243243243243,0.4464189189189189,False
GBPUSD1440_comma,daily,20,250,long_only,fast_slope,0.001,-0.011416870274497448,-1.2852001121561416,-1.7126337451506006,-0.0534826548465916,-0.21346865272947524,122,0.319672131147541,0.6440885093314982,-137.82689818740008,0.18412162162162163,0.6135135135135135,0.6587837837837838,0.5831081081081081,0.44625000000000004,False
GBPUSD1440_comma,daily,75,300,long_only,fast_slope,0.0,-0.009046231101386581,-1.2179178242593287,-1.6220053032372015,-0.062054644652533575,-0.1457784691547217,75,0.24,0.6360512865435529,-177.96193599714977,0.2462837837837838,0.4304054054054054,0.7800675675675676,0.5604729729729729,0.44619932432432435,False
GBPUSD1440_comma,daily,75,250,long_short,price_slow,0.001,-0.021479229669414512,-0.7683322138772045,-1.029536024667165,-0.07237353654554161,-0.29678292224808633,80,0.1375,0.581957915406145,-328.22790352890615,0.727027027027027,0.16283783783783784,0.2679054054054054,0.40405405405405403,0.4457094594594595,False
GBPUSD1440_comma,daily,30,300,long_only,price_slow,0.001,-0.011256883652778105,-1.091674122900928,-1.428715696698119,-0.05715992558655066,-0.1969366393896561,39,0.1794871794871795,0.4862902807167291,-428.5356087117821,0.36824324324324326,0.5378378378378378,0.6702702702702703,0.1966216216216216,0.4453040540540541,False
GBPUSD1440_comma,daily,50,500,long_only,none,0.001,-0.013218813894421144,-1.049607441889948,-1.326391820892442,-0.051109843380854135,-0.25863538254106533,8,0.25,0.040119983585499897,-2878.876465876067,0.41824324324324325,0.6594594594594595,0.5618243243243243,0.004391891891891892,0.4451858108108108,True
GBPUSD1440_comma,daily,40,150,long_short,combined,0.0,-0.022835047445531442,-0.8873228527429711,-1.1728473017511052,-0.07073788948821835,-0.32281211117183106,190,0.26842105263157895,0.6938972108214879,-151.82816196629764,0.5952702702702702,0.2195945945945946,0.22905405405405405,0.7091216216216216,0.44518581081081077,False
GBPUSD1440_comma,daily,10,250,long_only,price_slow,0.005,-0.011507068469008952,-1.0477792763732245,-1.37175629843633,-0.06311117680961142,-0.1823301204432065,38,0.21052631578947367,0.5406347181974437,-446.4718286998973,0.4192567567567568,0.4060810810810811,0.6530405405405405,0.3016891891891892,0.4450844594594595,False
GBPUSD1440_comma,daily,30,300,long_short,none,0.0025,-0.02575523835968463,-0.748360317900658,-0.9879147365742473,-0.06742839155928286,-0.38196429966805145,32,0.25,0.5003220382065292,-991.0927750836252,0.7560810810810811,0.30743243243243246,0.16216216216216217,0.2179054054054054,0.4444087837837838,False
GBPUSD1440_comma,daily,10,250,long_only,none,0.0,-0.01321624844264635,-1.0118716385579998,-1.313442119567606,-0.05882558336673308,-0.22466837872653167,27,0.18518518518518517,0.43530875962940196,-721.7580871260257,0.46114864864864863,0.5030405405405406,0.5621621621621622,0.1445945945945946,0.4443412162162162,False
GBPUSD1440_comma,daily,5,250,long_short,slow_slope,0.005,-0.02131941070967669,-0.7856314280268131,-1.0319428910552009,-0.07176266697270949,-0.2970821962035527,111,0.21621621621621623,0.5842217122368449,-224.9174113341566,0.7047297297297297,0.18513513513513513,0.27364864864864863,0.40945945945945944,0.44432432432432434,False
GBPUSD1440_comma,daily,40,400,long_only,price_slow,0.001,-0.010679673157373504,-1.071722602687963,-1.417319000079324,-0.05830957485380724,-0.18315470802435785,36,0.19444444444444445,0.39811522397956584,-417.23308188495946,0.3929054054054054,0.5158783783783784,0.7003378378378379,0.12027027027027028,0.44423986486486483,False
GBPUSD1440_comma,daily,40,400,long_only,fast_slope,0.0025,-0.008917163039760645,-1.30591013128022,-1.7665995694196217,-0.05875090248271039,-0.15177916700743188,76,0.27631578947368424,0.6583445832980701,-165.03071430441324,0.1679054054054054,0.5050675675675675,0.7841216216216216,0.6263513513513513,0.44420608108108106,False
GBPUSD1440_comma,daily,20,50,long_only,none,0.0025,-0.01829874654885666,-1.055837699119949,-1.4105758116342868,-0.0491110458438186,-0.37259940680248915,53,0.2830188679245283,0.5063906828995572,-504.685903544075,0.40945945945945944,0.6976351351351351,0.35945945945945945,0.22736486486486487,0.44418918918918915,False
GBPUSD1440_comma,daily,60,300,long_short,price_slow,0.001,-0.021974040961220465,-0.7651695286651744,-1.0258202330964485,-0.07135425127306999,-0.30795699722398673,75,0.12,0.5546778206371257,-361.50531867612773,0.7344594594594595,0.19695945945945945,0.25405405405405407,0.3347972972972973,0.44405405405405407,False
GBPUSD1440_comma,daily,10,400,long_only,slow_slope,0.0,-0.010994347304375651,-1.146704324454766,-1.5126242557364857,-0.05336926054162762,-0.20600523958543782,50,0.2,0.4668125877580828,-324.67305008500097,0.3162162162162162,0.6165540540540541,0.6841216216216216,0.17466216216216215,0.44364864864864867,False
GBPUSD1440_comma,daily,40,75,long_only,fast_slope,0.005,-0.01105679425178352,-1.2699175946145105,-1.7045659830974278,-0.05075836791044381,-0.21783194982336151,77,0.36363636363636365,0.582154244255276,-205.51074506746133,0.20101351351351351,0.6662162162162162,0.6790540540540541,0.40506756756756757,0.4435304054054054,False
GBPUSD1440_comma,daily,20,250,long_only,combined,0.0,-0.008527948435673283,-1.3814370394955495,-1.8676093035574948,-0.056246913030686206,-0.15161629280918498,106,0.29245283018867924,0.6621817442597174,-121.04313087215361,0.12094594594594595,0.5554054054054054,0.8057432432432432,0.6331081081081081,0.4433445945945946,False
GBPUSD1440_comma,daily,60,400,long_only,price_slow,0.0025,-0.011178060979767923,-1.1157459922498743,-1.479350585642314,-0.05299459387435763,-0.21092832612831147,33,0.18181818181818182,0.35484616522648027,-493.41121495212616,0.34459459459459457,0.625,0.6739864864864865,0.09222972972972973,0.4427195945945946,False
GBPUSD1440_comma,daily,40,75,long_short,combined,0.001,-0.02260031880278479,-0.8500307994204738,-1.0990602657234505,-0.07286318661138319,-0.3101747240801298,195,0.2564102564102564,0.6804968292841675,-148.40495295403483,0.6388513513513514,0.15135135135135136,0.23513513513513515,0.6810810810810811,0.44256756756756765,False
GBPUSD1440_comma,daily,75,250,long_only,none,0.0,-0.01547599355057483,-1.000720141982763,-1.2948007579489385,-0.052558347049910394,-0.29445358195680194,14,0.2857142857142857,0.19695511203333924,-1580.3810709925692,0.47364864864864864,0.6320945945945946,0.4581081081081081,0.022635135135135136,0.4425,True
GBPUSD1440_comma,daily,20,400,long_only,price_slow,0.005,-0.010003490082093891,-1.0877818042569316,-1.4335412410813795,-0.05660428427888448,-0.17672673030909725,25,0.28,0.3116846718012818,-563.374036453459,0.37364864864864866,0.5483108108108108,0.7341216216216216,0.06047297297297297,0.44243243243243247,False
GBPUSD1440_comma,daily,30,300,long_only,fast_slope,0.0,-0.00870031793300663,-1.252144053625238,-1.690545540345343,-0.06171091861887291,-0.1409850659773817,86,0.2441860465116279,0.6388236074096869,-154.0255638891393,0.21722972972972973,0.4418918918918919,0.7969594594594595,0.5685810810810811,0.4420439189189189,False
GBPUSD1440_comma,daily,40,250,long_only,price_slow,0.001,-0.011028968211964307,-1.0492094935018548,-1.3794700586551099,-0.06390569853416217,-0.17258192093884295,45,0.15555555555555556,0.5291077059337828,-357.7866413801609,0.4185810810810811,0.3878378378378378,0.6814189189189189,0.275,0.44192567567567564,False
GBPUSD1440_comma,daily,75,200,long_short,slow_slope,0.005,-0.023015573395256728,-0.7835654830576405,-1.0581900596776563,-0.07101381875620269,-0.32409992587881264,79,0.22784810126582278,0.5843271216825298,-371.78208698849136,0.7074324324324325,0.21081081081081082,0.22297297297297297,0.4097972972972973,0.44173986486486494,False
GBPUSD1440_comma,daily,50,300,long_short,price_slow,0.0,-0.02303611265779215,-0.7628792029268164,-1.0200570670545988,-0.07200848884000086,-0.3199082917706717,84,0.11904761904761904,0.5754886796349119,-328.71990057114186,0.7364864864864865,0.17736486486486486,0.2222972972972973,0.3885135135135135,0.44167229729729734,False
GBPUSD1440_comma,daily,100,300,long_only,slow_slope,0.0,-0.00800538485017055,-1.1166006130886257,-1.4894278747714789,-0.06182056598469894,-0.12949387833414439,45,0.24444444444444444,0.4858943827292667,-269.46869237631586,0.34290540540540543,0.43682432432432433,0.8273648648648648,0.19594594594594594,0.4412331081081081,False
GBPUSD1440_comma,daily,10,75,long_short,price_slow,0.0,-0.02832553153229833,-0.781017014114843,-1.0270490713313463,-0.07299041668555922,-0.38807192530937273,200,0.24,0.6659605874713047,-174.35767032553696,0.7111486486486487,0.1462837837837838,0.1152027027027027,0.6472972972972973,0.4411655405405406,False
GBPUSD1440_comma,daily,60,200,long_only,fast_slope,0.0025,-0.010105724254916293,-1.1763677758535709,-1.5736859977133033,-0.060965590009737516,-0.16576111628382817,74,0.3108108108108108,0.596382072437228,-203.08428792157991,0.28547297297297297,0.45878378378378376,0.7287162162162162,0.44324324324324327,0.44111486486486484,False
GBPUSD1440_comma,daily,60,300,long_short,slow_slope,0.0025,-0.02093078502813739,-0.7706977695114693,-1.0322218036806698,-0.07105310665384791,-0.29457944928582336,81,0.2345679012345679,0.5317821671602307,-330.3002309400753,0.722972972972973,0.20743243243243242,0.2868243243243243,0.2810810810810811,0.44057432432432436,False
GBPUSD1440_comma,daily,20,500,long_short,slow_slope,0.0,-0.023625891611588123,-0.8019874441587383,-1.0613371305873518,-0.061749634446442214,-0.3826077971697104,63,0.19047619047619047,0.35120975871211046,-454.9245150333931,0.6891891891891891,0.4391891891891892,0.20743243243243242,0.08952702702702703,0.44038851351351355,False
GBPUSD1440_comma,daily,30,400,long_short,fast_slope,0.001,-0.02182646870753613,-0.9096132824620989,-1.2268025199940893,-0.07074037268743734,-0.30854330954651943,178,0.24719101123595505,0.6852322071298019,-159.53907184455946,0.5746621621621621,0.21925675675675677,0.25844594594594594,0.6912162162162162,0.4400506756756757,False
GBPUSD1440_comma,daily,5,50,long_short,none,0.005,-0.029482728582533535,-0.8603430869495384,-1.131435195536106,-0.06822867561999502,-0.43211638383162987,168,0.27976190476190477,0.6625646816848465,-217.34381796497027,0.629054054054054,0.2908783783783784,0.10135135135135136,0.6341216216216217,0.43972972972972973,False
GBPUSD1440_comma,daily,30,300,long_short,fast_slope,0.0025,-0.02202129977228484,-0.9023704740813812,-1.210441019065176,-0.07138347788118315,-0.30849295139330424,184,0.27717391304347827,0.6965300533822473,-154.46685885159363,0.581418918918919,0.1956081081081081,0.252027027027027,0.714527027027027,0.439054054054054,False
GBPUSD1440_comma,daily,50,100,long_short,fast_slope,0.001,-0.023896297325593285,-0.8459853936392048,-1.122193264453384,-0.07276283289581267,-0.32841350968027605,183,0.2677595628415301,0.680102421455123,-159.7178161237085,0.6452702702702703,0.1543918918918919,0.20101351351351351,0.6797297297297298,0.43886824324324325,False
GBPUSD1440_comma,daily,75,150,long_only,none,0.0025,-0.015594694321333757,-1.0148062098340227,-1.244271140491785,-0.05300464819417564,-0.2942137124314951,16,0.375,0.3118825331545111,-1392.2334762776413,0.4564189189189189,0.6243243243243243,0.45472972972972975,0.06114864864864865,0.4387668918918919,True
GBPUSD1440_comma,daily,40,50,long_only,fast_slope,0.001,-0.01525579506492758,-1.2030773846794087,-1.6029828681726295,-0.05296065101149874,-0.28805905466712,103,0.30097087378640774,0.6374504326049656,-212.00850738891006,0.26047297297297295,0.6260135135135135,0.4668918918918919,0.5635135135135135,0.4385979729729729,False
GBPUSD1440_comma,daily,5,200,long_only,price_slow,0.0025,-0.014291848697467469,-0.9807100076784948,-1.2241354675844334,-0.06410899496843844,-0.22293047495914575,47,0.1276595744680851,0.5336256755505717,-439.1081523843856,0.49425675675675673,0.38344594594594594,0.5101351351351351,0.28547297297297297,0.43841216216216217,False
GBPUSD1440_comma,daily,30,300,long_only,slow_slope,0.001,-0.0093782883255632,-1.1213097593869665,-1.4788614332933143,-0.05823802612299912,-0.16103376006865666,46,0.2608695652173913,0.4238756225065149,-305.5614949516179,0.33885135135135136,0.518581081081081,0.7641891891891892,0.13445945945945945,0.43819256756756764,False
GBPUSD1440_comma,daily,20,75,long_short,combined,0.0025,-0.021302896389011172,-0.9168941700913177,-1.2412178119028505,-0.072033389596584,-0.29573641485311153,251,0.3346613545816733,0.7116622063581756,-109.43466816000326,0.5685810810810811,0.17601351351351352,0.2743243243243243,0.7445945945945946,0.43798986486486485,False
GBPUSD1440_comma,daily,40,300,long_only,price_slow,0.0,-0.010785472766963733,-1.0842426906784215,-1.4257392015303942,-0.06195376828249273,-0.17408905165840505,41,0.14634146341463414,0.525373005885924,-387.1934158762143,0.3766891891891892,0.43344594594594593,0.6952702702702702,0.2652027027027027,0.43787162162162163,False
GBPUSD1440_comma,daily,50,500,long_short,none,0.0025,-0.02528174227734903,-0.7531553026386792,-0.988191564123013,-0.0643806875098235,-0.3926913994742822,17,0.17647058823529413,0.3168593122652524,-2014.9700912380222,0.7479729729729729,0.37601351351351353,0.17364864864864865,0.06452702702702702,0.43760135135135136,True
GBPUSD1440_comma,daily,50,250,long_only,price_slow,0.005,-0.01020111834165316,-1.0936184820064394,-1.437850095922191,-0.06138314726285616,-0.16618760680304845,33,0.15151515151515152,0.5088238840788598,-459.3766925169874,0.36452702702702705,0.44932432432432434,0.7236486486486486,0.23141891891891891,0.43758445945945945,False
GBPUSD1440_comma,daily,75,250,long_short,none,0.0,-0.024713063902107257,-0.7154561518971162,-0.9817414019603341,-0.07032851826356293,-0.35139463353248335,27,0.2962962962962963,0.4713149764096503,-1090.6182717090362,0.7898648648648648,0.23074324324324325,0.1847972972972973,0.1783783783783784,0.43734797297297295,False
GBPUSD1440_comma,daily,75,200,long_only,price_slow,0.0,-0.012086956456927478,-1.0909637603423104,-1.4348452236025808,-0.05938023208159069,-0.20355185611803506,48,0.125,0.5331912470915673,-369.0483381636368,0.36925675675675673,0.4925675675675676,0.6182432432432432,0.2847972972972973,0.4372128378378378,False
GBPUSD1440_comma,daily,75,500,long_only,combined,0.0025,-0.00690340091719055,-1.5331349265692953,-2.0297663934839183,-0.0501343487469974,-0.13769802719545654,57,0.2631578947368421,0.5975040959875055,-184.98014596073165,0.06621621621621622,0.6807432432432432,0.8662162162162163,0.44763513513513514,0.43706081081081083,False
GBPUSD1440_comma,daily,50,75,long_only,combined,0.0025,-0.01241454335409553,-1.2103525931395245,-1.6368765477079399,-0.0588417058278429,-0.21098204376361196,97,0.27835051546391754,0.6490069466422812,-178.98414695343322,0.25236486486486487,0.5020270270270271,0.5989864864864864,0.602027027027027,0.4365540540540541,False
GBPUSD1440_comma,daily,60,250,long_short,slow_slope,0.0,-0.022344216452380605,-0.7870491004954391,-1.0516753936626893,-0.06955008678293144,-0.3212679880920607,90,0.2111111111111111,0.5337402935488652,-298.493884663397,0.7030405405405405,0.25304054054054054,0.24527027027027026,0.28581081081081083,0.436402027027027,False
GBPUSD1440_comma,daily,75,200,long_only,fast_slope,0.001,-0.010697334182001694,-1.1798249139654682,-1.5652991775797949,-0.06155874207142767,-0.17377441159517837,74,0.24324324324324326,0.6089217624627916,-214.03795169245203,0.28344594594594597,0.4449324324324324,0.6989864864864865,0.4793918918918919,0.4363175675675676,False
GBPUSD1440_comma,daily,50,75,long_short,fast_slope,0.005,-0.01856245492110309,-0.9410241451958347,-1.2230066221731257,-0.06769246153919155,-0.27421746083729104,98,0.37755102040816324,0.6149581496232721,-252.5213876034903,0.5402027027027027,0.30033783783783785,0.34831081081081083,0.5006756756756757,0.4359290540540541,False
GBPUSD1440_comma,daily,60,500,long_short,fast_slope,0.005,-0.019393629525054856,-0.9354601380845986,-1.226688093368689,-0.0681272295145269,-0.28466781437104405,122,0.2540983606557377,0.6210381810714395,-208.8593290635499,0.547972972972973,0.2929054054054054,0.3290540540540541,0.5179054054054054,0.43591216216216216,False
GBPUSD1440_comma,daily,75,200,long_short,slow_slope,0.0025,-0.02536198085590191,-0.8020359390483104,-1.0869777026059027,-0.06949915846513981,-0.36492500651821946,93,0.24731182795698925,0.5863619126681888,-337.38803706510816,0.6888513513513513,0.2533783783783784,0.17162162162162162,0.4175675675675676,0.4358445945945946,False
GBPUSD1440_comma,daily,60,200,long_short,fast_slope,0.0025,-0.021449118376333454,-0.8711262730754358,-1.1502002365775525,-0.0699776974569562,-0.30651363442655377,138,0.2971014492753623,0.6135683120438215,-200.5135610624559,0.6175675675675676,0.24054054054054055,0.26925675675675675,0.4962837837837838,0.4354560810810811,False
GBPUSD1440_comma,daily,75,200,long_only,none,0.001,-0.01415605746751103,-0.973446314038946,-1.2632198481024912,-0.060312748674054034,-0.23471086592345658,14,0.2857142857142857,0.33409299224512273,-1459.600676437098,0.504054054054054,0.47364864864864864,0.5172297297297297,0.07939189189189189,0.4353885135135135,True
GBPUSD1440_comma,daily,40,75,long_only,combined,0.0025,-0.013904310108435958,-1.1587680615151423,-1.4759009132162149,-0.05920833647987137,-0.23483703368634423,111,0.2882882882882883,0.6342606376126309,-179.2887243243845,0.3064189189189189,0.4956081081081081,0.5287162162162162,0.5543918918918919,0.43537162162162163,False
GBPUSD1440_comma,daily,50,300,long_only,none,0.0,-0.013997716440366403,-1.005685876689415,-1.2860204288892612,-0.05674730060868265,-0.24666752938420256,14,0.2857142857142857,0.2907552785712313,-1398.1001612446903,0.4668918918918919,0.5452702702702703,0.5226351351351352,0.04966216216216216,0.43505067567567574,True
GBPUSD1440_comma,daily,60,300,long_only,none,0.0025,-0.014540698842544386,-1.041835403304443,-1.3407164394155244,-0.05234661121267516,-0.27777727164549504,14,0.35714285714285715,0.25329112024399514,-1489.6115307594596,0.42702702702702705,0.6351351351351351,0.49966216216216214,0.03648648648648649,0.43500000000000005,True
GBPUSD1440_comma,daily,100,300,long_short,combined,0.001,-0.019633301294452843,-0.9078643654743359,-1.1885675200349277,-0.07023985371555926,-0.2795179695840362,126,0.24603174603174602,0.6319958047810861,-201.64086804177205,0.5753378378378379,0.23243243243243245,0.32297297297297295,0.5472972972972973,0.4349324324324325,False
GBPUSD1440_comma,daily,40,300,long_only,price_slow,0.0025,-0.010140555604309598,-1.0902805904881976,-1.4370336035327578,-0.06307173045050445,-0.16077814152042968,39,0.15384615384615385,0.5248999160372342,-368.66484209481604,0.37027027027027026,0.40743243243243243,0.7263513513513513,0.26385135135135135,0.4348141891891892,False
GBPUSD1440_comma,daily,20,75,long_only,price_slow,0.0025,-0.015360515276941156,-1.1176914656377488,-1.5011540740163847,-0.05372358640946581,-0.2859175327549375,86,0.23255813953488372,0.5623856787283388,-259.66134196903573,0.3418918918918919,0.6084459459459459,0.4631756756756757,0.3543918918918919,0.4346621621621622,False
GBPUSD1440_comma,daily,50,300,long_only,price_slow,0.0,-0.010495252130295896,-1.0952987731900035,-1.4377759104309242,-0.06251226241502404,-0.16789109408034308,39,0.15384615384615385,0.5328211297309754,-381.24409748205517,0.3614864864864865,0.4212837837837838,0.710472972972973,0.28378378378378377,0.43457770270270274,False
GBPUSD1440_comma,daily,5,300,long_short,slow_slope,0.001,-0.022904283190138375,-0.7607388313969011,-1.0244121959719241,-0.07224528652965452,-0.31703498304677435,113,0.26548672566371684,0.5598682745880497,-245.68751726314989,0.7378378378378379,0.16756756756756758,0.22736486486486487,0.34594594594594597,0.434391891891892,False
GBPUSD1440_comma,daily,60,75,long_short,price_slow,0.005,-0.014589253036512928,-1.1673407153475188,-1.5197550414416539,-0.05370088255759192,-0.2716762247038784,67,0.34328358208955223,0.5899650999077832,-305.8877999435535,0.29662162162162165,0.6091216216216216,0.49763513513513513,0.4260135135135135,0.43435810810810815,False
GBPUSD1440_comma,daily,30,300,long_only,price_slow,0.005,-0.010009664699375587,-1.0923815458808774,-1.4349084336016238,-0.06178777867242858,-0.16200072108826558,30,0.13333333333333333,0.496897041441145,-469.1769652135039,0.36655405405405406,0.4375,0.7334459459459459,0.21081081081081082,0.4343074324324324,False
GBPUSD1440_comma,daily,40,500,long_only,price_slow,0.005,-0.011129811228927533,-1.1256370380314977,-1.470079477201945,-0.05234550429293649,-0.21262210345023635,25,0.16,0.26903636577062995,-673.2210163052509,0.33513513513513515,0.635472972972973,0.6760135135135135,0.03986486486486487,0.4341047297297298,False
GBPUSD1440_comma,daily,100,150,long_only,fast_slope,0.0025,-0.009590120681092773,-1.1384793263186177,-1.5068746948937626,-0.06075708877101738,-0.15784365042960213,47,0.1702127659574468,0.5200156470613325,-304.5923276229778,0.32466216216216215,0.4631756756756757,0.7533783783783784,0.2516891891891892,0.4340878378378379,False
GBPUSD1440_comma,daily,100,400,long_only,price_slow,0.001,-0.011019725361330779,-1.166160588472255,-1.5384990196107002,-0.050360885520009974,-0.21881516275070845,33,0.18181818181818182,0.3163180673989179,-493.2564382087143,0.2983108108108108,0.6753378378378379,0.6820945945945946,0.06283783783783783,0.4340033783783784,False
GBPUSD1440_comma,daily,20,75,long_only,price_slow,0.001,-0.01523261258720332,-1.0806923881877444,-1.452688142394398,-0.05952563300794846,-0.25590005208628874,96,0.2604166666666667,0.5947362241983937,-228.72094900779436,0.3810810810810811,0.48817567567567566,0.4685810810810811,0.43851351351351353,0.4339695945945946,False
GBPUSD1440_comma,daily,100,300,long_only,slow_slope,0.005,-0.008576818534066888,-1.234185780263876,-1.629318496479582,-0.04950604381300711,-0.17324790820415814,31,0.2903225806451613,0.2931524568379699,-416.1108016169289,0.23141891891891891,0.6918918918918919,0.8027027027027027,0.05067567567567568,0.4336824324324325,False
GBPUSD1440_comma,daily,100,300,long_only,slow_slope,0.001,-0.008291062973185492,-1.1342966493114064,-1.5083885811269429,-0.0610489190060577,-0.1358101520579389,42,0.2619047619047619,0.4621674160985789,-298.32520513407997,0.3277027027027027,0.45675675675675675,0.8141891891891891,0.16925675675675675,0.4334966216216216,False
GBPUSD1440_comma,daily,30,75,long_short,combined,0.001,-0.02244492574719248,-0.8994407657418716,-1.2047061689434655,-0.0724239031788235,-0.3099104682576028,231,0.2943722943722944,0.7091075059384455,-124.56091859664384,0.585472972972973,0.16114864864864864,0.23986486486486486,0.7398648648648649,0.4334290540540541,False
GBPUSD1440_comma,daily,75,500,long_short,slow_slope,0.0,-0.022170614161085678,-0.8074239057072908,-1.0692713419363944,-0.06392715798266553,-0.3468105709798245,57,0.19298245614035087,0.3622792205052343,-484.6144486968124,0.6807432432432432,0.3864864864864865,0.2489864864864865,0.09797297297297297,0.43341216216216216,False
GBPUSD1440_comma,daily,30,500,long_short,slow_slope,0.001,-0.02333592355783798,-0.8133141041687404,-1.0660258493401602,-0.06221584618794017,-0.3750800638047318,61,0.21311475409836064,0.3503555288543237,-476.50322911212794,0.6753378378378379,0.4263513513513513,0.21486486486486486,0.08885135135135135,0.4330236486486487,False
GBPUSD1440_comma,daily,40,300,long_short,slow_slope,0.001,-0.02223610420280897,-0.765816417925542,-1.0171952858794215,-0.07184333743453733,-0.3095082299464471,89,0.23595505617977527,0.536016305839791,-315.8664174537958,0.7341216216216216,0.18277027027027026,0.24662162162162163,0.29324324324324325,0.43265202702702704,False
GBPUSD1440_comma,daily,20,100,long_short,combined,0.0025,-0.02381510412708432,-0.9314790547043518,-1.2084126075886836,-0.06904958807447605,-0.3448985691471126,241,0.34024896265560167,0.6854443191649476,-126.15217430855564,0.5523648648648649,0.2682432432432432,0.20371621621621622,0.6922297297297297,0.4325844594594595,False
GBPUSD1440_comma,daily,30,50,long_short,slow_slope,0.0025,-0.025491756192998705,-0.8848593069397349,-1.182167150451929,-0.06947269046432883,-0.3669320422546123,162,0.2345679012345679,0.6635596784474207,-201.38618585255804,0.5986486486486486,0.2543918918918919,0.16824324324324325,0.6385135135135135,0.4324831081081081,False
GBPUSD1440_comma,daily,60,150,long_only,fast_slope,0.005,-0.011695480928202384,-1.1384737584316367,-1.4207800837685298,-0.059493485359402826,-0.19658422863527758,67,0.3283582089552239,0.5608016484343148,-256.5666713178197,0.325,0.4885135135135135,0.6388513513513514,0.35,0.43239864864864863,False
GBPUSD1440_comma,daily,40,400,long_only,fast_slope,0.0,-0.009024717317332565,-1.2845471156514383,-1.7431826475864785,-0.061357853733535195,-0.14708332785767075,78,0.2564102564102564,0.6472099030588144,-171.75592048415942,0.18513513513513513,0.45,0.7817567567567567,0.5952702702702702,0.43219594594594596,False
GBPUSD1440_comma,daily,50,500,long_only,none,0.005,-0.013318798518791697,-1.0959502595934212,-1.3760868532184536,-0.04861862460685181,-0.2739443706294127,7,0.14285714285714285,0.030834905453595074,-3269.88189963533,0.36114864864864865,0.7037162162162162,0.5567567567567567,0.0030405405405405407,0.4321959459459459,True
GBPUSD1440_comma,daily,30,100,long_only,fast_slope,0.005,-0.011548752120635108,-1.2525982376569047,-1.667220314296101,-0.05574050424910368,-0.2071877941581559,89,0.2696629213483146,0.613465994546825,-185.30988882175623,0.2168918918918919,0.5648648648648649,0.6489864864864865,0.49594594594594593,0.4321621621621622,False
GBPUSD1440_comma,daily,75,400,long_only,combined,0.005,-0.0075028581084455315,-1.4183548493165243,-1.8876750517947312,-0.05469737343904847,-0.13717035456567717,69,0.17391304347826086,0.6205050687311001,-164.84485645957662,0.09864864864864865,0.5847972972972973,0.8452702702702702,0.5162162162162162,0.4321452702702703,False
GBPUSD1440_comma,daily,60,400,long_only,price_slow,0.005,-0.011621684963894041,-1.1443705622406382,-1.513750166485616,-0.051612913615427844,-0.22517010084895017,33,0.18181818181818182,0.35215229728334974,-517.9021912904219,0.31925675675675674,0.6469594594594594,0.6442567567567568,0.09087837837837838,0.43192567567567575,False
GBPUSD1440_comma,daily,30,300,long_short,fast_slope,0.001,-0.022480476159988494,-0.902196223922987,-1.2124688015416722,-0.07166687097291696,-0.31368016846283,187,0.26737967914438504,0.6873491906718638,-156.30832176327382,0.5817567567567568,0.1875,0.23952702702702702,0.6959459459459459,0.431875,False
GBPUSD1440_comma,daily,20,300,long_only,slow_slope,0.0,-0.00955512504671474,-1.1239861187757207,-1.4844679146429047,-0.0582416225317309,-0.1640600764772473,47,0.2978723404255319,0.38633392975851893,-304.28679907663883,0.33614864864864863,0.5182432432432432,0.7554054054054054,0.11182432432432432,0.431875,False
GBPUSD1440_comma,daily,50,300,long_only,slow_slope,0.0,-0.009212452709403074,-1.1176918421872584,-1.4757439821031058,-0.05991312786038764,-0.15376350790548543,44,0.22727272727272727,0.4262979810150087,-314.2013701189971,0.34155405405405403,0.4810810810810811,0.7722972972972973,0.13547297297297298,0.43167229729729734,False
GBPUSD1440_comma,daily,5,100,long_only,none,0.005,-0.016648864442901035,-1.0468764666600996,-1.3258232555530847,-0.05760908225424266,-0.2889972169566183,66,0.24242424242424243,0.546247415160146,-358.11601994085026,0.4209459459459459,0.5314189189189189,0.4141891891891892,0.31486486486486487,0.43130067567567565,False
GBPUSD1440_comma,daily,60,300,long_short,none,0.005,-0.02197618506195853,-0.7363364913504492,-0.9736127875120709,-0.071831149233102,-0.3059422729078547,26,0.34615384615384615,0.47469704252891715,-1029.8011542329243,0.7665540540540541,0.1837837837837838,0.2537162162162162,0.18513513513513513,0.4310810810810811,False
GBPUSD1440_comma,daily,50,100,long_short,combined,0.0025,-0.022082097183612648,-0.8752275307655826,-1.1547877417239953,-0.07147020876631034,-0.30896925536926256,158,0.2468354430379747,0.6450420230363361,-174.76207805122525,0.6114864864864865,0.19358108108108107,0.25101351351351353,0.585472972972973,0.4310135135135136,False
GBPUSD1440_comma,daily,5,75,long_only,price_slow,0.005,-0.017145154554806585,-1.072299242625224,-1.3631356407432529,-0.05168109162874526,-0.3317490791016955,74,0.25675675675675674,0.5030259778108002,-332.1831098104419,0.39222972972972975,0.6459459459459459,0.39628378378378376,0.2222972972972973,0.4309797297297297,False
GBPUSD1440_comma,daily,75,250,long_only,none,0.005,-0.013386393863890622,-1.0417142491266405,-1.3388159925726073,-0.055248973090120605,-0.24229217513337498,14,0.21428571428571427,0.25875580922087454,-1388.0423458794091,0.4277027027027027,0.5726351351351351,0.5540540540540541,0.0375,0.43067567567567566,True
GBPUSD1440_comma,daily,75,500,long_only,combined,0.005,-0.007188091394386031,-1.5503219195078415,-2.0527877665051695,-0.049733474102017276,-0.1445322596937677,56,0.25,0.58711980664476,-195.60971404683687,0.061824324324324324,0.6878378378378378,0.8557432432432432,0.4185810810810811,0.43062500000000004,False
GBPUSD1440_comma,daily,20,75,long_short,price_slow,0.0025,-0.02605179819462955,-0.8290353016941188,-1.1153127986183171,-0.07162353057142416,-0.36373239334593077,159,0.23270440251572327,0.6435049768440754,-202.40768131399,0.6608108108108108,0.1891891891891892,0.1581081081081081,0.5820945945945946,0.4305574324324325,False
GBPUSD1440_comma,daily,40,500,long_only,none,0.001,-0.013263587330306303,-1.0583751414783882,-1.336311098970598,-0.053080244086983565,-0.24987803953145016,8,0.25,0.07122838215225735,-2820.0136574875987,0.40540540540540543,0.6222972972972973,0.5591216216216216,0.006081081081081081,0.430472972972973,True
GBPUSD1440_comma,daily,20,300,long_short,slow_slope,0.0,-0.022505178854114072,-0.759141748595805,-1.0118791374471574,-0.07200538616724138,-0.3125485474356463,95,0.29473684210526313,0.5321847799498759,-292.9847053163762,0.739527027027027,0.17804054054054055,0.2391891891891892,0.28209459459459457,0.43047297297297293,False
GBPUSD1440_comma,daily,100,500,long_only,slow_slope,0.001,-0.009886583448504127,-1.2588827086993022,-1.6338833858410224,-0.044043971134484106,-0.22447075488076174,14,0.07142857142857142,0.1555486298839498,-1200.689546469793,0.21114864864864866,0.777027027027027,0.7418918918918919,0.01756756756756757,0.4297297297297298,True
GBPUSD1440_comma,daily,50,150,long_only,slow_slope,0.0,-0.013693542144873394,-1.0567144256886005,-1.3761191186468695,-0.05974278435283488,-0.22920830177583806,53,0.2830188679245283,0.519906083093937,-361.7863994693878,0.4081081081081081,0.48412162162162165,0.5368243243243244,0.25135135135135134,0.42934121621621624,False
GBPUSD1440_comma,daily,20,250,long_only,combined,0.005,-0.008298765790967999,-1.4099269904675658,-1.9000884957377235,-0.057592981342891515,-0.14409335300007498,100,0.31,0.6548580850464677,-125.06948446677175,0.10236486486486486,0.5317567567567567,0.8135135135135135,0.6172297297297298,0.42917229729729733,False
GBPUSD1440_comma,daily,100,200,long_short,fast_slope,0.0,-0.02332736209231423,-0.8485379887580646,-1.1144785875284258,-0.07058758630566526,-0.3304740013534364,117,0.21367521367521367,0.6131062771349907,-248.1641616200851,0.6405405405405405,0.2233108108108108,0.2152027027027027,0.4939189189189189,0.4291722972972973,False
GBPUSD1440_comma,daily,60,200,long_short,slow_slope,0.0025,-0.024435450505737588,-0.7931581173725832,-1.0729307349239896,-0.07193699668424036,-0.33967849134700945,95,0.25263157894736843,0.5973546464661785,-322.8657552241207,0.6972972972972973,0.18006756756756756,0.19087837837837837,0.4462837837837838,0.42905405405405406,False
GBPUSD1440_comma,daily,40,300,long_only,price_slow,0.005,-0.009947247733325226,-1.1082818382998898,-1.4570523790969387,-0.06189132667392729,-0.1607211909631865,30,0.16666666666666666,0.4999400544786757,-490.4241823360527,0.3506756756756757,0.43513513513513513,0.7371621621621621,0.21621621621621623,0.4289189189189189,False
GBPUSD1440_comma,daily,60,150,long_short,fast_slope,0.001,-0.024535241068896374,-0.8498678981138255,-1.0748656606127962,-0.07027645105126469,-0.3491246456227365,142,0.29577464788732394,0.6207393510705166,-215.5375786282896,0.639527027027027,0.23141891891891891,0.18817567567567567,0.5172297297297297,0.42888513513513515,False
GBPUSD1440_comma,daily,40,250,long_short,combined,0.005,-0.020403853186373055,-0.9688400303377369,-1.2879072378748924,-0.06844024835350876,-0.2981265217066823,156,0.24358974358974358,0.6569875631757363,-168.45051113357897,0.510472972972973,0.2827702702702703,0.30236486486486486,0.6229729729729729,0.4288006756756757,False
GBPUSD1440_comma,daily,75,300,long_short,slow_slope,0.001,-0.021546144846956605,-0.7785973420554786,-1.0448761588524003,-0.07142655175490203,-0.30165455727012447,87,0.25287356321839083,0.5293741209303592,-317.78917517594897,0.714527027027027,0.1945945945945946,0.264527027027027,0.2756756756756757,0.4287162162162162,False
GBPUSD1440_comma,daily,75,250,long_only,fast_slope,0.005,-0.009296691475513041,-1.2513249459203546,-1.6411137764806738,-0.061757974357861824,-0.15053426820061444,60,0.2833333333333333,0.6233413510530141,-231.79863948256857,0.2179054054054054,0.43885135135135134,0.7665540540540541,0.5222972972972973,0.4285304054054054,False
GBPUSD1440_comma,daily,50,150,long_only,slow_slope,0.0025,-0.013603711072724511,-1.07810022356965,-1.4023575021992376,-0.056784968593781425,-0.23956535346599217,41,0.2682926829268293,0.48881007898042056,-469.11235884894745,0.3837837837837838,0.5449324324324324,0.5415540540540541,0.1983108108108108,0.4278040540540541,False
GBPUSD1440_comma,daily,50,100,long_only,combined,0.005,-0.010803039412748183,-1.2317709541346837,-1.637341771017112,-0.055945445134251405,-0.19309953449872996,76,0.27631578947368424,0.5671444413203883,-207.52698210576756,0.23412162162162162,0.5608108108108109,0.6942567567567568,0.3668918918918919,0.42773648648648654,False
GBPUSD1440_comma,daily,50,500,long_only,none,0.0025,-0.012734489441226682,-1.0554496869060275,-1.3316681724140902,-0.0545684517015832,-0.23336724873315795,8,0.125,0.010822580240560114,-2761.2358093538232,0.41047297297297297,0.5878378378378378,0.5804054054054054,0.0016891891891891893,0.4274831081081081,True
GBPUSD1440_comma,daily,60,300,long_short,slow_slope,0.0,-0.02191512648593885,-0.7724452020154868,-1.0379306878164882,-0.07164967945864881,-0.3058649620140552,91,0.23076923076923078,0.5267018436490873,-310.4341847788855,0.7212837837837838,0.18783783783783783,0.2560810810810811,0.2689189189189189,0.427027027027027,False
GBPUSD1440_comma,daily,60,150,long_only,slow_slope,0.001,-0.012991945751131606,-1.0607622392091198,-1.3850334854997428,-0.06070521149878294,-0.21401697532001973,48,0.25,0.5120590124827576,-394.35284842005757,0.4023648648648649,0.46554054054054056,0.5716216216216217,0.23547297297297298,0.42697635135135137,False
GBPUSD1440_comma,daily,40,250,long_short,fast_slope,0.005,-0.022384704538795153,-0.9458553967009076,-1.2491535091385118,-0.06826146306474082,-0.3279259414285475,153,0.24183006535947713,0.6507145064585917,-187.6570007586808,0.5364864864864864,0.28952702702702704,0.24324324324324326,0.6081081081081081,0.42684121621621623,False
GBPUSD1440_comma,daily,75,400,long_only,combined,0.001,-0.008423815083410724,-1.4007871947174306,-1.8647506660745312,-0.055856245638150205,-0.1508124111667326,76,0.17105263157894737,0.6280587440574644,-166.89035516511504,0.10912162162162162,0.5621621621621622,0.8087837837837838,0.5391891891891892,0.4268243243243244,False
GBPUSD1440_comma,daily,30,400,long_only,price_slow,0.0,-0.010916306628764638,-1.0752235210075238,-1.4189487413215784,-0.05979157871766861,-0.18257264422320452,36,0.16666666666666666,0.34867931954643283,-452.6779659039035,0.38716216216216215,0.48277027027027025,0.6891891891891891,0.0875,0.42652027027027023,False
GBPUSD1440_comma,daily,20,200,long_short,fast_slope,0.005,-0.022161367612280825,-0.953991529062656,-1.25417434394623,-0.07021735477361034,-0.31561097229782986,220,0.33636363636363636,0.6987442862246117,-130.84085354250763,0.5260135135135136,0.23310810810810811,0.24932432432432433,0.7189189189189189,0.42638513513513515,False
GBPUSD1440_comma,daily,100,300,long_only,none,0.005,-0.012255356605675671,-1.0979365815635496,-1.4181935212982624,-0.05313410920578509,-0.23064951664497546,11,0.45454545454545453,0.24369769966791816,-1630.8110079964652,0.35912162162162165,0.6212837837837838,0.6094594594594595,0.03445945945945946,0.4260304054054054,True
GBPUSD1440_comma,daily,5,75,long_only,none,0.005,-0.017531237670761923,-1.0732807776520161,-1.3633315700831132,-0.05183537842980768,-0.3382098906541535,73,0.273972602739726,0.4993753960088264,-343.2211634730524,0.3891891891891892,0.643918918918919,0.3858108108108108,0.21452702702702703,0.42599662162162166,False
GBPUSD1440_comma,daily,30,250,long_short,fast_slope,0.005,-0.022516339775702998,-0.9180872717957574,-1.237944067756936,-0.07141180112504074,-0.31530278498755837,174,0.25862068965517243,0.6809823241849016,-165.407451381927,0.5675675675675675,0.19527027027027027,0.23851351351351352,0.6827702702702703,0.42596283783783784,False
GBPUSD1440_comma,daily,30,150,long_only,fast_slope,0.001,-0.011573975375801737,-1.1687359309716572,-1.5677738036742759,-0.06522860290276075,-0.17743711900522519,106,0.22641509433962265,0.6472846216932662,-160.99827833226445,0.29527027027027025,0.3570945945945946,0.6459459459459459,0.595945945945946,0.42596283783783784,False
GBPUSD1440_comma,daily,100,200,long_short,price_slow,0.001,-0.023537429072008176,-0.8329219587749201,-1.0985647779076244,-0.06912466766924107,-0.340506940078669,82,0.15853658536585366,0.5652730361268691,-352.93742350782645,0.6581081081081082,0.2662162162162162,0.20912162162162162,0.3618243243243243,0.4258952702702703,False
GBPUSD1440_comma,daily,40,300,long_short,price_slow,0.0025,-0.023683914662421257,-0.7671055152771722,-1.0216443500033943,-0.0724051602536815,-0.32710257914548335,83,0.13253012048192772,0.5594401943778146,-341.38015035724266,0.7300675675675675,0.16182432432432434,0.20675675675675675,0.34493243243243243,0.42557432432432435,False
GBPUSD1440_comma,daily,75,400,long_only,price_slow,0.001,-0.011627295783573244,-1.1431819551092186,-1.513312062459428,-0.053041446797525475,-0.21921151261122251,34,0.17647058823529413,0.3465203631637468,-502.8917101710368,0.3202702702702703,0.6233108108108109,0.643581081081081,0.08581081081081081,0.42552364864864867,False
GBPUSD1440_comma,daily,60,500,long_only,slow_slope,0.005,-0.010096415298269767,-1.263212155115309,-1.6433273580788892,-0.04368854803381525,-0.23109981339858376,17,0.11764705882352941,0.09147526134383001,-1005.4043204182511,0.20608108108108109,0.7817567567567567,0.7300675675675675,0.008108108108108109,0.42510135135135135,True
GBPUSD1440_comma,daily,100,400,long_only,price_slow,0.0025,-0.011047994589064025,-1.1733389229724822,-1.5463399953148895,-0.051004921268752446,-0.21660644334397683,32,0.1875,0.29619123834626243,-509.869497591464,0.28885135135135137,0.6621621621621622,0.6797297297297298,0.05337837837837838,0.42503378378378387,False
GBPUSD1440_comma,daily,10,200,long_short,slow_slope,0.005,-0.02473141850748717,-0.8003465726563059,-1.0777478406858574,-0.07171013346899298,-0.3448803859524384,100,0.19,0.5915096079940191,-299.13983597765815,0.6908783783783784,0.1864864864864865,0.18412162162162163,0.43074324324324326,0.42440878378378377,False
GBPUSD1440_comma,daily,40,300,long_short,slow_slope,0.0025,-0.022394844458486052,-0.7730382865884721,-1.0286258776800876,-0.07193896915958758,-0.3113033828550684,89,0.23595505617977527,0.5332440772622138,-314.73251865523866,0.7202702702702702,0.17972972972972973,0.2429054054054054,0.2851351351351351,0.42439189189189186,False
GBPUSD1440_comma,daily,30,300,long_short,price_slow,0.0,-0.024520197734083427,-0.7595543292417871,-1.0173068405970151,-0.07218332300217792,-0.33969339058197145,85,0.12941176470588237,0.5488342815404652,-353.6995590987801,0.7391891891891892,0.17094594594594595,0.1885135135135135,0.31925675675675674,0.4240033783783784,False
GBPUSD1440_comma,daily,60,300,long_only,none,0.001,-0.015384805697661208,-1.0383408621809587,-1.337509403507169,-0.05339426519666958,-0.2881359194848667,14,0.35714285714285715,0.24191331520316603,-1562.0114649498767,0.4314189189189189,0.6162162162162163,0.4614864864864865,0.033445945945945944,0.4239358108108109,True
GBPUSD1440_comma,daily,30,300,long_short,slow_slope,0.0,-0.022907272434497528,-0.7684686028705847,-1.0246250589038846,-0.07224708139619485,-0.31706848210070426,95,0.2631578947368421,0.5416887793675295,-305.3101063942995,0.7266891891891892,0.16722972972972974,0.22702702702702704,0.3033783783783784,0.42339527027027035,False
GBPUSD1440_comma,daily,60,400,long_only,price_slow,0.0,-0.011018926359261716,-1.104684264035832,-1.4642139356339001,-0.05713188210857288,-0.19286825416186104,34,0.20588235294117646,0.32867151076907947,-479.15252340932466,0.3527027027027027,0.5388513513513513,0.6824324324324325,0.07364864864864865,0.42332770270270276,False
GBPUSD1440_comma,daily,30,300,long_only,fast_slope,0.005,-0.008773832163079032,-1.2991434889749396,-1.7599538723127763,-0.06178499251608331,-0.14200587886767335,81,0.2222222222222222,0.6393631479612317,-152.3373243115559,0.17263513513513515,0.43783783783783786,0.7925675675675675,0.5706081081081081,0.42261824324324326,False
GBPUSD1440_comma,daily,10,250,long_only,none,0.005,-0.012004242250166164,-1.030626547776275,-1.3462162768183457,-0.06511267111513683,-0.18436107818306846,28,0.21428571428571427,0.49899839092400067,-629.7498838920948,0.4402027027027027,0.3587837837837838,0.6233108108108109,0.21385135135135136,0.42251689189189195,False
GBPUSD1440_comma,daily,100,150,long_only,none,0.005,-0.013166016640896339,-1.1701853478451023,-1.4893210214014063,-0.05041235437653267,-0.26116647007911253,19,0.3684210526315789,0.45038319236060237,-1007.5564594039735,0.2929054054054054,0.6743243243243243,0.5652027027027027,0.15777027027027027,0.4224493243243243,True
GBPUSD1440_comma,daily,30,500,long_only,slow_slope,0.001,-0.010305975815731672,-1.2249579790575547,-1.5899311512239152,-0.047700083466598764,-0.21605781513879885,25,0.2,0.16157073768869865,-694.9132860986248,0.2391891891891892,0.7195945945945946,0.7195945945945946,0.018581081081081082,0.4222804054054054,False
GBPUSD1440_comma,daily,20,500,long_only,price_slow,0.005,-0.010891859412289873,-1.1092249120057331,-1.4595304846361896,-0.05705804134149448,-0.19089087455879694,23,0.17391304347826086,0.2990371376623356,-693.9518985045833,0.34966216216216217,0.5405405405405406,0.6898648648648649,0.05506756756756757,0.4212331081081081,False
GBPUSD1440_comma,daily,30,400,long_short,fast_slope,0.0025,-0.022404700057555904,-0.9267300948992148,-1.247067603820932,-0.07111074205362251,-0.31506772972023245,175,0.24571428571428572,0.6728560163803498,-162.67279583371524,0.5564189189189189,0.20270270270270271,0.2408783783783784,0.6641891891891892,0.42104729729729734,False
GBPUSD1440_comma,daily,30,300,long_short,slow_slope,0.001,-0.022928910611119013,-0.77223328125109,-1.028658072724113,-0.07226007301690568,-0.317310925021549,93,0.25806451612903225,0.5413794499873035,-310.8331730084173,0.7219594594594595,0.1662162162162162,0.22635135135135134,0.3027027027027027,0.4210135135135135,False
GBPUSD1440_comma,daily,75,100,long_only,combined,0.001,-0.012876641157972157,-1.1369629059592474,-1.4247400859384303,-0.0583274587865493,-0.22076465229000508,76,0.34210526315789475,0.5442142924846926,-246.8761361940596,0.3260135135135135,0.5152027027027027,0.5746621621621621,0.310472972972973,0.42070945945945953,False
GBPUSD1440_comma,daily,10,50,long_short,slow_slope,0.005,-0.026414525055844407,-0.8827296512695407,-1.196395002736295,-0.07058559420025227,-0.3742197732430508,173,0.2832369942196532,0.6577169751813912,-191.44999612175397,0.6016891891891892,0.22364864864864864,0.15135135135135136,0.6243243243243243,0.4205067567567568,False
GBPUSD1440_comma,daily,75,500,long_short,none,0.005,-0.02511617031841451,-0.7666432293166461,-1.0114859210821554,-0.06678201463693267,-0.3760918333320905,14,0.14285714285714285,0.33120321543698134,-2263.750019138411,0.7317567567567568,0.32297297297297295,0.17736486486486486,0.07601351351351351,0.42032094594594593,True
GBPUSD1440_comma,daily,20,400,long_short,fast_slope,0.0025,-0.022933402950112036,-0.9984833971402047,-1.3168515609833629,-0.06551766000826442,-0.3500339137145497,225,0.3288888888888889,0.6660435128782055,-131.42613677260618,0.47533783783783784,0.35135135135135137,0.2260135135135135,0.6476351351351352,0.42032094594594593,False
GBPUSD1440_comma,daily,75,250,long_short,slow_slope,0.0025,-0.022413440483322833,-0.8042546478550582,-1.0690058264134117,-0.06899325049170307,-0.3248642486560074,79,0.189873417721519,0.4919291473965966,-341.52938652509164,0.6854729729729729,0.2702702702702703,0.24054054054054055,0.20202702702702702,0.42016891891891894,False
GBPUSD1440_comma,daily,30,200,long_only,fast_slope,0.005,-0.010980628003644521,-1.2619398900598935,-1.6846382700244202,-0.06100192689867132,-0.18000460906561444,91,0.21978021978021978,0.6383161529228323,-176.04115682195982,0.20810810810810812,0.4581081081081081,0.6864864864864865,0.5672297297297297,0.4201520270270271,False
GBPUSD1440_comma,daily,50,75,long_short,price_slow,0.001,-0.025592859332466467,-0.8470094197154814,-1.0941281625411914,-0.0748083208418474,-0.3421124688331455,171,0.24561403508771928,0.6770587233427732,-183.37273877265562,0.6429054054054054,0.11013513513513513,0.1662162162162162,0.675,0.41918918918918924,False
GBPUSD1440_comma,daily,40,200,long_short,fast_slope,0.0,-0.024424707576406024,-0.9061454286181366,-1.186681430302321,-0.07150732946461323,-0.34156928750210225,171,0.25146198830409355,0.6804400107479797,-179.56497740715176,0.577027027027027,0.19155405405405404,0.19155405405405404,0.6804054054054054,0.4190709459459459,False
GBPUSD1440_comma,daily,50,500,long_short,none,0.0,-0.02605424103221332,-0.7522990827275441,-0.9930834975526488,-0.06751474201776239,-0.38590447439403286,17,0.23529411764705882,0.3273041126361946,-2059.709830454934,0.75,0.30574324324324326,0.15777027027027027,0.0722972972972973,0.41883445945945946,True
GBPUSD1440_comma,daily,40,75,long_only,price_slow,0.005,-0.011948882564969843,-1.2521414252049425,-1.680883964959889,-0.05296884690792781,-0.22558321093415123,71,0.2676056338028169,0.554964761418812,-239.90893255481723,0.21756756756756757,0.6253378378378378,0.6246621621621622,0.33547297297297296,0.4186148648648649,False
GBPUSD1440_comma,daily,60,500,long_only,none,0.0,-0.014489239127040698,-1.0733677375319,-1.3578720775936883,-0.05158546939197005,-0.2808783034800908,7,0.14285714285714285,0.060489590184215264,-3479.29319131288,0.38885135135135135,0.647972972972973,0.5003378378378378,0.005405405405405406,0.4184121621621622,True
GBPUSD1440_comma,daily,60,400,long_only,price_slow,0.001,-0.011362214543324867,-1.1146197424397504,-1.4766332547171581,-0.05689139730116947,-0.19971762133343318,34,0.17647058823529413,0.3267096672225822,-493.36241265241154,0.34695945945945944,0.543581081081081,0.6641891891891892,0.07094594594594594,0.4181587837837838,False
GBPUSD1440_comma,daily,30,300,long_short,fast_slope,0.005,-0.02253385051806822,-0.9251986681941381,-1.2448668247254102,-0.0716997462414018,-0.314280756896967,177,0.2542372881355932,0.6746803805483269,-161.32727342503173,0.5591216216216216,0.18682432432432433,0.23716216216216215,0.668918918918919,0.418125,False
GBPUSD1440_comma,daily,40,50,long_only,combined,0.0,-0.01578174004121702,-1.2374134412048636,-1.6558251894391618,-0.04840331928795576,-0.32604664872939826,123,0.2845528455284553,0.5793642056049371,-185.869048369619,0.2304054054054054,0.7084459459459459,0.4452702702702703,0.3969594594594595,0.41787162162162167,False
GBPUSD1440_comma,daily,60,100,long_short,combined,0.005,-0.022002998282344755,-0.9261873131419843,-1.1746851222877785,-0.06856846351951341,-0.32089093371740895,110,0.34545454545454546,0.613329986336724,-258.07479235025284,0.5574324324324325,0.27905405405405403,0.2527027027027027,0.49493243243243246,0.4175168918918919,False
GBPUSD1440_comma,daily,40,500,long_short,slow_slope,0.0025,-0.02356238726300708,-0.8198084640453674,-1.0746930106854091,-0.06381246044331462,-0.3692442996135188,57,0.19298245614035087,0.32667596574191854,-515.2622176662544,0.668918918918919,0.39054054054054055,0.20844594594594595,0.07060810810810811,0.4174831081081081,False
GBPUSD1440_comma,daily,100,250,long_only,price_slow,0.0,-0.010113075196176546,-1.1493397203843991,-1.5170743199219348,-0.06287997512070201,-0.16083141217476427,52,0.15384615384615385,0.5321223019582835,-289.1991089704065,0.31385135135135134,0.4152027027027027,0.7277027027027027,0.28175675675675677,0.41714527027027026,False
GBPUSD1440_comma,daily,30,50,long_only,price_slow,0.001,-0.01630573870840546,-1.1680856907071577,-1.5829431926559514,-0.05434178968978561,-0.30005891969123677,109,0.27522935779816515,0.5962014904552857,-215.45640035712546,0.2959459459459459,0.5922297297297298,0.42162162162162165,0.44256756756756754,0.41714527027027026,False
GBPUSD1440_comma,daily,30,150,long_only,fast_slope,0.0,-0.011829403382851322,-1.172181109270839,-1.5724452725906368,-0.06541414552523139,-0.1808386135425175,107,0.22429906542056074,0.6408785307396355,-163.87024713763176,0.2905405405405405,0.3533783783783784,0.6304054054054054,0.5746621621621621,0.41684121621621617,False
GBPUSD1440_comma,daily,100,500,long_only,slow_slope,0.005,-0.010291831196332923,-1.2835424101339434,-1.6643364245258845,-0.043583432526328306,-0.23614090492105533,14,0.07142857142857142,0.11776837409109116,-1239.5640378087714,0.18682432432432433,0.7831081081081082,0.720945945945946,0.011486486486486487,0.4164189189189189,True
GBPUSD1440_comma,daily,40,50,long_only,price_slow,0.0,-0.016364167441853206,-1.2092358061894481,-1.6269415007397834,-0.05021272903070945,-0.32589679465231003,126,0.2857142857142857,0.5839924066907085,-187.22639060323567,0.2533783783783784,0.6790540540540541,0.41993243243243245,0.40844594594594597,0.4163682432432433,False
GBPUSD1440_comma,daily,60,75,long_short,combined,0.005,-0.014917142287929841,-1.1812446655921123,-1.536199959848529,-0.05413547214104054,-0.27555208623775973,65,0.3384615384615385,0.5732957723512645,-321.6680891151056,0.28175675675675677,0.5969594594594595,0.48445945945945945,0.38344594594594594,0.41635135135135143,False
GBPUSD1440_comma,daily,50,100,long_only,fast_slope,0.001,-0.01299651610188568,-1.144519744354771,-1.521971850126178,-0.06220213349127697,-0.20894003746203127,91,0.2857142857142857,0.5994781158393447,-199.32743225412156,0.31891891891891894,0.42702702702702705,0.5712837837837837,0.4516891891891892,0.41633445945945946,False
GBPUSD1440_comma,daily,40,200,long_short,fast_slope,0.005,-0.024052986916027752,-0.939146563357596,-1.2311815878738417,-0.0687383961106131,-0.34992068882901983,160,0.25625,0.6492926689732694,-191.8597153953659,0.5425675675675675,0.275,0.19966216216216215,0.6033783783783784,0.4162162162162162,False
GBPUSD1440_comma,daily,75,100,long_only,price_slow,0.0,-0.013578831905907585,-1.072763367251331,-1.346239764371424,-0.06235074101466743,-0.21778140379620015,70,0.2857142857142857,0.5417848953407725,-281.0743638507926,0.3902027027027027,0.42364864864864865,0.5429054054054054,0.30405405405405406,0.41618243243243247,False
GBPUSD1440_comma,daily,60,100,long_short,combined,0.0025,-0.023062264447732073,-0.8805737506242418,-1.1254863106042843,-0.07073546343713279,-0.32603539055383457,136,0.3382352941176471,0.6141692417440913,-214.56359713029687,0.6047297297297297,0.21993243243243243,0.22162162162162163,0.49898648648648647,0.4160472972972973,False
GBPUSD1440_comma,daily,5,300,long_short,price_slow,0.0,-0.02659972708266156,-0.7549286539716416,-1.036015731574129,-0.0736313446420586,-0.3612554844946789,107,0.1588785046728972,0.5702365798423826,-289.87235283399497,0.7435810810810811,0.1304054054054054,0.14797297297297296,0.37533783783783786,0.415929054054054,False
GBPUSD1440_comma,daily,40,75,long_short,fast_slope,0.0,-0.02633520300280401,-0.8437618241134262,-1.0945291349232955,-0.07522139940475008,-0.35010254011760644,198,0.24242424242424243,0.6750154260747951,-166.1351250301343,0.6489864864864865,0.1,0.15337837837837837,0.6709459459459459,0.4159121621621622,False
GBPUSD1440_comma,daily,40,400,long_only,price_slow,0.0,-0.011073038139790548,-1.0777240875350111,-1.4244144634606744,-0.061732195239512185,-0.1793721751968924,36,0.19444444444444445,0.3791099378345676,-450.6344444921982,0.3844594594594595,0.4412162162162162,0.6780405405405405,0.10810810810810811,0.41591216216216215,False
GBPUSD1440_comma,daily,75,300,long_short,none,0.0025,-0.025100720829961065,-0.7524792243766357,-1.0145562472565215,-0.07078865529802222,-0.3545867727573907,25,0.28,0.4628940024740966,-1274.1642478292674,0.7496621621621622,0.21891891891891893,0.17804054054054055,0.17060810810810811,0.415793918918919,False
GBPUSD1440_comma,daily,20,50,long_short,slow_slope,0.0025,-0.029357435250203734,-0.8661008587609057,-1.1868405429892772,-0.0708963611521184,-0.41408945075774917,169,0.23668639053254437,0.6521191592235653,-218.03749771659295,0.6236486486486487,0.21587837837837837,0.10270270270270271,0.6108108108108108,0.41559121621621625,False
GBPUSD1440_comma,daily,60,300,long_only,price_slow,0.0025,-0.009955474178384605,-1.125086188530985,-1.4854018083281384,-0.06325487708581831,-0.15738666545629276,32,0.1875,0.5026342725339445,-460.60044125888953,0.33547297297297296,0.40337837837837837,0.7368243243243243,0.22128378378378377,0.41559121621621614,False
GBPUSD1440_comma,daily,40,300,long_short,none,0.0,-0.02485643568975604,-0.7216112530255193,-0.9647931863784146,-0.07311935659310825,-0.33994330431647757,28,0.2857142857142857,0.4898402960382692,-1094.2455721545687,0.7827702702702702,0.14256756756756755,0.18243243243243243,0.19966216216216215,0.41518581081081085,False
GBPUSD1440_comma,daily,75,500,long_short,combined,0.005,-0.01791224047538742,-0.9699633315009916,-1.2732893209346539,-0.06983606978068373,-0.25648981295253026,123,0.24390243902439024,0.6165942020827478,-188.25810846837268,0.5087837837837837,0.24527027027027026,0.37263513513513513,0.5047297297297297,0.4150675675675676,False
GBPUSD1440_comma,daily,20,50,long_short,price_slow,0.0025,-0.02955217647433772,-0.8895548483260501,-1.1981999736664075,-0.06834651333328598,-0.4323874771815943,184,0.2554347826086957,0.6404445617520337,-202.99688786557724,0.5939189189189189,0.28614864864864864,0.09966216216216216,0.5733108108108108,0.4150337837837838,False
GBPUSD1440_comma,daily,75,500,long_short,combined,0.0025,-0.017820848431782332,-0.9608702726717033,-1.259463074392005,-0.07050986107923808,-0.2527426399515309,124,0.25,0.6183366446355826,-184.9998537708882,0.5168918918918919,0.22533783783783784,0.37567567567567567,0.5101351351351351,0.4147466216216216,False
GBPUSD1440_comma,daily,40,400,long_short,slow_slope,0.0025,-0.0251343167100887,-0.8058946253157651,-1.0640820162531852,-0.06695331573314228,-0.3754006270618061,77,0.2077922077922078,0.4712841491417671,-401.41783139198986,0.6837837837837838,0.3168918918918919,0.17635135135135135,0.17804054054054055,0.41471283783783786,False
GBPUSD1440_comma,daily,40,400,long_short,fast_slope,0.0,-0.023840038056988977,-0.9523061183965231,-1.2462891124834137,-0.06764194714127282,-0.3524445860081191,161,0.2422360248447205,0.6415008303929908,-190.12680734323817,0.5283783783783784,0.3033783783783784,0.20236486486486485,0.577027027027027,0.414222972972973,False
GBPUSD1440_comma,daily,75,400,long_only,combined,0.0,-0.008654976766995004,-1.4046223011320946,-1.8706849230011755,-0.0573071933790379,-0.15102775509785937,77,0.16883116883116883,0.6205214278604751,-168.9540493293932,0.1070945945945946,0.5361486486486486,0.7986486486486486,0.5165540540540541,0.41408783783783787,False
GBPUSD1440_comma,daily,20,500,long_only,slow_slope,0.0025,-0.01047258352451419,-1.2399718910744983,-1.6136452486188297,-0.04864894974687347,-0.21526844010002977,25,0.16,0.23428101576525232,-653.8691957920073,0.22702702702702704,0.7027027027027027,0.7114864864864865,0.031081081081081083,0.413445945945946,False
GBPUSD1440_comma,daily,40,300,long_short,none,0.005,-0.024164059222638756,-0.7470523905150593,-0.9774712209708755,-0.07248799285110444,-0.3333525770574649,30,0.23333333333333334,0.4965285063061985,-989.7928312664186,0.7564189189189189,0.16013513513513514,0.19628378378378378,0.2097972972972973,0.41332770270270275,False
GBPUSD1440_comma,daily,40,200,long_short,slow_slope,0.001,-0.02819896430128821,-0.8308032085156201,-1.1134347088537206,-0.06902616466918851,-0.40852572986538094,104,0.21153846153846154,0.5772314109207805,-327.5857678413858,0.6591216216216216,0.26925675675675675,0.11722972972972973,0.39222972972972975,0.41324324324324324,False
GBPUSD1440_comma,daily,20,75,long_short,combined,0.005,-0.021344298284798446,-0.9574724997698095,-1.2926036066461404,-0.07205703712807807,-0.29621393184485145,228,0.3333333333333333,0.6912098031552716,-121.01549054252654,0.522972972972973,0.17466216216216215,0.2722972972972973,0.7043918918918919,0.412972972972973,False
GBPUSD1440_comma,daily,40,50,long_short,slow_slope,0.0025,-0.024107214686023726,-1.0087559940860475,-1.3379438910211732,-0.06209947562879217,-0.38820319240902756,138,0.391304347826087,0.6260917106229631,-224.17288414090714,0.4652027027027027,0.4297297297297297,0.19763513513513514,0.5317567567567567,0.41280405405405407,False
GBPUSD1440_comma,daily,60,300,long_short,price_slow,0.0,-0.02369416159071147,-0.7841030344696697,-1.05133469345765,-0.07241142210171504,-0.3272158024659245,85,0.1411764705882353,0.5500261723007325,-338.1345510994027,0.7070945945945946,0.16148648648648647,0.20641891891891892,0.3219594594594595,0.41278716216216216,False
GBPUSD1440_comma,daily,20,50,long_only,none,0.001,-0.019803491335372847,-1.0388717871165805,-1.3795418122972734,-0.0558316701432553,-0.3546999630238572,58,0.3448275862068966,0.5141661939995968,-485.7048892633415,0.4304054054054054,0.5628378378378378,0.31722972972972974,0.23952702702702702,0.4122466216216216,False
GBPUSD1440_comma,daily,40,50,long_short,combined,0.0,-0.02867262521077707,-0.9366711907303232,-1.258109407849086,-0.06636855606559512,-0.43202122978897695,230,0.26521739130434785,0.6457616797195334,-157.39234968818462,0.5462837837837838,0.3324324324324324,0.1097972972972973,0.5902027027027027,0.41211148648648654,False
GBPUSD1440_comma,daily,60,150,long_short,combined,0.005,-0.022404113883636723,-0.9116670742575697,-1.1879800920291779,-0.06946002608840215,-0.32254686825373324,137,0.29927007299270075,0.6066113169496128,-211.35646382849163,0.5722972972972973,0.25506756756756754,0.24121621621621622,0.47331081081081083,0.4119256756756757,False
GBPUSD1440_comma,daily,50,400,long_only,price_slow,0.001,-0.011533658964160143,-1.100053207309277,-1.4531027671201204,-0.05941043666581902,-0.19413523299006274,36,0.19444444444444445,0.3703969334179088,-457.57633242056477,0.3567567567567568,0.4922297297297297,0.6513513513513514,0.10371621621621621,0.4115878378378378,False
GBPUSD1440_comma,daily,40,300,long_only,none,0.0025,-0.01386114488088952,-1.0471865072913698,-1.3278111562915762,-0.058524130839637596,-0.23684495065583366,17,0.29411764705882354,0.3199691203722438,-1140.8592831387582,0.41993243243243245,0.5094594594594595,0.5300675675675676,0.06655405405405405,0.41133445945945946,True
GBPUSD1440_comma,daily,10,400,long_only,slow_slope,0.001,-0.01182854418350554,-1.1734602718752605,-1.5422431839257793,-0.05415942889302527,-0.2184023063992988,50,0.22,0.43063454058945744,-347.18628090098633,0.2885135135135135,0.5962837837837838,0.6307432432432433,0.1375,0.41125,False
GBPUSD1440_comma,daily,40,75,long_short,price_slow,0.005,-0.021450081720911562,-0.9018124870160913,-1.1881172413222454,-0.07202192755278367,-0.2978270986317487,119,0.2605042016806723,0.6269416313098813,-228.48984980059132,0.5824324324324325,0.1766891891891892,0.2689189189189189,0.5351351351351351,0.4111993243243244,False
GBPUSD1440_comma,daily,75,200,long_only,price_slow,0.001,-0.012362997548839183,-1.1031821742039698,-1.452710273323758,-0.062408414490729286,-0.19809824764376438,48,0.125,0.5350002015303003,-376.71216880975953,0.35371621621621624,0.42195945945945945,0.6027027027027027,0.28952702702702704,0.41094594594594597,False
GBPUSD1440_comma,daily,40,100,long_only,combined,0.0,-0.014465639026450039,-1.1636163236246133,-1.4627567883923571,-0.058583981270841,-0.2469214060337347,106,0.3113207547169811,0.5860828717724332,-194.81745380111187,0.3016891891891892,0.5087837837837837,0.5023648648648649,0.41621621621621624,0.410777027027027,False
GBPUSD1440_comma,daily,30,50,long_only,slow_slope,0.001,-0.01679635248947675,-1.1324620665465115,-1.5126564397508253,-0.05945883587062714,-0.28248707267029094,102,0.28431372549019607,0.6146335365296107,-236.2187512471277,0.3290540540540541,0.4905405405405405,0.4077702702702703,0.49966216216216214,0.41076013513513515,False
GBPUSD1440_comma,daily,40,250,long_only,slow_slope,0.0,-0.010718119677609717,-1.1466072721367377,-1.5046068551380387,-0.059670409446745676,-0.17962202332758193,49,0.20408163265306123,0.44417280731634673,-327.08351112873936,0.31655405405405407,0.485472972972973,0.6976351351351351,0.1516891891891892,0.41027027027027024,False
GBPUSD1440_comma,daily,20,300,long_only,fast_slope,0.0025,-0.009964992305137366,-1.3470841289415494,-1.8068670906588582,-0.05937226523278102,-0.16783917989430908,110,0.33636363636363636,0.6380896146097524,-134.85767425906513,0.13716216216216215,0.49324324324324326,0.7358108108108108,0.5662162162162162,0.41027027027027024,False
GBPUSD1440_comma,daily,100,200,long_only,fast_slope,0.0,-0.011021154735809224,-1.1573365705245413,-1.5273197978511182,-0.06190100198513942,-0.1780448519792147,59,0.1694915254237288,0.5318493976947363,-275.9220766750669,0.30743243243243246,0.4347972972972973,0.6817567567567567,0.2814189189189189,0.41023648648648653,False
GBPUSD1440_comma,daily,20,250,long_only,combined,0.001,-0.008874939083239886,-1.3983308670193484,-1.887618023117123,-0.06014312519788044,-0.14756365011029815,106,0.3113207547169811,0.646662602147104,-125.64541354372649,0.11114864864864865,0.47736486486486485,0.7871621621621622,0.5932432432432433,0.4102195945945946,False
GBPUSD1440_comma,daily,5,300,long_only,none,0.001,-0.012866617837807293,-1.077543859396307,-1.4002514261955417,-0.060231513764655756,-0.21361936689954997,35,0.2,0.4373911531618245,-550.9485016271401,0.38513513513513514,0.47635135135135137,0.5753378378378379,0.14594594594594595,0.4101013513513514,False
GBPUSD1440_comma,daily,50,400,long_only,price_slow,0.0,-0.011668161567559787,-1.1009058923864183,-1.454147512795148,-0.05916256873613619,-0.1972220242768623,36,0.19444444444444445,0.37128286311933184,-455.75331103416625,0.3554054054054054,0.4962837837837838,0.6405405405405405,0.10472972972972973,0.41005067567567566,False
GBPUSD1440_comma,daily,40,150,long_only,slow_slope,0.0,-0.01408046337191704,-1.0577527589023255,-1.3751120163818784,-0.06174481156117824,-0.22804285924438816,50,0.3,0.5034658474382074,-405.1378870661837,0.4064189189189189,0.43986486486486487,0.5192567567567568,0.22364864864864864,0.40993243243243244,False
GBPUSD1440_comma,daily,60,200,long_short,fast_slope,0.001,-0.023081101617705158,-0.883065051084258,-1.1700546561726008,-0.07091066571071564,-0.32549548627657665,143,0.3076923076923077,0.6072007184637398,-204.24010891070733,0.6013513513513513,0.2152027027027027,0.22128378378378377,0.47533783783783784,0.40989864864864867,False
GBPUSD1440_comma,daily,5,50,long_only,none,0.0025,-0.019889089415305983,-1.0429598328607432,-1.3398891482318167,-0.057307403054906746,-0.3470596878425998,94,0.2872340425531915,0.5331853681695924,-291.3530247313893,0.425,0.5358108108108108,0.31554054054054054,0.28445945945945944,0.40972972972972976,False
GBPUSD1440_comma,daily,60,150,long_only,combined,0.0,-0.012543124040875653,-1.2113466177473797,-1.6166286772047378,-0.06015433371296964,-0.20851571726695528,88,0.2727272727272727,0.6069062429603503,-207.13930256122384,0.2516891891891892,0.4766891891891892,0.5932432432432433,0.4743243243243243,0.4096452702702703,False
GBPUSD1440_comma,daily,30,150,long_short,combined,0.0,-0.023527490323683398,-0.9243155757588197,-1.2349809018565396,-0.07279089220480173,-0.3232202492790902,210,0.2619047619047619,0.6884009471246059,-140.77122338296792,0.5604729729729729,0.15405405405405406,0.2097972972972973,0.6986486486486486,0.40945945945945944,False
GBPUSD1440_comma,daily,5,75,long_only,price_slow,0.0,-0.01967870661985449,-1.0388255639395714,-1.3208278211186124,-0.060852933828361246,-0.323381394812603,113,0.23893805309734514,0.5723658328141265,-242.64442898912947,0.43108108108108106,0.46047297297297296,0.3212837837837838,0.3804054054054054,0.40886824324324333,False
GBPUSD1440_comma,daily,40,500,long_only,none,0.0025,-0.013480496149260612,-1.0728743791373447,-1.3530307881002615,-0.05556618018750609,-0.2426025345591718,8,0.125,0.0346099377468545,-2905.118197105624,0.389527027027027,0.5692567567567568,0.5506756756756757,0.0033783783783783786,0.4087668918918919,True
GBPUSD1440_comma,daily,30,75,long_only,combined,0.001,-0.01240576034940688,-1.235578921435664,-1.6647513397268188,-0.06238531981610079,-0.1988570449903364,124,0.2903225806451613,0.6491015175009472,-146.51653141883625,0.23108108108108108,0.4226351351351351,0.6010135135135135,0.6027027027027027,0.4086993243243243,False
GBPUSD1440_comma,daily,60,300,long_short,fast_slope,0.0025,-0.021097857852709567,-0.9071112369424611,-1.1932954935996976,-0.07002779848018895,-0.30127832533073573,127,0.2677165354330709,0.5883940716875716,-213.95898653706627,0.5760135135135135,0.23783783783783785,0.27871621621621623,0.42027027027027025,0.40864864864864864,False
GBPUSD1440_comma,daily,60,250,long_only,none,0.005,-0.014446576678036949,-1.0533726680239515,-1.35944784661336,-0.0562103011867466,-0.2570094159439088,14,0.2857142857142857,0.19928559942475602,-1486.3937148488355,0.41283783783783784,0.5564189189189189,0.5030405405405406,0.02364864864864865,0.4083952702702703,True
GBPUSD1440_comma,daily,60,500,long_only,slow_slope,0.0025,-0.011133514338366735,-1.2670749448782437,-1.6424577347495009,-0.04486335835143099,-0.24816497800173298,19,0.10526315789473684,0.03973513142686952,-972.295631361381,0.20304054054054055,0.7641891891891892,0.6756756756756757,0.004054054054054054,0.4080067567567568,True
GBPUSD1440_comma,daily,30,300,long_short,fast_slope,0.0,-0.023851935509097144,-0.9188486147915346,-1.233650335895838,-0.07232698644571058,-0.3297791969668288,189,0.2751322751322751,0.6733083612856677,-162.68903978407207,0.566554054054054,0.16418918918918918,0.20202702702702702,0.6655405405405406,0.40790540540540543,False
GBPUSD1440_comma,daily,40,200,long_short,fast_slope,0.0025,-0.02437260110466788,-0.9236299796401124,-1.2130840901666748,-0.07147281087126309,-0.34100521313717236,163,0.25153374233128833,0.6654417536553449,-190.23449293672343,0.5611486486486487,0.19324324324324324,0.19222972972972974,0.6442567567567568,0.40785472972972975,False
GBPUSD1440_comma,daily,10,200,long_short,slow_slope,0.001,-0.025823782922494876,-0.7978603598268111,-1.0734280397268554,-0.07235603048263324,-0.35689883414338286,110,0.19090909090909092,0.5741955019302823,-288.824374645884,0.6929054054054054,0.16317567567567567,0.16114864864864864,0.3844594594594595,0.4078547297297297,False
GBPUSD1440_comma,daily,100,150,long_only,slow_slope,0.005,-0.01168609155107081,-1.2185347967085187,-1.5833115061740424,-0.05484895153204042,-0.21305952483420387,30,0.3,0.5148882992042005,-572.5784065575089,0.24527027027027026,0.5824324324324325,0.639527027027027,0.2408783783783784,0.40775337837837833,False
GBPUSD1440_comma,daily,5,50,long_short,price_slow,0.005,-0.030007127385724974,-0.873727369026748,-1.1477676174877247,-0.07191345910583392,-0.4172671953043442,174,0.29310344827586204,0.6670316072919502,-212.44182846297178,0.6135135135135135,0.1810810810810811,0.0945945945945946,0.6496621621621622,0.40704391891891895,False
GBPUSD1440_comma,daily,30,300,long_short,slow_slope,0.005,-0.022858033068806072,-0.7875998674639478,-1.0436728332146916,-0.07221751242574931,-0.31651648334339455,84,0.23809523809523808,0.520227201312726,-343.36810618426915,0.7027027027027027,0.16891891891891891,0.22837837837837838,0.25236486486486487,0.4068412162162162,False
GBPUSD1440_comma,daily,40,200,long_only,fast_slope,0.001,-0.012294943007934322,-1.2247808737800232,-1.6296748767125617,-0.062315192048906995,-0.19730249725114946,92,0.25,0.6343715513211863,-187.53312114327744,0.23986486486486486,0.4243243243243243,0.6070945945945946,0.5554054054054054,0.40675675675675677,False
GBPUSD1440_comma,daily,60,200,long_short,fast_slope,0.005,-0.022185771726436654,-0.9042905753669143,-1.1915782176935372,-0.07046755958443472,-0.3148366689193133,133,0.2706766917293233,0.6036700434850456,-214.77813776210004,0.5787162162162162,0.2260135135135135,0.24797297297297297,0.4608108108108108,0.4067060810810811,False
GBPUSD1440_comma,daily,20,500,long_short,fast_slope,0.001,-0.022748875790700174,-0.9914803647537878,-1.3199302950213856,-0.06851596105016987,-0.33202301247796295,223,0.3273542600896861,0.6660606579391055,-129.4570634495714,0.48277027027027025,0.28074324324324323,0.23074324324324325,0.647972972972973,0.4066385135135135,False
GBPUSD1440_comma,daily,30,100,long_only,fast_slope,0.001,-0.013126684757558404,-1.1839343125374728,-1.5901954321370961,-0.06330245291527221,-0.2073645514989434,109,0.25688073394495414,0.6285200072870109,-173.47363381911978,0.2793918918918919,0.40168918918918917,0.5662162162162162,0.5408783783783784,0.4065540540540541,False
GBPUSD1440_comma,daily,75,250,long_short,slow_slope,0.001,-0.023182501428624325,-0.8045164054838361,-1.0768117394463437,-0.07037395402689063,-0.3294187707538224,86,0.18604651162790697,0.49855309837719824,-324.3291848918044,0.6847972972972973,0.22804054054054054,0.2179054054054054,0.21351351351351353,0.40653716216216224,False
GBPUSD1440_comma,daily,40,300,long_short,slow_slope,0.0,-0.023404832581125468,-0.7787215556051917,-1.035803296322742,-0.07254545920479386,-0.32262298478329654,93,0.23655913978494625,0.5217034394206205,-316.3095182285188,0.7141891891891892,0.1581081081081081,0.21317567567567566,0.25641891891891894,0.4063006756756757,False
GBPUSD1440_comma,daily,60,75,long_short,price_slow,0.0,-0.02689038465168836,-0.854016950984547,-1.0943153351503883,-0.07553084949482904,-0.3560185650173221,192,0.2708333333333333,0.6709927163186478,-169.07313123556614,0.6351351351351351,0.09425675675675675,0.14391891891891892,0.6597972972972973,0.4053716216216216,False
GBPUSD1440_comma,daily,40,300,long_short,price_slow,0.0,-0.025129068031438218,-0.7759919306555438,-1.033988693783414,-0.07328488378889031,-0.3428956523125125,85,0.12941176470588237,0.5482868749800249,-361.584273529839,0.7179054054054054,0.13986486486486485,0.1766891891891892,0.31756756756756754,0.40510135135135134,False
GBPUSD1440_comma,daily,5,300,long_short,none,0.0,-0.027143737557699943,-0.7488133068450914,-1.0281763607754213,-0.07385220147113115,-0.3675413463241233,72,0.18055555555555555,0.5342508486473219,-439.269626810451,0.7554054054054054,0.12702702702702703,0.13952702702702702,0.28783783783783784,0.405,False
GBPUSD1440_comma,daily,60,300,long_short,slow_slope,0.001,-0.022739816208808827,-0.7882509156043254,-1.0566065567184892,-0.07214648966274603,-0.3151895028449442,86,0.2441860465116279,0.5087145052452514,-340.59610138715215,0.702027027027027,0.17162162162162162,0.23141891891891891,0.23108108108108108,0.40466216216216216,False
GBPUSD1440_comma,daily,50,75,long_short,price_slow,0.005,-0.020258950412093135,-0.9733744596958829,-1.2634932513728263,-0.0677797565904112,-0.29889382068036474,92,0.34782608695652173,0.5962554894133157,-293.62420389072327,0.5043918918918919,0.29864864864864865,0.30743243243243246,0.4429054054054054,0.40434121621621627,False
GBPUSD1440_comma,daily,40,400,long_short,fast_slope,0.0025,-0.02375795727251384,-0.959656247812222,-1.2536741213247926,-0.06915997959631653,-0.3435217507464272,159,0.24528301886792453,0.646517950265282,-189.1859939075052,0.5192567567567568,0.2648648648648649,0.20472972972972972,0.5929054054054054,0.4038006756756757,False
GBPUSD1440_comma,daily,100,400,long_short,combined,0.0025,-0.019962605618909945,-0.9217547409225805,-1.1940912433100141,-0.07101048453213916,-0.2811219462933663,114,0.18421052631578946,0.5855818443682576,-222.42429723292497,0.5635135135135135,0.21114864864864866,0.31351351351351353,0.4155405405405405,0.40322635135135143,False
GBPUSD1440_comma,daily,20,50,long_short,slow_slope,0.005,-0.02600424016663916,-0.9077130755739142,-1.2216694555730014,-0.07033150560116913,-0.3697381414540184,142,0.2605633802816901,0.6344219742337613,-229.03545687549737,0.5756756756756757,0.23006756756756758,0.15945945945945947,0.5560810810810811,0.40309121621621624,False
GBPUSD1440_comma,daily,30,500,long_short,slow_slope,0.0,-0.02512490379563359,-0.8345807994139351,-1.0919481922497736,-0.06424228601643706,-0.3910960420867514,60,0.2,0.3181971393046899,-516.6138704083622,0.6567567567567567,0.37972972972972974,0.17702702702702702,0.0652027027027027,0.4028209459459459,False
GBPUSD1440_comma,daily,40,50,long_only,slow_slope,0.001,-0.016703230525714097,-1.2033012996936663,-1.6077692111566875,-0.05663979973928014,-0.29490271156679737,93,0.26881720430107525,0.6257533448543352,-254.39459443826544,0.2597972972972973,0.5472972972972973,0.41216216216216217,0.5300675675675676,0.4026858108108108,False
GBPUSD1440_comma,daily,30,50,long_only,price_slow,0.005,-0.012300711224274674,-1.396093777139396,-1.8782394632403112,-0.05063486206602376,-0.24292968761790135,68,0.3235294117647059,0.6036866827707101,-264.6957899499297,0.11182432432432432,0.6695945945945946,0.606081081081081,0.46114864864864863,0.4025168918918919,False
GBPUSD1440_comma,daily,40,150,long_short,combined,0.001,-0.02504531664278742,-0.9254510883245481,-1.224971783862543,-0.07218550469744078,-0.3469576994406657,188,0.26063829787234044,0.674748192299154,-166.1035302045565,0.5587837837837838,0.17027027027027028,0.1793918918918919,0.6692567567567568,0.402347972972973,False
GBPUSD1440_comma,daily,60,300,long_short,slow_slope,0.005,-0.022194999726235953,-0.8004953259746249,-1.072470359234422,-0.07197819381813006,-0.30835727529252643,76,0.2631578947368421,0.4984045945309481,-363.36141019644396,0.6905405405405406,0.17871621621621622,0.2472972972972973,0.21216216216216216,0.402179054054054,False
GBPUSD1440_comma,daily,40,200,long_short,slow_slope,0.0,-0.029243111089020335,-0.8407531117224097,-1.1252512852893544,-0.06939601853048534,-0.42139465214670746,108,0.2037037037037037,0.5690842908347875,-325.64195468029493,0.6510135135135136,0.2587837837837838,0.10506756756756756,0.37195945945945946,0.4019087837837838,False
GBPUSD1440_comma,daily,60,250,long_short,combined,0.001,-0.02063997768025083,-0.9453544388797649,-1.2519736132580765,-0.07104510054423566,-0.2905193675867841,140,0.2714285714285714,0.6172632703874632,-193.16932262597584,0.5368243243243244,0.20777027027027026,0.29493243243243245,0.5060810810810811,0.40157094594594595,False
GBPUSD1440_comma,daily,60,500,long_only,fast_slope,0.005,-0.009235429848030163,-1.416033850807523,-1.8842923901612636,-0.05397478824654429,-0.17110636554690806,60,0.26666666666666666,0.5714611913041695,-235.31647245226387,0.1,0.6016891891891892,0.7706081081081081,0.3777027027027027,0.40119932432432437,False
GBPUSD1440_comma,daily,60,75,long_only,combined,0.0,-0.015011580149463688,-1.1265160558236404,-1.4223487093466272,-0.06198141845139106,-0.2421948468513434,104,0.28846153846153844,0.588304732445056,-199.78513519741094,0.3344594594594595,0.43243243243243246,0.4777027027027027,0.41993243243243245,0.40042229729729734,False
GBPUSD1440_comma,daily,30,100,long_only,combined,0.001,-0.011780130241641262,-1.224462814038274,-1.6408180462591644,-0.06450879589425236,-0.18261277517801033,107,0.2803738317757009,0.6377528209065905,-159.92539949881777,0.2402027027027027,0.3722972972972973,0.6317567567567568,0.5648648648648649,0.40023648648648646,False
GBPUSD1440_comma,daily,40,500,long_only,none,0.0,-0.014200647367140551,-1.0699375652910272,-1.3481646204010156,-0.05648205395096695,-0.2514187493866349,9,0.3333333333333333,0.09331963338554622,-2607.276771503836,0.3949324324324324,0.5506756756756757,0.5152027027027027,0.008783783783783784,0.4,True
GBPUSD1440_comma,daily,5,300,long_short,slow_slope,0.0,-0.024571896305402352,-0.7791310041005627,-1.0496240666893688,-0.07324274815054357,-0.335485722830841,114,0.2543859649122807,0.532398329632848,-260.3677610013397,0.7121621621621622,0.14054054054054055,0.1875,0.2831081081081081,0.39996621621621625,False
GBPUSD1440_comma,daily,75,300,long_only,slow_slope,0.0,-0.010925717284961278,-1.1681116645855205,-1.5411120862357774,-0.0585475301366354,-0.1866127787024212,42,0.2619047619047619,0.3805712257591075,-385.31473481191995,0.2956081081081081,0.5091216216216217,0.6885135135135135,0.10878378378378378,0.399543918918919,False
GBPUSD1440_comma,daily,100,500,long_only,slow_slope,0.0025,-0.010761230642123643,-1.2889331382113927,-1.6692643433761,-0.04629048474971822,-0.2324717639123265,14,0.07142857142857142,0.13158449051088975,-1284.2943524253858,0.17972972972972973,0.7449324324324325,0.6959459459459459,0.013851351351351352,0.39939189189189184,True
GBPUSD1440_comma,daily,5,75,long_only,slow_slope,0.001,-0.016025804130978427,-1.0420771711824681,-1.3268124153053056,-0.0684470849615679,-0.23413420951347597,115,0.3391304347826087,0.6068015216667648,-198.66996396144424,0.4263513513513513,0.28243243243243243,0.4347972972972973,0.4739864864864865,0.39920608108108113,False
GBPUSD1440_comma,daily,40,150,long_only,fast_slope,0.0,-0.0148360736562414,-1.1406033616885523,-1.4270422716836886,-0.061938567104603555,-0.2395288484989624,101,0.2871287128712871,0.5890086714785636,-210.20932321132778,0.3236486486486487,0.4337837837837838,0.4875,0.4222972972972973,0.39875000000000005,False
GBPUSD1440_comma,daily,100,200,long_short,fast_slope,0.0025,-0.0237354165275645,-0.8747624676835063,-1.143742143030165,-0.07148351020690127,-0.3320404448363673,108,0.25,0.5921048840865456,-277.6347948124992,0.6118243243243243,0.1929054054054054,0.20506756756756755,0.43175675675675673,0.3987331081081081,False
GBPUSD1440_comma,daily,75,500,long_short,slow_slope,0.001,-0.02357256385602613,-0.8298155333694399,-1.097605393339314,-0.06665381790760086,-0.35365661857065256,54,0.14814814814814814,0.3318052480197228,-542.0968252443121,0.6597972972972973,0.3256756756756757,0.20810810810810812,0.07668918918918918,0.3984628378378379,False
GBPUSD1440_comma,daily,30,50,long_only,combined,0.0025,-0.013912251977756473,-1.3006777722572573,-1.7476512778441629,-0.053700916049361884,-0.259069174257071,102,0.27450980392156865,0.6096448322575908,-202.38411218555984,0.17060810810810811,0.6087837837837838,0.5280405405405405,0.4817567567567568,0.3983108108108108,False
GBPUSD1440_comma,daily,100,200,long_short,none,0.0,-0.027148458500719785,-0.7409891886698201,-1.0219885151400827,-0.07234300411058651,-0.3752741379003217,27,0.2962962962962963,0.45914355716110483,-1164.6974255009388,0.7618243243243243,0.1635135135135135,0.13918918918918918,0.16452702702702704,0.39812500000000006,False
GBPUSD1440_comma,daily,50,200,long_short,slow_slope,0.001,-0.026411065471948825,-0.8155288818296466,-1.103821581293489,-0.07248324191786794,-0.36437478199272155,103,0.22330097087378642,0.5750118346396682,-316.28578714932183,0.6733108108108108,0.16047297297297297,0.15202702702702703,0.38716216216216215,0.39792229729729733,False
GBPUSD1440_comma,daily,30,75,long_short,combined,0.0025,-0.02348335203811347,-0.9415517209114367,-1.2500434466758326,-0.07302709868293573,-0.32157038225045675,222,0.26576576576576577,0.6842114071787831,-135.49378616012189,0.5398648648648648,0.14527027027027026,0.21114864864864866,0.6885135135135135,0.39777027027027023,False
GBPUSD1440_comma,daily,75,250,long_only,none,0.001,-0.01660000057314981,-1.0314313008342666,-1.33226472230137,-0.057079227063106586,-0.29082385006364764,14,0.21428571428571427,0.20776861672469188,-1681.3313785919352,0.4391891891891892,0.5402027027027027,0.41486486486486485,0.02533783783783784,0.39749999999999996,True
GBPUSD1440_comma,daily,60,75,long_only,price_slow,0.0025,-0.0126871374298958,-1.2340743902430136,-1.549268621167843,-0.05661179124365077,-0.22410768412700088,69,0.2753623188405797,0.5556079454328819,-268.16048760259326,0.23209459459459458,0.547972972972973,0.5847972972972973,0.3368243243243243,0.3973141891891892,False
GBPUSD1440_comma,daily,100,500,long_only,slow_slope,0.0,-0.010990969748620016,-1.2857302269161863,-1.6680634677565,-0.04649116412755295,-0.2364098631401279,15,0.06666666666666667,0.12019983857861744,-1218.999397201065,0.18277027027027026,0.7412162162162163,0.6851351351351351,0.012162162162162163,0.3972635135135135,True
GBPUSD1440_comma,daily,30,50,long_only,slow_slope,0.0,-0.01853360920080993,-1.1217338387593039,-1.4960429755280789,-0.05749149813059253,-0.3223713036440735,109,0.27522935779816515,0.5770552345069517,-240.5171047353789,0.3385135135135135,0.5327702702702702,0.34966216216216217,0.3915540540540541,0.39726351351351347,False
GBPUSD1440_comma,daily,20,250,long_only,fast_slope,0.005,-0.010884708708137514,-1.317690615818373,-1.7672625524574153,-0.06074607609704946,-0.17918373346037741,112,0.32142857142857145,0.6268138178165426,-143.69657809397253,0.15743243243243243,0.46385135135135136,0.6902027027027027,0.5344594594594595,0.3971452702702703,False
GBPUSD1440_comma,daily,10,200,long_short,slow_slope,0.0,-0.026852478300889993,-0.806756031043812,-1.0863944326960309,-0.0728480963734772,-0.3686091969132984,119,0.20168067226890757,0.5727348237417202,-277.6460966697034,0.6817567567567567,0.15236486486486486,0.1445945945945946,0.38175675675675674,0.3969763513513513,False
GBPUSD1440_comma,daily,20,500,long_short,fast_slope,0.0025,-0.02295419574142643,-1.0044031772908215,-1.3352171391239358,-0.06829867731337601,-0.3360855091835131,218,0.3256880733944954,0.6545870392287954,-133.78177868631445,0.4685810810810811,0.2875,0.22533783783783784,0.6162162162162163,0.3968074324324325,False
GBPUSD1440_comma,daily,20,500,long_short,slow_slope,0.005,-0.025501925833971484,-0.8495577761512203,-1.1137723574398901,-0.06427540858656533,-0.3967602290637453,60,0.21666666666666667,0.34355813357347353,-492.9740017792859,0.6398648648648648,0.3787162162162162,0.16756756756756758,0.0831081081081081,0.3966047297297297,False
GBPUSD1440_comma,daily,40,400,long_only,price_slow,0.005,-0.011659323796408438,-1.1206422540744716,-1.4752317289458283,-0.05897708531554008,-0.19769243824153993,33,0.15151515151515152,0.2881886389784568,-514.2315546059665,0.3398648648648649,0.5006756756756757,0.6412162162162162,0.047972972972972976,0.3965540540540541,False
GBPUSD1440_comma,daily,75,250,long_only,none,0.0025,-0.016748290201643146,-1.062120169480533,-1.3616002807032415,-0.053792405765711405,-0.31135045854965115,13,0.3076923076923077,0.1575139071124145,-1824.868435948915,0.4006756756756757,0.606418918918919,0.4097972972972973,0.017905405405405406,0.3965202702702703,True
GBPUSD1440_comma,daily,50,200,long_short,slow_slope,0.0025,-0.0259164566551906,-0.8149858160554033,-1.1002039940697241,-0.07275668341828882,-0.35620722987320763,96,0.22916666666666666,0.5700669766101788,-333.0095291113698,0.6736486486486486,0.15506756756756757,0.16013513513513514,0.37466216216216214,0.3964527027027027,False
GBPUSD1440_comma,daily,30,75,long_short,price_slow,0.001,-0.029320044741044438,-0.8536470040209058,-1.10367516556128,-0.07365226769768486,-0.39808746773951764,176,0.23863636363636365,0.6470335251778013,-203.2638238182449,0.6358108108108108,0.12905405405405404,0.10337837837837838,0.5939189189189189,0.39635135135135136,False
GBPUSD1440_comma,daily,40,100,long_only,fast_slope,0.0,-0.016074023342591337,-1.1220573791860793,-1.4122701186478888,-0.05973759890130123,-0.26907715807508303,106,0.32075471698113206,0.5630263096406067,-214.20401976009921,0.3381756756756757,0.48445945945945945,0.43277027027027026,0.3560810810810811,0.39635135135135136,False
GBPUSD1440_comma,daily,60,75,long_only,price_slow,0.005,-0.007950200633048632,-1.777823865075876,-2.3400893816545696,-0.042089202831741626,-0.188889313604509,33,0.3333333333333333,0.44424049359412426,-364.0178015339294,0.018581081081081082,0.8006756756756757,0.8290540540540541,0.15202702702702703,0.3962162162162163,False
GBPUSD1440_comma,daily,75,250,long_only,price_slow,0.005,-0.011199446427199833,-1.1706251640107608,-1.5254772268251862,-0.060963585688784155,-0.18370714748263672,36,0.16666666666666666,0.48961148592711456,-458.9184499008953,0.2922297297297297,0.4591216216216216,0.6722972972972973,0.19898648648648648,0.3959797297297297,False
GBPUSD1440_comma,daily,5,300,long_only,price_slow,0.0,-0.012657014254739196,-1.0832525051993682,-1.4185295981178885,-0.06403367665919073,-0.1976618385057629,48,0.1875,0.4952130959283602,-387.90519043825,0.37804054054054054,0.3847972972972973,0.5858108108108108,0.20743243243243242,0.3956925675675676,False
GBPUSD1440_comma,daily,20,500,long_only,slow_slope,0.001,-0.011365333695868785,-1.2550493700326963,-1.6277338378805994,-0.04902190796681719,-0.2318419287874709,25,0.16,0.15431139365672783,-751.1802681902742,0.2141891891891892,0.6989864864864865,0.6631756756756757,0.01722972972972973,0.3956418918918919,False
GBPUSD1440_comma,daily,30,200,long_short,slow_slope,0.0,-0.028539934050454407,-0.8368964204344201,-1.1200527512233358,-0.07034692919863006,-0.40570262804037505,107,0.205607476635514,0.5651706177095741,-324.81226932509463,0.6543918918918918,0.22939189189189188,0.11182432432432432,0.36114864864864865,0.39564189189189186,False
GBPUSD1440_comma,daily,50,200,long_short,slow_slope,0.005,-0.024691150755560054,-0.8344453201198742,-1.101589192425724,-0.07210190843071791,-0.34244795031029673,90,0.24444444444444444,0.5601624282374073,-325.2368391360115,0.6570945945945946,0.17331081081081082,0.18547297297297297,0.34797297297297297,0.3954560810810811,False
GBPUSD1440_comma,daily,30,500,long_short,fast_slope,0.0025,-0.023732982405990866,-0.9647400714340862,-1.2924689838896712,-0.07054177616862653,-0.3364386849185421,165,0.2606060606060606,0.6518268100102573,-191.6306647194832,0.5138513513513514,0.225,0.20540540540540542,0.610472972972973,0.3944425675675676,False
GBPUSD1440_comma,daily,30,50,long_only,combined,0.0,-0.01610725396190671,-1.2184902314106525,-1.6324307904462303,-0.05722995923173993,-0.2814479370268985,126,0.25396825396825395,0.6155690782090496,-184.4193484749905,0.24594594594594596,0.5371621621621622,0.4300675675675676,0.5023648648648649,0.39403716216216217,False
GBPUSD1440_comma,daily,30,500,long_only,slow_slope,0.005,-0.010735457782423796,-1.258573170174146,-1.635521300382563,-0.050659340914492396,-0.21191467533192176,23,0.21739130434782608,0.14341594732335922,-780.2544868500853,0.21182432432432433,0.6692567567567568,0.6969594594594595,0.015202702702702704,0.3937162162162162,False
GBPUSD1440_comma,daily,30,500,long_only,slow_slope,0.0025,-0.011298536549698479,-1.2562774166477217,-1.6321391802735405,-0.04955130517575624,-0.22801693133254675,25,0.2,0.1459920513703853,-747.6590898415132,0.21317567567567566,0.6908783783783784,0.6665540540540541,0.015540540540540541,0.3936317567567568,False
GBPUSD1440_comma,daily,40,400,long_short,fast_slope,0.001,-0.02448591981645387,-0.9653371216202747,-1.2627106182649301,-0.0693935792339107,-0.3528556976995977,161,0.2360248447204969,0.6394066644990629,-191.58848112817154,0.5131756756756757,0.2591216216216216,0.1891891891891892,0.5709459459459459,0.3935304054054054,False
GBPUSD1440_comma,daily,40,150,long_short,fast_slope,0.0025,-0.02602902582144806,-0.9036806061574966,-1.1473258924273382,-0.07282021265268335,-0.3574423209335261,168,0.27380952380952384,0.6514103805851506,-191.96155795970606,0.5793918918918919,0.15304054054054053,0.15878378378378377,0.6091216216216216,0.39314189189189197,False
GBPUSD1440_comma,daily,60,100,long_only,fast_slope,0.0025,-0.013787200483589168,-1.1145805151965902,-1.392666475546011,-0.06146454506668734,-0.22431143789692798,68,0.35294117647058826,0.5131034986719646,-293.33555878603926,0.3472972972972973,0.4469594594594595,0.5347972972972973,0.23682432432432432,0.3931418918918919,False
GBPUSD1440_comma,daily,50,75,long_short,price_slow,0.0,-0.028106739341172693,-0.8548739935615945,-1.1068361889961509,-0.07621050383940885,-0.3688040089644251,190,0.21578947368421053,0.6588763952479577,-180.57804456964922,0.6344594594594595,0.08547297297297297,0.11824324324324324,0.6273648648648649,0.3929054054054054,False
GBPUSD1440_comma,daily,100,400,long_short,combined,0.001,-0.020339499157465912,-0.9267065873301724,-1.2008585791786808,-0.07164237430786653,-0.2839031977089651,116,0.1810344827586207,0.5851167731307498,-222.2587427776801,0.5567567567567567,0.1885135135135135,0.3047297297297297,0.41385135135135137,0.3928547297297297,False
GBPUSD1440_comma,daily,10,200,long_short,slow_slope,0.0025,-0.026553030802721533,-0.8108205206650209,-1.09007426308534,-0.07290259849924859,-0.36422612292750056,110,0.19090909090909092,0.5654997662482235,-294.1602688523406,0.6777027027027027,0.15,0.14864864864864866,0.3635135135135135,0.3928378378378379,False
GBPUSD1440_comma,daily,75,100,long_only,fast_slope,0.0,-0.015145090300044628,-1.0753047148868071,-1.3491023563480762,-0.06377979751550011,-0.23745905270966072,77,0.2857142857142857,0.5400574414150877,-281.76457423403946,0.38682432432432434,0.3918918918918919,0.47128378378378377,0.3010135135135135,0.3921114864864865,False
GBPUSD1440_comma,daily,5,500,long_only,slow_slope,0.0,-0.011501629672700187,-1.253075535997309,-1.6294484266593352,-0.050070526408411725,-0.22970858302715869,31,0.1935483870967742,0.2018438077875348,-581.2967136522278,0.21655405405405406,0.6831081081081081,0.6533783783783784,0.024662162162162164,0.39177364864864866,False
GBPUSD1440_comma,daily,40,500,long_short,slow_slope,0.005,-0.024453343129853367,-0.8385884574304757,-1.1001312402480745,-0.06663030026115405,-0.36700034419790606,55,0.2,0.327044777817353,-529.772958745736,0.6530405405405405,0.32635135135135135,0.1902027027027027,0.07195945945945946,0.39163851351351353,False
GBPUSD1440_comma,daily,30,500,long_only,slow_slope,0.0,-0.011322841543364937,-1.2465127817501285,-1.6151872315055509,-0.05051817757462321,-0.22413400654921367,25,0.16,0.10783019034219195,-748.940729424918,0.22128378378378377,0.6722972972972973,0.6655405405405406,0.009797297297297298,0.39116554054054054,False
GBPUSD1440_comma,daily,30,250,long_only,slow_slope,0.0,-0.011624332220984135,-1.1602440952736965,-1.5206776618970093,-0.06014453622341211,-0.1932732871661782,49,0.22448979591836735,0.4307411325495766,-354.6845206864681,0.3054054054054054,0.47702702702702704,0.643918918918919,0.13817567567567568,0.3909290540540541,False
GBPUSD1440_comma,daily,20,50,long_only,price_slow,0.005,-0.01569256775951755,-1.2103709573559494,-1.6490128961879476,-0.05591632650228622,-0.28064375364279226,79,0.27848101265822783,0.5799893567616824,-281.31357435064433,0.252027027027027,0.5611486486486487,0.4503378378378378,0.3983108108108108,0.3909121621621622,False
GBPUSD1440_comma,daily,40,500,long_only,slow_slope,0.0025,-0.011029895692325042,-1.2487711179195458,-1.6183203659149683,-0.05107646788039202,-0.21594867754274294,22,0.18181818181818182,0.11140801352956549,-833.4791524764582,0.21993243243243243,0.6597972972972973,0.6810810810810811,0.010810810810810811,0.3907601351351352,False
GBPUSD1440_comma,daily,30,300,long_short,slow_slope,0.0025,-0.02414824422003159,-0.7957669283665997,-1.0540513702763552,-0.07299000301620429,-0.3308431733407452,90,0.2222222222222222,0.517535830857305,-338.8533975598155,0.6942567567567568,0.14662162162162162,0.19695945945945945,0.24662162162162163,0.3907432432432433,False
GBPUSD1440_comma,daily,50,400,long_only,slow_slope,0.0025,-0.011710305211043548,-1.157455822059173,-1.5232920621523975,-0.059108808769359054,-0.19811438353861666,43,0.16279069767441862,0.3736633012372192,-400.01465627518644,0.3070945945945946,0.49763513513513513,0.6371621621621621,0.10641891891891891,0.39064189189189197,False
GBPUSD1440_comma,daily,50,300,long_only,none,0.001,-0.014934125251581665,-1.053682807593,-1.33918024933553,-0.06030692858764978,-0.24763531490210922,14,0.2857142857142857,0.3223281528889393,-1480.5507549199574,0.4125,0.47466216216216217,0.48277027027027025,0.06756756756756757,0.39035472972972973,True
GBPUSD1440_comma,daily,60,500,long_short,fast_slope,0.0025,-0.02122115161658189,-0.9396353781707883,-1.2167062907205222,-0.07113820313179235,-0.2983087944640248,124,0.25,0.599643815917778,-225.14196863086215,0.5422297297297297,0.20135135135135135,0.2756756756756757,0.45304054054054055,0.39032094594594596,False
GBPUSD1440_comma,daily,5,75,long_short,slow_slope,0.0025,-0.028482832265517843,-0.8434214763077731,-1.0888962236354556,-0.07642114242181762,-0.37270879972328474,200,0.3,0.641497498635799,-177.1335540083846,0.6493243243243243,0.0831081081081081,0.11283783783783784,0.5766891891891892,0.38957770270270276,False
GBPUSD1440_comma,daily,30,400,long_only,price_slow,0.0025,-0.01137297594807607,-1.1017379909317233,-1.4489053037414963,-0.06253995320369159,-0.1818513664542485,33,0.18181818181818182,0.3235051090749849,-481.9666884256951,0.35405405405405405,0.42027027027027025,0.6621621621621622,0.06824324324324324,0.38935810810810817,False
GBPUSD1440_comma,daily,60,500,long_short,combined,0.005,-0.01857118749634734,-0.9991886703616072,-1.3147658549687165,-0.06858213375798575,-0.2707875430339013,115,0.25217391304347825,0.5805705942453075,-213.1039279214822,0.47466216216216217,0.27871621621621623,0.34797297297297297,0.4006756756756757,0.3892398648648649,False
GBPUSD1440_comma,daily,20,150,long_short,combined,0.0025,-0.02433995009432499,-0.975325344817191,-1.2993253324508074,-0.07107006179413816,-0.34247824583054665,243,0.3168724279835391,0.6695337436485892,-126.60349183217834,0.5006756756756757,0.20608108108108109,0.19324324324324324,0.6581081081081082,0.38915540540540544,False
GBPUSD1440_comma,daily,60,500,long_only,none,0.001,-0.01481630892696395,-1.0942002205681183,-1.3793278597132839,-0.0549783608061421,-0.2694934645142911,7,0.14285714285714285,0.06852183641802821,-3431.723535289996,0.36317567567567566,0.5797297297297297,0.4891891891891892,0.0057432432432432436,0.388902027027027,True
GBPUSD1440_comma,daily,60,300,long_only,price_slow,0.001,-0.011102358185873351,-1.1403637251896175,-1.5051249918504859,-0.06389585328820117,-0.173757100258077,34,0.14705882352941177,0.47047200741982503,-477.5855085854125,0.3239864864864865,0.38885135135135135,0.677027027027027,0.1777027027027027,0.38886824324324326,False
GBPUSD1440_comma,daily,30,100,long_only,combined,0.0025,-0.011459635037183613,-1.244819042024545,-1.6728512550730392,-0.06498953158057842,-0.17633047597789164,96,0.2916666666666667,0.6236395032381488,-173.749619571916,0.22297297297297297,0.360472972972973,0.6554054054054054,0.522972972972973,0.38883445945945944,False
GBPUSD1440_comma,daily,100,200,long_short,combined,0.0,-0.024215452014704986,-0.9039841037711754,-1.1975018163109414,-0.07179480543567081,-0.33728696481255016,130,0.2153846153846154,0.6085977483167215,-232.02909947531987,0.5790540540540541,0.18445945945945946,0.19527027027027027,0.4783783783783784,0.3885472972972973,False
GBPUSD1440_comma,daily,30,300,long_only,slow_slope,0.0025,-0.010577953173687149,-1.1599932521502225,-1.526301658766946,-0.06159400068741711,-0.17173674474189649,44,0.20454545454545456,0.3559792860391337,-357.0332462328302,0.30574324324324326,0.44391891891891894,0.706081081081081,0.09324324324324325,0.3884797297297298,False
GBPUSD1440_comma,daily,60,250,long_short,combined,0.0025,-0.020925731808927872,-0.953094663479378,-1.2619226643382022,-0.07146528043553221,-0.2928097627463264,134,0.26865671641791045,0.6085286501022528,-201.5831297261531,0.527027027027027,0.1939189189189189,0.28716216216216217,0.4780405405405405,0.38842905405405403,False
GBPUSD1440_comma,daily,30,75,long_only,combined,0.0025,-0.01240487195746487,-1.2689801094046762,-1.7009917877958356,-0.062202401313381055,-0.1994275413093468,119,0.2773109243697479,0.6275334625072189,-152.662770187534,0.20202702702702702,0.4266891891891892,0.6013513513513513,0.5378378378378378,0.38842905405405403,False
GBPUSD1440_comma,daily,20,150,long_short,combined,0.001,-0.02497200964976387,-0.9816843141984477,-1.3075600369891116,-0.07044211063420638,-0.3545039951945672,245,0.31020408163265306,0.6688532686932888,-128.5653187085093,0.4922297297297297,0.22668918918918918,0.18074324324324326,0.6574324324324324,0.3883277027027027,False
GBPUSD1440_comma,daily,60,100,long_only,price_slow,0.005,-0.013179913769058804,-1.1917193171976241,-1.4844158710995212,-0.05623339555501334,-0.23437876441526362,47,0.3191489361702128,0.47434096809703763,-407.69845110366253,0.2722972972972973,0.5560810810810811,0.5641891891891891,0.18344594594594596,0.3882939189189189,False
GBPUSD1440_comma,daily,30,500,long_short,slow_slope,0.005,-0.02510483659753049,-0.8468949548198365,-1.1109512678305737,-0.06574755224726134,-0.3818368249378624,58,0.20689655172413793,0.30364629097918566,-538.8202355167429,0.6432432432432432,0.3472972972972973,0.1777027027027027,0.05675675675675676,0.38817567567567574,False
GBPUSD1440_comma,daily,5,500,long_only,slow_slope,0.0025,-0.011141825343387368,-1.2553846205738006,-1.6378320818011296,-0.05147838798288982,-0.21643695111608086,30,0.23333333333333334,0.23159194258475657,-583.9193765612905,0.21385135135135136,0.6506756756756756,0.675,0.030405405405405407,0.38777027027027033,False
GBPUSD1440_comma,daily,30,150,long_short,combined,0.001,-0.02464914576535482,-0.9449486428232912,-1.260171127727458,-0.07345292239093067,-0.33557746871073824,208,0.2644230769230769,0.6754509464635409,-148.52131501368353,0.5371621621621622,0.13547297297297298,0.1858108108108108,0.672972972972973,0.38684121621621625,False
GBPUSD1440_comma,daily,100,500,long_only,combined,0.005,-0.009917748398996395,-1.6180923477751594,-2.1123390285777326,-0.04580060757656701,-0.21654185225417444,49,0.14285714285714285,0.5023090084594144,-297.3814980070231,0.04358108108108108,0.7530405405405406,0.7391891891891892,0.22027027027027027,0.386570945945946,False
GBPUSD1440_comma,daily,50,75,long_only,fast_slope,0.001,-0.015084191411992132,-1.1630709374309656,-1.5538248869584712,-0.061590307490711836,-0.2449117730783681,96,0.3020833333333333,0.5797443004343397,-218.56861207080854,0.3027027027027027,0.44425675675675674,0.47364864864864864,0.39763513513513515,0.3865202702702703,False
GBPUSD1440_comma,daily,40,250,long_only,slow_slope,0.001,-0.011396951723873894,-1.1699620568109415,-1.5334827908789657,-0.06042883339089729,-0.18860122038349125,48,0.20833333333333334,0.4127673260539771,-345.8234351548408,0.29324324324324325,0.47094594594594597,0.6597972972972973,0.12837837837837837,0.38625000000000004,False
GBPUSD1440_comma,daily,60,250,long_only,none,0.0,-0.017054489477868584,-1.0331658148879224,-1.3304698200130125,-0.058636640774847294,-0.29085038386414963,14,0.21428571428571427,0.22411696419981444,-1711.8282290858174,0.43716216216216214,0.5077702702702702,0.3993243243243243,0.028716216216216218,0.3859797297297297,True
GBPUSD1440_comma,daily,20,75,long_short,combined,0.001,-0.024729290162229356,-0.9512880611015146,-1.2843526637853118,-0.07398562395013608,-0.3342445307874419,267,0.3295880149812734,0.6930080853061586,-117.57991187980467,0.5300675675675676,0.12364864864864865,0.18445945945945946,0.7067567567567568,0.3858445945945946,False
GBPUSD1440_comma,daily,60,250,long_short,none,0.0,-0.027834883169089886,-0.7527070237857948,-1.0286951815282608,-0.07293205537571784,-0.38165499416813764,28,0.21428571428571427,0.4515441162395085,-1224.3096472063849,0.7489864864864865,0.14966216216216216,0.12398648648648648,0.15878378378378377,0.385625,False
GBPUSD1440_comma,daily,50,75,long_short,combined,0.001,-0.025632873866992534,-0.9036000956207287,-1.1988110923798465,-0.07407898769158555,-0.3460208443143198,185,0.2594594594594595,0.6478990575493958,-169.66509900275997,0.5797297297297297,0.12297297297297298,0.16452702702702704,0.5993243243243244,0.38543918918918924,False
GBPUSD1440_comma,daily,40,300,long_only,none,0.001,-0.01531241433548558,-1.0594040068863444,-1.340667168190943,-0.0591199447886407,-0.25900589708310595,14,0.35714285714285715,0.2659231804592791,-1551.0956920202264,0.4047297297297297,0.4972972972972973,0.4648648648648649,0.03918918918918919,0.3850675675675676,True
GBPUSD1440_comma,daily,60,500,long_only,fast_slope,0.0025,-0.00946204751850066,-1.378277838180112,-1.822057885918552,-0.05769239536816336,-0.1640085744077484,62,0.27419354838709675,0.5577534558528218,-232.79671662335556,0.12331081081081081,0.5300675675675676,0.7601351351351351,0.34121621621621623,0.3850506756756757,False
GBPUSD1440_comma,daily,40,500,long_only,slow_slope,0.005,-0.011082504478344357,-1.2609281362763385,-1.6369013313754717,-0.05142192300592126,-0.2155210040874629,21,0.19047619047619047,0.1598151895494703,-798.414774646968,0.2087837837837838,0.652027027027027,0.6777027027027027,0.018243243243243244,0.3847972972972973,False
GBPUSD1440_comma,daily,75,150,long_only,fast_slope,0.0025,-0.013365568013184448,-1.1432540416721306,-1.4261557078721552,-0.06143909466437456,-0.21754174741989596,62,0.27419354838709675,0.5039166313995368,-312.98905929542747,0.3199324324324324,0.44763513513513514,0.5554054054054054,0.225,0.3847128378378379,False
GBPUSD1440_comma,daily,20,500,long_only,none,0.005,-0.012602486091441323,-1.1161031725083206,-1.4488086888135485,-0.05882436616187866,-0.2142392160547989,11,0.36363636363636365,0.188781192435648,-1660.1044133791527,0.3439189189189189,0.5033783783783784,0.589527027027027,0.021283783783783785,0.38451013513513516,True
GBPUSD1440_comma,daily,10,50,long_short,slow_slope,0.0,-0.03220468615255845,-0.8591378004038643,-1.1988751343204993,-0.07476818513559182,-0.43072713473191004,232,0.23275862068965517,0.6459947018953223,-170.18609885869955,0.6304054054054054,0.11216216216216217,0.075,0.5908783783783784,0.3838344594594595,False
GBPUSD1440_comma,daily,40,250,long_only,none,0.0025,-0.015707608380464144,-1.0350890238138075,-1.3241629966427353,-0.06118060702182679,-0.25674162361384056,15,0.3333333333333333,0.2805337749551505,-1445.769078875156,0.4341216216216216,0.4537162162162162,0.44966216216216215,0.04493243243243243,0.38375000000000004,True
GBPUSD1440_comma,daily,75,400,long_only,price_slow,0.0,-0.012638076116127994,-1.1638246155730254,-1.540188164470685,-0.05705489962017324,-0.22150728859856716,36,0.16666666666666666,0.3255522361037638,-512.4230807062529,0.3010135135135135,0.5412162162162162,0.5875,0.07027027027027027,0.38375,False
GBPUSD1440_comma,daily,60,150,long_only,combined,0.0025,-0.012305421255224047,-1.2394881501339179,-1.6459635820549623,-0.060977965180043336,-0.20180111322001482,82,0.2682926829268293,0.5699960650918997,-217.26358220642175,0.22804054054054054,0.45844594594594595,0.6057432432432432,0.37432432432432433,0.38312500000000005,False
GBPUSD1440_comma,daily,75,250,long_only,combined,0.0,-0.009037886833277109,-1.3420234461456542,-1.8015795834186241,-0.06671690756141604,-0.13546621334265696,75,0.29333333333333333,0.64859996550936,-180.62161779020897,0.13952702702702702,0.3239864864864865,0.7807432432432433,0.6006756756756757,0.3830574324324324,False
GBPUSD1440_comma,daily,40,150,long_short,fast_slope,0.001,-0.02730021929344295,-0.8965904256488111,-1.1477992164151938,-0.07363365708700662,-0.37075734621172773,176,0.2727272727272727,0.6452404851699073,-192.30451202934194,0.5885135135135136,0.13006756756756757,0.13547297297297298,0.5861486486486487,0.38293918918918923,False
GBPUSD1440_comma,daily,100,200,long_short,none,0.001,-0.028378237316975308,-0.7658700282312934,-1.046154984951273,-0.07220697031540903,-0.39301243623732773,27,0.25925925925925924,0.45536634859373587,-1220.655614269945,0.7334459459459459,0.16959459459459458,0.11385135135135135,0.1608108108108108,0.38266891891891897,False
GBPUSD1440_comma,daily,100,400,long_only,combined,0.005,-0.009934400210788508,-1.4573369080967802,-1.9078722615744927,-0.05095190093593212,-0.19497604659108225,58,0.13793103448275862,0.5134909570264734,-255.03691592033042,0.0831081081081081,0.6628378378378378,0.7381756756756757,0.23817567567567569,0.38231418918918914,False
GBPUSD1440_comma,daily,75,300,long_only,price_slow,0.001,-0.010983650880463047,-1.1668680617913327,-1.5429501647828998,-0.06443366950550139,-0.17046446314104857,35,0.17142857142857143,0.5000707698372956,-458.12567746838073,0.29695945945945945,0.37466216216216214,0.6861486486486487,0.2168918918918919,0.3822128378378379,False
GBPUSD1440_comma,daily,20,50,long_short,fast_slope,0.0,-0.03098863700496901,-0.9390228878473751,-1.2717830441274174,-0.07050967049144347,-0.43949484927361226,288,0.3368055555555556,0.6513054196770779,-131.9973893312416,0.5429054054054054,0.22567567567567567,0.08513513513513514,0.6087837837837838,0.3819256756756757,False
GBPUSD1440_comma,daily,50,200,long_short,slow_slope,0.0,-0.02736821328657546,-0.8232634097522803,-1.115862324101446,-0.07343055097022784,-0.3727088102290259,105,0.20952380952380953,0.565807002760238,-317.26382213855675,0.6655405405405406,0.1358108108108108,0.1341216216216216,0.36486486486486486,0.381722972972973,False
GBPUSD1440_comma,daily,30,75,long_short,combined,0.0,-0.02585460698321196,-0.9361099241299415,-1.2553885712224204,-0.07440023960941838,-0.34750703921038184,246,0.2845528455284553,0.6762771286225154,-132.46079676409477,0.5469594594594595,0.11858108108108108,0.1608108108108108,0.6736486486486486,0.3816385135135135,False
GBPUSD1440_comma,daily,20,250,long_only,combined,0.0025,-0.00947896333757603,-1.4189201848904391,-1.9148616432259162,-0.06187326880685053,-0.15319965342652997,104,0.28846153846153844,0.6297460414254853,-136.16849776451053,0.0983108108108108,0.4358108108108108,0.7584459459459459,0.543581081081081,0.3815033783783784,False
GBPUSD1440_comma,daily,40,150,long_short,combined,0.0025,-0.025384479202189225,-0.9567171727655156,-1.2560480053356797,-0.07240491231694342,-0.35059056616313344,180,0.26666666666666666,0.6657701680851023,-174.95087286679401,0.5233108108108108,0.16216216216216217,0.17094594594594595,0.6469594594594594,0.38109797297297293,False
GBPUSD1440_comma,daily,20,50,long_only,fast_slope,0.005,-0.014623465982964268,-1.2750293362756888,-1.7667559453775574,-0.05574598357287921,-0.262323221256763,109,0.30275229357798167,0.5854612337509406,-193.00081663137973,0.19527027027027027,0.5641891891891891,0.49695945945945946,0.4152027027027027,0.3808277027027027,False
GBPUSD1440_comma,daily,30,250,long_only,fast_slope,0.005,-0.010659987081812927,-1.297677113342901,-1.7445510103699007,-0.06296876259620583,-0.16929008356367548,86,0.19767441860465115,0.5985754511615915,-177.68803564582024,0.17364864864864865,0.4118243243243243,0.7016891891891892,0.4503378378378378,0.38030405405405404,False
GBPUSD1440_comma,daily,20,400,long_only,slow_slope,0.0,-0.012224790190544788,-1.1690511540398916,-1.5390449937645319,-0.059747407244580705,-0.20460787763562105,48,0.20833333333333334,0.40722139386593986,-372.6879903988982,0.29493243243243245,0.4837837837837838,0.6118243243243243,0.12635135135135134,0.3802364864864865,False
GBPUSD1440_comma,daily,50,500,long_only,slow_slope,0.001,-0.01173180741627533,-1.2595881594772833,-1.6291508975060478,-0.05073098315656069,-0.2312552741205477,21,0.19047619047619047,0.10793453561687535,-917.1848004587172,0.21013513513513513,0.6675675675675675,0.635472972972973,0.010135135135135136,0.37956081081081083,False
GBPUSD1440_comma,daily,30,300,long_only,none,0.0,-0.015312164825674879,-1.0610835615337126,-1.3446546864132007,-0.060311213221430474,-0.2538858697711288,16,0.25,0.28593945260481984,-1379.5422498684097,0.40202702702702703,0.4743243243243243,0.4652027027027027,0.046621621621621624,0.3794256756756757,True
GBPUSD1440_comma,daily,40,400,long_short,fast_slope,0.005,-0.024350697342274796,-0.9748703399108625,-1.2746132112171569,-0.0700988237140438,-0.3473766898230606,157,0.24203821656050956,0.6290661592035002,-199.25106087741693,0.5020270270270271,0.23513513513513515,0.1929054054054054,0.5415540540540541,0.37940878378378384,False
GBPUSD1440_comma,daily,10,50,long_only,price_slow,0.005,-0.01775545416197244,-1.1626085526218362,-1.5695774084693892,-0.05791888969249865,-0.30655722608356617,80,0.225,0.5556084357671515,-312.07988749556,0.3033783783783784,0.5256756756756756,0.3777027027027027,0.33716216216216216,0.3788851351351351,False
GBPUSD1440_comma,daily,75,250,long_short,none,0.0025,-0.028097874439080628,-0.7770998296875219,-1.0432898216103899,-0.07116205021815228,-0.39484352056952565,25,0.28,0.4003571979207587,-1375.14407445463,0.716554054054054,0.20101351351351351,0.11891891891891893,0.12128378378378378,0.37885135135135134,False
GBPUSD1440_comma,daily,75,300,long_short,slow_slope,0.0025,-0.02393532102480611,-0.8206296544057367,-1.0979550292783546,-0.07229133699558443,-0.33109528775582175,81,0.2222222222222222,0.49226304331090937,-374.4697482687195,0.6675675675675675,0.16554054054054054,0.20033783783783785,0.20236486486486485,0.3788344594594595,False
GBPUSD1440_comma,daily,60,200,long_short,slow_slope,0.001,-0.027433775859436738,-0.8258762388807203,-1.1193405648865973,-0.07372711242423664,-0.3720988786537408,102,0.23529411764705882,0.5666938913488742,-330.55952668406263,0.6628378378378378,0.12837837837837837,0.1331081081081081,0.3662162162162162,0.37878378378378375,False
GBPUSD1440_comma,daily,30,50,long_short,slow_slope,0.0,-0.0322899628875567,-0.8729584435909091,-1.2140802063470548,-0.07468846507859524,-0.43232864477235844,221,0.248868778280543,0.6475949561429616,-178.38879972911144,0.6152027027027027,0.11283783783783784,0.07398648648648648,0.597972972972973,0.37878378378378375,False
GBPUSD1440_comma,daily,50,200,long_only,none,0.0025,-0.01534912614337025,-1.0181952867679656,-1.31030309200568,-0.06484229418407461,-0.23671472973792507,16,0.25,0.3590795321267925,-1361.4679722411024,0.4523648648648649,0.36317567567567566,0.46385135135135136,0.0945945945945946,0.3786993243243244,True
GBPUSD1440_comma,daily,30,500,long_short,fast_slope,0.005,-0.02408304008348816,-0.9806628732188091,-1.3142152600132437,-0.07083403363359264,-0.33999249863510406,158,0.2468354430379747,0.6394213386141105,-202.38814258791356,0.4945945945945946,0.21756756756756757,0.19898648648648648,0.5712837837837837,0.3777195945945946,False
GBPUSD1440_comma,daily,60,500,long_short,slow_slope,0.0025,-0.026461204583656195,-0.8648128238142365,-1.132212754440618,-0.0647643593907398,-0.4085766435827619,55,0.14545454545454545,0.2733820387312723,-591.7018850502702,0.6253378378378378,0.3652027027027027,0.15033783783783783,0.04121621621621622,0.3776858108108108,False
GBPUSD1440_comma,daily,100,200,long_only,none,0.0,-0.017124658308682816,-1.0225905595260718,-1.3235116795611719,-0.060845476418818274,-0.2814450525591826,14,0.2857142857142857,0.197635402473813,-1727.862001734177,0.4489864864864865,0.4608108108108108,0.3969594594594595,0.022972972972972974,0.37763513513513514,True
GBPUSD1440_comma,daily,50,150,long_only,slow_slope,0.001,-0.014832773336196037,-1.0931924721105823,-1.4221589978146012,-0.06245080640236909,-0.23751131795847158,47,0.2765957446808511,0.47894429077054584,-436.1986966927939,0.3658783783783784,0.42162162162162165,0.48783783783783785,0.1885135135135135,0.37760135135135137,False
GBPUSD1440_comma,daily,50,500,long_only,none,0.0,-0.015576833395470224,-1.0931903287953342,-1.3814930601110134,-0.05624022081120498,-0.27696963437893873,8,0.25,0.04768758041052403,-3192.114284988825,0.3662162162162162,0.5557432432432432,0.45506756756756755,0.00472972972972973,0.3771452702702702,True
GBPUSD1440_comma,daily,40,75,long_only,combined,0.005,-0.012413258220296819,-1.3378247851415788,-1.7964365411454764,-0.05514643896086442,-0.22509627918325048,92,0.2608695652173913,0.565719245740764,-191.9187059197779,0.14391891891891892,0.5766891891891892,0.5996621621621622,0.36452702702702705,0.37635135135135134,False
GBPUSD1440_comma,daily,50,100,long_short,combined,0.0,-0.026511472313010542,-0.900151829468138,-1.1901351122470536,-0.0742930365195987,-0.35685003002962123,188,0.2393617021276596,0.6330243152537561,-173.8997206385481,0.5844594594594594,0.12060810810810811,0.14932432432432433,0.5489864864864865,0.37614864864864866,False
GBPUSD1440_comma,daily,75,250,long_short,none,0.001,-0.027757156419061735,-0.7582705042367949,-1.0345220465046636,-0.0735908006753945,-0.3771824217743903,27,0.2222222222222222,0.4346468561835161,-1269.6583114217315,0.7405405405405405,0.1320945945945946,0.12533783783783783,0.14391891891891892,0.3758952702702703,False
GBPUSD1440_comma,daily,60,75,long_short,price_slow,0.0025,-0.022899855747588016,-0.9591569427614789,-1.209693267499584,-0.07161812708208004,-0.31974943607982054,120,0.3,0.6136170986195496,-250.95017295717918,0.5209459459459459,0.18952702702702703,0.2277027027027027,0.49695945945945946,0.37584459459459457,False
GBPUSD1440_comma,daily,100,200,long_only,price_slow,0.0,-0.012593880425579518,-1.1447087495878474,-1.501560358591189,-0.0633643434178937,-0.19875342734196288,47,0.1702127659574468,0.4911090620434632,-391.24858368950896,0.3185810810810811,0.40033783783783783,0.5905405405405405,0.20033783783783785,0.37567567567567567,False
GBPUSD1440_comma,daily,30,100,long_only,combined,0.0,-0.012763503205442062,-1.2300544145017713,-1.6447104119749958,-0.06607145079085054,-0.19317728084774444,112,0.2767857142857143,0.6275044817144456,-164.50546656818005,0.23547297297297298,0.33918918918918917,0.5797297297297297,0.5375,0.37555743243243245,False
GBPUSD1440_comma,daily,50,400,long_only,slow_slope,0.001,-0.012159381025089067,-1.1605595402740154,-1.52231418903748,-0.06107407230234381,-0.19909235730826536,45,0.17777777777777778,0.3850780083560109,-395.5956272425396,0.3047297297297297,0.4557432432432432,0.6148648648648649,0.11148648648648649,0.3755236486486487,False
GBPUSD1440_comma,daily,100,400,long_short,combined,0.0,-0.021055833339718943,-0.9351690238792325,-1.2111238961273592,-0.07204673641619089,-0.2922524237334797,118,0.1864406779661017,0.5702076860242264,-225.9476071701717,0.5483108108108108,0.175,0.28040540540540543,0.375,0.37540540540540546,False
GBPUSD1440_comma,daily,30,250,long_only,slow_slope,0.005,-0.011767114631257902,-1.2144060408939024,-1.5877717830639326,-0.059033031295566446,-0.19933102490269117,45,0.2,0.4482632499718774,-373.0773498722935,0.25033783783783786,0.49898648648648647,0.6331081081081081,0.15506756756756757,0.37476351351351356,False
GBPUSD1440_comma,daily,40,400,long_only,price_slow,0.0025,-0.012604413261020575,-1.1310131500515905,-1.4848265673873535,-0.060643180043235344,-0.20784551951322972,36,0.16666666666666666,0.29462867164216294,-489.32851840094463,0.3310810810810811,0.46655405405405403,0.5888513513513514,0.05202702702702703,0.3746452702702703,False
GBPUSD1440_comma,daily,60,75,long_only,combined,0.005,-0.0088377932356426,-1.820008887524545,-2.3851879694987903,-0.044090477384402915,-0.20044675766583975,33,0.3333333333333333,0.3924584624256954,-402.0094627213724,0.013175675675675676,0.7756756756756756,0.7902027027027027,0.1152027027027027,0.37451013513513515,False
GBPUSD1440_comma,daily,30,300,long_short,combined,0.005,-0.022924944425818605,-0.9756320793997079,-1.318374513631396,-0.07225769181862422,-0.31726649231147686,170,0.2529411764705882,0.643334415300487,-175.80203189584384,0.5003378378378378,0.16655405405405405,0.22668918918918918,0.581418918918919,0.37432432432432433,False
GBPUSD1440_comma,daily,40,300,long_only,none,0.0,-0.015863904463028766,-1.0596980071167916,-1.340799484094092,-0.06024954349950942,-0.26330331387752237,14,0.2857142857142857,0.2539808836147198,-1609.8907653874044,0.40405405405405403,0.47533783783783784,0.4408783783783784,0.037162162162162164,0.3742060810810811,True
GBPUSD1440_comma,daily,100,400,long_only,price_slow,0.0,-0.012604137113616742,-1.196770946574128,-1.5743052808883218,-0.05518516781019591,-0.2283971873922258,34,0.17647058823529413,0.27554335446373623,-541.2433621502952,0.26587837837837835,0.5746621621621621,0.5891891891891892,0.04222972972972973,0.37418918918918925,False
GBPUSD1440_comma,daily,20,75,long_only,price_slow,0.005,-0.015030974917924156,-1.19898518181431,-1.6068886753890437,-0.058279641936380924,-0.2579112434206825,75,0.26666666666666666,0.5365524258490959,-284.7443386129646,0.2631756756756757,0.5168918918918919,0.47702702702702704,0.29493243243243245,0.3741385135135135,False
GBPUSD1440_comma,daily,75,100,long_only,slow_slope,0.0,-0.015757568255796994,-1.0601811702040476,-1.3310305048469817,-0.06755168452094631,-0.23326684401054298,69,0.2463768115942029,0.5450424322860679,-323.2183201276756,0.40304054054054056,0.3050675675675676,0.4469594594594595,0.3125,0.37375,False
GBPUSD1440_comma,daily,60,300,long_only,slow_slope,0.0025,-0.010773619328287465,-1.1817109907277195,-1.5548005525937605,-0.06178313350175906,-0.17437800120611757,37,0.24324324324324326,0.3437616942561659,-431.79257182627055,0.2810810810810811,0.43817567567567567,0.6956081081081081,0.08344594594594594,0.37361486486486484,False
GBPUSD1440_comma,daily,20,50,long_short,fast_slope,0.0025,-0.0284544175866569,-0.9518260372856949,-1.2804510744705968,-0.0720129209461618,-0.3951293353026182,254,0.33070866141732286,0.661832013225011,-139.4675900078926,0.5293918918918918,0.17702702702702702,0.11317567567567567,0.6320945945945946,0.37346283783783785,False
GBPUSD1440_comma,daily,5,75,long_only,none,0.001,-0.02152859290510989,-1.0545901673582234,-1.331134201803948,-0.061508958575331285,-0.35000743637600984,82,0.2682926829268293,0.5364545962829141,-360.77909938387023,0.4118243243243243,0.4462837837837838,0.2648648648648649,0.2945945945945946,0.37346283783783785,False
GBPUSD1440_comma,daily,40,100,long_only,combined,0.0025,-0.014987102496353821,-1.2084115487663956,-1.512202225878909,-0.05889637124787672,-0.2544656347889026,98,0.3163265306122449,0.5539954837101986,-217.56259946016553,0.2554054054054054,0.5013513513513513,0.47905405405405405,0.33378378378378376,0.3733783783783784,False
GBPUSD1440_comma,daily,30,50,long_short,combined,0.0025,-0.026499130170503316,-0.9852899121406681,-1.3157602954805048,-0.0710409934335601,-0.37301181880692846,200,0.28,0.6628171200573164,-169.6350029351985,0.48952702702702705,0.20810810810810812,0.14966216216216216,0.6358108108108108,0.3731418918918919,False
GBPUSD1440_comma,daily,20,50,long_short,price_slow,0.0,-0.033263973089667886,-0.8984566396759658,-1.2263104329417014,-0.07142620637728968,-0.46571104328234814,216,0.2361111111111111,0.618107373667263,-190.29045566675012,0.5868243243243243,0.19493243243243244,0.06655405405405405,0.5087837837837837,0.3730912162162162,False
GBPUSD1440_comma,daily,60,300,long_short,fast_slope,0.001,-0.022960655347702086,-0.9235918128609123,-1.2128213642191623,-0.07196217495217025,-0.3190656113849104,134,0.26865671641791045,0.5768516385075351,-218.1576335972934,0.5614864864864865,0.17905405405405406,0.225,0.39087837837837835,0.37298986486486485,False
GBPUSD1440_comma,daily,50,75,long_only,combined,0.001,-0.014331151437219969,-1.2068468085655994,-1.618035379224606,-0.06211665551636973,-0.23071350699883142,105,0.2857142857142857,0.582899926866165,-190.55582930267195,0.2574324324324324,0.42905405405405406,0.5084459459459459,0.40675675675675677,0.3729391891891892,False
GBPUSD1440_comma,daily,60,500,long_only,slow_slope,0.001,-0.012195825576661767,-1.2825567021513993,-1.655930473771775,-0.04922540731628109,-0.24775469095261404,21,0.14285714285714285,0.10346619200335506,-946.0259500277868,0.1875,0.6956081081081081,0.6121621621621621,0.009121621621621622,0.3727027027027027,False
GBPUSD1440_comma,daily,30,500,long_short,slow_slope,0.0025,-0.026265440355096814,-0.8573125137654065,-1.1238850560559819,-0.06681694209703441,-0.3930955163580072,60,0.21666666666666667,0.29843482575284824,-542.1176311051231,0.6327702702702702,0.3216216216216216,0.1543918918918919,0.05405405405405406,0.37249999999999994,False
GBPUSD1440_comma,daily,100,200,long_only,price_slow,0.0025,-0.012246592682716217,-1.1693381142071166,-1.529994389071573,-0.06305424902102795,-0.1942231153785069,41,0.14634146341463414,0.493801442880893,-437.2499157785567,0.2942567567567568,0.40844594594594597,0.6097972972972973,0.20405405405405405,0.3723817567567568,False
GBPUSD1440_comma,daily,60,300,long_only,price_slow,0.0,-0.011949044512691853,-1.1489585808879925,-1.5120018893390712,-0.06458013203010357,-0.1850266349273162,41,0.17073170731707318,0.4858716040397623,-415.4424873661807,0.3141891891891892,0.36993243243243246,0.6243243243243243,0.1956081081081081,0.37236486486486486,False
GBPUSD1440_comma,daily,30,200,long_short,slow_slope,0.001,-0.02921614213076229,-0.8481607127181676,-1.135091181593937,-0.07200618274108932,-0.40574490993105383,104,0.20192307692307693,0.5526676618683569,-337.9176986783225,0.6412162162162162,0.1777027027027027,0.10608108108108108,0.3310810810810811,0.37179054054054056,False
GBPUSD1440_comma,daily,75,500,long_only,none,0.0025,-0.014254796723106256,-1.10697665774992,-1.4009939021386137,-0.05838846649655349,-0.24413720000588945,6,0.16666666666666666,0.010181674865435157,-3706.1210657013035,0.3516891891891892,0.5138513513513514,0.5118243243243243,0.0013513513513513514,0.37170608108108116,True
GBPUSD1440_comma,daily,60,250,long_only,combined,0.001,-0.0092243191510194,-1.3783289598163238,-1.8589717220571589,-0.06333139674788517,-0.1456515981755515,71,0.29577464788732394,0.5996381220373284,-197.4197715570647,0.12297297297297298,0.4010135135135135,0.7716216216216216,0.4527027027027027,0.3716722972972973,False
GBPUSD1440_comma,daily,30,50,long_short,combined,0.001,-0.02800847459339062,-0.9603311004424757,-1.2872191162474798,-0.07204287940077085,-0.3887750576650457,227,0.2555066079295154,0.6640933460252858,-155.93540317650428,0.5179054054054054,0.17533783783783785,0.12094594594594595,0.6418918918918919,0.3714695945945946,False
GBPUSD1440_comma,daily,100,200,long_short,combined,0.0025,-0.024588348875305366,-0.9246360159574356,-1.219898662038451,-0.07203565205779501,-0.34133582709264376,123,0.22764227642276422,0.5958295515230493,-251.99418007855422,0.5597972972972973,0.17567567567567569,0.1864864864864865,0.44155405405405407,0.3713682432432433,False
GBPUSD1440_comma,daily,30,300,long_short,combined,0.0025,-0.023446034333384214,-0.976827967816321,-1.3163012658325626,-0.07257013489945897,-0.3230810355508793,177,0.2542372881355932,0.6473994401020752,-172.01424953454466,0.4983108108108108,0.15743243243243243,0.2125,0.5969594594594595,0.3707263513513514,False
GBPUSD1440_comma,daily,20,300,long_only,none,0.0,-0.01499108610565325,-1.0723023304061747,-1.354395718173641,-0.06152998722672439,-0.24363870010917466,18,0.2777777777777778,0.2853727657191106,-1209.8953119459575,0.3915540540540541,0.44594594594594594,0.4783783783783784,0.04628378378378378,0.3707263513513514,True
GBPUSD1440_comma,daily,20,500,long_short,fast_slope,0.0,-0.02462968600204596,-1.0176815918851734,-1.3513637699996492,-0.06980470477879686,-0.35283704844959407,225,0.3244444444444444,0.6486857046574432,-137.71258447381146,0.4537162162162162,0.24695945945945946,0.18614864864864866,0.6010135135135135,0.37060810810810807,False
GBPUSD1440_comma,daily,50,400,long_only,slow_slope,0.0,-0.012523318955811713,-1.1658323859431083,-1.5287449981858916,-0.060836327980026916,-0.20585264383352042,46,0.1956521739130435,0.3848702672838234,-397.5216989237361,0.2989864864864865,0.4614864864864865,0.5945945945945946,0.11114864864864865,0.37055743243243244,False
GBPUSD1440_comma,daily,20,400,long_only,combined,0.0,-0.009500507379931578,-1.4786918428498586,-2.0024283948092476,-0.062015453895785465,-0.15319580496656215,106,0.330188679245283,0.6263425991744132,-133.88163121173864,0.07837837837837838,0.4314189189189189,0.7570945945945946,0.5324324324324324,0.3704898648648649,False
GBPUSD1440_comma,daily,60,250,long_short,fast_slope,0.001,-0.023142839648093938,-0.9229363972897713,-1.2116049272095115,-0.07253939738342999,-0.3190382121010066,133,0.2706766917293233,0.5845418059947759,-224.3013337623441,0.5621621621621622,0.15878378378378377,0.21993243243243243,0.41081081081081083,0.37016891891891895,False
GBPUSD1440_comma,daily,40,100,long_only,combined,0.005,-0.014245578896930566,-1.2299710053291606,-1.5394253934606366,-0.05829672404962575,-0.24436328334339774,88,0.32954545454545453,0.5362747562222314,-231.43293189642966,0.23581081081081082,0.5165540540540541,0.5128378378378379,0.2942567567567568,0.3701689189189189,False
GBPUSD1440_comma,daily,40,200,long_short,fast_slope,0.001,-0.026851302435685342,-0.9467658438706091,-1.2394994640077954,-0.073096134909493,-0.36734230159956327,168,0.25595238095238093,0.6506006916816566,-198.5716918049167,0.535472972972973,0.14290540540540542,0.14493243243243242,0.6074324324324324,0.3700168918918919,False
GBPUSD1440_comma,daily,100,200,long_only,combined,0.005,-0.010845024079306764,-1.3076947580647174,-1.728697285892557,-0.061726532050112144,-0.17569469268907456,61,0.18032786885245902,0.5644085929013165,-262.9512464230238,0.16655405405405405,0.44155405405405407,0.6925675675675675,0.360472972972973,0.36959459459459465,False
GBPUSD1440_comma,daily,30,75,long_only,price_slow,0.001,-0.01755127166566839,-1.1090298109063694,-1.4058952541041674,-0.06382757460812616,-0.2749794547799387,93,0.23655913978494625,0.5674180264929763,-268.5474392653457,0.35,0.3902027027027027,0.3844594594594595,0.3675675675675676,0.3695777027027027,False
GBPUSD1440_comma,daily,20,75,long_short,price_slow,0.0,-0.03225150593183823,-0.8525368731306392,-1.112362107775017,-0.07605374834279338,-0.42406201712074176,191,0.20418848167539266,0.6224878622018823,-202.63786916861068,0.6368243243243243,0.08716216216216216,0.07466216216216216,0.5202702702702703,0.36949324324324323,False
GBPUSD1440_comma,daily,75,500,long_only,slow_slope,0.0,-0.01218034345754837,-1.2976258445038404,-1.681365274321762,-0.048838164238960674,-0.24940215602599358,18,0.1111111111111111,0.11986321416234345,-1102.5780917755776,0.17398648648648649,0.7006756756756757,0.6138513513513514,0.011824324324324325,0.3693074324324324,True
GBPUSD1440_comma,daily,30,75,long_only,combined,0.0,-0.013666462995937878,-1.2379627916948983,-1.6715880903063127,-0.06588964989833851,-0.20741441208177513,134,0.291044776119403,0.6346227451022364,-147.96215066437412,0.22972972972972974,0.3435810810810811,0.5391891891891892,0.5567567567567567,0.3691385135135135,False
GBPUSD1440_comma,daily,60,500,long_only,combined,0.0025,-0.009082709019505697,-1.5808656634170868,-2.083364325238039,-0.05092279948105125,-0.1783623271317878,54,0.2777777777777778,0.4740075398351818,-257.52766124882993,0.05067567567567568,0.6638513513513513,0.7783783783783784,0.18141891891891893,0.36912162162162165,False
GBPUSD1440_comma,daily,30,300,long_short,combined,0.001,-0.023722357039928088,-0.9750349244834557,-1.3163729767442924,-0.07273550513543416,-0.32614549106047797,179,0.26256983240223464,0.6455879324863883,-172.01140551712842,0.5013513513513513,0.1554054054054054,0.20574324324324325,0.5888513513513514,0.36886824324324324,False
GBPUSD1440_comma,daily,10,400,long_only,fast_slope,0.0,-0.014149886822154012,-1.5037262826791875,-2.035302621230376,-0.05741136866588591,-0.24646489277239503,157,0.2802547770700637,0.6809444004421096,-130.10461293937868,0.07331081081081081,0.5347972972972973,0.5175675675675676,0.6820945945945946,0.3688513513513514,False
GBPUSD1440_comma,daily,50,75,long_short,fast_slope,0.001,-0.027729611849097724,-0.8947211290089069,-1.1925743031185518,-0.07530657915232097,-0.3682229648622021,185,0.2702702702702703,0.6341742246026244,-182.74633041543186,0.5902027027027027,0.09797297297297297,0.12567567567567567,0.5537162162162163,0.36876689189189193,False
GBPUSD1440_comma,daily,60,250,long_short,fast_slope,0.005,-0.02241801367821905,-0.9328370026174243,-1.224171196652657,-0.0725008137711866,-0.30921051105675257,125,0.272,0.5817071573457733,-230.68067059848312,0.5506756756756757,0.1597972972972973,0.2402027027027027,0.40304054054054056,0.3687162162162162,False
GBPUSD1440_comma,daily,40,50,long_short,slow_slope,0.0,-0.033116767428253535,-0.8844690687769842,-1.224029951794998,-0.07581671863944778,-0.4368003261357546,235,0.2765957446808511,0.6565206571146649,-172.20652108568223,0.5989864864864864,0.08952702702702703,0.06756756756756757,0.620945945945946,0.36863175675675675,False
GBPUSD1440_comma,daily,100,200,long_short,fast_slope,0.001,-0.02586402619430106,-0.8941906226333616,-1.1711865529203924,-0.0728538978237263,-0.35501225009100246,116,0.20689655172413793,0.5850197516596949,-277.832333274655,0.5905405405405405,0.1516891891891892,0.16047297297297297,0.4131756756756757,0.3682094594594595,False
GBPUSD1440_comma,daily,60,250,long_only,price_slow,0.001,-0.012085317275681073,-1.1279422476259058,-1.4811080510952404,-0.06626967820133796,-0.18236571541759916,42,0.14285714285714285,0.474261276587994,-426.4857830362942,0.3331081081081081,0.33513513513513515,0.6185810810810811,0.18277027027027026,0.36815878378378375,False
GBPUSD1440_comma,daily,5,75,long_short,slow_slope,0.005,-0.02883435843237292,-0.8766425666560379,-1.131620079447129,-0.0732938587970859,-0.39340756382060416,181,0.281767955801105,0.5987050733923606,-195.91304767235286,0.6094594594594595,0.13918918918918918,0.10844594594594595,0.4506756756756757,0.3678716216216217,False
GBPUSD1440_comma,daily,60,500,long_only,combined,0.005,-0.009144543447783371,-1.6235803784197265,-2.148227162445764,-0.05071885678470218,-0.18029869022090317,52,0.28846153846153844,0.484987816488156,-269.08825000726154,0.04222972972972973,0.6679054054054054,0.7739864864864865,0.19358108108108107,0.3677027027027027,False
GBPUSD1440_comma,daily,20,400,long_only,slow_slope,0.001,-0.012395923493511263,-1.1799722812848061,-1.5535474987798241,-0.06054766316044056,-0.20473000684872456,48,0.20833333333333334,0.38886922541835234,-377.4335854556909,0.2827702702702703,0.46824324324324323,0.6023648648648648,0.11317567567567567,0.36761824324324327,False
GBPUSD1440_comma,daily,100,400,long_only,combined,0.001,-0.010545462916356607,-1.4549374300838547,-1.906787789558415,-0.051421440962837496,-0.20507910161401077,59,0.13559322033898305,0.4850743862349403,-264.93936445933736,0.08445945945945946,0.6523648648648649,0.7077702702702703,0.19425675675675674,0.3675675675675676,False
GBPUSD1440_comma,daily,100,200,long_only,fast_slope,0.0025,-0.011674177172542932,-1.2136329075709118,-1.596006724098111,-0.06252786527960877,-0.18670359399507674,58,0.1896551724137931,0.505171790326698,-295.8852144957247,0.25101351351351353,0.4206081081081081,0.6398648648648648,0.22668918918918918,0.3675337837837838,False
GBPUSD1440_comma,daily,20,75,long_short,combined,0.0,-0.02723940166693184,-0.9479574484956261,-1.2348673414399178,-0.07541526407501965,-0.36119215388326864,275,0.3381818181818182,0.6771061065911638,-124.12886420355633,0.5341216216216216,0.09695945945945945,0.13682432432432431,0.6753378378378379,0.36655405405405406,False
GBPUSD1440_comma,daily,100,150,long_only,fast_slope,0.005,-0.010142827515730923,-1.247144306902518,-1.6429339949825263,-0.06363144121395768,-0.1593996194684032,43,0.20930232558139536,0.5064622623564404,-350.6810989304982,0.22027027027027027,0.3945945945945946,0.7260135135135135,0.2277027027027027,0.3661148648648649,False
GBPUSD1440_comma,daily,20,400,long_only,combined,0.001,-0.00934787172556173,-1.4805891231828403,-2.005698756915701,-0.06308121231966692,-0.1481878895762333,105,0.3238095238095238,0.6271434648311371,-133.13523105827062,0.07702702702702703,0.40675675675675677,0.7652027027027027,0.5358108108108108,0.36591216216216216,False
GBPUSD1440_comma,daily,40,400,long_only,slow_slope,0.001,-0.012593986378789057,-1.166143269528141,-1.5311265745769338,-0.061426194917085904,-0.20502631484480893,47,0.1702127659574468,0.37479836460528204,-391.05757023308246,0.29864864864864865,0.44797297297297295,0.5902027027027027,0.1070945945945946,0.3655574324324324,False
GBPUSD1440_comma,daily,40,150,long_only,slow_slope,0.001,-0.015559276492530083,-1.0923225171778412,-1.420343518025283,-0.06314652151585466,-0.24639958178256105,48,0.2708333333333333,0.46447416195567165,-458.94615316882397,0.3672297297297297,0.40540540540540543,0.4564189189189189,0.17263513513513515,0.3654222972972973,False
GBPUSD1440_comma,daily,60,250,long_only,price_slow,0.005,-0.011873613843673136,-1.153132984513857,-1.5115198136585326,-0.06490202805749268,-0.18294673061918865,34,0.17647058823529413,0.4580075905866592,-512.6161891323054,0.31114864864864866,0.36283783783783785,0.6280405405405406,0.1635135135135135,0.3653040540540541,False
GBPUSD1440_comma,daily,40,500,long_short,slow_slope,0.001,-0.02674442886778383,-0.8595391626004236,-1.1242090957957558,-0.06764570905582912,-0.39536031540021577,58,0.1724137931034483,0.2954158804104826,-569.8616534571643,0.6300675675675675,0.3030405405405405,0.1462837837837838,0.052364864864864864,0.3648986486486486,False
GBPUSD1440_comma,daily,40,250,long_only,slow_slope,0.0025,-0.011944396237124622,-1.1938739376149574,-1.5626328994263716,-0.06101074456555643,-0.19577529043741293,45,0.2222222222222222,0.3941802057431938,-372.1229471303266,0.2699324324324324,0.4574324324324324,0.625,0.11689189189189189,0.36486486486486486,False
GBPUSD1440_comma,daily,40,500,long_only,slow_slope,0.001,-0.011835701049892178,-1.2628412096773378,-1.6363554391144455,-0.05320581959447212,-0.22245124950808692,23,0.13043478260869565,0.08915902157587866,-843.3417703132546,0.20675675675675675,0.6202702702702703,0.6293918918918919,0.007432432432432433,0.3647635135135135,False
GBPUSD1440_comma,daily,5,75,long_only,none,0.0025,-0.020619611778942892,-1.0875445833186625,-1.3736415501956298,-0.05967931328215675,-0.3455068539655576,80,0.2375,0.5085418574982199,-360.8616197573247,0.37432432432432433,0.4847972972972973,0.2956081081081081,0.2304054054054054,0.3646114864864865,False
GBPUSD1440_comma,daily,20,200,long_only,fast_slope,0.001,-0.013045701444607039,-1.2866545018483184,-1.7172432910084394,-0.06300365856610582,-0.20706260146653221,128,0.3046875,0.6148425555361369,-148.32321801042167,0.1820945945945946,0.41047297297297297,0.5699324324324324,0.5003378378378378,0.3644932432432433,False
GBPUSD1440_comma,daily,40,250,long_only,combined,0.001,-0.010481386317257257,-1.3693602104837084,-1.8331224236806645,-0.06416506465863352,-0.16335035853263136,87,0.25287356321839083,0.6176267237374248,-176.46530578400697,0.12702702702702703,0.38141891891891894,0.7111486486486487,0.5070945945945946,0.36445945945945946,False
GBPUSD1440_comma,daily,5,200,long_short,slow_slope,0.001,-0.027923000183964652,-0.8450545389583685,-1.1198930541851924,-0.07378818120903032,-0.37842103879567357,126,0.2222222222222222,0.5517298644252541,-261.23210361422264,0.6469594594594594,0.1277027027027027,0.12263513513513513,0.3277027027027027,0.3643918918918919,False
GBPUSD1440_comma,daily,75,300,long_only,none,0.005,-0.013356391245259558,-1.0950727071506439,-1.412269295450839,-0.0630416587095169,-0.21186611391053467,13,0.38461538461538464,0.25985722121446214,-1491.7924675014851,0.3625,0.40945945945945944,0.5560810810810811,0.03783783783783784,0.3642567567567568,True
GBPUSD1440_comma,daily,60,100,long_only,fast_slope,0.005,-0.013788231435691967,-1.2229511606098578,-1.5277020124810032,-0.05666192227945621,-0.24334210490933406,53,0.3584905660377358,0.44946881486206763,-376.54910458433136,0.2418918918918919,0.5462837837837838,0.5344594594594595,0.15641891891891893,0.3636824324324324,False
GBPUSD1440_comma,daily,40,250,long_only,none,0.001,-0.01722785193982379,-1.0512623487824901,-1.3451864947955134,-0.06117817126013976,-0.2816012898876643,17,0.29411764705882354,0.25106998570093153,-1420.3621691265987,0.41486486486486485,0.4540540540540541,0.3939189189189189,0.03614864864864865,0.3636655405405406,True
GBPUSD1440_comma,daily,40,500,long_short,slow_slope,0.0,-0.027056267506295195,-0.861927464548254,-1.126076349317876,-0.06763627366102495,-0.4000259925893319,60,0.21666666666666667,0.29859504317518504,-556.807538065213,0.6280405405405406,0.3037162162162162,0.14121621621621622,0.05472972972972973,0.36359797297297297,False
GBPUSD1440_comma,daily,60,150,long_only,combined,0.001,-0.013485288630000425,-1.2504442059004721,-1.654268781088943,-0.06121545766002351,-0.22029221287366008,86,0.26744186046511625,0.5615364171359578,-227.6302656003839,0.21891891891891893,0.45304054054054055,0.55,0.3510135135135135,0.3634797297297298,False
GBPUSD1440_comma,daily,50,75,long_only,price_slow,0.001,-0.016279380707820534,-1.1303365732404909,-1.4364907200192176,-0.06498197166549165,-0.25052149527906087,94,0.24468085106382978,0.5691129517352639,-239.42573751439983,0.3314189189189189,0.3608108108108108,0.42364864864864865,0.3722972972972973,0.3633445945945946,False
GBPUSD1440_comma,daily,60,75,long_only,combined,0.001,-0.016278443187765168,-1.1916560445188318,-1.5039266738889008,-0.05846308761236277,-0.2784396762569017,91,0.26373626373626374,0.530104130035697,-252.7185753089089,0.27263513513513515,0.5114864864864865,0.4239864864864865,0.2773648648648649,0.3633277027027027,False
GBPUSD1440_comma,daily,20,300,long_only,combined,0.005,-0.009865170707412774,-1.468638175719935,-1.9806047592668694,-0.06174937368438976,-0.15976146993547058,107,0.34579439252336447,0.6090622225450549,-137.351063405664,0.0804054054054054,0.439527027027027,0.7439189189189189,0.4797297297297297,0.36278716216216217,False
GBPUSD1440_comma,daily,30,400,long_only,price_slow,0.001,-0.012066029377518217,-1.1045790737130625,-1.4544538123535384,-0.06501250313625907,-0.18559552079127217,35,0.17142857142857143,0.2923264431995417,-499.23209189353065,0.3530405405405405,0.3597972972972973,0.6202702702702703,0.05033783783783784,0.3627702702702703,False
GBPUSD1440_comma,daily,60,300,long_only,slow_slope,0.0,-0.011573802334287842,-1.1793483455703773,-1.5520365326501582,-0.06197366685201435,-0.18675355069637378,44,0.22727272727272727,0.3319577776183285,-387.71465589020823,0.28378378378378377,0.4331081081081081,0.6462837837837838,0.07702702702702703,0.3626013513513514,False
GBPUSD1440_comma,daily,50,100,long_only,combined,0.0025,-0.012643983656189905,-1.2264652261738245,-1.6334409058240582,-0.06197678495106423,-0.20401160960790998,86,0.26744186046511625,0.5289112405211103,-212.39681269353008,0.23885135135135135,0.43277027027027026,0.5871621621621622,0.2743243243243243,0.36231418918918923,False
GBPUSD1440_comma,daily,60,100,long_short,fast_slope,0.0025,-0.025334160551555462,-0.8744145015086543,-1.118700449974446,-0.07477831183063556,-0.338790217796498,134,0.3283582089552239,0.5663609052798834,-235.71236373895525,0.6121621621621621,0.11148648648648649,0.17263513513513515,0.3658783783783784,0.36214527027027027,False
GBPUSD1440_comma,daily,50,400,long_only,fast_slope,0.0025,-0.011479401013452128,-1.3580836487136474,-1.830886746836004,-0.060241419990876996,-0.1905566139574827,78,0.2564102564102564,0.5797616062528549,-214.05406267358507,0.13108108108108107,0.4760135135135135,0.6550675675675676,0.39797297297297296,0.36214527027027027,False
GBPUSD1440_comma,daily,50,300,long_only,slow_slope,0.005,-0.01075073640709312,-1.1960875555999508,-1.5773359549365968,-0.06315059310958483,-0.17023967436754606,35,0.3142857142857143,0.357364335470182,-455.5759110210031,0.2679054054054054,0.40506756756756757,0.6966216216216217,0.09391891891891892,0.36184121621621623,False
GBPUSD1440_comma,daily,30,75,long_only,price_slow,0.0,-0.018080945731276277,-1.0931978020375677,-1.3895360335189446,-0.0657000081452523,-0.2752046193251936,99,0.2222222222222222,0.565924736978531,-261.15586634000533,0.3655405405405405,0.3476351351351351,0.36858108108108106,0.3652027027027027,0.3616216216216216,False
GBPUSD1440_comma,daily,30,250,long_only,none,0.005,-0.014767352831623226,-1.0654008501792684,-1.3490585033389966,-0.06497166467481574,-0.22728912527536538,17,0.29411764705882354,0.3552367249098948,-1220.45681134759,0.39797297297297296,0.36114864864864865,0.4912162162162162,0.09256756756756757,0.36160472972972973,True
GBPUSD1440_comma,daily,100,200,long_short,combined,0.001,-0.025454649007037533,-0.9295640870888486,-1.2284296635347043,-0.07259220698766407,-0.3506526397711418,128,0.21875,0.5973774767865018,-248.53155468474415,0.5537162162162163,0.15675675675675677,0.16959459459459458,0.4466216216216216,0.3615878378378378,False
GBPUSD1440_comma,daily,5,50,long_only,none,0.005,-0.02045449586686754,-1.1343146157920532,-1.4467502304413518,-0.05678504865409758,-0.360209180967067,83,0.26506024096385544,0.5074236495231648,-339.8156588069505,0.3273648648648649,0.5445945945945946,0.30033783783783785,0.22905405405405405,0.36152027027027034,False
GBPUSD1440_comma,daily,40,50,long_only,combined,0.005,-0.006167691308882173,-2.2403978551198214,-2.9099045823965515,-0.05216296395074473,-0.11823889675260901,26,0.38461538461538464,0.4585818574146028,-363.2035961130828,0.0006756756756756757,0.6378378378378379,0.885472972972973,0.16418918918918918,0.36145270270270274,False
GBPUSD1440_comma,daily,30,300,long_short,combined,0.0,-0.024136023811147433,-0.9785025716981144,-1.321392449481964,-0.07298270653585322,-0.33070880701430905,181,0.2596685082872928,0.6417910615228013,-172.3614121718406,0.49594594594594593,0.1472972972972973,0.1972972972972973,0.5780405405405405,0.36136824324324324,False
GBPUSD1440_comma,daily,30,400,long_only,slow_slope,0.0025,-0.012500920528236037,-1.196883373468,-1.5665952959327498,-0.05945946268115539,-0.21024274294691836,48,0.20833333333333334,0.35072822113298563,-380.33908227634987,0.2652027027027027,0.4902027027027027,0.595945945945946,0.0891891891891892,0.3611993243243243,False
GBPUSD1440_comma,daily,75,300,long_only,price_slow,0.0025,-0.012084561729395538,-1.2227316134373623,-1.616013755252991,-0.06106794462302604,-0.19788715346478158,35,0.17142857142857143,0.4684327890076091,-506.03206148158165,0.24222972972972973,0.4560810810810811,0.6189189189189189,0.17533783783783785,0.36099662162162166,False
GBPUSD1440_comma,daily,30,500,long_only,combined,0.005,-0.008052910438934746,-1.560699975096436,-2.063616229319197,-0.05773435397558301,-0.13948212605514698,64,0.234375,0.5248435861216486,-204.26599509868117,0.06013513513513514,0.5293918918918918,0.8253378378378379,0.2635135135135135,0.3609966216216216,False
GBPUSD1440_comma,daily,50,300,long_short,combined,0.001,-0.024093638261258654,-0.9653543222785513,-1.3159261358180727,-0.07295739655807054,-0.33024257166415316,169,0.26627218934911245,0.624705001173843,-182.63815091996617,0.5128378378378379,0.14831081081081082,0.19864864864864865,0.5263513513513514,0.3608952702702703,False
GBPUSD1440_comma,daily,100,500,long_only,combined,0.001,-0.010603350305487647,-1.6250597169993728,-2.1244223862863123,-0.04872383716969277,-0.2176214132839921,50,0.14,0.47432106664143836,-310.3047947775526,0.041891891891891894,0.7016891891891892,0.7050675675675676,0.1831081081081081,0.36065878378378374,False
GBPUSD1440_comma,daily,40,300,long_only,fast_slope,0.001,-0.011643882304772646,-1.315795194695242,-1.750619462192755,-0.062196056400009025,-0.18721254977784985,86,0.26744186046511625,0.5829558567183445,-196.58034680355757,0.15945945945945947,0.4277027027027027,0.6425675675675676,0.40709459459459457,0.36028716216216217,False
GBPUSD1440_comma,daily,40,400,long_only,slow_slope,0.0,-0.01287741522362873,-1.1692006917217277,-1.5357111750673489,-0.06132807005153706,-0.20997587585598554,47,0.19148936170212766,0.3632591553799412,-399.0325860913945,0.2945945945945946,0.4506756756756757,0.5743243243243243,0.09898648648648649,0.36021959459459457,False
GBPUSD1440_comma,daily,20,500,long_only,fast_slope,0.001,-0.010873327076131312,-1.4556170660568257,-1.9480854154046603,-0.05953775852135965,-0.18262909699951868,108,0.3425925925925926,0.5964278976164605,-148.87532805896586,0.08344594594594594,0.48783783783783785,0.6908783783783784,0.4435810810810811,0.36005067567567567,False
GBPUSD1440_comma,daily,50,500,long_only,slow_slope,0.0025,-0.012106911148010102,-1.2767927047438261,-1.6488841500471025,-0.052606920430679105,-0.23013913471638303,21,0.19047619047619047,0.11116892972536005,-940.5152143418861,0.19324324324324324,0.6304054054054054,0.6172297297297298,0.010472972972972974,0.3599155405405405,False
GBPUSD1440_comma,daily,40,400,long_only,slow_slope,0.005,-0.01265328056098547,-1.2115411500146298,-1.5845037613142618,-0.05810977823736018,-0.21774787212748936,45,0.2,0.3322039090978921,-406.6305301052793,0.25135135135135134,0.5212837837837838,0.5864864864864865,0.07736486486486487,0.35976351351351354,False
GBPUSD1440_comma,daily,50,500,long_short,slow_slope,0.001,-0.026336553784108818,-0.8583225853225374,-1.1247701099763165,-0.06866486700797755,-0.38355209777147037,57,0.19298245614035087,0.28905690523830896,-573.5091079091366,0.6314189189189189,0.27635135135135136,0.15304054054054053,0.04831081081081081,0.3595101351351351,False
GBPUSD1440_comma,daily,40,150,long_only,fast_slope,0.0025,-0.01591819364989111,-1.1854873386028746,-1.4832480443353266,-0.06201112310355528,-0.2566990058107571,98,0.2755102040816326,0.5604416148286147,-224.02793921157163,0.27804054054054056,0.43175675675675673,0.43817567567567567,0.34864864864864864,0.3590878378378379,False
GBPUSD1440_comma,daily,20,200,long_only,fast_slope,0.0,-0.013190116091508108,-1.2848049507106247,-1.7151025221316367,-0.06353266576284335,-0.2076115638015973,130,0.3076923076923077,0.6117103961183668,-147.50173792081074,0.1847972972972973,0.3983108108108108,0.5635135135135135,0.4858108108108108,0.359070945945946,False
GBPUSD1440_comma,daily,10,500,long_only,slow_slope,0.0025,-0.012034335763056903,-1.2762523802092673,-1.6630203401647468,-0.05327590367291867,-0.22588703209879524,26,0.19230769230769232,0.162164708045108,-707.1156999266648,0.1939189189189189,0.6179054054054054,0.6206081081081081,0.01891891891891892,0.35900337837837837,False
GBPUSD1440_comma,daily,10,75,long_only,fast_slope,0.001,-0.018273382847322495,-1.2679255199004031,-1.6106314935238275,-0.060430377822993785,-0.30238736717561054,191,0.2670157068062827,0.6446162700960504,-134.02213932765954,0.20236486486486485,0.4706081081081081,0.36114864864864865,0.5837837837837838,0.3583952702702703,False
GBPUSD1440_comma,daily,100,400,long_only,combined,0.0025,-0.010654481510800284,-1.4617168510703074,-1.9140072093637412,-0.052693092789113306,-0.20219882619988405,58,0.13793103448275862,0.47424275075055355,-272.0748267355397,0.08141891891891892,0.6293918918918919,0.702027027027027,0.18243243243243243,0.35768581081081086,False
GBPUSD1440_comma,daily,50,400,long_only,price_slow,0.005,-0.013419054308930978,-1.176038955070309,-1.5522789432375474,-0.05847721302910964,-0.22947492901638533,35,0.14285714285714285,0.2399010657822291,-556.4383949546753,0.28614864864864864,0.5108108108108108,0.5527027027027027,0.03310810810810811,0.35766891891891894,False
GBPUSD1440_comma,daily,60,75,long_only,price_slow,0.001,-0.016867331226182558,-1.183811032662093,-1.4937004216704928,-0.059049899143572164,-0.2856453858654666,89,0.25842696629213485,0.525640870384351,-266.66454345503683,0.2797297297297297,0.4983108108108108,0.4043918918918919,0.2665540540540541,0.35733108108108114,False
GBPUSD1440_comma,daily,30,300,long_only,slow_slope,0.005,-0.010990274920922527,-1.1857180688050626,-1.561287136462181,-0.0644388565635637,-0.17055353721370758,41,0.21951219512195122,0.3699759567130093,-396.85097436427395,0.2777027027027027,0.37432432432432433,0.6854729729729729,0.10304054054054054,0.35721283783783786,False
GBPUSD1440_comma,daily,10,300,long_only,combined,0.0025,-0.012142654205046566,-1.5750744883649084,-2.1464142392767416,-0.061269352068641196,-0.19818479868112404,146,0.2808219178082192,0.6730051093641571,-121.84020464195618,0.05202702702702703,0.4516891891891892,0.6158783783783783,0.6648648648648648,0.3566385135135135,False
GBPUSD1440_comma,daily,60,500,long_short,slow_slope,0.001,-0.02715493464156482,-0.869776718948377,-1.1391958148661754,-0.06800345058822906,-0.3993170112203859,58,0.15517241379310345,0.2818596231140316,-574.0695792964057,0.6195945945945946,0.29493243243243245,0.13885135135135135,0.04594594594594595,0.35623310810810815,False
GBPUSD1440_comma,daily,60,400,long_only,slow_slope,0.0,-0.013033512397665703,-1.1860709328802916,-1.5566382690084148,-0.06027762505592909,-0.21622471664357135,43,0.16279069767441862,0.33235349093873556,-440.93663558171323,0.2773648648648649,0.475,0.5702702702702702,0.0777027027027027,0.3554054054054054,False
GBPUSD1440_comma,daily,75,300,long_only,none,0.0025,-0.016654255815128582,-1.099966079682806,-1.4207570893053527,-0.058906520740464555,-0.28272346772109225,14,0.21428571428571427,0.22933103711414554,-1686.1604670077136,0.3570945945945946,0.5010135135135135,0.41385135135135137,0.03006756756756757,0.35537162162162167,True
GBPUSD1440_comma,daily,20,500,long_only,slow_slope,0.0,-0.012582480295625142,-1.278101400374698,-1.6522615622586583,-0.0525683998597802,-0.23935444733313882,27,0.14814814814814814,0.1383856619211858,-754.3693762826255,0.1918918918918919,0.6317567567567568,0.591554054054054,0.014864864864864866,0.3552364864864865,False
GBPUSD1440_comma,daily,20,50,long_only,price_slow,0.0,-0.02014378043163878,-1.142586950475758,-1.5361998754858937,-0.061056592529861266,-0.3299198267867136,115,0.25217391304347825,0.5566657294957231,-248.98896042997717,0.3206081081081081,0.4564189189189189,0.31013513513513513,0.33885135135135136,0.35520270270270266,False
GBPUSD1440_comma,daily,40,50,long_only,price_slow,0.005,-0.006496559418788128,-2.249851687155894,-2.9162416374560562,-0.052858173378004546,-0.12290548468879725,26,0.38461538461538464,0.44570279929856543,-381.6365861364857,0.00033783783783783786,0.6270270270270271,0.8766891891891891,0.15304054054054053,0.35518581081081085,False
GBPUSD1440_comma,daily,50,250,long_only,slow_slope,0.0,-0.012535564307701863,-1.198579961090297,-1.5697215600288819,-0.06161328922173685,-0.20345552828040514,50,0.18,0.4204994749388683,-352.79471995479884,0.26385135135135135,0.4435810810810811,0.5935810810810811,0.13243243243243244,0.35501689189189195,False
GBPUSD1440_comma,daily,10,300,long_only,combined,0.005,-0.012184236204464516,-1.5911276390265168,-2.1664904334254045,-0.06043806243166951,-0.20159872296104553,142,0.28169014084507044,0.6625471180036453,-125.66292720457061,0.048986486486486486,0.4702702702702703,0.6135135135135135,0.6337837837837837,0.35493243243243244,False
GBPUSD1440_comma,daily,20,200,long_short,fast_slope,0.0025,-0.02608952657001329,-1.0013528322547498,-1.3175042796542151,-0.07281030868666485,-0.3583218783247868,233,0.3261802575107296,0.6639237151323666,-142.42284814215935,0.47195945945945944,0.15371621621621623,0.15743243243243243,0.6405405405405405,0.35478040540540545,False
GBPUSD1440_comma,daily,30,150,long_only,fast_slope,0.005,-0.012900754263662773,-1.2546526699499947,-1.6738957919778432,-0.06617044764114614,-0.19496247529751964,102,0.21568627450980393,0.6049003180395472,-176.5819747269449,0.2152027027027027,0.33614864864864863,0.5736486486486486,0.46587837837837837,0.3547297297297297,False
GBPUSD1440_comma,daily,100,500,long_only,combined,0.0025,-0.010713171577412806,-1.6373822675984264,-2.13515748118935,-0.04938670716391602,-0.2169241926143295,49,0.14285714285714285,0.4627069980338755,-319.7034301501961,0.039527027027027026,0.6939189189189189,0.6983108108108108,0.17027027027027028,0.3544932432432433,False
GBPUSD1440_comma,daily,75,400,long_only,slow_slope,0.005,-0.012944682869102775,-1.2384394655193556,-1.6200273623270138,-0.05597033417783395,-0.231277569792129,38,0.15789473684210525,0.29340210137161504,-496.11368050315355,0.22939189189189188,0.5604729729729729,0.5726351351351351,0.05101351351351351,0.3540540540540541,False
GBPUSD1440_comma,daily,5,75,long_only,price_slow,0.001,-0.021667015397286327,-1.0912749551443703,-1.3823823337040104,-0.06032470706716439,-0.3591731555888482,108,0.25925925925925924,0.5149985620460592,-275.4021586099938,0.3689189189189189,0.4726351351351351,0.26047297297297295,0.24155405405405406,0.35405405405405405,False
GBPUSD1440_comma,daily,5,500,long_only,slow_slope,0.001,-0.012176041121407466,-1.2741817247608453,-1.6573317769980371,-0.054121680044202924,-0.22497529846565922,30,0.16666666666666666,0.18974584547017231,-630.4124221287764,0.19594594594594594,0.5976351351351351,0.6141891891891892,0.02195945945945946,0.3539189189189189,False
GBPUSD1440_comma,daily,10,500,long_only,slow_slope,0.0,-0.012443470911487786,-1.2710764098809295,-1.6489729461672678,-0.053847860944998556,-0.23108570504217119,29,0.20689655172413793,0.17166737153610695,-663.4906006634928,0.19966216216216215,0.6054054054054054,0.5976351351351351,0.019932432432432434,0.3537331081081081,False
GBPUSD1440_comma,daily,20,250,long_short,fast_slope,0.0,-0.02655691250981762,-1.0027219848950917,-1.3168837921148138,-0.07284529762776752,-0.3645659139938022,244,0.3237704918032787,0.6671528478433287,-137.3428901787428,0.4706081081081081,0.1527027027027027,0.14831081081081082,0.6506756756756756,0.3536824324324324,False
GBPUSD1440_comma,daily,20,50,long_short,fast_slope,0.001,-0.03129228555966879,-0.9594921904765354,-1.2904667262835672,-0.07254049379191382,-0.43137679279427477,276,0.34057971014492755,0.6464902769936681,-139.06824369517204,0.5199324324324325,0.15844594594594594,0.08175675675675675,0.5925675675675676,0.352820945945946,False
GBPUSD1440_comma,daily,60,200,long_short,slow_slope,0.0,-0.029217847876948255,-0.8454854456977455,-1.1469163396031128,-0.07485733690444799,-0.3903137499299971,107,0.22429906542056074,0.5430241678255129,-332.97099763839293,0.6462837837837838,0.10878378378378378,0.10540540540540541,0.30675675675675673,0.3528040540540541,False
GBPUSD1440_comma,daily,100,200,long_only,none,0.001,-0.01756832092477245,-1.0545904582225396,-1.3607517121981234,-0.062046687706588374,-0.2831467975833136,14,0.21428571428571427,0.20095038934016812,-1766.9190400863588,0.4114864864864865,0.43074324324324326,0.38344594594594594,0.023986486486486488,0.35256756756756763,True
GBPUSD1440_comma,daily,10,75,long_only,combined,0.005,-0.012883731667274745,-1.4181153988454962,-1.9261960639860731,-0.06377784470119281,-0.2020095180016923,161,0.30434782608695654,0.6734557438793155,-116.59591096585369,0.09898648648648649,0.39222972972972975,0.5739864864864865,0.6658783783783784,0.3523310810810811,False
GBPUSD1440_comma,daily,10,500,long_only,slow_slope,0.001,-0.012466081174768329,-1.274137736747228,-1.6547693431817139,-0.05373964217080402,-0.23197179346945807,28,0.21428571428571427,0.14902327729221757,-685.9759242437264,0.19628378378378378,0.6081081081081081,0.5969594594594595,0.01587837837837838,0.3523141891891892,False
GBPUSD1440_comma,daily,30,75,long_short,fast_slope,0.005,-0.02504808705453232,-0.9859690914254464,-1.3139482699062808,-0.0745056536908349,-0.3361904206420451,177,0.2768361581920904,0.6522073371264824,-176.79851249692695,0.4888513513513513,0.1152027027027027,0.17905405405405406,0.6114864864864865,0.35187500000000005,False
GBPUSD1440_comma,daily,60,500,long_only,slow_slope,0.0,-0.012813045129790868,-1.2876666972818245,-1.66190177684083,-0.05164098857207858,-0.2481177352348105,21,0.14285714285714285,0.1271278073577504,-984.0750676345652,0.18141891891891893,0.6466216216216216,0.5773648648648648,0.013513513513513514,0.35172297297297295,False
GBPUSD1440_comma,daily,20,50,long_short,price_slow,0.001,-0.034352604139438414,-0.9271835026633668,-1.2542082392613971,-0.07224986719410756,-0.47546944338522035,211,0.23696682464454977,0.6168511757559332,-200.40144170158905,0.5560810810810811,0.16689189189189188,0.058445945945945946,0.5057432432432433,0.35170608108108115,False
GBPUSD1440_comma,daily,20,100,long_only,fast_slope,0.0,-0.017882378933468335,-1.1917624328175163,-1.5151085989165916,-0.06237216482685077,-0.28670447760008,143,0.32867132867132864,0.5853753282144712,-175.67618367037895,0.2719594594594595,0.4233108108108108,0.37398648648648647,0.41486486486486485,0.3516385135135135,False
GBPUSD1440_comma,daily,50,250,long_only,price_slow,0.001,-0.013461634914370801,-1.123545574146768,-1.474786344700768,-0.06699849890711804,-0.20092442568053737,44,0.1590909090909091,0.47329555719265526,-427.4164567307982,0.3368243243243243,0.31554054054054054,0.5513513513513514,0.18006756756756756,0.3508952702702703,False
GBPUSD1440_comma,daily,30,500,long_only,combined,0.0,-0.008893056344116856,-1.5690788830219524,-2.0709734165303373,-0.0564063607314779,-0.1576605231890813,71,0.22535211267605634,0.502374941565592,-200.64745387875496,0.05675675675675676,0.5513513513513514,0.7851351351351351,0.2206081081081081,0.3506587837837838,False
GBPUSD1440_comma,daily,50,300,long_short,fast_slope,0.005,-0.025049624595165354,-0.9586783245891716,-1.298756299507622,-0.07352731147106298,-0.34068462580770076,152,0.2565789473684211,0.6109930843238972,-208.87661483347702,0.5216216216216216,0.13344594594594594,0.17871621621621622,0.48412162162162165,0.3503716216216216,False
GBPUSD1440_comma,daily,60,500,long_only,combined,0.001,-0.009472148974520311,-1.5881167887940562,-2.0886218542364867,-0.0537515047202304,-0.17622109415953313,54,0.2777777777777778,0.46838259120395265,-267.5441847536013,0.04966216216216216,0.6077702702702703,0.7591216216216217,0.175,0.3498817567567568,False
GBPUSD1440_comma,daily,60,400,long_only,slow_slope,0.001,-0.01331477793118263,-1.1968202133472705,-1.5689701610696678,-0.05958710390264003,-0.2234506639714825,41,0.17073170731707318,0.32429434239780763,-471.4576721126983,0.26554054054054055,0.4871621621621622,0.5574324324324325,0.06925675675675676,0.34988175675675676,False
GBPUSD1440_comma,daily,60,300,long_only,combined,0.001,-0.010096671552666137,-1.389326481915164,-1.8604142262664969,-0.06209031245057461,-0.162612671029854,66,0.3484848484848485,0.5536850167040702,-228.02536537870353,0.11587837837837837,0.4300675675675676,0.7297297297297297,0.3327702702702703,0.34972972972972977,False
GBPUSD1440_comma,daily,50,75,long_short,fast_slope,0.0,-0.030527589323553483,-0.9045039073859598,-1.2136500940658128,-0.07695895110239724,-0.39667366675690774,208,0.2548076923076923,0.6292688718659147,-177.8936388742436,0.5780405405405405,0.07567567567567568,0.0902027027027027,0.5422297297297297,0.3495101351351352,False
GBPUSD1440_comma,daily,30,150,long_short,combined,0.0025,-0.026171796477032272,-0.9771655650447566,-1.2998801199795722,-0.07434870125205385,-0.35201417154962455,204,0.2647058823529412,0.6471442676414538,-158.63879812946632,0.497972972972973,0.1195945945945946,0.15608108108108107,0.5942567567567567,0.3494425675675676,False
GBPUSD1440_comma,daily,30,500,long_only,combined,0.001,-0.008835750402310438,-1.5691070032178613,-2.0712885264480447,-0.05698797979949931,-0.15504586113417673,71,0.2112676056338028,0.5029041928194213,-199.52728410447148,0.05641891891891892,0.5418918918918919,0.7905405405405406,0.22162162162162163,0.3493918918918919,False
GBPUSD1440_comma,daily,60,75,long_short,combined,0.0025,-0.02370636630248979,-0.9807749304631465,-1.235744240836664,-0.0721224172154167,-0.32869622535921295,118,0.2711864406779661,0.5983389231543619,-262.76260203468183,0.49324324324324326,0.17297297297297298,0.20608108108108109,0.44932432432432434,0.3491554054054054,False
GBPUSD1440_comma,daily,60,200,long_only,fast_slope,0.005,-0.01209251723153637,-1.2783333291804841,-1.699139787549098,-0.06291450774198641,-0.19220554472313467,72,0.2916666666666667,0.5412812207741666,-246.13536130956157,0.19155405405405404,0.4141891891891892,0.6175675675675676,0.30236486486486486,0.34903716216216213,False
GBPUSD1440_comma,daily,20,200,long_only,fast_slope,0.005,-0.01264821506783631,-1.3297094957509095,-1.764872689018332,-0.06305000746135417,-0.20060608360100352,117,0.3247863247863248,0.6042582978502238,-157.78339102990594,0.1489864864864865,0.40912162162162163,0.5868243243243243,0.46385135135135136,0.34881756756756754,False
GBPUSD1440_comma,daily,50,500,long_short,slow_slope,0.0025,-0.02721401315803018,-0.8727989433334346,-1.1430998166879023,-0.06881110988432973,-0.3954886529773529,56,0.17857142857142858,0.2737970158597778,-597.5318677651784,0.6158783783783783,0.27364864864864863,0.13783783783783785,0.041891891891891894,0.34861486486486487,False
GBPUSD1440_comma,daily,10,400,long_only,fast_slope,0.001,-0.014650999603434411,-1.5210331217196538,-2.0567185203389817,-0.05945863229258319,-0.24640660302006245,156,0.27564102564102566,0.669627902787767,-135.07985384857383,0.06959459459459459,0.4908783783783784,0.49493243243243246,0.658445945945946,0.34831081081081083,False
GBPUSD1440_comma,daily,60,500,long_short,slow_slope,0.0,-0.027277118062393968,-0.8688801914873204,-1.1379172725513256,-0.06940199928438454,-0.39303072452743193,58,0.1724137931034483,0.2982685970679788,-578.1753686633368,0.620945945945946,0.25844594594594594,0.1358108108108108,0.053716216216216216,0.3482094594594595,False
GBPUSD1440_comma,daily,30,400,long_only,slow_slope,0.005,-0.012940604627324936,-1.2204492164841594,-1.5960510159872685,-0.05883274743119963,-0.21995581019665922,48,0.20833333333333334,0.32673888186043254,-392.45577565867575,0.24324324324324326,0.5023648648648649,0.572972972972973,0.07128378378378378,0.3481756756756757,False
GBPUSD1440_comma,daily,75,250,long_only,combined,0.0025,-0.010176036906515806,-1.4086132827334423,-1.8608766009009026,-0.06582718681160667,-0.1545871455154083,71,0.29577464788732394,0.6163382698602954,-213.02753916977818,0.10371621621621621,0.34459459459459457,0.7239864864864864,0.5037162162162162,0.34798986486486483,False
GBPUSD1440_comma,daily,100,500,long_only,combined,0.0,-0.011068095048631932,-1.6387173424372117,-2.142707960805832,-0.04973947000765791,-0.22252137079321277,51,0.13725490196078433,0.45922764855886267,-316.65233822037726,0.03885135135135135,0.6875,0.6783783783783783,0.16486486486486487,0.347820945945946,False
GBPUSD1440_comma,daily,20,400,long_only,slow_slope,0.0025,-0.012780030475082804,-1.2051518393093847,-1.5824304042788255,-0.060744911580930386,-0.21038849415487226,48,0.22916666666666666,0.34504725509043366,-388.04011791015955,0.2577702702702703,0.46418918918918917,0.5790540540540541,0.08445945945945946,0.34763513513513516,False
GBPUSD1440_comma,daily,75,400,long_only,slow_slope,0.0025,-0.013384313463125186,-1.222971493097583,-1.6015420525673472,-0.05768672117067448,-0.2320172336286156,37,0.16216216216216217,0.2879899356528329,-525.1315939208504,0.24155405405405406,0.5307432432432433,0.5543918918918919,0.047635135135135134,0.34733108108108113,False
GBPUSD1440_comma,daily,40,500,long_only,slow_slope,0.0,-0.012598333726309363,-1.2754652463170288,-1.647811857482174,-0.0539392260937718,-0.23356534082279046,24,0.20833333333333334,0.07998644017747444,-849.5195649092606,0.19425675675675674,0.6023648648648648,0.5898648648648649,0.006418918918918919,0.34722972972972976,False
GBPUSD1440_comma,daily,20,300,long_only,none,0.001,-0.015447831061439543,-1.090100851976036,-1.3770907771544965,-0.06315939800088749,-0.24458483694259525,18,0.2222222222222222,0.2618011453427773,-1235.4288882800483,0.3706081081081081,0.4047297297297297,0.4591216216216216,0.038175675675675674,0.3469763513513514,True
GBPUSD1440_comma,daily,5,50,long_only,none,0.0,-0.025668120087980584,-1.0714302309649064,-1.3712024685057767,-0.05848935558439445,-0.4388511350743809,91,0.23076923076923078,0.48553654356777765,-377.5989859185911,0.3935810810810811,0.5097972972972973,0.16385135135135134,0.1945945945945946,0.34684121621621616,False
GBPUSD1440_comma,daily,30,50,long_only,combined,0.001,-0.016284959213831107,-1.2730031664908708,-1.7123389452161886,-0.059783200468638886,-0.2724002577007212,119,0.226890756302521,0.5863349174120158,-197.13301711495265,0.19695945945945945,0.4831081081081081,0.4233108108108108,0.4172297297297297,0.3468074324324324,False
GBPUSD1440_comma,daily,50,250,long_only,none,0.0025,-0.016264253538482487,-1.0509363591125567,-1.3512356751189603,-0.06497000262223787,-0.2503348142534255,15,0.26666666666666666,0.24315009603138205,-1510.3916597766824,0.41621621621621624,0.3614864864864865,0.4243243243243243,0.033783783783783786,0.3467905405405406,True
GBPUSD1440_comma,daily,50,500,long_only,slow_slope,0.0,-0.012693236409367703,-1.2809012349345352,-1.6566374868532738,-0.05350332993611176,-0.23724198894769122,22,0.13636363636363635,0.08188354638077994,-932.3210377958768,0.18885135135135134,0.6131756756756757,0.5837837837837838,0.006756756756756757,0.3466047297297298,False
GBPUSD1440_comma,daily,20,250,long_short,fast_slope,0.0025,-0.0262160379914399,-1.0147005114163252,-1.3359735972644988,-0.0729675555368514,-0.35928348974497026,229,0.314410480349345,0.6626553763688092,-145.45259398406745,0.4574324324324324,0.14763513513513513,0.15574324324324323,0.6344594594594595,0.3461993243243244,False
GBPUSD1440_comma,daily,10,500,long_only,slow_slope,0.005,-0.011962674457468236,-1.288361633325137,-1.675432597913948,-0.05486977132824729,-0.21801939698097084,27,0.18518518518518517,0.20178607096356369,-677.3637661227641,0.1804054054054054,0.581418918918919,0.6239864864864865,0.024324324324324326,0.3459628378378379,False
GBPUSD1440_comma,daily,50,100,long_short,fast_slope,0.005,-0.02430639702411641,-0.9384670869332543,-1.2380276631033873,-0.0744073387314851,-0.3266666627042163,142,0.2605633802816901,0.5804068168710629,-214.01112676453366,0.543918918918919,0.11824324324324324,0.19358108108108107,0.40033783783783783,0.3458952702702703,False
GBPUSD1440_comma,daily,40,200,long_only,fast_slope,0.0025,-0.013612227553084555,-1.2831145657394858,-1.705805847226151,-0.06294961144463115,-0.21624005678029512,92,0.2391304347826087,0.579413308607464,-213.4372824269549,0.18716216216216217,0.4125,0.5412162162162162,0.3972972972972973,0.3458277027027027,False
GBPUSD1440_comma,daily,100,400,long_only,combined,0.0,-0.011178443440268526,-1.4685772074343282,-1.921096116736967,-0.05368797177598431,-0.20821131941640725,61,0.14754098360655737,0.4626443244170313,-270.37098638902853,0.08074324324324324,0.6101351351351352,0.6736486486486486,0.16993243243243245,0.34505067567567566,False
GBPUSD1440_comma,daily,5,200,long_short,slow_slope,0.005,-0.028627724334771454,-0.8729278310962854,-1.1498894596515672,-0.07448457747119834,-0.3843443207533963,114,0.18421052631578946,0.5476798235158353,-294.7343652158315,0.6155405405405405,0.11587837837837837,0.11047297297297297,0.31655405405405407,0.3447635135135136,False
GBPUSD1440_comma,daily,60,300,long_only,slow_slope,0.001,-0.01191039785821324,-1.1963625995416072,-1.572544429883581,-0.06262564471826,-0.1901840358178457,40,0.25,0.30134228270287106,-437.7783456614573,0.2668918918918919,0.4168918918918919,0.6266891891891891,0.05540540540540541,0.3446283783783784,False
GBPUSD1440_comma,daily,20,200,long_short,slow_slope,0.001,-0.02946487462462455,-0.849950153474142,-1.133228059958883,-0.07477606801162433,-0.3940415083077661,108,0.19444444444444445,0.5263720843537338,-330.0561686976292,0.6391891891891892,0.11182432432432432,0.10168918918918919,0.2682432432432432,0.3442060810810811,False
GBPUSD1440_comma,daily,5,75,long_short,price_slow,0.0,-0.03697867124706011,-0.8786519417965126,-1.1718407472417607,-0.08000835904774888,-0.46218509774699035,220,0.22272727272727272,0.6305307035953485,-195.99642201182306,0.6081081081081081,0.04121621621621622,0.043243243243243246,0.5445945945945946,0.3438851351351352,False
GBPUSD1440_comma,daily,20,150,long_short,combined,0.0,-0.026440712151311496,-0.9987913289894393,-1.3307119776906884,-0.07460624712360975,-0.3544034604435172,248,0.31048387096774194,0.6594252126069661,-133.40396376303758,0.475,0.11418918918918919,0.15101351351351353,0.6283783783783784,0.34300675675675674,False
GBPUSD1440_comma,daily,60,250,long_only,combined,0.005,-0.009591684898870634,-1.4251648539454667,-1.9153417284268708,-0.06452770634487737,-0.1486444419333074,65,0.3076923076923077,0.5823819033980884,-220.2770628749788,0.09628378378378379,0.37195945945945946,0.7530405405405406,0.40574324324324323,0.342972972972973,False
GBPUSD1440_comma,daily,60,250,long_short,fast_slope,0.0025,-0.024224783604595568,-0.9466910552032786,-1.2438664104832355,-0.07339442231863676,-0.3300630053251916,130,0.26153846153846155,0.5677690919247188,-236.33952794148567,0.5358108108108108,0.13648648648648648,0.19493243243243244,0.36925675675675673,0.34282094594594603,False
GBPUSD1440_comma,daily,40,75,long_short,price_slow,0.0,-0.031563482780346375,-0.8885054017789252,-1.149787135622567,-0.07790783258874007,-0.4051387611687738,186,0.23655913978494625,0.6111267229944779,-203.1268465516141,0.5949324324324324,0.06317567567567567,0.08108108108108109,0.48445945945945945,0.342652027027027,False
GBPUSD1440_comma,daily,60,400,long_only,slow_slope,0.0025,-0.013171010824796547,-1.2032975861953559,-1.5790207174554816,-0.060654031541809136,-0.21714980010385132,40,0.175,0.3111588115263228,-473.68151686989603,0.26013513513513514,0.46621621621621623,0.5648648648648649,0.06013513513513514,0.34260135135135134,False
GBPUSD1440_comma,daily,40,300,long_only,fast_slope,0.0025,-0.011927500867957574,-1.3387877532771981,-1.7821201204930248,-0.062377172167459166,-0.19121579984319803,85,0.25882352941176473,0.5654380569616354,-197.91555539079806,0.14290540540540542,0.422972972972973,0.6260135135135135,0.36283783783783785,0.3425337837837838,False
GBPUSD1440_comma,daily,75,250,long_only,combined,0.001,-0.010312903691361508,-1.3850003287144892,-1.8528988617362965,-0.0673477046261207,-0.15312925286189583,73,0.2876712328767123,0.612246335896618,-209.76609981081737,0.11824324324324324,0.30945945945945946,0.7189189189189189,0.4902027027027027,0.34197635135135135,False
GBPUSD1440_comma,daily,50,250,long_short,combined,0.005,-0.024770695566316614,-0.9914492493243012,-1.354233878491432,-0.07347399746934252,-0.3371355366454961,164,0.25609756097560976,0.62243405599111,-191.2701509244214,0.4831081081081081,0.13513513513513514,0.1837837837837838,0.5199324324324325,0.3417736486486487,False
GBPUSD1440_comma,daily,60,300,long_short,fast_slope,0.0,-0.024708003868551764,-0.9448043935041363,-1.23890961228113,-0.07302921805915792,-0.3383303905641827,138,0.2753623188405797,0.5624659454298844,-223.88122742752472,0.5381756756756757,0.14493243243243242,0.18513513513513513,0.3547297297297297,0.34173986486486485,False
GBPUSD1440_comma,daily,10,75,long_only,combined,0.001,-0.01672940575159354,-1.3105002537594224,-1.6620617229359331,-0.06356350534691486,-0.2631919945303256,186,0.2956989247311828,0.6605031564654121,-127.41826875816211,0.16418918918918918,0.39628378378378376,0.41081081081081083,0.6304054054054054,0.3414695945945946,False
GBPUSD1440_comma,daily,30,500,long_only,combined,0.0025,-0.008752962087882232,-1.572166198950869,-2.0766804501463816,-0.05867872549079932,-0.14916755629354417,67,0.23880597014925373,0.5053628476402365,-209.7226457932765,0.05405405405405406,0.5060810810810811,0.7945945945945946,0.22702702702702704,0.34111486486486486,False
GBPUSD1440_comma,daily,50,400,long_short,fast_slope,0.0025,-0.027202979497600643,-0.9705676276061332,-1.3031203543839114,-0.07295860882804414,-0.3728549644047523,165,0.2606060606060606,0.611749890833817,-205.32545061175261,0.5084459459459459,0.14797297297297296,0.13817567567567568,0.4864864864864865,0.3409797297297298,False
GBPUSD1440_comma,daily,75,500,long_short,slow_slope,0.0025,-0.02624862249944615,-0.8711062482980073,-1.1511225725058982,-0.07054244210899079,-0.3720968783429842,54,0.16666666666666666,0.2801892369072176,-597.0610867024227,0.6179054054054054,0.22466216216216217,0.15472972972972973,0.0445945945945946,0.3409628378378379,False
GBPUSD1440_comma,daily,60,300,long_only,combined,0.0025,-0.01021073293268926,-1.4073029225915414,-1.8828273875487074,-0.06220051364382586,-0.16415833784200262,64,0.359375,0.5472216375937093,-237.60120593045312,0.10506756756756756,0.42736486486486486,0.722972972972973,0.3158783783783784,0.34084459459459465,False
GBPUSD1440_comma,daily,40,200,long_only,fast_slope,0.005,-0.013349564598869601,-1.3150976456607242,-1.7558293292985026,-0.06258065935938008,-0.21331773643047536,91,0.25274725274725274,0.5820608829324385,-213.01494004337053,0.16013513513513514,0.4185810810810811,0.5564189189189189,0.4047297297297297,0.34069256756756755,False
GBPUSD1440_comma,daily,20,200,long_short,fast_slope,0.0,-0.027398106702926306,-1.0043758799435976,-1.320812918960675,-0.0736495080742005,-0.3720066490508427,247,0.3157894736842105,0.6580241467708109,-139.36970065753465,0.4689189189189189,0.1293918918918919,0.13344594594594594,0.6253378378378378,0.3404054054054054,False
GBPUSD1440_comma,daily,60,400,long_only,slow_slope,0.005,-0.013389740349494916,-1.233926993228441,-1.6169837263293143,-0.05861529381658126,-0.22843424433551485,40,0.175,0.3042598820419693,-485.9243553094426,0.23243243243243245,0.5084459459459459,0.5537162162162163,0.05777027027027027,0.33949324324324326,False
GBPUSD1440_comma,daily,50,75,long_short,combined,0.0,-0.029163934105876477,-0.9342030267461676,-1.2406497713394171,-0.07616144862570146,-0.38292252356180645,207,0.2463768115942029,0.6192948410376291,-171.45241985919463,0.5489864864864865,0.08581081081081081,0.10641891891891891,0.5128378378378379,0.3392567567567568,False
GBPUSD1440_comma,daily,30,75,long_only,price_slow,0.0025,-0.01844903902603734,-1.1663884661595392,-1.469205298009347,-0.061985762943631555,-0.297633491142385,84,0.25,0.5287395760573816,-309.0357494150604,0.297972972972973,0.4320945945945946,0.3547297297297297,0.2733108108108108,0.3391554054054054,False
GBPUSD1440_comma,daily,60,500,long_short,fast_slope,0.0,-0.023457420118582095,-0.9664241407899421,-1.2506357352011026,-0.07329716449758966,-0.3200317540162618,126,0.25396825396825395,0.5725945600638274,-242.1443407898668,0.5121621621621621,0.13851351351351351,0.21216216216216216,0.3810810810810811,0.3390878378378378,False
GBPUSD1440_comma,daily,20,400,long_only,combined,0.0025,-0.009807713956393349,-1.5105931543295334,-2.0315698283273833,-0.0646312176669098,-0.15174886549313382,104,0.3173076923076923,0.6020316936319219,-140.54964833969612,0.07263513513513513,0.3679054054054054,0.7462837837837838,0.45675675675675675,0.3388006756756756,False
GBPUSD1440_comma,daily,20,400,long_short,fast_slope,0.005,-0.025342123069858058,-1.0521542137677726,-1.3814589084640432,-0.07040913742842059,-0.3599266230980517,214,0.32710280373831774,0.6326843151939254,-150.75869004356753,0.4135135135135135,0.22702702702702704,0.17229729729729729,0.5476351351351352,0.3387668918918919,False
GBPUSD1440_comma,daily,50,400,long_short,fast_slope,0.005,-0.026749722484600502,-0.9807688406251606,-1.3281518755146782,-0.07304133690124053,-0.36622717517847336,164,0.25,0.6168156242178781,-204.49222584884922,0.49358108108108106,0.1445945945945946,0.14594594594594595,0.5054054054054054,0.3385810810810811,False
GBPUSD1440_comma,daily,20,200,long_short,fast_slope,0.001,-0.027345381827118986,-1.0090259737089393,-1.3255312296309572,-0.0736158340363423,-0.37146059927296693,243,0.3168724279835391,0.656364714862923,-141.61825436836745,0.46452702702702703,0.13074324324324324,0.1347972972972973,0.6199324324324325,0.33844594594594596,False
GBPUSD1440_comma,daily,20,75,long_short,price_slow,0.001,-0.03288686049773493,-0.8959418301206544,-1.2030783693785856,-0.07680759528157173,-0.4281719845175962,184,0.24456521739130435,0.6030149800212782,-212.39440283815392,0.5891891891891892,0.07871621621621622,0.07094594594594594,0.4591216216216216,0.3384121621621622,False
GBPUSD1440_comma,daily,50,100,long_only,combined,0.001,-0.01351590153377813,-1.2233025030841065,-1.6224368244872915,-0.064734136040112,-0.20879094648614926,89,0.2808988764044944,0.5288572911931275,-218.15411906833504,0.24121621621621622,0.3655405405405405,0.5462837837837838,0.2739864864864865,0.3382263513513514,False
GBPUSD1440_comma,daily,75,300,long_only,slow_slope,0.005,-0.011941322663189036,-1.270956724897976,-1.662018563136837,-0.058801207511451285,-0.20307954833858666,35,0.2857142857142857,0.2870710725632393,-500.5605421205258,0.2,0.5037162162162162,0.6256756756756757,0.0472972972972973,0.33815878378378383,False
GBPUSD1440_comma,daily,60,75,long_only,combined,0.0025,-0.014280404931368285,-1.2853145646105388,-1.609076267860727,-0.05936596987097834,-0.24054866723148416,71,0.23943661971830985,0.5228366877880787,-289.94777540411366,0.1837837837837838,0.4939189189189189,0.5108108108108108,0.2594594594594595,0.3380743243243243,False
GBPUSD1440_comma,daily,75,500,long_only,none,0.005,-0.016044189146976473,-1.1626210217776993,-1.4629556350628352,-0.058184769775786564,-0.2757455122500668,6,0.0,0.0,-4040.736354336661,0.3030405405405405,0.5192567567567568,0.43445945945945946,0.0006756756756756757,0.33802364864864864,True
GBPUSD1440_comma,daily,30,75,long_short,price_slow,0.0,-0.03359802639330478,-0.8949501523197619,-1.162214743235204,-0.07689068344783266,-0.4369583529076021,187,0.21390374331550802,0.6052176063961546,-215.07239045069306,0.589527027027027,0.07736486486486487,0.06283783783783783,0.4685810810810811,0.33800675675675673,False
GBPUSD1440_comma,daily,100,200,long_only,fast_slope,0.001,-0.01292293941112177,-1.2248966966880974,-1.6065704370724048,-0.06365230481740608,-0.2030239038192364,59,0.15254237288135594,0.4827269651718936,-319.0449943042275,0.23952702702702702,0.3935810810810811,0.5733108108108108,0.1918918918918919,0.337652027027027,False
GBPUSD1440_comma,daily,50,300,long_only,none,0.005,-0.015551264368449447,-1.1324499141694466,-1.4319297851339645,-0.06174428395350081,-0.2518656525381523,14,0.5,0.22360143442660607,-1581.8472164835694,0.3293918918918919,0.4402027027027027,0.4574324324324324,0.02837837837837838,0.33755067567567565,True
GBPUSD1440_comma,daily,20,250,long_short,fast_slope,0.005,-0.025775912123779943,-1.0256665903554343,-1.3501444170925705,-0.07309255664423764,-0.35264756504877337,220,0.33181818181818185,0.6502710525431475,-149.1939818154961,0.44594594594594594,0.14324324324324325,0.16148648648648647,0.606081081081081,0.33739864864864866,False
GBPUSD1440_comma,daily,5,75,long_only,price_slow,0.0025,-0.02138615133293864,-1.1198146600228025,-1.413709309840916,-0.06032305798012876,-0.3545269760691431,88,0.2727272727272727,0.48203537354838116,-338.139869770366,0.3402027027027027,0.47297297297297297,0.27094594594594595,0.19054054054054054,0.3370945945945946,False
GBPUSD1440_comma,daily,10,75,long_only,fast_slope,0.0,-0.019162774719890474,-1.2708886285881977,-1.6131056593609656,-0.06293339897956217,-0.30449292475230283,198,0.2676767676767677,0.6413338378991773,-134.70505916380006,0.20033783783783785,0.4131756756756757,0.33614864864864863,0.5756756756756757,0.33701013513513517,False
GBPUSD1440_comma,daily,50,250,long_only,price_slow,0.0025,-0.013640109694413205,-1.143981434285749,-1.4966446034338554,-0.06711362760675604,-0.20323904668565573,39,0.15384615384615385,0.4376914877288693,-494.37907421347063,0.3195945945945946,0.31486486486486487,0.5402027027027027,0.14662162162162162,0.33658783783783786,False
GBPUSD1440_comma,daily,10,75,long_only,combined,0.0,-0.016670565937108694,-1.3030774111655412,-1.6546434242163817,-0.0652750937614485,-0.25538938324672833,189,0.30158730158730157,0.665204642265284,-125.00825161450021,0.16891891891891891,0.3554054054054054,0.4135135135135135,0.643581081081081,0.3356587837837838,False
GBPUSD1440_comma,daily,30,400,long_only,slow_slope,0.0,-0.014074813164170141,-1.2095695485365168,-1.587157919631571,-0.060686298345749914,-0.2319273633066442,49,0.20408163265306123,0.3517335919400396,-414.70025132067815,0.25304054054054054,0.46587837837837837,0.5195945945945946,0.0902027027027027,0.33513513513513515,False
GBPUSD1440_comma,daily,60,500,long_only,combined,0.0,-0.00967366569040573,-1.5757956182209427,-2.073522686978869,-0.05689084544249218,-0.17003905663845875,55,0.2727272727272727,0.47798725487030325,-267.74580983222694,0.05168918918918919,0.543918918918919,0.7510135135135135,0.18783783783783783,0.33503378378378385,False
GBPUSD1440_comma,daily,30,100,long_only,combined,0.005,-0.012726286058579617,-1.3385812741439878,-1.7753221342136114,-0.06174337509884694,-0.20611581466360884,88,0.2840909090909091,0.5578438529861334,-208.81013826040206,0.14324324324324325,0.44054054054054054,0.581418918918919,0.34155405405405403,0.33494932432432434,False
GBPUSD1440_comma,daily,60,300,long_only,fast_slope,0.005,-0.01075246188578971,-1.33774838585066,-1.776269835327162,-0.06457002096874447,-0.16652405751880595,64,0.3125,0.5400343479279419,-248.65576663155477,0.14425675675675675,0.3712837837837838,0.6962837837837837,0.30067567567567566,0.33488175675675674,False
GBPUSD1440_comma,daily,75,300,long_only,slow_slope,0.001,-0.01226287328136244,-1.217850697161913,-1.597526463741645,-0.06251663693740724,-0.19615375813705793,40,0.225,0.31270977865834104,-443.9708090943539,0.24662162162162163,0.4209459459459459,0.6084459459459459,0.061824324324324324,0.334847972972973,False
GBPUSD1440_comma,daily,20,500,long_only,fast_slope,0.0,-0.012024095181946581,-1.472130797712098,-1.9591407750445804,-0.060617701466876506,-0.19835947076477223,110,0.33636363636363636,0.584422772769632,-160.2757493611556,0.07972972972972973,0.4668918918918919,0.6216216216216216,0.4101351351351351,0.33445945945945943,False
GBPUSD1440_comma,daily,5,50,long_short,price_slow,0.001,-0.03961131336541457,-0.9228842719239293,-1.2394931742379682,-0.07399392818933885,-0.5353319432380375,229,0.2314410480349345,0.6102588167575185,-203.29292786610492,0.5625,0.12331081081081081,0.027702702702702704,0.4831081081081081,0.33383445945945944,False
GBPUSD1440_comma,daily,5,200,long_short,slow_slope,0.0,-0.029983733169584914,-0.8691430593303519,-1.1505715636436957,-0.07510679209489285,-0.39921466931648864,125,0.224,0.5288359311074124,-280.77675693066044,0.6202702702702703,0.10270270270270271,0.09493243243243243,0.27364864864864863,0.3338175675675676,False
GBPUSD1440_comma,daily,60,500,long_short,fast_slope,0.001,-0.02352608038331161,-0.9720925258301913,-1.2576419079046541,-0.07333614951178599,-0.3207978676263974,126,0.25396825396825395,0.5654412875874095,-242.81375580286485,0.5064189189189189,0.13817567567567568,0.21013513513513513,0.36317567567567566,0.33361486486486486,False
GBPUSD1440_comma,daily,75,400,long_only,slow_slope,0.0,-0.01448678584050489,-1.2308620398872265,-1.6116022813030273,-0.057983684406302895,-0.24984245117976944,39,0.1794871794871795,0.29007134311432686,-534.9050529450551,0.23479729729729729,0.5243243243243243,0.5006756756756757,0.04932432432432433,0.3325337837837838,False
GBPUSD1440_comma,daily,10,400,long_only,slow_slope,0.005,-0.013199453854020549,-1.230681847511084,-1.620263470857949,-0.06166087939016351,-0.21406528717341322,51,0.21568627450980393,0.36517276153675565,-376.0482077667753,0.23513513513513515,0.4429054054054054,0.5625,0.10101351351351351,0.3324324324324324,False
GBPUSD1440_comma,daily,10,400,long_only,slow_slope,0.0025,-0.01311798955506549,-1.21735367263269,-1.602967401960524,-0.06255886565806518,-0.20969033592721964,52,0.19230769230769232,0.3633492354534409,-366.75801085031856,0.2472972972972973,0.41993243243243245,0.5668918918918919,0.09932432432432432,0.33217905405405407,False
GBPUSD1440_comma,daily,50,300,long_only,combined,0.001,-0.011165048811469958,-1.4088638745829896,-1.9015543161014106,-0.0645749920773551,-0.17290050609832397,83,0.26506024096385544,0.589048757268615,-198.8892352414598,0.10304054054054054,0.37027027027027026,0.6743243243243243,0.4226351351351351,0.33204391891891893,False
GBPUSD1440_comma,daily,5,50,long_only,price_slow,0.005,-0.021412773152515663,-1.1677622753712742,-1.4856852986509714,-0.05937713122986919,-0.36062323505693616,87,0.27586206896551724,0.5140939209517703,-337.04104248641005,0.2962837837837838,0.4929054054054054,0.2702702702702703,0.2391891891891892,0.3316722972972973,False
GBPUSD1440_comma,daily,10,300,long_only,combined,0.001,-0.013171856928101855,-1.6010465178615247,-2.180569346352923,-0.062285903482819205,-0.2114741248272195,149,0.2751677852348993,0.6570143993479808,-128.53184340205942,0.0472972972972973,0.425,0.5645270270270271,0.6233108108108109,0.33157094594594594,False
GBPUSD1440_comma,daily,20,50,long_short,slow_slope,0.001,-0.03529924608780299,-0.9191084324638542,-1.2667808463077,-0.07586007846338565,-0.4653204531661591,202,0.2623762376237624,0.6108904340680521,-213.07863941625212,0.5655405405405406,0.08885135135135135,0.05202702702702703,0.4837837837837838,0.33140202702702704,False
GBPUSD1440_comma,daily,50,400,long_short,fast_slope,0.0,-0.028140858185465856,-0.9746725983407414,-1.3044364524291752,-0.07357486540148467,-0.3824792343405089,166,0.26506024096385544,0.6120169127610626,-207.82330896626115,0.5027027027027027,0.13243243243243244,0.11790540540540541,0.48817567567567566,0.33099662162162163,False
GBPUSD1440_comma,daily,75,200,long_only,combined,0.005,-0.012110602128888148,-1.3312065263854018,-1.7653465112295799,-0.06293098176002554,-0.1924426060135127,65,0.27692307692307694,0.5397984900307001,-273.01372299473996,0.14662162162162162,0.4135135135135135,0.6168918918918919,0.30033783783783785,0.3304560810810811,False
GBPUSD1440_comma,daily,50,150,long_only,fast_slope,0.005,-0.014423068909438008,-1.2507446541303286,-1.6672172497881708,-0.06295701757783967,-0.2290939034970234,88,0.26136363636363635,0.5240711451312436,-236.12752074900428,0.21824324324324323,0.41216216216216217,0.5043918918918919,0.2611486486486487,0.33038851351351356,False
GBPUSD1440_comma,daily,40,250,long_short,combined,0.0025,-0.025072317653891285,-1.0158847882018707,-1.3316138061136844,-0.07359762230780595,-0.3406674953306481,164,0.23780487804878048,0.6262349782786665,-190.2712487708888,0.45472972972972975,0.13175675675675674,0.1783783783783784,0.5320945945945946,0.330320945945946,False
GBPUSD1440_comma,daily,40,250,long_short,fast_slope,0.0,-0.02767164586781401,-0.9721696660463715,-1.2735661147582145,-0.07513460030231489,-0.3682943112290896,170,0.2529411764705882,0.6185400901714887,-205.56827498193357,0.5057432432432433,0.10135135135135136,0.1277027027027027,0.5108108108108108,0.3297972972972973,False
GBPUSD1440_comma,daily,5,75,long_short,price_slow,0.0025,-0.034775590185525895,-0.8851524665328414,-1.1565386560368942,-0.07853527991219268,-0.442802142227126,170,0.2529411764705882,0.5920840754490279,-245.44483803968825,0.5976351351351351,0.058445945945945946,0.05641891891891892,0.4314189189189189,0.32966216216216215,False
GBPUSD1440_comma,daily,40,75,long_only,combined,0.0,-0.017517219936465933,-1.1973063581302608,-1.5105960146493156,-0.06389742389543321,-0.2741459493755569,120,0.25,0.5513796438440849,-205.83979484312752,0.2648648648648649,0.3885135135135135,0.38682432432432434,0.3266891891891892,0.32944256756756757,False
GBPUSD1440_comma,daily,40,300,long_short,fast_slope,0.001,-0.027826292776668482,-0.9984670926777163,-1.2980897313416089,-0.0723207204841637,-0.38476238331671064,167,0.25748502994011974,0.6119183920404989,-209.9196090899326,0.4756756756756757,0.16452702702702704,0.12432432432432433,0.4871621621621622,0.32934121621621626,False
GBPUSD1440_comma,daily,50,500,long_short,slow_slope,0.0,-0.028368994451765217,-0.8835111645027828,-1.156850268106461,-0.06996330557802671,-0.40548390641901044,59,0.15254237288135594,0.2649369594473864,-588.3010073421699,0.6006756756756757,0.24121621621621622,0.11452702702702702,0.03885135135135135,0.3293074324324325,False
GBPUSD1440_comma,daily,20,400,long_only,fast_slope,0.005,-0.010358681935961345,-1.4396917590006075,-1.9342063839988723,-0.06684376823001943,-0.15496855144843968,101,0.32673267326732675,0.6044252947273135,-152.2347427583945,0.08986486486486486,0.3202702702702703,0.7172297297297298,0.4648648648648649,0.3291891891891892,False
GBPUSD1440_comma,daily,75,200,long_only,combined,0.0025,-0.012786275152823712,-1.3255382478393907,-1.7604356949418472,-0.06353337286170709,-0.2012528939814916,68,0.2647058823529412,0.5621165001020332,-274.16570132570035,0.15202702702702703,0.39797297297297296,0.5787162162162162,0.3533783783783784,0.3290540540540541,False
GBPUSD1440_comma,daily,10,75,long_only,combined,0.0025,-0.014246711642808552,-1.3784007529225069,-1.8734329116522672,-0.06800085728945515,-0.20950782402882706,178,0.29213483146067415,0.6848906482536624,-115.45862712800512,0.12263513513513513,0.29527027027027025,0.5125,0.6902027027027027,0.328902027027027,False
GBPUSD1440_comma,daily,40,75,long_only,combined,0.001,-0.017655460226714936,-1.2096724254531,-1.5259705470962779,-0.06262105811231157,-0.28194126319375934,116,0.25862068965517243,0.5460436093867017,-215.0573968561661,0.2527027027027027,0.4172297297297297,0.38175675675675674,0.31385135135135134,0.3288175675675675,False
GBPUSD1440_comma,daily,75,400,long_only,slow_slope,0.001,-0.01456070602577264,-1.2374389556603105,-1.6166737622127323,-0.05815898091430331,-0.2503604051664471,39,0.15384615384615385,0.27357757770726565,-537.3439857810029,0.23006756756756758,0.5195945945945946,0.49898648648648647,0.04155405405405405,0.3279560810810811,False
GBPUSD1440_comma,daily,40,500,long_only,fast_slope,0.0,-0.01096615914301291,-1.393490621202021,-1.8637243816670952,-0.06525933085941621,-0.16803971169481602,78,0.23076923076923078,0.5697094462820089,-212.14028963183387,0.11283783783783784,0.35574324324324325,0.6871621621621622,0.372972972972973,0.32744932432432433,False
GBPUSD1440_comma,daily,30,75,long_short,combined,0.005,-0.025768410229284888,-1.0260524801984916,-1.3652448908542,-0.073573677242974,-0.35023953124139473,193,0.2694300518134715,0.6346892141908766,-165.80285830171024,0.4456081081081081,0.13277027027027027,0.16182432432432434,0.5574324324324325,0.32741554054054056,False
GBPUSD1440_comma,daily,20,500,long_only,fast_slope,0.0025,-0.011385102504709588,-1.4882924716180634,-1.9881532411873195,-0.06219204481329487,-0.183063646466176,107,0.3364485981308411,0.5745072548514106,-156.74778066488105,0.07533783783783783,0.4280405405405405,0.6614864864864864,0.38513513513513514,0.32721283783783783,False
GBPUSD1440_comma,daily,30,50,long_short,fast_slope,0.005,-0.024585144980849072,-1.0742971521430285,-1.4245043034056242,-0.07035397850128405,-0.34944924941807465,148,0.3108108108108108,0.6202830122317042,-211.7484860472438,0.3878378378378378,0.2287162162162162,0.18682432432432433,0.5158783783783784,0.3270608108108108,False
GBPUSD1440_comma,daily,20,200,long_short,slow_slope,0.0,-0.031111135081598018,-0.8669970813685984,-1.157571586522217,-0.07582297462504219,-0.41031277439915803,110,0.2,0.5225085011394335,-339.6215008931256,0.6229729729729729,0.0891891891891892,0.0831081081081081,0.2577702702702703,0.32677364864864866,False
GBPUSD1440_comma,daily,60,250,long_short,combined,0.0,-0.024188646403667358,-0.9980159875675894,-1.3193230763986323,-0.0730687292345356,-0.3310396479734412,146,0.2602739726027397,0.5824150656299744,-211.1105995851466,0.4766891891891892,0.14391891891891892,0.19594594594594594,0.4060810810810811,0.32675675675675675,False
GBPUSD1440_comma,daily,40,75,long_short,price_slow,0.001,-0.031806920954838724,-0.9179879092420065,-1.1821165935100082,-0.07809324053067178,-0.40729416193641355,174,0.23563218390804597,0.6009914369385294,-220.91690117991843,0.5682432432432433,0.061824324324324324,0.07804054054054053,0.4557432432432432,0.326722972972973,False
GBPUSD1440_comma,daily,30,50,long_short,slow_slope,0.005,-0.025620198432736108,-1.035184342836892,-1.3700564076662705,-0.07080033219907142,-0.361865511600977,115,0.28695652173913044,0.5921471809542148,-280.4730283519226,0.4337837837837838,0.21858108108108107,0.1652027027027027,0.43243243243243246,0.3260641891891892,False
GBPUSD1440_comma,daily,60,300,long_only,combined,0.0,-0.010628252793603576,-1.3994366995379675,-1.872753441731575,-0.06415229717828623,-0.16567220911928537,70,0.32857142857142857,0.5424118778924314,-225.40200766379104,0.11013513513513513,0.3820945945945946,0.7030405405405405,0.3054054054054054,0.32599662162162163,False
GBPUSD1440_comma,daily,5,75,long_short,price_slow,0.001,-0.03697436269439702,-0.8918073953507507,-1.1816323621530307,-0.07948978704864075,-0.46514607809644737,204,0.24019607843137256,0.6014030558695196,-211.9338745357612,0.591554054054054,0.047972972972972976,0.04358108108108108,0.4564189189189189,0.32579391891891896,False
GBPUSD1440_comma,daily,40,250,long_only,slow_slope,0.005,-0.012789158095510511,-1.2621721937826484,-1.6610002626135218,-0.06180039197461927,-0.20694299318947484,44,0.22727272727272727,0.396867771404561,-419.96499003077975,0.20743243243243242,0.43716216216216214,0.5783783783783784,0.11891891891891893,0.325777027027027,False
GBPUSD1440_comma,daily,60,500,long_short,combined,0.0025,-0.02129054273943165,-1.024122303023736,-1.328305846583336,-0.07159585977970907,-0.29737114415470134,118,0.23728813559322035,0.5357621558253219,-234.56430031304686,0.44797297297297295,0.1902027027027027,0.275,0.2925675675675676,0.325625,False
GBPUSD1440_comma,daily,50,300,long_short,fast_slope,0.001,-0.027997468720362018,-0.976060821426054,-1.3168483545598364,-0.07501632350438608,-0.3732183531858243,173,0.2543352601156069,0.6150769987228087,-198.31954624635736,0.49932432432432433,0.10540540540540541,0.12128378378378378,0.5010135135135135,0.32548986486486486,False
GBPUSD1440_comma,daily,40,250,long_only,combined,0.0025,-0.011691476503588483,-1.4157116449807354,-1.8881642653178816,-0.06509560107059427,-0.179604709247702,84,0.25,0.5984167063620638,-195.27603877902567,0.10033783783783784,0.35912162162162165,0.6391891891891892,0.45,0.3252533783783784,False
GBPUSD1440_comma,daily,5,500,long_only,slow_slope,0.005,-0.012442904496449025,-1.3104767070422563,-1.704150527896369,-0.05725416510498181,-0.21732749877032687,30,0.2,0.2481995367708411,-617.4165702181393,0.16452702702702704,0.5364864864864864,0.597972972972973,0.03581081081081081,0.32489864864864865,False
GBPUSD1440_comma,daily,40,300,long_only,fast_slope,0.0,-0.012795702644790463,-1.3293472217882045,-1.7653013525167516,-0.06355352678529967,-0.201337412603673,87,0.26436781609195403,0.5539895242170582,-213.49889295408832,0.14932432432432433,0.3969594594594595,0.5777027027027027,0.33344594594594595,0.324527027027027,False
GBPUSD1440_comma,daily,40,50,long_short,fast_slope,0.0025,-0.02717065382113526,-1.0812482963041952,-1.4241740528848916,-0.06698836093040358,-0.405602606837384,139,0.37410071942446044,0.5921996624749309,-245.81800241256263,0.38006756756756754,0.3158783783783784,0.13851351351351351,0.43277027027027026,0.3236148648648649,False
GBPUSD1440_comma,daily,50,75,long_short,price_slow,0.0025,-0.029317341312884992,-0.9576266319438731,-1.2253019470401891,-0.07606213008252034,-0.3854393938360443,155,0.24516129032258063,0.6089177078517355,-228.92787530921427,0.5219594594594594,0.08682432432432433,0.10405405405405406,0.47905405405405405,0.32315878378378377,False
GBPUSD1440_comma,daily,50,100,long_short,combined,0.005,-0.025458511424443997,-0.9759961973662129,-1.2836377750173518,-0.07238955582031892,-0.3516876313985903,138,0.2463768115942029,0.551032477142066,-229.44533379193138,0.49966216216216214,0.1625,0.16925675675675675,0.325,0.3230912162162162,False
GBPUSD1440_comma,daily,60,250,long_only,none,0.0025,-0.018573387769284855,-1.093895125314063,-1.4102041548753128,-0.06259206112350454,-0.2967371170704296,16,0.1875,0.19257103035680392,-1611.0092974105492,0.3641891891891892,0.4179054054054054,0.3472972972972973,0.0222972972972973,0.3229560810810811,True
GBPUSD1440_comma,daily,60,75,long_short,combined,0.0,-0.03110875808879343,-0.9370347910568054,-1.2002044671315497,-0.07789889013273334,-0.39934789874138965,200,0.28,0.6081670992070317,-184.6556686403635,0.5459459459459459,0.06351351351351352,0.08344594594594594,0.47736486486486485,0.32255067567567564,False
GBPUSD1440_comma,daily,60,300,long_short,combined,0.005,-0.023264572216179835,-1.0130457245434996,-1.33832628144277,-0.0715546866719794,-0.3251299572148105,125,0.296,0.5475604706252496,-241.93975073197942,0.45878378378378376,0.19054054054054054,0.21621621621621623,0.3162162162162162,0.32182432432432434,False
GBPUSD1440_comma,daily,40,250,long_only,combined,0.005,-0.011701749905796976,-1.4750604503862579,-1.9763804083154641,-0.06258511742257845,-0.18697336344016202,81,0.24691358024691357,0.5748328940085322,-210.20701878708405,0.07905405405405405,0.41824324324324325,0.6381756756756757,0.3861486486486487,0.3217398648648649,False
GBPUSD1440_comma,daily,40,250,long_short,combined,0.001,-0.025624908648238853,-1.0197898771586078,-1.3384395696462057,-0.07392501201387192,-0.346633811076424,170,0.23529411764705882,0.6198084206653913,-190.4643997992981,0.4510135135135135,0.12432432432432433,0.16486486486486487,0.514527027027027,0.3216385135135135,False
GBPUSD1440_comma,daily,40,250,long_only,combined,0.0,-0.011743624003288322,-1.3995573363090772,-1.8710689475894742,-0.06513435188606569,-0.18029847021170187,91,0.23076923076923078,0.5833383410833191,-191.3397754226062,0.1097972972972973,0.3581081081081081,0.6351351351351351,0.40743243243243243,0.32158783783783784,False
GBPUSD1440_comma,daily,40,500,long_short,fast_slope,0.0,-0.026219143525088473,-1.017903031076771,-1.3181583377127253,-0.07288743377084894,-0.35972104063258603,158,0.24050632911392406,0.607816041307786,-214.06628054915066,0.45304054054054055,0.15067567567567566,0.1554054054054054,0.47635135135135137,0.32141891891891894,False
GBPUSD1440_comma,daily,75,500,long_only,slow_slope,0.001,-0.013530683230322804,-1.3401346186549024,-1.7290525881275782,-0.0533680161114115,-0.2535354359449308,17,0.058823529411764705,0.09128660665690984,-1269.7183853243278,0.14189189189189189,0.6168918918918919,0.5459459459459459,0.007770270270270271,0.32133445945945943,True
GBPUSD1440_comma,daily,60,150,long_short,combined,0.0,-0.02921727958731679,-0.9721320264356631,-1.2660220238106574,-0.07347751350987076,-0.3976356601042552,165,0.28484848484848485,0.588499140862466,-218.50086060902032,0.5060810810810811,0.1347972972972973,0.10574324324324325,0.4209459459459459,0.3204222972972973,False
GBPUSD1440_comma,daily,60,250,long_only,combined,0.0025,-0.010578985526396134,-1.4251888666589316,-1.9164108631298817,-0.06490957478010137,-0.1629803547817913,68,0.29411764705882354,0.5545361063876891,-227.4360753222032,0.09594594594594595,0.3625,0.7057432432432432,0.3344594594594595,0.32032094594594596,False
GBPUSD1440_comma,daily,20,200,long_only,fast_slope,0.0025,-0.013992077146494641,-1.3306388319154625,-1.771296136337374,-0.06422112396296391,-0.21787343919056634,123,0.2926829268292683,0.5841061707860854,-164.40611511271658,0.14797297297297296,0.38074324324324327,0.522972972972973,0.40878378378378377,0.3202871621621622,False
GBPUSD1440_comma,daily,60,250,long_only,combined,0.0,-0.011221879147824243,-1.4194043988727856,-1.902634013142022,-0.06473300305626689,-0.1733563811039327,74,0.28378378378378377,0.5645985080824166,-221.62264087604018,0.09763513513513514,0.3658783783783784,0.6712837837837838,0.3608108108108108,0.318902027027027,False
GBPUSD1440_comma,daily,20,300,long_only,fast_slope,0.005,-0.011847867714464555,-1.4173200071118541,-1.8896498587489656,-0.06496573603856722,-0.18237102258690663,110,0.33636363636363636,0.5868442930558788,-158.13135817808308,0.09966216216216216,0.3618243243243243,0.6287162162162162,0.41824324324324325,0.31880067567567566,False
GBPUSD1440_comma,daily,40,250,long_short,fast_slope,0.0025,-0.02766675555712894,-0.9859991710507867,-1.2892462584774877,-0.07513171367509607,-0.3682433715910256,163,0.24539877300613497,0.6096331681081519,-209.65638299861152,0.4885135135135135,0.10168918918918919,0.12804054054054054,0.4814189189189189,0.31864864864864867,False
GBPUSD1440_comma,daily,60,300,long_short,combined,0.0025,-0.02423588893881068,-1.0135396721308214,-1.3358054097745287,-0.0710348707697871,-0.3411829806427804,129,0.2868217054263566,0.5360650928948805,-243.00566860551336,0.4581081081081081,0.20912162162162162,0.19425675675675674,0.2935810810810811,0.31841216216216217,False
GBPUSD1440_comma,daily,5,200,long_short,slow_slope,0.0025,-0.030785789717069134,-0.8906476045492361,-1.1776387095535965,-0.07561661208635638,-0.4071299793478034,128,0.203125,0.5271314315304906,-279.104268382244,0.5929054054054054,0.0929054054054054,0.08716216216216216,0.2695945945945946,0.3182601351351351,False
GBPUSD1440_comma,daily,5,50,long_short,price_slow,0.0025,-0.038665069643183614,-0.9320322098139601,-1.238998946158576,-0.07666917512219723,-0.5043104948182665,205,0.25365853658536586,0.6053982267395325,-222.58930725781934,0.5513513513513514,0.08074324324324324,0.033783783783783786,0.46959459459459457,0.3179222972972973,False
GBPUSD1440_comma,daily,50,250,long_short,combined,0.0025,-0.026910048799636765,-1.012199416642244,-1.3776081430061642,-0.07433422158828441,-0.36201426778481227,173,0.2543352601156069,0.6142284765410865,-191.9338204424868,0.46047297297297296,0.11993243243243243,0.14324324324324325,0.49932432432432433,0.31771959459459465,False
GBPUSD1440_comma,daily,30,400,long_only,slow_slope,0.001,-0.014009754489525461,-1.2149004868689621,-1.5912158488587835,-0.06306647408232922,-0.22214266285501594,49,0.20408163265306123,0.3301274089592529,-412.9789853688446,0.25,0.4077702702702703,0.5222972972972973,0.07466216216216216,0.3176013513513513,False
GBPUSD1440_comma,daily,60,200,long_only,fast_slope,0.0,-0.014418892381955484,-1.2489393004998737,-1.6602848520589246,-0.06467573315086544,-0.22294130548657787,79,0.27848101265822783,0.5160555537772172,-263.3599897473569,0.2195945945945946,0.3668918918918919,0.5050675675675675,0.2435810810810811,0.3171114864864865,False
GBPUSD1440_comma,daily,40,50,long_only,price_slow,0.0025,-0.015064210402048972,-1.5513512349737524,-2.0649354291948603,-0.054840171735365865,-0.2746929837262748,79,0.31645569620253167,0.5598990702483599,-273.43625705058264,0.06114864864864865,0.5827702702702703,0.475,0.34628378378378377,0.31709459459459455,False
GBPUSD1440_comma,daily,40,500,long_only,fast_slope,0.001,-0.011186941019538321,-1.4073056355356364,-1.8816346530031798,-0.06541597277746354,-0.17101237732250518,77,0.22077922077922077,0.5591530239111293,-218.76789012021817,0.10472972972972973,0.3530405405405405,0.6733108108108108,0.34459459459459457,0.3165033783783784,False
GBPUSD1440_comma,daily,75,500,long_short,slow_slope,0.005,-0.02769477732680592,-0.8984584001133312,-1.1872588848808476,-0.07108691049527603,-0.3895903920124132,53,0.1320754716981132,0.2480106250861345,-636.426916777848,0.5864864864864865,0.20472972972972972,0.12635135135135134,0.03547297297297297,0.3163682432432433,False
GBPUSD1440_comma,daily,30,200,long_short,slow_slope,0.005,-0.02952256298799827,-0.8893460680548615,-1.1593792025482796,-0.07481287748014268,-0.39461873386482615,89,0.23595505617977527,0.4945196710039996,-386.945947917425,0.5942567567567567,0.1097972972972973,0.10033783783783784,0.20574324324324325,0.3160810810810811,False
GBPUSD1440_comma,daily,100,200,long_only,price_slow,0.001,-0.014474561239839256,-1.2043100130361397,-1.571477585433728,-0.06494486538236083,-0.22287460532284942,45,0.15555555555555556,0.4325560625444462,-463.234588003983,0.2591216216216216,0.3621621621621622,0.5016891891891891,0.14121621621621622,0.3157094594594595,False
GBPUSD1440_comma,daily,75,300,long_only,price_slow,0.0,-0.013757548767176608,-1.2155307262310597,-1.5953167004516988,-0.06594637848585767,-0.2086171990494814,39,0.1794871794871795,0.44525913473516837,-505.6808145782296,0.24932432432432433,0.34256756756756757,0.5358108108108108,0.1527027027027027,0.31543918918918923,False
GBPUSD1440_comma,daily,40,250,long_only,fast_slope,0.0,-0.014041652076852373,-1.2890066881085522,-1.7152430702034493,-0.06476932302868553,-0.2167947945145806,94,0.24468085106382978,0.5493983904456106,-217.42314397576752,0.1793918918918919,0.36452702702702705,0.5209459459459459,0.3206081081081081,0.3151689189189189,False
GBPUSD1440_comma,daily,50,150,long_short,fast_slope,0.005,-0.02830642881226686,-0.9775897527444285,-1.2708943937378125,-0.07350762404139176,-0.38508153652643784,163,0.26380368098159507,0.5786861581646721,-215.1039493595528,0.49763513513513513,0.1341216216216216,0.11621621621621622,0.39425675675675675,0.31496621621621623,False
GBPUSD1440_comma,daily,50,75,long_short,fast_slope,0.0025,-0.029030572147594302,-0.9728956146706338,-1.2853707468171158,-0.07589256793848012,-0.38252193773607723,170,0.27058823529411763,0.6021245710623216,-207.29655666940658,0.5050675675675675,0.08851351351351351,0.10743243243243243,0.4574324324324324,0.31425675675675674,False
GBPUSD1440_comma,daily,75,200,long_short,slow_slope,0.001,-0.03192821094943188,-0.8803244482734158,-1.1896377892792953,-0.07666537734674199,-0.41646192915776103,102,0.20588235294117646,0.5149244408940885,-374.17254052642494,0.6057432432432432,0.08108108108108109,0.07736486486486487,0.24121621621621622,0.31422297297297297,False
GBPUSD1440_comma,daily,75,250,long_only,slow_slope,0.005,-0.013302338230314459,-1.3091989690462638,-1.6969487175067428,-0.05801706400346461,-0.22928320243023814,43,0.18604651162790697,0.2649250603377864,-449.3597698054454,0.1652027027027027,0.522972972972973,0.5577702702702703,0.038513513513513516,0.31415540540540543,False
GBPUSD1440_comma,daily,60,250,long_only,price_slow,0.0025,-0.013976711625940608,-1.1772555886433442,-1.5424556242861518,-0.06786159062578523,-0.2059590925743775,40,0.15,0.4320743541472196,-500.0445952734378,0.28412162162162163,0.2972972972972973,0.5256756756756756,0.14020270270270271,0.3141385135135135,False
GBPUSD1440_comma,daily,60,200,long_only,fast_slope,0.001,-0.014353181292522832,-1.2571238075266833,-1.6733492408922568,-0.06462188129690195,-0.22211023579734346,79,0.3037974683544304,0.5132451745421499,-259.80659957349053,0.2125,0.36858108108108106,0.5067567567567568,0.23716216216216215,0.314070945945946,False
GBPUSD1440_comma,daily,60,500,long_short,combined,0.001,-0.021601719158300003,-1.0269150879424553,-1.3322979794780603,-0.07220562348684935,-0.29916948452407277,118,0.23728813559322035,0.5297052836658673,-237.8707067089594,0.4435810810810811,0.16993243243243245,0.2631756756756757,0.27635135135135136,0.3140033783783784,False
GBPUSD1440_comma,daily,50,250,long_short,combined,0.0,-0.02765997969051681,-1.0104787881362445,-1.3755905375952207,-0.07478663627507486,-0.36985190226740317,184,0.25,0.6153625075166345,-183.96060509112118,0.4625,0.11114864864864865,0.12837837837837837,0.5016891891891891,0.31371621621621626,False
GBPUSD1440_comma,daily,50,200,long_short,fast_slope,0.0,-0.03083031143096937,-0.9677388142677539,-1.309732104517752,-0.0756448656618588,-0.40756647739695107,184,0.25,0.6021526301930237,-201.97974308696465,0.5111486486486486,0.09222972972972973,0.08682432432432433,0.4577702702702703,0.3135472972972973,False
GBPUSD1440_comma,daily,30,400,long_short,combined,0.0,-0.026483672967247185,-1.0417153815070763,-1.4011503444021536,-0.0729429120816591,-0.36307397403600905,178,0.24719101123595505,0.6139408196012677,-191.42011004523064,0.42736486486486486,0.14932432432432433,0.15,0.497972972972973,0.312972972972973,False
GBPUSD1440_comma,daily,60,300,long_only,slow_slope,0.005,-0.012402731094979469,-1.2463987618527264,-1.6406728791244025,-0.06410658968485228,-0.1934704553143638,35,0.2571428571428571,0.28654204369536646,-518.1430729806299,0.22162162162162163,0.3837837837837838,0.602027027027027,0.04695945945945946,0.3120439189189189,False
GBPUSD1440_comma,daily,50,100,long_short,fast_slope,0.0,-0.03269671990668255,-0.9466157212447367,-1.25631028069896,-0.07806119371139385,-0.41886010643865057,196,0.2653061224489796,0.5983931096297854,-197.96698364541217,0.5361486486486486,0.062162162162162166,0.0722972972972973,0.44966216216216215,0.3119087837837838,False
GBPUSD1440_comma,daily,20,250,long_short,fast_slope,0.001,-0.028530044562423473,-1.0426859383659683,-1.3687199194410735,-0.0741234909107933,-0.38489882508041917,238,0.3235294117647059,0.6455513176490091,-150.3935775159901,0.42567567567567566,0.1222972972972973,0.1125,0.5885135135135136,0.31162162162162166,False
GBPUSD1440_comma,daily,20,150,long_only,fast_slope,0.005,-0.014735946948951195,-1.3071847169840205,-1.7611748838163745,-0.06757957039380552,-0.21805327946124264,131,0.3282442748091603,0.6048802649822286,-161.6907049237426,0.16756756756756758,0.3047297297297297,0.4918918918918919,0.46554054054054056,0.31141891891891893,False
GBPUSD1440_comma,daily,40,250,long_short,fast_slope,0.001,-0.028378025335263124,-0.9893903162388801,-1.2961378859468782,-0.07555138065529056,-0.37561226663401714,166,0.2469879518072289,0.6067348761039564,-213.77559051137132,0.4847972972972973,0.09391891891891892,0.11418918918918919,0.47364864864864864,0.3112837837837838,False
GBPUSD1440_comma,daily,40,75,long_only,price_slow,0.0,-0.018692963916619454,-1.1310863501088138,-1.433161055701566,-0.06845692104187301,-0.2730617099355891,95,0.24210526315789474,0.5246599292867165,-275.08020870114063,0.3307432432432432,0.28209459459459457,0.3452702702702703,0.2625,0.31125,False
GBPUSD1440_comma,daily,50,400,long_short,fast_slope,0.001,-0.029092535944726827,-0.9917957963972458,-1.326807284811216,-0.07419607735066651,-0.3921034235708889,166,0.26506024096385544,0.5960432020379386,-215.41961437692385,0.4820945945945946,0.12128378378378378,0.1070945945945946,0.44222972972972974,0.31091216216216216,False
GBPUSD1440_comma,daily,75,200,long_short,slow_slope,0.0,-0.032544925522056345,-0.8833402834235149,-1.191765986026591,-0.07690246402395279,-0.42319743502522345,106,0.22641509433962265,0.5156194263609332,-365.69736142460937,0.6010135135135135,0.07702702702702703,0.07297297297297298,0.2429054054054054,0.31069256756756763,False
GBPUSD1440_comma,daily,75,500,long_only,slow_slope,0.0025,-0.013828006804086024,-1.3567772399268192,-1.7486781452760813,-0.05408618200870867,-0.25566616630213446,17,0.058823529411764705,0.059606757027253515,-1291.9581887833986,0.13175675675675674,0.5989864864864864,0.5324324324324324,0.005067567567567568,0.3096959459459459,True
GBPUSD1440_comma,daily,60,500,long_only,fast_slope,0.0,-0.01109767301239084,-1.393201000558133,-1.83574361762457,-0.0660139125627693,-0.16811112357321079,64,0.28125,0.5351652095282202,-260.4820804038538,0.11351351351351352,0.34087837837837837,0.6773648648648649,0.2902027027027027,0.3096283783783784,False
GBPUSD1440_comma,daily,40,300,long_only,combined,0.001,-0.012030955245696084,-1.4254550087661677,-1.9078944047617987,-0.0652307546732938,-0.18443685506863672,87,0.26436781609195403,0.573760928538647,-203.13048424921797,0.0956081081081081,0.3567567567567568,0.620945945945946,0.3841216216216216,0.3092398648648648,False
GBPUSD1440_comma,daily,60,200,long_short,combined,0.005,-0.025713145404545945,-1.0049619089242092,-1.330880920655594,-0.07275754036415899,-0.3534086676906476,137,0.24087591240875914,0.5565896361393597,-239.50439050149078,0.46790540540540543,0.15472972972972973,0.16283783783783784,0.3381756756756757,0.30913851351351357,False
GBPUSD1440_comma,daily,50,300,long_short,fast_slope,0.0025,-0.028061733949891865,-0.9885936298655944,-1.3358299580691246,-0.07505496522073239,-0.37388244558323225,171,0.24561403508771928,0.5898232423649943,-203.07969483461312,0.485472972972973,0.10337837837837838,0.11993243243243243,0.4243243243243243,0.30766891891891895,False
GBPUSD1440_comma,daily,60,300,long_only,none,0.005,-0.01616622752733865,-1.1494149364399677,-1.4597955733271073,-0.06463149637123973,-0.250129247116309,15,0.4,0.22663779230001382,-1533.0730468208958,0.31351351351351353,0.3675675675675676,0.4283783783783784,0.02972972972972973,0.30743243243243246,True
GBPUSD1440_comma,daily,50,250,long_only,none,0.005,-0.017208380741294937,-1.1157439449800857,-1.4218235171239304,-0.06585593920378217,-0.26130339874200204,15,0.2,0.22131045949587225,-1619.5691503690077,0.34493243243243243,0.34425675675675677,0.39425675675675675,0.028040540540540542,0.3070945945945946,True
GBPUSD1440_comma,daily,100,400,long_only,slow_slope,0.005,-0.01494134477753839,-1.2915033282747805,-1.676690101209303,-0.057142855422639964,-0.2614735414782692,33,0.21212121212121213,0.23287424126724368,-649.8338092425197,0.17804054054054055,0.5385135135135135,0.4820945945945946,0.030743243243243245,0.30687499999999995,False
GBPUSD1440_comma,daily,30,150,long_short,fast_slope,0.005,-0.02853397400630331,-1.0118589723268965,-1.3218912318445297,-0.07573500014326978,-0.37676073086848727,190,0.2631578947368421,0.6197241925889252,-184.88918774716427,0.4614864864864865,0.0902027027027027,0.11216216216216217,0.5141891891891892,0.3067060810810811,False
GBPUSD1440_comma,daily,75,100,long_only,combined,0.0,-0.016898541267626466,-1.193800588559495,-1.4929438006012263,-0.06576043333369029,-0.25697125780600705,83,0.30120481927710846,0.4942915611003461,-285.94778556478917,0.2702702702702703,0.34662162162162163,0.40371621621621623,0.20472972972972972,0.3062162162162162,False
GBPUSD1440_comma,daily,50,100,long_only,fast_slope,0.0,-0.01759098906301082,-1.2091486787898185,-1.6092523061725628,-0.06637896785359901,-0.2650084753021217,99,0.2828282828282828,0.5391728009797151,-242.38195653540052,0.2537162162162162,0.3320945945945946,0.3827702702702703,0.2993243243243243,0.30596283783783784,False
GBPUSD1440_comma,daily,60,150,long_short,combined,0.0025,-0.028629399909508302,-0.9841853773437295,-1.2796833109085741,-0.07360442818580791,-0.38896300963354946,154,0.2922077922077922,0.5659806105693774,-232.29439298194305,0.4905405405405405,0.13108108108108107,0.11013513513513513,0.3655405405405405,0.3058445945945946,False
GBPUSD1440_comma,daily,40,300,long_only,combined,0.0025,-0.012115076996929042,-1.4377823585771572,-1.9264390439331063,-0.06458970303352897,-0.18756978942355595,85,0.27058823529411763,0.5636238797411316,-209.2314228583278,0.09087837837837838,0.3695945945945946,0.6165540540540541,0.35777027027027025,0.30572635135135134,False
GBPUSD1440_comma,daily,40,250,long_only,fast_slope,0.001,-0.014239338483454933,-1.3019276437467835,-1.731396420450701,-0.06524481677811396,-0.21824474627433466,92,0.25,0.542112314120158,-221.3275065553934,0.16993243243243245,0.3564189189189189,0.5135135135135135,0.3050675675675676,0.3055405405405406,False
GBPUSD1440_comma,daily,60,500,long_short,combined,0.0,-0.022086816284065725,-1.0317199395833434,-1.3384614322895045,-0.07251852121629593,-0.30456793538562266,119,0.23529411764705882,0.5262037016697385,-240.9434030173318,0.43851351351351353,0.15912162162162163,0.25067567567567567,0.26756756756756755,0.3054560810810811,False
GBPUSD1440_comma,daily,30,50,long_short,price_slow,0.005,-0.026012108279220847,-1.0776451175599953,-1.4318687486524395,-0.07135567638570416,-0.36454154170742714,126,0.30952380952380953,0.605357564075974,-259.6860243875994,0.3847972972972973,0.1966216216216216,0.15912162162162163,0.46925675675675677,0.3052871621621622,False
GBPUSD1440_comma,daily,30,400,long_short,combined,0.005,-0.026224614435576887,-1.0476331710656426,-1.408092875151744,-0.0731709495736281,-0.35840199680869833,176,0.24431818181818182,0.6063447343466324,-190.96965384411894,0.4195945945945946,0.14222972972972972,0.15506756756756757,0.4722972972972973,0.30525337837837835,False
GBPUSD1440_comma,daily,60,100,long_only,combined,0.0025,-0.01625860454101158,-1.2341443347974106,-1.5339074113848852,-0.06405345189070208,-0.25382870182788164,75,0.32,0.49497590204565306,-305.78399564073203,0.23175675675675675,0.3844594594594595,0.42533783783783785,0.20675675675675675,0.30489864864864863,False
GBPUSD1440_comma,daily,20,50,long_only,fast_slope,0.0,-0.019474098130057738,-1.200095143706115,-1.62546964373911,-0.06768867529955319,-0.2877009786921666,153,0.33986928104575165,0.5793525594254185,-176.75740384223107,0.26182432432432434,0.30067567567567566,0.3266891891891892,0.3966216216216216,0.3047297297297297,False
GBPUSD1440_comma,daily,40,50,long_only,combined,0.0025,-0.015396081011383678,-1.5677328524093659,-2.0837025130349276,-0.05526203372429914,-0.27860141898132684,79,0.34177215189873417,0.5426117596666951,-278.78389385087297,0.057432432432432436,0.5719594594594595,0.4608108108108108,0.30608108108108106,0.30403716216216214,False
GBPUSD1440_comma,daily,40,250,long_only,none,0.005,-0.017302128440578213,-1.1317578062890739,-1.439390649490052,-0.06575891044465441,-0.2631145851350509,16,0.3125,0.27820685677939505,-1515.7853068347115,0.33006756756756755,0.34695945945945944,0.39222972972972975,0.04358108108108108,0.30375,True
GBPUSD1440_comma,daily,30,75,long_short,price_slow,0.0025,-0.03361688515087069,-0.9448892197536916,-1.2049162988917566,-0.07801014121041476,-0.4309296795168813,161,0.2360248447204969,0.5807667208303269,-249.638258885605,0.5378378378378378,0.06283783783783783,0.0625,0.40168918918918917,0.303597972972973,False
GBPUSD1440_comma,daily,100,200,long_short,slow_slope,0.0025,-0.03251079143399327,-0.8998505235502948,-1.2071098492397367,-0.07702757759442605,-0.42206690706505934,90,0.2777777777777778,0.5145918126627017,-435.13003094648116,0.5847972972972973,0.07432432432432433,0.07331081081081081,0.2402027027027027,0.3031925675675676,False
GBPUSD1440_comma,daily,50,250,long_only,slow_slope,0.001,-0.014302843183156333,-1.258731701769703,-1.6413290080230043,-0.06328487235996451,-0.22600730079380937,50,0.24,0.3734794772834582,-398.1851952199346,0.2114864864864865,0.4023648648648649,0.5087837837837837,0.10608108108108108,0.30285472972972977,False
GBPUSD1440_comma,daily,50,250,long_only,slow_slope,0.005,-0.013240206858592507,-1.2750606209200974,-1.6725657907666132,-0.063012803050061,-0.21011931254785987,41,0.24390243902439024,0.323094120233253,-469.2921955495865,0.19493243243243244,0.4097972972972973,0.5604729729729729,0.0679054054054054,0.3027027027027027,False
GBPUSD1440_comma,daily,30,300,long_only,none,0.001,-0.01772512750563171,-1.123908105251273,-1.4172659326404375,-0.06567407635997721,-0.2698953451355073,18,0.2222222222222222,0.2372750240775586,-1390.6640546842395,0.3364864864864865,0.34864864864864864,0.3783783783783784,0.03209459459459459,0.30224662162162164,True
GBPUSD1440_comma,daily,50,75,long_short,combined,0.0025,-0.02858407985134981,-1.002451140594726,-1.320456862265979,-0.075628528167677,-0.37795367097420796,168,0.2619047619047619,0.6000886924228312,-206.9544826618157,0.47094594594594597,0.09256756756756757,0.11114864864864865,0.4537162162162162,0.30180743243243247,False
GBPUSD1440_comma,daily,10,50,long_only,fast_slope,0.0,-0.020194291685619037,-1.3358979424721438,-1.8043467902794599,-0.06336532453602069,-0.3186962559331544,207,0.28502415458937197,0.6308256428452185,-134.7744490051645,0.14527027027027026,0.4,0.3091216216216216,0.5456081081081081,0.30177364864864864,False
GBPUSD1440_comma,daily,10,400,long_only,fast_slope,0.0025,-0.01568561102589583,-1.564376816086735,-2.115379788369937,-0.06297563676465132,-0.24907427430253914,153,0.27450980392156865,0.6385198253301694,-146.34475828533945,0.05878378378378379,0.4114864864864865,0.4506756756756757,0.5679054054054054,0.30170608108108105,False
GBPUSD1440_comma,daily,20,150,long_short,combined,0.005,-0.02754735309212253,-1.0467830308026072,-1.3918634303925494,-0.07525172964633096,-0.3660693677286878,227,0.32599118942731276,0.6332643607686379,-151.45173878865762,0.42162162162162165,0.0983108108108108,0.12972972972972974,0.5493243243243243,0.30157094594594597,False
GBPUSD1440_comma,daily,40,300,long_short,fast_slope,0.0025,-0.028051161849664386,-1.01307545104167,-1.3203961827503512,-0.07504860863920337,-0.37377324321254923,164,0.25,0.6001100239698975,-212.5364148973277,0.45844594594594595,0.10405405405405406,0.12027027027027028,0.4540540540540541,0.3015540540540541,False
GBPUSD1440_comma,daily,10,400,long_only,fast_slope,0.005,-0.015017234450857675,-1.5680021901362027,-2.1169518120678994,-0.0639206100789236,-0.23493571842189398,148,0.2702702702702703,0.6413619324588452,-145.55062132106195,0.057094594594594594,0.38716216216216215,0.47736486486486485,0.5760135135135135,0.3015033783783784,False
GBPUSD1440_comma,daily,20,50,long_short,slow_slope,0.0,-0.0380493257941551,-0.9397297059764277,-1.3058436345852817,-0.078856031865916,-0.48251636423771394,220,0.24545454545454545,0.5896853303872046,-205.48719557182017,0.5418918918918919,0.05337837837837838,0.03885135135135135,0.4239864864864865,0.3014695945945946,False
GBPUSD1440_comma,daily,5,100,long_only,slow_slope,0.005,-0.01855009134234764,-1.161251304259642,-1.452741262533316,-0.06697003765873101,-0.27699090505034574,82,0.23170731707317074,0.491331120758344,-314.1725020292584,0.3043918918918919,0.31655405405405407,0.3489864864864865,0.20135135135135135,0.3008952702702703,False
GBPUSD1440_comma,daily,60,300,long_only,combined,0.005,-0.01111049204024972,-1.4607286433719688,-1.949422733537126,-0.06484191340296448,-0.17134738099418523,65,0.3384615384615385,0.5293021267306925,-252.31653451491823,0.08243243243243244,0.3635135135135135,0.6763513513513514,0.27533783783783783,0.30042229729729736,False
GBPUSD1440_comma,daily,40,50,long_only,combined,0.001,-0.01820429300513915,-1.3916179547298657,-1.8457553517981387,-0.0579834730490776,-0.31395658189930975,105,0.29523809523809524,0.5525421742752377,-242.91343889040056,0.11452702702702702,0.5246621621621622,0.36317567567567566,0.33006756756756755,0.29912162162162165,False
GBPUSD1440_comma,daily,10,75,long_only,fast_slope,0.005,-0.015897292391233053,-1.4297354332170549,-1.9182756519180444,-0.06415414282040292,-0.2477983757921436,162,0.2654320987654321,0.6225768220018061,-139.86366288841086,0.09358108108108108,0.38175675675675674,0.439527027027027,0.5206081081081081,0.29886824324324324,False
GBPUSD1440_comma,daily,5,300,long_only,none,0.0,-0.0168704996320026,-1.150537427923115,-1.4870108328877474,-0.06725794259116248,-0.2508328233373487,36,0.19444444444444445,0.36402218817859133,-667.0150495342397,0.3125,0.31182432432432433,0.40405405405405403,0.09966216216216216,0.29871621621621625,False
GBPUSD1440_comma,daily,20,100,long_only,fast_slope,0.0025,-0.018501651991671975,-1.261208816835567,-1.6014714243842414,-0.06396500108270275,-0.2892464891503792,132,0.30303030303030304,0.5497028957549603,-196.02359463170396,0.20844594594594595,0.38547297297297295,0.3527027027027027,0.32094594594594594,0.29842905405405407,False
GBPUSD1440_comma,daily,50,75,long_short,combined,0.005,-0.023915688259716905,-1.0556197964774119,-1.3633852047082557,-0.07109592546597665,-0.3363862007979893,98,0.336734693877551,0.533765572320022,-319.5251893814911,0.4101351351351351,0.20439189189189189,0.20067567567567568,0.2868243243243243,0.29831081081081084,False
GBPUSD1440_comma,daily,20,250,long_short,combined,0.005,-0.025489097581742448,-1.088697332118063,-1.4323333369641678,-0.07317267927943326,-0.34834172853510237,213,0.3051643192488263,0.6268912799613795,-153.50468986271028,0.37263513513513513,0.14121621621621622,0.16858108108108108,0.5347972972972973,0.29829391891891893,False
GBPUSD1440_comma,daily,50,400,long_only,fast_slope,0.005,-0.013532953652543922,-1.4482451688148275,-1.9503866508727923,-0.0608428754328168,-0.22242462336427737,78,0.24358974358974358,0.5225988662023201,-251.59315794037707,0.08648648648648649,0.46114864864864863,0.5452702702702703,0.25844594594594594,0.2977027027027027,False
GBPUSD1440_comma,daily,10,75,long_only,fast_slope,0.0025,-0.016921482327812987,-1.3735344173471773,-1.8465412235822753,-0.06638970938301254,-0.25488110258459373,179,0.26256983240223464,0.637363712927499,-133.7341860491396,0.12466216216216217,0.3310810810810811,0.4027027027027027,0.5628378378378378,0.29760135135135135,False
GBPUSD1440_comma,daily,60,250,long_only,slow_slope,0.001,-0.0138964814164938,-1.2670894637864953,-1.6570732887706503,-0.06305057825010385,-0.2204021248047937,49,0.22448979591836735,0.29569936868164437,-414.12889413425955,0.20270270270270271,0.40878378378378377,0.529054054054054,0.05304054054054054,0.29704391891891896,False
GBPUSD1440_comma,daily,40,75,long_only,fast_slope,0.001,-0.019994170663186983,-1.2050767599062626,-1.5180965072532953,-0.06412851065812318,-0.3117828631601678,104,0.2692307692307692,0.5118577983270275,-266.93087753741713,0.2581081081081081,0.3827702702702703,0.3125,0.23479729729729729,0.29665540540540536,False
GBPUSD1440_comma,daily,40,300,long_only,combined,0.0,-0.012559965809558982,-1.4371790098360409,-1.9207552491511852,-0.06561800328028494,-0.19141036273093437,87,0.26436781609195403,0.5628220230310973,-211.22181856376395,0.09155405405405405,0.3493243243243243,0.5918918918918918,0.35574324324324325,0.29569256756756757,False
GBPUSD1440_comma,daily,100,150,long_only,slow_slope,0.0025,-0.015628463859798325,-1.2090857921642053,-1.576100742435827,-0.06608273643711862,-0.23649843669336656,39,0.2564102564102564,0.4040335444402005,-572.2685578666835,0.25405405405405407,0.33885135135135136,0.45304054054054055,0.12331081081081081,0.2954391891891892,False
GBPUSD1440_comma,daily,50,300,long_only,combined,0.0,-0.012546415185389903,-1.433021975083436,-1.922597826959599,-0.06560819623760403,-0.191232435958951,86,0.2558139534883721,0.559145495895144,-213.4690379120202,0.09222972972972973,0.34966216216216217,0.5929054054054054,0.34425675675675677,0.29452702702702704,False
GBPUSD1440_comma,daily,60,300,long_only,fast_slope,0.001,-0.012774125651968227,-1.334719484929973,-1.7630165311904538,-0.06521742933407772,-0.1958698124474132,69,0.2898550724637681,0.4936900400777822,-267.8207172298911,0.14560810810810812,0.35743243243243245,0.5793918918918919,0.20371621621621622,0.2940371621621622,False
GBPUSD1440_comma,daily,60,250,long_only,slow_slope,0.005,-0.01331513990947153,-1.2895441501050948,-1.6843502923248639,-0.06308087051419987,-0.2110804717965047,40,0.25,0.3110509798961869,-483.48127271421345,0.17905405405405406,0.40709459459459457,0.5570945945945946,0.0597972972972973,0.29378378378378384,False
GBPUSD1440_comma,daily,50,100,long_only,combined,0.0,-0.015670283056266388,-1.2459463212084598,-1.6550759596923177,-0.06666246681377427,-0.2350690546757337,94,0.2553191489361702,0.502471204053341,-236.07994106457951,0.22195945945945947,0.3253378378378378,0.45135135135135135,0.22094594594594594,0.2935304054054054,False
GBPUSD1440_comma,daily,40,50,long_only,price_slow,0.001,-0.018502507390359302,-1.3748016302863963,-1.831346602636204,-0.05903303229065634,-0.3134263423782798,107,0.27102803738317754,0.5508738749550469,-241.75578260243228,0.12398648648648648,0.49864864864864866,0.35236486486486485,0.32466216216216215,0.29342905405405406,False
GBPUSD1440_comma,daily,75,250,long_only,fast_slope,0.0,-0.013372148579532284,-1.2957206935797332,-1.7073244989139695,-0.06870703002020485,-0.1946256238349977,74,0.25675675675675674,0.5343108179875663,-262.3505374723297,0.17567567567567569,0.27533783783783783,0.5550675675675676,0.2885135135135135,0.2933952702702703,False
GBPUSD1440_comma,daily,40,200,long_short,combined,0.005,-0.02781249513133144,-1.0648029165641646,-1.399928488575871,-0.07059421502510882,-0.39397697277941457,159,0.22012578616352202,0.5622599681944175,-219.81999484724133,0.39864864864864863,0.22297297297297297,0.125,0.35371621621621624,0.2932601351351351,False
GBPUSD1440_comma,daily,20,500,long_only,slow_slope,0.005,-0.01348654199185273,-1.330858311987999,-1.7221616372315767,-0.0595380680697728,-0.2265196441383993,25,0.2,0.12712097609909379,-777.0663027746025,0.1472972972972973,0.4875,0.5496621621621621,0.013175675675675676,0.29270270270270266,False
GBPUSD1440_comma,daily,20,100,long_only,fast_slope,0.001,-0.019553654206324267,-1.2399754059878842,-1.5744897378294618,-0.06603378362506004,-0.29611591420158434,141,0.3120567375886525,0.5585257446217227,-192.4732722410169,0.22668918918918918,0.3402027027027027,0.32432432432432434,0.34290540540540543,0.29202702702702704,False
GBPUSD1440_comma,daily,40,250,long_short,combined,0.0,-0.02727319458615385,-1.0430113841203656,-1.3661732807539448,-0.07489939566622701,-0.3641310366199876,177,0.22033898305084745,0.599603471869702,-194.4553823129566,0.4246621621621622,0.10777027027027027,0.13614864864864865,0.4523648648648649,0.2918918918918919,False
GBPUSD1440_comma,daily,5,400,long_only,slow_slope,0.0025,-0.015031872022986725,-1.259193996230332,-1.6530246449029986,-0.06335765032605774,-0.23725425336369232,56,0.17857142857142858,0.33582683114807693,-384.84678683770557,0.21081081081081082,0.4006756756756757,0.4766891891891892,0.0804054054054054,0.2918918918918919,False
GBPUSD1440_comma,daily,5,50,long_only,price_slow,0.0,-0.026770429263398565,-1.1476106111984397,-1.4683389837754741,-0.06299543945982462,-0.42495821114910104,133,0.19548872180451127,0.5033016646795162,-267.23353993528696,0.31554054054054054,0.41081081081081083,0.14560810810810812,0.22297297297297297,0.2914864864864865,False
GBPUSD1440_comma,daily,20,250,long_short,combined,0.0,-0.027463930013120863,-1.1009905632054968,-1.44934670949055,-0.07129537125129026,-0.38521336702659836,227,0.28634361233480177,0.6119253197805553,-152.91005567203715,0.3547297297297297,0.19932432432432431,0.13243243243243244,0.4875,0.29133445945945946,False
GBPUSD1440_comma,daily,5,400,long_only,slow_slope,0.001,-0.015203013917812203,-1.255660758674909,-1.6473883649082772,-0.06390733950157312,-0.23789151662991648,59,0.1864406779661017,0.36419379738707514,-368.9776089490872,0.21351351351351353,0.3875,0.46959459459459457,0.1,0.2911993243243243,False
GBPUSD1440_comma,daily,50,75,long_only,fast_slope,0.0,-0.019346415531057315,-1.2192592785200171,-1.620537600778875,-0.06521289671457417,-0.29666548345081656,109,0.26605504587155965,0.5195007646559333,-245.69228492402928,0.2445945945945946,0.35777027027027025,0.33006756756756755,0.25033783783783786,0.2908445945945946,False
GBPUSD1440_comma,daily,5,50,long_short,slow_slope,0.005,-0.0341740836603438,-0.9963255088079135,-1.3400356737729109,-0.07766642078076152,-0.4400110538994858,209,0.23444976076555024,0.6071057402842788,-196.61608730813344,0.4780405405405405,0.06554054054054054,0.05945945945945946,0.475,0.2907432432432432,False
GBPUSD1440_comma,daily,20,150,long_only,fast_slope,0.0025,-0.018176897734657693,-1.260728223931639,-1.5881457008204136,-0.06608458867354684,-0.27505501811398525,136,0.3161764705882353,0.5513417970951523,-187.35957927056617,0.20912162162162162,0.3385135135135135,0.3652027027027027,0.32635135135135135,0.29027027027027025,False
GBPUSD1440_comma,daily,30,200,long_short,combined,0.005,-0.026838676882263934,-1.061344223153006,-1.3981273500945341,-0.073087951636567,-0.36721068632105625,174,0.25287356321839083,0.591324287630889,-191.87199474229558,0.40135135135135136,0.14358108108108109,0.14527027027027026,0.4300675675675676,0.29000000000000004,False
GBPUSD1440_comma,daily,50,300,long_short,combined,0.005,-0.027021672863588475,-1.0304222048048173,-1.4023574512778012,-0.07469821177827485,-0.3617445748741127,157,0.2484076433121019,0.5720810282488397,-217.82876336830645,0.44054054054054054,0.1125,0.14155405405405405,0.3793918918918919,0.2895608108108108,False
GBPUSD1440_comma,daily,75,250,long_only,fast_slope,0.0025,-0.013078322484087912,-1.3241533043383826,-1.727721148417299,-0.06833467091926497,-0.19138633885483247,66,0.25757575757575757,0.532299805158974,-288.30747759483086,0.15371621621621623,0.2864864864864865,0.5689189189189189,0.28243243243243243,0.28925675675675677,False
GBPUSD1440_comma,daily,30,200,long_short,combined,0.0025,-0.02722937258956415,-1.0574675274526186,-1.3925265894490428,-0.07334084608839801,-0.3712715906869206,179,0.24581005586592178,0.5905347458575181,-186.1721500330312,0.40709459459459457,0.13783783783783785,0.13716216216216215,0.4280405405405405,0.2889358108108108,False
GBPUSD1440_comma,daily,40,400,long_only,slow_slope,0.0025,-0.015080787476269952,-1.250617345520814,-1.6277922101873141,-0.0635394718935762,-0.23734518129973015,47,0.2127659574468085,0.2892760240399422,-459.86937450662936,0.21858108108108107,0.39763513513513515,0.4739864864864865,0.04864864864864865,0.2889358108108108,False
GBPUSD1440_comma,daily,20,200,long_short,combined,0.005,-0.027527848173493408,-1.1108029545078062,-1.4620231672128043,-0.07096811668232376,-0.38789035781683423,213,0.29107981220657275,0.6049158911738284,-163.2438927086975,0.3489864864864865,0.21317567567567566,0.1304054054054054,0.46621621621621623,0.28890202702702705,False
GBPUSD1440_comma,daily,40,150,long_only,fast_slope,0.001,-0.018096139408436795,-1.2166587246899256,-1.5215024356945677,-0.06728517503974449,-0.2689469024602765,100,0.28,0.5216798414887877,-251.89259864144915,0.24797297297297297,0.3108108108108108,0.3675675675675676,0.2560810810810811,0.28881756756756755,False
GBPUSD1440_comma,daily,10,250,long_only,combined,0.001,-0.014755467737069483,-1.6222034275586223,-2.1718601940193487,-0.0653556764660834,-0.22577178502202322,144,0.2777777777777778,0.6376952052261454,-147.26747374143804,0.042905405405405404,0.3543918918918919,0.49155405405405406,0.5645270270270271,0.28875,False
GBPUSD1440_comma,daily,20,400,long_short,combined,0.001,-0.025361011050193727,-1.0819131261868034,-1.4414092760726238,-0.07369648650876529,-0.3441278173712847,210,0.3,0.6052710443133783,-152.84016191904243,0.3793918918918919,0.1287162162162162,0.17195945945945945,0.4689189189189189,0.28866554054054056,False
GBPUSD1440_comma,daily,40,500,long_short,fast_slope,0.001,-0.027529282897569285,-1.0427942277684754,-1.3504077818936588,-0.0746649244360835,-0.3687043562353777,156,0.23076923076923078,0.5904596627539488,-225.6500315172942,0.42533783783783785,0.11351351351351352,0.13006756756756757,0.42736486486486486,0.2886317567567568,False
GBPUSD1440_comma,daily,40,75,long_only,price_slow,0.001,-0.019764241884736133,-1.1708455861590361,-1.481694418988322,-0.06852077648900579,-0.28844159242572687,95,0.24210526315789474,0.5203247400840677,-289.35357030516946,0.2918918918918919,0.28040540540540543,0.3185810810810811,0.25304054054054054,0.2885304054054054,False
GBPUSD1440_comma,daily,60,250,long_only,price_slow,0.0,-0.015683721064279288,-1.1956774352210822,-1.5621009663919712,-0.06839879963581061,-0.22929819160259035,47,0.1276595744680851,0.41728397529043254,-473.3531215289374,0.2682432432432432,0.28412162162162163,0.4510135135135135,0.1304054054054054,0.2880912162162162,False
GBPUSD1440_comma,daily,75,250,long_only,price_slow,0.0025,-0.014569235020407079,-1.22678768913014,-1.5920134142570337,-0.06819269846866774,-0.21364802020704832,39,0.15384615384615385,0.4260794347076549,-537.6252156816369,0.23817567567567569,0.29121621621621624,0.4983108108108108,0.13513513513513514,0.2880067567567568,False
GBPUSD1440_comma,daily,50,300,long_short,combined,0.0025,-0.027471841377232353,-1.026733162588786,-1.397353407411342,-0.07496488898657426,-0.3664627767560943,168,0.25,0.5731458904062385,-206.64000052121324,0.44391891891891894,0.10608108108108108,0.1320945945945946,0.3831081081081081,0.287972972972973,False
GBPUSD1440_comma,daily,20,75,long_only,fast_slope,0.0025,-0.01810115517547073,-1.3378992029228056,-1.800760628731187,-0.062153293691339914,-0.2912340457025987,134,0.3283582089552239,0.5527347920029849,-189.46774897357304,0.14358108108108109,0.4283783783783784,0.3672297297297297,0.3314189189189189,0.2876858108108108,False
GBPUSD1440_comma,daily,5,75,long_only,slow_slope,0.0025,-0.021042822482092438,-1.1712403371794724,-1.477594116791968,-0.06686343253119552,-0.3147134642283701,112,0.32142857142857145,0.5099750475124296,-258.1978609074967,0.29121621621621624,0.3195945945945946,0.2810810810810811,0.23310810810810811,0.28756756756756763,False
GBPUSD1440_comma,daily,50,400,long_only,slow_slope,0.005,-0.01482351760376377,-1.2646647905156694,-1.6562847353903827,-0.06300738917258303,-0.23526633619369297,40,0.175,0.2449103334516605,-532.3431633383153,0.20506756756756755,0.4101351351351351,0.4885135135135135,0.034797297297297296,0.2874831081081081,False
GBPUSD1440_comma,daily,5,75,long_only,slow_slope,0.005,-0.020005563265735438,-1.191931442521522,-1.5085199075139455,-0.06481068267790334,-0.3086769408857989,100,0.32,0.46071072504304833,-277.009540415425,0.2716216216216216,0.3641891891891892,0.31216216216216214,0.16722972972972974,0.28721283783783785,False
GBPUSD1440_comma,daily,5,50,long_short,slow_slope,0.0025,-0.03732769354847132,-0.9872044714304652,-1.341309282150257,-0.07557439472266024,-0.4939198479254109,233,0.23605150214592274,0.5802849187843443,-189.40330691173008,0.48783783783783785,0.09358108108108108,0.04155405405405405,0.4,0.2868412162162162,False
GBPUSD1440_comma,daily,50,300,long_only,combined,0.0025,-0.012413013727023636,-1.4584293010882763,-1.9625200543679973,-0.06551134383541898,-0.18947884443048912,82,0.25609756097560976,0.5421081006294456,-221.723409965265,0.08277027027027027,0.3516891891891892,0.6003378378378378,0.3047297297297297,0.28680743243243245,False
GBPUSD1440_comma,daily,20,400,long_short,combined,0.0,-0.025635383932608113,-1.085188625124789,-1.4458189524143739,-0.07328670709280923,-0.3497958217735698,211,0.3033175355450237,0.6032172750130477,-153.59123116445994,0.37533783783783786,0.13952702702702702,0.16418918918918918,0.4594594594594595,0.2867736486486487,False
GBPUSD1440_comma,daily,75,500,long_only,slow_slope,0.005,-0.01492101764034548,-1.3951786578149854,-1.7942102676383214,-0.055011110692139466,-0.27123643665092445,16,0.0625,0.01886527888522259,-1458.65760955433,0.11216216216216217,0.5783783783783784,0.48412162162162165,0.002027027027027027,0.28658783783783787,True
GBPUSD1440_comma,daily,5,50,long_only,price_slow,0.001,-0.026733189312063366,-1.1605041939616951,-1.4803234196426773,-0.06292856400447652,-0.424818041456685,126,0.2222222222222222,0.4965097007410983,-280.5830645903289,0.3050675675675676,0.41385135135135137,0.14662162162162162,0.20945945945945946,0.2862331081081081,False
GBPUSD1440_comma,daily,40,300,long_short,fast_slope,0.005,-0.02831574219244326,-1.037429966309369,-1.348174065850106,-0.07329698755476205,-0.38631522436427346,156,0.23076923076923078,0.5674227936466807,-227.32927641281574,0.43243243243243246,0.13885135135135135,0.11554054054054054,0.3679054054054054,0.28597972972972974,False
GBPUSD1440_comma,daily,20,50,long_only,price_slow,0.0025,-0.02158312641364457,-1.2321597137404543,-1.6444058490991644,-0.061772726937821855,-0.3493957201431199,96,0.23958333333333334,0.48885175574925993,-315.58434709854004,0.23310810810810811,0.43851351351351353,0.26385135135135135,0.19864864864864865,0.2854391891891892,False
GBPUSD1440_comma,daily,60,200,long_short,combined,0.0025,-0.02739024442397764,-1.0217565296610456,-1.3501810630182594,-0.0738232123043543,-0.37102482497042577,144,0.24305555555555555,0.5443139053322197,-240.6065136012234,0.44932432432432434,0.12736486486486487,0.13378378378378378,0.31114864864864866,0.28500000000000003,False
GBPUSD1440_comma,daily,20,50,long_only,slow_slope,0.005,-0.01897317508502283,-1.2850817614267631,-1.7287602658153636,-0.061547218968040586,-0.30827022574123075,75,0.24,0.4981537062832657,-350.36530163506,0.18445945945945946,0.4452702702702703,0.33952702702702703,0.21182432432432433,0.2847804054054054,False
GBPUSD1440_comma,daily,60,250,long_short,fast_slope,0.0,-0.028206108365034788,-0.9932417086330994,-1.3011511329783898,-0.07544629667121937,-0.3738567644738303,139,0.2733812949640288,0.5393240374679421,-252.01071166305243,0.4810810810810811,0.09594594594594595,0.11689189189189189,0.2996621621621622,0.2847466216216217,False
GBPUSD1440_comma,daily,40,300,long_short,fast_slope,0.0,-0.029880451076431114,-1.024428747113857,-1.3316333645123344,-0.0761469410364148,-0.39240514024249196,168,0.25595238095238093,0.5925929089821201,-222.05863431695045,0.4469594594594595,0.08614864864864864,0.09628378378378379,0.4337837837837838,0.2846452702702703,False
GBPUSD1440_comma,daily,40,150,long_only,combined,0.0025,-0.015815394280407236,-1.3417060389061672,-1.7693756504023235,-0.06577172947959964,-0.24045884767729397,103,0.27184466019417475,0.5619605245157677,-211.8827215293332,0.14020270270270271,0.34594594594594597,0.44324324324324327,0.3530405405405405,0.2841722972972973,False
GBPUSD1440_comma,daily,10,300,long_only,fast_slope,0.0025,-0.015725650054431495,-1.5406402796067493,-2.0583742407659287,-0.06670623269653102,-0.2357448385066616,159,0.2641509433962264,0.6434207777874256,-141.1405533196342,0.06452702702702702,0.32432432432432434,0.4489864864864865,0.5817567567567568,0.28395270270270273,False
GBPUSD1440_comma,daily,40,150,long_short,fast_slope,0.005,-0.03158071124640638,-1.00978837175876,-1.2727816082216878,-0.07633436593515358,-0.41371551148056107,163,0.26380368098159507,0.5809127449326539,-237.279974775124,0.46418918918918917,0.08445945945945946,0.08074324324324324,0.40202702702702703,0.28324324324324324,False
GBPUSD1440_comma,daily,20,300,long_short,fast_slope,0.0,-0.02970059313233908,-1.0713044419974866,-1.4044457597941702,-0.074942521561948,-0.3963116334134603,243,0.32510288065843623,0.6244978419235679,-151.36532438583905,0.39425675675675675,0.10743243243243243,0.09797297297297297,0.5256756756756756,0.28300675675675674,False
GBPUSD1440_comma,daily,100,500,long_short,combined,0.0025,-0.024970028409186273,-1.0723016483899432,-1.3884069260554053,-0.07000380384163425,-0.3566953085245852,114,0.20175438596491227,0.48851510279376376,-270.91914394372225,0.3918918918918919,0.23885135135135135,0.1810810810810811,0.19797297297297298,0.28238175675675675,False
GBPUSD1440_comma,daily,10,150,long_short,combined,0.005,-0.0298870200908119,-1.1060010176142607,-1.475008612886048,-0.07758429967816172,-0.3852199506187518,314,0.2961783439490446,0.690572506372982,-118.23765069828949,0.35202702702702704,0.06621621621621622,0.09594594594594595,0.7037162162162162,0.2821114864864865,False
GBPUSD1440_comma,daily,20,500,long_only,fast_slope,0.005,-0.012235750552928581,-1.5249446331420982,-2.0282743965892656,-0.06612990813508524,-0.18502597233213003,105,0.3333333333333333,0.549726729799187,-170.59810898343414,0.06756756756756757,0.3375,0.6108108108108108,0.3212837837837838,0.28175675675675677,False
GBPUSD1440_comma,daily,40,500,long_only,fast_slope,0.0025,-0.01225537757242623,-1.4490687533703233,-1.9298597179237045,-0.06615306096921023,-0.18525790632923667,76,0.2236842105263158,0.5272532021623852,-240.44844080310037,0.08614864864864864,0.3368243243243243,0.6091216216216216,0.2699324324324324,0.28097972972972973,False
GBPUSD1440_comma,daily,30,75,long_short,price_slow,0.005,-0.031065409931674504,-0.9910645104009344,-1.305280933127257,-0.0767758464239146,-0.4046247795191752,136,0.25735294117647056,0.5542227133574048,-273.4875026820062,0.48412162162162165,0.07972972972972973,0.08445945945945946,0.3341216216216216,0.28059121621621624,False
GBPUSD1440_comma,daily,60,300,long_only,fast_slope,0.0,-0.013669153177739202,-1.3443494943480456,-1.7688011370735177,-0.06588204411953552,-0.20747919042915652,70,0.3,0.4946065609549987,-275.9840417238725,0.13817567567567568,0.3439189189189189,0.5385135135135135,0.20608108108108109,0.27986486486486484,False
GBPUSD1440_comma,daily,40,250,long_only,fast_slope,0.0025,-0.014659224431242124,-1.3268621670995902,-1.7608753309754572,-0.06717518801116446,-0.2182237946071066,90,0.25555555555555554,0.5314037971675305,-225.98225533597483,0.15135135135135136,0.31317567567567567,0.49425675675675673,0.28006756756756757,0.27969594594594593,False
GBPUSD1440_comma,daily,10,300,long_only,combined,0.0,-0.01480672437014341,-1.6404207429946431,-2.22207033237924,-0.06598004019247092,-0.22441217566631655,152,0.2631578947368421,0.6267101525996591,-139.9487719193178,0.038513513513513516,0.3418918918918919,0.48952702702702705,0.5341216216216216,0.27890202702702704,False
GBPUSD1440_comma,daily,60,300,long_short,combined,0.001,-0.025686320828066878,-1.0293040174452208,-1.355989792012048,-0.07390593490856608,-0.34755423715084754,135,0.2814814814814815,0.5202795235121881,-244.03085535374782,0.4412162162162162,0.12533783783783783,0.1635135135135135,0.2527027027027027,0.27842905405405405,False
GBPUSD1440_comma,daily,50,200,long_short,fast_slope,0.001,-0.03295256710247907,-1.0070444013077415,-1.3603470490218033,-0.07698706620690028,-0.4280273132362272,184,0.2391304347826087,0.5773463017220255,-215.6705144767174,0.46655405405405403,0.075,0.06993243243243243,0.3932432432432432,0.2783445945945946,False
GBPUSD1440_comma,daily,50,75,long_only,price_slow,0.0,-0.020338070011541087,-1.1845842100957125,-1.5007382020085422,-0.0680050707268569,-0.29906696359789353,105,0.20952380952380953,0.4964981247311146,-266.27228563951746,0.27871621621621623,0.2945945945945946,0.3050675675675676,0.20912162162162162,0.2775168918918919,False
GBPUSD1440_comma,daily,40,150,long_only,combined,0.0,-0.01630295725775155,-1.3366364470330492,-1.7593286200987601,-0.0661459902030217,-0.24646932047903325,107,0.27102803738317754,0.557074585633435,-215.80084216916896,0.1445945945945946,0.33716216216216216,0.42195945945945945,0.3398648648648649,0.2775,False
GBPUSD1440_comma,daily,50,150,long_only,fast_slope,0.0025,-0.01714537422427287,-1.2772124212335945,-1.6900944437269683,-0.0657914289540023,-0.26060194309292106,92,0.29347826086956524,0.5092866104103242,-258.25769091341846,0.19256756756756757,0.3456081081081081,0.39594594594594595,0.23243243243243245,0.2774831081081081,False
GBPUSD1440_comma,daily,30,50,long_short,combined,0.0,-0.03514751649502168,-1.0415944491793732,-1.391743616193798,-0.07692397007926527,-0.4569124092113862,248,0.2540322580645161,0.6182825958342724,-171.85677527984794,0.4280405405405405,0.07668918918918918,0.05304054054054054,0.5094594594594595,0.2774155405405405,False
GBPUSD1440_comma,daily,50,150,long_short,fast_slope,0.001,-0.03292008765815324,-1.0011132354313064,-1.3046362521670232,-0.07663778858461219,-0.42955424818668553,178,0.2696629213483146,0.5635685529979199,-217.81361412672345,0.4726351351351351,0.08141891891891892,0.07060810810810811,0.3567567567567568,0.27704391891891894,False
GBPUSD1440_comma,daily,10,75,long_short,combined,0.0025,-0.030719140598143513,-1.1094879617286955,-1.4982864801592466,-0.07757426251569961,-0.3959965535209119,346,0.30346820809248554,0.6833531110697493,-110.15579485603628,0.3493243243243243,0.06689189189189189,0.08783783783783784,0.6864864864864865,0.27699324324324326,False
GBPUSD1440_comma,daily,30,400,long_short,combined,0.001,-0.028044914914491237,-1.0699031146520666,-1.4376983715072946,-0.07449608447409573,-0.3764615967734949,178,0.24157303370786518,0.594291457165256,-200.86250314967177,0.3952702702702703,0.11554054054054054,0.12060810810810811,0.43716216216216214,0.2766891891891892,False
GBPUSD1440_comma,daily,5,50,long_short,none,0.0,-0.04575324897295252,-0.9488011926798088,-1.295925688939109,-0.07824808914173094,-0.5847203359826405,182,0.22527472527472528,0.5462192804586087,-283.46210654836784,0.5331081081081082,0.060810810810810814,0.00472972972972973,0.314527027027027,0.276570945945946,False
GBPUSD1440_comma,daily,20,100,long_only,combined,0.005,-0.014031446580524465,-1.4234890762651928,-1.9053253763711855,-0.06746337264910535,-0.20798614165801776,114,0.3333333333333333,0.5717049183944527,-177.83340986168977,0.09662162162162162,0.3064189189189189,0.5216216216216216,0.3787162162162162,0.27638513513513513,False
GBPUSD1440_comma,daily,50,250,long_only,slow_slope,0.0025,-0.014967853779116913,-1.2946684232291,-1.6897082579986755,-0.06387313954072073,-0.2343372172832452,45,0.24444444444444444,0.34069795183798535,-466.78617544153093,0.17635135135135135,0.389527027027027,0.4800675675675676,0.08243243243243244,0.2763006756756757,False
GBPUSD1440_comma,daily,5,50,long_short,slow_slope,0.001,-0.03932064726158191,-0.992473650714592,-1.3524610300730844,-0.07622641706340541,-0.515840161146166,244,0.21311475409836064,0.5698296604545148,-188.5755446041507,0.4814189189189189,0.08513513513513514,0.030743243243243245,0.37364864864864866,0.2760472972972973,False
GBPUSD1440_comma,daily,60,500,long_only,fast_slope,0.001,-0.011834254187654825,-1.4300742832967275,-1.879640154784278,-0.06648818261748947,-0.17799033936207886,64,0.28125,0.4924797893244258,-275.9443811427617,0.09324324324324325,0.32837837837837835,0.6297297297297297,0.20304054054054055,0.2757939189189189,False
GBPUSD1440_comma,daily,40,300,long_only,combined,0.005,-0.013082068109184442,-1.482916015388718,-1.9774917150593874,-0.06599174247920031,-0.1982379555034136,81,0.25925925925925924,0.5427386999605632,-235.37672604720464,0.07668918918918918,0.34155405405405403,0.5682432432432433,0.3064189189189189,0.2756756756756757,False
GBPUSD1440_comma,daily,50,250,long_short,combined,0.001,-0.02952904699472292,-1.045365531379112,-1.4189863207333346,-0.07591118162069231,-0.3889946956993977,182,0.24175824175824176,0.5902287591004959,-196.56139874305117,0.4233108108108108,0.08817567567567568,0.1,0.4266891891891892,0.2753716216216216,False
GBPUSD1440_comma,daily,60,300,long_only,fast_slope,0.0025,-0.013258320433906401,-1.3674706122642688,-1.8051801207636349,-0.06611619680711146,-0.20053059725420164,67,0.29850746268656714,0.47511856613384373,-286.3734568803017,0.1277027027027027,0.33783783783783783,0.5594594594594594,0.18547297297297297,0.2752533783783784,False
GBPUSD1440_comma,daily,40,150,long_only,fast_slope,0.005,-0.01800779724388024,-1.2547719017455918,-1.5626254502654522,-0.0674103117946406,-0.26713713027673514,95,0.2631578947368421,0.5205401673781996,-264.6245394450009,0.21486486486486486,0.3081081081081081,0.36993243243243246,0.2533783783783784,0.2749662162162162,False
GBPUSD1440_comma,daily,10,150,long_short,fast_slope,0.0,-0.036164455085743064,-1.0815957551397253,-1.393709745599489,-0.08108770946834953,-0.44599181951068567,366,0.2978142076502732,0.6901439671164848,-118.43087179659159,0.37972972972972974,0.03310810810810811,0.046621621621621624,0.7027027027027027,0.27489864864864866,False
GBPUSD1440_comma,daily,60,400,long_short,combined,0.0025,-0.025550350956795254,-1.0506504549061813,-1.3762477169055172,-0.07443823571442518,-0.3432422962685012,144,0.22916666666666666,0.5408398744634961,-224.43979222849578,0.41655405405405405,0.11722972972972973,0.16689189189189188,0.30202702702702705,0.27461148648648653,False
GBPUSD1440_comma,daily,40,300,long_only,none,0.005,-0.01815074081894885,-1.1825323891998183,-1.4884450321234823,-0.06618468839360098,-0.27424380562172057,16,0.25,0.2384106305799116,-1585.2535121893443,0.28040540540540543,0.3358108108108108,0.3658783783783784,0.03277027027027027,0.27420608108108113,True
GBPUSD1440_comma,daily,50,250,long_short,fast_slope,0.0,-0.03209275178160165,-1.0113839536897575,-1.3652150606848372,-0.07745020132947864,-0.4143662796314346,178,0.24157303370786518,0.5718022799237441,-215.77015493007295,0.4618243243243243,0.06858108108108107,0.07635135135135135,0.37905405405405407,0.2740033783783784,False
GBPUSD1440_comma,daily,10,150,long_short,fast_slope,0.005,-0.03337679928010184,-1.0923593581897566,-1.4065613022204295,-0.07951870288840393,-0.4197352077905828,333,0.2852852852852853,0.6784684955094241,-122.27497993948627,0.3668918918918919,0.047635135135135134,0.06621621621621622,0.677027027027027,0.27346283783783787,False
GBPUSD1440_comma,daily,60,400,long_short,combined,0.005,-0.025323445271169698,-1.0574507565091635,-1.3836743966288663,-0.07445178552794507,-0.3401321417827472,142,0.22535211267605634,0.543838006859809,-226.72850367060818,0.40743243243243243,0.11655405405405406,0.17331081081081082,0.3097972972972973,0.27324324324324323,False
GBPUSD1440_comma,daily,30,400,long_short,combined,0.0025,-0.027853235699345502,-1.071529790936934,-1.4370643337116182,-0.07495597135926205,-0.37159462007163724,176,0.24431818181818182,0.5911139237396151,-202.00705139054705,0.3932432432432432,0.10641891891891891,0.12364864864864865,0.4297297297297297,0.2730912162162162,False
GBPUSD1440_comma,daily,10,250,long_only,combined,0.0,-0.015555449694710344,-1.6429734923116543,-2.197795003803419,-0.06576860823366285,-0.23651784814185073,146,0.273972602739726,0.6257920272084154,-152.23315486599193,0.038175675675675674,0.34628378378378377,0.45675675675675675,0.5307432432432433,0.27280405405405406,False
GBPUSD1440_comma,daily,40,500,long_short,fast_slope,0.0025,-0.0279488793448176,-1.0553567918025548,-1.366920706856434,-0.07558484504702487,-0.36976829584593707,154,0.22727272727272727,0.5823016955370273,-230.18973558328742,0.41081081081081083,0.09324324324324325,0.12162162162162163,0.40540540540540543,0.2727702702702703,False
GBPUSD1440_comma,daily,60,150,long_short,combined,0.001,-0.03161336413525406,-1.0158254516832337,-1.3163123829928391,-0.07511719219003861,-0.4208539112494457,161,0.2795031055900621,0.5499527566623217,-239.42327096853705,0.4554054054054054,0.10236486486486486,0.0804054054054054,0.3216216216216216,0.2720777027027027,False
GBPUSD1440_comma,daily,20,300,long_short,fast_slope,0.001,-0.029840746978247235,-1.0789569970802444,-1.4121450449985702,-0.07503176270667239,-0.3977081958597458,237,0.31223628691983124,0.6117867042449774,-155.67128066790747,0.3827702702702703,0.10472972972972973,0.09662162162162162,0.4868243243243243,0.27163851351351354,False
GBPUSD1440_comma,daily,20,300,long_short,combined,0.0,-0.027365531131620213,-1.0968864054496839,-1.4466057765742195,-0.07409736664199695,-0.3693185381855387,233,0.3133047210300429,0.6049945770058983,-148.36300339804052,0.3601351351351351,0.12263513513513513,0.13445945945945945,0.4668918918918919,0.27163851351351354,False
GBPUSD1440_comma,daily,20,100,long_only,fast_slope,0.005,-0.0159060455105543,-1.3731589857428055,-1.8534253867013772,-0.06675184704310239,-0.23828622300568847,118,0.3135593220338983,0.5611089342116784,-192.1096797247544,0.12533783783783783,0.3233108108108108,0.43885135135135134,0.3506756756756757,0.2713344594594595,False
GBPUSD1440_comma,daily,60,75,long_short,combined,0.001,-0.032201002916056876,-0.9941860707911336,-1.272052622838168,-0.0785174228960375,-0.41011283519446673,167,0.25149700598802394,0.5524131463205038,-231.2779550282654,0.4800675675675676,0.05878378378378379,0.07533783783783783,0.32972972972972975,0.27125,False
GBPUSD1440_comma,daily,100,400,long_only,slow_slope,0.001,-0.016569787526618862,-1.3073967353540634,-1.6956061204671953,-0.06058793610521656,-0.2734832805303665,35,0.14285714285714285,0.21944643494662652,-671.4561894521213,0.16722972972972974,0.46790540540540543,0.4158783783783784,0.027702702702702704,0.27119932432432436,False
GBPUSD1440_comma,daily,100,200,long_only,slow_slope,0.005,-0.016407616509456213,-1.2665527056205488,-1.6443930520634382,-0.06643921984435731,-0.24695679070123389,47,0.2765957446808511,0.44788902981955164,-495.7118697561977,0.20405405405405405,0.3293918918918919,0.4192567567567568,0.15472972972972973,0.2710304054054054,False
GBPUSD1440_comma,daily,50,300,long_short,combined,0.0,-0.02942470181555701,-1.039741189807172,-1.4052133053037659,-0.07612044060325561,-0.38655453886453905,175,0.24571428571428572,0.5721654529450885,-208.949936908566,0.4297297297297297,0.08648648648648649,0.10202702702702703,0.37972972972972974,0.2708783783783784,False
GBPUSD1440_comma,daily,10,400,long_short,fast_slope,0.0,-0.03274552478109716,-1.1208544503602562,-1.4855069525354396,-0.07850672708049534,-0.4171046991619224,335,0.3044776119402985,0.6928312184673197,-118.79263966285681,0.33918918918918917,0.05912162162162162,0.07162162162162163,0.706081081081081,0.27069256756756754,False
GBPUSD1440_comma,daily,75,200,long_only,combined,0.001,-0.01508553546440583,-1.373521862047547,-1.8221931029923937,-0.06542908717036555,-0.23056313509503523,75,0.24,0.5191717669455459,-288.3823331861149,0.125,0.3527027027027027,0.47331081081081083,0.24966216216216217,0.2702871621621622,False
GBPUSD1440_comma,daily,50,400,long_only,fast_slope,0.0,-0.013982044334257204,-1.4069868453002408,-1.8814515549857855,-0.0668381988604941,-0.20919241650183873,79,0.26582278481012656,0.5317697411638124,-246.71288062822313,0.10574324324324325,0.32094594594594594,0.525,0.28074324324324323,0.2696452702702703,False
GBPUSD1440_comma,daily,30,150,long_only,combined,0.0025,-0.015569533269807145,-1.3542152050841538,-1.8175715754406505,-0.06794201170438662,-0.22915914438256046,109,0.22018348623853212,0.5563057952003394,-202.22421245318503,0.1341216216216216,0.2959459459459459,0.4554054054054054,0.33783783783783783,0.2693918918918919,False
GBPUSD1440_comma,daily,30,300,long_only,none,0.0025,-0.018553290997632366,-1.1590882843389259,-1.4575085229955502,-0.06826932717862119,-0.2717661322351863,16,0.25,0.22590093387518628,-1609.1092407785009,0.30608108108108106,0.28885135135135137,0.34864864864864864,0.029391891891891894,0.2687837837837838,True
GBPUSD1440_comma,daily,5,400,long_only,slow_slope,0.0,-0.01606936067920617,-1.2701576767921288,-1.663678594195509,-0.06546611204177742,-0.24546074569009768,56,0.21428571428571427,0.35226598444559626,-408.31839544107413,0.20067567567567568,0.35202702702702704,0.4331081081081081,0.09121621621621621,0.2685810810810811,False
GBPUSD1440_comma,daily,60,75,long_short,price_slow,0.001,-0.03309517681361118,-0.9911739902713136,-1.2664261722769674,-0.07902558049665322,-0.4187906827842003,166,0.25301204819277107,0.5506359927509332,-238.04461706453313,0.4837837837837838,0.05168918918918919,0.0679054054054054,0.32297297297297295,0.26846283783783786,False
GBPUSD1440_comma,daily,5,50,long_short,price_slow,0.0,-0.045108074215096994,-0.9779417921873,-1.3207816000404693,-0.08091399688634823,-0.5574817207269562,251,0.19123505976095617,0.5788713226018284,-204.23077883705517,0.4966216216216216,0.03445945945945946,0.0057432432432432436,0.3952702702702703,0.2677027027027027,False
GBPUSD1440_comma,daily,30,50,long_short,combined,0.005,-0.02687790750206731,-1.1421337795046653,-1.513314002522013,-0.07195495014604548,-0.3735379907499592,149,0.2684563758389262,0.5936869512690793,-227.87823967543494,0.3216216216216216,0.1793918918918919,0.14425675675675675,0.43513513513513513,0.26761824324324324,False
GBPUSD1440_comma,daily,30,150,long_only,combined,0.0,-0.01586002770149819,-1.352256627348781,-1.8134138672147344,-0.06812782927784942,-0.2327980778136256,111,0.21621621621621623,0.5584411714755044,-204.65612348693273,0.1358108108108108,0.2925675675675676,0.44155405405405407,0.34256756756756757,0.2671621621621622,False
GBPUSD1440_comma,daily,20,500,long_short,fast_slope,0.005,-0.027078391161238224,-1.1006338877271313,-1.4359450267930678,-0.07507594739959192,-0.36067997939624286,213,0.323943661971831,0.6054636088182593,-160.46972908307976,0.3560810810810811,0.10304054054054054,0.14087837837837838,0.46993243243243243,0.2668581081081081,False
GBPUSD1440_comma,daily,10,50,long_only,fast_slope,0.001,-0.021034356674772825,-1.3827513128771396,-1.8577900746662197,-0.0643105548301504,-0.3270747193882301,200,0.28,0.5995191804530352,-144.4154804319071,0.12060810810810811,0.37736486486486487,0.2814189189189189,0.452027027027027,0.2666722972972973,False
GBPUSD1440_comma,daily,5,50,long_only,price_slow,0.0025,-0.02553961420931039,-1.1740470082106502,-1.495371809815386,-0.06546599462473612,-0.3901203114030185,111,0.26126126126126126,0.48651254669014005,-304.6481273521998,0.28783783783783784,0.35236486486486485,0.16722972972972974,0.1972972972972973,0.2662668918918919,False
GBPUSD1440_comma,daily,50,400,long_only,fast_slope,0.001,-0.01384785365828789,-1.4073338606001164,-1.8821293903678198,-0.06717315367140991,-0.20615160821579503,79,0.26582278481012656,0.5254288963398648,-247.512934631114,0.1043918918918919,0.31351351351351353,0.5314189189189189,0.26554054054054055,0.26625,False
GBPUSD1440_comma,daily,50,200,long_short,fast_slope,0.0025,-0.03300456441054389,-1.0184425986934125,-1.3779911545377352,-0.07723148859669106,-0.4273459570732391,179,0.24022346368715083,0.5637619498889643,-222.32089346189244,0.452027027027027,0.07094594594594594,0.06891891891891892,0.3581081081081081,0.2660472972972973,False
GBPUSD1440_comma,daily,50,500,long_only,fast_slope,0.005,-0.014734856612388714,-1.5464331280196126,-2.0337896124457626,-0.06054257146868768,-0.24338009197395105,73,0.2328767123287671,0.45806193140295254,-294.547667615901,0.06385135135135135,0.4685810810810811,0.4922297297297297,0.16385135135135134,0.2657094594594595,False
GBPUSD1440_comma,daily,40,250,long_only,fast_slope,0.005,-0.014865465661701438,-1.417331174398421,-1.8759606455931626,-0.06528164655077578,-0.2277127867805715,87,0.2413793103448276,0.525199138580706,-243.49908336882976,0.09932432432432432,0.3550675675675676,0.4864864864864865,0.2648648648648649,0.26552364864864864,False
GBPUSD1440_comma,daily,50,150,long_only,fast_slope,0.001,-0.017906009598708916,-1.280252459361378,-1.6904720618375717,-0.06638658105206746,-0.2697233283434962,94,0.2765957446808511,0.4984865029049126,-259.42157037021764,0.18986486486486487,0.3314189189189189,0.372972972972973,0.21317567567567566,0.26537162162162165,False
GBPUSD1440_comma,daily,5,400,long_only,slow_slope,0.005,-0.01588349792374888,-1.296792362414735,-1.700946631502724,-0.06376771545339616,-0.2490836908742189,52,0.17307692307692307,0.310141859343442,-435.2285870003045,0.17466216216216215,0.39256756756756755,0.44054054054054054,0.05912162162162162,0.2649831081081081,False
GBPUSD1440_comma,daily,100,200,long_short,slow_slope,0.0,-0.036858282666679676,-0.937871444480869,-1.26794577700551,-0.07972329070128711,-0.46232766287561944,106,0.2358490566037736,0.4733092598098072,-404.3479692415878,0.5449324324324324,0.0445945945945946,0.04391891891891892,0.1804054054054054,0.2649662162162162,False
GBPUSD1440_comma,daily,100,500,long_short,combined,0.005,-0.024793434616334875,-1.0762831298622273,-1.3925853417925451,-0.07229153184956746,-0.3429645766523236,113,0.19469026548672566,0.49982833133841187,-271.86789895412494,0.3861486486486487,0.1652027027027027,0.18344594594594596,0.21587837837837837,0.2648310810810811,False
GBPUSD1440_comma,daily,10,100,long_short,fast_slope,0.0025,-0.036062969185157834,-1.0915963679461795,-1.4114406214691508,-0.08055245385600494,-0.4476954761629456,364,0.3021978021978022,0.6684091056657272,-118.8506642771471,0.36858108108108106,0.0375,0.0472972972972973,0.6564189189189189,0.2647297297297297,False
GBPUSD1440_comma,daily,20,150,long_only,fast_slope,0.0,-0.019279119516470544,-1.2619437141867897,-1.5882128570921377,-0.06904135691308591,-0.27924015949947867,139,0.3237410071942446,0.5483573459673805,-192.8844243009384,0.20777027027027026,0.2685810810810811,0.3320945945945946,0.3179054054054054,0.2643581081081081,False
GBPUSD1440_comma,daily,10,50,long_only,fast_slope,0.0025,-0.019512661524861974,-1.407630421046017,-1.901322620144498,-0.06630063521438091,-0.2943058005668939,185,0.3027027027027027,0.6127390245440725,-146.43174815912735,0.10405405405405406,0.33344594594594595,0.325,0.49155405405405406,0.2637162162162162,False
GBPUSD1440_comma,daily,30,300,long_only,none,0.005,-0.0176682234558434,-1.1764883331704343,-1.4838433074043305,-0.0686258070273626,-0.2574574233975667,16,0.25,0.21141366210871815,-1508.4330734931025,0.2851351351351351,0.27804054054054056,0.3810810810810811,0.026013513513513515,0.26368243243243245,True
GBPUSD1440_comma,daily,20,50,long_only,fast_slope,0.0025,-0.019970972527256214,-1.2863795525191397,-1.7336721089315092,-0.06555333245887164,-0.304652285065539,130,0.2846153846153846,0.5267634068376925,-212.57213003663296,0.18243243243243243,0.3506756756756757,0.31317567567567567,0.26925675675675675,0.26366554054054053,False
GBPUSD1440_comma,daily,75,250,long_only,fast_slope,0.001,-0.014378018916940793,-1.3309942775768677,-1.7508342033304007,-0.06922834224099765,-0.2076897763474972,72,0.2638888888888889,0.5184504377840631,-287.7936630849796,0.14695945945945946,0.2631756756756757,0.5057432432432433,0.24797297297297297,0.2629222972972973,False
GBPUSD1440_comma,daily,60,400,long_short,combined,0.001,-0.026304579474575984,-1.0566400249719277,-1.378711837250837,-0.07486817918975233,-0.3513452545427531,146,0.22602739726027396,0.5299386906939475,-228.18955761561406,0.40844594594594597,0.10844594594594595,0.15371621621621623,0.27668918918918917,0.2627364864864865,False
GBPUSD1440_comma,daily,20,400,long_only,combined,0.005,-0.01191941782809558,-1.6064697408845516,-2.1350045296262867,-0.06790580111979494,-0.17552871229761546,102,0.3235294117647059,0.5390349036987568,-171.47349547514503,0.04628378378378378,0.29662162162162165,0.6263513513513513,0.2983108108108108,0.2626858108108108,False
GBPUSD1440_comma,daily,50,75,long_only,combined,0.0,-0.01912503043378022,-1.290991914790029,-1.716159799810201,-0.06457155321894917,-0.29618352789085134,118,0.2542372881355932,0.4923853237975572,-224.7032909851823,0.1783783783783784,0.37094594594594593,0.3368243243243243,0.20270270270270271,0.2618581081081081,False
GBPUSD1440_comma,daily,20,300,long_short,combined,0.001,-0.027818741134962743,-1.1083824139253393,-1.4599871567760445,-0.07437891760551248,-0.3740137935658935,226,0.3141592920353982,0.59666831812043,-155.01901311528925,0.35033783783783784,0.11925675675675676,0.12466216216216217,0.4449324324324324,0.2616216216216216,False
GBPUSD1440_comma,daily,40,75,long_only,fast_slope,0.0,-0.021519185572958732,-1.217619788154412,-1.5310927104023133,-0.06744515153038537,-0.3190620094205573,111,0.24324324324324326,0.49971816547815673,-265.5018210154594,0.24695945945945946,0.3070945945945946,0.2662162162162162,0.21554054054054053,0.26113175675675676,False
GBPUSD1440_comma,daily,5,300,long_only,combined,0.005,-0.01744416468710741,-1.7477385197233284,-2.3389345324259048,-0.06604380477891773,-0.26413022001839415,205,0.2634146341463415,0.6467494337474938,-119.9230350029016,0.02364864864864865,0.3398648648648649,0.3881756756756757,0.5935810810810811,0.261097972972973,False
GBPUSD1440_comma,daily,20,300,long_short,fast_slope,0.0025,-0.029927344108523046,-1.0932952634748767,-1.4358130249252405,-0.0752400375051362,-0.39775822953942674,229,0.31877729257641924,0.6058190086218002,-161.79621463138227,0.36486486486486486,0.09932432432432432,0.0956081081081081,0.47094594594594597,0.26054054054054054,False
GBPUSD1440_comma,daily,60,300,long_short,combined,0.0,-0.026946954951073576,-1.046672040219799,-1.3795120084119814,-0.0746539325800903,-0.3609582780138785,141,0.2765957446808511,0.5080964968943649,-243.4249957195072,0.42195945945945945,0.11385135135135135,0.14290540540540542,0.22972972972972974,0.2602871621621622,False
GBPUSD1440_comma,daily,40,300,long_only,fast_slope,0.005,-0.013984687602376589,-1.420338987196881,-1.883526189235196,-0.06611070998515917,-0.2115343732583712,82,0.23170731707317074,0.4969016041742721,-245.38273489082061,0.0972972972972973,0.3381756756756757,0.5243243243243243,0.21114864864864866,0.26,False
GBPUSD1440_comma,daily,10,150,long_short,combined,0.0,-0.03352348408036154,-1.1325295704022058,-1.5061532067640668,-0.07960073649606235,-0.4211454008597002,337,0.2997032640949555,0.6857014627695269,-120.90490388256643,0.3287162162162162,0.04628378378378378,0.06418918918918919,0.6929054054054054,0.2598310810810811,False
GBPUSD1440_comma,daily,60,250,long_only,fast_slope,0.001,-0.01447919080829263,-1.3579495057977886,-1.7872503860574482,-0.06719602866611504,-0.2154768830199344,71,0.28169014084507044,0.47801083684263834,-296.3964649626403,0.1314189189189189,0.31283783783783786,0.5013513513513513,0.18817567567567567,0.25927364864864866,False
GBPUSD1440_comma,daily,30,150,long_only,combined,0.005,-0.015552099109557127,-1.3830583145571629,-1.845129097057302,-0.0679308239045979,-0.2289402397267919,105,0.24761904761904763,0.5415646073203858,-204.49342490405792,0.12027027027027028,0.2962837837837838,0.4570945945945946,0.3030405405405405,0.2590540540540541,False
GBPUSD1440_comma,daily,100,500,long_short,combined,0.0,-0.026384489996055138,-1.0896923391750288,-1.4099355552648687,-0.07102228281353322,-0.3714959439606692,116,0.19827586206896552,0.4740222416133654,-280.10865141511033,0.3716216216216216,0.2097972972972973,0.15236486486486486,0.18175675675675676,0.2588344594594595,False
GBPUSD1440_comma,daily,50,300,long_short,fast_slope,0.0,-0.032995985270754424,-1.0381119909287995,-1.3888068820775474,-0.0780145579436224,-0.4229465133238226,175,0.25142857142857145,0.568270259436895,-225.38620825860644,0.43175675675675673,0.0625,0.06925675675675676,0.37027027027027026,0.2577195945945946,False
GBPUSD1440_comma,daily,100,400,long_only,slow_slope,0.0025,-0.016978012221902872,-1.3233403817790828,-1.713687793261684,-0.061417470149807855,-0.2764362026063685,33,0.12121212121212122,0.199062672060362,-727.5307380632493,0.15405405405405406,0.4483108108108108,0.4010135135135135,0.023310810810810812,0.25739864864864864,False
GBPUSD1440_comma,daily,20,150,long_only,fast_slope,0.001,-0.01934462403071735,-1.2723657091685086,-1.5999576153447765,-0.06914223880362255,-0.2797801223310089,138,0.3188405797101449,0.540178438404408,-194.8498058409908,0.1983108108108108,0.26587837837837835,0.3307432432432432,0.3013513513513513,0.2571452702702703,False
GBPUSD1440_comma,daily,60,200,long_short,combined,0.001,-0.029368085314251724,-1.0443168816897312,-1.380814129128285,-0.0749520849050019,-0.39182479515378843,150,0.22666666666666666,0.5265260616990558,-242.68823086568713,0.4239864864864865,0.10675675675675676,0.10236486486486486,0.2685810810810811,0.2570439189189189,False
GBPUSD1440_comma,daily,30,150,long_short,combined,0.005,-0.030590594841488183,-1.0778134463017242,-1.410779822634163,-0.07694163046897076,-0.3975818377519936,195,0.27692307692307694,0.5953631612062162,-190.8676146319204,0.3841216216216216,0.07635135135135135,0.08952702702702703,0.4402027027027027,0.2566722972972973,False
GBPUSD1440_comma,daily,100,500,long_short,combined,0.001,-0.026456698957240454,-1.0921907375820905,-1.4123794199119208,-0.07107375224871063,-0.3722428902397005,115,0.2,0.4754922492371176,-283.5823873873401,0.3675675675675676,0.20540540540540542,0.15067567567567566,0.18614864864864866,0.25643581081081085,False
GBPUSD1440_comma,daily,30,150,long_only,combined,0.001,-0.01622454665339701,-1.3631399039509766,-1.827303860952638,-0.06835949895265948,-0.23734150925583697,111,0.21621621621621623,0.550246362779063,-208.779341015068,0.1287162162162162,0.2851351351351351,0.4263513513513513,0.3222972972972973,0.25638513513513517,False
GBPUSD1440_comma,daily,50,150,long_short,fast_slope,0.0025,-0.033761793945951024,-1.0267001698368607,-1.334139283614294,-0.07717638855471134,-0.43746273411092373,174,0.28160919540229884,0.5489166973519314,-228.53088034801672,0.4445945945945946,0.07195945945945946,0.061824324324324324,0.3195945945945946,0.2561317567567568,False
GBPUSD1440_comma,daily,10,300,long_only,fast_slope,0.005,-0.015963406100003907,-1.5768630039062523,-2.1033168661631163,-0.0682484884794733,-0.23390124024219416,151,0.26490066225165565,0.6160279181170951,-150.60383667869036,0.051351351351351354,0.2905405405405405,0.43682432432432433,0.5027027027027027,0.25594594594594594,False
GBPUSD1440_comma,daily,20,75,long_only,fast_slope,0.001,-0.019675611467323106,-1.3324784635977436,-1.7907876471305688,-0.06581089033610006,-0.29897196902881285,143,0.3146853146853147,0.5442845940019003,-190.79655393371908,0.14594594594594595,0.3452702702702703,0.3216216216216216,0.3108108108108108,0.2556418918918919,False
GBPUSD1440_comma,daily,10,75,long_short,fast_slope,0.0025,-0.03463279874500913,-1.1223728849605799,-1.5067933045035418,-0.07789160084091745,-0.44462815465484795,354,0.2824858757062147,0.6550008134468587,-118.54338691142542,0.33783783783783783,0.06385135135135135,0.05675675675675676,0.6175675675675676,0.25508445945945946,False
GBPUSD1440_comma,daily,40,150,long_only,combined,0.005,-0.016785744659764346,-1.3857582387177325,-1.820970136690801,-0.06651060688049566,-0.25237695830868734,98,0.25510204081632654,0.5376268268571849,-241.13882987090682,0.11722972972972973,0.32804054054054055,0.4081081081081081,0.2959459459459459,0.25491554054054055,False
GBPUSD1440_comma,daily,10,150,long_short,combined,0.001,-0.03382233151513647,-1.1412783886000886,-1.5163322092735276,-0.07976804822527385,-0.42400851302790366,335,0.29850746268656714,0.6796574655550114,-122.54230795705104,0.32297297297297295,0.044256756756756756,0.06047297297297297,0.6790540540540541,0.2542060810810811,False
GBPUSD1440_comma,daily,5,150,long_short,fast_slope,0.0,-0.039113561953369014,-1.156589804086021,-1.5165927569438398,-0.08129686975773422,-0.48112014730613817,521,0.28790786948176583,0.7272676197018411,-88.77971767471527,0.3081081081081081,0.03209459459459459,0.03209459459459459,0.7766891891891892,0.2541891891891892,False
GBPUSD1440_comma,daily,40,150,long_short,combined,0.005,-0.0317460440332934,-1.0764648380087387,-1.4016246436748054,-0.07643787133397578,-0.41531826409172434,173,0.2543352601156069,0.5884101831030962,-224.32401563794585,0.3858108108108108,0.08277027027027027,0.07939189189189189,0.4206081081081081,0.2539864864864865,False
GBPUSD1440_comma,daily,5,100,long_short,fast_slope,0.0,-0.03996749921701437,-1.145487203823189,-1.5074696954421816,-0.08283544181853658,-0.4824927390931185,546,0.2893772893772894,0.7275960380352491,-86.43543376836952,0.31756756756756754,0.01891891891891892,0.026013513513513515,0.7773648648648649,0.2535641891891892,False
GBPUSD1440_comma,daily,10,75,long_short,combined,0.005,-0.03068811246592895,-1.1498113738530673,-1.549674549111082,-0.0775566371197809,-0.3956864764331294,319,0.29780564263322884,0.6566381525067346,-119.80483753919748,0.31317567567567567,0.06722972972972972,0.08817567567567568,0.6216216216216216,0.2529560810810811,False
GBPUSD1440_comma,daily,100,400,long_only,slow_slope,0.0,-0.017678969669992273,-1.3281835513904345,-1.7187025714619717,-0.061354025105904264,-0.28814685979406063,38,0.15789473684210525,0.2050157995754925,-654.5436824085339,0.15033783783783783,0.4503378378378378,0.37972972972972974,0.025,0.2524155405405405,False
GBPUSD1440_comma,daily,10,100,long_short,fast_slope,0.005,-0.03509515086139203,-1.1193617667696325,-1.442594572787703,-0.07999128024554134,-0.43873720677633754,330,0.2909090909090909,0.6609810998861735,-128.39124862015439,0.34054054054054056,0.041891891891891894,0.053716216216216216,0.6317567567567568,0.25219594594594597,False
GBPUSD1440_comma,daily,20,50,long_only,price_slow,0.001,-0.023861218202776424,-1.2431032226014882,-1.654767983837262,-0.06555618715234032,-0.3639811776625662,112,0.24107142857142858,0.5033204424041661,-293.3317016616885,0.225,0.35033783783783784,0.20168918918918918,0.2233108108108108,0.25141891891891893,False
GBPUSD1440_comma,daily,60,400,long_short,combined,0.0,-0.027224301641239013,-1.0615893415128645,-1.376578189663837,-0.07539283346717106,-0.36109932985995974,148,0.22297297297297297,0.5239659757222968,-232.31384237297198,0.4010135135135135,0.0972972972972973,0.1375,0.2608108108108108,0.25135135135135134,False
GBPUSD1440_comma,daily,20,75,long_only,fast_slope,0.0,-0.02273614406642055,-1.278512061706184,-1.6169801746929295,-0.06483988484217944,-0.3506505929453827,147,0.32653061224489793,0.5188701026368324,-209.79271057263233,0.1912162162162162,0.3638513513513513,0.23243243243243245,0.24864864864864866,0.25123310810810806,False
GBPUSD1440_comma,daily,50,500,long_only,fast_slope,0.001,-0.013882208828644438,-1.4512581438557859,-1.9280909075795547,-0.06722345292706537,-0.20650841669359132,75,0.24,0.5020730057861185,-272.07596987750196,0.08547297297297297,0.3125,0.5293918918918918,0.21993243243243243,0.25118243243243243,False
GBPUSD1440_comma,daily,5,300,long_only,combined,0.0025,-0.01796403487093534,-1.7555278560403749,-2.347776302345959,-0.06684148394265396,-0.2687557757746285,211,0.2559241706161137,0.6452495813483413,-119.53292834238593,0.021621621621621623,0.3206081081081081,0.3712837837837838,0.5868243243243243,0.25108108108108107,False
GBPUSD1440_comma,daily,20,250,long_short,combined,0.0025,-0.028567765551325564,-1.1278738843662,-1.481958601770216,-0.07485608350050119,-0.3816358566386163,220,0.2863636363636364,0.599342523971733,-163.7968038490177,0.33344594594594595,0.10912162162162162,0.11148648648648649,0.45135135135135135,0.2506587837837838,False
GBPUSD1440_comma,daily,30,200,long_short,combined,0.0,-0.02960017339408605,-1.0883846152853849,-1.4298955104176143,-0.07478791707143745,-0.3957881774647093,186,0.24731182795698925,0.5639943584272419,-195.0529525049825,0.372972972972973,0.11081081081081082,0.09898648648648649,0.3587837837837838,0.25050675675675677,False
GBPUSD1440_comma,daily,10,75,long_short,fast_slope,0.005,-0.03306067769728904,-1.1451001053143377,-1.5339927685459067,-0.07567849087058938,-0.4368569895747918,322,0.2826086956521739,0.6416736550690515,-126.06545441359128,0.31824324324324327,0.09121621621621621,0.06824324324324324,0.5777027027027027,0.2504054054054054,False
GBPUSD1440_comma,daily,10,100,long_short,fast_slope,0.001,-0.03863171983784053,-1.11118564010833,-1.4332810123238373,-0.08205087068211243,-0.47082644604114443,378,0.29365079365079366,0.6655505313420677,-120.68598981885212,0.34864864864864864,0.02668918918918919,0.03412162162162162,0.6456081081081081,0.24979729729729727,False
GBPUSD1440_comma,daily,50,250,long_only,combined,0.0,-0.015049777792938146,-1.4881638816363334,-1.9939042520285233,-0.06681614310155386,-0.2252416421292679,93,0.24731182795698925,0.5351744215230267,-225.14310506837677,0.07567567567567568,0.3219594594594595,0.47533783783783784,0.2905405405405405,0.24940878378378378,False
GBPUSD1440_comma,daily,50,300,long_only,combined,0.005,-0.013765773296319783,-1.5164958386681238,-2.0259552008810524,-0.0664701320451129,-0.2070971257733779,76,0.2631578947368421,0.4966579378516471,-262.62908624958175,0.07128378378378378,0.3287162162162162,0.535472972972973,0.21013513513513513,0.24930743243243245,False
GBPUSD1440_comma,daily,10,250,long_only,combined,0.0025,-0.015917659215972546,-1.6796727033128613,-2.2397263021905043,-0.06770658565662051,-0.2350976505697726,140,0.2571428571428571,0.6124668517643246,-162.02552180865882,0.03209459459459459,0.2996621621621622,0.43851351351351353,0.4908783783783784,0.24908783783783783,False
GBPUSD1440_comma,daily,100,250,long_only,slow_slope,0.005,-0.01597795640659927,-1.3924976656878938,-1.8038352343504265,-0.06126392256809581,-0.2608053114594404,42,0.14285714285714285,0.18485504409690823,-541.8926957775305,0.11418918918918919,0.452027027027027,0.43614864864864866,0.020945945945945947,0.24905405405405406,False
GBPUSD1440_comma,daily,50,500,long_only,fast_slope,0.0,-0.014252374075569674,-1.4534800733187565,-1.9324993003580535,-0.06678229790131214,-0.21341544875606389,76,0.23684210526315788,0.49692192442591515,-274.7813811567596,0.08479729729729729,0.32263513513513514,0.5121621621621621,0.2114864864864865,0.24873310810810811,False
GBPUSD1440_comma,daily,20,50,long_short,combined,0.0025,-0.03387246240599484,-1.0898100265639252,-1.4591012761985402,-0.07713194826997506,-0.4391495763524008,264,0.3143939393939394,0.6044161631930377,-154.6479956467998,0.3712837837837838,0.07263513513513513,0.06013513513513514,0.46452702702702703,0.2483783783783784,False
GBPUSD1440_comma,daily,20,200,long_only,slow_slope,0.0025,-0.018784522045977026,-1.2605256492899197,-1.6344461955539973,-0.06761613154005172,-0.2778112503352873,56,0.21428571428571427,0.42221019092859885,-459.9291143423169,0.20945945945945946,0.30405405405405406,0.34256756756756757,0.1331081081081081,0.24827702702702706,False
GBPUSD1440_comma,daily,10,400,long_short,fast_slope,0.001,-0.034626446498054575,-1.1561379194975787,-1.5294158472755124,-0.0795982755675379,-0.4350150333178333,332,0.2921686746987952,0.6778384636746942,-125.40865895575669,0.30844594594594593,0.046621621621621624,0.057094594594594594,0.6760135135135135,0.24785472972972972,False
GBPUSD1440_comma,daily,10,100,long_only,fast_slope,0.005,-0.018598380414170945,-1.3741809029290015,-1.7463111575418708,-0.07150120515106766,-0.26011282432060145,171,0.27485380116959063,0.6271492753935889,-152.00089137248048,0.12432432432432433,0.1918918918918919,0.34695945945945944,0.5361486486486486,0.24751689189189185,False
GBPUSD1440_comma,daily,100,200,long_short,slow_slope,0.001,-0.038287189115834064,-0.9656459446339115,-1.3004473446732598,-0.08060877448226783,-0.47497545225993243,100,0.24,0.4633076688446589,-442.537649567832,0.5125,0.03682432432432432,0.037162162162162164,0.17094594594594595,0.2472804054054054,False
GBPUSD1440_comma,daily,75,200,long_only,combined,0.0,-0.016215732041791497,-1.396098443952141,-1.8474188172547406,-0.06629545750791788,-0.24459793553509757,78,0.24358974358974358,0.5030052823064024,-295.61789313207987,0.11148648648648649,0.3341216216216216,0.42702702702702705,0.22195945945945947,0.24682432432432433,False
GBPUSD1440_comma,daily,20,50,long_short,combined,0.005,-0.030669781581986633,-1.104710380094068,-1.4895722303965175,-0.07548098410019662,-0.4063246120542663,225,0.3022222222222222,0.589319817112133,-167.40958381407773,0.35236486486486485,0.0956081081081081,0.08851351351351351,0.42364864864864865,0.24609797297297298,False
GBPUSD1440_comma,daily,5,100,long_short,fast_slope,0.001,-0.04024249732575713,-1.1625939007766308,-1.5306847043206566,-0.08299743330716274,-0.48486435932090655,535,0.2803738317757009,0.7245850186790858,-88.76328254714004,0.3037162162162162,0.01722972972972973,0.025,0.768581081081081,0.24608108108108107,False
GBPUSD1440_comma,daily,10,100,long_short,combined,0.005,-0.03356571316212631,-1.1296723104634592,-1.4487906968448774,-0.07948218666999059,-0.42230485305457044,322,0.30434782608695654,0.64481037406968,-127.25836161622627,0.3320945945945946,0.04831081081081081,0.06385135135135135,0.5841216216216216,0.24530405405405406,False
GBPUSD1440_comma,daily,10,75,long_short,fast_slope,0.001,-0.03853357592377604,-1.1183606518951075,-1.448089704112723,-0.07870834725590826,-0.48957419723844486,382,0.28272251308900526,0.6452463805782306,-119.40538342501905,0.34121621621621623,0.05506756756756757,0.03513513513513514,0.5864864864864865,0.2452533783783784,False
GBPUSD1440_comma,daily,10,150,long_only,combined,0.0025,-0.01734040848393692,-1.502524702666438,-2.0276809027376563,-0.07090325188100474,-0.2445643609271817,174,0.27586206896551724,0.6346692806911357,-140.55423041792042,0.07364864864864865,0.21554054054054053,0.39087837837837835,0.5570945945945946,0.24508445945945945,False
GBPUSD1440_comma,daily,5,150,long_short,combined,0.0025,-0.03461795618250174,-1.201784128178577,-1.635206972896039,-0.07855894807603939,-0.4406621655497991,449,0.29398663697104677,0.721330124931313,-93.53814477212879,0.2611486486486487,0.05777027027027027,0.057432432432432436,0.7631756756756757,0.24486486486486486,False
GBPUSD1440_comma,daily,60,200,long_short,combined,0.0,-0.030215213477585934,-1.054021724969972,-1.3929495637072593,-0.07548529640179354,-0.40027945729664005,154,0.22077922077922077,0.519635546067561,-242.7402945999247,0.41216216216216217,0.09527027027027027,0.0918918918918919,0.25067567567567567,0.24466216216216216,False
GBPUSD1440_comma,daily,100,250,long_only,slow_slope,0.0,-0.017775292287593558,-1.3799724921679928,-1.7862559274590406,-0.06048466916812824,-0.29388095416681326,60,0.16666666666666666,0.17404742600892972,-416.51140887670255,0.12162162162162163,0.46959459459459457,0.37736486486486487,0.02060810810810811,0.24461148648648648,False
GBPUSD1440_comma,daily,10,200,long_only,slow_slope,0.005,-0.018521431886011852,-1.273716861236835,-1.6474038727078277,-0.06742412960078767,-0.2747003483126237,52,0.17307692307692307,0.40549318220431374,-495.89615287450573,0.1966216216216216,0.30777027027027026,0.3506756756756757,0.125,0.24447635135135135,False
GBPUSD1440_comma,daily,20,100,long_only,combined,0.0,-0.018717086419942408,-1.3102769368878708,-1.6376115210289883,-0.0690305877779938,-0.2711419245065332,138,0.3333333333333333,0.5303443411759309,-189.38801199942483,0.16486486486486487,0.2689189189189189,0.34459459459459457,0.2777027027027027,0.24375000000000002,False
GBPUSD1440_comma,daily,50,500,long_only,combined,0.005,-0.013241911580618715,-1.7238080566080027,-2.2571536489930186,-0.0631962521075856,-0.20953634335902738,71,0.2112676056338028,0.4113703969794855,-275.67637821136145,0.027702702702702704,0.4043918918918919,0.5601351351351351,0.1277027027027027,0.24336148648648648,False
GBPUSD1440_comma,daily,20,500,long_only,combined,0.001,-0.013807331381297971,-1.7939581385507573,-2.3413908713678273,-0.06257649028615819,-0.2206472641427787,97,0.29896907216494845,0.4596906147542684,-205.9995195408257,0.016891891891891893,0.4192567567567568,0.5337837837837838,0.1662162162162162,0.24326013513513514,False
GBPUSD1440_comma,daily,20,250,long_short,combined,0.001,-0.029493028563704615,-1.1410111882914797,-1.4985222599537835,-0.07456103515406448,-0.3955555137179032,224,0.29910714285714285,0.5891866959351427,-165.20473040745927,0.3233108108108108,0.11452702702702702,0.10101351351351351,0.422972972972973,0.24160472972972974,False
GBPUSD1440_comma,daily,40,150,long_only,combined,0.001,-0.017929071650542805,-1.3795571760845473,-1.8145547273359257,-0.06735325996231233,-0.2661945637163674,107,0.2616822429906542,0.5278659424185713,-233.5038821155371,0.12195945945945946,0.3091216216216216,0.3722972972972973,0.2716216216216216,0.24126689189189188,False
GBPUSD1440_comma,daily,75,250,long_only,price_slow,0.001,-0.01717904225326805,-1.2596530926434026,-1.6474778964001675,-0.06995747663780291,-0.24556406375562456,45,0.13333333333333333,0.3925878819562815,-539.0509791650726,0.2097972972972973,0.24155405405405406,0.3956081081081081,0.11554054054054054,0.24076013513513514,False
GBPUSD1440_comma,daily,75,250,long_only,price_slow,0.0,-0.017300120911413197,-1.2537444321314604,-1.6410423814074777,-0.07002599122265324,-0.24705285293864787,49,0.14285714285714285,0.37705702145863973,-498.0972090437518,0.21587837837837837,0.23817567567567569,0.39256756756756755,0.10743243243243243,0.24052364864864864,False
GBPUSD1440_comma,daily,20,500,long_only,combined,0.0,-0.01398961118142339,-1.7976273850399465,-2.344478308391419,-0.0625791776004359,-0.22355057573217363,97,0.29896907216494845,0.4556671921806148,-208.44075394122152,0.015202702702702704,0.4189189189189189,0.5233108108108108,0.16148648648648647,0.23969594594594593,False
GBPUSD1440_comma,daily,40,200,long_short,combined,0.0025,-0.03061044803140711,-1.0940036925316083,-1.4351948591800576,-0.07550529402547122,-0.4054079707454801,165,0.21818181818181817,0.5597104609031184,-228.68119091239797,0.3638513513513513,0.0945945945945946,0.0891891891891892,0.3452702702702703,0.23881756756756758,False
GBPUSD1440_comma,daily,100,200,long_only,combined,0.0025,-0.01622094609198299,-1.4050059412884297,-1.844456837664298,-0.06629937579572259,-0.24466212384807262,72,0.18055555555555555,0.4720252014218967,-320.34352212099,0.10675675675675676,0.33378378378378376,0.4266891891891892,0.17905405405405406,0.2383445945945946,False
GBPUSD1440_comma,daily,50,150,long_short,fast_slope,0.0,-0.0360958581980807,-1.0344253634514413,-1.3472298420334954,-0.07866443235157375,-0.4588586877072732,189,0.2698412698412698,0.5260914312630668,-221.38880492343372,0.43614864864864866,0.05675675675675676,0.04695945945945946,0.26722972972972975,0.238125,False
GBPUSD1440_comma,daily,10,150,long_short,fast_slope,0.0025,-0.038264871318578364,-1.1420039272353826,-1.4652243974838002,-0.08228385807051443,-0.4650349681682,354,0.2909604519774011,0.6632678369115069,-128.1385856249768,0.3219594594594595,0.024324324324324326,0.0375,0.6375,0.23798986486486487,False
GBPUSD1440_comma,daily,10,200,long_only,fast_slope,0.0,-0.020568823260592395,-1.5181704596515653,-2.0089754189555205,-0.06828754436841933,-0.30120900452388766,188,0.2712765957446808,0.6243669187954844,-150.73900560249288,0.06993243243243243,0.28783783783783784,0.2962837837837838,0.5253378378378378,0.23798986486486487,False
GBPUSD1440_comma,daily,20,500,long_only,combined,0.0025,-0.01353186161033626,-1.7930559522150233,-2.3439828586629905,-0.06411795991487287,-0.21104635313260167,96,0.3020833333333333,0.46659768079185243,-204.40458030901559,0.01722972972972973,0.3831081081081081,0.5456081081081081,0.17432432432432432,0.2379391891891892,False
GBPUSD1440_comma,daily,40,50,long_short,combined,0.0025,-0.029309843923863377,-1.188142897415856,-1.575581407818651,-0.07069584271624015,-0.41459077079691364,149,0.348993288590604,0.5574070478974741,-244.9682591089739,0.2760135135135135,0.22094594594594594,0.1043918918918919,0.34054054054054056,0.23760135135135135,False
GBPUSD1440_comma,daily,30,200,long_short,combined,0.001,-0.030205642681982225,-1.100966322759279,-1.4463210914126927,-0.07524801059515854,-0.40141450176658433,184,0.25,0.5601890952663545,-198.65761470045672,0.3550675675675676,0.09898648648648649,0.09222972972972973,0.34831081081081083,0.23746621621621622,False
GBPUSD1440_comma,daily,20,200,long_short,combined,0.0025,-0.030026293060727238,-1.1457763080572447,-1.5080135116543476,-0.07452783701621292,-0.4028869515453033,222,0.27927927927927926,0.5868352857887202,-168.37782289866345,0.31722972972972974,0.11486486486486487,0.09391891891891892,0.4179054054054054,0.23707770270270273,False
GBPUSD1440_comma,daily,75,300,long_only,slow_slope,0.0025,-0.015642715982418287,-1.3218570528256302,-1.7220815525769992,-0.06687139348549055,-0.23392238694431233,39,0.20512820512820512,0.23480166154283935,-572.730881552798,0.15472972972972973,0.31925675675675674,0.4527027027027027,0.03141891891891892,0.23695945945945945,False
GBPUSD1440_comma,daily,10,150,long_short,combined,0.0025,-0.034951350145671856,-1.1695434965298679,-1.5533054565212576,-0.08040232837190107,-0.43470569638237766,330,0.296969696969697,0.6672157173868706,-127.81838963210211,0.2939189189189189,0.03918918918918919,0.05506756756756757,0.6510135135135136,0.23603040540540543,False
GBPUSD1440_comma,daily,5,150,long_short,combined,0.005,-0.034849750568952675,-1.2197291211855936,-1.6605524013793782,-0.0787010876307214,-0.4428115495998417,440,0.28863636363636364,0.7156368061848537,-95.98863206603612,0.24391891891891893,0.05540540540540541,0.056081081081081084,0.7547297297297297,0.2358445945945946,False
GBPUSD1440_comma,daily,60,100,long_only,combined,0.005,-0.01893452841019372,-1.3848838321251749,-1.707116951466017,-0.06329499892606186,-0.2991473059713946,64,0.359375,0.4193035453527804,-412.4614616852424,0.11858108108108108,0.40202702702702703,0.34054054054054056,0.13175675675675674,0.23581081081081084,False
GBPUSD1440_comma,daily,10,400,long_short,fast_slope,0.0025,-0.03518538276579575,-1.1704686589340452,-1.5503433361241552,-0.07992372828673065,-0.440237004955103,326,0.29754601226993865,0.6661414211828999,-129.37636020340045,0.2925675675675676,0.043243243243243246,0.052702702702702706,0.6483108108108108,0.23562500000000003,False
GBPUSD1440_comma,daily,20,50,long_short,combined,0.001,-0.036411798941433315,-1.0998804470716304,-1.4750365695337904,-0.07757726226298753,-0.4693617418206514,289,0.3044982698961938,0.5969383785088975,-149.58025886619373,0.35743243243243245,0.06655405405405405,0.04527027027027027,0.4452702702702703,0.23545608108108107,False
GBPUSD1440_comma,daily,20,300,long_short,combined,0.0025,-0.02911911000871603,-1.138362374785153,-1.4999531951648886,-0.07534484620283079,-0.3864777947827571,222,0.3063063063063063,0.5771109646642483,-164.15294888446826,0.3253378378378378,0.09763513513513514,0.10675675675675676,0.3918918918918919,0.23467905405405404,False
GBPUSD1440_comma,daily,50,500,long_short,fast_slope,0.001,-0.03265720702940489,-1.0720070748201356,-1.4288505627615995,-0.078320302861691,-0.4169698767262886,162,0.24691358024691357,0.544900867831858,-248.25285630036092,0.39256756756756755,0.0597972972972973,0.07263513513513513,0.31216216216216214,0.2333277027027027,False
GBPUSD1440_comma,daily,50,500,long_only,fast_slope,0.0025,-0.014633026621182599,-1.4864334810300979,-1.9675210309764155,-0.06770170728214488,-0.21613969881438722,74,0.24324324324324326,0.4804951381963614,-288.80812801648864,0.07601351351351351,0.3,0.4962837837837838,0.1902027027027027,0.2331925675675676,False
GBPUSD1440_comma,daily,50,250,long_short,fast_slope,0.0025,-0.03411907017096194,-1.0642734585740965,-1.4302464434602704,-0.07866665134396206,-0.4337170781781434,172,0.2441860465116279,0.5461914003899144,-236.4952983503599,0.3989864864864865,0.05641891891891892,0.0597972972972973,0.3141891891891892,0.23278716216216216,False
GBPUSD1440_comma,daily,60,200,long_only,slow_slope,0.0025,-0.019728279777013302,-1.2763722811050906,-1.665372646061756,-0.06881158139287692,-0.28669999115956213,62,0.27419354838709675,0.4415295096926531,-441.0728833625781,0.19358108108108107,0.2733108108108108,0.3206081081081081,0.15,0.23238175675675674,False
GBPUSD1440_comma,daily,100,250,long_only,slow_slope,0.001,-0.017872713013865615,-1.3934460667539368,-1.8029355467383348,-0.061842921850199115,-0.2890017560483047,58,0.13793103448275862,0.17243437081827703,-432.9289275833145,0.11317567567567567,0.43648648648648647,0.37432432432432433,0.02027027027027027,0.2322972972972973,False
GBPUSD1440_comma,daily,5,150,long_short,fast_slope,0.001,-0.040570770024804914,-1.1894500818101699,-1.5533367567802743,-0.08221518350891957,-0.4934705281099734,511,0.2896281800391389,0.7108613265971085,-92.8532924511079,0.2743243243243243,0.025,0.02195945945945946,0.7432432432432432,0.23185810810810809,False
GBPUSD1440_comma,daily,20,300,long_short,fast_slope,0.005,-0.031099598999450695,-1.132049926264918,-1.4827770784603718,-0.07681689341761133,-0.4048536411174457,222,0.3333333333333333,0.5889321621382904,-173.17968666538192,0.32972972972972975,0.07804054054054053,0.08412162162162162,0.42195945945945945,0.23152027027027028,False
GBPUSD1440_comma,daily,60,250,long_only,slow_slope,0.0025,-0.01653590710350028,-1.3409057039151764,-1.7469463762193884,-0.06558914017005874,-0.25211349105394854,45,0.2,0.21056772930289086,-517.0364246156481,0.14121621621621622,0.35,0.4168918918918919,0.025675675675675677,0.2312162162162162,False
GBPUSD1440_comma,daily,5,300,long_short,combined,0.005,-0.0334767787226562,-1.2499023590815683,-1.7018933593633072,-0.07694176493917902,-0.4350924202105182,421,0.27790973871733965,0.7097433559407066,-97.27541690948013,0.21925675675675677,0.07601351351351351,0.06452702702702702,0.7412162162162163,0.23079391891891893,False
GBPUSD1440_comma,daily,5,200,long_only,slow_slope,0.005,-0.019166628866231883,-1.2883900847979626,-1.6663338623609267,-0.06824932501138997,-0.2808325043952187,56,0.17857142857142858,0.40420208722592854,-473.64724669863034,0.18006756756756756,0.2902027027027027,0.3358108108108108,0.12398648648648648,0.23033783783783784,False
GBPUSD1440_comma,daily,5,400,long_short,fast_slope,0.0025,-0.036222041494100465,-1.2268186830039545,-1.6674682387343038,-0.07946555436630115,-0.4558206606995131,469,0.27078891257995735,0.7177912963989033,-92.29164603583261,0.23783783783783785,0.04864864864864865,0.04628378378378378,0.7567567567567568,0.23006756756756758,False
GBPUSD1440_comma,daily,5,400,long_short,fast_slope,0.005,-0.03564298360873819,-1.2290706844857415,-1.6704302628774421,-0.07910909718445497,-0.45055480187861474,455,0.26593406593406593,0.7129269703920218,-94.05175668222643,0.23648648648648649,0.051351351351351354,0.05067567567567568,0.7486486486486487,0.2298648648648649,False
GBPUSD1440_comma,daily,5,100,long_short,combined,0.001,-0.03837031163750537,-1.1966275980489598,-1.569056606426782,-0.08214917307186394,-0.46708092367453413,485,0.27835051546391754,0.704997527729021,-94.64713669580767,0.2662162162162162,0.025675675675675677,0.03648648648648649,0.7293918918918919,0.2296114864864865,False
GBPUSD1440_comma,daily,10,200,long_short,fast_slope,0.0,-0.038550216819704275,-1.176323898536546,-1.5521700829400324,-0.08077183820119475,-0.4772729911591148,363,0.29476584022038566,0.6719953489087611,-125.32175527635482,0.28581081081081083,0.034797297297297296,0.034797297297297296,0.6625,0.2293581081081081,False
GBPUSD1440_comma,daily,5,250,long_short,combined,0.001,-0.033680554065239954,-1.239320898173781,-1.6843387501022942,-0.079539081336151,-0.42344660636571796,428,0.2803738317757009,0.7164191038824327,-96.2486961850053,0.22837837837837838,0.0472972972972973,0.062162162162162166,0.7554054054054054,0.2289189189189189,False
GBPUSD1440_comma,daily,75,200,long_only,slow_slope,0.005,-0.019061142527047048,-1.2928707439257865,-1.683173272943759,-0.06834968801693507,-0.27887680368525236,55,0.23636363636363636,0.3983068337856813,-482.72153856634384,0.1777027027027027,0.28547297297297297,0.3381756756756757,0.12060810810810811,0.22817567567567568,False
GBPUSD1440_comma,daily,10,50,long_only,fast_slope,0.005,-0.018648913896104125,-1.461090002512117,-1.9812534423659938,-0.06895712203817055,-0.27044217253993286,164,0.27439024390243905,0.57584919569649,-158.86114148895294,0.08209459459459459,0.2706081081081081,0.34594594594594597,0.389527027027027,0.22810810810810808,False
GBPUSD1440_comma,daily,60,250,long_only,fast_slope,0.005,-0.015253222993035997,-1.425708426113565,-1.8698870131466119,-0.06827523596987706,-0.22340783999290315,68,0.29411764705882354,0.45759572876590937,-321.2108106602414,0.09527027027027027,0.2881756756756757,0.4672297297297297,0.16317567567567567,0.22807432432432434,False
GBPUSD1440_comma,daily,10,150,long_only,combined,0.005,-0.017790177751833558,-1.54056998236721,-2.0758763523613024,-0.07113536333739641,-0.25008908252080475,167,0.2694610778443114,0.6164905807927561,-149.75394162922356,0.0652027027027027,0.20168918918918918,0.377027027027027,0.5043918918918919,0.22756756756756757,False
GBPUSD1440_comma,daily,20,400,long_short,combined,0.0025,-0.028105608678969163,-1.1533014853241486,-1.508504734956047,-0.07564569191837257,-0.3715427536745548,209,0.2966507177033493,0.5713754624450433,-169.78958884602736,0.31013513513513513,0.0918918918918919,0.11858108108108108,0.377027027027027,0.2272972972972973,False
GBPUSD1440_comma,daily,10,150,long_short,fast_slope,0.001,-0.03990495538067329,-1.151188883900134,-1.4754947629745379,-0.08322618256681025,-0.4794759791924781,361,0.29085872576177285,0.6566925074735241,-129.58170523123502,0.31182432432432433,0.01587837837837838,0.026351351351351353,0.6219594594594594,0.22726351351351348,False
GBPUSD1440_comma,daily,40,50,long_short,price_slow,0.0025,-0.03002307867218168,-1.1962208173952045,-1.5850921202234296,-0.07110057034413435,-0.4222621355478131,150,0.3333333333333333,0.5548352574121254,-248.20911873040643,0.26722972972972975,0.20371621621621622,0.09425675675675675,0.33513513513513515,0.2269425675675676,False
GBPUSD1440_comma,daily,10,100,long_only,combined,0.005,-0.018159740027657634,-1.4264018314194336,-1.7954949517068017,-0.07132649311562281,-0.25460020862402477,161,0.2795031055900621,0.596514438554598,-158.13677554287278,0.0945945945945946,0.19763513513513514,0.3655405405405405,0.44391891891891894,0.2269425675675676,False
GBPUSD1440_comma,daily,50,150,long_only,fast_slope,0.0,-0.02009953554913435,-1.3117100777244894,-1.7286459818394975,-0.0680324643907038,-0.29544035673475944,101,0.27722772277227725,0.45998894459996337,-269.23466282595615,0.1635135135135135,0.2942567567567568,0.3108108108108108,0.16655405405405405,0.22611486486486487,False
GBPUSD1440_comma,daily,50,500,long_short,fast_slope,0.0,-0.03346176689189484,-1.0793428826643972,-1.4359908722547015,-0.07878988066129766,-0.42469625047079906,165,0.24848484848484848,0.5439781141503606,-248.22162857217313,0.3820945945945946,0.05439189189189189,0.06486486486486487,0.31013513513513513,0.22592905405405406,False
GBPUSD1440_comma,daily,40,400,long_only,combined,0.001,-0.014572362567573105,-1.5725548689552475,-2.093255613107025,-0.06825206666076926,-0.21350800467334685,89,0.20224719101123595,0.49997761538095686,-235.53455575909837,0.05337837837837838,0.28986486486486485,0.497972972972973,0.21655405405405406,0.2258952702702703,False
GBPUSD1440_comma,daily,10,150,long_only,fast_slope,0.0025,-0.02079279626952857,-1.3832288534779935,-1.7454595646672935,-0.07269898098685444,-0.28601221072532446,188,0.2712765957446808,0.627317845516657,-152.13415464112964,0.1195945945945946,0.15574324324324323,0.29155405405405405,0.5368243243243244,0.2256081081081081,False
GBPUSD1440_comma,daily,30,75,long_only,price_slow,0.005,-0.018748857223351734,-1.3416036974590733,-1.7938109102117235,-0.06784761793599686,-0.276337737325402,75,0.28,0.46349681612287325,-338.9252014313861,0.14087837837837838,0.2976351351351351,0.34425675675675677,0.17195945945945945,0.22540540540540538,False
GBPUSD1440_comma,daily,5,250,long_short,combined,0.0025,-0.03357068568156074,-1.244714710369276,-1.6888409637319206,-0.07934274471276703,-0.42310970969169015,419,0.2840095465393795,0.7086097700700377,-98.1027103424814,0.2233108108108108,0.05033783783783784,0.06351351351351352,0.7368243243243243,0.22513513513513517,False
GBPUSD1440_comma,daily,50,150,long_only,combined,0.005,-0.018186414201085355,-1.404612905794022,-1.8490962002758025,-0.0663841248796146,-0.2739572787027894,91,0.27472527472527475,0.46465995574660107,-280.1371703737221,0.10743243243243243,0.33175675675675675,0.3641891891891892,0.17331081081081082,0.22474662162162162,False
GBPUSD1440_comma,daily,50,500,long_short,fast_slope,0.005,-0.032325957018839335,-1.0921745501098166,-1.4535135820084717,-0.07787259009750838,-0.41511341767831655,159,0.24528301886792453,0.543552852019577,-249.34987938151767,0.3679054054054054,0.06418918918918919,0.07364864864864865,0.3087837837837838,0.22425675675675671,False
GBPUSD1440_comma,daily,10,250,long_only,combined,0.005,-0.016609875909833982,-1.7136735653679096,-2.2836383652501264,-0.06940362716679495,-0.23932287962293575,139,0.2589928057553957,0.5933688189714353,-169.43128843278564,0.028716216216216218,0.2581081081081081,0.41452702702702704,0.4347972972972973,0.22413851351351355,False
GBPUSD1440_comma,daily,5,100,long_short,fast_slope,0.0025,-0.04106106096131934,-1.1965852752592547,-1.5744257616727648,-0.0834805864889669,-0.4918635899467012,515,0.2737864077669903,0.7056931925657381,-93.59013785366119,0.2665540540540541,0.014864864864864866,0.019594594594594596,0.7324324324324324,0.22412162162162164,False
GBPUSD1440_comma,daily,5,150,long_short,combined,0.0,-0.03709802429245879,-1.2318744597792854,-1.6728303563600606,-0.0799579344944617,-0.4639692674280923,469,0.2899786780383795,0.7100610195631797,-94.51525888223539,0.23378378378378378,0.04256756756756757,0.04256756756756757,0.7425675675675676,0.22405405405405404,False
GBPUSD1440_comma,daily,5,150,long_short,fast_slope,0.0025,-0.04059931119851923,-1.2081637402829224,-1.5782615032391678,-0.08223277077719253,-0.4937120665497453,497,0.2837022132796781,0.7089525525179595,-95.44068588158642,0.2560810810810811,0.024662162162162164,0.021621621621621623,0.7391891891891892,0.2238006756756757,False
GBPUSD1440_comma,daily,5,100,long_short,combined,0.0,-0.0393409305870841,-1.2046112679215908,-1.5768598062508499,-0.08271155796579772,-0.47564006233992195,495,0.2808080808080808,0.7014316084898078,-94.44526869228676,0.2587837837837838,0.021283783783783785,0.03006756756756757,0.7239864864864864,0.22344594594594594,False
GBPUSD1440_comma,daily,100,200,long_only,combined,0.0,-0.017554481772770303,-1.4022341228995223,-1.8449608900542822,-0.0672812495045144,-0.26091194652371075,77,0.16883116883116883,0.46233164066851495,-321.03722489451474,0.10844594594594595,0.31114864864864866,0.3841216216216216,0.16959459459459458,0.22342905405405405,False
GBPUSD1440_comma,daily,5,500,long_only,fast_slope,0.0,-0.020757277076576708,-1.723364165618824,-2.31253065805579,-0.0679033343741638,-0.3056886273389623,239,0.27615062761506276,0.6249481055066933,-119.49659315082543,0.028040540540540542,0.29695945945945945,0.29324324324324325,0.5266891891891892,0.2231081081081081,False
GBPUSD1440_comma,daily,5,200,long_only,slow_slope,0.001,-0.02024390424105793,-1.282498068001633,-1.6639845457107016,-0.06866024425845611,-0.2948417160424639,63,0.2222222222222222,0.3869714918257251,-442.61591187803447,0.18783783783783783,0.27668918918918917,0.3081081081081081,0.11216216216216217,0.22275337837837839,False
GBPUSD1440_comma,daily,20,75,long_only,combined,0.0025,-0.01782699757910977,-1.4115640349527283,-1.9002775628924098,-0.06973154354108789,-0.2556518423918951,143,0.3146853146853147,0.5382157124606775,-175.20257036898704,0.10168918918918919,0.24864864864864866,0.37533783783783786,0.29695945945945945,0.22244932432432435,False
GBPUSD1440_comma,daily,5,150,long_short,combined,0.001,-0.037084296162624764,-1.233767228262586,-1.6750643584348461,-0.07994946204657521,-0.463846725335325,463,0.2937365010799136,0.7060604949647402,-95.74036020116861,0.23277027027027028,0.042905405405405404,0.042905405405405404,0.7327702702702703,0.22233108108108107,False
GBPUSD1440_comma,daily,50,250,long_only,combined,0.005,-0.015277855601206758,-1.5660751826713686,-2.09327134461222,-0.06767305982792324,-0.22575978742582015,83,0.26506024096385544,0.4936765706476794,-263.53825149159525,0.05777027027027027,0.3013513513513513,0.46554054054054056,0.20337837837837838,0.22206081081081083,False
GBPUSD1440_comma,daily,10,500,long_short,fast_slope,0.001,-0.0356730349970088,-1.1944146801879418,-1.5811653213897647,-0.07966807839453939,-0.44777074727904953,322,0.30124223602484473,0.65458349829826,-132.34494333565755,0.2695945945945946,0.04560810810810811,0.05,0.6158783783783783,0.22162162162162163,False
GBPUSD1440_comma,daily,20,100,long_only,combined,0.0025,-0.018967109110979985,-1.3620682656908334,-1.7029931186963703,-0.06919540904575255,-0.27410935743495324,128,0.3203125,0.511912026899161,-206.53682580607853,0.1293918918918919,0.2641891891891892,0.3398648648648649,0.23513513513513515,0.2210472972972973,False
GBPUSD1440_comma,daily,50,250,long_short,fast_slope,0.001,-0.03569766621861159,-1.073392262798561,-1.444827319553745,-0.07961564170906794,-0.44837503601438344,177,0.24293785310734464,0.5356065834808337,-237.2640106864385,0.3885135135135135,0.04594594594594595,0.04966216216216216,0.2918918918918919,0.2206081081081081,False
GBPUSD1440_comma,daily,40,500,long_only,combined,0.0025,-0.013456449975895235,-1.7264654100724308,-2.2451732893566296,-0.06694827362676367,-0.2009977143087346,68,0.19117647058823528,0.42119298610103256,-291.954779523619,0.027364864864864866,0.31756756756756754,0.5516891891891892,0.13277027027027027,0.22059121621621622,False
GBPUSD1440_comma,daily,60,250,long_only,fast_slope,0.0,-0.01675390642919594,-1.3993723464481138,-1.8360098948277466,-0.06853147252261954,-0.24447025304565195,75,0.28,0.4557352180942698,-314.5592866402331,0.11047297297297297,0.2797297297297297,0.40945945945945944,0.16182432432432434,0.22028716216216215,False
GBPUSD1440_comma,daily,5,400,long_short,fast_slope,0.001,-0.03783397779257902,-1.2450725278285881,-1.6920386681609851,-0.08045824034299523,-0.47023123587207416,478,0.2698744769874477,0.7147193285939047,-93.65263836229376,0.22263513513513514,0.038175675675675674,0.039527027027027026,0.7523648648648649,0.21935810810810813,False
GBPUSD1440_comma,daily,20,50,long_only,fast_slope,0.001,-0.02235709714680678,-1.2931143372082285,-1.7339100394161404,-0.06988485013284301,-0.31991335896562023,147,0.30612244897959184,0.5213150490571568,-206.85838625942057,0.17736486486486486,0.2435810810810811,0.2445945945945946,0.2554054054054054,0.21907094594594595,False
GBPUSD1440_comma,daily,20,200,long_only,slow_slope,0.005,-0.019991479475614304,-1.3076353503311535,-1.686247946143891,-0.06848198138401267,-0.2919232047845125,54,0.2222222222222222,0.40439942803717743,-501.1827683393861,0.16689189189189188,0.28175675675675677,0.31283783783783786,0.12432432432432433,0.21841216216216217,False
GBPUSD1440_comma,daily,10,100,long_short,combined,0.0025,-0.037591570667955265,-1.1630904622236828,-1.4915167753481806,-0.08177347606524323,-0.45970371417209555,352,0.3068181818181818,0.630491017246493,-127.1839642593974,0.30236486486486486,0.02837837837837838,0.04087837837837838,0.5442567567567568,0.21785472972972975,False
GBPUSD1440_comma,daily,5,250,long_short,combined,0.005,-0.033418926618557165,-1.259289993121349,-1.7117863225458858,-0.07954225665164354,-0.42014053944830654,402,0.2835820895522388,0.7022895826179413,-101.9473756805756,0.21047297297297296,0.04695945945945946,0.0652027027027027,0.7246621621621622,0.21766891891891893,False
GBPUSD1440_comma,daily,20,50,long_short,combined,0.0,-0.03821318287902298,-1.1156876406592318,-1.503381938822726,-0.08001976748581947,-0.47754678724597444,305,0.2983606557377049,0.5846911041168731,-147.02360791100102,0.3452702702702703,0.04087837837837838,0.038175675675675674,0.41114864864864864,0.21763513513513513,False
GBPUSD1440_comma,daily,40,400,long_only,combined,0.0,-0.014666611562457632,-1.5719008299612147,-2.0927119494008246,-0.06927787673613928,-0.21170700162071643,89,0.20224719101123595,0.49668448293862294,-236.89538093004873,0.05439189189189189,0.2614864864864865,0.4939189189189189,0.21047297297297296,0.21748310810810811,False
GBPUSD1440_comma,daily,10,500,long_short,fast_slope,0.0,-0.03605533977894304,-1.1982304946235205,-1.5840966679327009,-0.08029859677735424,-0.4490158137995177,327,0.29357798165137616,0.6541803183899699,-131.4858004638579,0.2641891891891892,0.03986486486486487,0.047972972972972976,0.6148648648648649,0.21746621621621623,False
GBPUSD1440_comma,daily,40,200,long_short,combined,0.0,-0.0329223455808173,-1.115119646077447,-1.4562161638964477,-0.07696800653736106,-0.4277406556558855,172,0.21511627906976744,0.543067114470955,-230.49831490985687,0.34594594594594597,0.07533783783783783,0.07027027027027027,0.3070945945945946,0.2173310810810811,False
GBPUSD1440_comma,daily,20,150,long_only,combined,0.0025,-0.017661076364136608,-1.4381762356857182,-1.901666648003728,-0.06940741054723713,-0.25445519757745283,133,0.3082706766917293,0.5278157971467099,-186.84748874400006,0.0902027027027027,0.2570945945945946,0.38141891891891894,0.27128378378378376,0.21733108108108107,False
GBPUSD1440_comma,daily,10,300,long_short,fast_slope,0.0025,-0.037542313691895535,-1.202067828378433,-1.5906342691184627,-0.07984841198860276,-0.47016982250384853,332,0.286144578313253,0.6565163066469945,-133.81867429786584,0.2608108108108108,0.04391891891891892,0.04121621621621622,0.6206081081081081,0.2166385135135135,False
GBPUSD1440_comma,daily,40,500,long_only,combined,0.005,-0.013508073657814146,-1.7326081570508527,-2.2536612215292053,-0.06752938653997825,-0.20003252435615115,67,0.19402985074626866,0.41466153627107055,-298.21247266884154,0.026351351351351353,0.3054054054054054,0.5476351351351352,0.1293918918918919,0.2158277027027027,False
GBPUSD1440_comma,daily,60,200,long_only,combined,0.005,-0.0168071398053391,-1.4933517419666074,-1.971803728999068,-0.06624657751990722,-0.253705782767246,69,0.2463768115942029,0.42934255189560866,-344.8761345785566,0.07466216216216216,0.33547297297297296,0.40574324324324323,0.13648648648648648,0.21535472972972974,False
GBPUSD1440_comma,daily,20,400,long_only,slow_slope,0.005,-0.016253882347118775,-1.3177498795750202,-1.7153240498779965,-0.06991566725900784,-0.23247839839538464,50,0.2,0.2812496018453524,-461.94859026549454,0.1570945945945946,0.24222972972972973,0.42567567567567566,0.04527027027027027,0.21532094594594595,False
GBPUSD1440_comma,daily,10,400,long_short,fast_slope,0.005,-0.035932889838184545,-1.1987743437696448,-1.581544936817429,-0.08035980671042023,-0.4471500282183374,316,0.2911392405063291,0.6476687508710991,-136.00424294335386,0.2635135135135135,0.039527027027027026,0.04831081081081081,0.5983108108108108,0.21469594594594593,False
GBPUSD1440_comma,daily,100,250,long_only,slow_slope,0.0025,-0.017861531807560338,-1.4060155442539517,-1.824183832650756,-0.06433091261836585,-0.27765083815181324,53,0.11320754716981132,0.14941606441074912,-473.5133346192806,0.10608108108108108,0.377027027027027,0.37466216216216214,0.016216216216216217,0.21405405405405406,False
GBPUSD1440_comma,daily,60,250,long_only,fast_slope,0.0025,-0.01647329790421026,-1.4192354813070962,-1.8621205746549963,-0.06879749206453259,-0.23944619796253874,71,0.28169014084507044,0.4439952301410762,-326.59548794525,0.09797297297297297,0.2743243243243243,0.4172297297297297,0.15101351351351353,0.21386824324324324,False
GBPUSD1440_comma,daily,20,150,long_only,combined,0.001,-0.01797354689904218,-1.4398529392442057,-1.9022748707650603,-0.06959790898318936,-0.25824837501056963,134,0.30597014925373134,0.5290028385300924,-188.3064177946947,0.0891891891891892,0.25101351351351353,0.37094594594594593,0.27466216216216216,0.2138175675675676,False
GBPUSD1440_comma,daily,30,200,long_only,combined,0.0025,-0.01702560649536622,-1.5169363437065642,-2.0159589058994265,-0.06630609741450927,-0.25677286342056127,92,0.20652173913043478,0.43859819979236436,-253.64448977114756,0.07027027027027027,0.3331081081081081,0.39966216216216216,0.14763513513513513,0.21346283783783784,False
GBPUSD1440_comma,daily,30,75,long_only,combined,0.005,-0.01691729825029742,-1.479395901185588,-1.9814317201252376,-0.06925993071427738,-0.2442580879857862,108,0.26851851851851855,0.5132631411904306,-214.40592823539754,0.0777027027027027,0.26182432432432434,0.40337837837837837,0.2375,0.21283783783783786,False
GBPUSD1440_comma,daily,50,200,long_only,slow_slope,0.005,-0.01977749067704815,-1.3172515380501948,-1.7147757296214878,-0.06884541433596568,-0.287273900052863,56,0.21428571428571427,0.39492609764084863,-489.3745447729828,0.15844594594594594,0.27263513513513515,0.31824324324324327,0.11722972972972973,0.2127702702702703,False
GBPUSD1440_comma,daily,5,300,long_short,combined,0.0025,-0.035549202486595766,-1.2712508879124789,-1.7194448933519182,-0.07826718292935664,-0.4542031686343203,434,0.2764976958525346,0.6984915558209606,-98.86806514260567,0.19932432432432431,0.06047297297297297,0.05101351351351351,0.7179054054054054,0.2127364864864865,False
GBPUSD1440_comma,daily,60,200,long_only,combined,0.0025,-0.017098825651042038,-1.4718315551597503,-1.937881455151636,-0.06695004637107908,-0.2553967708441849,75,0.25333333333333335,0.43583739100392277,-322.1082094691172,0.08006756756756757,0.31722972972972974,0.39763513513513515,0.14493243243243242,0.21260135135135136,False
GBPUSD1440_comma,daily,60,400,long_only,combined,0.0025,-0.015269969328080557,-1.6177417748480158,-2.127685085564855,-0.06667940802756005,-0.22900577224334606,76,0.23684210526315788,0.4296987142870482,-285.0997217695912,0.04391891891891892,0.325,0.46621621621621623,0.13682432432432431,0.21258445945945947,False
GBPUSD1440_comma,daily,50,500,long_short,fast_slope,0.0025,-0.033773007531854526,-1.0966199843621418,-1.458112907391487,-0.07897175425038021,-0.42765933025594305,160,0.25,0.5337548623084272,-257.50328644582817,0.360472972972973,0.052364864864864864,0.06148648648648649,0.2864864864864865,0.2125506756756757,False
GBPUSD1440_comma,daily,10,75,long_short,combined,0.001,-0.03837723046313868,-1.176597580173291,-1.524223170467044,-0.08198012097245454,-0.4681284927114647,369,0.2926829268292683,0.6374798491864448,-123.35597809437245,0.28445945945945944,0.02702702702702703,0.03614864864864865,0.5638513513513513,0.21234797297297298,False
GBPUSD1440_comma,daily,5,300,long_short,fast_slope,0.005,-0.03840383893578536,-1.2628892630088677,-1.7212828178021493,-0.0793689717111941,-0.4838646401458787,457,0.2735229759299781,0.7066722675920218,-99.3296397200116,0.20641891891891892,0.05,0.03581081081081081,0.7331081081081081,0.21219594594594593,False
GBPUSD1440_comma,daily,10,300,long_only,fast_slope,0.001,-0.019379215306737252,-1.6275910477487108,-2.164859782312583,-0.06945101652646604,-0.2790342931748496,169,0.25443786982248523,0.5940699244020479,-159.35272138538843,0.04121621621621622,0.25574324324324327,0.32972972972972975,0.43648648648648647,0.21184121621621624,False
GBPUSD1440_comma,daily,60,200,long_only,slow_slope,0.005,-0.019868509023476144,-1.3192300067496894,-1.717684311590216,-0.06890790798604554,-0.28833423628968236,53,0.2830188679245283,0.3983568322475372,-519.112745542878,0.15608108108108107,0.2716216216216216,0.3162162162162162,0.12094594594594595,0.21172297297297296,False
GBPUSD1440_comma,daily,60,400,long_only,combined,0.005,-0.015472809470865379,-1.6679792254037562,-2.1795819192888954,-0.06595760010857019,-0.23458721125990334,74,0.22972972972972974,0.4223163814059032,-298.93644362482246,0.03513513513513514,0.3422297297297297,0.45844594594594595,0.13378378378378378,0.21136824324324324,False
GBPUSD1440_comma,daily,5,500,long_short,fast_slope,0.0,-0.03795768773849584,-1.26527889908855,-1.7152840734666952,-0.07937758341628026,-0.4781915259303643,473,0.27906976744186046,0.7045325838170061,-95.14285016964507,0.20439189189189189,0.04966216216216216,0.03918918918918919,0.7277027027027027,0.21116554054054054,False
GBPUSD1440_comma,daily,40,500,long_only,combined,0.001,-0.013986384655380046,-1.7382732367333429,-2.261164340290991,-0.06729032287959194,-0.2078513530156041,69,0.18840579710144928,0.4041635118955376,-297.68704730764136,0.02533783783783784,0.310472972972973,0.5239864864864865,0.12364864864864865,0.21109797297297297,False
GBPUSD1440_comma,daily,40,500,long_only,fast_slope,0.005,-0.015379023824637406,-1.571730090129901,-2.0605152737484693,-0.0681042258854157,-0.225815999296613,76,0.21052631578947367,0.4464973246754517,-294.4618173788918,0.05506756756756757,0.2935810810810811,0.46216216216216216,0.15371621621621623,0.21091216216216216,False
GBPUSD1440_comma,daily,30,75,long_only,fast_slope,0.005,-0.017468367531410123,-1.4372255735445287,-1.9269603700549944,-0.06994629721847309,-0.2497397035449742,94,0.2553191489361702,0.5138708160788585,-253.65500054301853,0.09121621621621621,0.2418918918918919,0.3878378378378378,0.23885135135135135,0.21035472972972974,False
GBPUSD1440_comma,daily,60,250,long_only,slow_slope,0.0,-0.01846858119300887,-1.3547339954560842,-1.7533044886670845,-0.0667171959041338,-0.2768189061714531,51,0.17647058823529413,0.24320038700615193,-503.9323397726932,0.13378378378378378,0.3236486486486487,0.3533783783783784,0.03412162162162162,0.2102195945945946,False
GBPUSD1440_comma,daily,20,100,long_only,combined,0.001,-0.020377896517740024,-1.3547491521709851,-1.691118242211153,-0.06979254799403233,-0.2919781137591144,137,0.31386861313868614,0.5036766907741688,-205.21628810683504,0.13344594594594594,0.2472972972972973,0.3033783783783784,0.22432432432432434,0.20952702702702702,False
GBPUSD1440_comma,daily,30,200,long_only,combined,0.0,-0.017358308377849685,-1.5164019410765077,-2.0133629418247265,-0.06655898748380944,-0.26079585994411525,94,0.2127659574468085,0.43234623384575543,-258.3281535896006,0.07162162162162163,0.327027027027027,0.389527027027027,0.14087837837837838,0.20944256756756757,False
GBPUSD1440_comma,daily,50,250,long_short,fast_slope,0.005,-0.03461089165517417,-1.096409167844962,-1.475291198082318,-0.07927184334491952,-0.4366101530473917,167,0.23353293413173654,0.5283551838106315,-249.61210259175255,0.3608108108108108,0.05067567567567568,0.05777027027027027,0.27263513513513515,0.20944256756756754,False
GBPUSD1440_comma,daily,20,500,long_only,combined,0.005,-0.014172718446304411,-1.8270037759769036,-2.3767333508776227,-0.06740090657595627,-0.2102748934145673,96,0.2916666666666667,0.45448909083643524,-213.0829809101964,0.012162162162162163,0.30844594594594593,0.5165540540540541,0.1597972972972973,0.20925675675675678,False
GBPUSD1440_comma,daily,30,200,long_only,combined,0.001,-0.01734480900459734,-1.5216136366057667,-2.021025379913805,-0.06654877644666285,-0.26063302634119445,93,0.21505376344086022,0.4369225596830258,-256.3526301146522,0.06891891891891892,0.3273648648648649,0.3898648648648649,0.14527027027027026,0.2091722972972973,False
GBPUSD1440_comma,daily,5,300,long_only,combined,0.001,-0.01985297228201255,-1.7993170108384993,-2.395749389471491,-0.0698830631043448,-0.28408846722086856,216,0.25925925925925924,0.6240268291174976,-127.28958573532593,0.014527027027027028,0.24391891891891893,0.3168918918918919,0.5239864864864865,0.20876689189189188,False
GBPUSD1440_comma,daily,60,400,long_only,combined,0.001,-0.014971580107907778,-1.5986515943001471,-2.1037982932525563,-0.06818275900798039,-0.2195801449770527,77,0.23376623376623376,0.4288228100738873,-278.8882248254649,0.04831081081081081,0.29155405405405405,0.4793918918918919,0.13614864864864865,0.20851351351351352,False
GBPUSD1440_comma,daily,5,250,long_short,combined,0.0,-0.035885216449607515,-1.2715451324017262,-1.7231489779490394,-0.08067192232703058,-0.44482907329435895,436,0.2775229357798165,0.7069722528850498,-99.32818326351365,0.19898648648648648,0.03614864864864865,0.04864864864864865,0.7337837837837838,0.20842905405405404,False
GBPUSD1440_comma,daily,40,400,long_only,combined,0.0025,-0.014933162010517753,-1.6085579721895826,-2.12639001054601,-0.06941811501075036,-0.21511909403194174,86,0.20930232558139536,0.48566409964072066,-249.13110195812035,0.04560810810810811,0.25675675675675674,0.4831081081081081,0.19527027027027027,0.2083445945945946,False
GBPUSD1440_comma,daily,5,200,long_only,slow_slope,0.0025,-0.020894832015217024,-1.3046616056008984,-1.6886039334895282,-0.06911592800344125,-0.30231572690706954,63,0.1746031746031746,0.38426471568996484,-454.7484973830359,0.16824324324324325,0.2665540540540541,0.2885135135135135,0.11081081081081082,0.20826013513513514,False
GBPUSD1440_comma,daily,5,150,long_short,fast_slope,0.005,-0.041076690236039326,-1.2395953773555846,-1.6172250198445222,-0.08252705333197526,-0.4977360583904925,477,0.27253668763102723,0.6974056534540313,-100.30450615982848,0.2277027027027027,0.022635135135135136,0.01891891891891892,0.7152027027027027,0.20780405405405405,False
GBPUSD1440_comma,daily,10,100,long_short,fast_slope,0.0,-0.043649151178351664,-1.1717652568100336,-1.5034832072256352,-0.08501790957451676,-0.5134112494273212,389,0.2827763496143959,0.6403830371882373,-128.41240113321865,0.2908783783783784,0.007770270270270271,0.010810810810810811,0.572972972972973,0.20640202702702704,False
GBPUSD1440_comma,daily,40,200,long_short,combined,0.001,-0.03357306099257518,-1.1274227150821237,-1.4727423068307275,-0.0773781104214538,-0.43388318491771716,171,0.21637426900584794,0.5323893259787512,-235.72367291182042,0.33378378378378376,0.06959459459459459,0.06317567567567567,0.2827702702702703,0.20596283783783786,False
GBPUSD1440_comma,daily,40,400,long_only,combined,0.005,-0.014911723318610348,-1.623387824853105,-2.145878594655681,-0.0694068345944435,-0.21484517203157594,84,0.21428571428571427,0.4744813617763329,-252.90161358941583,0.04256756756756757,0.2574324324324324,0.4847972972972973,0.1837837837837838,0.20591216216216218,False
GBPUSD1440_comma,daily,20,50,long_only,slow_slope,0.0025,-0.02555844324640899,-1.318352636796847,-1.7456077881280614,-0.06540712613758146,-0.3907593064499999,88,0.20454545454545456,0.43371265791739716,-389.1243572164456,0.15641891891891893,0.35371621621621624,0.16655405405405405,0.14290540540540542,0.20574324324324325,False
GBPUSD1440_comma,daily,10,300,long_short,fast_slope,0.001,-0.039032241300454684,-1.2157447930945424,-1.6126376653371444,-0.08073136329115319,-0.4834829948267697,345,0.28405797101449276,0.6498907496349211,-132.47293143878275,0.2489864864864865,0.03513513513513514,0.032432432432432434,0.6050675675675675,0.205625,False
GBPUSD1440_comma,daily,10,150,long_only,combined,0.001,-0.01961920676161888,-1.547566073284201,-2.073471863909477,-0.07208491950707924,-0.2721679776543572,180,0.26666666666666666,0.6095567783146646,-151.20443203019872,0.06317567567567567,0.17398648648648649,0.3233108108108108,0.4810810810810811,0.20559121621621623,False
GBPUSD1440_comma,daily,10,75,long_short,fast_slope,0.0,-0.04295119527347324,-1.1641218090866439,-1.4981502247021208,-0.08499577752752083,-0.5053332826982617,396,0.2828282828282828,0.6276368426687842,-124.71388608816639,0.30067567567567566,0.008108108108108109,0.0125,0.5381756756756757,0.20552364864864864,False
GBPUSD1440_comma,daily,10,50,long_short,fast_slope,0.001,-0.041000586229931746,-1.1749282492761048,-1.5816499688129635,-0.0826833790020499,-0.495874584768908,395,0.28860759493670884,0.6288039151430104,-120.81059554544875,0.2868243243243243,0.021621621621621623,0.02027027027027027,0.5412162162162162,0.2053716216216216,False
GBPUSD1440_comma,daily,100,200,long_only,combined,0.001,-0.01833012564929426,-1.4436640382955557,-1.8881048270942251,-0.06783604199322521,-0.27021219267369534,75,0.17333333333333334,0.4489928341641002,-342.2286255350432,0.08783783783783784,0.2983108108108108,0.35912162162162165,0.1554054054054054,0.20484797297297297,False
GBPUSD1440_comma,daily,10,500,long_short,fast_slope,0.0025,-0.03649996218768847,-1.2153606308747062,-1.6064532634906559,-0.08045540634644682,-0.4536669920044526,316,0.2974683544303797,0.6407779378199807,-137.51236261374808,0.24966216216216217,0.038513513513513516,0.04493243243243243,0.5739864864864865,0.2045777027027027,False
GBPUSD1440_comma,daily,5,300,long_short,fast_slope,0.0025,-0.04030668504668289,-1.2729839282490856,-1.7226833038208602,-0.07999823320359616,-0.5038446904708763,481,0.2661122661122661,0.7054569523369303,-97.93444923300243,0.1972972972972973,0.04155405405405405,0.024662162162162164,0.731418918918919,0.20395270270270272,False
GBPUSD1440_comma,daily,50,250,long_only,combined,0.001,-0.017179099429735056,-1.565932878132403,-2.081055410690725,-0.06826207336251713,-0.25166389743983575,92,0.25,0.4856160561613806,-256.25225358571635,0.05810810810810811,0.2891891891891892,0.3952702702702703,0.19493243243243244,0.20383445945945944,False
GBPUSD1440_comma,daily,5,100,long_short,combined,0.0025,-0.04043462292342537,-1.2398775800815078,-1.6244068508779546,-0.08341616363226556,-0.48473366746615953,478,0.2698744769874477,0.6845603437734373,-99.84240460108076,0.22736486486486487,0.015202702702702704,0.023986486486486488,0.6895270270270271,0.202972972972973,False
GBPUSD1440_comma,daily,20,150,long_only,combined,0.005,-0.018189536433175002,-1.479598532109556,-1.956968380835195,-0.069729178746947,-0.26085975426709596,125,0.32,0.5173198501060113,-203.97025037539086,0.07736486486486487,0.2489864864864865,0.3638513513513513,0.2456081081081081,0.20280405405405405,False
GBPUSD1440_comma,daily,5,400,long_short,fast_slope,0.0,-0.03982802436700794,-1.2725651427897071,-1.7243608239399162,-0.08168798040434468,-0.4875628479228462,487,0.27104722792607805,0.7087569905346288,-95.52336479820805,0.19797297297297298,0.029391891891891894,0.02668918918918919,0.7378378378378379,0.2025506756756757,False
GBPUSD1440_comma,daily,10,150,long_only,combined,0.0,-0.019794588311581318,-1.5520049893903836,-2.0795041008902664,-0.0721764473577164,-0.2742527380639368,180,0.26666666666666666,0.607379720790361,-152.36263225774354,0.060810810810810814,0.17128378378378378,0.31756756756756754,0.4756756756756757,0.20201013513513516,False
GBPUSD1440_comma,daily,50,500,long_only,combined,0.001,-0.014645572188331846,-1.7324099047043982,-2.2618567333917556,-0.06770962945580215,-0.21629969482984435,72,0.20833333333333334,0.38926594704825,-297.0534792287078,0.02668918918918919,0.2993243243243243,0.4956081081081081,0.11418918918918919,0.20175675675675678,False
GBPUSD1440_comma,daily,40,500,long_only,combined,0.0,-0.014561646077500434,-1.7533781147545822,-2.280095645920128,-0.0676565915861309,-0.21522878608158358,72,0.18055555555555555,0.38998496817752043,-295.56151082681646,0.02195945945945946,0.3027027027027027,0.49864864864864866,0.11452702702702702,0.20136824324324326,False
GBPUSD1440_comma,daily,50,200,long_short,fast_slope,0.005,-0.03513816241612422,-1.10169223911677,-1.4527545617558388,-0.07865755252308565,-0.4467233124983303,170,0.2529411764705882,0.5086363190009212,-245.20724116073382,0.3543918918918919,0.057094594594594594,0.05337837837837838,0.23074324324324325,0.20131756756756758,False
GBPUSD1440_comma,daily,30,500,long_short,combined,0.001,-0.03066524359234135,-1.1666927212065528,-1.5459405667904587,-0.07501988760963896,-0.4087615240362119,164,0.23170731707317074,0.5209788434305435,-237.60800494780065,0.2972972972972973,0.10506756756756756,0.08885135135135135,0.2543918918918919,0.20111486486486485,False
GBPUSD1440_comma,daily,10,100,long_short,combined,0.001,-0.039757565566530095,-1.1879561660342624,-1.5205566284561283,-0.08302309993691395,-0.4788735375665367,361,0.296398891966759,0.6278422737585805,-129.3664833004125,0.27635135135135136,0.016891891891891893,0.02702702702702703,0.5385135135135135,0.20094594594594595,False
GBPUSD1440_comma,daily,5,50,long_short,combined,0.005,-0.0356685658472653,-1.2815631311157567,-1.7674473278402707,-0.07855265902911888,-0.45407203636535365,435,0.2896551724137931,0.6754141260543886,-99.45496415995123,0.1885135135135135,0.05810810810810811,0.05033783783783784,0.6722972972972973,0.20084459459459458,False
GBPUSD1440_comma,daily,40,500,long_short,fast_slope,0.005,-0.03217414665458029,-1.1413045874071233,-1.47116551571203,-0.07826727529807632,-0.4110804487833126,152,0.21710526315789475,0.5285650919982399,-261.69380009425447,0.32263513513513514,0.06013513513513514,0.07567567567567568,0.27297297297297296,0.20016891891891894,False
GBPUSD1440_comma,daily,30,500,long_short,combined,0.005,-0.030033681966663783,-1.1658057124576124,-1.5470959013455663,-0.0752339896996331,-0.39920363238173784,155,0.23870967741935484,0.5161052037176385,-247.90023915954478,0.2993243243243243,0.09966216216216216,0.09358108108108108,0.24391891891891893,0.19994932432432433,False
GBPUSD1440_comma,daily,40,400,long_short,combined,0.0,-0.03194711416037088,-1.1550260624064717,-1.4959719378669742,-0.07809930368642784,-0.40905760554076076,172,0.22093023255813954,0.53761985105591,-229.45138104639832,0.30945945945945946,0.06114864864864865,0.07702702702702703,0.2956081081081081,0.19881756756756758,False
GBPUSD1440_comma,daily,20,300,long_short,combined,0.005,-0.030944572711085416,-1.186212770698392,-1.5584419164615395,-0.07672953691902917,-0.40329414139095454,214,0.3177570093457944,0.5557287249767213,-179.92997463220263,0.27702702702702703,0.08006756756756757,0.08581081081081081,0.3375,0.19861486486486488,False
GBPUSD1440_comma,daily,10,150,long_only,fast_slope,0.005,-0.021342318652565195,-1.4330043861676327,-1.8059103627183528,-0.07298779536769301,-0.2924094164654282,177,0.2598870056497175,0.6041565707929542,-165.20306014995984,0.09256756756756757,0.14695945945945946,0.27263513513513515,0.46283783783783783,0.1977195945945946,False
GBPUSD1440_comma,daily,75,250,long_only,slow_slope,0.0,-0.019386163353384944,-1.3787947446049547,-1.7914698711389825,-0.06693335835847784,-0.2896338063534425,59,0.1864406779661017,0.18945931658879145,-456.5916985303895,0.1222972972972973,0.3185810810810811,0.3293918918918919,0.021621621621621623,0.1976858108108108,False
GBPUSD1440_comma,daily,50,500,long_only,combined,0.0,-0.015115466675007294,-1.7428655444136987,-2.276298918697606,-0.06736388879791064,-0.22438530412567448,73,0.2054794520547945,0.3741033584280865,-301.18849436571264,0.024324324324324326,0.3087837837837838,0.47195945945945944,0.10675675675675676,0.19733108108108108,False
GBPUSD1440_comma,daily,5,250,long_short,fast_slope,0.001,-0.04121936587839048,-1.2667455860632764,-1.7157009470106797,-0.08396545897977974,-0.49090859955064114,499,0.2725450901803607,0.7023087724243887,-96.08326266469747,0.20337837837837838,0.011824324324324325,0.018581081081081082,0.725,0.19677364864864866,False
GBPUSD1440_comma,daily,40,300,long_short,combined,0.005,-0.03198452459178813,-1.1474742048100701,-1.490964474621159,-0.0775161366384372,-0.4126176300681149,157,0.2356687898089172,0.5193202453202516,-251.24521272546173,0.3158783783783784,0.06756756756756757,0.07668918918918918,0.25,0.1960810810810811,False
GBPUSD1440_comma,daily,20,200,long_short,combined,0.001,-0.03301766042455201,-1.1850882530972044,-1.5548739078781213,-0.07719406275803344,-0.42772279686906267,232,0.27155172413793105,0.5605610132236619,-173.66373838629224,0.27837837837837837,0.07128378378378378,0.06858108108108107,0.3489864864864865,0.19523648648648648,False
GBPUSD1440_comma,daily,60,400,long_only,combined,0.0,-0.015259707001639367,-1.6031136399485104,-2.1109830624702512,-0.06958995912302632,-0.2192802983927914,79,0.22784810126582278,0.42871023474243786,-276.47917108184737,0.046621621621621624,0.25135135135135134,0.46655405405405403,0.1358108108108108,0.19516891891891894,False
GBPUSD1440_comma,daily,5,200,long_short,fast_slope,0.0,-0.04428030030552188,-1.254280537349588,-1.636914211446873,-0.08433606751957148,-0.5250458268669683,514,0.2821011673151751,0.6863676629444252,-98.1977181926849,0.21554054054054053,0.010472972972972974,0.007432432432432433,0.6949324324324324,0.1945608108108108,False
GBPUSD1440_comma,daily,20,150,long_only,combined,0.0,-0.01907357482054861,-1.4611075732547851,-1.9248961796904691,-0.07026332583048886,-0.2714584684841683,135,0.3037037037037037,0.5136140174460733,-196.77487768996977,0.08175675675675675,0.23175675675675675,0.33783783783783783,0.23851351351351352,0.1939864864864865,False
GBPUSD1440_comma,daily,10,300,long_short,fast_slope,0.005,-0.038175050510594666,-1.2317709021424335,-1.6249483152597195,-0.08058986239141964,-0.47369544230241967,316,0.2848101265822785,0.6342010604138748,-142.56567719855124,0.23445945945945945,0.037162162162162164,0.038513513513513516,0.5540540540540541,0.19388513513513514,False
GBPUSD1440_comma,daily,30,500,long_short,combined,0.0,-0.03117428376797493,-1.1742081463377458,-1.5552880887577074,-0.07512017886700427,-0.41499213977068816,165,0.23030303030303031,0.5171987334886395,-239.10670919959415,0.2875,0.10202702702702703,0.08243243243243244,0.24527027027027026,0.19378378378378378,False
GBPUSD1440_comma,daily,20,75,long_only,combined,0.001,-0.02010641695311799,-1.4272882229093704,-1.9164687909742042,-0.07107984747486878,-0.282870851125938,152,0.3092105263157895,0.5328312156574491,-182.85896310172447,0.09425675675675675,0.20506756756756755,0.310472972972973,0.28412162162162163,0.19368243243243244,False
GBPUSD1440_comma,daily,30,200,long_only,combined,0.005,-0.018088258652955824,-1.5737299637982056,-2.0846696709346166,-0.06710516477857054,-0.26955091627659866,91,0.2087912087912088,0.4196684114578291,-276.820625584539,0.052702702702702706,0.3152027027027027,0.3679054054054054,0.1320945945945946,0.19327702702702704,False
GBPUSD1440_comma,daily,10,75,long_short,combined,0.0,-0.04101463485537393,-1.2017671205132512,-1.5462349788285452,-0.08352592846609745,-0.491040753555005,374,0.2967914438502674,0.628480662162145,-127.79156449886122,0.2614864864864865,0.01418918918918919,0.019932432432432434,0.5405405405405406,0.19320945945945947,False
GBPUSD1440_comma,daily,5,500,long_only,fast_slope,0.001,-0.022059402679751372,-1.7692399926644249,-2.3684270916208683,-0.06944426924700962,-0.3176561999851598,235,0.2723404255319149,0.6063751017629122,-127.94743404521206,0.019594594594594596,0.2560810810810811,0.2516891891891892,0.4726351351351351,0.19309121621621622,False
GBPUSD1440_comma,daily,20,500,long_short,combined,0.0025,-0.02902339568781953,-1.208656003176463,-1.5941498848837998,-0.07392319384256825,-0.39261555378180335,195,0.29743589743589743,0.5189759562188099,-184.27037898130803,0.25472972972972974,0.12466216216216217,0.10777027027027027,0.2489864864864865,0.19195945945945947,False
GBPUSD1440_comma,daily,10,50,long_only,slow_slope,0.001,-0.02615800054531492,-1.284479132921695,-1.6994523666658488,-0.06955810758160269,-0.3760596924611187,122,0.22950819672131148,0.44415057003158176,-284.7392194270522,0.18547297297297297,0.25236486486486487,0.15641891891891893,0.15135135135135136,0.19126689189189192,False
GBPUSD1440_comma,daily,60,200,long_only,slow_slope,0.001,-0.02235327801153375,-1.317587013928003,-1.7133027356162478,-0.0699643433654092,-0.3194952876894339,67,0.26865671641791045,0.4057419958046326,-451.63543879088473,0.15777027027027027,0.2408783783783784,0.24493243243243243,0.12533783783783783,0.19111486486486487,False
GBPUSD1440_comma,daily,50,300,long_only,fast_slope,0.0025,-0.018252660797096643,-1.51183029408659,-2.0039802162210822,-0.06900584883051555,-0.26450889462901594,89,0.23595505617977527,0.43866500334542513,-282.30603769465097,0.0722972972972973,0.2699324324324324,0.3625,0.14797297297297296,0.19109797297297296,False
GBPUSD1440_comma,daily,50,150,long_short,combined,0.001,-0.03830693668844243,-1.1250547056682703,-1.4617069286328652,-0.08006945122843505,-0.4784213717058484,192,0.2708333333333333,0.5236261791506861,-229.73496629028463,0.3358108108108108,0.04054054054054054,0.03682432432432432,0.26013513513513514,0.19084459459459463,False
GBPUSD1440_comma,daily,10,200,long_only,slow_slope,0.0,-0.021972743136820738,-1.3134822116040723,-1.6973359785398945,-0.06985913355060011,-0.3145292822864103,62,0.1935483870967742,0.3591295767333011,-482.2292327741169,0.16114864864864864,0.2445945945945946,0.2543918918918919,0.09493243243243243,0.19072635135135135,False
GBPUSD1440_comma,daily,20,200,long_only,slow_slope,0.001,-0.021869862175903365,-1.3139680480140872,-1.6972728019063579,-0.06978875895265958,-0.31337227519318034,60,0.23333333333333334,0.34763198811486684,-494.4713721527865,0.16047297297297297,0.24763513513513513,0.2574324324324324,0.08648648648648649,0.19055743243243245,False
GBPUSD1440_comma,daily,5,250,long_short,fast_slope,0.0025,-0.0412677650471025,-1.2778362820908353,-1.724600158031742,-0.08401474607886529,-0.4911966883571145,487,0.27720739219712526,0.695687026129021,-98.57243576773138,0.19222972972972974,0.011486486486486487,0.018243243243243244,0.7125,0.19028716216216218,False
GBPUSD1440_comma,daily,50,250,long_only,combined,0.0025,-0.017710686194298275,-1.6065110516349361,-2.130701822194456,-0.06861225523435556,-0.2581271543079985,87,0.25287356321839083,0.4689211604929324,-281.1402064308303,0.04594594594594595,0.27837837837837837,0.3793918918918919,0.17601351351351352,0.1902533783783784,False
GBPUSD1440_comma,daily,40,300,long_short,combined,0.0025,-0.03339098888169467,-1.1567935925246637,-1.5069631071592207,-0.078468025162514,-0.42553624629317577,167,0.23353293413173654,0.5232333753166807,-244.9140040486594,0.30777027027027026,0.05945945945945946,0.06554054054054054,0.2597972972972973,0.19005067567567568,False
GBPUSD1440_comma,daily,5,200,long_short,fast_slope,0.001,-0.044338385659632995,-1.2622813654582314,-1.6500478710941902,-0.0843723584119261,-0.5255084306540581,508,0.27755905511811024,0.6839420703766141,-99.7063370497034,0.2070945945945946,0.010135135135135136,0.007094594594594595,0.6878378378378378,0.1899662162162162,False
GBPUSD1440_comma,daily,10,150,long_only,fast_slope,0.0,-0.023159679439153535,-1.4028032666963035,-1.7632622993905525,-0.0739487958508034,-0.3131853490336709,194,0.27319587628865977,0.6086684093374769,-161.4357469245738,0.10810810810810811,0.12398648648648648,0.21925675675675677,0.47871621621621624,0.18989864864864864,False
GBPUSD1440_comma,daily,20,400,long_short,combined,0.005,-0.030077406544560703,-1.1978745456810767,-1.5610976880698186,-0.07749086061682356,-0.3881413408645352,205,0.3024390243902439,0.5506360359828412,-183.01512051875662,0.264527027027027,0.0679054054054054,0.09256756756756757,0.3233108108108108,0.18979729729729727,False
GBPUSD1440_comma,daily,20,75,long_only,combined,0.0,-0.022018376442138665,-1.3482132163259342,-1.7047571885207324,-0.071934542201339,-0.306089060531045,155,0.32903225806451614,0.5239300866585208,-193.68125388685797,0.13648648648648648,0.18074324324324326,0.25236486486486487,0.26047297297297295,0.18932432432432433,False
GBPUSD1440_comma,daily,10,200,long_short,fast_slope,0.0025,-0.041288464297288274,-1.241737264608701,-1.6366528045984572,-0.08247167621959169,-0.5006381122575017,351,0.2849002849002849,0.647199926002718,-136.42143781121706,0.2260135135135135,0.023310810810810812,0.017905405405405406,0.5949324324324324,0.18905405405405407,False
GBPUSD1440_comma,daily,10,300,long_short,combined,0.005,-0.035860622333400816,-1.2535815900402967,-1.6606457482209933,-0.07967462850487217,-0.45008835317265283,302,0.2814569536423841,0.6273032077663068,-142.45010321559755,0.21621621621621623,0.04527027027027027,0.048986486486486486,0.5364864864864864,0.1880743243243243,False
GBPUSD1440_comma,daily,10,100,long_only,fast_slope,0.001,-0.02353622508860964,-1.3860294678769942,-1.7436739161397716,-0.0733565122728396,-0.3208471117202225,199,0.271356783919598,0.5916715597998784,-159.50644947654715,0.11689189189189189,0.13716216216216215,0.20945945945945946,0.43108108108108106,0.18760135135135134,False
GBPUSD1440_comma,daily,20,200,long_short,combined,0.0,-0.03378545309899572,-1.1950132852790465,-1.5684649931185248,-0.07767398515910205,-0.4349648473654586,235,0.2723404255319149,0.5584232305796781,-174.592640973743,0.2685810810810811,0.0652027027027027,0.06114864864864865,0.3422297297297297,0.18729729729729733,False
GBPUSD1440_comma,daily,10,50,long_only,combined,0.001,-0.022379219367029024,-1.5246546786161042,-2.0576134790198743,-0.07033980429157345,-0.31815868116809654,204,0.24019607843137256,0.5641551894348915,-149.18346300159922,0.0679054054054054,0.22972972972972974,0.2435810810810811,0.35912162162162165,0.18717905405405405,False
GBPUSD1440_comma,daily,5,75,long_only,combined,0.005,-0.02320110994279645,-1.5724415033466772,-1.9574070285125151,-0.07062390150698064,-0.32851640093125123,218,0.27522935779816515,0.5949885278831285,-143.87717531249135,0.053716216216216216,0.2222972972972973,0.21722972972972973,0.43885135135135134,0.18633445945945948,False
GBPUSD1440_comma,daily,50,300,long_only,fast_slope,0.005,-0.01793327329078709,-1.5405816644090382,-2.040631463893071,-0.06920195698968498,-0.25914401948864196,81,0.2345679012345679,0.42223733230124083,-310.0229354154221,0.06486486486486487,0.26385135135135135,0.3716216216216216,0.13344594594594594,0.18625,False
GBPUSD1440_comma,daily,50,150,long_short,combined,0.0,-0.038839964808489835,-1.1233339637750548,-1.4595980897967045,-0.08040782158401423,-0.48303714792108676,199,0.2663316582914573,0.5112904947615788,-224.02362195580002,0.33716216216216216,0.03885135135135135,0.03277027027027027,0.23378378378378378,0.18619932432432432,False
GBPUSD1440_comma,daily,50,150,long_short,combined,0.005,-0.03656110496070086,-1.136442674088484,-1.4683134014689054,-0.07884737029606805,-0.46369466506512125,177,0.2655367231638418,0.5004722073190332,-245.57830279730112,0.32635135135135135,0.053716216216216216,0.044256756756756756,0.21858108108108107,0.1856081081081081,False
GBPUSD1440_comma,daily,5,250,long_only,combined,0.0025,-0.020766186417389698,-1.8120605403217371,-2.3994112230194777,-0.07189777623845758,-0.2888293283023964,212,0.2688679245283019,0.6175396031198579,-134.76465219314613,0.013851351351351352,0.18141891891891893,0.2925675675675676,0.5064189189189189,0.18537162162162163,False
GBPUSD1440_comma,daily,5,400,long_only,fast_slope,0.0025,-0.022660711793817234,-1.7764690382855446,-2.3658804721953075,-0.07035355461309467,-0.32209760997064774,235,0.251063829787234,0.6128875860221463,-130.86761179194207,0.01891891891891892,0.22905405405405405,0.23344594594594595,0.4922297297297297,0.18535472972972974,False
GBPUSD1440_comma,daily,5,300,long_only,combined,0.0,-0.020953365384870914,-1.8185263497528883,-2.4151612229734716,-0.07123584370856276,-0.29414076248741416,219,0.2602739726027397,0.6119844194701354,-131.4552714184243,0.013513513513513514,0.19966216216216215,0.28412162162162163,0.48783783783783785,0.18532094594594595,False
GBPUSD1440_comma,daily,10,200,long_short,fast_slope,0.001,-0.042063313944554204,-1.244557530455258,-1.637623097227047,-0.08295368784616242,-0.5070698486914844,357,0.2857142857142857,0.6448797488481075,-136.12449886694415,0.22364864864864864,0.018243243243243244,0.01587837837837838,0.5847972972972973,0.18491554054054055,False
GBPUSD1440_comma,daily,50,500,long_short,combined,0.005,-0.03174845216548117,-1.162267092099908,-1.5504359571383612,-0.07763023627267109,-0.4089701859719559,152,0.21710526315789475,0.4949786225620791,-257.2814723305031,0.30405405405405406,0.06587837837837837,0.07871621621621622,0.2070945945945946,0.18489864864864866,False
GBPUSD1440_comma,daily,60,200,long_only,slow_slope,0.0,-0.023325791066093005,-1.3279994207419457,-1.7232534889630045,-0.06938736555699293,-0.3361676996791847,70,0.2571428571428571,0.38205765396635427,-450.46959071680413,0.15067567567567566,0.2594594594594595,0.21554054054054053,0.1097972972972973,0.18471283783783785,False
GBPUSD1440_comma,daily,10,50,long_short,fast_slope,0.005,-0.037808842349587035,-1.2186615925317719,-1.6400050325183964,-0.08067340471914689,-0.4686655097948723,325,0.28307692307692306,0.6039988572848672,-138.3737686333813,0.24493243243243243,0.03581081081081081,0.03986486486486487,0.4625,0.18427364864864865,False
GBPUSD1440_comma,daily,40,300,long_short,combined,0.001,-0.03425013478622729,-1.163115277994703,-1.510408979577979,-0.07897772580047083,-0.43366828354562614,170,0.22941176470588234,0.5220451600720181,-246.38348533807576,0.30202702702702705,0.05202702702702703,0.05878378378378379,0.2570945945945946,0.1841385135135135,False
GBPUSD1440_comma,daily,40,400,long_short,combined,0.001,-0.03282629565436601,-1.1724958191487844,-1.5168553079125335,-0.07860627992664049,-0.41760398386746245,172,0.21511627906976744,0.5247800216196379,-234.60766345191038,0.28986486486486485,0.057432432432432436,0.07128378378378378,0.2631756756756757,0.18403716216216215,False
GBPUSD1440_comma,daily,50,500,long_only,combined,0.0025,-0.01572818681345345,-1.7754576236545485,-2.306027992045437,-0.06838587810941094,-0.2299917358418625,72,0.20833333333333334,0.365538069660669,-316.1289537548985,0.019256756756756758,0.28445945945945944,0.4486486486486487,0.10135135135135136,0.18375000000000002,False
GBPUSD1440_comma,daily,5,250,long_short,fast_slope,0.005,-0.04054782775918486,-1.2967685739163943,-1.755059848556274,-0.08285496634545088,-0.4893831902619694,460,0.27608695652173915,0.6878255353367925,-103.12003631775396,0.175,0.018581081081081082,0.0222972972972973,0.6969594594594595,0.18364864864864863,False
GBPUSD1440_comma,daily,5,500,long_only,fast_slope,0.0025,-0.022583992824214083,-1.7946516125163103,-2.398937015198454,-0.06967148228023497,-0.3241497393923096,233,0.27467811158798283,0.596975300229629,-131.61667937327505,0.016554054054054055,0.25,0.23581081081081082,0.4456081081081081,0.18312499999999998,False
GBPUSD1440_comma,daily,5,200,long_only,slow_slope,0.0,-0.022399503314801228,-1.3223373885766667,-1.7097000330887928,-0.07014989038005126,-0.31930917059809183,63,0.19047619047619047,0.35653910882660367,-482.3340083410281,0.1543918918918919,0.23445945945945945,0.24222972972972973,0.09358108108108108,0.18285472972972974,False
GBPUSD1440_comma,daily,10,50,long_short,fast_slope,0.0025,-0.04107508440265617,-1.2162657899265892,-1.6399010555696871,-0.0827289219351769,-0.4965021112548883,368,0.30434782608695654,0.6130776355357985,-129.66722861477305,0.2483108108108108,0.02060810810810811,0.019256756756756758,0.49358108108108106,0.18236486486486486,False
GBPUSD1440_comma,daily,20,200,long_only,combined,0.0025,-0.01918059565653829,-1.613811085375501,-2.1189217701345067,-0.0681822098437021,-0.28131378699087406,122,0.26229508196721313,0.45496107849766876,-218.79475403666103,0.044256756756756756,0.2918918918918919,0.3347972972972973,0.16047297297297297,0.18170608108108108,False
GBPUSD1440_comma,daily,5,100,long_short,fast_slope,0.005,-0.043299099202088076,-1.274731705591327,-1.6693732572321076,-0.08480910270260686,-0.5105477811022419,478,0.26569037656903766,0.6708131337429956,-104.49842634887511,0.1956081081081081,0.009121621621621622,0.011486486486486487,0.6591216216216216,0.1816891891891892,False
GBPUSD1440_comma,daily,10,50,long_only,slow_slope,0.0,-0.027473326742211368,-1.2823828471001517,-1.7009554277363899,-0.07009173804480674,-0.3919624125264066,126,0.2222222222222222,0.4320567177799394,-287.97162367777634,0.18817567567567567,0.23581081081081082,0.13175675675675674,0.13986486486486485,0.18155405405405406,False
GBPUSD1440_comma,daily,10,50,long_short,fast_slope,0.0,-0.044615328840043045,-1.2090002299935705,-1.6277059446238589,-0.08490191912970484,-0.5254925836468327,410,0.275609756097561,0.6179595627536418,-123.66183856171709,0.2543918918918919,0.008445945945945946,0.006418918918918919,0.5081081081081081,0.18136824324324324,False
GBPUSD1440_comma,daily,5,500,long_short,combined,0.0,-0.03525420467896634,-1.3629625023021952,-1.8343243577174428,-0.07640089417493624,-0.46143706902492887,394,0.2817258883248731,0.6679427856702612,-108.17326538691717,0.12905405405405404,0.08412162162162162,0.052364864864864864,0.6543918918918918,0.1812837837837838,False
GBPUSD1440_comma,daily,30,500,long_short,combined,0.0025,-0.0317462500943394,-1.1887586311860856,-1.5742264883567152,-0.07631545133278912,-0.4159871892246747,159,0.2389937106918239,0.5046436047083288,-252.48755644696993,0.27533783783783783,0.08479729729729729,0.07905405405405405,0.22635135135135134,0.18109797297297298,False
GBPUSD1440_comma,daily,5,500,long_short,fast_slope,0.001,-0.040524799418356405,-1.3132068247928208,-1.7787145423869815,-0.08135930970083224,-0.49809664766540995,468,0.27564102564102566,0.6850612224069242,-101.01075788780773,0.16182432432432434,0.031081081081081083,0.023310810810810812,0.6905405405405406,0.18074324324324326,False
GBPUSD1440_comma,daily,5,250,long_short,fast_slope,0.0,-0.04372249609058654,-1.297677740161665,-1.7535819632554024,-0.08542798644392807,-0.5118052983641894,511,0.2700587084148728,0.6982946726650628,-97.97791220773998,0.17331081081081082,0.006756756756756757,0.010472972972972974,0.7168918918918918,0.1806418918918919,False
GBPUSD1440_comma,daily,5,500,long_short,fast_slope,0.0025,-0.04018152807018438,-1.3167170836656512,-1.7840606022161725,-0.08117571617962083,-0.494994438746596,462,0.2727272727272727,0.6853028517355976,-101.68512609880699,0.15878378378378377,0.03277027027027027,0.02533783783783784,0.691554054054054,0.18050675675675676,False
GBPUSD1440_comma,daily,20,500,long_short,combined,0.001,-0.03039445677037378,-1.2268568024369881,-1.6174960959900477,-0.07388273821153217,-0.41138779512139934,200,0.29,0.5134691739246059,-186.54261020978302,0.2375,0.1260135135135135,0.09087837837837838,0.23783783783783785,0.18035472972972974,False
GBPUSD1440_comma,daily,30,200,long_only,slow_slope,0.005,-0.021908930275255756,-1.353228817888469,-1.7438986498109585,-0.06981549621379655,-0.3138118535770893,55,0.21818181818181817,0.34947861508494665,-540.4306155896473,0.13513513513513514,0.24662162162162163,0.25641891891891894,0.08783783783783784,0.18016891891891892,False
GBPUSD1440_comma,daily,10,50,long_only,slow_slope,0.005,-0.02347385437242988,-1.3434322443296778,-1.7965771761309242,-0.07019981638047094,-0.334386264562369,96,0.22916666666666666,0.4491366045059263,-329.91506577291995,0.13885135135135135,0.23378378378378378,0.2114864864864865,0.15574324324324323,0.17964527027027027,False
GBPUSD1440_comma,daily,40,500,long_short,combined,0.0025,-0.03004924581357371,-1.1937049872280459,-1.5347333190142676,-0.07680301241833264,-0.3912508750294936,144,0.20833333333333334,0.5008842714783359,-261.0513971803474,0.2706081081081081,0.07905405405405405,0.09324324324324325,0.21925675675675677,0.17954391891891894,False
GBPUSD1440_comma,daily,40,200,long_only,combined,0.005,-0.01863718680067039,-1.5986901411618695,-2.1108462613933465,-0.06805281839630507,-0.27386355539511786,90,0.2,0.3892226894120814,-289.322867177959,0.047972972972972976,0.2939189189189189,0.34628378378378377,0.11385135135135135,0.17900337837837837,False
GBPUSD1440_comma,daily,10,200,long_only,slow_slope,0.0025,-0.02220320440483403,-1.3417013835383786,-1.7326382245374425,-0.07001637828069027,-0.31711443736525613,58,0.1724137931034483,0.3495205861483907,-520.0446780834254,0.14054054054054055,0.23851351351351352,0.24695945945945946,0.08817567567567568,0.17846283783783787,False
GBPUSD1440_comma,daily,10,300,long_short,combined,0.0025,-0.03721249910089197,-1.2667426008833418,-1.679765386161556,-0.08049052026425257,-0.46232151287781864,314,0.2802547770700637,0.6250240974133474,-140.89479574390265,0.20371621621621622,0.03783783783783784,0.04222972972972973,0.527027027027027,0.17844594594594593,False
GBPUSD1440_comma,daily,60,200,long_only,combined,0.001,-0.019733824997216987,-1.5235176880352517,-1.9986404234043587,-0.06864620090862497,-0.2874714803734689,80,0.2375,0.39531494940868156,-340.0316915434552,0.06824324324324324,0.2773648648648649,0.3199324324324324,0.11790540540540541,0.17831081081081082,False
GBPUSD1440_comma,daily,40,500,long_short,combined,0.005,-0.029654615080464408,-1.1932344313486574,-1.535524545180635,-0.07682291709978839,-0.3860126144643119,142,0.20422535211267606,0.4945051940979131,-262.62609218800617,0.27094594594594595,0.0777027027027027,0.0983108108108108,0.20540540540540542,0.17827702702702702,False
GBPUSD1440_comma,daily,50,400,long_short,combined,0.005,-0.03486480102813738,-1.1665422797797653,-1.5691908596230666,-0.07988861009006212,-0.4364176694128572,170,0.21764705882352942,0.5170234477813525,-246.83906346854633,0.2976351351351351,0.04358108108108108,0.05574324324324324,0.2445945945945946,0.17778716216216217,False
GBPUSD1440_comma,daily,5,150,long_only,combined,0.0025,-0.023838715223678753,-1.6700729982996716,-2.2187925059278792,-0.07149235934935606,-0.33344423712732696,241,0.27385892116182575,0.6139677960641868,-133.112110592936,0.034797297297297296,0.19222972972972974,0.20304054054054055,0.4983108108108108,0.1773310810810811,False
GBPUSD1440_comma,daily,10,200,long_only,fast_slope,0.001,-0.02300743512102621,-1.6123376913880125,-2.118380129169001,-0.07100848742154221,-0.32400964950066413,185,0.25405405405405407,0.584455513452047,-168.36059552669875,0.0445945945945946,0.21182432432432433,0.2233108108108108,0.41047297297297297,0.17702702702702702,False
GBPUSD1440_comma,daily,40,400,long_short,combined,0.0025,-0.03312221941912197,-1.1840890197224183,-1.5286851064125282,-0.07877718948835787,-0.420454444163903,169,0.21893491124260356,0.5212733196950178,-240.72451704825662,0.27905405405405403,0.05472972972972973,0.06722972972972972,0.25472972972972974,0.17695945945945946,False
GBPUSD1440_comma,daily,10,100,long_short,combined,0.0,-0.04237568578371742,-1.224051387546075,-1.5645592586051633,-0.084549551684798,-0.5011935006077219,370,0.2918918918918919,0.6152278145299872,-132.39333952203586,0.2408783783783784,0.00945945945945946,0.01418918918918919,0.5013513513513513,0.17675675675675678,False
GBPUSD1440_comma,daily,10,50,long_only,combined,0.005,-0.020951568449014246,-1.6005350819327997,-2.1734214824242524,-0.07044682810591868,-0.29740967780001404,170,0.2411764705882353,0.5359851255240753,-169.33299330946815,0.047635135135135134,0.22635135135135134,0.2847972972972973,0.2929054054054054,0.17653716216216214,False
GBPUSD1440_comma,daily,20,200,long_only,combined,0.005,-0.019346402845614064,-1.6370929228323619,-2.141557502866972,-0.068299281527249,-0.28325924391892077,117,0.28205128205128205,0.4431622478056407,-229.84102078099286,0.03986486486486487,0.28716216216216217,0.3304054054054054,0.15067567567567566,0.17641891891891895,False
GBPUSD1440_comma,daily,5,75,long_short,combined,0.0,-0.04454414528703865,-1.2941019363345025,-1.6868305009449935,-0.08561942328299181,-0.5202574787243082,503,0.27037773359840955,0.6826447120685867,-101.92850068975864,0.1766891891891892,0.0057432432432432436,0.006756756756756757,0.6847972972972973,0.17618243243243242,False
GBPUSD1440_comma,daily,30,200,long_only,slow_slope,0.0025,-0.022396273743517048,-1.3404709500453922,-1.7294885093507535,-0.07014769648383899,-0.31927311752392074,58,0.20689655172413793,0.3397504979410822,-513.4873083137192,0.14155405405405405,0.23479729729729729,0.24256756756756756,0.08175675675675675,0.17609797297297297,False
GBPUSD1440_comma,daily,10,300,long_short,fast_slope,0.0,-0.042288841583020376,-1.254903631946302,-1.660287059544691,-0.08278230176296886,-0.5108439930083886,356,0.2752808988764045,0.6308045377158111,-136.1185007891185,0.21452702702702703,0.019594594594594596,0.014527027027027028,0.5452702702702703,0.17540540540540542,False
GBPUSD1440_comma,daily,50,300,long_only,fast_slope,0.001,-0.019660445123863224,-1.5214227154009088,-2.0065960274987886,-0.06990692134389953,-0.2812374618408068,91,0.21978021978021978,0.43949706825029744,-292.42644177083326,0.06925675675675676,0.2429054054054054,0.3222972972972973,0.14864864864864866,0.1751858108108108,False
GBPUSD1440_comma,daily,10,50,long_only,combined,0.0025,-0.02217879358260133,-1.5703138711953784,-2.1276867263753356,-0.07119002132857905,-0.31154357266216626,190,0.25263157894736843,0.5617850488448198,-158.97056164177138,0.056081081081081084,0.20067567567567568,0.24864864864864866,0.35202702702702704,0.17513513513513515,False
GBPUSD1440_comma,daily,5,300,long_short,combined,0.001,-0.039411248463125714,-1.3289206581081774,-1.7901249099727712,-0.080726038367496,-0.4882098671027375,446,0.28475336322869954,0.674337916313573,-103.95309971429856,0.14966216216216216,0.03547297297297297,0.029054054054054056,0.6682432432432432,0.1747804054054054,False
GBPUSD1440_comma,daily,40,300,long_short,combined,0.0,-0.03506392550024795,-1.1746931536334313,-1.5244709368064078,-0.07946113811608867,-0.4412713727938473,171,0.22807017543859648,0.5158275327018751,-249.6558219599083,0.28716216216216217,0.048986486486486486,0.05405405405405406,0.24324324324324326,0.17440878378378377,False
GBPUSD1440_comma,daily,5,50,long_short,slow_slope,0.0,-0.049400741833547035,-1.1113130102589763,-1.516795542211019,-0.08633461765875267,-0.5722008526036341,256,0.19921875,0.5040577653860046,-211.70147104988382,0.34797297297297297,0.0037162162162162164,0.002364864864864865,0.22533783783783784,0.1743918918918919,False
GBPUSD1440_comma,daily,50,150,long_only,combined,0.001,-0.02165801093911157,-1.4551350583904812,-1.9049359442848197,-0.06915220855941759,-0.31319333670308414,98,0.2653061224489796,0.43913247833575564,-294.76125616647306,0.08412162162162162,0.2652027027027027,0.2608108108108108,0.14831081081081082,0.1743581081081081,False
GBPUSD1440_comma,daily,50,150,long_only,combined,0.0,-0.021729703631132025,-1.4449361724900072,-1.8943051831657156,-0.06920291598089064,-0.3139998267866684,102,0.2647058823529412,0.4346548558652659,-285.39790859107376,0.08716216216216216,0.2635135135135135,0.2591216216216216,0.14425675675675675,0.17420608108108107,False
GBPUSD1440_comma,daily,10,200,long_only,fast_slope,0.0025,-0.02297379094959562,-1.6292467454713357,-2.1435716858837317,-0.07098644208179898,-0.32363632090649785,182,0.25274725274725274,0.5791098642876346,-170.92683860903048,0.04054054054054054,0.2125,0.22398648648648647,0.39594594594594595,0.1735304054054054,False
GBPUSD1440_comma,daily,5,300,long_only,fast_slope,0.005,-0.023969701276408295,-1.7949114797818033,-2.382328760451937,-0.06961264462451242,-0.34432970339943014,232,0.2543103448275862,0.5904112138641353,-138.9051513289715,0.016216216216216217,0.25067567567567567,0.2,0.42702702702702705,0.17320945945945948,False
GBPUSD1440_comma,daily,10,250,long_short,combined,0.0025,-0.03769001926511528,-1.2802933823200728,-1.687703540343071,-0.08142988103158655,-0.46285244172830575,301,0.27906976744186046,0.628454400877339,-148.38749186508065,0.18952702702702703,0.030743243243243245,0.04054054054054054,0.5402027027027027,0.17263513513513512,False
GBPUSD1440_comma,daily,20,500,long_short,combined,0.0,-0.031102077755307045,-1.2387307046197782,-1.63251511484455,-0.07428524526071492,-0.4186844594259568,200,0.29,0.504634720673048,-190.09504641324463,0.2287162162162162,0.12094594594594595,0.08378378378378379,0.2260135135135135,0.17238175675675677,False
GBPUSD1440_comma,daily,5,50,long_only,slow_slope,0.005,-0.02549183723496018,-1.400735904500387,-1.8486706139175784,-0.06773741706982146,-0.3763331750409681,113,0.19469026548672566,0.4246874526103048,-300.0079410272214,0.10945945945945947,0.2989864864864865,0.1679054054054054,0.1347972972972973,0.17233108108108108,False
GBPUSD1440_comma,daily,10,250,long_short,fast_slope,0.0025,-0.04176256202491824,-1.264760044987838,-1.665123028417159,-0.08383315010952391,-0.4981628624280191,343,0.2857142857142857,0.6348875966540991,-140.54416949773847,0.20472972972972972,0.012837837837837839,0.016216216216216217,0.558445945945946,0.17211148648648647,False
GBPUSD1440_comma,daily,75,250,long_only,slow_slope,0.0025,-0.02061925068554271,-1.450998694181023,-1.8587256325825126,-0.067665955783327,-0.30472119172553425,51,0.1568627450980392,0.1528243413080973,-556.8248190236575,0.08581081081081081,0.30236486486486486,0.2959459459459459,0.016891891891891893,0.1716385135135135,False
GBPUSD1440_comma,daily,10,250,long_only,fast_slope,0.001,-0.02272541283515217,-1.6557381033334484,-2.172713868816284,-0.07094895278361929,-0.32030652946295524,182,0.26373626373626374,0.5716935253584363,-169.38105025672454,0.03648648648648649,0.2141891891891892,0.23277027027027028,0.3783783783783784,0.17145270270270271,False
GBPUSD1440_comma,daily,5,75,long_short,combined,0.001,-0.0439035867663099,-1.3002988421174135,-1.697624542404596,-0.08523732616063706,-0.51507465970448,491,0.26883910386965376,0.6715665103980689,-103.355312016655,0.17094594594594595,0.007432432432432433,0.00945945945945946,0.6614864864864864,0.17135135135135132,False
GBPUSD1440_comma,daily,50,400,long_only,combined,0.0025,-0.017315238738068395,-1.6588023065548125,-2.186372210059909,-0.07067358151208131,-0.245002989343457,87,0.19540229885057472,0.44588161215657285,-280.65474556472026,0.03581081081081081,0.22162162162162163,0.3918918918918919,0.15337837837837837,0.17111486486486488,False
GBPUSD1440_comma,daily,40,400,long_short,combined,0.005,-0.0333817305307994,-1.1930046286360831,-1.5404449556911912,-0.07892718308810981,-0.4229433919304322,167,0.2215568862275449,0.5143619486888679,-244.62291243800618,0.27128378378378376,0.052702702702702706,0.06587837837837837,0.23986486486486486,0.1708445945945946,False
GBPUSD1440_comma,daily,5,500,long_short,combined,0.0025,-0.03584862312075676,-1.3811230628915578,-1.8593913149326569,-0.07708134899247515,-0.4650751912016535,387,0.27648578811369506,0.658075837634756,-111.57034667742656,0.12128378378378378,0.07398648648648648,0.04932432432432433,0.6256756756756757,0.17072635135135134,False
GBPUSD1440_comma,daily,10,200,long_only,slow_slope,0.001,-0.022737999644420026,-1.3459395489051476,-1.737036726828942,-0.0703792393722964,-0.32307822373781514,58,0.1724137931034483,0.33849619389310287,-530.5602832245473,0.1375,0.22736486486486487,0.23209459459459458,0.08141891891891892,0.17047297297297298,False
GBPUSD1440_comma,daily,10,50,long_only,combined,0.0,-0.02336993696508849,-1.5276459858415323,-2.0670194381585234,-0.0719368506703069,-0.32486739059783176,211,0.23696682464454977,0.5678710617461967,-149.5505832470211,0.06689189189189189,0.1804054054054054,0.21385135135135136,0.3695945945945946,0.17006756756756758,False
GBPUSD1440_comma,daily,5,400,long_only,fast_slope,0.005,-0.022803293421954418,-1.807940760531185,-2.405949330287217,-0.07102560239644783,-0.32105737441932447,226,0.24336283185840707,0.5946107563918389,-136.79504789948555,0.01418918918918919,0.20945945945945946,0.22972972972972974,0.43817567567567567,0.16971283783783786,False
GBPUSD1440_comma,daily,10,200,long_only,fast_slope,0.005,-0.02281174015912346,-1.6482563306298037,-2.157854428202396,-0.0708801386270321,-0.32183543374763623,172,0.2558139534883721,0.5642938766870034,-179.79799119513822,0.03783783783783784,0.21655405405405406,0.22939189189189188,0.3601351351351351,0.1691722972972973,False
GBPUSD1440_comma,daily,5,50,long_short,fast_slope,0.005,-0.042172961691350985,-1.2956536398919747,-1.7189336370955843,-0.08265808165168143,-0.5102097804430852,457,0.2910284463894967,0.648832241535325,-107.40586374412506,0.17601351351351352,0.02195945945945946,0.015202702702702704,0.6013513513513513,0.1691385135135135,False
GBPUSD1440_comma,daily,50,400,long_short,combined,0.0025,-0.03633682743679645,-1.1739386460467773,-1.5658137412709856,-0.08064321354525082,-0.4505875428241335,174,0.22413793103448276,0.5109932996949523,-250.3793725137836,0.2881756756756757,0.03648648648648649,0.04560810810810811,0.23344594594594595,0.16853040540540543,False
GBPUSD1440_comma,daily,5,300,long_short,fast_slope,0.001,-0.04474880557705774,-1.3302521532138696,-1.7943127313627343,-0.08295850418197596,-0.5394119146470835,499,0.2785571142284569,0.6845077905202491,-101.75522953075622,0.14864864864864866,0.017905405405405406,0.006081081081081081,0.6891891891891891,0.1685304054054054,False
GBPUSD1440_comma,daily,50,200,long_only,fast_slope,0.005,-0.02099481290581451,-1.4855566898988553,-1.9689515734106289,-0.06967300599181132,-0.30133353092705706,90,0.24444444444444444,0.407079683016999,-320.4113810805521,0.07635135135135135,0.24966216216216217,0.28209459459459457,0.1260135135135135,0.16827702702702704,False
GBPUSD1440_comma,daily,20,200,long_only,combined,0.001,-0.020270304574117937,-1.625582798179619,-2.1307106691409103,-0.06894438422502108,-0.29400950928736413,125,0.264,0.4382931019415002,-223.90353719561023,0.04155405405405405,0.27094594594594595,0.30675675675675673,0.1472972972972973,0.16780405405405405,False
GBPUSD1440_comma,daily,5,75,long_short,fast_slope,0.0,-0.0512853862714,-1.3129759316268845,-1.7262597900534116,-0.08906079071262346,-0.5758469676839599,572,0.270979020979021,0.6794690720275156,-98.54353820138407,0.16216216216216217,0.0013513513513513514,0.0013513513513513514,0.6783783783783783,0.16722972972972971,False
GBPUSD1440_comma,daily,50,150,long_only,combined,0.0025,-0.02210893657410795,-1.4724255878651529,-1.9249689531018421,-0.0694700874594766,-0.3182511694260436,97,0.25773195876288657,0.4337152837822869,-306.2267427405971,0.07939189189189189,0.25472972972972974,0.25033783783783786,0.14324324324324325,0.16699324324324327,False
GBPUSD1440_comma,daily,5,500,long_short,combined,0.001,-0.03623988393548683,-1.384356065865863,-1.8616599180126594,-0.077419675027433,-0.46809656489316875,392,0.28061224489795916,0.6560518019174902,-111.03264650302143,0.11891891891891893,0.06925675675675676,0.04594594594594595,0.6189189189189189,0.1669087837837838,False
GBPUSD1440_comma,daily,5,250,long_only,combined,0.001,-0.021827913306783242,-1.828211899033111,-2.424489532106572,-0.07300697485294355,-0.2989839443525877,218,0.25688073394495414,0.612526266912098,-136.70534280453882,0.011824324324324325,0.14560810810810812,0.2581081081081081,0.4912162162162162,0.16643581081081082,False
GBPUSD1440_comma,daily,10,300,long_short,combined,0.001,-0.03844012094226379,-1.284101636221927,-1.7041518623200436,-0.08123289779901068,-0.473208785895755,321,0.2772585669781931,0.6186628665798539,-141.17569152102084,0.18614864864864866,0.032432432432432434,0.03547297297297297,0.5114864864864865,0.16638513513513514,False
GBPUSD1440_comma,daily,5,500,long_only,combined,0.0,-0.020772072018834464,-2.066932050738247,-2.686184791902619,-0.06917306598277694,-0.30029133050147583,197,0.27411167512690354,0.525508035832827,-145.06085976188527,0.004391891891891892,0.264527027027027,0.2922297297297297,0.26587837837837835,0.1662162162162162,False
GBPUSD1440_comma,daily,5,100,long_short,combined,0.005,-0.04227102525038662,-1.3025466166651765,-1.6964390253918207,-0.08448819343011393,-0.5003187254246586,451,0.2616407982261641,0.6538946160575626,-108.99352628940508,0.16925675675675675,0.009797297297297298,0.014864864864864866,0.614527027027027,0.16530405405405404,False
GBPUSD1440_comma,daily,20,50,long_only,slow_slope,0.0,-0.027887816010450206,-1.2933848780591148,-1.7127045391124123,-0.07164262249075244,-0.38926291418282377,117,0.24786324786324787,0.43989592889828655,-313.8326602864778,0.17702702702702702,0.18817567567567567,0.12297297297297298,0.14932432432432433,0.164847972972973,False
GBPUSD1440_comma,daily,50,200,long_only,fast_slope,0.0,-0.0222842541510474,-1.4425675030673144,-1.9050086515672204,-0.07007155021809373,-0.31802142355476537,97,0.23711340206185566,0.43142514823897177,-308.3070549004297,0.08817567567567568,0.23648648648648649,0.2456081081081081,0.13885135135135135,0.16434121621621622,False
GBPUSD1440_comma,daily,75,250,long_only,slow_slope,0.001,-0.02111315032287231,-1.4294290114744739,-1.8512616540673204,-0.06893511287139131,-0.3062757054197043,56,0.14285714285714285,0.16615754241376565,-517.4073908634773,0.09391891891891892,0.27128378378378376,0.2777027027027027,0.019594594594594596,0.16386824324324326,False
GBPUSD1440_comma,daily,75,200,long_only,slow_slope,0.0025,-0.023179796649256623,-1.352345077625257,-1.7546530327548797,-0.07111701157710218,-0.3259388455057062,63,0.25396825396825395,0.36122235912974704,-497.47951312973737,0.13547297297297298,0.20236486486486485,0.21824324324324323,0.09695945945945945,0.16297297297297297,False
GBPUSD1440_comma,daily,50,200,long_short,combined,0.005,-0.036057691168043804,-1.1813318672207822,-1.559592315856278,-0.07922729609011739,-0.4551170233934255,172,0.22093023255813954,0.47627336317894614,-248.68683459874669,0.2814189189189189,0.05101351351351351,0.047635135135135134,0.18682432432432433,0.1628716216216216,False
GBPUSD1440_comma,daily,5,300,long_only,fast_slope,0.0025,-0.024800582778535474,-1.7963467658560157,-2.3781101310379102,-0.07089551122233824,-0.349818801655261,242,0.24380165289256198,0.5939799376078528,-136.9633704931697,0.01587837837837838,0.21621621621621623,0.1831081081081081,0.43614864864864866,0.16244932432432435,False
GBPUSD1440_comma,daily,5,250,long_only,combined,0.0,-0.022181320903937984,-1.8374477973245906,-2.4352255661241524,-0.07300115321946832,-0.3038489109514856,220,0.2545454545454545,0.6082168218633366,-137.30590450894977,0.01114864864864865,0.14594594594594595,0.2483108108108108,0.4777027027027027,0.16226351351351354,False
GBPUSD1440_comma,daily,5,500,long_short,fast_slope,0.005,-0.041724947748637775,-1.3567013242922987,-1.8345641660539382,-0.08167428623320366,-0.510870062941242,450,0.27111111111111114,0.6678254405616856,-107.45358205755154,0.1320945945945946,0.02972972972972973,0.016891891891891893,0.654054054054054,0.16175675675675677,False
GBPUSD1440_comma,daily,60,200,long_only,combined,0.0,-0.020958901542785346,-1.546606175987468,-2.025025752017314,-0.06948885746508944,-0.3016152849154975,84,0.2261904761904762,0.38127649324902313,-343.13763067583415,0.06351351351351352,0.2537162162162162,0.2827702702702703,0.10912162162162162,0.16175675675675674,False
GBPUSD1440_comma,daily,20,200,long_only,slow_slope,0.0,-0.02360475963403197,-1.3430096118487833,-1.7314961686472743,-0.0709618110784173,-0.3326403212559952,62,0.22580645161290322,0.32915930557231204,-510.7116101142351,0.13918918918918918,0.21351351351351353,0.20777027027027026,0.07398648648648648,0.16170608108108106,False
GBPUSD1440_comma,daily,10,250,long_short,combined,0.001,-0.03934715149477297,-1.2986060089714468,-1.7107279550539227,-0.08133852440653036,-0.48374557790249184,315,0.27936507936507937,0.6239068103248535,-146.50787264874614,0.17297297297297298,0.03175675675675676,0.02972972972972973,0.5236486486486487,0.16162162162162164,False
GBPUSD1440_comma,daily,50,150,long_short,combined,0.0025,-0.04054360955228864,-1.169913219023121,-1.5145804612668046,-0.08148905770635383,-0.49753440147004413,189,0.26455026455026454,0.4984461463001243,-244.5306198778713,0.2935810810810811,0.03006756756756757,0.022635135135135136,0.2125,0.16135135135135137,False
GBPUSD1440_comma,daily,5,75,long_short,combined,0.005,-0.040976640977733014,-1.312863368765948,-1.7058991339709317,-0.08350354902084794,-0.4907173582227333,432,0.27314814814814814,0.6456045098449342,-111.42681837917341,0.16283783783783784,0.014527027027027028,0.02060810810810811,0.5891891891891892,0.1612668918918919,False
GBPUSD1440_comma,daily,5,250,long_only,combined,0.005,-0.021457359149183564,-1.8721428236942261,-2.4699552452483564,-0.07258327388851958,-0.2956240191388977,201,0.25870646766169153,0.5905933374234149,-146.1402124362297,0.008783783783783784,0.1570945945945946,0.2685810810810811,0.4287162162162162,0.1608108108108108,False
GBPUSD1440_comma,daily,10,100,long_only,fast_slope,0.0025,-0.024072154369675247,-1.431784704408558,-1.8061089555906074,-0.07443468798127977,-0.32339968128474406,192,0.2760416666666667,0.5653808382535387,-168.43733400247206,0.0929054054054054,0.11756756756756757,0.19932432432432431,0.3625,0.16079391891891892,False
GBPUSD1440_comma,daily,5,200,long_short,fast_slope,0.0025,-0.04689416050010198,-1.320471482134137,-1.716187289903789,-0.08597335328901366,-0.5454499412446958,498,0.27309236947791166,0.6646251126877227,-105.87245589346067,0.1554054054054054,0.00472972972972973,0.004054054054054054,0.6429054054054054,0.16059121621621622,False
GBPUSD1440_comma,daily,20,200,long_only,combined,0.0,-0.020762225812164914,-1.637797325901567,-2.1467599065461798,-0.06928328318515979,-0.29967150599196923,127,0.25984251968503935,0.4316574027769799,-224.92499256843575,0.03918918918918919,0.2611486486486487,0.2929054054054054,0.13918918918918918,0.16042229729729732,False
GBPUSD1440_comma,daily,5,400,long_only,fast_slope,0.0,-0.02419815850763196,-1.7966833582350439,-2.382979838059747,-0.0718322492241718,-0.33687039970188204,242,0.256198347107438,0.6035797468299929,-134.21443749873794,0.015540540540540541,0.18344594594594596,0.1956081081081081,0.46013513513513515,0.16021959459459462,False
GBPUSD1440_comma,daily,50,400,long_short,combined,0.0,-0.037779179283529474,-1.1891316413971922,-1.5797616157033654,-0.08148654333169227,-0.46362476230889715,177,0.22598870056497175,0.5064884005417041,-254.08174367619367,0.275,0.030405405405405407,0.0402027027027027,0.22804054054054054,0.15984797297297298,False
GBPUSD1440_comma,daily,5,400,long_only,fast_slope,0.001,-0.023785459668855036,-1.7992817123923435,-2.391786704683597,-0.07214137861627391,-0.3297061980943268,239,0.2510460251046025,0.604579079343726,-133.97733947013745,0.014864864864864866,0.17195945945945945,0.20405405405405405,0.4652027027027027,0.15952702702702704,False
GBPUSD1440_comma,daily,10,400,long_only,combined,0.001,-0.020282830180191946,-1.8354165696567128,-2.414026542664719,-0.0710191486847109,-0.2855966391576651,146,0.2328767123287671,0.527583518397139,-191.79932731603793,0.011486486486486487,0.21013513513513513,0.3064189189189189,0.2706081081081081,0.15900337837837836,False
GBPUSD1440_comma,daily,10,300,long_short,combined,0.0,-0.03936718474238521,-1.2881133823265427,-1.7060185432743902,-0.08179460463496914,-0.4812931723072942,327,0.2691131498470948,0.6120271562151174,-140.85733901165796,0.1810810810810811,0.028040540540540542,0.029391891891891894,0.4885135135135135,0.15859797297297298,False
GBPUSD1440_comma,daily,10,150,long_only,fast_slope,0.001,-0.0250244709849905,-1.4534007352403668,-1.8222817082046416,-0.07494421022547455,-0.33390799515670044,194,0.26288659793814434,0.5841714566964247,-172.11752327665027,0.08513513513513514,0.1070945945945946,0.17972972972972973,0.40912162162162163,0.1581418918918919,False
GBPUSD1440_comma,daily,40,500,long_short,combined,0.001,-0.0317587663178488,-1.2207353343796294,-1.567170428741238,-0.07779682914026856,-0.4082270019075891,146,0.21232876712328766,0.4850373803535747,-270.5255371082934,0.2429054054054054,0.06452702702702702,0.07837837837837838,0.1939189189189189,0.15805743243243242,False
GBPUSD1440_comma,daily,10,400,long_only,combined,0.0,-0.02046235912518868,-1.8387493836914077,-2.419086505029612,-0.070841051595155,-0.2888488900775741,147,0.23129251700680273,0.5245899688939316,-191.93156180857667,0.010810810810810811,0.21722972972972973,0.3,0.26216216216216215,0.15795608108108106,False
GBPUSD1440_comma,daily,10,500,long_only,fast_slope,0.0025,-0.020887284076130608,-1.750114625376684,-2.326134100559796,-0.07109862713953985,-0.2937790069439278,151,0.271523178807947,0.5251279469940606,-190.1430641567331,0.022972972972972974,0.20405405405405405,0.28885135135135137,0.264527027027027,0.15765202702702705,False
GBPUSD1440_comma,daily,40,50,long_short,none,0.005,-0.021406899002258672,-1.4788431989984014,-1.8910220790683976,-0.06984665036961585,-0.30648426071940793,49,0.40816326530612246,0.32818282969995743,-586.653749271898,0.07804054054054053,0.24493243243243243,0.2706081081081081,0.07297297297297298,0.15751689189189189,False
GBPUSD1440_comma,daily,10,500,long_short,fast_slope,0.005,-0.03961913230098646,-1.283935834254352,-1.6878990060275438,-0.08213724898272677,-0.48235280328561103,307,0.2899022801302932,0.6059360627445124,-150.65401510433136,0.1864864864864865,0.026351351351351353,0.027364864864864866,0.47128378378378377,0.15734797297297298,False
GBPUSD1440_comma,daily,50,400,long_only,combined,0.001,-0.01835010502852541,-1.676516724506749,-2.1980434997811913,-0.07122095355034659,-0.2576503699231377,89,0.20224719101123595,0.43697707315361073,-288.5741228269037,0.03277027027027027,0.2,0.3587837837837838,0.14560810810810812,0.15670608108108108,False
GBPUSD1440_comma,daily,5,300,long_short,combined,0.0,-0.04163493171434707,-1.3619693396553165,-1.831424101413792,-0.08213990805842007,-0.5068782361520932,452,0.2809734513274336,0.6605156161124621,-106.90853128220444,0.12972972972972974,0.026013513513513515,0.01722972972972973,0.6307432432432433,0.1564527027027027,False
GBPUSD1440_comma,daily,5,75,long_only,combined,0.0,-0.026952787141130696,-1.5623227486897768,-1.956711129682477,-0.07503558536137483,-0.35920006502681134,261,0.2567049808429119,0.6217880824251812,-135.90767814248326,0.05945945945945946,0.1043918918918919,0.14256756756756755,0.518581081081081,0.1561824324324324,False
GBPUSD1440_comma,daily,5,150,long_only,combined,0.001,-0.025610657894192035,-1.7013437487270786,-2.249963120177013,-0.07218399942087556,-0.35479688157574507,247,0.27125506072874495,0.6005812409495597,-137.7732656515236,0.029391891891891894,0.17060810810810811,0.16587837837837838,0.45472972972972975,0.15579391891891892,False
GBPUSD1440_comma,daily,20,75,long_only,fast_slope,0.005,-0.021647925821818514,-1.544421332577582,-2.0538181538902047,-0.07068423884693734,-0.3062624168408442,125,0.28,0.44230457371545195,-236.75505151129343,0.06418918918918919,0.22128378378378377,0.2611486486486487,0.15033783783783783,0.15577702702702703,False
GBPUSD1440_comma,daily,10,250,long_short,combined,0.0,-0.04015795803649036,-1.3116575353094,-1.7282687229684568,-0.08175932488167138,-0.491172818447439,318,0.279874213836478,0.6213430021070669,-147.29740340166617,0.16385135135135134,0.028716216216216218,0.025675675675675677,0.5182432432432432,0.15559121621621622,False
GBPUSD1440_comma,daily,5,100,long_only,fast_slope,0.0,-0.028812352681080733,-1.495541336776082,-1.8792202197730874,-0.07525148777034806,-0.3828808377717403,293,0.28668941979522183,0.6255298346433538,-127.71650000426229,0.07432432432432433,0.09864864864864865,0.10912162162162162,0.529054054054054,0.15557432432432433,False
GBPUSD1440_comma,daily,50,400,long_only,combined,0.0,-0.018511887706402885,-1.6759374073348479,-2.196972825035735,-0.07130666217394234,-0.2596095111175699,90,0.2,0.4374589921942812,-287.5469699971735,0.03310810810810811,0.19864864864864865,0.35202702702702704,0.1462837837837838,0.15525337837837838,False
GBPUSD1440_comma,daily,10,500,long_only,fast_slope,0.001,-0.02080852522846921,-1.73552400312189,-2.311568647384439,-0.07223038334241846,-0.2880854879285829,155,0.27741935483870966,0.5366879320009182,-184.6426252456773,0.026013513513513515,0.16824324324324325,0.2908783783783784,0.29527027027027025,0.15493243243243243,False
GBPUSD1440_comma,daily,10,250,long_short,fast_slope,0.001,-0.044119974056857414,-1.2883480984305073,-1.6904552775733654,-0.08568140348203881,-0.5149305714408166,355,0.28450704225352114,0.6255096829783029,-141.38044649495808,0.18074324324324326,0.005405405405405406,0.009121621621621622,0.5287162162162162,0.1547804054054054,False
GBPUSD1440_comma,daily,20,50,long_only,slow_slope,0.001,-0.02794791770337013,-1.3246175394972461,-1.748687940112955,-0.07153611732502516,-0.3906826194716223,109,0.25688073394495414,0.43226921589192546,-337.4414767818793,0.15304054054054053,0.1912162162162162,0.12195945945945946,0.14054054054054055,0.15449324324324326,False
GBPUSD1440_comma,daily,50,400,long_only,combined,0.005,-0.01841608806311057,-1.7298836182719606,-2.2760057426992706,-0.0709137277898745,-0.25969708034077055,83,0.18072289156626506,0.40660815951715135,-310.49928392184154,0.02702702702702703,0.21486486486486486,0.3554054054054054,0.12567567567567567,0.15445945945945946,False
GBPUSD1440_comma,daily,10,400,long_only,combined,0.005,-0.01974967733736077,-1.8531961596194442,-2.437776064233757,-0.07110065294745815,-0.27777068871583155,139,0.23741007194244604,0.5114434628801119,-196.92044266081106,0.010472972972972974,0.20337837837837838,0.31925675675675674,0.23412162162162162,0.15400337837837835,False
GBPUSD1440_comma,daily,40,500,long_short,combined,0.0,-0.03227149842323529,-1.2285258340094247,-1.5767601153916668,-0.0780954604937467,-0.41323142496636345,150,0.21333333333333335,0.4821147192364748,-266.7752532166909,0.23682432432432432,0.06148648648648649,0.07432432432432433,0.19087837837837837,0.15359797297297298,False
GBPUSD1440_comma,daily,40,200,long_only,combined,0.0025,-0.021077554002743693,-1.628748359273252,-2.1297847395943483,-0.06924286661668523,-0.30440036689157957,92,0.1956521739130435,0.3701361337559783,-313.6125635731959,0.04087837837837838,0.26216216216216215,0.2797297297297297,0.10337837837837838,0.15334459459459457,False
GBPUSD1440_comma,daily,5,500,long_only,combined,0.001,-0.02114352775635886,-2.083212059617663,-2.7055892885560557,-0.07006171091263465,-0.30178434812595933,196,0.2755102040816326,0.517508215784149,-148.01094060829598,0.0037162162162162164,0.23682432432432432,0.27702702702702703,0.2462837837837838,0.15304054054054053,False
GBPUSD1440_comma,daily,5,75,long_only,fast_slope,0.005,-0.026366247791646757,-1.5705487658271657,-1.9541937288595013,-0.07232823417706638,-0.3645360361916161,241,0.26556016597510373,0.5783220377194113,-144.58686061418348,0.05574324324324324,0.16385135135135134,0.1527027027027027,0.3939189189189189,0.1528885135135135,False
GBPUSD1440_comma,daily,40,200,long_only,slow_slope,0.005,-0.023089968317743126,-1.3925951642190597,-1.8043534070500593,-0.0710625316655614,-0.3249246512411136,57,0.21052631578947367,0.3309423751203431,-548.0685626468916,0.11385135135135135,0.20675675675675675,0.22094594594594594,0.07567567567567568,0.15277027027027026,False
GBPUSD1440_comma,daily,50,500,long_short,combined,0.0,-0.034988601513875284,-1.2047743337759798,-1.6012856885092124,-0.07940750291569017,-0.44062085104255144,157,0.21656050955414013,0.4653074566558218,-269.7595849702296,0.25844594594594594,0.04932432432432433,0.05472972972972973,0.17398648648648649,0.15275337837837838,False
GBPUSD1440_comma,daily,50,400,long_short,combined,0.001,-0.038243515635165704,-1.1992812252323481,-1.592344658220092,-0.08175888906154823,-0.46775972709677993,176,0.22727272727272727,0.5004018867380872,-258.1944878289266,0.2628378378378378,0.029054054054054056,0.03783783783783784,0.21824324324324323,0.1527027027027027,False
GBPUSD1440_comma,daily,10,400,long_short,combined,0.001,-0.03868949012347922,-1.2999600134803135,-1.7053390678575917,-0.08244703404658109,-0.46926479006655786,294,0.2687074829931973,0.6062723698523795,-154.86023719756562,0.17195945945945945,0.02364864864864865,0.033445945945945944,0.47195945945945944,0.15217905405405405,False
GBPUSD1440_comma,daily,20,75,long_only,combined,0.005,-0.020293337031011438,-1.574073299121409,-2.086865015989268,-0.07171939256085405,-0.2829546696703057,132,0.29545454545454547,0.44927726824393305,-212.23545776003394,0.052364864864864864,0.18614864864864866,0.30608108108108106,0.15608108108108107,0.1521114864864865,False
GBPUSD1440_comma,daily,5,50,long_short,combined,0.001,-0.044175902055087035,-1.3519380694969334,-1.846933813960647,-0.08340539370792008,-0.5296528208929507,509,0.26129666011787817,0.6517706910333338,-99.57425276197324,0.13614864864864865,0.015540540540540541,0.008108108108108109,0.6101351351351352,0.1514864864864865,False
GBPUSD1440_comma,daily,5,500,long_only,combined,0.0025,-0.021292892870211855,-2.0928511772027063,-2.7170558798367623,-0.07016355605432331,-0.30347510969549607,194,0.27835051546391754,0.5174528731656504,-150.4310508172412,0.002702702702702703,0.23412162162162162,0.27466216216216216,0.24594594594594596,0.1514358108108108,False
GBPUSD1440_comma,daily,5,100,long_only,fast_slope,0.001,-0.028880266040571922,-1.5166883636647128,-1.9030878095637447,-0.07543260476270304,-0.3828618424542527,289,0.2698961937716263,0.6195730287204791,-129.72684935409566,0.07060810810810811,0.09628378378378379,0.10810810810810811,0.5138513513513514,0.15101351351351353,False
GBPUSD1440_comma,daily,50,500,long_short,combined,0.001,-0.03502145877346552,-1.2069324391339924,-1.6034744684446514,-0.07970261102218847,-0.4394016497617107,155,0.2129032258064516,0.4650496111194363,-273.61967380430997,0.2570945945945946,0.04493243243243243,0.05439189189189189,0.17364864864864865,0.15099662162162164,False
GBPUSD1440_comma,daily,5,150,long_only,fast_slope,0.0025,-0.02817827195479161,-1.5499074370062615,-1.9353715377114196,-0.07430221130088017,-0.37923867219356655,268,0.26492537313432835,0.6108204072512109,-137.17401515364853,0.062162162162162166,0.12027027027027028,0.11756756756756757,0.4834459459459459,0.15096283783783782,False
GBPUSD1440_comma,daily,5,500,long_short,combined,0.005,-0.03724245010717897,-1.4151476213664955,-1.9040728409998369,-0.07867261156685043,-0.47338520185684907,381,0.27296587926509186,0.6450562617902469,-116.723881984046,0.10101351351351351,0.05574324324324324,0.041891891891891894,0.5858108108108108,0.1505912162162162,False
GBPUSD1440_comma,daily,10,300,long_only,fast_slope,0.0,-0.022681250724948088,-1.7001377301589642,-2.24534442875675,-0.0722306458778819,-0.3140114621610136,175,0.24571428571428572,0.5525599604268885,-175.8698105884229,0.02972972972972973,0.1679054054054054,0.23310810810810811,0.3304054054054054,0.15005067567567568,False
GBPUSD1440_comma,daily,50,250,long_only,fast_slope,0.0,-0.021948875371995302,-1.4883136450051635,-1.9644176478106463,-0.07130510730771998,-0.3078163149979436,95,0.23157894736842105,0.41193945727734843,-309.10314135627397,0.075,0.19898648648648648,0.2554054054054054,0.12804054054054054,0.1500337837837838,False
GBPUSD1440_comma,daily,10,50,long_short,combined,0.001,-0.042941425460443994,-1.27530207381405,-1.7193815428744155,-0.08387225508209253,-0.5119860604488786,390,0.26153846153846155,0.5954109974435517,-126.844885094086,0.1945945945945946,0.0125,0.012837837837837839,0.4408783783783784,0.14966216216216216,False
GBPUSD1440_comma,daily,5,50,long_only,slow_slope,0.001,-0.02996422655000286,-1.3645327139619725,-1.7982098646928302,-0.06988566693567903,-0.4287606867597209,131,0.20610687022900764,0.40171233450344607,-295.49500763302706,0.12837837837837837,0.24324324324324326,0.09527027027027027,0.12195945945945946,0.1495101351351351,False
GBPUSD1440_comma,daily,10,200,long_short,fast_slope,0.005,-0.04355333389044325,-1.3007501689538212,-1.7119071231050988,-0.08388219677764344,-0.5192202346094401,334,0.27844311377245506,0.6177134390799247,-149.04812685257508,0.17027027027027028,0.012162162162162163,0.01114864864864865,0.5074324324324324,0.14949324324324326,False
GBPUSD1440_comma,daily,5,150,long_only,combined,0.0,-0.026100232569868265,-1.711450672692669,-2.2631376847437563,-0.07260860998580733,-0.359464705011844,250,0.264,0.5982020485382646,-138.23772947072067,0.029054054054054056,0.15641891891891893,0.1570945945945946,0.4486486486486487,0.14944256756756757,False
GBPUSD1440_comma,daily,40,200,long_only,combined,0.0,-0.021558189917488813,-1.608655806291432,-2.1016725772482867,-0.06957486685984758,-0.3098559995941621,96,0.19791666666666666,0.36710893099869313,-300.2654871208691,0.04527027027027027,0.252027027027027,0.2641891891891892,0.10168918918918919,0.14920608108108108,False
GBPUSD1440_comma,daily,100,200,long_only,slow_slope,0.0025,-0.024102963082264228,-1.3852433418345949,-1.785505725554917,-0.07172198791043916,-0.33606100143741324,65,0.2923076923076923,0.36458888407439655,-498.06470525726377,0.11790540540540541,0.18547297297297297,0.19797297297297298,0.10033783783783784,0.1481756756756757,False
GBPUSD1440_comma,daily,5,50,long_short,combined,0.0025,-0.04325553482441813,-1.3592287782293,-1.8586075393520889,-0.08279284622667962,-0.5224549800593669,486,0.2674897119341564,0.6456443416589916,-102.7770189620321,0.13074324324324324,0.019256756756756758,0.011824324324324325,0.5898648648648649,0.14795608108108108,False
GBPUSD1440_comma,daily,10,50,long_only,slow_slope,0.0025,-0.027123034167065074,-1.3555963174263488,-1.7993406954552194,-0.07184326814378651,-0.37753062837816986,115,0.25217391304347825,0.4229309475712386,-310.02331299786437,0.1331081081081081,0.1831081081081081,0.13986486486486485,0.1341216216216216,0.14711148648648648,False
GBPUSD1440_comma,daily,5,75,long_short,fast_slope,0.001,-0.05182101269246597,-1.3566806956364073,-1.7735755762279384,-0.0893974122797822,-0.5796701646160023,551,0.26497277676951,0.6565870874180801,-103.14949831988325,0.13243243243243244,0.0010135135135135136,0.0010135135135135136,0.6212837837837838,0.14662162162162162,False
GBPUSD1440_comma,daily,10,400,long_short,combined,0.0,-0.03926556979366902,-1.3086917555127524,-1.717019705151846,-0.08277915829330519,-0.474341254528613,296,0.2668918918918919,0.6025438018057347,-155.52508780316222,0.16587837837837838,0.019932432432432434,0.031081081081081083,0.4581081081081081,0.1462668918918919,False
GBPUSD1440_comma,daily,5,150,long_only,fast_slope,0.0,-0.029718632544062595,-1.5503910483994015,-1.9341155830879124,-0.07480681326583759,-0.39727173564328744,279,0.2724014336917563,0.6133893348908341,-137.45763674797303,0.06148648648648649,0.11047297297297297,0.09763513513513514,0.49527027027027026,0.1460304054054054,False
GBPUSD1440_comma,daily,50,300,long_only,fast_slope,0.0,-0.02171349609676776,-1.5493346738489373,-2.0260431368600185,-0.07119290978986863,-0.3049952047311568,92,0.22826086956521738,0.4045958359224344,-316.2147167926187,0.06283783783783783,0.20033783783783785,0.26013513513513514,0.12466216216216217,0.14594594594594595,False
GBPUSD1440_comma,daily,10,500,long_only,fast_slope,0.0,-0.02115504808677726,-1.740931923910853,-2.314716134533068,-0.07288927878768606,-0.2902353876816134,159,0.27044025157232704,0.5337436482089751,-182.53797967397,0.025,0.15033783783783783,0.27635135135135136,0.28614864864864864,0.14577702702702702,False
GBPUSD1440_comma,daily,50,200,long_only,slow_slope,0.0,-0.02486749551615275,-1.3707457599717714,-1.768953238051252,-0.07179990609940554,-0.3463444016448183,65,0.23076923076923078,0.3443337727057227,-504.87444642038014,0.1266891891891892,0.18412162162162163,0.1820945945945946,0.08412162162162162,0.14574324324324323,False
GBPUSD1440_comma,daily,5,200,long_short,fast_slope,0.005,-0.047580628991152785,-1.3539123950376526,-1.7584352105797476,-0.08638885702571018,-0.5507727573822665,470,0.2702127659574468,0.6480323920679171,-113.31924973347492,0.1347972972972973,0.0033783783783783786,0.0033783783783783786,0.6,0.1454391891891892,False
GBPUSD1440_comma,daily,50,500,long_short,combined,0.0025,-0.035490570013532396,-1.216709850523172,-1.6146603769963148,-0.07997781219682527,-0.44375519958198106,154,0.21428571428571427,0.46142282643775073,-278.137031043211,0.24763513513513513,0.04222972972972973,0.05168918918918919,0.1679054054054054,0.14513513513513515,False
GBPUSD1440_comma,daily,40,200,long_only,combined,0.001,-0.021919850510886518,-1.6211141282414387,-2.117327025631187,-0.06982296655818325,-0.3139346778200949,95,0.2,0.362215159913049,-308.1705627083772,0.043243243243243246,0.2462837837837838,0.25574324324324327,0.09763513513513514,0.14466216216216218,False
GBPUSD1440_comma,daily,5,300,long_short,fast_slope,0.0,-0.04866175420788388,-1.3870144809735172,-1.8670252390500155,-0.08548901293904838,-0.569216470455432,507,0.2682445759368836,0.6637217724498246,-106.23272147039974,0.11621621621621622,0.006418918918918919,0.002702702702702703,0.639527027027027,0.14456081081081082,False
GBPUSD1440_comma,daily,5,50,long_only,combined,0.005,-0.024920175208538065,-1.7595295822532828,-2.3434289782648885,-0.07163103421213712,-0.3478963480373093,226,0.2831858407079646,0.5608623993949002,-147.240996892122,0.020945945945945947,0.18885135135135134,0.18175675675675676,0.35033783783783784,0.14449324324324325,False
GBPUSD1440_comma,daily,10,200,long_short,combined,0.001,-0.041377916994470354,-1.3211139482555398,-1.7470600762855262,-0.08252729560028284,-0.5013846230328738,330,0.2636363636363636,0.6120458397821353,-145.40748468803915,0.15506756756756757,0.0222972972972973,0.01756756756756757,0.4888513513513513,0.14444256756756757,False
GBPUSD1440_comma,daily,50,200,long_short,combined,0.0,-0.039458501980844995,-1.2081002272846755,-1.5934727354072507,-0.08107364695549152,-0.4866994820463332,186,0.22580645161290322,0.47226787909782275,-245.1674771981921,0.25641891891891894,0.033445945945945944,0.028716216216216218,0.17972972972972973,0.14363175675675677,False
GBPUSD1440_comma,daily,5,75,long_short,fast_slope,0.005,-0.04564181724440752,-1.3389202154193178,-1.7378742619615268,-0.08642451890460001,-0.5281119041552247,468,0.27136752136752135,0.6370308190315891,-111.08649850260107,0.14256756756756755,0.002702702702702703,0.005405405405405406,0.5625,0.14315878378378377,False
GBPUSD1440_comma,daily,5,75,long_short,combined,0.0025,-0.04566092400838773,-1.3541989977420916,-1.7498997607159048,-0.08628790909182268,-0.5291694339214775,466,0.26609442060085836,0.64296349581423,-111.66585639305872,0.13445945945945945,0.004054054054054054,0.005067567567567568,0.5804054054054054,0.14287162162162162,False
GBPUSD1440_comma,daily,10,200,long_short,combined,0.0,-0.04208399066709756,-1.324690088554619,-1.7519438352097723,-0.08296655760868153,-0.5072404096309515,338,0.26627218934911245,0.6124393668625138,-143.7066159209377,0.1527027027027027,0.01756756756756757,0.015540540540540541,0.4905405405405405,0.14216216216216215,False
GBPUSD1440_comma,daily,5,150,long_only,fast_slope,0.001,-0.029831673583658014,-1.562502069356634,-1.9473897544737342,-0.07443117659354644,-0.40079540521793355,275,0.27636363636363637,0.6043566515111161,-139.87540307412036,0.05912162162162162,0.11790540540540541,0.09695945945945945,0.46418918918918917,0.14214527027027027,False
GBPUSD1440_comma,daily,50,200,long_short,combined,0.001,-0.03932265538830759,-1.214043201140514,-1.5998360135733267,-0.08098841568806593,-0.4855343206090398,184,0.23369565217391305,0.47397856013042494,-249.07173720328066,0.25067567567567567,0.03412162162162162,0.030405405405405407,0.1810810810810811,0.14204391891891893,False
GBPUSD1440_comma,daily,10,250,long_only,fast_slope,0.0,-0.02410255795888472,-1.6835582062543346,-2.208014687827388,-0.07251817286015821,-0.33236576444587673,185,0.25405405405405407,0.553653405559932,-174.99327423594215,0.03141891891891892,0.15945945945945947,0.1983108108108108,0.3324324324324324,0.14195945945945945,False
GBPUSD1440_comma,daily,10,400,long_short,combined,0.0025,-0.03916826244533633,-1.3133312880349504,-1.7237819094439706,-0.08272299759195748,-0.4734869816799816,290,0.27241379310344827,0.5944087483627591,-158.45238041899648,0.16148648648648647,0.020945945945945947,0.03175675675675676,0.43783783783783786,0.14185810810810812,False
GBPUSD1440_comma,daily,10,250,long_only,fast_slope,0.0025,-0.02334414811484531,-1.6995084709846444,-2.2270492427461757,-0.0731736849941751,-0.31902381459541895,176,0.25,0.5585489555269271,-179.1260779635609,0.03006756756756757,0.14087837837837838,0.21452702702702703,0.34324324324324323,0.14163851351351353,False
GBPUSD1440_comma,daily,10,100,long_only,fast_slope,0.0,-0.026711477174929832,-1.439843627272435,-1.8023972710129699,-0.07572817411407473,-0.3527283931960704,206,0.2621359223300971,0.5635714074389772,-170.94588717635463,0.08952702702702703,0.09054054054054055,0.1472972972972973,0.3570945945945946,0.1414695945945946,False
GBPUSD1440_comma,daily,10,50,long_short,combined,0.0025,-0.04251033036107699,-1.2974199384758782,-1.7542125324957554,-0.08360774149143896,-0.508449691413203,367,0.2724795640326976,0.5939457257210022,-133.59778526485763,0.17432432432432432,0.013513513513513514,0.013513513513513514,0.4358108108108108,0.14118243243243245,False
GBPUSD1440_comma,daily,10,500,long_only,combined,0.0,-0.020347642339235694,-2.0621269249240552,-2.646468514790494,-0.07082472633063124,-0.28729574251013335,127,0.25984251968503935,0.45022913263714365,-221.09471154140792,0.005405405405405406,0.2179054054054054,0.30405405405405406,0.15743243243243243,0.1410641891891892,False
GBPUSD1440_comma,daily,10,200,long_short,combined,0.005,-0.0404080383413008,-1.3248712486761867,-1.754446764189378,-0.08192458923110653,-0.49323455534590566,308,0.262987012987013,0.6009472042431081,-152.95493457369466,0.15236486486486486,0.027364864864864866,0.024324324324324326,0.4554054054054054,0.14096283783783786,False
GBPUSD1440_comma,daily,5,50,long_only,slow_slope,0.0025,-0.027610273492802984,-1.361566969111013,-1.804182663984853,-0.07212690710443005,-0.38280129567772847,130,0.23076923076923078,0.41886554554260064,-277.1933263950859,0.1304054054054054,0.17263513513513515,0.12905405405405404,0.13108108108108107,0.14079391891891893,False
GBPUSD1440_comma,daily,30,200,long_only,slow_slope,0.001,-0.02483516271804498,-1.38542606902228,-1.7854450010356362,-0.07177858650753186,-0.345996820589926,62,0.20967741935483872,0.3285246699916029,-526.3511972988421,0.11756756756756757,0.1847972972972973,0.18277027027027026,0.07331081081081081,0.14077702702702705,False
GBPUSD1440_comma,daily,5,75,long_only,fast_slope,0.0,-0.03106119204913005,-1.523067943499333,-1.9324685422366772,-0.07659179638344127,-0.40554202298152797,299,0.26421404682274247,0.6161116508958836,-132.79005286592368,0.06858108108108107,0.08175675675675675,0.08479729729729729,0.5030405405405406,0.14028716216216214,False
GBPUSD1440_comma,daily,10,250,long_short,fast_slope,0.0,-0.04616765082719643,-1.317269980263255,-1.730412306428494,-0.08667614445332027,-0.53264541378003,360,0.28055555555555556,0.6139251479999268,-144.0069122144676,0.1581081081081081,0.002364864864864865,0.004391891891891892,0.49763513513513513,0.13935810810810811,False
GBPUSD1440_comma,daily,5,200,long_short,combined,0.001,-0.04314185859254838,-1.3905034162652166,-1.8899219670907323,-0.08362555738774592,-0.5158932261881721,449,0.2516703786191537,0.641952276629732,-110.6854694010259,0.11554054054054054,0.013175675675675676,0.012162162162162163,0.5790540540540541,0.13880067567567567,False
GBPUSD1440_comma,daily,10,400,long_short,combined,0.005,-0.0388259346025005,-1.317808785476303,-1.7263229021871112,-0.08252561968102126,-0.4704712882202017,283,0.27208480565371024,0.5898437461567267,-161.4983598302307,0.15675675675675677,0.022972972972972974,0.03310810810810811,0.4246621621621622,0.1387668918918919,False
GBPUSD1440_comma,daily,5,150,long_only,combined,0.005,-0.026104773177977325,-1.748657520217371,-2.3120307924911367,-0.07295406153440051,-0.3578248095984069,239,0.26778242677824265,0.5820340975219599,-144.62060239509003,0.023310810810810812,0.14864864864864866,0.15675675675675677,0.4043918918918919,0.13849662162162163,False
GBPUSD1440_comma,daily,10,50,long_short,combined,0.005,-0.040504446804713656,-1.308005701651342,-1.765052438891745,-0.08232015062442534,-0.49203562551178714,330,0.26666666666666666,0.5815033880186304,-143.73330107599028,0.1662162162162162,0.023986486486486488,0.02364864864864865,0.4027027027027027,0.13761824324324323,False
GBPUSD1440_comma,daily,30,200,long_only,slow_slope,0.0,-0.025207094248796302,-1.386470782373196,-1.784675143893468,-0.07202342184696958,-0.3499846800163786,64,0.203125,0.33060063892437097,-522.164287613369,0.11655405405405406,0.17635135135135135,0.175,0.07533783783783783,0.13701013513513513,False
GBPUSD1440_comma,daily,40,50,long_short,fast_slope,0.005,-0.022738090343394246,-1.5345491480295645,-1.9538024921225687,-0.070734635591311,-0.3214562449260342,54,0.37037037037037035,0.3118219333505203,-560.0129065295068,0.06587837837837837,0.22027027027027027,0.23175675675675675,0.060810810810810814,0.13689189189189188,False
GBPUSD1440_comma,daily,10,200,long_short,combined,0.0025,-0.041757121927304186,-1.330741527325833,-1.7596699015153385,-0.08276315130049276,-0.5045376024372765,327,0.2599388379204893,0.6039871582627656,-147.67401033816634,0.14763513513513513,0.02027027027027027,0.016554054054054055,0.46216216216216216,0.13675675675675675,False
GBPUSD1440_comma,daily,5,75,long_short,fast_slope,0.0025,-0.05084019299199549,-1.3748035861583765,-1.7799620896040413,-0.0888014730050746,-0.5725151990338067,515,0.26601941747572816,0.6411434884291918,-108.72396642229067,0.12364864864864865,0.0016891891891891893,0.002027027027027027,0.575,0.13653716216216216,False
GBPUSD1440_comma,daily,10,400,long_only,combined,0.0025,-0.021098843694990377,-1.8799711282972487,-2.4704370055487304,-0.0718697228084581,-0.29357068415612875,143,0.23776223776223776,0.49845203094842444,-202.50467731584126,0.008445945945945946,0.1820945945945946,0.27837837837837837,0.21283783783783783,0.13650337837837836,False
GBPUSD1440_comma,daily,10,500,long_only,combined,0.001,-0.020543645517805964,-2.0702831210774315,-2.657843020509462,-0.07103948352388684,-0.28918630174018956,126,0.2619047619047619,0.44717646659541943,-224.6777122113239,0.004054054054054054,0.20844594594594595,0.2976351351351351,0.15405405405405406,0.13636824324324326,False
GBPUSD1440_comma,daily,20,500,long_short,combined,0.005,-0.03162539750328652,-1.2853245061780951,-1.6622647941016835,-0.07771535098508062,-0.40693887504101733,193,0.29015544041450775,0.49383298064770575,-202.16455514843236,0.18344594594594596,0.06486486486486487,0.08006756756756757,0.20439189189189189,0.1362668918918919,False
GBPUSD1440_comma,daily,5,75,long_only,combined,0.001,-0.027716401916373035,-1.602532811935488,-2.0017154814638016,-0.07549850479333961,-0.3671119314513649,255,0.25882352941176473,0.5998212772136597,-142.27076221603923,0.04695945945945946,0.09493243243243243,0.1260135135135135,0.45337837837837835,0.13572635135135136,False
GBPUSD1440_comma,daily,10,100,long_only,combined,0.001,-0.025447975889169472,-1.5253792646456525,-1.8965029058500076,-0.07444084299033675,-0.34185502026720604,186,0.26344086021505375,0.5393383054407458,-182.00635439997467,0.06722972972972972,0.11689189189189189,0.16993243243243245,0.3,0.13510135135135137,False
GBPUSD1440_comma,daily,50,200,long_only,slow_slope,0.001,-0.02537946757528864,-1.390855085857926,-1.7947730344590787,-0.07213659704158079,-0.3518251292150567,65,0.2153846153846154,0.3328192776190552,-518.5088826871631,0.11486486486486487,0.17229729729729729,0.17128378378378378,0.07871621621621622,0.13508445945945946,False
GBPUSD1440_comma,daily,5,400,long_short,combined,0.005,-0.0406911199969473,-1.409050048402964,-1.888676967087004,-0.08359813257260568,-0.48674675790881716,403,0.24813895781637718,0.6401339730952574,-118.01673607311861,0.10270270270270271,0.013851351351351352,0.020945945945945947,0.5726351351351351,0.13462837837837838,False
GBPUSD1440_comma,daily,50,200,long_short,combined,0.0025,-0.03960197600194115,-1.2243159982455691,-1.6119623175440796,-0.08133907111136778,-0.48687519369036003,182,0.22527472527472528,0.4593895347779432,-253.3903720976,0.24054054054054055,0.03141891891891892,0.028040540540540542,0.1652027027027027,0.13445945945945947,False
GBPUSD1440_comma,daily,40,200,long_only,slow_slope,0.0025,-0.025171808996080625,-1.407033642846129,-1.8131355460655603,-0.07200023206890625,-0.3496073314318,61,0.21311475409836064,0.344024807144737,-548.790746780899,0.10540540540540541,0.1783783783783784,0.17533783783783785,0.08378378378378379,0.1343918918918919,False
GBPUSD1440_comma,daily,5,50,long_short,fast_slope,0.0025,-0.05116203448500445,-1.3707492303325213,-1.8073178757046109,-0.08791541390829065,-0.5819461253788141,526,0.2718631178707224,0.6312818337168955,-106.72015248796338,0.12635135135135134,0.002027027027027027,0.0016891891891891893,0.5466216216216216,0.13337837837837838,False
GBPUSD1440_comma,daily,40,50,long_short,slow_slope,0.005,-0.02305317582414701,-1.529831874940539,-1.9466647102582684,-0.07094258479405045,-0.3249553972564071,52,0.38461538461538464,0.30262949737471123,-589.9771214129579,0.06655405405405405,0.21452702702702703,0.22195945945945947,0.05574324324324324,0.13300675675675677,False
GBPUSD1440_comma,daily,10,500,long_only,combined,0.0025,-0.02084601878261827,-2.0866492713291467,-2.6743169386959758,-0.07107365174187036,-0.29330164233474476,125,0.256,0.4396484329833194,-229.30732678218018,0.0030405405405405407,0.20574324324324325,0.28952702702702704,0.1489864864864865,0.1329054054054054,False
GBPUSD1440_comma,daily,20,50,long_only,combined,0.005,-0.023500031099324414,-1.5979922130230957,-2.1282832068373705,-0.07106358616945586,-0.3306901940367465,119,0.2689075630252101,0.4175890541746382,-266.3966958963354,0.04864864864864865,0.20641891891891892,0.21081081081081082,0.13074324324324324,0.13283783783783784,False
GBPUSD1440_comma,daily,5,200,long_short,combined,0.0,-0.044131779217336575,-1.4029162593462612,-1.9041088297656317,-0.08424329158410743,-0.5238610503873293,453,0.25386313465783666,0.6384690498133992,-111.31498021346461,0.10777027027027027,0.010810810810810811,0.008445945945945946,0.5675675675675675,0.13263513513513514,False
GBPUSD1440_comma,daily,50,200,long_only,combined,0.005,-0.022400674664626474,-1.653120461235036,-2.1729297251868083,-0.07060956404528695,-0.3172470325728016,88,0.19318181818181818,0.35459997030027796,-346.11251019661955,0.03682432432432432,0.22263513513513514,0.2418918918918919,0.0918918918918919,0.1325506756756757,False
GBPUSD1440_comma,daily,10,500,long_only,combined,0.005,-0.02044167683984599,-2.085648979777431,-2.675722299808181,-0.07149227042973613,-0.28592848872993104,123,0.24390243902439024,0.4405509243491398,-229.18401620960276,0.0033783783783783786,0.19256756756756757,0.3013513513513513,0.14966216216216216,0.13221283783783783,False
GBPUSD1440_comma,daily,5,200,long_short,combined,0.005,-0.04238795412344731,-1.4058475834642956,-1.9051821288075308,-0.08313763285160614,-0.5098527907224197,416,0.2548076923076923,0.633462797256774,-118.09897568208144,0.10641891891891891,0.016554054054054055,0.013851351351351352,0.5503378378378379,0.132027027027027,False
GBPUSD1440_comma,daily,50,200,long_only,fast_slope,0.001,-0.02449555461044972,-1.51296282987796,-1.9892436712804695,-0.07155423310944532,-0.34233550617449426,97,0.23711340206185566,0.39540193972025567,-337.44799331415663,0.07195945945945946,0.19087837837837837,0.18885135135135134,0.11824324324324324,0.13201013513513515,False
GBPUSD1440_comma,daily,5,75,long_only,combined,0.0025,-0.02767718710347522,-1.6350521749575857,-2.0207950052748314,-0.07447824404718015,-0.37161438830301097,239,0.25523012552301255,0.5811311555680365,-151.62270287516827,0.0402027027027027,0.11621621621621622,0.12702702702702703,0.4023648648648649,0.13089527027027026,False
GBPUSD1440_comma,daily,10,200,long_only,combined,0.005,-0.023153083671957453,-1.820493056622328,-2.3888497349733213,-0.07110382694238376,-0.32562359394127494,155,0.23870967741935484,0.49121882639952147,-202.0070914981454,0.012837837837837839,0.20304054054054055,0.2195945945945946,0.20067567567567568,0.12991554054054055,False
GBPUSD1440_comma,daily,5,50,long_short,combined,0.0,-0.04824384064890408,-1.4016030079320398,-1.9122915401194711,-0.08603586182217232,-0.5607410634023677,526,0.25665399239543724,0.6368137641917959,-102.43380943689782,0.10878378378378378,0.004391891891891892,0.0030405405405405407,0.5618243243243243,0.12949324324324324,False
GBPUSD1440_comma,daily,10,250,long_short,fast_slope,0.005,-0.04413066172206437,-1.3449914716479914,-1.7500582095407342,-0.08528707598354121,-0.5174366832623122,335,0.28059701492537314,0.605784415127969,-151.08332928678658,0.13783783783783785,0.007094594594594595,0.008783783783783784,0.4706081081081081,0.12925675675675677,False
GBPUSD1440_comma,daily,10,250,long_short,combined,0.005,-0.04060094609523246,-1.3668092272307435,-1.7756315638285367,-0.08318852029770162,-0.4880594816440581,296,0.27702702702702703,0.6041779235495554,-161.1182896085379,0.12804054054054054,0.016216216216216217,0.021283783783783785,0.4631756756756757,0.12900337837837839,False
GBPUSD1440_comma,daily,5,100,long_only,fast_slope,0.0025,-0.02977744065895671,-1.5734392722089399,-1.9642358433387004,-0.07597450636851269,-0.39193990303170756,278,0.2589928057553957,0.5952222687184825,-138.16748831968073,0.05304054054054054,0.08783783783783784,0.0972972972972973,0.43986486486486487,0.12861486486486484,False
GBPUSD1440_comma,daily,5,50,long_only,fast_slope,0.005,-0.027615385513358404,-1.5815567030304425,-1.9986104821522999,-0.07340553999058505,-0.3762030156974574,235,0.2978723404255319,0.5507861109732397,-153.92687693209442,0.05033783783783784,0.13614864864864865,0.1287162162162162,0.3239864864864865,0.1285135135135135,False
GBPUSD1440_comma,daily,5,200,long_short,combined,0.0025,-0.04387690137043598,-1.4152921593314316,-1.9206099524335731,-0.0840841374879003,-0.5218213884485627,440,0.25,0.6341665125580742,-114.4235153424642,0.10067567567567567,0.01114864864864865,0.009797297297297298,0.5533783783783783,0.12802364864864862,False
GBPUSD1440_comma,daily,5,50,long_short,fast_slope,0.001,-0.05490331224941092,-1.3939111486155336,-1.8387156745427768,-0.09037427301480144,-0.6075104166029517,562,0.2669039145907473,0.626606823788414,-104.58688354681942,0.1125,0.0006756756756756757,0.0006756756756756757,0.533445945945946,0.12532094594594595,False
GBPUSD1440_comma,daily,10,100,long_only,combined,0.0025,-0.025225645699824106,-1.539461334800835,-1.916963383405899,-0.07505216118747073,-0.3361081853034673,182,0.2692307692307692,0.52063480539162,-184.67482708981765,0.06554054054054054,0.10371621621621621,0.17432432432432432,0.25405405405405407,0.12511824324324325,False
GBPUSD1440_comma,daily,10,500,long_short,combined,0.0,-0.038614888669360026,-1.3719021197356325,-1.7883530649307704,-0.08019088619579545,-0.48153712349651867,275,0.2872727272727273,0.5703194966851749,-165.1546501746534,0.1260135135135135,0.0402027027027027,0.03445945945945946,0.37635135135135134,0.12380067567567567,False
GBPUSD1440_comma,daily,5,400,long_short,combined,0.0025,-0.04264792487025382,-1.434645164310073,-1.9220692384639826,-0.0848184777905108,-0.5028140799176795,416,0.25,0.6305399913051273,-118.30189974028356,0.0918918918918919,0.008783783783783784,0.013175675675675676,0.5449324324324324,0.1233277027027027,False
GBPUSD1440_comma,daily,10,200,long_only,combined,0.0,-0.024940916545068803,-1.82493481219411,-2.3969118822071267,-0.07134570337723656,-0.3495783959574279,170,0.2411764705882353,0.5002707257555132,-195.87775076868598,0.0125,0.1972972972972973,0.18141891891891893,0.21756756756756757,0.12324324324324325,False
GBPUSD1440_comma,daily,20,50,long_only,combined,0.0025,-0.026268585359226715,-1.5611568684264918,-2.0587885081852004,-0.07171993641343712,-0.3662661551705608,140,0.29285714285714287,0.4336992195236343,-248.14692849595167,0.0597972972972973,0.1858108108108108,0.15405405405405406,0.14256756756756755,0.12256756756756756,False
GBPUSD1440_comma,daily,5,250,long_only,fast_slope,0.0025,-0.02730329216128935,-1.7625154342725773,-2.30995751481137,-0.07521985385619731,-0.3629798618525214,257,0.25680933852140075,0.5861821149155974,-139.4691459833456,0.019932432432432434,0.10033783783783784,0.13513513513513514,0.41655405405405405,0.12256756756756756,False
GBPUSD1440_comma,daily,5,400,long_short,combined,0.0,-0.0438457999278572,-1.4469101030065856,-1.9357501217030653,-0.0855202364509329,-0.5126950269017749,426,0.2535211267605634,0.63346366144896,-117.87533870653522,0.08682432432432433,0.006081081081081081,0.010135135135135136,0.5506756756756757,0.12087837837837836,False
GBPUSD1440_comma,daily,10,50,long_short,combined,0.0,-0.047038615399060846,-1.326569308439908,-1.7886935651553062,-0.0864003864823063,-0.5444259836579985,406,0.24876847290640394,0.5770034272425305,-129.8695574090286,0.1516891891891892,0.0030405405405405407,0.0037162162162162164,0.3912162162162162,0.12086148648648648,False
GBPUSD1440_comma,daily,40,200,long_only,slow_slope,0.001,-0.02641275648895902,-1.4086560867650626,-1.8132358151288284,-0.07281142775330192,-0.36275564569960284,64,0.203125,0.32696809878053074,-536.0776015848242,0.10337837837837838,0.15337837837837837,0.1516891891891892,0.07162162162162163,0.12077702702702703,False
GBPUSD1440_comma,daily,5,50,long_only,combined,0.001,-0.02961767856084574,-1.7513249224529326,-2.3160136784824954,-0.07285194858444238,-0.4065461409932778,269,0.241635687732342,0.5626687713729679,-142.1849717524721,0.022635135135135136,0.15202702702702703,0.09864864864864865,0.3550675675675676,0.12005067567567568,False
GBPUSD1440_comma,daily,5,50,long_only,combined,0.0025,-0.028215551927356808,-1.761429724395725,-2.335107401588351,-0.07295162311191566,-0.3867707217983499,254,0.24803149606299213,0.5580051505644334,-144.88786944250782,0.02027027027027027,0.1489864864864865,0.11655405405405406,0.3418918918918919,0.11994932432432431,False
GBPUSD1440_comma,daily,10,100,long_only,combined,0.0,-0.02663488188369001,-1.549761099990619,-1.9251350568523755,-0.07568637126728296,-0.3519112019471794,192,0.2604166666666667,0.5317322925296591,-182.984689710597,0.0625,0.09087837837837838,0.14763513513513513,0.28040540540540543,0.11930743243243244,False
GBPUSD1440_comma,daily,5,500,long_only,combined,0.005,-0.022660228543361804,-2.1576674366423223,-2.787695439440512,-0.07222138732642563,-0.3137606377033757,191,0.2670157068062827,0.48618769360063935,-161.01225030021862,0.0010135135135135136,0.16858108108108108,0.23378378378378378,0.19628378378378378,0.11875000000000001,False
GBPUSD1440_comma,daily,10,250,long_only,fast_slope,0.005,-0.024281211520768342,-1.7523862219872732,-2.295508603827691,-0.0737844258779889,-0.3290831531429158,172,0.25,0.5227802999292563,-189.37194545337252,0.0222972972972973,0.12804054054054054,0.1939189189189189,0.2587837837837838,0.11853040540540541,False
GBPUSD1440_comma,daily,5,50,long_only,fast_slope,0.0025,-0.031112370946171586,-1.5717671402156448,-1.9841408415055248,-0.07489167704107555,-0.4154316230508165,269,0.26765799256505574,0.559919120623127,-147.78910013847664,0.05472972972972973,0.10810810810810811,0.08277027027027027,0.34695945945945944,0.11751689189189188,False
GBPUSD1440_comma,daily,5,400,long_short,combined,0.001,-0.044194678399984255,-1.455145789944852,-1.9474418768104926,-0.0857253519686111,-0.515538022126365,423,0.24822695035460993,0.6274879793167968,-119.38766556525242,0.08378378378378379,0.005067567567567568,0.007770270270270271,0.5371621621621622,0.11690878378378378,False
GBPUSD1440_comma,daily,10,500,long_short,combined,0.001,-0.039221659583460466,-1.3836580985396447,-1.8048466772341825,-0.08100948840248083,-0.48416130452021644,274,0.28832116788321166,0.5635835157076973,-167.71192502412407,0.11925675675675676,0.033783783783783786,0.03141891891891892,0.35743243243243245,0.1160472972972973,False
GBPUSD1440_comma,daily,75,200,long_only,slow_slope,0.0,-0.027864563469136128,-1.4222987520995232,-1.8346228190111376,-0.07221389473186424,-0.38586152391585304,71,0.2535211267605634,0.31882092517251376,-513.1626815725634,0.09695945945945945,0.16925675675675675,0.12331081081081081,0.06587837837837837,0.11564189189189189,False
GBPUSD1440_comma,daily,5,500,long_only,fast_slope,0.005,-0.025487113535727413,-1.9032827000322294,-2.527795046115051,-0.07363981608541775,-0.34610506775524663,230,0.26521739130434785,0.5424535940703822,-147.37287008326282,0.007770270270270271,0.12972972972972974,0.16891891891891891,0.30574324324324326,0.11518581081081083,False
GBPUSD1440_comma,daily,5,250,long_only,fast_slope,0.001,-0.02807681849671584,-1.7597914009059983,-2.317352462748871,-0.07641218777851363,-0.36743900826525955,265,0.24150943396226415,0.5848711917604728,-138.3271967164713,0.02060810810810811,0.08378378378378379,0.1195945945945946,0.41283783783783784,0.11503378378378379,False
GBPUSD1440_comma,daily,5,50,long_only,combined,0.0,-0.030391427634393064,-1.7461912183885926,-2.3166574580080086,-0.07359849458759324,-0.41293545207263327,276,0.2391304347826087,0.5641669631221946,-141.4221113546411,0.023986486486486488,0.1314189189189189,0.09121621621621621,0.35945945945945945,0.11461148648648647,False
GBPUSD1440_comma,daily,5,150,long_only,fast_slope,0.005,-0.03073620514154629,-1.6490525615590055,-2.04311528765868,-0.07599076625179217,-0.40447289397902875,256,0.2578125,0.5748820472444469,-153.82484345480535,0.0375,0.0875,0.0875,0.38682432432432434,0.11239864864864864,False
GBPUSD1440_comma,daily,10,500,long_only,fast_slope,0.005,-0.02316256481252943,-1.8577291970569993,-2.434157115156634,-0.07305093955834528,-0.3170741533588305,149,0.26174496644295303,0.4804701038512071,-210.21333882083871,0.009797297297297298,0.14425675675675675,0.21891891891891893,0.18986486486486487,0.11224662162162163,False
GBPUSD1440_comma,daily,10,200,long_only,combined,0.001,-0.02501845252825574,-1.856226885298085,-2.4331848807275986,-0.07231246780319772,-0.34597702565406574,167,0.23353293413173654,0.49147943424688967,-199.90542982970615,0.010135135135135136,0.16486486486486487,0.18006756756756756,0.20168918918918918,0.11153716216216217,False
GBPUSD1440_comma,daily,50,200,long_only,fast_slope,0.0025,-0.025705607141062514,-1.554687795037112,-2.0409198755972415,-0.07262101004154327,-0.3539692869371752,97,0.2268041237113402,0.3697028847391057,-350.3132482623734,0.06047297297297297,0.15608108108108107,0.16317567567567567,0.10270270270270271,0.11125,False
GBPUSD1440_comma,daily,100,200,long_only,slow_slope,0.0,-0.027524722498144083,-1.410838270971625,-1.8210294835114709,-0.07390820002371636,-0.37241770858053225,77,0.24675324675324675,0.3324066906256815,-468.53680504961557,0.10202702702702703,0.125,0.13074324324324324,0.07804054054054053,0.10991554054054054,False
GBPUSD1440_comma,daily,5,100,long_only,combined,0.0,-0.030397338536400698,-1.6504996343169485,-2.0454945482215883,-0.07678579151334511,-0.39587191767265617,261,0.26436781609195403,0.5687060109407521,-149.5726493833255,0.037162162162162164,0.07939189189189189,0.09054054054054055,0.37094594594594593,0.10846283783783783,False
GBPUSD1440_comma,daily,5,300,long_only,fast_slope,0.001,-0.028080902737305125,-1.8673443027695935,-2.4578732786209136,-0.07498368378361346,-0.3744935073920945,253,0.2450592885375494,0.5634425259296955,-144.90503854922392,0.00945945945945946,0.10574324324324325,0.11925675675675676,0.3564189189189189,0.10753378378378378,False
GBPUSD1440_comma,daily,10,200,long_only,combined,0.0025,-0.025223291011362337,-1.8678651046703776,-2.447174697181805,-0.07244395430695823,-0.3481766180858469,165,0.23030303030303031,0.479622946311802,-203.68634679416806,0.009121621621621622,0.1608108108108108,0.17466216216216215,0.1891891891891892,0.10716216216216216,False
GBPUSD1440_comma,daily,40,200,long_only,slow_slope,0.0,-0.027566557114696577,-1.4263265228193192,-1.8304910211358727,-0.0735585556281345,-0.37475663951390836,67,0.19402985074626866,0.316444352076871,-530.1296452188087,0.09493243243243243,0.1331081081081081,0.1293918918918919,0.06317567567567567,0.10660472972972973,False
GBPUSD1440_comma,daily,50,200,long_only,slow_slope,0.0025,-0.02711231254199431,-1.441476372216263,-1.8553062061972825,-0.07352231164995421,-0.36876305890759076,63,0.2222222222222222,0.31663668603070017,-563.3682603277255,0.08851351351351351,0.13378378378378378,0.14020270270270271,0.06385135135135135,0.1064695945945946,False
GBPUSD1440_comma,daily,10,500,long_short,combined,0.005,-0.03950839903766579,-1.3983996673925387,-1.823437723433776,-0.08188253446996566,-0.4825009300628986,266,0.2781954887218045,0.5520626269524304,-173.80517308229793,0.11081081081081082,0.027702702702702704,0.02837837837837838,0.32804054054054055,0.10613175675675676,False
GBPUSD1440_comma,daily,5,50,long_only,fast_slope,0.001,-0.034243309469798255,-1.5867366196333659,-2.006594568297083,-0.0754305659615344,-0.4539712652727613,292,0.2671232876712329,0.5539566792776145,-146.58191032367026,0.05,0.09662162162162162,0.05912162162162162,0.3331081081081081,0.10594594594594595,False
GBPUSD1440_comma,daily,50,250,long_only,fast_slope,0.001,-0.0251576061762121,-1.5900050469597926,-2.083242205115266,-0.07327285151364182,-0.34334143760637315,95,0.23157894736842105,0.3616624465601482,-346.71468138590626,0.04932432432432433,0.14020270270270271,0.17567567567567569,0.0972972972972973,0.10451013513513514,False
GBPUSD1440_comma,daily,5,250,long_only,fast_slope,0.0,-0.029559379909165462,-1.7918671537874657,-2.354547183576107,-0.07708689431504169,-0.3834553223581826,269,0.2379182156133829,0.5747256152149272,-141.96374788499844,0.01756756756756757,0.07364864864864865,0.09932432432432432,0.3858108108108108,0.10317567567567568,False
GBPUSD1440_comma,daily,5,100,long_only,combined,0.0025,-0.03036672117795891,-1.6752505978479353,-2.073388077401337,-0.07699404796438476,-0.39440348937109637,253,0.2450592885375494,0.5597478751649276,-154.1801990033932,0.033445945945945944,0.07466216216216216,0.09155405405405405,0.3456081081081081,0.10219594594594594,False
GBPUSD1440_comma,daily,5,100,long_only,fast_slope,0.005,-0.030914981329757674,-1.6653929890943733,-2.0682482485224,-0.07671361448859212,-0.40299210949517905,253,0.2450592885375494,0.5535455121774409,-156.35645190015663,0.03547297297297297,0.0804054054054054,0.08614864864864864,0.3320945945945946,0.10133445945945946,False
GBPUSD1440_comma,daily,5,200,long_only,fast_slope,0.001,-0.0321571309955786,-1.6740740619342895,-2.076811351090709,-0.07680774733742736,-0.41867040904490727,268,0.2537313432835821,0.5615916875237353,-152.19560753818698,0.033783783783783786,0.07837837837837838,0.07601351351351351,0.35135135135135137,0.10101351351351352,False
GBPUSD1440_comma,daily,5,100,long_only,combined,0.001,-0.030851456449151438,-1.6719045264205576,-2.071155934042274,-0.07718626640111262,-0.3997013703037037,259,0.25096525096525096,0.5600237531415855,-152.48890661711508,0.03412162162162162,0.07162162162162163,0.08648648648648649,0.3472972972972973,0.10094594594594594,False
GBPUSD1440_comma,daily,5,50,long_short,fast_slope,0.0,-0.06208873894643219,-1.4771411611500807,-1.9442393122700474,-0.09512384344425097,-0.6527147842046606,588,0.2653061224489796,0.6036557368305745,-107.91249366580675,0.07871621621621622,0.00033783783783783786,0.00033783783783783786,0.46047297297297296,0.10070945945945946,False
GBPUSD1440_comma,daily,10,500,long_short,combined,0.0025,-0.04052847019317407,-1.4120719887811497,-1.8392561144112725,-0.08216313808522553,-0.4932682847524035,272,0.28308823529411764,0.5511820063204147,-173.328170435424,0.10135135135135136,0.02533783783783784,0.022972972972972974,0.3256756756756757,0.10032094594594596,False
GBPUSD1440_comma,daily,75,200,long_only,slow_slope,0.001,-0.028314257099039675,-1.4438325480054606,-1.8638878980070241,-0.07416450052940375,-0.381776414550436,69,0.21739130434782608,0.30385068522179404,-534.8457897352571,0.0875,0.12195945945945946,0.11587837837837837,0.057432432432432436,0.09728040540540539,False
GBPUSD1440_comma,daily,20,50,long_only,combined,0.001,-0.02883269941836586,-1.5791206551291883,-2.0796597376670016,-0.07388826680072572,-0.3902202699669045,158,0.2848101265822785,0.43462548222645403,-236.97437700331275,0.05101351351351351,0.12567567567567567,0.10878378378378378,0.14358108108108109,0.09511824324324324,False
GBPUSD1440_comma,daily,5,200,long_only,fast_slope,0.0,-0.03315973122754301,-1.6857675984431797,-2.089525132469677,-0.07743062074154543,-0.4282508768491784,273,0.2564102564102564,0.5566134841062058,-152.9825843091834,0.030743243243243245,0.06891891891891892,0.06689189189189189,0.3385135135135135,0.09368243243243243,False
GBPUSD1440_comma,daily,5,75,long_only,fast_slope,0.001,-0.034556131729463035,-1.656670113441414,-2.0631395092178697,-0.07881118214386584,-0.4384673695971538,290,0.25517241379310346,0.5616593170578671,-148.6146440035336,0.03614864864864865,0.05405405405405406,0.05810810810810811,0.3516891891891892,0.09234797297297297,False
GBPUSD1440_comma,daily,5,50,long_only,fast_slope,0.0,-0.03651653471503158,-1.6114442106754074,-2.042455618856349,-0.0772967768375679,-0.47241988875898067,303,0.26732673267326734,0.5484551880873761,-148.2599408513646,0.04493243243243243,0.06993243243243243,0.0445945945945946,0.3185810810810811,0.09216216216216216,False
GBPUSD1440_comma,daily,100,200,long_only,slow_slope,0.001,-0.028729508085665434,-1.4661564535627702,-1.880375704577333,-0.07466706658583136,-0.384768136734557,71,0.2535211267605634,0.312646850296661,-525.8491858549598,0.08108108108108109,0.11317567567567567,0.10945945945945947,0.06148648648648649,0.09184121621621621,False
GBPUSD1440_comma,daily,20,50,long_only,combined,0.0,-0.02950570758531834,-1.571041610776176,-2.081671342645783,-0.0748341719867022,-0.3942812060586628,170,0.29411764705882354,0.43169059530743187,-224.3141989312017,0.05540540540540541,0.10945945945945947,0.10067567567567567,0.13952702702702702,0.09059121621621623,False
GBPUSD1440_comma,daily,5,75,long_only,fast_slope,0.0025,-0.03297489045249602,-1.6714146520252007,-2.0631528049345835,-0.078671292425149,-0.41914768953198067,270,0.24814814814814815,0.5511118065221681,-154.02030701119114,0.03445945945945946,0.056081081081081084,0.06959459459459459,0.3253378378378378,0.09052364864864865,False
GBPUSD1440_comma,daily,50,250,long_only,fast_slope,0.005,-0.02542882836502891,-1.6886212926565816,-2.1890846496397804,-0.0738627273357828,-0.3442714516812855,91,0.21978021978021978,0.3357773227140884,-371.78397567977686,0.030405405405405407,0.1266891891891892,0.17060810810810811,0.08006756756756757,0.08996621621621623,False
GBPUSD1440_comma,daily,5,300,long_only,fast_slope,0.0,-0.030063128736674494,-1.904301114808292,-2.4974408222438957,-0.07658655224803416,-0.392537956785307,256,0.234375,0.5463777921116424,-151.17455927845737,0.007432432432432433,0.08209459459459459,0.0929054054054054,0.31554054054054054,0.08940878378378378,False
GBPUSD1440_comma,daily,40,50,long_short,combined,0.005,-0.025611394881743133,-1.6778720879346753,-2.1128078781910307,-0.07317110554008611,-0.3500206084451214,56,0.3392857142857143,0.27060480312142715,-599.7180551100797,0.032432432432432434,0.14189189189189189,0.16554054054054054,0.04087837837837838,0.08768581081081081,False
GBPUSD1440_comma,daily,5,50,long_only,slow_slope,0.0,-0.03491310660978353,-1.437958189927891,-1.8868595589570114,-0.0751352541084358,-0.4646701075822097,138,0.18840579710144928,0.361088899302003,-316.41776274830545,0.09054054054054055,0.10101351351351351,0.05540540540540541,0.09628378378378379,0.08699324324324324,False
GBPUSD1440_comma,daily,5,100,long_only,combined,0.005,-0.030976691418958868,-1.7358405238166426,-2.135778841870175,-0.07709886540441686,-0.4017788232871228,235,0.23404255319148937,0.5281771391353708,-168.59515845869294,0.025675675675675677,0.07297297297297298,0.08547297297297297,0.2719594594594595,0.08640202702702704,False
GBPUSD1440_comma,daily,5,250,long_only,fast_slope,0.005,-0.029345967516395843,-1.8800561287471904,-2.4455231991136124,-0.07728735794211222,-0.37969945276659345,242,0.24380165289256198,0.5357620167867891,-156.90060031677478,0.008108108108108109,0.07027027027027027,0.10304054054054054,0.2922297297297297,0.08525337837837837,False
GBPUSD1440_comma,daily,40,50,long_short,price_slow,0.005,-0.025950074656797883,-1.6855707792505017,-2.1214849421505377,-0.0733812901505378,-0.3536333935198289,56,0.3392857142857143,0.2680782662547847,-606.3138868998163,0.031081081081081083,0.13682432432432431,0.1597972972972973,0.039527027027027026,0.08452702702702702,False
GBPUSD1440_comma,daily,50,200,long_only,combined,0.0,-0.027242943288993127,-1.7228707767862095,-2.2421397827872216,-0.07334961798151597,-0.37141220416251275,99,0.20202020202020202,0.31947071402953603,-357.5083290894289,0.02837837837837838,0.1375,0.13648648648648648,0.06621621621621622,0.08295608108108109,False
GBPUSD1440_comma,daily,50,250,long_only,fast_slope,0.0025,-0.027009732072215242,-1.6821590417987886,-2.1748863617899796,-0.07439440961175,-0.3630613135203814,91,0.21978021978021978,0.3350143715331286,-386.19848435753534,0.03175675675675676,0.11891891891891893,0.14189189189189189,0.07972972972972973,0.08277027027027027,False
GBPUSD1440_comma,daily,50,200,long_only,combined,0.001,-0.027452044616903648,-1.7423181492579067,-2.2656847701253184,-0.0734846737501288,-0.3735751037046079,98,0.20408163265306123,0.3186487166151545,-366.60937090430104,0.024662162162162164,0.13445945945945945,0.13277027027027027,0.06554054054054054,0.07986486486486487,False
GBPUSD1440_comma,daily,5,400,long_only,combined,0.005,-0.027692880638061412,-2.142811883995731,-2.7741329217322725,-0.07515003340575975,-0.3685012418895204,209,0.215311004784689,0.4713737412209291,-173.46566667966712,0.0016891891891891893,0.10067567567567567,0.1266891891891892,0.17871621621621622,0.07798986486486487,False
GBPUSD1440_comma,daily,50,200,long_only,combined,0.0025,-0.02767440786357045,-1.7576106927659276,-2.2835735126029437,-0.07388016430636374,-0.3745850882086721,97,0.1958762886597938,0.3133096930381383,-372.0326724012128,0.021283783783783785,0.12635135135135134,0.12736486486486487,0.062162162162162166,0.07489864864864866,False
GBPUSD1440_comma,daily,5,400,long_only,combined,0.0025,-0.028393354142369653,-2.1328490365523582,-2.7635907406169578,-0.07567090499975723,-0.37522154839380795,218,0.22477064220183487,0.47366054466295787,-169.66356520946812,0.002364864864864865,0.09155405405405405,0.11351351351351352,0.18074324324324326,0.07364864864864865,False
GBPUSD1440_comma,daily,5,200,long_only,fast_slope,0.005,-0.03380414134701981,-1.7780244905442328,-2.1728499151764784,-0.07749047613877331,-0.4362360774049431,246,0.24796747967479674,0.5171628990297531,-172.29049677581847,0.018243243243243244,0.06824324324324324,0.060810810810810814,0.24493243243243243,0.07326013513513513,False
GBPUSD1440_comma,daily,5,200,long_only,fast_slope,0.0025,-0.03552411363916286,-1.783928424577595,-2.184246204177763,-0.07889670802151501,-0.45026103788101635,265,0.2490566037735849,0.5217899614114658,-166.06075470885253,0.017905405405405406,0.05304054054054054,0.051351351351351354,0.25675675675675674,0.06920608108108108,False
GBPUSD1440_comma,daily,5,200,long_only,combined,0.005,-0.030531377178987573,-2.062146226812902,-2.6810476632861273,-0.07576955979729921,-0.4029504363053704,215,0.23255813953488372,0.46890338474126725,-182.2020408040844,0.005067567567567568,0.08986486486486486,0.08986486486486486,0.17567567567567569,0.06881756756756757,False
GBPUSD1440_comma,daily,5,200,long_only,combined,0.001,-0.031523103002298325,-2.036381499085021,-2.6660008077338526,-0.07641327009663808,-0.4125344061631153,234,0.2264957264957265,0.48364124462961533,-171.6386221797413,0.006081081081081081,0.08344594594594594,0.08141891891891892,0.19256756756756757,0.06846283783783784,False
GBPUSD1440_comma,daily,5,400,long_only,combined,0.0,-0.029261492110678078,-2.1408227533853124,-2.7704078886121177,-0.07709438169492024,-0.37955414476858207,223,0.22869955156950672,0.4741272993697855,-169.8804238219464,0.002027027027027027,0.07331081081081081,0.10472972972972973,0.1820945945945946,0.06739864864864864,False
GBPUSD1440_comma,daily,5,200,long_only,combined,0.0025,-0.0317327040454537,-2.0558555854861384,-2.6819760188980863,-0.0765437362317308,-0.4145695730005282,228,0.22807017543859648,0.4766156153483642,-177.0646069711929,0.0057432432432432436,0.08243243243243244,0.07972972972972973,0.1875,0.06697635135135135,False
GBPUSD1440_comma,daily,5,400,long_only,combined,0.001,-0.029320021317701506,-2.1497528806095576,-2.7806936128744217,-0.0772731381026095,-0.37943355268900847,222,0.22522522522522523,0.4698598490873913,-170.91601472477907,0.0013513513513513514,0.07060810810810811,0.10371621621621621,0.17702702702702702,0.06548986486486486,False
GBPUSD1440_comma,daily,5,200,long_only,combined,0.0,-0.0327082960138968,-2.0626541968768075,-2.694332331370938,-0.07715028594482684,-0.42395560318840253,237,0.21940928270042195,0.4745394883347549,-174.37446648946366,0.00472972972972973,0.0722972972972973,0.07195945945945946,0.18412162162162163,0.06197635135135135,False
