asset,timeframe,fast,slow,mode,filter,buffer,CAGR,sharpe,sortino,calmar,max_drawdown,num_trades,win_rate,profit_factor,expectancy,sharpe_rank,calmar_rank,cagr_rank,pf_rank,research_score,low_sample
EURUSD1440_comma,daily,50,300,long_short,none,0.0,0.013331181097827605,-0.2948326883232228,-0.3978866340383333,0.054890330836718765,-0.24286938873594366,19,0.5263157894736842,1.80785817238788,1400.9391641814186,0.9993243243243243,0.9983108108108109,0.9996621621621622,0.9996621621621622,0.9991891891891892,True
EURUSD1440_comma,daily,30,300,long_short,none,0.0025,0.011221183562645232,-0.3283612804026027,-0.44933507239768766,0.052199849786737196,-0.21496582094564343,25,0.36,1.6499635351903568,887.4752818585252,0.9976351351351351,0.9976351351351351,0.9979729729729729,0.9983108108108109,0.997804054054054,False
EURUSD1440_comma,daily,30,150,long_short,none,0.001,0.01398873838816872,-0.27967911683492985,-0.38842577770910963,0.0682482653831907,-0.20496840922808413,45,0.35555555555555557,1.3800903000576943,556.7538499352579,1.0,0.9993243243243243,1.0,0.9858108108108108,0.9977027027027028,False
EURUSD1440_comma,daily,40,300,long_short,none,0.0025,0.01124859298363079,-0.3297159747582284,-0.4455760326593201,0.0513269956370221,-0.21915549203735574,22,0.45454545454545453,1.6834865748624444,1008.6539805706317,0.9972972972972973,0.9966216216216216,0.9983108108108109,0.9993243243243243,0.9976351351351351,False
EURUSD1440_comma,daily,50,150,long_short,none,0.001,0.012387140294237708,-0.30024817513443136,-0.4092416659046211,0.058475829392958645,-0.21183351177451282,35,0.37142857142857144,1.3874580424968292,672.4135267450847,0.9989864864864865,0.9986486486486487,0.9989864864864865,0.9864864864864865,0.9970270270270271,False
EURUSD1440_comma,daily,30,300,long_short,none,0.001,0.010692293877621273,-0.331578667522087,-0.4561163387702055,0.047383910051569285,-0.22565241800401314,25,0.36,1.5438922882082715,865.7018120553323,0.9969594594594594,0.9952702702702703,0.9972972972972973,0.995945945945946,0.9964527027027028,False
EURUSD1440_comma,daily,30,150,long_short,none,0.0025,0.01147789547014777,-0.3214001016104285,-0.43829449688811334,0.045797104170016055,-0.2506249178449692,41,0.36585365853658536,1.3669657511570132,530.6441053866133,0.9983108108108109,0.9945945945945946,0.9986486486486487,0.9851351351351352,0.9954729729729731,False
EURUSD1440_comma,daily,20,400,long_short,none,0.0025,0.009824625816122534,-0.36126242573416867,-0.4927127872230143,0.04547564476070909,-0.21604148479519747,24,0.375,1.6725782790386534,838.207503283105,0.9942567567567567,0.9942567567567567,0.9962837837837838,0.9986486486486487,0.995320945945946,False
EURUSD1440_comma,daily,30,300,long_short,none,0.0,0.009875705958334313,-0.338890078357248,-0.4668241221773434,0.0395747437099344,-0.2495456706105017,25,0.32,1.4406799846737577,750.8897629533062,0.9966216216216216,0.9902027027027027,0.9966216216216216,0.9915540540540541,0.9942567567567568,False
EURUSD1440_comma,daily,100,150,long_short,none,0.0,0.0129461129441788,-0.2870576127521279,-0.38937280539508956,0.045385927624956315,-0.2852450885472292,43,0.3953488372093023,1.2548386590683416,492.35903781535495,0.9996621621621622,0.9939189189189189,0.9993243243243243,0.9722972972972973,0.9940540540540541,False
EURUSD1440_comma,daily,60,150,long_short,none,0.0,0.010325982097566078,-0.3189533805914742,-0.4372464016519643,0.04640321825075686,-0.22252728338292904,32,0.40625,1.276476161442346,527.4809848640288,0.9986486486486487,0.9949324324324325,0.9969594594594594,0.9763513513513513,0.9940371621621622,False
EURUSD1440_comma,daily,20,400,long_short,none,0.0,0.008703374699658317,-0.36596192230220737,-0.4993306880601039,0.0438840361396642,-0.19832666876763982,27,0.3333333333333333,1.6314057268893947,672.8815810031184,0.9925675675675676,0.9925675675675676,0.9945945945945946,0.9976351351351351,0.9937331081081081,False
EURUSD1440_comma,daily,100,150,long_short,none,0.001,0.011078148348344419,-0.32617303708233214,-0.435582555420677,0.03862162377042213,-0.28683797486599916,36,0.4722222222222222,1.280232956001946,521.6588391329166,0.9979729729729729,0.9891891891891892,0.9976351351351351,0.9773648648648648,0.9926182432432433,False
EURUSD1440_comma,daily,50,300,long_short,none,0.0025,0.009295395559749675,-0.35438700433370074,-0.472870071737071,0.03430220060456983,-0.27098540023438955,18,0.4444444444444444,1.4887278643444255,1072.7564851004254,0.9949324324324325,0.9851351351351352,0.995945945945946,0.9939189189189189,0.9925337837837839,True
EURUSD1440_comma,daily,40,250,long_short,none,0.0025,0.00860128248127423,-0.3628650260065705,-0.48354432364596817,0.04247679158216854,-0.20249369504840353,26,0.38461538461538464,1.4047061724549434,630.2666069172653,0.9935810810810811,0.9918918918918919,0.9939189189189189,0.9888513513513514,0.992516891891892,False
EURUSD1440_comma,daily,50,300,long_short,none,0.001,0.009202723550202574,-0.3507296583142297,-0.4706668082179168,0.032728322728550925,-0.28118530932764463,22,0.4090909090909091,1.4281765699071753,807.5021107612072,0.9956081081081081,0.9841216216216216,0.9956081081081081,0.9908783783783783,0.992027027027027,False
EURUSD1440_comma,daily,30,150,long_short,slow_slope,0.001,0.008686276916378244,-0.3734966313429405,-0.5027779856806747,0.04405499222855846,-0.19716895809023438,84,0.32142857142857145,1.257661261459331,187.44650294446498,0.9922297297297298,0.9932432432432432,0.9942567567567567,0.9733108108108108,0.9900506756756757,False
EURUSD1440_comma,daily,40,150,long_short,none,0.0025,0.00846606402581851,-0.3596335387335863,-0.48475814857383215,0.03711457737987714,-0.22810616807423645,36,0.3888888888888889,1.2570153812203084,432.77799761941736,0.9945945945945946,0.9878378378378379,0.9932432432432432,0.972972972972973,0.9893918918918918,False
EURUSD1440_comma,daily,60,300,long_short,none,0.0,0.008892792922609694,-0.35141243203714684,-0.47216637780151055,0.02720700383810896,-0.3268567526040307,17,0.47058823529411764,1.3914596220139528,971.4991743635735,0.9952702702702703,0.9756756756756757,0.9949324324324325,0.9875,0.9891385135135136,True
EURUSD1440_comma,daily,50,150,long_short,slow_slope,0.001,0.008260987517923146,-0.37962816508518227,-0.5046724134542278,0.04015409275220838,-0.2057321421480457,82,0.2926829268292683,1.2630710081792045,190.72592043288384,0.9918918918918919,0.9905405405405405,0.9929054054054054,0.9739864864864864,0.9890709459459459,False
EURUSD1440_comma,daily,20,250,long_short,price_slow,0.005,0.0081543931868997,-0.3887236403515362,-0.5174915488954018,0.04238673220904998,-0.19238079375127337,48,0.25,1.2972070600664196,311.0114230158446,0.9898648648648649,0.9915540540540541,0.9918918918918919,0.9787162162162162,0.9890202702702703,False
EURUSD1440_comma,daily,20,300,long_short,none,0.0,0.007750146404917668,-0.36594337896571727,-0.5016992995191734,0.03505543665051866,-0.22108258077575538,36,0.2777777777777778,1.3038707221765617,424.0491007553616,0.9929054054054054,0.9864864864864865,0.9898648648648649,0.9797297297297297,0.9887162162162162,False
EURUSD1440_comma,daily,30,150,long_short,slow_slope,0.0025,0.008077030135286156,-0.38805921326584997,-0.5200183826055398,0.035538757492861325,-0.22727384706425346,77,0.2987012987012987,1.2786324719810092,203.49746687092733,0.9905405405405405,0.9868243243243243,0.9915540540540541,0.977027027027027,0.9877871621621622,False
EURUSD1440_comma,daily,75,150,long_short,none,0.005,0.008500855999661994,-0.4025657392883203,-0.5342064307628337,0.03796279359746006,-0.22392598631705418,34,0.38235294117647056,1.345252054640712,508.67938356490924,0.9858108108108108,0.9888513513513514,0.9935810810810811,0.9820945945945946,0.9875675675675676,False
EURUSD1440_comma,daily,40,150,long_short,none,0.0,0.007905482292509758,-0.34878536231696616,-0.47977363748137924,0.03205382017888624,-0.24663151687975948,42,0.35714285714285715,1.223826650142833,360.71148579730607,0.9962837837837838,0.9827702702702703,0.9908783783783783,0.9675675675675676,0.987516891891892,False
EURUSD1440_comma,daily,30,150,long_short,none,0.0,0.007811218148347621,-0.3499393140475832,-0.48909815149018865,0.03140080541841348,-0.24875852846013657,48,0.2708333333333333,1.208132479083211,290.38321921090136,0.995945945945946,0.981081081081081,0.9902027027027027,0.964527027027027,0.9863682432432432,False
EURUSD1440_comma,daily,40,300,long_short,price_slow,0.0025,0.007548230580226356,-0.3982336655238554,-0.5319016453710876,0.03505524028510541,-0.21532388649560952,54,0.24074074074074073,1.3004713413604363,266.6267702356987,0.9871621621621621,0.9861486486486486,0.9891891891891892,0.9793918918918919,0.9861486486486487,False
EURUSD1440_comma,daily,40,150,long_short,none,0.001,0.007311617715980878,-0.36151248283621956,-0.4920261274565057,0.03224240865687846,-0.22677020795160252,38,0.3157894736842105,1.2010895489061277,365.8959487252636,0.9939189189189189,0.9831081081081081,0.9888513513513514,0.9631756756756756,0.9855912162162161,False
EURUSD1440_comma,daily,100,150,long_short,slow_slope,0.0,0.008042983415669447,-0.38278969972670523,-0.5072495760490218,0.03347906481820967,-0.2402391900533246,92,0.32608695652173914,1.1998290288372973,154.722237959838,0.9912162162162163,0.9844594594594595,0.9912162162162163,0.9618243243243243,0.9851182432432434,False
EURUSD1440_comma,daily,30,300,long_short,none,0.005,0.006598217126281725,-0.3980501969905859,-0.5379570988395934,0.031593697513451306,-0.2088459928905907,25,0.36,1.3562112457083486,546.274412038747,0.9875,0.9820945945945946,0.9851351351351352,0.9827702702702703,0.9849662162162162,False
EURUSD1440_comma,daily,30,400,long_short,none,0.005,0.006873585876094435,-0.404823007348146,-0.5450272851287188,0.027833027466173714,-0.2469578950564434,21,0.38095238095238093,1.4301692302299032,688.6206968832462,0.9851351351351352,0.977027027027027,0.9871621621621621,0.9912162162162163,0.9844256756756757,False
EURUSD1440_comma,daily,100,150,long_short,slow_slope,0.001,0.008173945997603793,-0.390964246764723,-0.5161023744703778,0.03157309843499437,-0.258889573807052,78,0.358974358974359,1.206998369595347,177.91979870747252,0.989527027027027,0.9817567567567568,0.9922297297297298,0.9641891891891892,0.9843243243243244,False
EURUSD1440_comma,daily,40,150,long_short,slow_slope,0.0025,0.007177822241682508,-0.4007107901443341,-0.5327569443473492,0.034510470565073725,-0.20798969484197105,80,0.3125,1.2280351979994648,168.363352622965,0.9861486486486486,0.9858108108108108,0.9881756756756757,0.9682432432432433,0.9837837837837838,False
EURUSD1440_comma,daily,20,150,long_short,none,0.0,0.006684165781706719,-0.36396049010643505,-0.5022841899365039,0.03053963403663975,-0.21886856187233383,50,0.26,1.1857396011075945,254.1358971932699,0.9932432432432432,0.9800675675675675,0.985472972972973,0.9591216216216216,0.983277027027027,False
EURUSD1440_comma,daily,100,300,long_short,none,0.001,0.006057459182901237,-0.3913170325406622,-0.5241807324411941,0.023096674760367693,-0.26226542330220715,17,0.47058823529411764,1.4157480904550823,803.0318493492853,0.9891891891891892,0.9699324324324324,0.9824324324324324,0.9898648648648649,0.983125,True
EURUSD1440_comma,daily,60,150,long_short,slow_slope,0.0,0.0067145277833542405,-0.3922824761232471,-0.5207951594844897,0.03180903020232958,-0.21108872985579086,85,0.2823529411764706,1.20878426070787,149.6496275657355,0.9888513513513514,0.9824324324324324,0.9858108108108108,0.9648648648648649,0.9830405405405406,False
EURUSD1440_comma,daily,60,300,long_short,none,0.001,0.006861882342515946,-0.3802854897421653,-0.5086304916332678,0.021071262659288697,-0.3256512176545372,19,0.47368421052631576,1.3625933956335632,794.6168850123067,0.9915540540540541,0.9648648648648649,0.9868243243243243,0.9841216216216216,0.9828209459459459,True
EURUSD1440_comma,daily,30,250,long_short,none,0.001,0.005731399493086764,-0.3885307813299476,-0.5281194713515414,0.025533430250904224,-0.2244664910576908,34,0.2647058823529412,1.2739139390906615,365.20311058697934,0.9902027027027027,0.9733108108108108,0.981418918918919,0.9753378378378378,0.9819932432432434,False
EURUSD1440_comma,daily,60,300,long_short,none,0.0025,0.006329417466381049,-0.3934557362502225,-0.5236461731050361,0.021457537931857434,-0.2949740779432076,18,0.4444444444444444,1.388187530529415,871.8846654686964,0.9885135135135135,0.9655405405405405,0.9837837837837838,0.9868243243243243,0.9815709459459458,True
EURUSD1440_comma,daily,30,250,long_short,none,0.0025,0.005932028253115673,-0.3939959613638493,-0.5303962145703716,0.027374911325183677,-0.2166957979388403,35,0.3142857142857143,1.255102572564881,336.15002123023453,0.9881756756756757,0.9760135135135135,0.9817567567567568,0.9726351351351351,0.9815202702702703,False
EURUSD1440_comma,daily,30,250,long_short,price_slow,0.0025,0.006545624148665441,-0.4068826047953925,-0.5420043844512691,0.03146457977885747,-0.2080315133610573,58,0.20689655172413793,1.2229381504646109,201.46898531061842,0.9844594594594595,0.981418918918919,0.9847972972972973,0.9668918918918918,0.9811317567567568,False
EURUSD1440_comma,daily,50,75,long_short,none,0.0025,0.007066239903250171,-0.41735580387317295,-0.5665335705120386,0.03619353437451188,-0.1952348679223309,69,0.391304347826087,1.1990977442177926,205.81272966006236,0.9793918918918919,0.9871621621621621,0.9878378378378379,0.9614864864864865,0.9803378378378378,False
EURUSD1440_comma,daily,30,400,long_short,none,0.0025,0.005510628201952805,-0.41412624750127375,-0.560102684383094,0.02407301124239234,-0.22891312376611372,21,0.42857142857142855,1.3908374315252783,604.1905732007774,0.9824324324324324,0.9716216216216216,0.9800675675675675,0.9871621621621621,0.9799662162162162,False
EURUSD1440_comma,daily,30,200,long_short,none,0.0,0.005239998491800124,-0.3848639118956887,-0.5259885453873586,0.02675109511047412,-0.1958797750208161,41,0.2682926829268293,1.176822623954313,236.15003688553008,0.9908783783783783,0.9753378378378378,0.9780405405405406,0.9570945945945946,0.9793581081081082,False
EURUSD1440_comma,daily,30,400,long_short,none,0.001,0.005103098410505158,-0.4155526586767831,-0.5647915409709053,0.022586754593113993,-0.22593322956016604,20,0.45,1.4918688926583676,715.4625184898381,0.9807432432432432,0.9685810810810811,0.977027027027027,0.9945945945945946,0.9790371621621622,False
EURUSD1440_comma,daily,40,300,long_short,none,0.005,0.005593434924435536,-0.41427206376692133,-0.5558442302407208,0.02453085994092501,-0.2280162594342634,23,0.43478260869565216,1.2982624187429572,500.3001901702062,0.9820945945945946,0.9722972972972973,0.9807432432432432,0.9790540540540541,0.9789189189189189,False
EURUSD1440_comma,daily,20,200,long_short,price_slow,0.005,0.0063511554180337715,-0.4077130849049547,-0.5432516287825202,0.03248978481004842,-0.19548160922473978,65,0.23076923076923078,1.1552563649235867,157.76757550702916,0.9841216216216216,0.9834459459459459,0.9841216216216216,0.9496621621621621,0.9787837837837838,False
EURUSD1440_comma,daily,40,400,long_short,none,0.0025,0.005418472306180977,-0.4182333140957165,-0.5614558862237572,0.021542618168516225,-0.2515233879092692,19,0.42105263157894735,1.5697814294546069,765.7997846213957,0.9790540540540541,0.9658783783783784,0.9793918918918919,0.9966216216216216,0.9784628378378379,True
EURUSD1440_comma,daily,40,250,long_short,price_slow,0.0025,0.006194656643014218,-0.41607253832911106,-0.5511636890444559,0.02944521215106296,-0.21037908000912786,58,0.22413793103448276,1.2109864838512139,186.74620479943476,0.9804054054054054,0.9790540540540541,0.9827702702702703,0.9658783783783784,0.9783614864864866,False
EURUSD1440_comma,daily,40,150,long_short,slow_slope,0.001,0.005469011341382224,-0.4128184231816899,-0.5492154046687118,0.026728933195463617,-0.20461016163227996,85,0.2823529411764706,1.1704595865750254,128.285723104469,0.9831081081081081,0.975,0.9797297297297297,0.9547297297297297,0.9761486486486486,False
EURUSD1440_comma,daily,75,150,long_short,slow_slope,0.005,0.006765215797428947,-0.4432600553275976,-0.589029841014585,0.03447496414166991,-0.19623561520262256,63,0.3333333333333333,1.1983916308595464,180.1520640826614,0.9692567567567567,0.985472972972973,0.9864864864864865,0.9611486486486487,0.9755405405405405,False
EURUSD1440_comma,daily,40,150,long_short,slow_slope,0.0,0.00523711698347018,-0.4120536023146077,-0.549994323217659,0.025627870328832562,-0.20435240682399491,93,0.24731182795698925,1.1664005417451506,114.28358874704168,0.9837837837837838,0.9736486486486486,0.9777027027027027,0.9530405405405405,0.9754222972972972,False
EURUSD1440_comma,daily,100,150,long_short,none,0.0025,0.006360895644752951,-0.4146296642666897,-0.5426216574848872,0.02389406357868335,-0.26621238467063035,36,0.4722222222222222,1.1641898708816953,272.7688218991433,0.981081081081081,0.9712837837837838,0.9844594594594595,0.9527027027027027,0.9750506756756757,False
EURUSD1440_comma,daily,75,300,long_short,none,0.0,0.005055953805601199,-0.40019892324416345,-0.5400923457310388,0.016753279739653668,-0.3017888965128519,17,0.47058823529411764,1.2680996375089673,645.0128791922774,0.9864864864864865,0.9537162162162162,0.9766891891891892,0.9743243243243244,0.9745101351351352,True
EURUSD1440_comma,daily,40,400,long_short,none,0.001,0.004564522305179786,-0.42224725554913733,-0.5720286174325966,0.01874130432661039,-0.2435541425309825,17,0.47058823529411764,1.4911647425425396,791.1249073412722,0.9766891891891892,0.9608108108108108,0.9722972972972973,0.9942567567567567,0.9744763513513515,True
EURUSD1440_comma,daily,30,150,long_short,slow_slope,0.0,0.005321610880952177,-0.41442303938668223,-0.5581989140329212,0.02550296485824449,-0.20866636136354277,95,0.2736842105263158,1.1566083766683581,103.42833838104254,0.981418918918919,0.972972972972973,0.9790540540540541,0.9503378378378379,0.9741722972972975,False
EURUSD1440_comma,daily,20,400,long_short,none,0.001,0.004848597725521708,-0.4210307476610693,-0.5743134547952227,0.02035996334883832,-0.23814373545020917,27,0.3333333333333333,1.3276486037330957,402.61446078574664,0.9777027027027027,0.9631756756756756,0.9756756756756757,0.9807432432432432,0.9741216216216215,False
EURUSD1440_comma,daily,40,300,long_short,none,0.0,0.004835573003397098,-0.40297529310703023,-0.5506766566288984,0.01757735460037144,-0.27510243226787456,23,0.43478260869565216,1.23892727428005,463.69351819721953,0.985472972972973,0.956418918918919,0.9753378378378378,0.9702702702702702,0.9739020270270271,False
EURUSD1440_comma,daily,50,200,long_short,none,0.0,0.004419607702811135,-0.3955537982055181,-0.5315412588682946,0.017866437327231578,-0.24736927804150854,29,0.3793103448275862,1.1727670160134296,320.776129889133,0.9878378378378379,0.9574324324324325,0.970945945945946,0.9557432432432432,0.972043918918919,False
EURUSD1440_comma,daily,40,300,long_short,none,0.001,0.0044024610179398405,-0.41247999509214134,-0.5616539619793466,0.016740346886039852,-0.2629850532912882,25,0.32,1.2308106887939227,397.54189296500147,0.9834459459459459,0.9533783783783784,0.9706081081081082,0.9685810810810811,0.9711317567567568,False
EURUSD1440_comma,daily,60,400,long_short,none,0.0,0.004398080977435548,-0.42266709420105236,-0.5672643683045437,0.01598829772889193,-0.2750812533024025,14,0.5714285714285714,1.4418537017039066,885.3781728029704,0.9763513513513513,0.9506756756756757,0.9702702702702702,0.9918918918918919,0.9710472972972973,True
EURUSD1440_comma,daily,20,150,long_short,slow_slope,0.0,0.004785112007498649,-0.4202630287673053,-0.5632983540231504,0.02356543711204278,-0.20305636533486093,95,0.2631578947368421,1.139583762822811,96.37307297460725,0.9783783783783784,0.9706081081081082,0.9743243243243244,0.9462837837837837,0.9708108108108109,False
EURUSD1440_comma,daily,30,200,long_short,price_slow,0.005,0.0051169451996049276,-0.43037520854317673,-0.5706627295400714,0.026091954373659354,-0.19611199400113333,66,0.21212121212121213,1.1192543768462453,120.24281557599875,0.9743243243243244,0.9746621621621622,0.9773648648648648,0.9412162162162162,0.9700506756756757,False
EURUSD1440_comma,daily,60,150,long_short,none,0.001,0.004666828812810886,-0.3999234927101597,-0.5433450808471086,0.01956687384679089,-0.23850661323583278,35,0.34285714285714286,1.0975379415601365,178.9442100239425,0.9868243243243243,0.9621621621621622,0.972972972972973,0.9317567567567567,0.9696283783783783,False
EURUSD1440_comma,daily,60,75,long_short,none,0.001,0.0046816378727490005,-0.42212645953366656,-0.5713987304358058,0.025662657204274845,-0.18242997346234047,92,0.4673913043478261,1.1043833306969768,94.4513013982773,0.9773648648648648,0.9739864864864864,0.9733108108108108,0.9368243243243243,0.9696283783783783,False
EURUSD1440_comma,daily,50,400,long_short,none,0.005,0.004290130550288707,-0.4419884757046742,-0.5880348726887583,0.017639910388278494,-0.24320591521482138,17,0.47058823529411764,1.3998138688948862,697.6589424661307,0.9699324324324324,0.9567567567567568,0.9695945945945946,0.9881756756756757,0.9693074324324324,True
EURUSD1440_comma,daily,20,300,long_short,none,0.0025,0.004244560822016963,-0.4208750136391399,-0.5748648383090077,0.01828636899806121,-0.23211610913391212,33,0.30303030303030304,1.19577616447531,278.21001592727174,0.9780405405405406,0.9591216216216216,0.9692567567567567,0.9608108108108108,0.9689695945945946,False
EURUSD1440_comma,daily,30,200,long_short,price_slow,0.0025,0.004684941688112065,-0.42629095423499763,-0.5697414649918243,0.023078090626096927,-0.20300386908153867,74,0.17567567567567569,1.1064694992479693,98.73326620759286,0.9760135135135135,0.9695945945945946,0.9736486486486486,0.9378378378378378,0.9682094594594594,False
EURUSD1440_comma,daily,50,150,long_short,none,0.0025,0.004157372252882929,-0.41375317693655517,-0.5537436611659219,0.017727277133009887,-0.23451837649344942,34,0.35294117647058826,1.1340636501131063,242.5390433860257,0.9827702702702703,0.9570945945945946,0.9685810810810811,0.9456081081081081,0.9679391891891893,False
EURUSD1440_comma,daily,75,300,long_short,none,0.001,0.004333003259911816,-0.4142924593216556,-0.5579915093040664,0.01369651758368987,-0.31635802556641524,17,0.47058823529411764,1.2313114188289012,581.1130475328085,0.9817567567567568,0.9432432432432433,0.9699324324324324,0.9689189189189189,0.9678378378378379,True
EURUSD1440_comma,daily,40,400,long_short,none,0.0,0.00362904218267901,-0.4325673743239944,-0.5876477616686806,0.014924254662873443,-0.24316404836663996,16,0.5,1.4435843814254055,746.2100050252961,0.9733108108108108,0.9476351351351351,0.9628378378378378,0.9925675675675676,0.9676858108108107,True
EURUSD1440_comma,daily,40,200,long_short,price_slow,0.0025,0.0049265426627265185,-0.4278140872768402,-0.5679780151173978,0.02071719615946528,-0.23779968219665082,75,0.21333333333333335,1.107272076851382,100.25418596852094,0.975,0.9638513513513514,0.9760135135135135,0.9381756756756757,0.9668918918918918,False
EURUSD1440_comma,daily,100,300,long_short,none,0.0,0.003810507859073331,-0.4161816103437827,-0.5587307291277234,0.01372573325587637,-0.27761779921243523,17,0.47058823529411764,1.2506454947317616,544.5827716329618,0.9800675675675675,0.9435810810810811,0.9655405405405405,0.9712837837837838,0.9667229729729729,True
EURUSD1440_comma,daily,60,150,long_short,slow_slope,0.001,0.004484405726451701,-0.4311170181652735,-0.5731965343928449,0.019263034348376475,-0.23279851166489018,82,0.2804878048780488,1.1197953739638626,93.89390908181916,0.9736486486486486,0.9618243243243243,0.9716216216216216,0.941554054054054,0.965472972972973,False
EURUSD1440_comma,daily,75,250,long_short,price_slow,0.0025,0.004816882391312616,-0.4554032668208063,-0.6016050154655668,0.021711822843710517,-0.22185527332210941,54,0.25925925925925924,1.1918596058997488,170.00409635677775,0.9618243243243243,0.966554054054054,0.975,0.9597972972972973,0.9653378378378378,False
EURUSD1440_comma,daily,20,300,long_short,none,0.005,0.0037032878055547336,-0.4380408541173817,-0.590131140752015,0.018056216568339077,-0.20509766215632985,32,0.28125,1.1938080092508652,262.93973062195164,0.9716216216216216,0.9584459459459459,0.9648648648648649,0.960472972972973,0.9653040540540541,False
EURUSD1440_comma,daily,40,400,long_short,none,0.005,0.003919059775716605,-0.4453532997461416,-0.5926348459965775,0.01458729647976186,-0.26866251612516645,18,0.4444444444444444,1.2936785956412533,542.0794079648216,0.9679054054054054,0.9469594594594595,0.966554054054054,0.9783783783783784,0.9639695945945945,True
EURUSD1440_comma,daily,75,300,long_short,none,0.0025,0.0036680655640883852,-0.42723860842570166,-0.5718059418823609,0.011845918976050621,-0.3096480375650267,19,0.47368421052631576,1.2521884685525333,551.4179039277573,0.9753378378378378,0.9375,0.9638513513513514,0.9716216216216216,0.9630236486486488,True
EURUSD1440_comma,daily,20,400,long_short,none,0.005,0.0041154312170157414,-0.44564194455085476,-0.6036501491352845,0.015983005204939338,-0.25748794824542265,25,0.36,1.2095914833826038,361.64353270681073,0.9672297297297298,0.9503378378378379,0.9682432432432433,0.9652027027027027,0.9629054054054054,False
EURUSD1440_comma,daily,50,400,long_short,none,0.0025,0.003541280736673258,-0.4418170367516054,-0.5884941146246958,0.012640553540009342,-0.2801523466092325,16,0.5,1.3283609523513955,639.5063967743274,0.9702702702702702,0.9405405405405406,0.9621621621621622,0.981418918918919,0.9628885135135137,True
EURUSD1440_comma,daily,30,200,long_short,price_slow,0.001,0.0038047882424541157,-0.4349508206652721,-0.5829722304049657,0.018371918670161528,-0.20709803427519002,84,0.19047619047619047,1.0834679410204404,69.89006181623449,0.9726351351351351,0.9601351351351352,0.9652027027027027,0.9266891891891892,0.9611317567567568,False
EURUSD1440_comma,daily,50,150,long_short,none,0.0,0.0032777065357871837,-0.40490560975033896,-0.5552879267865574,0.012316604469788705,-0.26612095434476624,40,0.325,1.1053040358092223,183.13628970438268,0.9847972972972973,0.9391891891891891,0.9581081081081081,0.9371621621621622,0.9609121621621621,False
EURUSD1440_comma,daily,60,400,long_short,none,0.001,0.0030644231492249485,-0.44422736214023295,-0.5936958573419604,0.011149787762099654,-0.27484138842907235,14,0.5714285714285714,1.408581586333997,759.3767832746277,0.9685810810810811,0.9358108108108109,0.9547297297297297,0.9891891891891892,0.9607094594594594,True
EURUSD1440_comma,daily,75,200,long_short,price_slow,0.005,0.004633104776982533,-0.46734491717604687,-0.6154389330941041,0.02137954836724474,-0.21670732689942307,54,0.2962962962962963,1.1344174400175722,131.52012226218335,0.956418918918919,0.9652027027027027,0.9726351351351351,0.9459459459459459,0.9602871621621623,False
EURUSD1440_comma,daily,50,400,long_short,none,0.0,0.0029886342395022414,-0.44096084110860656,-0.5923405899999995,0.010580910061058551,-0.28245531076778174,18,0.4444444444444444,1.3837644786880225,580.7015316797263,0.9712837837837838,0.9324324324324325,0.9530405405405405,0.9861486486486486,0.9601520270270272,True
EURUSD1440_comma,daily,20,300,long_short,none,0.001,0.0032419807309667092,-0.4263276857573294,-0.5814790452904975,0.01429655331683679,-0.22676659605421734,34,0.29411764705882354,1.1310175684672303,205.02335210540207,0.9756756756756757,0.9459459459459459,0.9577702702702703,0.9445945945945946,0.96,False
EURUSD1440_comma,daily,50,400,long_short,none,0.001,0.0031162555019301763,-0.44158830027688883,-0.5916641159315627,0.010675210803183975,-0.29191512555431,16,0.5,1.3279953777183027,636.8769684275121,0.9706081081081082,0.9331081081081081,0.9550675675675676,0.981081081081081,0.959695945945946,True
EURUSD1440_comma,daily,60,200,long_short,price_slow,0.005,0.004464688707016773,-0.4583085953228207,-0.6002773057910775,0.018101394247002862,-0.246648884947413,55,0.2909090909090909,1.1061374068724599,116.6149652707134,0.9601351351351352,0.9587837837837838,0.9712837837837838,0.9375,0.9586317567567568,False
EURUSD1440_comma,daily,30,300,long_short,price_slow,0.0025,0.0034344530468768397,-0.447877977133839,-0.6030391382762599,0.015847095797145074,-0.21672444533941493,60,0.16666666666666666,1.152106583028417,127.97028453949656,0.9662162162162162,0.95,0.9601351351351352,0.9486486486486486,0.9583108108108109,False
EURUSD1440_comma,daily,20,250,long_short,price_slow,0.0025,0.0034586278630526213,-0.4429037046883763,-0.5898930019952066,0.015679710463300172,-0.2205798296561574,60,0.18333333333333332,1.108422645735399,107.50653161509253,0.9695945945945946,0.9493243243243243,0.9608108108108108,0.9388513513513513,0.9581587837837838,False
EURUSD1440_comma,daily,5,250,long_short,price_slow,0.001,0.003131816782956376,-0.4283835198082112,-0.5792528893358921,0.014096248379426976,-0.22217377976449126,77,0.15584415584415584,1.1033359015132609,82.6126234728161,0.9746621621621622,0.9452702702702702,0.9557432432432432,0.9354729729729729,0.957652027027027,False
EURUSD1440_comma,daily,30,200,long_short,none,0.001,0.002786415098014583,-0.4222192784715434,-0.5736602236812972,0.015052802815418934,-0.18510938674891786,38,0.2894736842105263,1.0980159248701247,143.63785146873934,0.977027027027027,0.947972972972973,0.9496621621621621,0.9320945945945946,0.9575506756756756,False
EURUSD1440_comma,daily,30,200,long_short,price_slow,0.0,0.003321980549097381,-0.4374755500664879,-0.5857683461345253,0.015690830837528556,-0.21171476408706358,91,0.17582417582417584,1.0751438921933636,57.85941420222863,0.9719594594594595,0.9496621621621621,0.9587837837837838,0.9246621621621621,0.9566554054054054,False
EURUSD1440_comma,daily,50,75,long_short,none,0.005,0.005676277235091121,-0.518271932002466,-0.7070352945255037,0.037188471338770505,-0.1526354009924944,57,0.43859649122807015,1.1708843093241676,175.39829012667516,0.918918918918919,0.9881756756756757,0.981081081081081,0.9550675675675676,0.9540878378378378,False
EURUSD1440_comma,daily,30,250,long_short,price_slow,0.001,0.0030481444067687047,-0.44861789559175225,-0.5989018229495671,0.014783163141071995,-0.20619027049089778,69,0.15942028985507245,1.1021606932200252,83.45433353981501,0.9655405405405405,0.9472972972972973,0.9540540540540541,0.9347972972972973,0.954070945945946,False
EURUSD1440_comma,daily,50,150,long_short,slow_slope,0.0,0.002990467429822452,-0.4434635512459221,-0.5902150829403786,0.013054086256963618,-0.2290828611789819,92,0.25,1.1038894423947787,72.32342288148463,0.9689189189189189,0.9412162162162162,0.9533783783783784,0.9361486486486487,0.9539695945945946,False
EURUSD1440_comma,daily,60,150,long_short,none,0.005,0.0034074235064178726,-0.4598823191502611,-0.6074617092541776,0.016570514403133,-0.20563172774972083,37,0.3783783783783784,1.0955644575337102,154.9927518211084,0.9597972972972973,0.9530405405405405,0.9597972972972973,0.9300675675675676,0.9536486486486486,False
EURUSD1440_comma,daily,20,500,long_short,slow_slope,0.005,0.003466641674229054,-0.4996722868088316,-0.6648951120211063,0.016873583917733224,-0.2054478580917123,27,0.3333333333333333,1.44358910123293,334.98168350520496,0.933445945945946,0.9543918918918919,0.9611486486486487,0.9929054054054054,0.9531418918918919,False
EURUSD1440_comma,daily,20,400,long_short,price_slow,0.0025,0.0029375244587355187,-0.46395939131677005,-0.6280307792015292,0.011882477907873421,-0.24721480498517,55,0.2909090909090909,1.1634992268988344,134.23044414614543,0.9577702702702703,0.9381756756756757,0.9523648648648648,0.9523648648648648,0.9509797297297297,False
EURUSD1440_comma,daily,30,300,long_short,price_slow,0.005,0.0028634240478218054,-0.4631471001652629,-0.6202146689963028,0.013504858636909652,-0.21202917592901582,51,0.21568627450980393,1.1321809552191409,130.11345949166693,0.9584459459459459,0.9422297297297297,0.9503378378378379,0.9449324324324324,0.9507432432432433,False
EURUSD1440_comma,daily,50,200,long_short,price_slow,0.0,0.0029544588115224535,-0.4476312740275675,-0.5909018011547268,0.013071744026205189,-0.2260187168291844,86,0.20930232558139536,1.062318479155456,50.85728627937645,0.966554054054054,0.941554054054054,0.9527027027027027,0.9202702702702703,0.9505912162162162,False
EURUSD1440_comma,daily,75,150,long_short,none,0.0,0.002404217370500783,-0.41693880618353835,-0.5649755317110435,0.010438465656064596,-0.23032287021071607,32,0.34375,1.0457954142768737,95.99361661609015,0.9797297297297297,0.9320945945945946,0.9445945945945946,0.9111486486486486,0.9505067567567569,False
EURUSD1440_comma,daily,100,250,long_short,price_slow,0.0025,0.003390635405128961,-0.48261949216664446,-0.6394645999733526,0.01563631425067042,-0.2168436468321545,58,0.20689655172413793,1.1601150586088427,119.77690367469663,0.9462837837837837,0.9486486486486486,0.9594594594594594,0.9516891891891892,0.9503209459459461,False
EURUSD1440_comma,daily,40,200,long_short,none,0.001,0.0019990615938059175,-0.4309634679689203,-0.57670453431957,0.009252185633973953,-0.2160637143363595,33,0.30303030303030304,1.1040568243686661,169.00114821028822,0.9739864864864864,0.9277027027027027,0.9358108108108109,0.9364864864864865,0.9491554054054054,False
EURUSD1440_comma,daily,100,250,long_short,none,0.0025,0.0023675865792194273,-0.4446083256039681,-0.592410797956519,0.007781998707500019,-0.3042388810650444,22,0.4090909090909091,1.1438474291226588,280.6124990805486,0.9682432432432433,0.9233108108108108,0.9432432432432433,0.9476351351351351,0.948918918918919,False
EURUSD1440_comma,daily,50,300,long_short,none,0.005,0.002498502446307116,-0.45559543004379816,-0.6079657210938622,0.00895048559462283,-0.2791471389896586,20,0.4,1.170232270509388,391.6441387563188,0.9614864864864865,0.9260135135135135,0.9466216216216217,0.9543918918918919,0.9485810810810811,False
EURUSD1440_comma,daily,40,200,long_short,none,0.0025,0.00205257011676907,-0.4413301812820576,-0.5879679213882729,0.0092890841655431,-0.22096582183880598,32,0.34375,1.1072938845276543,178.7216486038545,0.970945945945946,0.9280405405405405,0.9368243243243243,0.9385135135135135,0.9485304054054053,False
EURUSD1440_comma,daily,50,250,long_short,none,0.005,0.0023706390553399626,-0.45650736638512474,-0.6007854729019055,0.009509647578524466,-0.24928779281932079,22,0.5,1.1599713048489595,326.8413728614092,0.9608108108108108,0.9287162162162163,0.9435810810810811,0.9513513513513514,0.9479222972972974,False
EURUSD1440_comma,daily,75,150,long_short,slow_slope,0.0,0.002596002525460106,-0.44989880863604526,-0.5939224344807829,0.0115925672695179,-0.22393680925934067,88,0.2840909090909091,1.0623484798586762,48.426227190291044,0.9648648648648649,0.9368243243243243,0.9472972972972973,0.9206081081081081,0.9477027027027027,False
EURUSD1440_comma,daily,50,300,long_short,price_slow,0.0,0.00270134438141989,-0.46424603125675856,-0.6172682245445067,0.01091101316987645,-0.2475796096441224,66,0.19696969696969696,1.112878749503123,90.99069784406294,0.9574324324324325,0.9344594594594594,0.9489864864864865,0.9405405405405406,0.9474662162162163,False
EURUSD1440_comma,daily,100,150,long_short,slow_slope,0.0025,0.003517651130401589,-0.4779515599796791,-0.625918314881062,0.014329007796916992,-0.2454916055777736,67,0.3283582089552239,1.0801791877420885,72.49055203158815,0.9489864864864865,0.9462837837837837,0.9618243243243243,0.9260135135135135,0.9474324324324325,False
EURUSD1440_comma,daily,30,150,long_short,slow_slope,0.005,0.0029092717457137596,-0.4753447573162972,-0.6297558209258246,0.013907871815594133,-0.20918166231959034,68,0.27941176470588236,1.1007521170822039,82.04423809228723,0.9516891891891892,0.9442567567567568,0.9513513513513514,0.9341216216216216,0.9471283783783786,False
EURUSD1440_comma,daily,30,250,long_short,none,0.0,0.0018046346397508906,-0.4338960158882581,-0.5920044307757033,0.008238950795773343,-0.21903694833044574,33,0.2727272727272727,1.0996873346697937,146.82765902312903,0.972972972972973,0.9239864864864865,0.9320945945945946,0.9331081081081081,0.9465709459459459,False
EURUSD1440_comma,daily,75,400,long_short,none,0.0,0.001696964559567249,-0.4581733391836453,-0.6163031191391787,0.006744723185722974,-0.25159884443580016,14,0.5714285714285714,1.249600946429877,544.6662289393355,0.960472972972973,0.9202702702702703,0.9300675675675676,0.970945945945946,0.9459121621621621,True
EURUSD1440_comma,daily,5,200,long_short,none,0.005,0.0022376538142736546,-0.44539179335497353,-0.5974238838652022,0.010982485763086794,-0.20374748144856492,72,0.20833333333333334,1.0418680734202739,43.29831819228096,0.9675675675675676,0.9347972972972973,0.9412162162162162,0.9081081081081082,0.9451858108108109,False
EURUSD1440_comma,daily,60,150,long_short,slow_slope,0.0025,0.002631207494533605,-0.4663811613733902,-0.6150509828111824,0.011861142908806188,-0.22183422919389084,74,0.33783783783783783,1.0662017200543665,60.76704436272732,0.9567567567567568,0.9378378378378378,0.947972972972973,0.9222972972972973,0.9451013513513513,False
EURUSD1440_comma,daily,30,75,long_short,none,0.0025,0.0023043759990581947,-0.4523107920397092,-0.6259814464693669,0.010041723694477457,-0.22948012404737927,72,0.3611111111111111,1.0644921289560936,75.46706675042697,0.9631756756756756,0.9307432432432432,0.9429054054054054,0.9219594594594595,0.9448310810810812,False
EURUSD1440_comma,daily,5,250,long_short,none,0.0,0.0017319927148875536,-0.4352130217559699,-0.5892116965624173,0.007206538294993001,-0.24033629517946464,61,0.19672131147540983,1.092426475294971,86.54451796678042,0.9722972972972973,0.9212837837837838,0.9307432432432432,0.9283783783783783,0.9446452702702703,False
EURUSD1440_comma,daily,40,75,long_short,none,0.0,0.0015479083444844832,-0.41945739382559316,-0.597279716640212,0.0059966052585574674,-0.2581307719522704,74,0.35135135135135137,1.0594519914178258,79.27855726360208,0.9787162162162162,0.9172297297297297,0.9277027027027027,0.9192567567567568,0.944222972972973,False
EURUSD1440_comma,daily,60,250,long_short,price_slow,0.005,0.002800377719108571,-0.4822790521587362,-0.6307895409776485,0.012656241552089706,-0.2212645600657166,49,0.30612244897959184,1.1002388817570439,105.35085144944719,0.9469594594594595,0.9408783783783784,0.95,0.9337837837837838,0.944070945945946,False
EURUSD1440_comma,daily,30,150,long_only,none,0.001,0.008212686791598145,-0.5781859761487683,-0.8026568778473179,0.08054666296030735,-0.1019618503083769,20,0.4,1.6756961414443505,700.3069710863441,0.8614864864864865,1.0,0.9925675675675676,0.9989864864864865,0.9429560810810811,False
EURUSD1440_comma,daily,30,250,long_short,price_slow,0.005,0.002285517229329015,-0.4725579177688376,-0.6269175774819423,0.01067178540136177,-0.21416446671026312,47,0.23404255319148937,1.0904557014303946,99.2122335641699,0.9533783783783784,0.9327702702702703,0.9418918918918919,0.9280405405405405,0.9421283783783785,False
EURUSD1440_comma,daily,30,500,long_short,none,0.005,0.0018669717005703745,-0.48970457483692126,-0.656995651253661,0.008350486622433274,-0.22357639560248188,19,0.3684210526315789,1.2748839299278767,379.2354901055419,0.9408783783783784,0.9246621621621621,0.9341216216216216,0.9760135135135135,0.9407432432432432,True
EURUSD1440_comma,daily,60,100,long_short,slow_slope,0.005,0.0038648018640963233,-0.5149010749262897,-0.690118449270859,0.018332513551395358,-0.21081680115829826,69,0.4057971014492754,1.0780001107798318,75.73523791589172,0.9219594594594595,0.9594594594594594,0.9662162162162162,0.9253378378378379,0.9406925675675676,False
EURUSD1440_comma,daily,60,250,long_short,price_slow,0.0025,0.0024164277561566916,-0.47764903187471935,-0.6261703572536435,0.010376117308409653,-0.23288361959807657,56,0.26785714285714285,1.072580199883309,74.39474369084444,0.95,0.9317567567567567,0.9452702702702702,0.9239864864864865,0.9405912162162162,False
EURUSD1440_comma,daily,5,200,long_short,price_slow,0.005,0.001864413846973223,-0.451249373698525,-0.6054793956971851,0.00953914599570742,-0.1954487170876934,77,0.22077922077922077,1.0329598606873458,32.07529172172278,0.9638513513513514,0.9290540540540541,0.9337837837837838,0.9030405405405405,0.9400168918918919,False
EURUSD1440_comma,daily,75,150,long_short,fast_slope,0.005,0.004010264191843138,-0.529033279890156,-0.7122989149649093,0.021694775631193503,-0.18484930473662242,107,0.3364485981308411,1.1104424217387754,66.01196766279725,0.9101351351351351,0.9662162162162162,0.9675675675675676,0.9391891891891891,0.9400000000000001,False
EURUSD1440_comma,daily,30,50,long_short,none,0.0025,0.002463175196231404,-0.48109887356423947,-0.6621829108617994,0.013102108903348883,-0.18799837601730052,103,0.39805825242718446,1.0417766489936873,34.72173241144042,0.9476351351351351,0.9418918918918919,0.9459459459459459,0.9077702702702702,0.9398817567567569,False
EURUSD1440_comma,daily,75,400,long_short,none,0.0025,0.0010733056596996526,-0.4735514231533082,-0.6326405729331332,0.004374319159051136,-0.2453651918559301,15,0.6,1.2324751163659835,422.78798488006055,0.9527027027027027,0.9128378378378378,0.918581081081081,0.9695945945945946,0.938445945945946,True
EURUSD1440_comma,daily,75,200,long_short,price_slow,0.0025,0.0024050987630823695,-0.4794915207626049,-0.6236590548848137,0.010225712302392453,-0.2352010981689424,71,0.28169014084507044,1.0493355744608428,44.81999837769613,0.947972972972973,0.9310810810810811,0.9449324324324324,0.9131756756756757,0.9379222972972974,False
EURUSD1440_comma,daily,100,250,long_short,price_slow,0.005,0.0029194008695969664,-0.5138739314371511,-0.6831256013190131,0.014495627273858117,-0.20139872628084943,43,0.27906976744186046,1.1255550704003956,130.3160477370258,0.9226351351351352,0.9466216216216217,0.952027027027027,0.9432432432432433,0.9376013513513515,False
EURUSD1440_comma,daily,40,150,long_short,slow_slope,0.005,0.0021905912974411468,-0.49060479106399657,-0.6483011105677806,0.011495571691337594,-0.19055957861511585,64,0.265625,1.0644723177148088,59.58629065713188,0.9395270270270271,0.9364864864864865,0.9402027027027027,0.9216216216216216,0.9362162162162162,False
EURUSD1440_comma,daily,5,250,long_short,price_slow,0.0,0.0012608117540340302,-0.4500140426031494,-0.6079890848444524,0.005370327985653928,-0.23477369676528337,84,0.14285714285714285,1.0468769450810562,36.2740167742987,0.964527027027027,0.9155405405405406,0.9219594594594595,0.9118243243243244,0.9358614864864865,False
EURUSD1440_comma,daily,20,200,long_short,price_slow,0.0025,0.0016396271556222697,-0.4609828968170727,-0.6135277336938932,0.007418994836694856,-0.22100394887897234,81,0.19753086419753085,1.0305010279432631,27.54621068013214,0.9594594594594594,0.9219594594594595,0.9293918918918919,0.9013513513513514,0.9353547297297298,False
EURUSD1440_comma,daily,100,250,long_short,none,0.001,0.0007527370696349678,-0.4538505063229827,-0.608555082359441,0.002254264819142761,-0.33391687757484245,22,0.45454545454545453,1.122200821355988,230.22469275180208,0.9628378378378378,0.9057432432432433,0.9111486486486486,0.9422297297297297,0.9351351351351351,False
EURUSD1440_comma,daily,30,400,long_short,none,0.0,0.000694259659201224,-0.4712530623440588,-0.6416511979142517,0.0027193644758560197,-0.25530217275589007,20,0.4,1.200493182219743,337.4538874150445,0.9540540540540541,0.9077702702702702,0.9091216216216216,0.9628378378378378,0.9348141891891892,False
EURUSD1440_comma,daily,60,75,long_short,none,0.0025,0.0033200568555349363,-0.5313738916255941,-0.7162869602340799,0.018346652357805898,-0.18096254241839171,76,0.4342105263157895,1.0982945381486557,83.28121081138113,0.9081081081081082,0.9597972972972973,0.9584459459459459,0.9324324324324325,0.9347466216216217,False
EURUSD1440_comma,daily,75,250,long_short,price_slow,0.005,0.0022861925245201142,-0.5053495041425843,-0.666343322749291,0.011675189327633848,-0.1958163127264203,43,0.23255813953488372,1.0956650530732395,100.7907175271734,0.9297297297297298,0.9371621621621622,0.9422297297297297,0.9304054054054054,0.9341891891891894,False
EURUSD1440_comma,daily,5,200,long_short,price_slow,0.0025,0.0011400070526585981,-0.451722990829485,-0.6098157461757356,0.005447474515006209,-0.20927258117834424,89,0.19101123595505617,1.0255360229438575,21.860642867632613,0.9635135135135136,0.9158783783783784,0.9199324324324324,0.8989864864864865,0.9332094594594595,False
EURUSD1440_comma,daily,30,250,long_short,price_slow,0.0,0.0013117178795001294,-0.46906003565166243,-0.6263968217382003,0.006222228120874749,-0.21081160221360096,73,0.1643835616438356,1.04969439982146,40.35015006184559,0.9550675675675676,0.9182432432432432,0.9226351351351352,0.9135135135135135,0.9331418918918919,False
EURUSD1440_comma,daily,50,250,long_short,price_slow,0.005,0.0018785685767348514,-0.4895821140609668,-0.6428786066804794,0.008617987848148188,-0.21798227264134673,50,0.28,1.055175322391932,63.08943174427175,0.941554054054054,0.9256756756756757,0.9344594594594594,0.9165540540540541,0.9324155405405405,False
EURUSD1440_comma,daily,40,50,long_short,none,0.0025,0.003956136407521127,-0.5494562913325779,-0.7598853440093652,0.0258428809832842,-0.15308418632117882,105,0.44761904761904764,1.1220394163138143,79.24258370606941,0.8851351351351351,0.9743243243243244,0.9668918918918918,0.9418918918918919,0.9322972972972973,False
EURUSD1440_comma,daily,60,200,long_short,none,0.001,0.0005861877460378029,-0.4480742487738814,-0.5906172819095648,0.002008421819251237,-0.29186485648534755,26,0.5,1.0614564975083074,131.2438389705111,0.9658783783783784,0.9047297297297298,0.9067567567567567,0.9199324324324324,0.9318750000000001,False
EURUSD1440_comma,daily,60,150,long_short,none,0.0025,0.0009328553646785753,-0.46347258875233,-0.6171338782051375,0.0038799865545142325,-0.2404274735419456,35,0.37142857142857144,1.0528846547323185,101.40771869507412,0.9581081081081081,0.9114864864864864,0.9152027027027027,0.9155405405405406,0.9314864864864865,False
EURUSD1440_comma,daily,75,400,long_short,none,0.001,0.0004704590789399443,-0.4776304275793659,-0.6406347478490719,0.0018644782849138292,-0.25232746487132596,14,0.5714285714285714,1.2004807940904925,415.19461285062187,0.9503378378378379,0.9033783783783784,0.9050675675675676,0.9625,0.9313682432432434,True
EURUSD1440_comma,daily,30,300,long_short,price_slow,0.001,0.0011382167933284837,-0.4758566535162989,-0.6414904797473516,0.004768868869703405,-0.238676471177383,66,0.16666666666666666,1.0612209013391118,52.846550894852015,0.9513513513513514,0.9138513513513513,0.9195945945945946,0.9195945945945946,0.9308614864864866,False
EURUSD1440_comma,daily,40,200,long_short,price_slow,0.001,0.0013378480257475456,-0.4677905429232683,-0.6190869478107276,0.005668274342126935,-0.2360238663475731,84,0.20238095238095238,1.0221374200186972,19.24147789751216,0.956081081081081,0.9165540540540541,0.922972972972973,0.8969594594594594,0.9307094594594595,False
EURUSD1440_comma,daily,30,500,long_short,slow_slope,0.005,0.001830865910006807,-0.5223259009309493,-0.6922351239301006,0.00909282094176576,-0.2013529048611471,25,0.48,1.2704233032752326,271.6852443588078,0.914527027027027,0.9266891891891892,0.9324324324324325,0.975,0.9302195945945946,False
EURUSD1440_comma,daily,60,75,long_short,none,0.005,0.007845687988637717,-0.6138962390651403,-0.8689742507961941,0.04934111943750491,-0.15900912014319024,45,0.37777777777777777,1.5340912927918064,337.25256149397217,0.8324324324324325,0.995945945945946,0.9905405405405405,0.9956081081081081,0.9294087837837838,False
EURUSD1440_comma,daily,30,150,long_only,none,0.0025,0.007608501552785141,-0.6149381145149289,-0.8436644492490862,0.05218296960307061,-0.145804303792198,18,0.5,1.6323929564095663,740.9752890134636,0.831081081081081,0.9972972972972973,0.989527027027027,0.9979729729729729,0.9293581081081081,True
EURUSD1440_comma,daily,50,100,long_short,none,0.001,0.0004718421108840243,-0.44656814900519876,-0.6123348067414635,0.0019420262315795998,-0.24296381954647372,57,0.3333333333333333,1.0309960487532512,41.91039567968943,0.9668918918918918,0.9043918918918918,0.9054054054054054,0.902027027027027,0.929239864864865,False
EURUSD1440_comma,daily,50,300,long_short,price_slow,0.0025,0.0012914925597700133,-0.4895735766685636,-0.6484023598504027,0.005014274705257032,-0.2575631842459679,59,0.1694915254237288,1.0715368314495304,63.28393099982896,0.9418918918918919,0.914527027027027,0.9222972972972973,0.9233108108108108,0.9283445945945946,False
EURUSD1440_comma,daily,50,150,long_short,slow_slope,0.0025,0.001105622349667712,-0.4829865546799124,-0.6378244729880781,0.004934046969866316,-0.224080223885195,78,0.28205128205128205,1.050482452306987,41.005358279845055,0.9459459459459459,0.9141891891891892,0.9192567567567568,0.9138513513513513,0.9278547297297297,False
EURUSD1440_comma,daily,100,200,long_short,price_slow,0.005,0.0021311584325753863,-0.5091946238356125,-0.6638200251878983,0.009985908826839647,-0.21341657224501798,60,0.26666666666666666,1.0455716700042905,42.00209093201565,0.9260135135135135,0.9300675675675676,0.9385135135135135,0.9108108108108108,0.9272466216216216,False
EURUSD1440_comma,daily,50,200,long_short,none,0.001,0.0003223733404582596,-0.45092343382631306,-0.601785170052324,0.001307975784615124,-0.24646736143752002,30,0.36666666666666664,1.033116559213165,61.258200042271916,0.9641891891891892,0.9003378378378378,0.9023648648648649,0.9033783783783784,0.9267398648648648,False
EURUSD1440_comma,daily,30,150,long_short,price_slow,0.0025,0.0011455415368932798,-0.4850372355716206,-0.6507307212694724,0.004531064262256785,-0.25281952993593615,91,0.24175824175824176,1.0432533181427428,31.02493074358022,0.9442567567567568,0.9131756756756757,0.9202702702702703,0.9094594594594595,0.9264695945945947,False
EURUSD1440_comma,daily,30,300,long_short,price_slow,0.0,0.0007635733327115979,-0.47782608382872266,-0.6434869977558773,0.002940101077048403,-0.2597098918375136,70,0.14285714285714285,1.0479844900795348,40.07440864268049,0.9493243243243243,0.9091216216216216,0.9114864864864864,0.9125,0.9261824324324324,False
EURUSD1440_comma,daily,50,500,long_short,slow_slope,0.0,0.0014780643655696313,-0.5223989050320454,-0.6881762541912755,0.00712315542616087,-0.2075013497727728,26,0.5,1.1815408220486658,151.47458823990115,0.9141891891891892,0.9206081081081081,0.9263513513513514,0.9581081081081081,0.9248141891891893,False
EURUSD1440_comma,daily,5,200,long_short,price_slow,0.001,0.00043170466260455953,-0.45617579281295256,-0.6192279852198465,0.001864991900550229,-0.2314780361658373,96,0.16666666666666666,1.0078305050390013,6.53658381486368,0.9611486486486487,0.9037162162162162,0.9043918918918918,0.8902027027027027,0.9247972972972973,False
EURUSD1440_comma,daily,40,250,long_short,price_slow,0.001,0.0008981929201157257,-0.4830884047096432,-0.6402158226846876,0.004235991926020787,-0.21203839284922144,63,0.19047619047619047,1.0336563645426664,30.150471569994117,0.9456081081081081,0.9118243243243244,0.9138513513513513,0.904054054054054,0.9245777027027027,False
EURUSD1440_comma,daily,40,100,long_short,none,0.005,0.0014025416678595803,-0.49990563197258514,-0.6708846004562071,0.006613369550692719,-0.21207671174411702,53,0.39622641509433965,1.0354438738535765,48.18181332307702,0.9331081081081081,0.9199324324324324,0.925,0.9047297297297298,0.9239358108108109,False
EURUSD1440_comma,daily,20,150,long_short,slow_slope,0.001,0.0006879287237790965,-0.47859047925939396,-0.6398737689836032,0.0033751853621044963,-0.20381953877346726,88,0.23863636363636365,1.03249306213199,23.612296347567735,0.9483108108108108,0.9097972972972973,0.9087837837837838,0.9023648648648649,0.9238851351351351,False
EURUSD1440_comma,daily,40,150,long_short,none,0.005,0.0010046246310488893,-0.486090657259312,-0.6437413377748393,0.00508818839452692,-0.1974424988134299,39,0.3333333333333333,1.0218702788354048,36.97835882477313,0.9435810810810811,0.9148648648648648,0.9158783783783784,0.8966216216216216,0.9238175675675677,False
EURUSD1440_comma,daily,60,75,long_short,slow_slope,0.005,0.007280994158296972,-0.627218363272577,-0.8863312355160516,0.042204405533276874,-0.1725173963783504,45,0.37777777777777777,1.486215155927567,313.7644532552633,0.822972972972973,0.9912162162162163,0.9885135135135135,0.9935810810810811,0.9237331081081082,False
EURUSD1440_comma,daily,75,100,long_short,none,0.005,0.0036904066765266474,-0.5815443559747633,-0.7891131443619045,0.02287400424664434,-0.16133627661925598,41,0.4634146341463415,1.2002674354158565,186.36621261693645,0.8591216216216216,0.9692567567567567,0.964527027027027,0.9621621621621622,0.9231925675675675,False
EURUSD1440_comma,daily,5,250,long_short,none,0.001,4.848240898081002e-06,-0.4613390089632368,-0.6244417857921926,2.0294783207742136e-05,-0.23889099225418065,63,0.19047619047619047,1.0423202296324972,39.51407902306374,0.9591216216216216,0.8959459459459459,0.8959459459459459,0.9087837837837838,0.9231418918918918,False
EURUSD1440_comma,daily,60,400,long_short,none,0.0025,-8.371249986460771e-05,-0.4892952796100529,-0.6517727133749097,-0.00029618274994971846,-0.2826379992717982,16,0.4375,1.1762854967533254,322.334206869147,0.9422297297297297,0.893918918918919,0.893918918918919,0.9567567567567568,0.922668918918919,True
EURUSD1440_comma,daily,40,200,long_short,price_slow,0.0,0.0005992377577652697,-0.4747577789879669,-0.6291079275455136,0.0025014403454686022,-0.23955708512129748,87,0.19540229885057472,1.0092071155762876,7.620550076715126,0.952027027027027,0.9067567567567567,0.9070945945945946,0.8912162162162162,0.9226013513513512,False
EURUSD1440_comma,daily,100,200,long_short,price_slow,0.0025,0.0014240412880814901,-0.5056822840820078,-0.6594137067119463,0.005669588422553792,-0.2511718985485104,69,0.2608695652173913,1.0333648055159588,27.656770184737123,0.9293918918918919,0.9168918918918919,0.9260135135135135,0.9037162162162162,0.9217398648648649,False
EURUSD1440_comma,daily,100,250,long_short,price_slow,0.001,0.0011035366303318028,-0.5070118197887973,-0.6694423099008369,0.004372999061947568,-0.2523523592617304,65,0.18461538461538463,1.0570886426349324,45.9226620226433,0.9287162162162163,0.9125,0.918918918918919,0.9175675675675675,0.9210304054054055,False
EURUSD1440_comma,daily,20,400,long_short,price_slow,0.005,0.0007231068905615423,-0.5007103593687383,-0.674369120464856,0.0028537430259811766,-0.25338892954908687,48,0.2916666666666667,1.0725713668815244,72.94995467255484,0.9324324324324325,0.9087837837837838,0.910472972972973,0.9236486486486486,0.920810810810811,False
EURUSD1440_comma,daily,60,200,long_short,price_slow,0.0,0.0007172312970353811,-0.48352722659485403,-0.6331028322304996,0.0027538608603463327,-0.2604457281640512,84,0.21428571428571427,1.006758155934836,5.725190308576636,0.9449324324324324,0.9081081081081082,0.9101351351351351,0.889527027027027,0.920456081081081,False
EURUSD1440_comma,daily,50,250,long_short,price_slow,0.0025,0.0008444042297501841,-0.4954530381079679,-0.6499718783614795,0.003809550503547332,-0.2216545571357833,55,0.2545454545454545,1.0284419369084377,30.095516335514368,0.9368243243243243,0.910472972972973,0.9128378378378378,0.9003378378378378,0.9199662162162162,False
EURUSD1440_comma,daily,20,300,long_short,price_slow,0.005,0.0005093302208385442,-0.49400829245581657,-0.6599372178809988,0.002400316483798339,-0.21219294383737408,52,0.23076923076923078,1.04642512037181,46.51168160050679,0.9378378378378378,0.9060810810810811,0.9064189189189189,0.9114864864864864,0.9196621621621622,False
EURUSD1440_comma,daily,50,75,long_short,slow_slope,0.005,0.0032022109833602652,-0.5674895774960084,-0.7737892919482784,0.02082246054903484,-0.15378638733973704,62,0.3870967741935484,1.098312079145782,91.98755407129664,0.8679054054054054,0.9641891891891892,0.9570945945945946,0.9327702702702703,0.919543918918919,False
EURUSD1440_comma,daily,60,200,long_short,none,0.0,-0.00031787519993786706,-0.45432600422827746,-0.6022989727016763,-0.001029982185043757,-0.3086220369183984,27,0.4074074074074074,1.0278399496300619,59.16400865766132,0.9621621621621622,0.8898648648648648,0.885472972972973,0.9,0.9194256756756758,False
EURUSD1440_comma,daily,30,50,long_short,none,0.001,3.8877576022056104e-05,-0.466191164271492,-0.6548945842908291,0.00016259008815405787,-0.2391140595558242,107,0.3925233644859813,0.9974096136985414,-2.3149535341010377,0.9570945945945946,0.8972972972972973,0.8972972972972973,0.8847972972972973,0.9193412162162163,False
EURUSD1440_comma,daily,40,200,long_short,none,0.0,-0.0003366650852015818,-0.45421056576632335,-0.6118238770023622,-0.0013779035060234866,-0.24433139456417297,33,0.3333333333333333,1.0290172106432696,49.11664969687756,0.9625,0.8868243243243243,0.8844594594594595,0.9006756756756756,0.9186993243243244,False
EURUSD1440_comma,daily,50,500,long_short,none,0.0,3.234303059107546e-05,-0.4896706058178571,-0.6542820217957459,0.00012063362614105141,-0.26810957794850854,15,0.4666666666666667,1.0631385493581076,115.36410209490786,0.9412162162162162,0.8969594594594594,0.8969594594594594,0.9212837837837838,0.9183108108108109,True
EURUSD1440_comma,daily,50,75,long_only,none,0.0025,0.009058469570179195,-0.6507899013396338,-0.9236727824758829,0.07643966122763222,-0.11850483668685652,33,0.45454545454545453,1.5629421379667856,482.4889821345763,0.7983108108108108,0.9996621621621622,0.9952702702702703,0.9962837837837838,0.9177364864864865,False
EURUSD1440_comma,daily,30,150,long_short,price_slow,0.001,0.00041314523804625303,-0.48791924509690643,-0.6577655025321227,0.0016505979415039973,-0.2503003473212877,102,0.21568627450980393,1.0148228633366565,10.282968109730273,0.9429054054054054,0.9016891891891892,0.9037162162162162,0.893581081081081,0.9173648648648647,False
EURUSD1440_comma,daily,50,250,long_short,none,0.0025,-0.00014925013199096338,-0.47842563517847125,-0.63264828841542,-0.000587051225532781,-0.2542369822250362,24,0.4166666666666667,1.0412827407824201,86.92190169997711,0.9486486486486486,0.8929054054054054,0.8922297297297297,0.9074324324324324,0.9172466216216217,False
EURUSD1440_comma,daily,50,200,long_short,price_slow,0.001,0.00037321119204714037,-0.48487149349927383,-0.6385378179695756,0.0016260047727341507,-0.22952650466061075,86,0.22093023255813954,1.0006675503024103,0.5690258457426898,0.9445945945945946,0.9013513513513514,0.9033783783783784,0.8875,0.9169763513513514,False
EURUSD1440_comma,daily,60,300,long_short,price_slow,0.0,0.0004795243600694832,-0.4995599755384259,-0.6621494518217166,0.0016515592062746958,-0.2903464545791925,66,0.15151515151515152,1.0436456770583598,35.40462598493277,0.9341216216216216,0.902027027027027,0.9060810810810811,0.9101351351351351,0.9168918918918918,False
EURUSD1440_comma,daily,20,150,long_short,slow_slope,0.005,0.000625193259198964,-0.5034486341074945,-0.6694882036775754,0.002688163453197554,-0.23257263558705865,81,0.24691358024691357,1.0356041212305551,26.484115361238047,0.9304054054054054,0.9074324324324324,0.9077702702702702,0.9054054054054054,0.9163851351351352,False
EURUSD1440_comma,daily,75,250,long_short,price_slow,0.001,0.000609366926363597,-0.5090804597452702,-0.6730365710733027,0.0024863432071032176,-0.24508560387910272,63,0.19047619047619047,1.0355654551498756,29.33511202399588,0.9266891891891892,0.9064189189189189,0.9074324324324324,0.9050675675675676,0.9145270270270272,False
EURUSD1440_comma,daily,60,75,long_short,fast_slope,0.005,0.006753270281724788,-0.6464124029346368,-0.9124155109036054,0.039287930237288334,-0.17189172962120647,47,0.3829787234042553,1.4272690457190282,279.5187438334509,0.8030405405405405,0.989527027027027,0.9861486486486486,0.9905405405405405,0.9144087837837838,False
EURUSD1440_comma,daily,75,150,long_short,slow_slope,0.001,0.00012534289285359712,-0.4898844696304525,-0.6446842706920182,0.0005615091249441555,-0.2232250328363996,85,0.3058823529411765,1.0029129872526301,2.3853105287503635,0.9405405405405406,0.897972972972973,0.897972972972973,0.8881756756756757,0.9135304054054054,False
EURUSD1440_comma,daily,50,300,long_short,price_slow,0.001,0.00021441484075945816,-0.5004060142623056,-0.6637236495867285,0.0007960554968882386,-0.2693465990720503,64,0.1875,1.0306730014532914,26.523111417796883,0.9327702702702703,0.8986486486486487,0.8996621621621622,0.9016891891891892,0.9129560810810812,False
EURUSD1440_comma,daily,10,200,long_short,price_slow,0.005,-0.0001274436596124806,-0.4813371104325551,-0.6377458192261861,-0.0005778954653663406,-0.2205306448142681,65,0.2,0.9906035911064965,-10.589757652978859,0.9472972972972973,0.8932432432432432,0.8929054054054054,0.879054054054054,0.912668918918919,False
EURUSD1440_comma,daily,40,300,long_short,price_slow,0.001,7.30820393712861e-06,-0.4962906961299606,-0.6635678625271239,2.828699387085965e-05,-0.2583591586470164,64,0.171875,1.0215483858005232,19.810130908021847,0.9364864864864865,0.8962837837837838,0.8962837837837838,0.8962837837837838,0.9123648648648649,False
EURUSD1440_comma,daily,60,300,long_short,none,0.005,-0.00034636065142057415,-0.4909184706070774,-0.6505515324159589,-0.0010896306490631672,-0.3178697769912814,21,0.42857142857142855,1.0553035961972925,133.8165991716082,0.9391891891891891,0.889527027027027,0.8837837837837837,0.9168918918918919,0.9123479729729729,False
EURUSD1440_comma,daily,5,200,long_short,none,0.0025,-0.0004199843949107551,-0.4685977479589164,-0.6346677498045458,-0.002081125105295014,-0.201806414156548,75,0.17333333333333334,0.9961951925694359,-3.808405099656331,0.9554054054054054,0.8810810810810811,0.8810810810810811,0.8841216216216217,0.9112668918918919,False
EURUSD1440_comma,daily,20,300,long_short,price_slow,0.0,-0.0002310977379951229,-0.49040518456749216,-0.6628710479831139,-0.0009233741866510487,-0.2502752852917436,75,0.16,1.0206592328556674,16.940049334999916,0.9402027027027027,0.8908783783783784,0.8875,0.8959459459459459,0.9106925675675674,False
EURUSD1440_comma,daily,40,100,long_short,none,0.0,-0.0006946803522787093,-0.4494486914849674,-0.6366070637111293,-0.002967226621108681,-0.23411772708454182,55,0.34545454545454546,0.9837797031151163,-22.527463420684416,0.9652027027027027,0.8763513513513513,0.8729729729729729,0.8726351351351351,0.9106587837837837,False
EURUSD1440_comma,daily,50,200,long_short,price_slow,0.005,0.0004652452046631783,-0.5072120377698698,-0.6630645408354487,0.0018632124555122219,-0.24970056596969037,55,0.2909090909090909,0.9937308706581957,-7.753820237270224,0.9283783783783783,0.9030405405405405,0.9047297297297298,0.8827702702702702,0.9104729729729729,False
EURUSD1440_comma,daily,30,400,long_short,price_slow,0.005,-3.992383083140094e-05,-0.5095205020715501,-0.682360997759701,-0.00014883339116053852,-0.26824511972812115,55,0.2545454545454545,1.0536279242525728,45.809569994536126,0.9256756756756757,0.8949324324324325,0.8949324324324325,0.9158783783783784,0.9103716216216217,False
EURUSD1440_comma,daily,5,250,long_short,price_slow,0.0025,-0.0004382988691955525,-0.47777235840391064,-0.6431336148272404,-0.0018721267831095043,-0.23411815543152537,76,0.14473684210526316,1.007867761211211,6.631470360031017,0.9496621621621621,0.8831081081081081,0.8804054054054054,0.8905405405405405,0.9103040540540541,False
EURUSD1440_comma,daily,60,100,long_short,none,0.005,0.0013915202380698766,-0.5370599801497321,-0.7147256406701222,0.006225107779593758,-0.22353351738444682,46,0.45652173913043476,1.0247006536666428,33.42350694833417,0.902027027027027,0.918581081081081,0.9246621621621621,0.8983108108108108,0.910135135135135,False
EURUSD1440_comma,daily,10,200,long_short,price_slow,0.0025,-0.0003298933477128285,-0.4763954804789586,-0.6375873979011794,-0.0015603345600456295,-0.2114247522039,78,0.20512820512820512,0.9876316734884006,-11.97037781443035,0.9510135135135135,0.8847972972972973,0.8847972972972973,0.8766891891891891,0.9100675675675676,False
EURUSD1440_comma,daily,75,300,long_short,price_slow,0.001,6.488348820909984e-05,-0.5131084550633808,-0.681882974144936,0.00023355929356263854,-0.2778030675610802,64,0.1875,1.0385363811615458,31.699440931111027,0.9236486486486486,0.8976351351351352,0.8976351351351352,0.9060810810810811,0.9093074324324325,False
EURUSD1440_comma,daily,50,150,long_short,none,0.005,-1.8903688989602152e-05,-0.5031535634918858,-0.6613187607578052,-7.96376355621563e-05,-0.23737129883581276,40,0.3,1.0109326016855462,17.215286259569258,0.9307432432432432,0.8956081081081081,0.8956081081081081,0.8925675675675676,0.909206081081081,False
EURUSD1440_comma,daily,60,150,long_only,slow_slope,0.0,0.006254648593074563,-0.6699068159658911,-0.9137416266878862,0.05181276228038501,-0.12071637021063464,33,0.36363636363636365,1.5849094537316204,318.5979961321229,0.7844594594594595,0.9969594594594594,0.9831081081081081,0.9969594594594594,0.9091891891891892,False
EURUSD1440_comma,daily,100,200,long_short,none,0.005,-0.00026180803023168053,-0.5066113463680366,-0.6501719426959636,-0.0009550605104025742,-0.27412716511681967,22,0.4090909090909091,1.051022949813036,100.74690934562456,0.9290540540540541,0.8905405405405405,0.8861486486486486,0.914527027027027,0.9086655405405406,False
EURUSD1440_comma,daily,60,300,long_short,price_slow,0.001,-2.6741495520843372e-05,-0.5090897019310425,-0.6740746011654046,-9.492219720870249e-05,-0.28172014878719753,65,0.16923076923076924,1.0290472353814704,24.18829047476077,0.9263513513513514,0.8952702702702703,0.8952702702702703,0.9010135135135136,0.9085641891891892,False
EURUSD1440_comma,daily,40,250,long_short,none,0.001,-0.0008518619278745643,-0.4744375379905553,-0.6383525726499704,-0.0033184091556375584,-0.25670792476791426,30,0.3,1.0205017893857635,34.36650406648813,0.9523648648648648,0.875,0.8695945945945946,0.8956081081081081,0.9079560810810811,False
EURUSD1440_comma,daily,20,400,long_short,price_slow,0.0,-0.00038857836198558093,-0.4987863616814808,-0.6736824641076359,-0.0014428735139640984,-0.2693086803693657,70,0.2,1.0408804773810052,28.39138136393109,0.9347972972972973,0.8858108108108108,0.8824324324324324,0.9070945945945946,0.9079222972972972,False
EURUSD1440_comma,daily,10,400,long_short,price_slow,0.005,-0.000181334384057652,-0.5111346143503488,-0.6851891612523004,-0.0008216437383228544,-0.22069709242571867,40,0.275,1.0469478794873428,50.38505230618707,0.925,0.8918918918918919,0.8902027027027027,0.9121621621621622,0.9078378378378379,False
EURUSD1440_comma,daily,20,250,long_short,none,0.005,-0.00033969223509433544,-0.49057291891609506,-0.6535688631764646,-0.0015628157557087915,-0.2173591057381381,39,0.2564102564102564,1.0116832055648841,16.66932269612339,0.9398648648648649,0.8844594594594595,0.8841216216216217,0.8929054054054054,0.9078209459459461,False
EURUSD1440_comma,daily,30,500,long_short,slow_slope,0.001,0.0002365614593859977,-0.5361894225495154,-0.7107660443685099,0.0010313533259182937,-0.22936994863071658,30,0.43333333333333335,1.1287991812301856,106.85880202877789,0.9023648648648649,0.8993243243243243,0.9003378378378378,0.9439189189189189,0.9074324324324324,False
EURUSD1440_comma,daily,40,300,long_short,price_slow,0.005,-0.00017960958368623547,-0.5123044756411252,-0.6795911333519231,-0.0007520602097407751,-0.238823409827977,56,0.21428571428571427,1.0239467116903382,22.497497014133028,0.9243243243243243,0.8925675675675676,0.8905405405405405,0.8976351351351352,0.9056250000000001,False
EURUSD1440_comma,daily,20,500,long_short,slow_slope,0.0025,0.00013296166988374658,-0.5375433945627788,-0.7134802347995517,0.0005862637882107226,-0.2267949557136143,29,0.3448275862068966,1.1029000361889791,96.63377468471671,0.9010135135135136,0.8983108108108108,0.8983108108108108,0.9351351351351351,0.9049155405405406,False
EURUSD1440_comma,daily,20,500,long_short,slow_slope,0.001,1.0911804154911664e-05,-0.5357666654009807,-0.7119696402387139,4.5678187615933286e-05,-0.23888434993654284,31,0.3225806451612903,1.0958243639506942,85.83575870560387,0.9033783783783784,0.8966216216216216,0.8966216216216216,0.9307432432432432,0.9044425675675676,False
EURUSD1440_comma,daily,30,200,long_short,none,0.0025,-0.0009735724287949221,-0.4775550837461352,-0.6409947661164798,-0.004619219928042882,-0.2107655500194846,38,0.2894736842105263,0.9951754093547869,-7.469838361661641,0.9506756756756757,0.8706081081081081,0.8668918918918919,0.8834459459459459,0.9038175675675676,False
EURUSD1440_comma,daily,20,250,long_short,price_slow,0.001,-0.0005608363277010975,-0.4912807299435475,-0.6511797017208643,-0.0024790355982161894,-0.22623165561021064,70,0.15714285714285714,0.9976706496278249,-2.0862326650594736,0.9388513513513513,0.8797297297297297,0.8763513513513513,0.885472972972973,0.9035641891891892,False
EURUSD1440_comma,daily,75,300,long_short,none,0.005,-0.000873807289239581,-0.4986909136825628,-0.6602294433476135,-0.0027083084972327072,-0.3226394962510434,19,0.47368421052631576,1.0403736551198492,97.35585070820518,0.9351351351351351,0.8783783783783784,0.8682432432432432,0.9064189189189189,0.9032601351351351,True
EURUSD1440_comma,daily,100,150,long_short,none,0.005,0.0009570342905909079,-0.5445638252843665,-0.7148755427855621,0.0038789473379190467,-0.24672526003003992,28,0.39285714285714285,1.0406300491864078,68.00801467833018,0.8908783783783784,0.9111486486486486,0.9155405405405406,0.9067567567567567,0.9032601351351351,False
EURUSD1440_comma,daily,40,75,long_short,none,0.005,0.000705307151287693,-0.5413837810607051,-0.7329093245848866,0.0036620355205377146,-0.1925997569745389,63,0.31746031746031744,1.0328927840325106,33.622271126818276,0.8959459459459459,0.9101351351351351,0.9094594594594595,0.9027027027027027,0.9032094594594595,False
EURUSD1440_comma,daily,30,75,long_short,none,0.001,-0.0013890700323179184,-0.47325226840438256,-0.6697740185385344,-0.0056085567535701635,-0.24766978268227324,79,0.34177215189873417,1.0042583118759303,4.950920447165217,0.9530405405405405,0.8668918918918919,0.8550675675675675,0.8888513513513514,0.9022804054054054,False
EURUSD1440_comma,daily,20,500,long_short,none,0.005,-0.0005085761928586008,-0.5202219813740407,-0.6996004476152214,-0.0022345065764891965,-0.22760111704735442,25,0.28,1.09422339422947,106.8742337013968,0.9175675675675675,0.8804054054054054,0.8777027027027027,0.9290540540540541,0.9020270270270271,False
EURUSD1440_comma,daily,60,200,long_short,price_slow,0.001,-0.0003660842934246622,-0.5009660057030438,-0.6556165622803454,-0.0014868122609253387,-0.2462209271780046,78,0.21794871794871795,0.9838666104901972,-14.355791370245802,0.9320945945945946,0.8851351351351351,0.8827702702702702,0.8729729729729729,0.9016216216216215,False
EURUSD1440_comma,daily,30,200,long_short,none,0.005,-0.0008829548248284746,-0.49298153219242397,-0.6502770182622506,-0.004177897372299034,-0.21133951989409394,35,0.37142857142857144,1.0029916521979942,5.093211358555242,0.9381756756756757,0.8736486486486487,0.8679054054054054,0.8885135135135135,0.9005405405405406,False
EURUSD1440_comma,daily,40,250,long_short,price_slow,0.0,-0.0006439939795207517,-0.49956877726151344,-0.6620028178345977,-0.002818255859885869,-0.22850798917413817,71,0.16901408450704225,0.9932763312281022,-5.637996090224629,0.9337837837837838,0.8773648648648649,0.8743243243243243,0.8824324324324324,0.9000844594594595,False
EURUSD1440_comma,daily,20,150,long_short,none,0.001,-0.0014192182207555248,-0.4722392727599777,-0.645218233179633,-0.005955153455386808,-0.2383176573681327,48,0.25,0.9836992479558665,-24.103496554396617,0.9537162162162162,0.8641891891891892,0.8543918918918919,0.8719594594594594,0.899206081081081,False
EURUSD1440_comma,daily,50,500,long_short,slow_slope,0.001,-0.0001905505363883897,-0.5491338673956578,-0.7226634110242333,-0.0008701242430661226,-0.21899233116058503,27,0.5185185185185185,1.1804486021829526,152.53547292500494,0.8858108108108108,0.8915540540540541,0.8898648648648648,0.9577702702702703,0.8988513513513514,False
EURUSD1440_comma,daily,40,100,long_short,none,0.001,-0.0013632297129615445,-0.4703041788959201,-0.6561577992802764,-0.006728290047495858,-0.20261161503715386,56,0.3392857142857143,0.9842176680046981,-19.829656879439426,0.9547297297297297,0.8577702702702703,0.8567567567567568,0.8733108108108109,0.8986824324324325,False
EURUSD1440_comma,daily,60,400,long_short,none,0.005,-0.0011144414414314685,-0.5133850887055316,-0.6794325587927608,-0.004202284978571521,-0.2651989208524119,17,0.4117647058823529,1.068853875448571,138.83802103702655,0.9233108108108108,0.8733108108108109,0.8625,0.9226351351351352,0.8985472972972972,True
EURUSD1440_comma,daily,75,250,long_short,none,0.0025,-0.0013407017210548267,-0.49664929329129726,-0.6530305853663436,-0.004424945973715989,-0.30298713905628316,22,0.45454545454545453,1.0168400073564074,37.868594005874286,0.9358108108108109,0.8719594594594594,0.8577702702702703,0.8942567567567568,0.8980067567567568,False
EURUSD1440_comma,daily,100,250,long_short,price_slow,0.0,-0.00035494761872567615,-0.5226231211385161,-0.6874830923069456,-0.0013591913050298489,-0.26114618112413635,67,0.19402985074626866,1.0068547376789694,5.843982564457745,0.9138513513513513,0.8871621621621621,0.8834459459459459,0.8898648648648648,0.8975,False
EURUSD1440_comma,daily,30,150,long_only,slow_slope,0.0025,0.006021828182917188,-0.696105382845259,-0.9537192583294357,0.044436125854410494,-0.13551649850499947,30,0.4,1.5282170051929633,350.3235175489909,0.7584459459459459,0.9935810810810811,0.9820945945945946,0.9952702702702703,0.897483108108108,False
EURUSD1440_comma,daily,40,150,long_only,none,0.0025,0.004059418397315495,-0.6766157962974447,-0.9135431637897828,0.03250146206345116,-0.12489956265322688,17,0.47058823529411764,1.274375766127077,394.76214480360153,0.7777027027027027,0.9837837837837838,0.9679054054054054,0.9756756756756757,0.8969594594594595,True
EURUSD1440_comma,daily,75,150,long_short,combined,0.005,0.0014904708921070764,-0.5807942621848876,-0.7791054815987217,0.008299510090344764,-0.17958540635320341,107,0.3364485981308411,1.0384776896952754,22.971813414026304,0.8601351351351352,0.9243243243243243,0.9266891891891892,0.9057432432432433,0.8963344594594596,False
EURUSD1440_comma,daily,30,150,long_only,slow_slope,0.001,0.005254692954259399,-0.6986876785395277,-0.9578244052179572,0.04400513388923016,-0.11941090708839852,31,0.3548387096774194,1.4153266198334955,280.91496269203816,0.7567567567567568,0.9929054054054054,0.9783783783783784,0.989527027027027,0.8950337837837838,False
EURUSD1440_comma,daily,50,150,long_only,slow_slope,0.001,0.0050430613812304514,-0.7010300413708798,-0.9529906189379893,0.042784250763886936,-0.11787191060237445,29,0.3793103448275862,1.4240538885802672,289.6373288247954,0.7550675675675675,0.9922297297297298,0.9763513513513513,0.9902027027027027,0.8938851351351352,False
EURUSD1440_comma,daily,100,200,long_short,price_slow,0.001,-0.0003994218036145192,-0.5222552395682034,-0.6815289842587223,-0.0014817287263674558,-0.2695647297017214,77,0.19480519480519481,0.9775333675555227,-18.156692606423114,0.9148648648648648,0.885472972972973,0.8817567567567568,0.8679054054054054,0.8938513513513514,False
EURUSD1440_comma,daily,50,150,long_short,slow_slope,0.005,-0.0004401408000146434,-0.5311574919976149,-0.6983121412133825,-0.0019422714743779974,-0.22661137015133082,69,0.2898550724637681,1.0016437670324787,1.5680524556063486,0.908445945945946,0.8824324324324324,0.8800675675675675,0.8878378378378379,0.8931756756756757,False
EURUSD1440_comma,daily,100,150,long_only,none,0.0,0.003473061474313033,-0.6771577509837867,-0.9089929504628164,0.027579806376813325,-0.12592769604187204,22,0.4090909090909091,1.2237019379225904,259.82630456719085,0.7773648648648649,0.9763513513513513,0.9614864864864865,0.9672297297297298,0.8924155405405405,False
EURUSD1440_comma,daily,40,150,long_only,none,0.005,0.005305126839409979,-0.7120419588439327,-0.96772637673811,0.05249596672905104,-0.10105779872178533,17,0.4117647058823529,1.398168271835414,520.797249505243,0.7469594594594594,0.9979729729729729,0.9787162162162162,0.9878378378378379,0.8921959459459459,True
EURUSD1440_comma,daily,40,150,long_only,slow_slope,0.001,0.004801393419264333,-0.7012746461548873,-0.9519595537692259,0.03690816305133434,-0.1300902841625099,29,0.3448275862068966,1.3610580245687625,275.2527016516461,0.7543918918918919,0.9875,0.9746621621621622,0.9837837837837838,0.8911317567567567,False
EURUSD1440_comma,daily,40,150,long_only,none,0.001,0.0031762415910245867,-0.6715293977556892,-0.9090163400903288,0.025397393839505285,-0.12506171346148076,17,0.4117647058823529,1.1757863384339053,306.81960192366313,0.7827702702702702,0.9726351351351351,0.956418918918919,0.956418918918919,0.8910135135135137,True
EURUSD1440_comma,daily,30,150,long_short,price_slow,0.005,-0.0005985181124275041,-0.5266981734980414,-0.6983583334299551,-0.0026247412569879963,-0.22802937654674937,78,0.2692307692307692,0.984264279338589,-13.196179224039202,0.9121621621621622,0.8787162162162162,0.8756756756756757,0.8736486486486487,0.8907263513513515,False
EURUSD1440_comma,daily,50,150,long_only,slow_slope,0.0,0.004503810676620645,-0.702889249588664,-0.9557415061626086,0.03944251722301615,-0.11418669480842636,33,0.30303030303030304,1.3608551578749148,226.38560404481078,0.7533783783783784,0.9898648648648649,0.9719594594594595,0.9834459459459459,0.8907263513513514,False
EURUSD1440_comma,daily,20,75,long_short,none,0.0,-0.0019617416876346327,-0.4620231834186303,-0.6455888599728564,-0.008252472442067194,-0.23771563024368347,82,0.32926829268292684,0.9685867375531613,-32.67532824286356,0.9587837837837838,0.8466216216216216,0.8317567567567568,0.8597972972972973,0.8904898648648648,False
EURUSD1440_comma,daily,50,300,long_short,price_slow,0.005,-0.0010328321721927436,-0.5302754739301827,-0.7005365385316288,-0.0037118993897066327,-0.27824896737688054,54,0.2037037037037037,0.9982529337993162,-1.771579988240062,0.9087837837837838,0.8743243243243243,0.8658783783783783,0.8861486486486486,0.8881925675675676,False
EURUSD1440_comma,daily,10,200,long_short,price_slow,0.001,-0.0015974558594884503,-0.48889922720907353,-0.6562438581134404,-0.007229840156934525,-0.22095313655810844,91,0.15384615384615385,0.9641565816740586,-31.367104178928773,0.9425675675675675,0.8550675675675675,0.8452702702702702,0.8550675675675675,0.8881081081081081,False
EURUSD1440_comma,daily,20,200,long_short,price_slow,0.001,-0.0015382522155141798,-0.4980800208798728,-0.664780196959951,-0.00607110553856937,-0.2533726692349121,91,0.17582417582417584,0.9615482597756623,-32.653552872812114,0.9354729729729729,0.8631756756756757,0.8496621621621622,0.8540540540540541,0.8880236486486488,False
EURUSD1440_comma,daily,50,75,long_short,fast_slope,0.005,0.0018542474418070665,-0.6294934803141771,-0.8609808957467513,0.01239989358220142,-0.14953736735842793,89,0.3707865168539326,1.0581470389255612,38.69961488369508,0.8206081081081081,0.9395270270270271,0.9331081081081081,0.9179054054054054,0.8874324324324325,False
EURUSD1440_comma,daily,75,300,long_short,price_slow,0.0,-0.0012996395080041578,-0.5285243639273403,-0.7007420694422761,-0.004708621961100363,-0.2760127100329889,65,0.16923076923076924,0.9989869791287345,-0.8303449728467968,0.9108108108108108,0.8699324324324325,0.8591216216216216,0.8864864864864865,0.8866047297297298,False
EURUSD1440_comma,daily,75,150,long_short,none,0.001,-0.00174640796132719,-0.48236630632347227,-0.6465559059170554,-0.00687441229085201,-0.25404469319525513,34,0.4117647058823529,0.9421832121485544,-118.51453335856631,0.9466216216216217,0.8567567567567568,0.8385135135135136,0.8385135135135136,0.8863175675675676,False
EURUSD1440_comma,daily,30,75,long_short,none,0.0,-0.0024195275305093356,-0.4678543190509463,-0.676869633750128,-0.009350156955933362,-0.2587686540356916,84,0.30952380952380953,0.9894269017165821,-12.606310254878972,0.9557432432432432,0.8358108108108108,0.8152027027027027,0.8777027027027027,0.885945945945946,False
EURUSD1440_comma,daily,50,150,long_only,none,0.001,0.0028854775314597347,-0.6809331144464988,-0.925297178677533,0.023163747876663247,-0.12456868149418787,17,0.4117647058823529,1.187229243398151,278.1203933700619,0.7726351351351352,0.9702702702702702,0.9510135135135135,0.9594594594594594,0.8857432432432433,True
EURUSD1440_comma,daily,100,250,long_short,none,0.0,-0.002348150142489347,-0.48644505662867593,-0.6547755273296249,-0.0067563666274092936,-0.3475462881133994,23,0.43478260869565216,0.9766432885793466,-48.163637780587834,0.9432432432432433,0.8574324324324324,0.8189189189189189,0.8668918918918919,0.8854729729729729,False
EURUSD1440_comma,daily,20,300,long_short,price_slow,0.0025,-0.001559621912086917,-0.5142275592076486,-0.691941851685762,-0.00625861372755683,-0.24919606481222245,65,0.2153846153846154,0.9861514845389067,-12.79765298896308,0.9222972972972973,0.8614864864864865,0.8486486486486486,0.8756756756756757,0.8853716216216216,False
EURUSD1440_comma,daily,20,50,long_short,none,0.0025,-0.0015968491502973414,-0.5083889410777745,-0.6875036518363369,-0.00633781770573228,-0.25195567692852083,103,0.36893203883495146,0.9713875619431112,-25.476604437885875,0.9277027027027027,0.8608108108108108,0.845945945945946,0.8625,0.884847972972973,False
EURUSD1440_comma,daily,60,150,long_short,slow_slope,0.005,-0.0006990667990927069,-0.53712082749125,-0.7084608398355124,-0.0032701454689688363,-0.2137723858850662,65,0.2923076923076923,0.9837295899703896,-16.174240311895822,0.9016891891891892,0.8753378378378378,0.8719594594594594,0.8722972972972973,0.8847466216216217,False
EURUSD1440_comma,daily,30,500,long_short,slow_slope,0.0,0.0001930700163030874,-0.5326410459352076,-0.7068194373318594,0.0007961649034864346,-0.24250003417335642,31,0.3548387096774194,0.8855390577780327,-103.24189610850074,0.9054054054054054,0.8989864864864865,0.8993243243243243,0.7844594594594595,0.8844425675675677,False
EURUSD1440_comma,daily,40,250,long_short,none,0.0,-0.0022397662631136184,-0.4855158208840933,-0.6571757554555313,-0.00843248393341105,-0.26561168462346585,29,0.3448275862068966,0.9775604879234869,-41.61798899024977,0.9439189189189189,0.845945945945946,0.8212837837837837,0.8682432432432432,0.8835472972972973,False
EURUSD1440_comma,daily,30,100,long_short,none,0.005,-0.0013308487105510025,-0.5267300534726971,-0.7147385599911762,-0.006390984630459403,-0.20823844642157074,57,0.3157894736842105,0.9905749015491919,-11.233590906203757,0.9118243243243244,0.8594594594594595,0.8584459459459459,0.8787162162162162,0.8830912162162162,False
EURUSD1440_comma,daily,50,200,long_short,price_slow,0.0025,-0.0014582537050500388,-0.5185518589885063,-0.6794024997114814,-0.005339879322894757,-0.27308738959657186,74,0.22972972972972974,0.9580966345257823,-41.34124446845769,0.9182432432432432,0.8679054054054054,0.852027027027027,0.8516891891891892,0.8824324324324324,False
EURUSD1440_comma,daily,40,300,long_short,price_slow,0.0,-0.0016230039307173483,-0.5172252704634966,-0.6924142510294469,-0.005958211321248563,-0.2723978461336686,69,0.15942028985507245,0.975486861912184,-21.295831874859964,0.9199324324324324,0.8638513513513514,0.8432432432432433,0.8655405405405405,0.8824155405405406,False
EURUSD1440_comma,daily,100,300,long_short,none,0.0025,-0.0020643088884476635,-0.5034567011833476,-0.6678717280521349,-0.007057167373420397,-0.29251238906739363,17,0.47058823529411764,0.9826171195377879,-39.742664519156975,0.9300675675675676,0.856081081081081,0.8277027027027027,0.8712837837837838,0.8822804054054054,True
EURUSD1440_comma,daily,50,150,long_short,price_slow,0.001,-0.001513040922406006,-0.517072807739147,-0.6863526179572439,-0.006400092365574112,-0.23640923223930388,100,0.25,0.971258767556516,-19.035993528341898,0.9202702702702703,0.8591216216216216,0.85,0.8618243243243243,0.8821621621621623,False
EURUSD1440_comma,daily,5,200,long_short,none,0.001,-0.00212865988051536,-0.48345030095661057,-0.658331521816171,-0.008944110527820938,-0.237995703865029,74,0.17567567567567569,0.9673396646435365,-34.65250643611565,0.9452702702702702,0.8402027027027027,0.8246621621621621,0.8591216216216216,0.8819594594594595,False
EURUSD1440_comma,daily,5,150,long_short,slow_slope,0.001,-0.0015987367594516577,-0.5090562271744765,-0.6808101321062525,-0.0077911917048484386,-0.20519797484340785,115,0.2608695652173913,0.9757714953072785,-15.369476674861433,0.927027027027027,0.8486486486486486,0.8449324324324324,0.8662162162162163,0.8818918918918919,False
EURUSD1440_comma,daily,50,100,long_short,none,0.0,-0.0024171251822524553,-0.47067523373431897,-0.6565969884935676,-0.009051902957684856,-0.2670295067845786,52,0.2692307692307692,0.9524897785235984,-77.15160042965584,0.9543918918918919,0.8381756756756756,0.8155405405405406,0.8476351351351351,0.8815540540540541,False
EURUSD1440_comma,daily,75,200,long_short,price_slow,0.0,-0.0016050194139302087,-0.5159248563665365,-0.6746340905665892,-0.005763265749039911,-0.27849130750175544,84,0.20238095238095238,0.9551855623635952,-38.17911643954115,0.9206081081081081,0.8662162162162163,0.8445945945945946,0.85,0.8812162162162163,False
EURUSD1440_comma,daily,40,250,long_short,none,0.005,-0.0016973620460618566,-0.5114652117341077,-0.6737408797460451,-0.0075894793103942265,-0.22364670574135725,27,0.4074074074074074,0.9806045700945238,-33.09256837619677,0.9246621621621621,0.8510135135135135,0.8402027027027027,0.8702702702702703,0.8811993243243242,False
EURUSD1440_comma,daily,30,250,long_short,none,0.005,-0.0017317750388409214,-0.5086045341260894,-0.6757373574574113,-0.007689663039028175,-0.2252081827319945,31,0.3548387096774194,0.9732441678542622,-43.655910728150545,0.9273648648648649,0.8496621621621622,0.839527027027027,0.8638513513513514,0.8808445945945946,False
EURUSD1440_comma,daily,75,100,long_short,slow_slope,0.005,0.0012509296357083866,-0.634408252104343,-0.8596474365943994,0.007131995575496767,-0.1753968608738593,51,0.39215686274509803,1.0871880726272385,69.71298533762035,0.816554054054054,0.9209459459459459,0.9216216216216216,0.9277027027027027,0.8803378378378378,False
EURUSD1440_comma,daily,50,100,long_short,slow_slope,0.005,-9.399288563072261e-05,-0.5678864292492183,-0.7613515475493465,-0.0005031234862837621,-0.18681871984348297,81,0.345679012345679,0.979232981284734,-18.29674657194328,0.8675675675675676,0.893581081081081,0.893581081081081,0.8689189189189189,0.8794763513513514,False
EURUSD1440_comma,daily,40,75,long_only,none,0.005,0.006265315099207136,-0.7528577964316797,-1.0737345713205557,0.050987141138179974,-0.12288029803882394,28,0.35714285714285715,1.4809377889293653,388.6122908848088,0.7101351351351352,0.9962837837837838,0.9834459459459459,0.9932432432432432,0.8788006756756758,False
EURUSD1440_comma,daily,60,250,long_short,none,0.005,-0.0020865865934667216,-0.5154132836492471,-0.6698019105235237,-0.007573571641007683,-0.275508926616438,23,0.4782608695652174,0.9917257477776198,-18.527439232057603,0.9212837837837838,0.8513513513513513,0.8266891891891892,0.8800675675675675,0.8786993243243244,False
EURUSD1440_comma,daily,100,150,long_short,price_slow,0.0,-0.0013277546458576595,-0.5345419177798304,-0.7036905501831756,-0.005916036014571949,-0.22443315804488528,113,0.26548672566371684,0.9699344768519861,-19.184292258381166,0.904054054054054,0.8648648648648649,0.8587837837837838,0.860472972972973,0.8786655405405407,False
EURUSD1440_comma,daily,75,150,long_short,price_slow,0.005,-0.00021374172745203257,-0.5695125579520643,-0.7529449899597095,-0.0011720366979181456,-0.18236777724767128,69,0.2753623188405797,0.9896663290477307,-8.192571872299645,0.8665540540540541,0.8885135135135135,0.8888513513513514,0.8780405405405406,0.8782263513513513,False
EURUSD1440_comma,daily,30,500,long_short,slow_slope,0.0025,-0.0010643644226649984,-0.5594756894002807,-0.7400595170064049,-0.004666536162185884,-0.22808446900932877,28,0.4642857142857143,1.0553094574479773,50.340790124646524,0.8743243243243243,0.8702702702702703,0.864527027027027,0.9172297297297297,0.8777871621621622,False
EURUSD1440_comma,daily,40,400,long_short,price_slow,0.0025,-0.0018238367813850909,-0.5320382005333717,-0.7083088274560906,-0.006178477111399285,-0.2951919621131417,63,0.20634920634920634,0.9962330741346289,-2.8058064285290127,0.9057432432432433,0.8625,0.8351351351351352,0.8844594594594595,0.8776182432432433,False
EURUSD1440_comma,daily,30,500,long_short,price_slow,0.005,-0.001481350554249805,-0.5504711673993701,-0.7337672517363683,-0.0059788134148311385,-0.24776664723725006,36,0.2777777777777778,1.0631109506122225,58.20889853661687,0.8831081081081081,0.8635135135135135,0.8510135135135135,0.9209459459459459,0.8774662162162162,False
EURUSD1440_comma,daily,30,100,long_only,none,0.005,0.004225564173639951,-0.7329904483636975,-1.0384105092346974,0.028746731617841012,-0.1469928557379876,28,0.35714285714285715,1.2578091091993553,255.81956612954562,0.7320945945945946,0.9787162162162162,0.9689189189189189,0.9736486486486486,0.877347972972973,False
EURUSD1440_comma,daily,40,150,long_only,slow_slope,0.0025,0.00396666553541869,-0.7333577173176336,-0.9900747065674353,0.02794826964458528,-0.14192884160136887,30,0.3333333333333333,1.2855277698593337,218.43384556061073,0.7317567567567568,0.9777027027027027,0.9672297297297298,0.9777027027027027,0.8772297297297298,False
EURUSD1440_comma,daily,50,100,long_short,none,0.005,-0.0006589930261434729,-0.5509580169162632,-0.734307253567266,-0.0029737513871502075,-0.2216032681787149,48,0.3333333333333333,0.9758899535170917,-32.36886636317244,0.8824324324324324,0.8760135135135135,0.8739864864864865,0.8665540540540541,0.8767567567567568,False
EURUSD1440_comma,daily,30,300,long_only,none,0.0025,0.003653232875918233,-0.7445197372252552,-1.0319541953408555,0.037445408092313746,-0.09756157195328086,12,0.4166666666666667,1.4427637397441966,501.7431144376948,0.7199324324324324,0.9885135135135135,0.9635135135135136,0.9922297297297298,0.8766385135135136,True
EURUSD1440_comma,daily,40,150,long_only,slow_slope,0.0,0.0033844437535515137,-0.7235547437811038,-0.981792539660559,0.024209081162377175,-0.13980058684801333,35,0.2857142857142857,1.2480918860324004,164.23874325087402,0.7391891891891892,0.9719594594594595,0.9591216216216216,0.9706081081081082,0.8760810810810812,False
EURUSD1440_comma,daily,40,250,long_short,price_slow,0.005,-0.0014686535164299963,-0.5316515695794872,-0.6987377380038899,-0.006932180752029002,-0.2118602455656009,51,0.2549019607843137,0.9650165214826146,-39.66181270408743,0.9070945945945946,0.856418918918919,0.8516891891891892,0.8557432432432432,0.8756418918918919,False
EURUSD1440_comma,daily,10,200,long_short,price_slow,0.0,-0.0022345424862839636,-0.49492565379538067,-0.6662457590488964,-0.009900283503761062,-0.22570489879760247,98,0.15306122448979592,0.9516030993586029,-40.248862993710546,0.9371621621621622,0.8327702702702703,0.8226351351351351,0.8469594594594595,0.8746283783783784,False
EURUSD1440_comma,daily,50,100,long_only,none,0.001,0.002475644540977928,-0.7009295671372923,-0.9611834878962974,0.017967020162417423,-0.13778826531048072,29,0.3448275862068966,1.1413411044012864,152.65143575974443,0.7557432432432433,0.9581081081081081,0.9462837837837837,0.9469594594594595,0.873125,False
EURUSD1440_comma,daily,60,300,long_short,price_slow,0.0025,-0.0018017285521640947,-0.537290733623725,-0.70965993160964,-0.00678278792060209,-0.26563244690159205,61,0.18032786885245902,0.9804941108094217,-16.982370227194938,0.9013513513513514,0.8570945945945946,0.8368243243243243,0.8699324324324325,0.872668918918919,False
EURUSD1440_comma,daily,60,150,long_only,none,0.0,0.0021970886980495763,-0.6918843310228517,-0.9357269032336414,0.015557242390962527,-0.14122610182675455,16,0.5,1.1449208010033072,223.83810842346747,0.7628378378378379,0.9483108108108108,0.9408783783783784,0.947972972972973,0.8725844594594596,True
EURUSD1440_comma,daily,40,400,long_short,price_slow,0.001,-0.0021650208542471905,-0.5296247089598307,-0.7094697414352058,-0.0075734356690223634,-0.2858703696530729,66,0.19696969696969696,0.9820983645949427,-13.774706474471165,0.9097972972972973,0.8516891891891892,0.8236486486486486,0.870945945945946,0.8722128378378379,False
EURUSD1440_comma,daily,40,500,long_short,slow_slope,0.001,-0.0014341984587478152,-0.5623573141200179,-0.7439766135801654,-0.005815021828633059,-0.24663681427399786,28,0.42857142857142855,1.0435465886324176,39.96956720844969,0.870945945945946,0.8655405405405405,0.8533783783783784,0.9097972972972973,0.8719087837837839,False
EURUSD1440_comma,daily,40,500,long_short,slow_slope,0.0,-0.00047405532415734086,-0.5460489569046091,-0.7237068614221216,-0.001990811006872195,-0.23812171146378136,28,0.39285714285714285,0.9048892516210731,-88.17965793294486,0.8878378378378379,0.8817567567567568,0.879054054054054,0.8016891891891892,0.8716385135135135,False
EURUSD1440_comma,daily,40,200,long_short,price_slow,0.005,-0.0016835118985510933,-0.5301165041989356,-0.6979256009381686,-0.007247538245048887,-0.23228741148088106,66,0.19696969696969696,0.9450965498504001,-58.04857459624529,0.9091216216216216,0.8547297297297297,0.8412162162162162,0.8402027027027027,0.8716047297297298,False
EURUSD1440_comma,daily,50,75,long_short,slow_slope,0.0025,-0.0011163201104521514,-0.5606001054963271,-0.7600959618026794,-0.005052689982905663,-0.2209358013709336,114,0.3157894736842105,0.9942441967650849,-3.9073854587024885,0.8726351351351351,0.8692567567567567,0.8621621621621621,0.8831081081081081,0.871266891891892,False
EURUSD1440_comma,daily,75,150,long_short,slow_slope,0.0025,-0.0018039263711322473,-0.5318250221797107,-0.6964935527834999,-0.0073091416160307775,-0.24680413458890782,74,0.3108108108108108,0.9570912955601648,-39.69676104627287,0.9060810810810811,0.8530405405405406,0.8364864864864865,0.8510135135135135,0.870641891891892,False
EURUSD1440_comma,daily,40,500,long_short,none,0.001,-0.0024052933392610942,-0.5261800153260756,-0.7098914145450037,-0.009454133168137565,-0.25441712069039213,20,0.4,1.0006484012816714,1.0408007131761223,0.9128378378378378,0.8351351351351352,0.8162162162162162,0.8871621621621621,0.8702364864864864,False
EURUSD1440_comma,daily,100,150,long_short,fast_slope,0.0,-0.0015969878890043088,-0.5382875860233445,-0.7130999527262604,-0.007648719514217026,-0.20879153511066972,146,0.3150684931506849,0.9606128855102303,-24.19927049853963,0.9006756756756756,0.8503378378378378,0.8456081081081082,0.8537162162162162,0.8700337837837837,False
EURUSD1440_comma,daily,20,150,long_only,slow_slope,0.0,0.0028763129556175215,-0.7345154332716979,-1.0063787736938983,0.02763334360732171,-0.10408848804150561,43,0.32558139534883723,1.1749421848725612,108.30665966468553,0.7304054054054054,0.9766891891891892,0.9506756756756757,0.956081081081081,0.8698817567567567,False
EURUSD1440_comma,daily,60,100,long_short,none,0.001,-0.002834948856075381,-0.4944959433819431,-0.6692271451325817,-0.011648723031275883,-0.24336992548142589,62,0.3064516129032258,0.9663381501662712,-41.2502968426416,0.9375,0.8236486486486486,0.8006756756756757,0.856418918918919,0.8695101351351351,False
EURUSD1440_comma,daily,20,300,long_short,price_slow,0.001,-0.0022786717650570276,-0.5194455657890192,-0.6998928848566265,-0.009258757812967682,-0.24610987900186276,69,0.17391304347826086,0.967248278316935,-29.631699589626802,0.9179054054054054,0.8368243243243243,0.8202702702702702,0.8587837837837838,0.8692398648648649,False
EURUSD1440_comma,daily,5,150,long_short,none,0.001,-0.002892788926764145,-0.49130193444765974,-0.6731552855588971,-0.011968747024961047,-0.2416952184494483,96,0.2708333333333333,0.9595186357507488,-36.965205276091694,0.9385135135135135,0.8216216216216217,0.7989864864864865,0.8530405405405406,0.8685641891891893,False
EURUSD1440_comma,daily,60,75,long_only,none,0.001,0.0031889732675374205,-0.7384379559871003,-1.0248156234220882,0.023857458984008987,-0.1336677669518327,42,0.4523809523809524,1.1667010063312286,132.60166749721526,0.7273648648648648,0.970945945945946,0.9567567567567568,0.9537162162162162,0.8680912162162163,False
EURUSD1440_comma,daily,30,150,long_short,none,0.005,-0.0020172596081181604,-0.5222174492589919,-0.6964402410830275,-0.00971147029989743,-0.2077192789375535,44,0.3181818181818182,0.9547287952802868,-70.87515526205087,0.9152027027027027,0.8341216216216216,0.8293918918918919,0.8496621621621622,0.8679391891891891,False
EURUSD1440_comma,daily,20,500,long_short,slow_slope,0.0,-0.0005185802036108411,-0.5408025687636542,-0.7196057008305902,-0.002086338938611575,-0.24855990271453587,32,0.3125,0.8606984087658006,-120.22810949293537,0.8972972972972973,0.8807432432432433,0.8770270270270271,0.7557432432432433,0.8678716216216217,False
EURUSD1440_comma,daily,30,150,long_only,none,0.005,0.003037231113685479,-0.7415960650220201,-1.0086127528734485,0.022815717318862817,-0.13312012378302296,20,0.4,1.2014440515543,249.12079084271159,0.7236486486486486,0.9689189189189189,0.9537162162162162,0.9635135135135136,0.8669594594594594,False
EURUSD1440_comma,daily,100,150,long_only,none,0.0025,0.0036357343336841375,-0.7579656010247884,-1.0210897297921406,0.02871115559529421,-0.12663141759017316,18,0.4444444444444444,1.2699543191775613,332.849143346142,0.7050675675675676,0.9783783783783784,0.9631756756756756,0.9746621621621622,0.865456081081081,True
EURUSD1440_comma,daily,5,400,long_short,price_slow,0.005,-0.0022852127602513983,-0.5315186937945898,-0.7124371352111766,-0.009963070044475827,-0.2293683322560267,54,0.16666666666666666,0.97757810968043,-19.704020326992964,0.9074324324324324,0.8320945945945946,0.8199324324324324,0.8685810810810811,0.8652702702702703,False
EURUSD1440_comma,daily,30,200,long_only,none,0.001,0.0019339565597251696,-0.7192785959201757,-0.9742303838560437,0.016131092320969164,-0.11988999388535992,18,0.3333333333333333,1.1665320295925417,174.7907341681991,0.7425675675675676,0.9510135135135135,0.9347972972972973,0.9533783783783784,0.8647466216216216,True
EURUSD1440_comma,daily,30,400,long_short,price_slow,0.001,-0.0024963160571335186,-0.5318073727640645,-0.7148374856564461,-0.008899130371469988,-0.2805123594027277,66,0.22727272727272727,0.9704610244647836,-23.39121021291807,0.9064189189189189,0.8405405405405405,0.8138513513513513,0.8611486486486486,0.8646452702702703,False
EURUSD1440_comma,daily,5,200,long_short,price_slow,0.0,-0.0029754779069739445,-0.49633347805582634,-0.6739317635212236,-0.01223772367635663,-0.24313981796488748,108,0.14814814814814814,0.9451147955586926,-43.55038544720827,0.9361486486486487,0.8199324324324324,0.7945945945945946,0.8405405405405405,0.8644425675675677,False
EURUSD1440_comma,daily,10,250,long_short,price_slow,0.0025,-0.002562386412746309,-0.5127904843816122,-0.6854002214922829,-0.011762112474088834,-0.21785086806397058,68,0.19117647058823528,0.9501217779886347,-48.92969522891526,0.9239864864864865,0.8233108108108108,0.8111486486486487,0.8449324324324324,0.8643918918918919,False
EURUSD1440_comma,daily,100,300,long_short,price_slow,0.0,-0.0018761102428100918,-0.5495907240298272,-0.7255174822776941,-0.007295549182350009,-0.25715819274427365,66,0.16666666666666666,0.9793384746396908,-16.20419410754151,0.8844594594594595,0.8533783783783784,0.8341216216216216,0.8692567567567567,0.8643412162162163,False
EURUSD1440_comma,daily,40,75,long_short,none,0.001,-0.0033143128188093396,-0.49906102385506146,-0.6971296806871637,-0.012772474087861458,-0.2594887095491667,78,0.3717948717948718,0.9747346756390789,-30.10749744812,0.9344594594594594,0.8158783783783784,0.7837837837837838,0.8652027027027027,0.8642905405405404,False
EURUSD1440_comma,daily,75,200,long_short,price_slow,0.001,-0.002166028410534482,-0.5316677731407495,-0.6890830373861764,-0.008877316707509022,-0.24399584715754385,77,0.19480519480519481,0.9379300076243522,-54.0027211542077,0.9067567567567567,0.8408783783783784,0.8233108108108108,0.8341216216216216,0.8627027027027029,False
EURUSD1440_comma,daily,60,500,long_short,slow_slope,0.0,-0.0014766017802083642,-0.5659065471524046,-0.7447329181692385,-0.006585987024173254,-0.22420356657075613,27,0.37037037037037035,0.9775027694706909,-20.796689083274604,0.8682432432432432,0.8584459459459459,0.8513513513513513,0.8675675675675676,0.8623141891891892,False
EURUSD1440_comma,daily,20,400,long_short,price_slow,0.001,-0.002638349363611292,-0.533261499959281,-0.7205587188505433,-0.009455114838292535,-0.27903937802279954,64,0.1875,0.9666293025047643,-25.86447999369949,0.9050675675675676,0.8347972972972973,0.8081081081081081,0.8577702702702703,0.8610135135135136,False
EURUSD1440_comma,daily,60,400,long_short,price_slow,0.0,-0.002534097708984384,-0.542023488696394,-0.7218077303707758,-0.00852675755149383,-0.29719359248585975,65,0.2,0.9735975458166097,-18.959715067260653,0.8942567567567568,0.8442567567567567,0.8125,0.8648648648648649,0.8609966216216216,False
EURUSD1440_comma,daily,100,150,long_short,price_slow,0.001,-0.0016618833422087365,-0.554064969585338,-0.7280943918237743,-0.007319811379009176,-0.22703909379065068,100,0.28,0.9619599946911075,-25.140728883617268,0.8783783783783784,0.8527027027027027,0.841554054054054,0.8543918918918919,0.8609966216216216,False
EURUSD1440_comma,daily,5,150,long_short,slow_slope,0.0,-0.0027446154932565525,-0.5179463627550658,-0.6920420107881494,-0.012772511461267745,-0.21488455904537773,119,0.2184873949579832,0.9527639420094834,-28.875704701001986,0.9192567567567568,0.8155405405405406,0.8047297297297298,0.8483108108108108,0.8597804054054053,False
EURUSD1440_comma,daily,100,200,long_short,price_slow,0.0,-0.0022379914258057187,-0.5399882609869099,-0.7040784341150204,-0.00823034120263744,-0.2719196410822612,82,0.21951219512195122,0.930167119770714,-60.151767646570754,0.8983108108108108,0.8469594594594595,0.8216216216216217,0.8277027027027027,0.8595439189189189,False
EURUSD1440_comma,daily,60,500,long_short,combined,0.0,0.001023369466579549,-0.6700951267160036,-0.9051217401277984,0.00427594759625106,-0.23933162031190203,116,0.29310344827586204,1.0196237189306223,10.73852484521137,0.7841216216216216,0.9121621621621622,0.9175675675675675,0.8949324324324325,0.8594425675675675,False
EURUSD1440_comma,daily,40,100,long_short,slow_slope,0.005,-0.001433920724077109,-0.5715519141734318,-0.768672831868368,-0.0070980058375276585,-0.20201740557832015,99,0.32323232323232326,0.9666130997581126,-28.03566135942328,0.8655405405405405,0.8554054054054054,0.8537162162162162,0.8574324324324324,0.8594256756756757,False
EURUSD1440_comma,daily,75,150,long_short,none,0.0025,-0.0028799828431274044,-0.5178045315500177,-0.6831630698878499,-0.010697671055979477,-0.26921587213299425,35,0.4,0.9258221993145932,-123.78795119710553,0.9195945945945946,0.8297297297297297,0.7993243243243243,0.8226351351351351,0.8585304054054055,False
EURUSD1440_comma,daily,60,150,long_short,price_slow,0.0,-0.002796152207071856,-0.5297685338890092,-0.7008102597467911,-0.01110258978352417,-0.25184684488849995,106,0.25471698113207547,0.9442782395490726,-36.0483316493813,0.9094594594594595,0.8273648648648648,0.8016891891891892,0.839527027027027,0.856891891891892,False
EURUSD1440_comma,daily,75,300,long_short,price_slow,0.0025,-0.002337549055679511,-0.5506350581681273,-0.7311018808971291,-0.008617426678805525,-0.2712583631757134,64,0.203125,0.9680688089879782,-26.860410776900977,0.8827702702702702,0.8435810810810811,0.8192567567567568,0.8594594594594595,0.8567736486486487,False
EURUSD1440_comma,daily,60,250,long_short,price_slow,0.001,-0.0024552388518179757,-0.5389415183626101,-0.7063599913357466,-0.010113434235890296,-0.2427700417633495,64,0.203125,0.9390496732919471,-57.1415708065432,0.9,0.8317567567567568,0.8145270270270271,0.8358108108108108,0.8562162162162162,False
EURUSD1440_comma,daily,10,250,long_short,price_slow,0.0,-0.00298328155758365,-0.5136201233613129,-0.6914441796479304,-0.013415261568943812,-0.22237967871531594,81,0.16049382716049382,0.9413840746834351,-49.18128887950403,0.922972972972973,0.8094594594594594,0.7942567567567568,0.8378378378378378,0.856081081081081,False
EURUSD1440_comma,daily,40,100,long_only,none,0.005,0.0036709989250875985,-0.7762595388286437,-1.0730875885989857,0.0284099055565913,-0.12921545683336144,24,0.5,1.2176057198668708,252.12546337559948,0.683445945945946,0.9780405405405406,0.9641891891891892,0.966554054054054,0.8557094594594595,False
EURUSD1440_comma,daily,10,250,long_short,price_slow,0.001,-0.002989439793905979,-0.5149185439578756,-0.6916449435188761,-0.013178526822729289,-0.2268417277680862,76,0.15789473684210525,0.9404509342723768,-53.51384464429184,0.9216216216216216,0.8114864864864865,0.7932432432432432,0.8368243243243243,0.8556925675675676,False
EURUSD1440_comma,daily,20,200,long_short,price_slow,0.0,-0.003192328449923343,-0.5156206774188965,-0.6873907418519825,-0.01199077849724212,-0.26623195905566754,93,0.17204301075268819,0.9298735416933988,-60.02174880905464,0.9209459459459459,0.8209459459459459,0.7868243243243244,0.8273648648648648,0.8550844594594595,False
EURUSD1440_comma,daily,60,300,long_short,price_slow,0.005,-0.0023312326949763706,-0.5528529723718865,-0.7298842913326945,-0.008645137938794505,-0.26965824160134133,55,0.18181818181818182,0.9665279801577105,-32.53474080187664,0.8797297297297297,0.8429054054054054,0.8195945945945946,0.8567567567567568,0.8550506756756757,False
EURUSD1440_comma,daily,40,300,long_short,fast_slope,0.0025,-0.0004958231277456537,-0.6341462886434178,-0.8679735408422906,-0.003231998016672296,-0.1534107153494355,160,0.30625,0.9990802640641844,-0.42868353430979483,0.8179054054054054,0.8756756756756757,0.8783783783783784,0.8868243243243243,0.8547804054054055,False
EURUSD1440_comma,daily,50,100,long_short,none,0.0025,-0.002969436763778699,-0.5212317636976223,-0.7037088611351845,-0.01343889603316081,-0.22095838500807952,56,0.32142857142857145,0.9460780492435578,-68.59184011501584,0.9172297297297297,0.8087837837837838,0.7952702702702703,0.841554054054054,0.854375,False
EURUSD1440_comma,daily,50,250,long_short,price_slow,0.001,-0.002618570704172374,-0.5360029298109795,-0.6992504359964049,-0.011414952437832611,-0.22939830178298748,61,0.21311475409836064,0.9339753771254282,-64.39803001126427,0.9027027027027027,0.8260135135135135,0.8087837837837838,0.831081081081081,0.8540033783783785,False
EURUSD1440_comma,daily,40,400,long_short,price_slow,0.0,-0.0029886213421366215,-0.5393639692083476,-0.7237005533379748,-0.010437123804839769,-0.2863452995307746,66,0.19696969696969696,0.9579769463845081,-32.940432913523445,0.8996621621621622,0.8304054054054054,0.793581081081081,0.8513513513513513,0.8538851351351352,False
EURUSD1440_comma,daily,60,75,long_short,slow_slope,0.0025,-0.0011254737109643864,-0.6132248969296079,-0.8265489796259385,-0.005940302460014901,-0.18946404135818418,97,0.36082474226804123,0.9923006745735294,-5.303168259236452,0.8327702702702703,0.864527027027027,0.8614864864864865,0.8810810810810811,0.8536993243243244,False
EURUSD1440_comma,daily,20,400,long_only,none,0.0025,0.00305717602640887,-0.7846115213579539,-1.0997129988023469,0.030720767223525847,-0.09951496341757038,14,0.35714285714285715,1.3662264647265356,358.27789201955494,0.675,0.9804054054054054,0.9543918918918919,0.9847972972972973,0.8536993243243244,True
EURUSD1440_comma,daily,75,200,long_short,none,0.0025,-0.0036604059859970395,-0.5239970450002167,-0.6753593325095533,-0.012207873016605867,-0.2998397821649963,27,0.4444444444444444,0.966794288589913,-67.96991796850347,0.9135135135135135,0.8202702702702702,0.7719594594594594,0.8581081081081081,0.853581081081081,False
EURUSD1440_comma,daily,40,150,long_only,slow_slope,0.005,0.003571983706759152,-0.785776454898817,-1.0701231336493546,0.02975833667587125,-0.12003304303144735,25,0.36,1.2776867444449629,235.33568656560138,0.6736486486486486,0.9793918918918919,0.9625,0.9766891891891892,0.8533108108108107,False
EURUSD1440_comma,daily,75,500,long_short,slow_slope,0.001,-0.0020814563720537027,-0.5814508132118227,-0.7641434508455462,-0.008761862907825728,-0.23755865549946387,26,0.38461538461538464,1.0059807893158115,5.612654619542127,0.8597972972972973,0.841554054054054,0.827027027027027,0.8891891891891892,0.8530912162162162,False
EURUSD1440_comma,daily,20,250,long_short,price_slow,0.0,-0.0029951887965209423,-0.5221920536291783,-0.6945985608528029,-0.013165450582548874,-0.2275037058352669,78,0.15384615384615385,0.9387138087591066,-51.50867998901996,0.9155405405405406,0.8118243243243243,0.7922297297297297,0.835472972972973,0.8529391891891893,False
EURUSD1440_comma,daily,50,75,long_only,none,0.005,0.00687956554507263,-0.813645058697176,-1.1679045433586928,0.059593619571670094,-0.1154413105718296,25,0.48,1.5177109579942445,464.771405344006,0.6405405405405405,0.9989864864864865,0.9875,0.9949324324324325,0.8527027027027027,False
EURUSD1440_comma,daily,50,75,long_short,price_slow,0.005,-4.569634678375234e-05,-0.6583495458660985,-0.9003133858355139,-0.00025657977412279977,-0.1780980084653202,85,0.3058823529411765,0.9926126489065508,-5.291055539649442,0.7932432432432432,0.8945945945945946,0.8942567567567568,0.8817567567567568,0.8520608108108109,False
EURUSD1440_comma,daily,60,75,long_only,none,0.0025,0.005562505523529326,-0.8108929495199602,-1.1450133144250314,0.04860899166741688,-0.11443367436189655,33,0.42424242424242425,1.3626071027558118,281.85571867082155,0.6462837837837838,0.9956081081081081,0.9804054054054054,0.9844594594594595,0.8511655405405405,False
EURUSD1440_comma,daily,30,150,long_only,none,0.0,0.0008776488917567882,-0.7032933943285999,-0.9638930260614723,0.005260169406936496,-0.16684802785998631,24,0.2916666666666667,1.0584678608189368,68.88401554928033,0.7530405405405406,0.9152027027027027,0.9131756756756757,0.918581081081081,0.8504391891891893,False
EURUSD1440_comma,daily,100,250,long_short,none,0.005,-0.002743752738499694,-0.5500488673295281,-0.7203547986811782,-0.00929381363061963,-0.2952235591921123,19,0.42105263157894735,0.9466906046557639,-134.36334427230344,0.8841216216216217,0.8364864864864865,0.8050675675675676,0.8425675675675676,0.8501689189189191,True
EURUSD1440_comma,daily,40,150,long_only,none,0.0,0.0009158202825632067,-0.7051668898561201,-0.9537993459339502,0.005480404192351445,-0.1671081640002653,21,0.38095238095238093,1.0515841036994615,78.72505930576148,0.7516891891891891,0.9162162162162162,0.9148648648648648,0.9152027027027027,0.8499831081081081,False
EURUSD1440_comma,daily,20,400,long_only,none,0.0,0.0019460818948600078,-0.7716812165751317,-1.0605259918266563,0.020432424029985522,-0.09524478799011038,13,0.38461538461538464,1.2524442556869588,257.2213943813165,0.6905405405405406,0.9635135135135136,0.9351351351351351,0.9719594594594595,0.8499155405405405,True
EURUSD1440_comma,daily,100,150,long_short,slow_slope,0.005,-0.0015948758234057836,-0.5983664971741257,-0.7854258629823044,-0.00635815233493827,-0.2508395111331141,45,0.3333333333333333,0.9492841825569687,-58.42708571849269,0.8445945945945946,0.860472972972973,0.8462837837837838,0.8442567567567567,0.8488513513513515,False
EURUSD1440_comma,daily,40,500,long_short,none,0.0025,-0.0030915243217116695,-0.5465728643429804,-0.7278474917453225,-0.013250489260976153,-0.23331397511610974,18,0.4444444444444444,0.9979815905483669,-3.00451587440586,0.8875,0.8111486486486487,0.7908783783783784,0.8858108108108108,0.8488344594594595,True
EURUSD1440_comma,daily,60,75,long_short,fast_slope,0.0025,-0.001083003227783097,-0.6308619119729718,-0.8477412552116738,-0.006108394572267041,-0.17729752310043656,95,0.35789473684210527,0.9918060492953473,-5.538888639719781,0.8195945945945946,0.8628378378378379,0.8638513513513514,0.8804054054054054,0.8483783783783784,False
EURUSD1440_comma,daily,75,100,long_short,fast_slope,0.005,-0.00011086855011577246,-0.6752462697759117,-0.9193291081336813,-0.0007585605670375429,-0.14615649024408794,63,0.3492063492063492,1.0275190667058542,18.053601423580076,0.7787162162162162,0.8922297297297297,0.8932432432432432,0.8996621621621622,0.8481418918918919,False
EURUSD1440_comma,daily,100,150,long_short,fast_slope,0.001,-0.0021486746164148807,-0.5607627186464986,-0.7401947460850133,-0.010355317728612166,-0.20749480341660642,127,0.3228346456692913,0.948612212616768,-33.041342111359796,0.8716216216216216,0.8307432432432432,0.8239864864864865,0.8435810810810811,0.8476689189189189,False
EURUSD1440_comma,daily,30,150,long_only,slow_slope,0.0,0.0020181520482771553,-0.7575588668210158,-1.0321077049528447,0.013745537406695053,-0.14682234594146693,39,0.3333333333333333,1.1327656875064005,82.83413352763803,0.706081081081081,0.9439189189189189,0.9364864864864865,0.9452702702702702,0.8474999999999999,False
EURUSD1440_comma,daily,60,500,long_short,slow_slope,0.001,-0.0020770676582720915,-0.5793045248154647,-0.760830894090251,-0.009142504777992574,-0.22718803092910766,26,0.46153846153846156,0.9527125734834667,-44.24255065054116,0.8608108108108108,0.8378378378378378,0.8273648648648648,0.847972972972973,0.8464527027027027,False
EURUSD1440_comma,daily,60,500,long_short,combined,0.001,0.0003567342149068953,-0.6870105063105688,-0.9263781341283027,0.001512894137474257,-0.23579588688370168,113,0.3008849557522124,1.0097323543142969,5.35964052425805,0.7668918918918919,0.9010135135135136,0.9027027027027027,0.8918918918918919,0.8463344594594595,False
EURUSD1440_comma,daily,50,400,long_short,price_slow,0.0,-0.003277639297885604,-0.5480238167941783,-0.7313108243418714,-0.0108141618570814,-0.30308768642475226,67,0.22388059701492538,0.9504200199072268,-37.813393229039946,0.8868243243243243,0.8290540540540541,0.7851351351351351,0.8456081081081082,0.8458614864864866,False
EURUSD1440_comma,daily,40,200,long_short,none,0.005,-0.0032662070034464863,-0.5287500793027143,-0.6922593888174663,-0.013390848284534441,-0.24391337531758484,34,0.29411764705882354,0.9154120187858577,-145.91685659771042,0.910472972972973,0.8097972972972973,0.785472972972973,0.8121621621621622,0.8455574324324325,False
EURUSD1440_comma,daily,5,400,long_short,none,0.005,-0.0031441903332007914,-0.5420131304652754,-0.7266524797123208,-0.013483605932760481,-0.23318616317327256,52,0.15384615384615385,0.9501572151984186,-45.61609658086349,0.8945945945945946,0.808445945945946,0.7888513513513513,0.8452702702702702,0.8445101351351351,False
EURUSD1440_comma,daily,10,400,long_short,none,0.005,-0.002939178998375369,-0.5459268412567043,-0.7313307292089621,-0.012691946451693907,-0.23157826969740303,33,0.2727272727272727,0.9416679362820921,-76.53640418361117,0.8881756756756757,0.8168918918918919,0.7962837837837838,0.8381756756756756,0.8444763513513515,False
EURUSD1440_comma,daily,40,500,long_short,slow_slope,0.0025,-0.0026120312346261665,-0.5870208233550718,-0.7718519388817177,-0.011504619966037263,-0.22704193987607868,27,0.4444444444444444,1.0183412474906388,15.018884121176917,0.8543918918918919,0.8246621621621621,0.8091216216216216,0.8945945945945946,0.8439358108108108,False
EURUSD1440_comma,daily,50,300,long_only,none,0.0,0.0020041661734815364,-0.7772442422128119,-1.0486926639773169,0.016902492448067723,-0.11857222712208049,10,0.5,1.2264067668291516,326.21801807580584,0.6814189189189189,0.9547297297297297,0.9361486486486487,0.9679054054054054,0.8436655405405405,True
EURUSD1440_comma,daily,10,150,long_short,none,0.005,-0.0037925567444654362,-0.5265649449471694,-0.7019482349664097,-0.013437331511237952,-0.2822403199097703,71,0.28169014084507044,0.9235594537857583,-77.114899914141,0.9125,0.8091216216216216,0.7655405405405405,0.8195945945945946,0.8433277027027027,False
EURUSD1440_comma,daily,40,100,long_short,none,0.0025,-0.003634713280451396,-0.5184937958367762,-0.7090292678834126,-0.01711255730463324,-0.21240035698622872,54,0.37037037037037035,0.9341862241767862,-85.7837894478226,0.918581081081081,0.7847972972972973,0.7739864864864865,0.831418918918919,0.8431418918918919,False
EURUSD1440_comma,daily,30,75,long_only,none,0.0025,0.0016122269709537562,-0.7561412074636616,-1.0710344290059213,0.01199394769556219,-0.13442004349829595,35,0.34285714285714286,1.0817967387035239,94.19856231899554,0.7074324324324325,0.9385135135135135,0.9283783783783783,0.9263513513513514,0.8422297297297299,False
EURUSD1440_comma,daily,100,300,long_short,price_slow,0.001,-0.0027207067580696798,-0.5651128656448484,-0.7457926480957253,-0.011471154466596387,-0.23717811193217608,65,0.15384615384615385,0.9514479755237824,-38.292569652691725,0.8685810810810811,0.8253378378378379,0.8060810810810811,0.8466216216216216,0.8419763513513514,False
EURUSD1440_comma,daily,30,300,long_only,none,0.001,0.0017531126427416943,-0.7754810492130553,-1.0702853591014612,0.017228231178529438,-0.10175813318122284,13,0.38461538461538464,1.1691168764621334,219.08786441913577,0.6844594594594594,0.9550675675675676,0.9310810810810811,0.9540540540540541,0.841875,True
EURUSD1440_comma,daily,50,400,long_short,price_slow,0.001,-0.0034457852575319192,-0.5523198682669526,-0.7365213712623907,-0.011312966653756478,-0.3045872371936802,64,0.203125,0.9456755489824267,-41.99756872976354,0.8814189189189189,0.8266891891891892,0.7804054054054054,0.8412162162162162,0.8415033783783784,False
EURUSD1440_comma,daily,10,300,long_short,price_slow,0.0025,-0.003566206460307919,-0.5341973532499215,-0.7141992824412929,-0.015019682813591286,-0.23743553739236523,64,0.234375,0.9330965395292306,-65.08091745777594,0.9047297297297298,0.7986486486486486,0.7760135135135136,0.8304054054054054,0.8413175675675676,False
EURUSD1440_comma,daily,20,150,long_only,none,0.0,0.0002664174777424755,-0.7101189854610234,-0.9633712267375522,0.0015050012914547511,-0.17702142799156895,25,0.28,1.0421400938767151,48.749938075444476,0.7483108108108109,0.9006756756756756,0.9010135135135136,0.908445945945946,0.840962837837838,False
EURUSD1440_comma,daily,50,75,long_short,combined,0.005,-0.0002009555771015359,-0.6829198009773794,-0.9328242727995449,-0.0010028476033624577,-0.2003849602150416,90,0.34444444444444444,0.9928078959321652,-4.605943174116681,0.7702702702702703,0.8902027027027027,0.889527027027027,0.8820945945945946,0.8408783783783784,False
EURUSD1440_comma,daily,50,150,long_only,slow_slope,0.005,0.0029189887863798614,-0.7981687458414293,-1.0819281138751937,0.02241751541133035,-0.1302101831010467,27,0.3333333333333333,1.177894045509806,177.19142356576887,0.6601351351351351,0.9682432432432433,0.9516891891891892,0.9574324324324325,0.8400675675675676,False
EURUSD1440_comma,daily,75,150,long_only,slow_slope,0.0,0.0016422353011025237,-0.7694571407925542,-1.0379330425571531,0.01351814723117392,-0.12148375609605722,36,0.3333333333333333,1.1250263694963305,74.04941965152943,0.6925675675675675,0.9425675675675675,0.9297297297297298,0.9429054054054054,0.8400506756756756,False
EURUSD1440_comma,daily,60,150,long_only,slow_slope,0.0025,0.0020680573764955135,-0.7840925032450796,-1.059931392212351,0.017282168050477668,-0.11966423254623737,26,0.4230769230769231,1.1572670431901093,129.53072556931167,0.6766891891891892,0.9554054054054054,0.9375,0.9506756756756757,0.8396283783783783,False
EURUSD1440_comma,daily,30,200,long_only,price_slow,0.0025,0.0018483100276511788,-0.7769549784865929,-1.0563231202116923,0.017469519944632937,-0.10580199304326188,34,0.20588235294117646,1.112724609467979,88.38112893849564,0.6824324324324325,0.9557432432432432,0.9327702702702703,0.9402027027027027,0.8394932432432434,False
EURUSD1440_comma,daily,5,250,long_short,none,0.0025,-0.004181573841094743,-0.5214519694518533,-0.7008702934727524,-0.015862052519339424,-0.26362123287616535,67,0.1791044776119403,0.928609999048767,-68.85127182741279,0.9168918918918919,0.7929054054054054,0.7510135135135135,0.8253378378378379,0.8389864864864865,False
EURUSD1440_comma,daily,50,500,long_short,slow_slope,0.0025,-0.0027848774399099607,-0.5922566054109093,-0.7776840159876067,-0.011791092506544094,-0.2361848521130968,25,0.44,0.9908317269691186,-8.494901968378098,0.8513513513513513,0.8226351351351351,0.8023648648648649,0.8793918918918919,0.8385810810810812,False
EURUSD1440_comma,daily,30,500,long_short,none,0.0,-0.0023889722118760615,-0.5221611339568929,-0.7085282704928082,-0.009896056998883207,-0.2414064725117956,25,0.28,0.8048934258090553,-268.32368580945825,0.9158783783783784,0.8331081081081081,0.8172297297297297,0.668918918918919,0.8384121621621623,False
EURUSD1440_comma,daily,20,50,long_short,none,0.005,-0.0028946579865736233,-0.5814903113498953,-0.7791038958249976,-0.01136207303092475,-0.2547649516681578,99,0.36363636363636365,0.9546141320174722,-35.61102468295406,0.8594594594594595,0.8263513513513514,0.7986486486486486,0.8493243243243244,0.8375000000000001,False
EURUSD1440_comma,daily,50,400,long_short,price_slow,0.0025,-0.003523810462110477,-0.5589233438264535,-0.7428874651794158,-0.011763343888367193,-0.29955856902178846,61,0.21311475409836064,0.9444739433190599,-43.47167221177364,0.8746621621621622,0.822972972972973,0.7777027027027027,0.8398648648648649,0.8371283783783784,False
EURUSD1440_comma,daily,10,150,long_short,slow_slope,0.005,-0.0034071477865982303,-0.5501528457244493,-0.7276368628491683,-0.013289120240817326,-0.25638625618972344,97,0.25773195876288657,0.9301868745762213,-47.30764629015365,0.8837837837837837,0.8108108108108109,0.7820945945945946,0.8280405405405405,0.8368412162162162,False
EURUSD1440_comma,daily,75,200,long_short,none,0.005,-0.0037233296669749727,-0.5537337430256803,-0.7188807493410921,-0.012406174858001537,-0.30011907051056586,25,0.36,0.9385437434241768,-121.245710372791,0.8787162162162162,0.8185810810810811,0.7695945945945946,0.8347972972972973,0.8352702702702703,False
EURUSD1440_comma,daily,10,150,long_short,slow_slope,0.0025,-0.0037049784360269067,-0.5416777750187058,-0.7207469122528893,-0.015394008310365592,-0.24067665557463358,104,0.25,0.925016413860723,-49.616312311125824,0.8949324324324325,0.7959459459459459,0.7702702702702703,0.8212837837837837,0.8342060810810812,False
EURUSD1440_comma,daily,100,150,long_short,fast_slope,0.005,-0.001615371356872397,-0.6317357423355203,-0.8332704424194773,-0.008292042786933537,-0.19480981929059416,66,0.3181818181818182,0.9429005561943378,-48.75214252502813,0.8192567567567568,0.8462837837837838,0.8442567567567567,0.8388513513513514,0.8339527027027027,False
EURUSD1440_comma,daily,30,150,long_short,price_slow,0.0,-0.003996170994339909,-0.5415743989957285,-0.7294331974245472,-0.014315855940434264,-0.279143001366266,112,0.19642857142857142,0.9239413038802984,-48.84375613022691,0.8952702702702703,0.8043918918918919,0.7584459459459459,0.8202702702702702,0.8339358108108108,False
EURUSD1440_comma,daily,75,200,long_short,none,0.0,-0.004819080469014914,-0.5108514695144,-0.6761465080159611,-0.014319764374057005,-0.3365335031451775,25,0.44,0.8821980420937624,-282.9605406833556,0.9253378378378379,0.8040540540540541,0.7260135135135135,0.7804054054054054,0.8334121621621622,False
EURUSD1440_comma,daily,30,200,long_only,price_slow,0.001,0.0015386311918863527,-0.7769517967104161,-1.0566798899419998,0.012131761482117458,-0.12682669323447682,40,0.225,1.09634427160687,62.39131290122286,0.6827702702702703,0.9388513513513513,0.927027027027027,0.9310810810810811,0.8328885135135136,False
EURUSD1440_comma,daily,40,150,long_short,price_slow,0.001,-0.003927537927360114,-0.5441559939274487,-0.7217706505201159,-0.0145850669814513,-0.26928487420421165,104,0.2403846153846154,0.924022793200204,-53.37161810886138,0.8915540540540541,0.8023648648648649,0.7611486486486486,0.8206081081081081,0.8325337837837837,False
EURUSD1440_comma,daily,50,250,long_short,price_slow,0.0,-0.0036649003092589227,-0.5440690769451034,-0.7119599593125768,-0.014931576995174023,-0.24544629883658242,70,0.2,0.9106448374459997,-77.4882873085691,0.8922297297297297,0.7996621621621621,0.7716216216216216,0.8064189189189189,0.8320945945945946,False
EURUSD1440_comma,daily,60,150,long_only,none,0.005,0.0016306977863347338,-0.7882920259594581,-1.0611642602340507,0.016298062438483685,-0.10005470236046343,18,0.4444444444444444,1.1015786593279364,147.04558072813427,0.6699324324324324,0.9516891891891892,0.9290540540540541,0.9344594594594594,0.831875,True
EURUSD1440_comma,daily,50,75,long_only,slow_slope,0.0025,0.0031344929313463776,-0.8141746572492885,-1.141365014953499,0.02101360619620714,-0.14916492210233478,49,0.3469387755102041,1.1852027696680958,111.82043020750122,0.6391891891891892,0.964527027027027,0.956081081081081,0.9587837837837838,0.8318412162162162,False
EURUSD1440_comma,daily,40,150,long_short,price_slow,0.0,-0.004085850002751856,-0.5423544100763296,-0.7220448421157699,-0.014911316024928782,-0.2740100200358654,111,0.23423423423423423,0.9237655703597047,-51.04820903121888,0.893918918918919,0.8006756756756757,0.7550675675675675,0.8199324324324324,0.8317398648648648,False
EURUSD1440_comma,daily,60,100,long_short,none,0.0,-0.004937676173422889,-0.5016954841438871,-0.6987158986785947,-0.020665514962206824,-0.23893313002133898,51,0.3137254901960784,0.9362208631702414,-90.74424953658058,0.9317567567567567,0.7577702702702702,0.720945945945946,0.8320945945945946,0.8311486486486487,False
EURUSD1440_comma,daily,30,150,long_only,price_slow,0.0025,0.0017550117810838373,-0.7830380286904819,-1.0647375730617927,0.009671668033048727,-0.18145905908751692,44,0.25,1.1134439348287704,73.40455770431812,0.6777027027027027,0.9293918918918919,0.9314189189189189,0.9408783783783784,0.8308445945945946,False
EURUSD1440_comma,daily,40,75,long_short,none,0.0025,-0.0038184012835931203,-0.5449710598739419,-0.7416931981435533,-0.017440280551608754,-0.21894150568815807,72,0.3611111111111111,0.9472718217145216,-55.90689597753989,0.8891891891891892,0.7817567567567567,0.764527027027027,0.8432432432432433,0.8305067567567569,False
EURUSD1440_comma,daily,10,500,long_short,slow_slope,0.005,-0.002876783960389151,-0.5967745858299421,-0.7867323445765277,-0.011007131693449447,-0.26135636789929384,35,0.2857142857142857,0.9386119462409898,-60.63542857856298,0.845945945945946,0.8277027027027027,0.7996621621621621,0.8351351351351352,0.8305067567567569,False
EURUSD1440_comma,daily,40,50,long_short,slow_slope,0.0025,-0.0013840063717223128,-0.6636149632137467,-0.9040448092387584,-0.007714651016545148,-0.1793997380768252,112,0.41964285714285715,0.9915394249606173,-5.270713368168539,0.7878378378378378,0.8493243243243244,0.8554054054054054,0.8797297297297297,0.8305067567567568,False
EURUSD1440_comma,daily,75,150,long_only,none,0.005,0.0021420172212085475,-0.8117920610451898,-1.0959089119774472,0.022180615928186688,-0.09657158431234159,15,0.4666666666666667,1.161764403058773,232.67923549793335,0.6449324324324325,0.9672297297297298,0.9391891891891891,0.952027027027027,0.8304222972972973,True
EURUSD1440_comma,daily,50,400,long_short,price_slow,0.005,-0.0036719806815004308,-0.568735155224222,-0.7522927116607561,-0.012667132873753288,-0.2898825423319664,56,0.23214285714285715,0.9372049528857712,-51.693698064172345,0.8668918918918919,0.8172297297297297,0.7712837837837838,0.8334459459459459,0.8303378378378379,False
EURUSD1440_comma,daily,75,500,long_short,slow_slope,0.0,-0.002651286588531976,-0.58595608664452,-0.7713132845836467,-0.011493183424721921,-0.23068339645820313,26,0.34615384615384615,0.9016446138744226,-93.27736685006312,0.856081081081081,0.825,0.8070945945945946,0.7989864864864865,0.8299493243243243,False
EURUSD1440_comma,daily,75,250,long_short,price_slow,0.0,-0.0034992881420153887,-0.5545616989144077,-0.7236682285795316,-0.013830356159480044,-0.2530150418155931,70,0.17142857142857143,0.9139067541205672,-70.28070084355795,0.8777027027027027,0.8057432432432432,0.7787162162162162,0.8097972972972973,0.8297297297297298,False
EURUSD1440_comma,daily,75,400,long_short,price_slow,0.0,-0.0037694144743396496,-0.5630349970901407,-0.7493228990234196,-0.013116300233762559,-0.28738397316011655,64,0.203125,0.9314019546487141,-48.252112968657286,0.8706081081081081,0.8125,0.7665540540540541,0.8297297297297297,0.8291385135135134,False
EURUSD1440_comma,daily,60,300,long_only,none,0.001,0.0013680044813526582,-0.7887204000359832,-1.0577799774358825,0.010822607496032036,-0.12640248496993156,9,0.4444444444444444,1.1594845430377894,246.2272491331785,0.6695945945945946,0.9341216216216216,0.9236486486486486,0.9510135135135135,0.8287500000000001,True
EURUSD1440_comma,daily,75,150,long_only,slow_slope,0.001,0.001571829893272536,-0.7882761145630364,-1.0626637768015998,0.010695610525399893,-0.14696027772699471,34,0.38235294117647056,1.1119883641908233,75.00408094405144,0.6706081081081081,0.933445945945946,0.9280405405405405,0.9395270270270271,0.828141891891892,False
EURUSD1440_comma,daily,5,500,long_short,slow_slope,0.001,-0.0032859022951049477,-0.5854060737299983,-0.7710021182319757,-0.012630797783076263,-0.26015001993838094,41,0.2926829268292683,0.9275240343088827,-57.746153576442204,0.8570945945945946,0.8179054054054054,0.7847972972972973,0.8243243243243243,0.8279222972972973,False
EURUSD1440_comma,daily,20,250,long_short,none,0.0025,-0.004379624421413708,-0.5260621892027199,-0.7018580721004668,-0.01891316148914955,-0.23156490383304196,41,0.21951219512195122,0.9108581228876825,-133.11422950380833,0.9131756756756757,0.7716216216216216,0.7432432432432432,0.8067567567567567,0.8278378378378379,False
EURUSD1440_comma,daily,30,400,long_short,price_slow,0.0025,-0.00407890857823745,-0.5564611283882377,-0.7467953493672331,-0.013587849300328022,-0.300187946457353,65,0.2,0.9282761735074102,-58.19424271415902,0.8766891891891891,0.8077702702702703,0.7554054054054054,0.825,0.8274493243243244,False
EURUSD1440_comma,daily,60,500,long_short,slow_slope,0.0025,-0.0030896388219203708,-0.5989027624046972,-0.7855205773848916,-0.012866906677590042,-0.24012289039925305,25,0.48,0.9594046915981524,-37.68846155227371,0.8439189189189189,0.8145270270270271,0.7912162162162162,0.8527027027027027,0.8273479729729729,False
EURUSD1440_comma,daily,60,250,long_short,none,0.0025,-0.004761250494979996,-0.5359444978241318,-0.7020225572276318,-0.01623203002548664,-0.29332440166166174,23,0.43478260869565216,0.9205368921391709,-188.56601391705246,0.9030405405405405,0.7898648648648648,0.7290540540540541,0.8172297297297297,0.8270777027027028,False
EURUSD1440_comma,daily,20,150,long_short,none,0.005,-0.004356265590747976,-0.5439200302776244,-0.724346547714325,-0.014920026982640604,-0.29197437751395994,52,0.2692307692307692,0.9086422275398254,-124.63773951243022,0.8925675675675676,0.8003378378378379,0.7445945945945946,0.8047297297297298,0.826739864864865,False
EURUSD1440_comma,daily,60,150,long_short,price_slow,0.001,-0.0036412623396089305,-0.5529123807616068,-0.7325970917860024,-0.015796841646295842,-0.23050571887341542,100,0.23,0.9144615506652577,-54.09094361360262,0.8793918918918919,0.793581081081081,0.7733108108108108,0.8101351351351351,0.8263344594594595,False
EURUSD1440_comma,daily,20,50,long_short,none,0.0,-0.005583873953717511,-0.502399161944016,-0.7061116247765816,-0.01929978777662393,-0.2893230753801732,118,0.3389830508474576,0.9186423271978797,-72.53067854602187,0.9314189189189189,0.7675675675675676,0.6976351351351351,0.8152027027027027,0.826266891891892,False
EURUSD1440_comma,daily,10,400,long_short,price_slow,0.0025,-0.0039481892152709586,-0.5566776125125844,-0.7502131725779612,-0.014889531284727137,-0.2651654467673401,57,0.19298245614035087,0.9253538747057377,-67.46583308113446,0.8760135135135135,0.8013513513513514,0.7594594594594595,0.8219594594594595,0.8259290540540541,False
EURUSD1440_comma,daily,20,500,long_short,price_slow,0.005,-0.003574519988437719,-0.5734952829315136,-0.7650409609210413,-0.015081478590723419,-0.23701389535084427,40,0.225,0.9399030879510281,-53.80393055349705,0.864527027027027,0.7983108108108108,0.775,0.8361486486486487,0.8258108108108108,False
EURUSD1440_comma,daily,40,50,long_short,fast_slope,0.0025,-0.0015010794078372802,-0.6757984559480005,-0.9278057146927962,-0.0076455281592623,-0.19633429850346873,121,0.45454545454545453,0.9867983469660503,-7.771401457111901,0.7783783783783784,0.8506756756756757,0.8503378378378378,0.8763513513513513,0.8255405405405406,False
EURUSD1440_comma,daily,75,100,long_short,none,0.0,-0.005413227431380396,-0.5076854488997826,-0.7056956638925372,-0.020566386887266308,-0.2632075075244257,67,0.3582089552238806,0.9272289602544237,-97.64758059913827,0.9280405405405405,0.7584459459459459,0.7050675675675676,0.8239864864864865,0.8254391891891892,False
EURUSD1440_comma,daily,50,500,long_short,none,0.001,-0.004158971974912218,-0.5516185777580274,-0.7324984307565301,-0.015453558890866826,-0.2691271314447964,17,0.47058823529411764,0.9253026767660681,-137.10519814487876,0.8820945945945946,0.7952702702702703,0.7527027027027027,0.8216216216216217,0.8254391891891892,True
EURUSD1440_comma,daily,100,150,long_only,none,0.001,0.0008126208554473102,-0.7719648936401234,-1.037734345765285,0.006191870649109598,-0.1312399598599765,17,0.47058823529411764,1.0538627807440857,77.11049928980567,0.6895270270270271,0.9179054054054054,0.9121621621621622,0.9162162162162162,0.8251520270270271,True
EURUSD1440_comma,daily,50,200,long_short,none,0.005,-0.004338621427705691,-0.547527236297322,-0.711218948543968,-0.015693556732779772,-0.27645877232172844,27,0.37037037037037035,0.9190397155323192,-169.36815423691786,0.8871621621621621,0.7945945945945946,0.745945945945946,0.8162162162162162,0.8251351351351351,False
EURUSD1440_comma,daily,5,500,long_short,slow_slope,0.005,-0.0031922292116175477,-0.5933028359172794,-0.7825541943275885,-0.01293828574592669,-0.24672736978486853,41,0.24390243902439024,0.9317632373038435,-55.66945858476489,0.8493243243243244,0.8138513513513513,0.7871621621621622,0.8300675675675676,0.8251351351351351,False
EURUSD1440_comma,daily,20,200,long_only,price_slow,0.005,0.0013791972069148173,-0.7928729200536664,-1.0791866144470608,0.011258370167755685,-0.12250416235778783,29,0.27586206896551724,1.0855172570128024,77.04706567850259,0.6658783783783784,0.9361486486486487,0.9239864864864865,0.9273648648648649,0.8242905405405406,False
EURUSD1440_comma,daily,30,300,long_short,slow_slope,0.0025,-0.0037306638241559886,-0.56428713005548,-0.7593597494980667,-0.016064589242033883,-0.23222902048404082,68,0.23529411764705882,0.9311175678391124,-52.56224184356508,0.8695945945945946,0.7915540540540541,0.768918918918919,0.8293918918918919,0.8239189189189189,False
EURUSD1440_comma,daily,10,150,long_short,slow_slope,0.001,-0.00420635842467465,-0.5411128985278806,-0.7210528109145189,-0.018872660849152255,-0.22288104779160467,105,0.24761904761904763,0.9182594455269719,-55.354281204300996,0.8969594594594594,0.7719594594594594,0.75,0.8141891891891891,0.823902027027027,False
EURUSD1440_comma,daily,10,400,long_short,price_slow,0.001,-0.004193905710367707,-0.5557251379556752,-0.7508631796571156,-0.015199991142715964,-0.27591501014640274,68,0.16176470588235295,0.9204690243523307,-62.728547653972875,0.8770270270270271,0.7976351351351352,0.7503378378378378,0.8168918918918919,0.822820945945946,False
EURUSD1440_comma,daily,40,150,long_only,price_slow,0.005,0.0022570832775445915,-0.8165166532928002,-1.1050754369552416,0.01633939361392703,-0.13813751788320627,33,0.30303030303030304,1.1416416567285554,111.54155867285145,0.6358108108108108,0.952027027027027,0.941554054054054,0.9472972972972973,0.8227364864864866,False
EURUSD1440_comma,daily,50,200,long_short,none,0.0025,-0.005026078575350534,-0.5313862326638488,-0.6998273022348016,-0.01760575701096897,-0.2854792652323397,30,0.3,0.9084981015028996,-171.64116055028444,0.9077702702702702,0.7804054054054054,0.716554054054054,0.8043918918918919,0.8221790540540541,False
EURUSD1440_comma,daily,60,400,long_short,price_slow,0.005,-0.003928765011732782,-0.5745246387130929,-0.7604828167356686,-0.014577445272915672,-0.2695098447073079,53,0.24528301886792453,0.9292633111590561,-60.71341312196793,0.8628378378378379,0.8027027027027027,0.760472972972973,0.8266891891891892,0.8219087837837838,False
EURUSD1440_comma,daily,40,75,long_short,slow_slope,0.005,-0.002761375395659238,-0.6194084747875308,-0.8376939316449838,-0.013802471213343298,-0.20006384023389423,84,0.30952380952380953,0.9534044118269903,-36.2982913997855,0.8283783783783784,0.8060810810810811,0.8030405405405405,0.8489864864864864,0.8208277027027027,False
EURUSD1440_comma,daily,60,150,long_only,slow_slope,0.001,0.0010415121258526838,-0.792821269196798,-1.0723697341183032,0.009107886602420573,-0.11435277702907332,32,0.3125,1.0734562045009879,52.594132047273135,0.6662162162162162,0.927027027027027,0.9179054054054054,0.9243243243243243,0.820472972972973,False
EURUSD1440_comma,daily,60,250,long_short,price_slow,0.0,-0.004027496961474641,-0.5530503073225718,-0.722443638101811,-0.016161393497650643,-0.24920480786883337,69,0.17391304347826086,0.899079883388517,-85.27925250495774,0.879054054054054,0.7908783783783784,0.7567567567567568,0.7972972972972973,0.8202871621621621,False
EURUSD1440_comma,daily,60,500,long_short,slow_slope,0.005,-0.0032975000257264853,-0.6070871114405317,-0.796262258484406,-0.013542611799629784,-0.24349069991186112,23,0.43478260869565216,0.9405869393213381,-58.821135331871346,0.8391891891891892,0.8081081081081081,0.7844594594594595,0.8371621621621622,0.820168918918919,False
EURUSD1440_comma,daily,40,75,long_short,fast_slope,0.005,-0.001977752479067396,-0.6586397369702351,-0.9019412045793115,-0.01079422091526003,-0.18322327239675107,122,0.319672131147541,0.9714440813827608,-16.069599224506312,0.7925675675675675,0.8293918918918919,0.8304054054054054,0.8628378378378379,0.8198817567567568,False
EURUSD1440_comma,daily,20,150,long_short,price_slow,0.0,-0.004715510635975639,-0.5428520960559823,-0.7302030839057354,-0.018249975653980777,-0.258384489129281,114,0.21052631578947367,0.9177897517191869,-53.363233406595405,0.893581081081081,0.7777027027027027,0.7297297297297297,0.8135135135135135,0.819831081081081,False
EURUSD1440_comma,daily,10,300,long_short,none,0.0025,-0.004428432459417597,-0.534883476142776,-0.7136318397023781,-0.020944293268875577,-0.21143861970260425,46,0.2826086956521739,0.9099552913263612,-120.68496250633183,0.9037162162162162,0.7560810810810811,0.7415540540540541,0.8060810810810811,0.8197297297297298,False
EURUSD1440_comma,daily,30,50,long_short,none,0.0,-0.005582695376986746,-0.5029461314875754,-0.7195473656906798,-0.022723901358174863,-0.24567504008189978,114,0.32456140350877194,0.9153299107065567,-75.5659670252155,0.9310810810810811,0.7435810810810811,0.697972972972973,0.8114864864864865,0.8196452702702703,False
EURUSD1440_comma,daily,30,50,long_short,none,0.005,-0.0019930405220464076,-0.649548312058021,-0.8833156031082385,-0.011645448663716078,-0.1711433006661356,84,0.42857142857142855,0.9591109180521737,-31.766392162288216,0.7993243243243243,0.8239864864864865,0.8300675675675676,0.8523648648648648,0.8195945945945946,False
EURUSD1440_comma,daily,60,500,long_short,combined,0.0025,-0.0010497416400697679,-0.7166900408084724,-0.9662755757082191,-0.004166117130030995,-0.2519712257974749,111,0.2972972972972973,0.9768783153365295,-13.073677191267866,0.7449324324324325,0.8739864864864865,0.8652027027027027,0.8672297297297298,0.8195945945945946,False
EURUSD1440_comma,daily,10,500,long_short,slow_slope,0.0025,-0.0035082182323212807,-0.5951116395381175,-0.7899706081961458,-0.01277518502841811,-0.2746119312180081,37,0.2702702702702703,0.9134690297999802,-79.47781592292883,0.8466216216216216,0.8152027027027027,0.7783783783783784,0.8094594594594594,0.8195439189189188,False
EURUSD1440_comma,daily,30,150,long_only,slow_slope,0.005,0.0017944362251545165,-0.8131835768568282,-1.1027840920365306,0.01240161205479,-0.14469378797101085,28,0.35714285714285715,1.1304221336079858,104.14949900557103,0.6412162162162162,0.9398648648648649,0.9317567567567567,0.9442567567567568,0.8194425675675676,False
EURUSD1440_comma,daily,20,150,long_only,slow_slope,0.001,0.000783036136840165,-0.7843291849035421,-1.0711685916091649,0.0064269776811791855,-0.12183582636877899,38,0.2631578947368421,1.044548362257443,31.820645101898428,0.6760135135135135,0.9192567567567568,0.9118243243243244,0.910472972972973,0.8191554054054055,False
EURUSD1440_comma,daily,30,100,long_short,none,0.0025,-0.005024279262033526,-0.5396351137660931,-0.7402231416458582,-0.01873829529802763,-0.2681289403397531,54,0.3333333333333333,0.9224302171401115,-96.28356913650812,0.8986486486486487,0.7736486486486487,0.7168918918918918,0.8192567567567568,0.8191385135135135,False
EURUSD1440_comma,daily,30,400,long_short,price_slow,0.0,-0.004481626722749321,-0.5576400057910862,-0.7502848954783196,-0.01526782545249592,-0.29353405543529343,68,0.19117647058823528,0.9165160872432851,-65.37754447149302,0.8753378378378378,0.7966216216216216,0.7388513513513514,0.8128378378378378,0.8189864864864866,False
EURUSD1440_comma,daily,40,400,long_short,price_slow,0.005,-0.004344881547204027,-0.5739577564795918,-0.7601191886749094,-0.014104357269615493,-0.30805243118479764,57,0.24561403508771928,0.9197925017946814,-67.58001309306735,0.8638513513513514,0.8047297297297298,0.7452702702702703,0.816554054054054,0.8182601351351352,False
EURUSD1440_comma,daily,20,150,long_only,slow_slope,0.005,0.0016288674315609875,-0.8158047386278334,-1.1152359851368265,0.014157005640456119,-0.11505734142721635,33,0.30303030303030304,1.1123008112663841,85.4709980897753,0.6378378378378379,0.9456081081081081,0.9287162162162163,0.9398648648648649,0.8182601351351351,False
EURUSD1440_comma,daily,10,250,long_short,price_slow,0.005,-0.004461935303867071,-0.544749651873612,-0.722052317553907,-0.018842475023861337,-0.23680197522972213,67,0.208955223880597,0.9097826583833671,-93.02192054403437,0.8902027027027027,0.7722972972972973,0.7405405405405405,0.8057432432432432,0.818125,False
EURUSD1440_comma,daily,100,400,long_short,none,0.001,-0.00464101966710595,-0.5481762527876958,-0.731614459441911,-0.017168397423910287,-0.27032340599492644,14,0.42857142857142855,0.9124152556931915,-200.0494986264397,0.8864864864864865,0.7841216216216216,0.731418918918919,0.8081081081081081,0.818125,True
EURUSD1440_comma,daily,60,200,long_short,none,0.005,-0.004469409401814173,-0.5582694613995931,-0.7242738032141163,-0.01643587693066028,-0.271930084453037,25,0.4,0.9223239653958496,-159.4351581289052,0.875,0.7885135135135135,0.7398648648648649,0.8189189189189189,0.8179391891891893,False
EURUSD1440_comma,daily,20,75,long_short,none,0.0025,-0.004544648226024628,-0.5401922056368204,-0.73980361269017,-0.02162708911946919,-0.21013684277711853,83,0.3132530120481928,0.9250042160401786,-76.43225676511697,0.897972972972973,0.7520270270270271,0.735472972972973,0.8209459459459459,0.8174324324324324,False
EURUSD1440_comma,daily,20,75,long_short,none,0.001,-0.0053509784672166605,-0.5217688660805051,-0.7237205970035878,-0.020724479499170573,-0.2581960365967606,85,0.29411764705882354,0.9051648846362581,-93.28646078157642,0.9162162162162162,0.7570945945945946,0.7067567567567568,0.802027027027027,0.8174155405405406,False
EURUSD1440_comma,daily,60,400,long_short,price_slow,0.001,-0.0044150938693554576,-0.5709475432261585,-0.7590579279380509,-0.01482330371641203,-0.2978481689252015,63,0.19047619047619047,0.9145110618799891,-63.400667407329784,0.8662162162162163,0.8016891891891892,0.7425675675675676,0.8104729729729729,0.8169932432432433,False
EURUSD1440_comma,daily,40,300,long_only,none,0.0025,0.0010216237788427396,-0.8051657270637975,-1.0960288560433362,0.009767127513059309,-0.10459818175576796,11,0.5454545454545454,1.0969141601340366,150.0569797639089,0.6530405405405405,0.9297297297297298,0.9172297297297297,0.9314189189189189,0.8168074324324325,True
EURUSD1440_comma,daily,10,300,long_short,price_slow,0.005,-0.004251971936698795,-0.5524265564981985,-0.7378021782431929,-0.018975246470410233,-0.2240799318907013,54,0.2222222222222222,0.9153672954004434,-92.90924499265991,0.8807432432432433,0.7709459459459459,0.7479729729729729,0.8118243243243243,0.8164020270270269,False
EURUSD1440_comma,daily,40,75,long_short,combined,0.005,-0.001777957469985214,-0.6780708822262136,-0.9244434597924787,-0.009421008318221022,-0.18872263030980396,119,0.31092436974789917,0.9724198980203315,-14.728773314958518,0.7756756756756756,0.835472972972973,0.8375,0.8635135135135135,0.8161655405405405,False
EURUSD1440_comma,daily,10,400,long_short,none,0.001,-0.004619869540447352,-0.5495653400836218,-0.7408664276622646,-0.017744546985944142,-0.26035432429505556,36,0.25,0.9035531704138686,-128.1796338445399,0.8847972972972973,0.7797297297297298,0.7327702702702703,0.8,0.8154054054054054,False
EURUSD1440_comma,daily,30,150,long_only,price_slow,0.005,0.0015403766752193349,-0.8099647090111565,-1.095150869768692,0.008560093408755416,-0.1799485825287619,36,0.25,1.092875965915456,69.40323763446037,0.6472972972972973,0.9253378378378379,0.9273648648648649,0.9287162162162163,0.8150337837837838,False
EURUSD1440_comma,daily,50,150,long_only,none,0.005,0.0010205385680581713,-0.7992743864046563,-1.072578885208659,0.007514293384963061,-0.13581297878259357,18,0.3333333333333333,1.0581724239160664,91.6033299229918,0.6581081081081082,0.9226351351351352,0.9168918918918919,0.9182432432432432,0.815016891891892,True
EURUSD1440_comma,daily,40,500,long_short,slow_slope,0.005,-0.0035244718876273895,-0.6061110638665699,-0.7959141256555686,-0.014096211913480435,-0.2500297178603622,24,0.4166666666666667,0.9120442809488922,-88.52546138692166,0.8408783783783784,0.8050675675675676,0.7773648648648649,0.8077702702702703,0.8142567567567568,False
EURUSD1440_comma,daily,60,500,long_short,combined,0.005,-0.0013503447597310592,-0.7257391412155348,-0.98001247221818,-0.0053241297746485965,-0.25362731880820555,111,0.2882882882882883,0.9701141155941063,-16.883964375103634,0.7371621621621621,0.8682432432432432,0.8574324324324324,0.8608108108108108,0.8125337837837836,False
EURUSD1440_comma,daily,20,150,long_short,slow_slope,0.0025,-0.004419564295963019,-0.5556863598691971,-0.7366752300663582,-0.019524088522273164,-0.22636469256534875,88,0.23863636363636365,0.9119163487109677,-66.47364814178216,0.8773648648648649,0.7662162162162162,0.7422297297297298,0.8074324324324325,0.8120608108108108,False
EURUSD1440_comma,daily,10,200,long_short,none,0.0025,-0.005156724610523744,-0.5279872945279795,-0.7043830724385979,-0.023298756336830657,-0.22133046656966826,55,0.23636363636363636,0.902403132616549,-125.1629343917353,0.9111486486486486,0.7378378378378379,0.7128378378378378,0.7993243243243243,0.8113851351351352,False
EURUSD1440_comma,daily,75,300,long_short,price_slow,0.005,-0.004164827078053213,-0.5871501310798731,-0.7765572608979077,-0.01638014228681278,-0.25426073871203214,58,0.1724137931034483,0.9127004816530669,-77.94738515367023,0.8540540540540541,0.7891891891891892,0.7520270270270271,0.808445945945946,0.8105912162162162,False
EURUSD1440_comma,daily,100,250,long_short,fast_slope,0.0025,-0.003262347682287836,-0.6230088845375478,-0.8289768241986363,-0.014447672807856428,-0.2258043717956999,117,0.2905982905982906,0.9210487977364683,-46.45801247049265,0.8246621621621621,0.8033783783783783,0.7858108108108108,0.8175675675675675,0.8105067567567568,False
EURUSD1440_comma,daily,10,500,long_short,slow_slope,0.0,-0.004046425536668896,-0.5931627045961229,-0.7829578639092256,-0.014594693394665575,-0.27725320616518623,39,0.28205128205128205,0.8916082497618808,-94.63927708095048,0.8496621621621622,0.802027027027027,0.7560810810810811,0.789527027027027,0.810016891891892,False
EURUSD1440_comma,daily,50,75,long_only,slow_slope,0.005,0.0047525465957645174,-0.8827639763583792,-1.2552020858320627,0.040359985150613405,-0.11775392329876233,28,0.42857142857142855,1.3234459511729975,282.0783811722189,0.5510135135135135,0.9908783783783783,0.9739864864864864,0.9804054054054054,0.8099831081081081,False
EURUSD1440_comma,daily,75,250,long_short,none,0.001,-0.0055060604592689355,-0.5413013003803496,-0.7195552557510855,-0.016886135417091306,-0.3260698983673893,24,0.375,0.8688613373453242,-294.0733046911336,0.8962837837837838,0.7864864864864864,0.7,0.7655405405405405,0.8099662162162163,False
EURUSD1440_comma,daily,40,500,long_short,combined,0.0025,-0.0010965577729645792,-0.742778745026159,-1.0178938934756998,-0.006197258306874604,-0.17694240237625247,126,0.2698412698412698,0.9957924897782007,-2.04103558208947,0.7219594594594595,0.8621621621621621,0.8635135135135135,0.8837837837837837,0.8095945945945946,False
EURUSD1440_comma,daily,30,75,long_short,none,0.005,-0.004332935973191954,-0.5946400913239109,-0.8101355338481665,-0.01593550864850824,-0.27190446623098974,69,0.30434782608695654,0.9188882973522546,-84.84127230785273,0.8472972972972973,0.7925675675675675,0.7466216216216216,0.8158783783783784,0.8087668918918919,False
EURUSD1440_comma,daily,40,500,long_short,none,0.0,-0.0037780864744210163,-0.5407521745775999,-0.7327040924756367,-0.015211724750580052,-0.2483667392336264,19,0.3157894736842105,0.7912863735357516,-370.1702960138976,0.8976351351351352,0.7969594594594595,0.7658783783783784,0.6456081081081081,0.8083108108108109,True
EURUSD1440_comma,daily,30,50,long_only,none,0.001,-0.0004275073413058106,-0.7586210294289462,-1.064009702783013,-0.0017420959454367711,-0.24539827581002016,52,0.36538461538461536,0.9735559935929057,-23.561405950042747,0.7040540540540541,0.8834459459459459,0.8807432432432433,0.864527027027027,0.8083108108108108,False
EURUSD1440_comma,daily,40,200,long_only,price_slow,0.0025,0.0008359569242972764,-0.8109309731120687,-1.0953052363887965,0.006236760000671634,-0.13403705196404103,32,0.25,1.0508322830701575,42.148748852389645,0.6459459459459459,0.918918918918919,0.9125,0.9141891891891892,0.8077364864864864,False
EURUSD1440_comma,daily,50,500,long_short,slow_slope,0.005,-0.0038196010625861643,-0.6130546777606681,-0.8026141095327848,-0.015306832949852084,-0.2495356861278789,23,0.43478260869565216,0.9166056054643512,-80.91431315387362,0.8331081081081081,0.7962837837837838,0.7641891891891892,0.8131756756756757,0.8071283783783785,False
EURUSD1440_comma,daily,40,250,long_only,price_slow,0.0025,0.0012318704824736404,-0.8251758644861891,-1.120240376575571,0.0100147913242813,-0.12300510740417692,29,0.2413793103448276,1.0996979100928352,68.7405014629801,0.625,0.9304054054054054,0.9212837837837838,0.933445945945946,0.8068750000000001,False
EURUSD1440_comma,daily,100,200,long_short,none,0.0025,-0.005453144482594929,-0.5526248912121121,-0.7142251208289261,-0.017196905487994883,-0.31710033449923625,25,0.4,0.8918784373420712,-216.12259372667882,0.8800675675675675,0.783445945945946,0.702027027027027,0.7898648648648648,0.8067736486486488,False
EURUSD1440_comma,daily,75,500,long_short,slow_slope,0.0025,-0.0038169717557317018,-0.6108597864114252,-0.8017518702782058,-0.014966904217769068,-0.2550274726285815,26,0.4230769230769231,0.8988566234645073,-104.53893366858262,0.835472972972973,0.7993243243243243,0.7648648648648648,0.7969594594594595,0.8065371621621622,False
EURUSD1440_comma,daily,30,300,long_only,none,0.0,0.00023716693714970205,-0.7953068659643514,-1.0910590989186157,0.0019308951074891061,-0.12282745770592829,13,0.3076923076923077,1.0200879835468897,29.302517494340385,0.664527027027027,0.904054054054054,0.9006756756756756,0.8952702702702703,0.80625,True
EURUSD1440_comma,daily,60,400,long_short,price_slow,0.0025,-0.004825621666264324,-0.57896165185934,-0.769056458106119,-0.01697513976237505,-0.2842758135612048,62,0.20967741935483872,0.9036123628484396,-75.16351103702193,0.8611486486486486,0.7858108108108108,0.725,0.8003378378378379,0.8059628378378378,False
EURUSD1440_comma,daily,30,50,long_only,none,0.0025,0.0006301577078087206,-0.8021793584362181,-1.1306154766491787,0.0031802288011665045,-0.1981485443995663,50,0.36,1.024858494752009,18.84823241013366,0.6543918918918918,0.9094594594594595,0.9081081081081082,0.8986486486486487,0.8055405405405406,False
EURUSD1440_comma,daily,50,150,long_only,price_slow,0.001,0.00041694352924115385,-0.8012424234624215,-1.0781073346055534,0.002516507003899404,-0.1656834368412594,44,0.2727272727272727,1.0238546052015585,15.240735320036485,0.6557432432432433,0.9070945945945946,0.904054054054054,0.8972972972972973,0.8044763513513515,False
EURUSD1440_comma,daily,10,200,long_short,none,0.0,-0.005677958047767717,-0.5217255124796565,-0.7040626904325843,-0.024859761521152938,-0.22839953806219726,57,0.21052631578947367,0.8952641002515991,-134.4255052282017,0.9165540540540541,0.716554054054054,0.6945945945945946,0.793581081081081,0.8037162162162161,False
EURUSD1440_comma,daily,40,500,long_short,combined,0.0,-0.0014390025066690626,-0.7377407280845395,-1.0180489214128867,-0.007650184314080084,-0.18810037086565268,130,0.26153846153846155,0.9648171855614631,-17.268778044632388,0.7280405405405406,0.85,0.8527027027027027,0.8554054054054054,0.8025675675675676,False
EURUSD1440_comma,daily,100,500,long_short,slow_slope,0.005,-0.003878125845774627,-0.6208826665434553,-0.8112388281009995,-0.01597183897159886,-0.24281022696702081,24,0.4166666666666667,0.9066940083906069,-92.51840234898584,0.827027027027027,0.7922297297297297,0.7628378378378379,0.8033783783783783,0.8019425675675675,False
EURUSD1440_comma,daily,30,200,long_only,price_slow,0.005,0.0007163473031563949,-0.8191746593001968,-1.1103315661574245,0.007364626070257345,-0.09726865917190597,29,0.2413793103448276,1.0431091374272388,39.818545032357946,0.6324324324324324,0.9216216216216216,0.9097972972972973,0.9091216216216216,0.8017060810810811,False
EURUSD1440_comma,daily,10,150,long_short,none,0.0025,-0.006092434424414539,-0.5394925888781501,-0.7289122513848736,-0.021215486614062886,-0.28716920498896836,70,0.2571428571428571,0.8919464557098677,-122.02626236335759,0.8989864864864865,0.754054054054054,0.6743243243243243,0.7902027027027027,0.8015033783783784,False
EURUSD1440_comma,daily,40,75,long_only,none,0.0,-0.0013635124954884947,-0.7412835659395484,-1.0250381879722414,-0.008470621187293227,-0.1609695989632849,37,0.2972972972972973,0.9709095169586749,-40.948833571686954,0.7243243243243244,0.8449324324324324,0.856418918918919,0.8614864864864865,0.8014695945945947,False
EURUSD1440_comma,daily,20,500,long_short,none,0.001,-0.004880142010434185,-0.5607084995263043,-0.7612483068437389,-0.018633348889110533,-0.26190364595631954,28,0.2857142857142857,0.8633447280606312,-170.20795865190334,0.8722972972972973,0.7746621621621622,0.722972972972973,0.7587837837837837,0.8009966216216217,False
EURUSD1440_comma,daily,30,500,long_short,none,0.001,-0.004809482977497281,-0.5607211041443356,-0.7578236859070409,-0.01967080138923236,-0.2444985784936019,24,0.3333333333333333,0.865514685292155,-184.58857903495755,0.8719594594594594,0.7648648648648648,0.7266891891891892,0.7611486486486486,0.7995101351351351,False
EURUSD1440_comma,daily,5,150,long_only,slow_slope,0.001,0.00018282422427717826,-0.8054710341189731,-1.0981978912591788,0.0012787277370247783,-0.1429735345403207,50,0.3,1.008018053814093,4.807087731543229,0.6523648648648649,0.9,0.8989864864864865,0.8908783783783784,0.7993750000000001,False
EURUSD1440_comma,daily,40,500,long_short,combined,0.001,-0.001566261680281733,-0.7413835266120403,-1.0225954813499272,-0.008435027632680364,-0.18568542374579378,129,0.2713178294573643,0.9668170059992481,-16.4323765930149,0.7239864864864864,0.8456081081081082,0.847972972972973,0.8584459459459459,0.799358108108108,False
EURUSD1440_comma,daily,20,500,long_short,none,0.0,-0.003796368160611574,-0.5412914742937547,-0.7375250587532655,-0.014920217902316528,-0.2544445520478723,27,0.2962962962962963,0.7545728857083063,-318.43740443675847,0.8966216216216216,0.8,0.7652027027027027,0.5783783783783784,0.798445945945946,False
EURUSD1440_comma,daily,40,150,long_short,price_slow,0.005,-0.004477570306699263,-0.5904905991095984,-0.7787726243578087,-0.020565587511220347,-0.21772148761888532,77,0.24675324675324675,0.8964664686152602,-91.93902518505685,0.8523648648648648,0.7587837837837837,0.7391891891891892,0.7945945945945946,0.797668918918919,False
EURUSD1440_comma,daily,100,300,long_short,price_slow,0.0025,-0.004492161879741108,-0.5949544219855556,-0.782814919495543,-0.019644593821528323,-0.22867166002781847,59,0.15254237288135594,0.8952580514327336,-89.89431837623422,0.8469594594594595,0.7652027027027027,0.7375,0.7932432432432432,0.796570945945946,False
EURUSD1440_comma,daily,30,50,long_short,slow_slope,0.0025,-0.004113182502073709,-0.6152915708708042,-0.8370267391411612,-0.02010051429376707,-0.20463070954105678,138,0.2898550724637681,0.921691253057081,-52.88698285842583,0.8307432432432432,0.7621621621621621,0.754054054054054,0.8182432432432433,0.7963851351351351,False
EURUSD1440_comma,daily,50,75,long_short,none,0.001,-0.006279894265892705,-0.544759629200955,-0.744485715821672,-0.02327391623887334,-0.26982542179144264,80,0.375,0.9158703434126428,-93.05149798505047,0.8898648648648648,0.7381756756756757,0.6662162162162162,0.8125,0.795608108108108,False
EURUSD1440_comma,daily,50,75,long_short,price_slow,0.0025,-0.0038574430978308705,-0.6401649951295088,-0.8725025483544296,-0.017593978679357292,-0.2192479124893303,132,0.2878787878787879,0.9254591003266182,-45.03670199900424,0.8104729729729729,0.7807432432432433,0.7635135135135135,0.8222972972972973,0.7954222972972973,False
EURUSD1440_comma,daily,30,400,long_only,none,0.001,0.0002224433793343028,-0.8160431983061194,-1.1169235136858826,0.0018503309244257435,-0.12021816011281272,10,0.5,1.0259396623091552,35.72444918028295,0.6368243243243243,0.9027027027027027,0.9,0.8993243243243243,0.7953040540540541,True
EURUSD1440_comma,daily,50,150,long_only,none,0.0,-0.001352442953070021,-0.7452050899551304,-1.006570942276091,-0.008631436844971028,-0.15668804364339417,20,0.4,0.9307880955817616,-107.3246017132141,0.7192567567567567,0.8432432432432433,0.8570945945945946,0.8287162162162162,0.794239864864865,False
EURUSD1440_comma,daily,60,400,long_only,none,0.001,0.00047888396558848356,-0.8321840826570114,-1.1251465266374683,0.0038371337042361537,-0.12480252253389057,7,0.5714285714285714,1.0949272403315116,110.08191619591356,0.6131756756756757,0.9108108108108108,0.9057432432432433,0.9293918918918919,0.7935304054054054,True
EURUSD1440_comma,daily,5,300,long_short,price_slow,0.001,-0.0057150947479928105,-0.5519196431476882,-0.744234152605252,-0.023630869763720953,-0.24184868374023416,76,0.13157894736842105,0.8862050216237695,-92.67529381039692,0.8817567567567568,0.7331081081081081,0.6935810810810811,0.7851351351351351,0.7924662162162162,False
EURUSD1440_comma,daily,60,150,long_only,price_slow,0.0,-4.340939659175369e-05,-0.8123699214670038,-1.0970607826563414,-0.00027640226783989076,-0.1570515210710901,48,0.2916666666666667,0.9975817364981158,-1.4495078521594753,0.6425675675675676,0.8942567567567568,0.8945945945945946,0.8851351351351351,0.7922804054054053,False
EURUSD1440_comma,daily,20,200,long_short,none,0.005,-0.005691559838106208,-0.5523817935436315,-0.7283599520628655,-0.023816495272502354,-0.2389755408167663,42,0.2857142857142857,0.8844091015737043,-180.2468057510982,0.8810810810810811,0.7324324324324324,0.6942567567567568,0.7824324324324324,0.7917567567567568,False
EURUSD1440_comma,daily,50,300,long_short,slow_slope,0.0,-0.005009531115880428,-0.5819035457048152,-0.7779198553381415,-0.021659542800814304,-0.23128517355833067,68,0.22058823529411764,0.8784335233213357,-90.80420100232405,0.8587837837837838,0.7513513513513513,0.7175675675675676,0.7766891891891892,0.7913682432432432,False
EURUSD1440_comma,daily,100,200,long_short,none,0.0,-0.006713997704049346,-0.5342652920018244,-0.7033714045477439,-0.021076258819281504,-0.31855737593747335,25,0.4,0.8491093711719021,-372.4561203955173,0.9043918918918918,0.7550675675675675,0.6486486486486487,0.7385135135135135,0.7910304054054054,False
EURUSD1440_comma,daily,10,75,long_short,none,0.0,-0.0072519591174862175,-0.5271695481509228,-0.7423598177973196,-0.02304589755602306,-0.31467462266796864,111,0.25225225225225223,0.8809067781948962,-100.7048477360063,0.9114864864864864,0.7402027027027027,0.6216216216216216,0.7793918918918918,0.7908783783783785,False
EURUSD1440_comma,daily,10,400,long_short,none,0.0,-0.006044617490261195,-0.5600210927194496,-0.758451825288609,-0.019820283314467804,-0.3049712960383836,42,0.21428571428571427,0.8653817375990804,-162.40233817677083,0.8733108108108109,0.7635135135135135,0.6766891891891892,0.7608108108108108,0.7896621621621622,False
EURUSD1440_comma,daily,30,100,long_only,none,0.0025,-0.0006949572196925935,-0.78922848202357,-1.0992749606929153,-0.004376711454688971,-0.15878524935612426,25,0.36,0.9713421707371318,-35.10341858405298,0.668918918918919,0.8722972972972973,0.8726351351351351,0.8621621621621621,0.7894932432432433,False
EURUSD1440_comma,daily,40,75,long_only,slow_slope,0.005,0.0023706723389544937,-0.8792512101089005,-1.2402404896160832,0.013907943665980456,-0.17045455431008683,41,0.3170731707317073,1.1524331667566354,102.36683925053129,0.5540540540540541,0.9445945945945946,0.9439189189189189,0.9489864864864865,0.788902027027027,False
EURUSD1440_comma,daily,20,500,long_short,none,0.0025,-0.005194361340565945,-0.5710307765703739,-0.7700804516340141,-0.02043282526988039,-0.25421650075101687,27,0.25925925925925924,0.8461113442065933,-196.76767915185016,0.8658783783783783,0.7601351351351351,0.7114864864864865,0.7337837837837838,0.7887500000000001,False
EURUSD1440_comma,daily,30,150,long_only,price_slow,0.001,-0.00022279208705000553,-0.8120361945335112,-1.1031381949858052,-0.0012147449573555946,-0.18340647203426685,48,0.1875,0.9882797975092374,-7.544846828492591,0.6432432432432432,0.8881756756756757,0.8881756756756757,0.8770270270270271,0.7885304054054054,False
EURUSD1440_comma,daily,30,500,long_only,slow_slope,0.005,0.003126153732950332,-0.9311195106097296,-1.2993356786866475,0.030822512586530536,-0.10142436390200271,11,0.6363636363636364,2.0762589836114844,541.7738672970903,0.5050675675675675,0.9807432432432432,0.9554054054054054,1.0,0.788293918918919,True
EURUSD1440_comma,daily,100,300,long_short,fast_slope,0.0,-0.004171650739375199,-0.6366249175463721,-0.840572446967827,-0.019505025804038977,-0.21387568421013625,130,0.2692307692307692,0.9061379044840959,-49.82983127028171,0.8138513513513513,0.7665540540540541,0.7513513513513513,0.8027027027027027,0.7878547297297298,False
EURUSD1440_comma,daily,40,500,long_short,combined,0.005,-0.001765865398359101,-0.7596893113205282,-1.0409083410803845,-0.008955521888295877,-0.1971817410961767,122,0.2540983606557377,0.966571768448121,-16.534666133014035,0.7033783783783784,0.8398648648648649,0.8381756756756756,0.8570945945945946,0.787516891891892,False
EURUSD1440_comma,daily,5,150,long_short,price_slow,0.001,-0.006161291292376192,-0.5490587725703328,-0.7495962749933405,-0.024847973884557936,-0.247959504505323,119,0.20168067226890757,0.8979841927717168,-70.0950322928584,0.8861486486486486,0.7175675675675676,0.6702702702702703,0.7966216216216216,0.7873986486486487,False
EURUSD1440_comma,daily,50,75,long_only,fast_slope,0.0025,0.0024036228058395004,-0.8868006154877088,-1.2601518958349032,0.01622399317236758,-0.14815235560708373,66,0.36363636363636365,1.1264435332046434,64.4509778694764,0.5472972972972973,0.9513513513513514,0.9442567567567568,0.9435810810810811,0.7871452702702703,False
EURUSD1440_comma,daily,60,75,long_only,slow_slope,0.0025,0.0026797149179318414,-0.8960289699076263,-1.2517334301671776,0.0189129682244301,-0.14168663988291497,42,0.38095238095238093,1.1565469775628356,104.38263329110138,0.5358108108108108,0.9614864864864865,0.9483108108108108,0.95,0.7868581081081081,False
EURUSD1440_comma,daily,40,75,long_only,none,0.001,-0.0014184843059404928,-0.7705975402847245,-1.0746874827316109,-0.008608506819104618,-0.16477704388785408,39,0.38461538461538464,0.9651854252322145,-43.77992911630436,0.6908783783783784,0.8439189189189189,0.8547297297297297,0.856081081081081,0.7866891891891892,False
EURUSD1440_comma,daily,100,400,long_short,none,0.005,-0.0053085985049576845,-0.574484774210444,-0.7599416512392808,-0.020645054477126962,-0.257136570447861,13,0.46153846153846156,0.8439208007280905,-357.07581976650465,0.8631756756756757,0.7581081081081081,0.7084459459459459,0.731418918918919,0.7861993243243243,True
EURUSD1440_comma,daily,5,500,long_short,slow_slope,0.0,-0.004990389286285368,-0.6068533904826345,-0.7998222925437449,-0.01817268481632103,-0.27460935666498,42,0.2619047619047619,0.852534881180823,-120.59588803770187,0.8402027027027027,0.7780405405405405,0.7189189189189189,0.7449324324324325,0.7861148648648648,False
EURUSD1440_comma,daily,75,400,long_short,none,0.005,-0.005728085410623085,-0.5760939246573578,-0.7602761593032511,-0.022764240928201486,-0.2516264622523321,17,0.5294117647058824,0.8757815299670433,-260.4800568919357,0.8621621621621621,0.7429054054054054,0.6922297297297297,0.7743243243243243,0.7851858108108108,True
EURUSD1440_comma,daily,60,100,long_only,slow_slope,0.005,0.002683786481536554,-0.8989253210655409,-1.232220016464805,0.0179039957581554,-0.14989874426852845,35,0.4,1.1532869870657392,125.45333713226994,0.5337837837837838,0.9577702702702703,0.9486486486486486,0.9493243243243243,0.7850844594594595,False
EURUSD1440_comma,daily,5,300,long_short,none,0.0,-0.0062821282992227,-0.5457782265302298,-0.736624498955774,-0.02483140488713532,-0.2529912555401709,63,0.20634920634920634,0.8801090299483422,-116.80703286169472,0.8885135135135135,0.7179054054054054,0.6655405405405406,0.7780405405405405,0.7846959459459459,False
EURUSD1440_comma,daily,75,400,long_short,price_slow,0.001,-0.0057666531078839345,-0.5929979897961948,-0.7874585646121602,-0.019600085147163125,-0.2942157171556261,64,0.203125,0.8687997277917727,-96.32143900677252,0.85,0.7655405405405405,0.6912162162162162,0.7652027027027027,0.7844087837837839,False
EURUSD1440_comma,daily,60,300,long_only,none,0.0,-0.00020915387205688862,-0.8161210870044623,-1.0942226516429212,-0.0014208445622087152,-0.14720390788683957,9,0.4444444444444444,0.9799997873051078,-37.20150650576433,0.6364864864864865,0.8861486486486486,0.8891891891891892,0.8695945945945946,0.7844087837837839,True
EURUSD1440_comma,daily,75,200,long_short,none,0.001,-0.006476382225500621,-0.5441301958832654,-0.7071977843608139,-0.02108877195289771,-0.30710096538412857,25,0.36,0.8346736168024212,-358.7020361806224,0.8918918918918919,0.7547297297297297,0.6570945945945946,0.7158783783783784,0.784239864864865,False
EURUSD1440_comma,daily,5,200,long_short,none,0.0,-0.007108295992590441,-0.5388474174057728,-0.7302378162616772,-0.02481004864977439,-0.2865087486499177,78,0.16666666666666666,0.884683127963119,-123.23746260155801,0.9003378378378378,0.7189189189189189,0.6293918918918919,0.7827702702702702,0.7831587837837838,False
EURUSD1440_comma,daily,20,200,long_short,none,0.0025,-0.006395267721795106,-0.544878884067044,-0.7232610367927947,-0.02493988352104635,-0.25642732919735756,42,0.2619047619047619,0.87190731910623,-206.1033431498884,0.889527027027027,0.7162162162162162,0.660472972972973,0.7699324324324325,0.7824493243243243,False
EURUSD1440_comma,daily,5,500,long_short,slow_slope,0.0025,-0.005051142250070195,-0.6157251527135171,-0.8127229345740984,-0.01837971025717469,-0.274821647316145,43,0.23255813953488372,0.8579316341056333,-117.66261187715156,0.8304054054054054,0.7773648648648649,0.7148648648648649,0.7516891891891891,0.7822297297297298,False
EURUSD1440_comma,daily,30,300,long_short,slow_slope,0.001,-0.00564742334126922,-0.5882353385361075,-0.792309002577037,-0.022790298011775994,-0.24779945125557967,69,0.2318840579710145,0.8709847178602177,-100.26154300003532,0.8537162162162162,0.7425675675675676,0.6959459459459459,0.768581081081081,0.7816047297297298,False
EURUSD1440_comma,daily,50,75,long_only,none,0.001,-0.0012300746519436911,-0.7843862818743939,-1.0773946232016347,-0.008464115351429054,-0.14532820039320582,40,0.4,0.9597270464074926,-43.12985652814136,0.6756756756756757,0.8452702702702702,0.8597972972972973,0.8533783783783784,0.7815540540540541,False
EURUSD1440_comma,daily,10,150,long_short,slow_slope,0.0,-0.005956541910552171,-0.5603316198285443,-0.7467939573312022,-0.02538434607180938,-0.2346541405361321,105,0.21904761904761905,0.8891770885660153,-79.8757718308251,0.8729729729729729,0.7118243243243243,0.6807432432432432,0.7881756756756757,0.7815202702702702,False
EURUSD1440_comma,daily,5,500,long_only,slow_slope,0.001,0.002516524272951459,-0.9260320691474101,-1.2881188810645812,0.019844815675760314,-0.12681016110546683,17,0.4117647058823529,1.33167430138914,205.98047198837995,0.510472972972973,0.9625,0.9469594594594595,0.9817567567567568,0.7814695945945946,True
EURUSD1440_comma,daily,50,300,long_short,slow_slope,0.0025,-0.0052270142957583365,-0.5936783178922429,-0.7910474097179413,-0.02327358648629289,-0.22458997880867293,64,0.265625,0.8708448598685501,-101.96733342825074,0.8486486486486486,0.7385135135135135,0.710472972972973,0.7682432432432432,0.7814189189189189,False
EURUSD1440_comma,daily,20,500,long_only,slow_slope,0.005,0.002598798426370008,-0.936163642323798,-1.309881092382008,0.021906211804014884,-0.11863294528603574,13,0.38461538461538464,1.604099474918871,314.7829896258926,0.49966216216216214,0.9668918918918918,0.9476351351351351,0.9972972972972973,0.7807094594594595,True
EURUSD1440_comma,daily,60,200,long_short,price_slow,0.0025,-0.0059109445068549205,-0.5860567569770935,-0.7607436004508703,-0.022142564352147835,-0.2669494107750694,73,0.2191780821917808,0.8635846714358213,-138.21941215058806,0.8557432432432432,0.7503378378378378,0.683445945945946,0.7591216216216217,0.7804391891891891,False
EURUSD1440_comma,daily,75,150,long_only,slow_slope,0.005,0.0010092759152733333,-0.8711655798387749,-1.1761955379834452,0.009338757261688485,-0.10807389966262515,25,0.4,1.0767268130578846,65.22099359596623,0.5648648648648649,0.9283783783783783,0.9165540540540541,0.925,0.7801013513513514,False
EURUSD1440_comma,daily,5,250,long_short,price_slow,0.005,-0.005974112879348459,-0.5636543888284097,-0.7496107058216482,-0.02477048847928786,-0.24117864628886043,71,0.16901408450704225,0.8759925121703447,-119.2929290698562,0.8699324324324325,0.7192567567567567,0.6800675675675676,0.7746621621621622,0.78,False
EURUSD1440_comma,daily,20,150,long_only,slow_slope,0.0025,-0.00024938776381799865,-0.8233729298007195,-1.1190684107711923,-0.0019050695217051512,-0.1309074345983876,39,0.28205128205128205,0.9843441152881706,-11.587341101151383,0.6270270270270271,0.8827702702702702,0.8868243243243243,0.8739864864864865,0.7799662162162163,False
EURUSD1440_comma,daily,60,75,long_short,price_slow,0.005,-0.00017512617886084048,-0.833283426832708,-1.1627899106823276,-0.0008902621104428165,-0.19671305428659958,64,0.328125,1.0159256696580803,11.33150396734689,0.6121621621621621,0.8912162162162162,0.8908783783783784,0.893918918918919,0.7799324324324325,False
EURUSD1440_comma,daily,40,400,long_short,fast_slope,0.0025,-0.0031675671481262713,-0.7039907632108379,-0.9593795859767346,-0.018472512440069522,-0.1714746252521322,160,0.26875,0.9456015119944542,-25.905921348821675,0.7527027027027027,0.777027027027027,0.7878378378378378,0.8408783783783784,0.7790371621621621,False
EURUSD1440_comma,daily,50,150,long_short,price_slow,0.005,-0.005044281479470447,-0.6093305594242115,-0.7994734037922796,-0.02334438083934264,-0.21608118519764907,78,0.2564102564102564,0.8783839206502003,-106.76155545961512,0.8371621621621622,0.7375,0.7155405405405405,0.7763513513513514,0.7788006756756757,False
EURUSD1440_comma,daily,10,200,long_short,none,0.005,-0.006133185626923554,-0.552522638707946,-0.7282185375478213,-0.026129559658390394,-0.23472211958819378,51,0.21568627450980393,0.876508128147197,-178.46022653347012,0.8804054054054054,0.7037162162162162,0.6719594594594595,0.775,0.7787331081081081,False
EURUSD1440_comma,daily,40,400,long_only,none,0.001,-0.00013523345318422475,-0.8283036476218213,-1.129522435036836,-0.0011346699910268628,-0.11918307019104302,9,0.4444444444444444,0.9836765312829125,-24.066890754668698,0.6175675675675676,0.8891891891891892,0.8925675675675676,0.8716216216216216,0.7785810810810811,True
EURUSD1440_comma,daily,40,100,long_only,none,0.0,-0.0019065903311795696,-0.7537872964916325,-1.037369758661565,-0.010564470703597482,-0.18047192184747363,27,0.4074074074074074,0.9077113285738516,-113.51378608835313,0.7094594594594594,0.8300675675675676,0.8331081081081081,0.8037162162162163,0.7784797297297298,False
EURUSD1440_comma,daily,20,200,long_short,none,0.001,-0.006937043070292415,-0.5442583472129756,-0.7275515485732641,-0.024730203161692818,-0.2805089398148545,46,0.2826086956521739,0.8639626445999653,-196.79715686049235,0.8912162162162162,0.7199324324324324,0.6388513513513514,0.7597972972972973,0.7782094594594595,False
EURUSD1440_comma,daily,40,200,long_only,price_slow,0.001,-0.00025682896949807965,-0.8259946967249588,-1.1140326687065405,-0.002035282647942331,-0.12618835509541315,34,0.23529411764705882,0.9847027384476594,-12.087783010705055,0.6229729729729729,0.8814189189189189,0.8864864864864865,0.8746621621621622,0.7780405405405406,False
EURUSD1440_comma,daily,40,300,long_short,slow_slope,0.0025,-0.005457348170940568,-0.5924772154420452,-0.792064628121197,-0.023909178048542735,-0.2282532741134191,65,0.24615384615384617,0.8665753065974239,-106.73689471744524,0.8510135135135135,0.7304054054054054,0.7016891891891892,0.7621621621621621,0.777668918918919,False
EURUSD1440_comma,daily,20,150,long_short,price_slow,0.005,-0.006078474853359106,-0.5918954696724329,-0.7854876606555337,-0.02246722178037879,-0.2705485757330084,83,0.26506024096385544,0.8674115578571399,-110.98186654871614,0.8516891891891892,0.7476351351351351,0.6753378378378379,0.7628378378378379,0.7770777027027026,False
EURUSD1440_comma,daily,60,75,long_short,combined,0.005,-0.0002736313604908558,-0.8354554489711554,-1.165753464977281,-0.0013790338888977863,-0.19842250628776048,63,0.31746031746031744,1.012475130357971,8.999676596117062,0.610472972972973,0.8864864864864865,0.8858108108108108,0.8932432432432432,0.7769594594594594,False
EURUSD1440_comma,daily,40,50,long_only,none,0.0025,0.0021393760417511842,-0.9179284855059706,-1.3262958616188587,0.018603112562216337,-0.11500097279937671,53,0.4528301886792453,1.1240978185119495,71.92860777126845,0.5182432432432432,0.960472972972973,0.9388513513513513,0.9425675675675675,0.776570945945946,False
EURUSD1440_comma,daily,40,150,long_short,price_slow,0.0025,-0.006100089041781387,-0.5886074540882277,-0.7791313190240492,-0.023098481007981304,-0.26409048455063344,95,0.25263157894736843,0.8706181121766157,-96.56843069609593,0.8533783783783784,0.7398648648648649,0.6739864864864865,0.7679054054054054,0.7763006756756756,False
EURUSD1440_comma,daily,40,250,long_only,none,0.0025,-0.0004914675818092906,-0.8163326963034505,-1.0928342877452768,-0.004262803876115405,-0.11529209320724221,15,0.4,0.9585321513500572,-52.33831660268715,0.6361486486486486,0.8726351351351351,0.8787162162162162,0.852027027027027,0.7761655405405405,True
EURUSD1440_comma,daily,5,500,long_only,slow_slope,0.0,0.0021685812146530203,-0.9296516949904596,-1.2927780947745127,0.016444653258028106,-0.1318715074514777,16,0.4375,1.304211695188291,182.95121778131067,0.5064189189189189,0.9527027027027027,0.9395270270270271,0.9800675675675675,0.7756587837837838,True
EURUSD1440_comma,daily,50,200,long_only,price_slow,0.0,-0.0002293677483757861,-0.8319970581995213,-1.1221871546026787,-0.0016979265900990087,-0.1350869641321839,35,0.2571428571428571,0.9867022741024738,-10.489033556494263,0.6138513513513514,0.8841216216216217,0.8878378378378379,0.8760135135135135,0.7755405405405407,False
EURUSD1440_comma,daily,5,300,long_short,price_slow,0.005,-0.005851075335912337,-0.572716076685554,-0.7651081348347698,-0.02646697774094421,-0.2210707770710355,64,0.1875,0.8782450966084407,-119.65283494643357,0.8652027027027027,0.7016891891891892,0.6868243243243243,0.7760135135135136,0.7752702702702704,False
EURUSD1440_comma,daily,60,150,long_short,fast_slope,0.0,-0.006191147555748899,-0.6236033055356848,-0.8318328050275758,-0.019262233079061056,-0.32141380131460273,167,0.3413173652694611,0.896631015476955,-58.86952882557816,0.8243243243243243,0.768918918918919,0.6682432432432432,0.7952702702702703,0.7748986486486487,False
EURUSD1440_comma,daily,60,400,long_only,none,0.0,-0.00015266220599918778,-0.8341240508353672,-1.1281145648322837,-0.0012248579132863137,-0.12463666548031893,7,0.5714285714285714,0.975502222000475,-34.92649238428431,0.6111486486486486,0.8878378378378379,0.8918918918918919,0.8658783783783783,0.774679054054054,True
EURUSD1440_comma,daily,100,150,long_short,fast_slope,0.0025,-0.00464884016257483,-0.6294664936913776,-0.8250376464228822,-0.024088285849750275,-0.19299173845626816,110,0.3090909090909091,0.88749649101352,-72.60627291125915,0.8209459459459459,0.7273648648648648,0.731081081081081,0.7868243243243244,0.7744594594594595,False
EURUSD1440_comma,daily,10,500,long_short,slow_slope,0.001,-0.005387016984514492,-0.6148944803441506,-0.8113797500221621,-0.019222362490640275,-0.280247393479211,38,0.2631578947368421,0.8381211273953603,-147.78445049310722,0.831418918918919,0.7695945945945946,0.7054054054054054,0.7219594594594595,0.7743412162162163,False
EURUSD1440_comma,daily,20,500,long_only,slow_slope,0.0025,0.002181882982509098,-0.9388780544119023,-1.3137559556492076,0.01757213232968325,-0.12416722919980583,13,0.46153846153846156,1.3761448355938652,227.40565057801194,0.4972972972972973,0.956081081081081,0.9398648648648649,0.985472972972973,0.7737331081081081,True
EURUSD1440_comma,daily,50,150,long_short,price_slow,0.0,-0.006315905678120792,-0.5742392607118376,-0.7627626735576489,-0.02495130329844502,-0.2531292895836188,110,0.22727272727272727,0.8793389421530087,-81.89700150681585,0.8635135135135135,0.7158783783783784,0.6635135135135135,0.7773648648648649,0.7736824324324324,False
EURUSD1440_comma,daily,60,150,long_short,price_slow,0.005,-0.0051529257384987925,-0.6186129096971423,-0.8144342704399175,-0.023509917273218515,-0.21918093877636835,78,0.2692307692307692,0.8737522246522144,-106.56930894182987,0.8290540540540541,0.7344594594594595,0.7131756756756756,0.7719594594594594,0.7736655405405406,False
EURUSD1440_comma,daily,75,400,long_short,price_slow,0.0025,-0.006009435093339843,-0.6002000488445715,-0.7963837884776461,-0.021669673041340914,-0.27732006301503387,60,0.21666666666666667,0.8553112645068929,-106.13935199189946,0.8435810810810811,0.7510135135135135,0.6777027027027027,0.7489864864864865,0.7730743243243243,False
EURUSD1440_comma,daily,50,100,long_only,none,0.0025,-0.0007311403286514029,-0.8204726437578258,-1.114395621858146,-0.004253243726863467,-0.17190181790747705,27,0.3333333333333333,0.9623469230666283,-43.17890231941582,0.6307432432432433,0.8729729729729729,0.8716216216216216,0.8547297297297297,0.7730743243243243,False
EURUSD1440_comma,daily,10,500,long_only,slow_slope,0.005,0.002435504707290592,-0.9475983304093001,-1.3243862175695977,0.019879933208291175,-0.12251070875202108,15,0.4,1.3588122565662404,244.78449503359755,0.4891891891891892,0.9628378378378378,0.9456081081081081,0.9831081081081081,0.772972972972973,True
EURUSD1440_comma,daily,20,100,long_short,none,0.005,-0.006356103114953271,-0.5892058141373403,-0.7894334014566197,-0.024099411091932272,-0.26374516334472153,61,0.32786885245901637,0.8852720075007061,-146.6982873164683,0.8530405405405406,0.7266891891891892,0.6625,0.7837837837837838,0.7729560810810812,False
EURUSD1440_comma,daily,30,250,long_only,none,0.001,-0.0011093130060952916,-0.786563213270211,-1.068938151745998,-0.008987379979070956,-0.12343007736165212,17,0.29411764705882354,0.9113153889453087,-103.75460607126787,0.6726351351351352,0.8385135135135136,0.8628378378378379,0.8070945945945946,0.7723141891891893,True
EURUSD1440_comma,daily,40,300,long_short,fast_slope,0.005,-0.0034542123942444825,-0.6999193763114668,-0.9512011482209785,-0.021248625810973913,-0.16256168398713788,152,0.3026315789473684,0.9371655467496086,-30.57560956288354,0.7560810810810811,0.7533783783783784,0.7800675675675676,0.8331081081081081,0.7717567567567568,False
EURUSD1440_comma,daily,100,300,long_only,none,0.001,-0.0006108057871551109,-0.8139417377578906,-1.0946565691396088,-0.005360555280135037,-0.11394449926085348,9,0.4444444444444444,0.9281433402420199,-108.314747705574,0.639527027027027,0.8675675675675676,0.875,0.8246621621621621,0.771402027027027,True
EURUSD1440_comma,daily,60,150,long_only,slow_slope,0.005,0.0001530943037295618,-0.8575429049777153,-1.156611443027022,0.0011442285268651274,-0.13379696462296586,26,0.34615384615384615,1.0093350073617975,9.451598807514573,0.5807432432432432,0.8996621621621622,0.8986486486486487,0.8915540540540541,0.7706756756756757,False
EURUSD1440_comma,daily,20,150,long_short,price_slow,0.001,-0.006920157780949787,-0.5767246213284271,-0.7710298206289424,-0.023854487932747463,-0.29009877723888544,103,0.20388349514563106,0.8679263894253982,-92.62810685694289,0.8618243243243243,0.731081081081081,0.639527027027027,0.7638513513513514,0.7699831081081082,False
EURUSD1440_comma,daily,5,150,long_only,price_slow,0.001,-0.0016882298224288883,-0.797685133289717,-1.0776775465026978,-0.008471828710758638,-0.19927572665450055,52,0.17307692307692307,0.9469963782338814,-37.96896450637328,0.660472972972973,0.8445945945945946,0.8405405405405405,0.8429054054054054,0.7698817567567569,False
EURUSD1440_comma,daily,75,150,long_only,none,0.0,-0.0017781876411290254,-0.7630995397137694,-1.0176425073469408,-0.012950857113426587,-0.1373026993931945,16,0.375,0.896832880631842,-175.82561092391813,0.6986486486486486,0.8135135135135135,0.8371621621621622,0.7956081081081081,0.7696114864864865,True
EURUSD1440_comma,daily,40,150,long_only,price_slow,0.001,-0.0010295882277674417,-0.8225945187042372,-1.1008145293070286,-0.0051202030151744635,-0.2010834774941751,49,0.22448979591836735,0.9531423276620098,-33.42946547701768,0.6287162162162162,0.8689189189189189,0.8662162162162163,0.8486486486486486,0.7692567567567568,False
EURUSD1440_comma,daily,40,100,long_only,none,0.001,-0.0018106836449930386,-0.7765457682718233,-1.0787134146350759,-0.010948970937524637,-0.16537477862758865,28,0.2857142857142857,0.9152691052507552,-91.25127651291679,0.6831081081081081,0.8280405405405405,0.8358108108108108,0.8111486486486487,0.7690878378378379,False
EURUSD1440_comma,daily,5,300,long_short,none,0.001,-0.006584519866531191,-0.5565821680585574,-0.7503428121187347,-0.02734974045769509,-0.24075255400380147,63,0.15873015873015872,0.865815876144364,-128.09405948533654,0.8763513513513513,0.6929054054054054,0.6530405405405405,0.7618243243243243,0.7686486486486486,False
EURUSD1440_comma,daily,60,250,long_short,none,0.001,-0.007329249009730754,-0.559589172295859,-0.7377643280636914,-0.02318856188621636,-0.31607173595734595,25,0.36,0.8485833895877917,-358.25871790670334,0.8736486486486487,0.739527027027027,0.6182432432432432,0.7375,0.7686148648648649,False
EURUSD1440_comma,daily,20,250,long_short,none,0.0,-0.006674819419029476,-0.5414338050459867,-0.7270844306254209,-0.029589784999170768,-0.2255785035010066,42,0.2619047619047619,0.8568478814926912,-211.68334452029978,0.8956081081081081,0.6702702702702703,0.6503378378378378,0.7503378378378378,0.768429054054054,False
EURUSD1440_comma,daily,100,200,long_short,none,0.001,-0.007135192420641534,-0.5594939823921236,-0.7307122182109362,-0.023455856312748682,-0.3041966289997875,23,0.43478260869565216,0.8422573001139798,-329.27108993336003,0.8739864864864865,0.735472972972973,0.6280405405405406,0.7287162162162162,0.7683783783783785,False
EURUSD1440_comma,daily,75,500,long_short,slow_slope,0.005,-0.004985525149005854,-0.6352950852829856,-0.8311213833428113,-0.019595601235780236,-0.2544206268038678,24,0.4166666666666667,0.8305544110837618,-185.14952410509136,0.8158783783783784,0.7658783783783784,0.7192567567567567,0.7097972972972973,0.7681418918918919,False
EURUSD1440_comma,daily,100,300,long_short,none,0.005,-0.0063774272263729115,-0.583750922757108,-0.7605702165865655,-0.02356260126016305,-0.27065887827738,19,0.47368421052631576,0.8405670734297362,-372.52145775066515,0.8581081081081081,0.7337837837837838,0.6611486486486486,0.7266891891891892,0.7679222972972974,True
EURUSD1440_comma,daily,5,500,long_only,slow_slope,0.0025,0.002125546361028796,-0.9490175544192602,-1.3283981792534358,0.016794638688656823,-0.12656100559426742,18,0.3333333333333333,1.2929246362563367,169.35044713009793,0.4871621621621622,0.9540540540540541,0.9381756756756757,0.9780405405405406,0.7677195945945946,True
EURUSD1440_comma,daily,20,300,long_only,none,0.0,-0.0008195067923900679,-0.8204072156176602,-1.1194893182711647,-0.007280125534805774,-0.11256767324575145,18,0.2222222222222222,0.9560598154627039,-55.254451728096086,0.6310810810810811,0.8537162162162162,0.8706081081081081,0.8503378378378378,0.7675337837837838,True
EURUSD1440_comma,daily,60,500,long_short,none,0.0,-0.005816014469807951,-0.5686167352852325,-0.7586516866075697,-0.020888825855975863,-0.2784270647813414,17,0.35294117647058826,0.7794197150697444,-420.1939891862098,0.8672297297297298,0.7564189189189189,0.6891891891891891,0.6243243243243243,0.7674831081081082,True
EURUSD1440_comma,daily,30,200,long_only,none,0.005,-0.0008335272688835271,-0.8205536642126113,-1.1013830520941834,-0.0066392824385149,-0.12554478237711086,16,0.375,0.9489589913811924,-83.00432075514311,0.6304054054054054,0.8581081081081081,0.8699324324324325,0.8439189189189189,0.7672635135135135,True
EURUSD1440_comma,daily,60,150,long_only,none,0.0025,-0.0012681087543631175,-0.8021732568843163,-1.0768683315465784,-0.008955921543563386,-0.14159444655636877,17,0.4117647058823529,0.9269999544015501,-118.46567737499754,0.6547297297297298,0.839527027027027,0.8594594594594595,0.8236486486486486,0.7672128378378379,True
EURUSD1440_comma,daily,10,250,long_short,none,0.0,-0.0067788923590561545,-0.5431766774534558,-0.7341284326629212,-0.030075282695505235,-0.2253974610210152,53,0.24528301886792453,0.8648365620873913,-165.87660278657336,0.8932432432432432,0.6652027027027027,0.6462837837837838,0.760472972972973,0.7669256756756756,False
EURUSD1440_comma,daily,5,250,long_only,price_slow,0.001,-0.0011163700949748945,-0.8137053140834865,-1.1047621774796124,-0.007261947604363155,-0.1537287454820181,35,0.17142857142857143,0.9356520992767066,-50.71300695252568,0.6402027027027027,0.8540540540540541,0.8618243243243243,0.8317567567567568,0.766722972972973,False
EURUSD1440_comma,daily,75,300,long_only,none,0.001,-0.0006023108172277247,-0.827160803679453,-1.1136044760266715,-0.0044291427974080195,-0.13598812338590738,9,0.4444444444444444,0.9407198554029919,-106.81513959299133,0.6202702702702703,0.8716216216216216,0.8753378378378378,0.8375,0.7667060810810811,True
EURUSD1440_comma,daily,20,200,long_short,none,0.0,-0.007606498697482089,-0.5455133366203392,-0.730766370945484,-0.025126276485839972,-0.3027308364519815,44,0.25,0.8465866974495636,-236.43147490297176,0.8888513513513514,0.7148648648648649,0.6081081081081081,0.7341216216216216,0.7659966216216216,False
EURUSD1440_comma,daily,30,50,long_only,slow_slope,0.0025,0.0003073412066487702,-0.8708907827232798,-1.2200094690044758,0.0016643821509719965,-0.18465783622426102,69,0.2608695652173913,1.0098258222609051,6.10941355608085,0.5652027027027027,0.9023648648648649,0.9016891891891892,0.8922297297297297,0.7658445945945946,False
EURUSD1440_comma,daily,50,250,long_short,none,0.001,-0.006944395853358376,-0.5544983671425991,-0.7271305362754474,-0.02444729219020692,-0.2840558291416895,26,0.3076923076923077,0.8263161897300596,-367.3739400185602,0.8780405405405406,0.7243243243243244,0.6381756756756757,0.7050675675675676,0.7656925675675677,False
EURUSD1440_comma,daily,50,500,long_short,price_slow,0.0,-0.0060094729482685905,-0.6076816606247842,-0.8040705927882397,-0.021012385003734924,-0.28599670847456937,52,0.25,0.8254028656630894,-122.86618581596836,0.8388513513513514,0.7557432432432433,0.6773648648648649,0.7040540540540541,0.7655574324324326,False
EURUSD1440_comma,daily,40,75,long_short,combined,0.0025,-0.004630983672593403,-0.6821095321178858,-0.9292092403006158,-0.021559681248706167,-0.21479833672732596,159,0.27672955974842767,0.9214412691070503,-38.188946231226275,0.7709459459459459,0.7523648648648649,0.7317567567567568,0.8179054054054054,0.7655067567567567,False
EURUSD1440_comma,daily,100,200,long_short,fast_slope,0.005,-0.004885078020286815,-0.6465169537241238,-0.8407873181840995,-0.023363612216943344,-0.20908915859954846,99,0.3434343434343434,0.8719511150469009,-76.95521263497865,0.8023648648648649,0.7368243243243243,0.7222972972972973,0.7702702702702703,0.7651520270270271,False
EURUSD1440_comma,daily,75,200,long_short,fast_slope,0.005,-0.005118029039771876,-0.6664435763661648,-0.8816755124122596,-0.021044227587237636,-0.24320346368406165,119,0.2773109243697479,0.8972849676927849,-61.63940417851949,0.7851351351351351,0.7554054054054054,0.7138513513513514,0.7959459459459459,0.7650675675675676,False
EURUSD1440_comma,daily,60,100,long_only,none,0.001,-0.0015848035711025776,-0.8019232468211485,-1.0873277015051086,-0.009555269605361327,-0.16585649976986172,34,0.3235294117647059,0.93106493093227,-73.84998005440536,0.6554054054054054,0.8344594594594594,0.8469594594594595,0.8290540540540541,0.764527027027027,False
EURUSD1440_comma,daily,40,50,long_short,none,0.001,-0.0065406884475947,-0.5864949639613909,-0.8029530441499899,-0.028812388695040207,-0.2270095866338434,131,0.4198473282442748,0.9186737580904805,-61.04230586010884,0.8547297297297297,0.6773648648648649,0.6547297297297298,0.8155405405405406,0.7645101351351351,False
EURUSD1440_comma,daily,5,150,long_only,slow_slope,0.0,-0.0010511801941669452,-0.8226271579201277,-1.1217922508560443,-0.007468598283325532,-0.1407466507488856,54,0.25925925925925924,0.9429611770606154,-31.930687727770774,0.6283783783783784,0.8523648648648648,0.8648648648648649,0.8391891891891892,0.763293918918919,False
EURUSD1440_comma,daily,40,75,long_only,fast_slope,0.005,0.002303076319967623,-0.9456737041921806,-1.3473004232483798,0.013589155916705913,-0.16947898265971928,57,0.3684210526315789,1.1471577971613356,71.65680654514354,0.4918918918918919,0.9429054054054054,0.9425675675675675,0.9483108108108108,0.7632432432432432,False
EURUSD1440_comma,daily,5,300,long_short,price_slow,0.0,-0.007086682457282056,-0.5643490341500405,-0.7618798376342149,-0.02671833042784853,-0.2652367248926454,84,0.11904761904761904,0.8639521761353062,-108.76315476343545,0.8692567567567567,0.6989864864864865,0.6300675675675675,0.7594594594594595,0.7623817567567568,False
EURUSD1440_comma,daily,40,400,long_only,none,0.0,-0.0005457040873015906,-0.8317024621676699,-1.1353834370235147,-0.005038054817539247,-0.10831642510156936,8,0.5,0.9292226658044621,-108.919708677639,0.6141891891891892,0.8695945945945946,0.8766891891891891,0.8260135135135135,0.7623141891891893,True
EURUSD1440_comma,daily,100,300,long_short,slow_slope,0.001,-0.006083398158931996,-0.5938247216859577,-0.7902482729000866,-0.02529682362165805,-0.2404807121208551,65,0.27692307692307694,0.842607486813811,-115.32458226392977,0.8483108108108108,0.7131756756756756,0.675,0.7290540540540541,0.7619763513513513,False
EURUSD1440_comma,daily,60,100,long_only,none,0.005,0.0009108647364428624,-0.9019548214145958,-1.2294238132194115,0.006141564392434497,-0.14831151775676465,24,0.4583333333333333,1.051230689574875,61.26865349497617,0.5307432432432433,0.9175675675675675,0.914527027027027,0.9148648648648648,0.7618243243243243,False
EURUSD1440_comma,daily,60,150,long_short,fast_slope,0.005,-0.0052883488724009275,-0.6726343463755552,-0.8952373768362063,-0.020529928698255335,-0.2575921694677069,126,0.35714285714285715,0.8839049446808692,-69.61280866208396,0.7810810810810811,0.7597972972972973,0.7087837837837838,0.7820945945945946,0.7614527027027028,False
EURUSD1440_comma,daily,40,200,long_only,price_slow,0.0,-0.0008201270221394052,-0.8337375268821604,-1.1232651866772954,-0.0063717368024429,-0.1287132610099293,37,0.24324324324324326,0.9514238479091703,-35.320264333958576,0.6118243243243243,0.8597972972972973,0.8702702702702703,0.8462837837837838,0.7606756756756756,False
EURUSD1440_comma,daily,30,250,long_only,price_slow,0.0025,-0.0004423465480404287,-0.8490215381090213,-1.1587469534556605,-0.0029006813302736817,-0.1524974644487035,32,0.1875,0.9694906788919851,-22.08965894796603,0.5905405405405405,0.8766891891891891,0.8797297297297297,0.8601351351351352,0.7603547297297297,False
EURUSD1440_comma,daily,60,75,long_short,slow_slope,0.001,-0.006883548785409754,-0.6147860936195799,-0.828503815070204,-0.024826460460591008,-0.2772666202794616,142,0.3028169014084507,0.8964359166117867,-69.45299843167071,0.8317567567567568,0.7185810810810811,0.6405405405405405,0.7942567567567568,0.7595945945945946,False
EURUSD1440_comma,daily,60,300,long_only,none,0.0025,-0.0005065628801879107,-0.8483261319153335,-1.1383583492215807,-0.0035882097891227725,-0.14117426515124487,10,0.4,0.9566583682403944,-80.90963896927742,0.5918918918918918,0.8746621621621622,0.8780405405405406,0.8506756756756757,0.7586317567567568,True
EURUSD1440_comma,daily,60,300,long_short,fast_slope,0.0,-0.005799684214380485,-0.6820253505918744,-0.9087375912628369,-0.018741889717302868,-0.309450343687921,156,0.3141025641025641,0.8927753653777681,-59.22645265229383,0.7712837837837838,0.7733108108108108,0.6898648648648649,0.7912162162162162,0.7584966216216216,False
EURUSD1440_comma,daily,40,500,long_short,price_slow,0.0025,-0.006300067585689462,-0.6167504049534567,-0.813832290638364,-0.02398315171379425,-0.26268722563539837,46,0.21739130434782608,0.8491257095069673,-117.68769500978658,0.8293918918918919,0.7297297297297297,0.6648648648648648,0.7388513513513514,0.7579898648648649,False
EURUSD1440_comma,daily,60,75,long_short,none,0.0,-0.00826803729082859,-0.5393802887154227,-0.7528809316487899,-0.030306798364584213,-0.2728113075939561,94,0.3404255319148936,0.8920889649403189,-118.51675600629464,0.8993243243243243,0.660472972972973,0.5716216216216217,0.7905405405405406,0.7577533783783784,False
EURUSD1440_comma,daily,5,500,long_only,slow_slope,0.005,0.0018605044362605128,-0.9614625558134705,-1.3446152680461327,0.013959840117589502,-0.1332754831422649,17,0.35294117647058826,1.2319516358846616,153.1884657385758,0.47297297297297297,0.9449324324324324,0.933445945945946,0.9692567567567567,0.7575000000000001,True
EURUSD1440_comma,daily,100,150,long_short,combined,0.0,-0.0059093128412547324,-0.6323002325607274,-0.8337844541668308,-0.02586973609844383,-0.22842571021086688,137,0.26277372262773724,0.8771881722088845,-68.91500927859627,0.8189189189189189,0.706418918918919,0.6837837837837838,0.7753378378378378,0.7572297297297298,False
EURUSD1440_comma,daily,20,400,long_only,none,0.005,-0.0001534552557674873,-0.8734607473267323,-1.2249735873034637,-0.0011636699292536447,-0.1318718065232729,13,0.38461538461538464,0.9861021316427716,-18.904156567240324,0.5625,0.8888513513513514,0.8912162162162162,0.8753378378378378,0.7567567567567568,True
EURUSD1440_comma,daily,20,500,long_only,slow_slope,0.001,0.0014058857620322662,-0.9548716534022933,-1.334656686714495,0.011088434348390908,-0.12678848229247808,13,0.46153846153846156,1.2167530569240155,143.09639010466677,0.4820945945945946,0.9351351351351351,0.9253378378378379,0.9662162162162162,0.7566216216216217,True
EURUSD1440_comma,daily,40,500,long_only,slow_slope,0.001,0.001416563801401427,-0.9569166415266953,-1.3215316990543784,0.012449245583298863,-0.11378712002450986,14,0.5,1.204281883873902,133.9300629186264,0.47871621621621624,0.9402027027027027,0.9256756756756757,0.9638513513513514,0.7562500000000001,True
EURUSD1440_comma,daily,50,150,long_only,price_slow,0.0,-0.0014282252823621944,-0.8262218964241053,-1.1080188318741675,-0.007839856045389412,-0.18217493715361366,51,0.2549019607843137,0.9331938586660997,-44.42118251001752,0.6219594594594594,0.847972972972973,0.8540540540540541,0.8307432432432432,0.7561993243243244,False
EURUSD1440_comma,daily,30,500,long_only,slow_slope,0.001,0.0013587699046864188,-0.9504733817709163,-1.3149441092409242,0.011145809714232163,-0.12190858623320977,14,0.5,1.1716687793894904,104.20964702713198,0.4858108108108108,0.9354729729729729,0.9233108108108108,0.9554054054054054,0.7561655405405405,True
EURUSD1440_comma,daily,20,75,long_only,none,0.0,-0.0031535445377625093,-0.7705503747567766,-1.0514777734562941,-0.01273690046647869,-0.24759120525924583,41,0.2926829268292683,0.8856163283370609,-123.92976413541679,0.6912162162162162,0.816554054054054,0.7885135135135135,0.7847972972972973,0.7560472972972972,False
EURUSD1440_comma,daily,20,150,long_only,none,0.001,-0.0025639943608337656,-0.7769631196698122,-1.0476450524903707,-0.013589412885660963,-0.18867587455078327,24,0.25,0.8953928725089116,-141.50966382660758,0.6820945945945946,0.8074324324324325,0.8108108108108109,0.793918918918919,0.755945945945946,False
EURUSD1440_comma,daily,50,300,long_only,none,0.001,-0.0006964253336192439,-0.844140985564364,-1.1353934970062942,-0.005152943003228995,-0.13515098715100127,12,0.3333333333333333,0.9399213327165029,-92.56378655782258,0.5966216216216216,0.8685810810810811,0.8722972972972973,0.8364864864864865,0.7557263513513515,True
EURUSD1440_comma,daily,50,75,long_only,fast_slope,0.005,0.0032274511609120538,-0.9939961544842727,-1.420868691694389,0.027900627550597343,-0.11567665118138015,44,0.36363636363636365,1.1928921754749238,120.50183092088655,0.43851351351351353,0.9773648648648648,0.9574324324324325,0.9601351351351352,0.7552533783783784,False
EURUSD1440_comma,daily,20,250,long_short,none,0.001,-0.0070831814283247585,-0.5503290014418314,-0.7356411411994973,-0.030728224375260415,-0.23051059969568222,42,0.2619047619047619,0.8507510679097231,-225.5855663610308,0.8834459459459459,0.6560810810810811,0.6304054054054054,0.7429054054054054,0.7549155405405404,False
EURUSD1440_comma,daily,75,150,long_short,price_slow,0.0,-0.0065857518215486355,-0.5928580360680734,-0.7782780626504994,-0.02769177992076003,-0.23782334831468943,106,0.22641509433962265,0.8542669213676877,-93.41622837576884,0.8503378378378378,0.6885135135135135,0.6527027027027027,0.7472972972972973,0.7548986486486486,False
EURUSD1440_comma,daily,40,400,long_short,fast_slope,0.005,-0.004134284538384714,-0.7319376933890189,-0.996098248088702,-0.02222740551812774,-0.18599942017582594,150,0.26666666666666666,0.9258981456896719,-35.87878972460184,0.7337837837837838,0.7486486486486487,0.7537162162162162,0.822972972972973,0.7548648648648649,False
EURUSD1440_comma,daily,10,300,long_short,none,0.005,-0.0068736353713404474,-0.5799909418864128,-0.7699744517956872,-0.028611563802115127,-0.24023976525296775,43,0.2558139534883721,0.8540119300934874,-209.1926872114517,0.860472972972973,0.6793918918918919,0.6408783783783784,0.7466216216216216,0.7542060810810811,False
EURUSD1440_comma,daily,5,300,long_short,price_slow,0.0025,-0.007058452893792588,-0.5735166902345579,-0.7706440513395616,-0.028800357443802063,-0.24508212814947516,65,0.15384615384615385,0.8554402862201976,-136.31233311323922,0.8641891891891892,0.6777027027027027,0.6324324324324324,0.7493243243243243,0.7539864864864866,False
EURUSD1440_comma,daily,60,75,long_short,fast_slope,0.001,-0.00649007912644517,-0.6298694439962661,-0.8471609598528604,-0.0266169104918245,-0.24383292450258742,147,0.38095238095238093,0.897596724053977,-64.38256690421069,0.8202702702702702,0.7,0.6567567567567567,0.7962837837837838,0.753902027027027,False
EURUSD1440_comma,daily,40,250,long_short,slow_slope,0.0025,-0.006573344964534877,-0.6038765638957233,-0.8024996180836064,-0.026712373790699413,-0.24607865313802824,92,0.2717391304347826,0.8499239234139514,-102.33987811670451,0.841554054054054,0.6993243243243243,0.6537162162162162,0.7412162162162163,0.7533783783783784,False
EURUSD1440_comma,daily,30,400,long_only,none,0.0025,-0.0006311218506833693,-0.8484509295677748,-1.1593500276994826,-0.005605993113809264,-0.11257984765067308,11,0.45454545454545453,0.9380599831099008,-91.55482690667833,0.5908783783783784,0.8672297297297298,0.8746621621621622,0.8344594594594594,0.7532601351351351,True
EURUSD1440_comma,daily,10,400,long_short,none,0.0025,-0.007147008243016617,-0.5933652841446176,-0.8007962071803886,-0.024341329964369836,-0.29361617682674734,39,0.2564102564102564,0.8327303568879,-225.21576186584514,0.8489864864864864,0.725,0.6266891891891891,0.7131756756756756,0.7531587837837838,False
EURUSD1440_comma,daily,60,300,long_short,slow_slope,0.0025,-0.00629109018238494,-0.608625237815188,-0.8110752866573753,-0.026367139450997775,-0.23859585504436942,64,0.234375,0.8420752386943356,-119.01007730805766,0.8378378378378378,0.7027027027027027,0.6652027027027027,0.7283783783783784,0.753108108108108,False
EURUSD1440_comma,daily,60,300,long_short,fast_slope,0.001,-0.0059780865129184235,-0.6882437946929717,-0.9176982628748097,-0.01913303093907825,-0.31244848408771886,154,0.3181818181818182,0.8891428954847121,-61.23673613625416,0.7662162162162162,0.7699324324324325,0.6790540540540541,0.7878378378378378,0.752956081081081,False
EURUSD1440_comma,daily,100,250,long_short,fast_slope,0.005,-0.005032606070768719,-0.6853706233800859,-0.9123455260279061,-0.02123252634448144,-0.2370234228898883,93,0.3118279569892473,0.8632446649986706,-88.22659016370143,0.768581081081081,0.7537162162162162,0.7162162162162162,0.7584459459459459,0.7528716216216217,False
EURUSD1440_comma,daily,100,300,long_short,fast_slope,0.001,-0.005439451832407682,-0.6611764209210601,-0.8737275872789536,-0.02467051913162687,-0.22048388213422176,129,0.2558139534883721,0.8744043994412641,-65.36995056915731,0.7905405405405406,0.7202702702702702,0.7030405405405405,0.7726351351351352,0.7527871621621621,False
EURUSD1440_comma,daily,5,150,long_short,none,0.0,-0.008353210853828674,-0.5491425121851254,-0.7551245208315484,-0.029081810733981386,-0.28723145646732895,98,0.21428571428571427,0.8729052605849644,-119.03332621863966,0.885472972972973,0.6746621621621621,0.5662162162162162,0.7709459459459459,0.7517398648648649,False
EURUSD1440_comma,daily,50,75,long_short,none,0.0,-0.008672090796464138,-0.5445715405546723,-0.7619777429163215,-0.02928279220006398,-0.29614972292311625,80,0.3625,0.8897873108010809,-132.47339392926415,0.8905405405405405,0.672972972972973,0.5445945945945946,0.7888513513513513,0.7517060810810811,False
EURUSD1440_comma,daily,40,75,long_only,none,0.0025,-0.001197198881027428,-0.839948128123421,-1.172314370145145,-0.0077357589617568345,-0.15476165776958717,35,0.37142857142857144,0.949354604466726,-54.94305665641046,0.6016891891891892,0.8489864864864864,0.8601351351351352,0.8445945945945946,0.7516385135135135,False
EURUSD1440_comma,daily,20,250,long_only,price_slow,0.005,-0.0007415710783719165,-0.8585115528361698,-1.1730770935064982,-0.004541052010075579,-0.16330380641457887,25,0.2,0.9517627955252969,-47.29479998768034,0.5790540540540541,0.8712837837837838,0.8712837837837838,0.8472972972972973,0.750793918918919,False
EURUSD1440_comma,daily,75,250,long_short,none,0.005,-0.007229772280183067,-0.5968215688997567,-0.7792821405668107,-0.025380892545334155,-0.28485098651552887,23,0.34782608695652173,0.8431272755112001,-370.6216800170073,0.8456081081081082,0.7121621621621622,0.6236486486486487,0.7304054054054054,0.7505743243243244,False
EURUSD1440_comma,daily,30,75,long_only,none,0.005,-0.000471954467095248,-0.8714616996586871,-1.224029973005589,-0.002849455734840603,-0.16562968896993546,30,0.26666666666666666,0.9722763384263472,-29.485277300928775,0.5641891891891891,0.8770270270270271,0.8793918918918919,0.8631756756756757,0.7502871621621622,False
EURUSD1440_comma,daily,30,300,long_short,slow_slope,0.0,-0.006760036591929697,-0.6020041727590789,-0.8115618256133877,-0.02659397733831529,-0.25419426759419583,71,0.2112676056338028,0.8384994814868337,-120.64949865954492,0.8422297297297298,0.7006756756756757,0.6476351351351352,0.722972972972973,0.7500337837837838,False
EURUSD1440_comma,daily,100,250,long_short,fast_slope,0.001,-0.005803915987644626,-0.6512625514903206,-0.8614984525990053,-0.026067962808774853,-0.22264555271234865,128,0.28125,0.8752214719427767,-70.91221769296405,0.797972972972973,0.7047297297297297,0.6895270270270271,0.7736486486486487,0.7493243243243244,False
EURUSD1440_comma,daily,50,75,long_short,combined,0.0025,-0.005157077972780644,-0.6918642023287853,-0.9411577336739265,-0.02405550060558623,-0.2143824839622358,140,0.3,0.8951682420074459,-54.0622213584961,0.7631756756756757,0.7290540540540541,0.7121621621621622,0.7929054054054054,0.7489020270270271,False
EURUSD1440_comma,daily,30,200,long_only,none,0.0025,-0.0017456924010770258,-0.8119003458624043,-1.0883737944705794,-0.012258917218472356,-0.1424018426722491,18,0.3333333333333333,0.8885215584587564,-153.47070205198622,0.6442567567567568,0.8192567567567568,0.8391891891891892,0.7875,0.7484797297297299,True
EURUSD1440_comma,daily,60,300,long_short,slow_slope,0.001,-0.006575491057734473,-0.6062257447801235,-0.8067918011778958,-0.02737165025465295,-0.24022998235616777,66,0.25757575757575757,0.8385659036471711,-120.55785574081446,0.8405405405405405,0.6922297297297297,0.6533783783783784,0.7233108108108108,0.748445945945946,False
EURUSD1440_comma,daily,30,100,long_short,none,0.0,-0.008318700315075311,-0.5436759111646084,-0.7705515396879884,-0.03139647078836867,-0.2649565414899151,63,0.31746031746031744,0.8695809317230637,-174.5119423064357,0.8929054054054054,0.6486486486486487,0.5692567567567568,0.7665540540540541,0.7481587837837839,False
EURUSD1440_comma,daily,20,250,long_only,price_slow,0.0025,-0.0011614325643543033,-0.8493650702878297,-1.158437358599364,-0.007555437506063845,-0.15372141764420133,31,0.16129032258064516,0.9303714988117934,-59.54766318673782,0.5898648648648649,0.852027027027027,0.8608108108108108,0.8283783783783784,0.7453716216216216,False
EURUSD1440_comma,daily,50,100,long_short,slow_slope,0.0025,-0.006719298138254892,-0.6107887426206614,-0.8220480349476099,-0.030709326375974625,-0.21880317581670305,130,0.26153846153846155,0.8806976454944034,-78.55113394408976,0.8358108108108108,0.6570945945945946,0.6483108108108108,0.779054054054054,0.7451182432432433,False
EURUSD1440_comma,daily,10,300,long_short,price_slow,0.001,-0.007547840541424433,-0.5842648710445146,-0.7837714275789379,-0.028943839595265867,-0.2607753721333841,72,0.1527777777777778,0.8493938818573701,-139.21169592751696,0.8577702702702703,0.6753378378378379,0.6101351351351352,0.739527027027027,0.7448986486486487,False
EURUSD1440_comma,daily,20,500,long_short,price_slow,0.0025,-0.006835313470883508,-0.609363228630196,-0.8136195882429044,-0.024852651142945496,-0.2750335741474299,46,0.21739130434782608,0.8106044622499641,-165.94395060426743,0.8368243243243243,0.7168918918918918,0.6425675675675676,0.6790540540540541,0.7443243243243244,False
EURUSD1440_comma,daily,100,500,long_short,slow_slope,0.0,-0.005496083897505555,-0.629018861919945,-0.8230621629422546,-0.018948731249178136,-0.2900502321359345,25,0.4,0.737930186402167,-294.9443386632671,0.8216216216216217,0.7712837837837838,0.7006756756756757,0.5503378378378379,0.7441554054054055,False
EURUSD1440_comma,daily,30,200,long_only,none,0.0,-0.002259030465929235,-0.7848334754234354,-1.0560617220804847,-0.015755665748800482,-0.14337892805965502,21,0.23809523809523808,0.8510314385883735,-169.57565400899136,0.6746621621621621,0.7942567567567568,0.8206081081081081,0.7435810810810811,0.7440878378378379,False
EURUSD1440_comma,daily,10,75,long_short,none,0.0025,-0.008018587172779368,-0.5745688941895045,-0.7849377511837644,-0.029332877732295037,-0.2733651722125794,108,0.24074074074074073,0.8617593687718917,-119.93102203879289,0.8625,0.6726351351351352,0.5844594594594594,0.7574324324324324,0.7436655405405406,False
EURUSD1440_comma,daily,20,150,long_only,none,0.005,-0.0018770012859604668,-0.8251392638547572,-1.1119919660787965,-0.0118920677969362,-0.1578364097826659,25,0.24,0.9079627299979832,-112.01093663369804,0.6253378378378378,0.8219594594594595,0.8337837837837838,0.8040540540540541,0.7429898648648648,False
EURUSD1440_comma,daily,75,250,long_short,none,0.0,-0.008282841964291854,-0.5622369380842099,-0.7437786548297831,-0.024099047606366053,-0.3436999710355293,27,0.3333333333333333,0.7979674710898588,-428.9121847171299,0.8712837837837838,0.727027027027027,0.5706081081081081,0.6554054054054054,0.7427027027027028,False
EURUSD1440_comma,daily,50,75,long_short,fast_slope,0.0025,-0.00636888309356054,-0.6775036766360315,-0.9225753635046957,-0.024602766120198974,-0.25886857853482015,144,0.3194444444444444,0.8932461662199319,-62.02689509803344,0.7763513513513514,0.720945945945946,0.6621621621621622,0.7918918918918919,0.7419932432432432,False
EURUSD1440_comma,daily,5,400,long_short,price_slow,0.0025,-0.007699012799001315,-0.5975759920784625,-0.8046696021181987,-0.02639151385731835,-0.2917230455450506,60,0.16666666666666666,0.8346244368581673,-153.21081550903827,0.8449324324324324,0.7023648648648648,0.6033783783783784,0.7152027027027027,0.7415202702702703,False
EURUSD1440_comma,daily,5,250,long_short,none,0.005,-0.007809265908136909,-0.5853029503938768,-0.7774387028187199,-0.028596792296166736,-0.2730818837042679,69,0.17391304347826086,0.8429187086909262,-152.1931012537872,0.8574324324324324,0.6797297297297298,0.5952702702702702,0.7300675675675675,0.7414695945945946,False
EURUSD1440_comma,daily,40,400,long_short,fast_slope,0.001,-0.004999661715164194,-0.7230241865374579,-0.9909092104781319,-0.024759783138679055,-0.20192671669057793,165,0.26666666666666666,0.9147392491606942,-41.90624275093455,0.7402027027027027,0.7195945945945946,0.7182432432432433,0.8108108108108109,0.7412500000000001,False
EURUSD1440_comma,daily,10,100,long_short,none,0.005,-0.00818598161494244,-0.6070775225567261,-0.8103803327348368,-0.02587994502429446,-0.3163059893387701,92,0.25,0.8606371758367661,-127.45828573966976,0.839527027027027,0.706081081081081,0.5766891891891892,0.7554054054054054,0.7409797297297296,False
EURUSD1440_comma,daily,10,400,long_short,price_slow,0.0,-0.007854892183566164,-0.6029823363399073,-0.8141823034922812,-0.0251807487294244,-0.311940374290281,79,0.16455696202531644,0.8335152038066019,-122.78238893523726,0.8418918918918918,0.714527027027027,0.5912162162162162,0.7141891891891892,0.7407601351351351,False
EURUSD1440_comma,daily,75,150,long_short,fast_slope,0.0,-0.007614362002203445,-0.6338975276885821,-0.8406836627638192,-0.026335344490624232,-0.2891309056129594,156,0.27564102564102566,0.8752782291372292,-73.73097271529387,0.8182432432432433,0.7030405405405405,0.6074324324324324,0.7739864864864865,0.740641891891892,False
EURUSD1440_comma,daily,50,400,long_only,none,0.0,-0.0008699466056347749,-0.8420773834861623,-1.1383242274993104,-0.006546039860420524,-0.13289662516336842,9,0.4444444444444444,0.8549005167020771,-153.96863424103768,0.5996621621621622,0.8587837837837838,0.8685810810810811,0.7479729729729729,0.740472972972973,True
EURUSD1440_comma,daily,50,200,long_only,price_slow,0.001,-0.001157851652900277,-0.8565062680973924,-1.153168372443171,-0.008765253321838869,-0.1320956292290444,36,0.2777777777777778,0.9364059596323173,-51.12043046943555,0.5824324324324325,0.8412162162162162,0.8611486486486486,0.8327702702702703,0.7404222972972974,False
EURUSD1440_comma,daily,30,75,long_only,none,0.0,-0.0033385058185222416,-0.780781120998579,-1.092979137817254,-0.020163266043367885,-0.16557366308323573,42,0.2619047619047619,0.9128889004667935,-105.53497077383024,0.6793918918918919,0.7614864864864865,0.7831081081081082,0.8087837837837838,0.7400675675675676,False
EURUSD1440_comma,daily,75,300,long_short,fast_slope,0.0,-0.007054253835014124,-0.6796466900151477,-0.9065355809522359,-0.022198731083425596,-0.3177773454033638,147,0.2789115646258503,0.8796410455445275,-67.53813577336484,0.7736486486486487,0.7493243243243243,0.6327702702702702,0.7777027027027027,0.7400000000000001,False
EURUSD1440_comma,daily,50,100,long_only,none,0.0,-0.0027739269582359727,-0.7844597057483013,-1.0665933708007087,-0.019381769640162416,-0.14312041726509384,26,0.2692307692307692,0.8851483638461668,-155.8704019682805,0.6753378378378379,0.7668918918918919,0.8027027027027027,0.783445945945946,0.7399155405405405,False
EURUSD1440_comma,daily,10,500,long_only,slow_slope,0.001,0.0009034046501472659,-0.9676244805519565,-1.352178543169168,0.0064873801506482335,-0.13925569785778558,15,0.4,1.1033362682234567,69.59097293775767,0.46621621621621623,0.9195945945945946,0.9141891891891892,0.9358108108108109,0.7395945945945946,True
EURUSD1440_comma,daily,75,100,long_only,none,0.005,0.0021947181522565806,-1.0201772287444704,-1.4136353107868613,0.018864286951212533,-0.11634249192310508,22,0.5,1.2097805382278577,162.61279889427144,0.4152027027027027,0.9611486486486487,0.9405405405405406,0.9655405405405405,0.7393074324324325,False
EURUSD1440_comma,daily,10,75,long_short,none,0.001,-0.008783445269224366,-0.5573204568735011,-0.7712916521931226,-0.029401412397067585,-0.2987422900166661,108,0.25925925925925924,0.858371536637518,-127.47480545378261,0.8756756756756757,0.6722972972972973,0.5391891891891892,0.7523648648648649,0.7390371621621622,False
EURUSD1440_comma,daily,10,50,long_short,none,0.0025,-0.008868566171287506,-0.5860663817644765,-0.7994403123940623,-0.025994060281244794,-0.34117664094540645,126,0.30158730158730157,0.8610860679867695,-112.56999629184428,0.8554054054054054,0.7054054054054054,0.5344594594594595,0.7560810810810811,0.7388175675675677,False
EURUSD1440_comma,daily,5,150,long_short,price_slow,0.005,-0.008356777826428963,-0.5988762643499506,-0.8000082591959737,-0.026095377133028487,-0.3202397797827542,106,0.19811320754716982,0.8518877261792867,-108.31136918351197,0.8442567567567567,0.7043918918918919,0.5655405405405406,0.7445945945945946,0.738597972972973,False
EURUSD1440_comma,daily,40,500,long_short,price_slow,0.001,-0.007105128344354172,-0.620854080221368,-0.8256192302426134,-0.025412575971808675,-0.2795910321030113,52,0.21153846153846154,0.814962314176757,-145.38708034280336,0.8273648648648648,0.7114864864864865,0.6297297297297297,0.6841216216216216,0.7373817567567568,False
EURUSD1440_comma,daily,60,250,long_only,price_slow,0.005,-0.00021415951757097762,-0.9150155773548861,-1.22728298746465,-0.0017262987285127185,-0.1240570441452421,25,0.36,0.9813413329903588,-13.71254812524659,0.5199324324324325,0.8837837837837837,0.8885135135135135,0.8706081081081081,0.7372128378378379,False
EURUSD1440_comma,daily,50,500,long_short,price_slow,0.0025,-0.007033672186705697,-0.6293196434470104,-0.8296680706112898,-0.025745160362454694,-0.27320366576404054,43,0.2558139534883721,0.820422172562201,-152.43501825422916,0.8212837837837837,0.7084459459459459,0.6341216216216217,0.6949324324324324,0.7366891891891891,False
EURUSD1440_comma,daily,40,75,long_only,combined,0.005,0.001957228254383603,-0.9970226796905122,-1.4060438599589917,0.010789109473169224,-0.18140776671614223,56,0.375,1.1405185695875533,62.68039777294512,0.43445945945945946,0.9337837837837838,0.9354729729729729,0.9466216216216217,0.7363175675675676,False
EURUSD1440_comma,daily,50,500,long_short,none,0.0025,-0.007005334394575069,-0.5973881653699117,-0.7899942774742127,-0.02651515635213766,-0.26420113468462714,16,0.4375,0.7850404805106657,-420.60893738810057,0.8452702702702702,0.7013513513513514,0.6351351351351351,0.6358108108108108,0.7358445945945946,True
EURUSD1440_comma,daily,60,150,long_only,none,0.001,-0.002506609221144762,-0.8000465211125617,-1.0765641949630675,-0.016879819877439705,-0.1484973915210379,17,0.4117647058823529,0.8597428467003819,-232.0030934086541,0.6574324324324324,0.7868243243243244,0.8131756756756757,0.7543918918918919,0.735472972972973,True
EURUSD1440_comma,daily,60,100,long_short,fast_slope,0.005,-0.005933114328676825,-0.7076691504185447,-0.9461774662833818,-0.022647355378284613,-0.26197824114888857,99,0.3333333333333333,0.8551321086099359,-99.34374542058491,0.7503378378378378,0.7449324324324325,0.6827702702702703,0.7486486486486487,0.7352195945945946,False
EURUSD1440_comma,daily,60,75,long_only,fast_slope,0.0025,0.0010695737215205003,-0.977596121311948,-1.3596843699970054,0.007541067677474489,-0.14183319488238588,44,0.38636363636363635,1.059163017139919,39.28916237188458,0.4564189189189189,0.922972972972973,0.9182432432432432,0.918918918918919,0.7347972972972973,False
EURUSD1440_comma,daily,40,500,long_short,none,0.005,-0.006673582321758853,-0.6110203216251818,-0.808977263221314,-0.025790527495109024,-0.25876098590943697,19,0.3157894736842105,0.7776962925299062,-356.36025375579385,0.8351351351351352,0.7081081081081081,0.6506756756756756,0.6212837837837838,0.7344087837837838,True
EURUSD1440_comma,daily,5,150,long_only,price_slow,0.005,-0.0021226950123214294,-0.8407207371597504,-1.1309446727710095,-0.009842032705321248,-0.21567648430732822,47,0.2127659574468085,0.9053423682378823,-71.26785774651714,0.6010135135135135,0.8337837837837838,0.825,0.8023648648648649,0.7342060810810811,False
EURUSD1440_comma,daily,40,100,long_only,none,0.0025,-0.002367976510369685,-0.8232886771914266,-1.1408110333599535,-0.013791129601399221,-0.1717028683516566,26,0.38461538461538464,0.8868208667336355,-131.71088428019718,0.6277027027027027,0.8064189189189189,0.8175675675675675,0.7858108108108108,0.734070945945946,False
EURUSD1440_comma,daily,30,300,long_only,none,0.005,-0.0008658526893652319,-0.8756334324061951,-1.2000465704469805,-0.007082942555773624,-0.12224477080637008,13,0.3076923076923077,0.9182697582712733,-106.09530600403413,0.5601351351351351,0.8557432432432432,0.8689189189189189,0.8145270270270271,0.7339527027027027,True
EURUSD1440_comma,daily,5,200,long_only,price_slow,0.001,-0.002540876829455252,-0.8144118048628768,-1.1035915386290105,-0.0155618782175371,-0.16327571736115176,43,0.20930232558139536,0.8820333459855307,-92.95224406839313,0.6385135135135135,0.7949324324324324,0.8121621621621622,0.7800675675675676,0.7335810810810811,False
EURUSD1440_comma,daily,50,300,long_short,slow_slope,0.001,-0.006924684804982761,-0.6117420230980697,-0.8157749660877869,-0.030367952178756638,-0.22802607051741874,68,0.2647058823529412,0.8307187568813063,-131.2238444893416,0.8337837837837838,0.6601351351351351,0.6391891891891892,0.7101351351351352,0.7329054054054054,False
EURUSD1440_comma,daily,5,250,long_only,price_slow,0.0025,-0.0019752675274032905,-0.8377818895341455,-1.1363247395930498,-0.011989308753849655,-0.1647524113322255,35,0.14285714285714285,0.8929585239704941,-89.15409324136924,0.6054054054054054,0.8212837837837837,0.8307432432432432,0.7915540540540541,0.7323648648648649,False
EURUSD1440_comma,daily,30,500,long_short,price_slow,0.0,-0.007236670052385152,-0.6141434627226474,-0.8207535756850093,-0.025985978739954466,-0.27848364399908043,56,0.17857142857142858,0.797814574605455,-153.73883458331557,0.8320945945945946,0.7057432432432432,0.6233108108108109,0.6550675675675676,0.732195945945946,False
EURUSD1440_comma,daily,30,200,long_only,price_slow,0.0,-0.0019050875482399254,-0.8392064793465104,-1.131822680210288,-0.012825074574309817,-0.14854397432168132,43,0.18604651162790697,0.8998400321398997,-70.02581413602118,0.6037162162162162,0.8148648648648649,0.8334459459459459,0.7976351351351352,0.7315371621621621,False
EURUSD1440_comma,daily,30,300,long_only,price_slow,0.0025,-0.0007984040936371839,-0.8904699715516529,-1.2197094036612963,-0.006251686878913469,-0.12771018592280248,28,0.14285714285714285,0.9363829013519293,-45.44436907356781,0.5408783783783784,0.8618243243243243,0.870945945945946,0.8324324324324325,0.7308614864864866,False
EURUSD1440_comma,daily,60,300,long_short,slow_slope,0.0,-0.007279912802610755,-0.6129677249917855,-0.8173965812139963,-0.02924795107384371,-0.24890334315148466,68,0.27941176470588236,0.8204169400378012,-131.40010688835596,0.8334459459459459,0.6736486486486486,0.6202702702702703,0.6945945945945946,0.7300337837837837,False
EURUSD1440_comma,daily,30,300,long_short,slow_slope,0.005,-0.006959088850134187,-0.621879271753086,-0.8304032672496081,-0.030710711211191326,-0.22660135749634536,62,0.24193548387096775,0.8346425819718623,-139.08698010121492,0.8260135135135135,0.6567567567567567,0.6375,0.7155405405405405,0.7294256756756756,False
EURUSD1440_comma,daily,40,300,long_only,price_slow,0.0025,-0.0006891183112860411,-0.9005495139977681,-1.2225713764991928,-0.006301456902642568,-0.1093585692853114,27,0.2222222222222222,0.9465819037507794,-40.710050967070906,0.5314189189189189,0.8611486486486486,0.8736486486486487,0.8422297297297298,0.7289189189189189,False
EURUSD1440_comma,daily,10,500,long_only,slow_slope,0.0025,0.0006578830021535254,-0.979297203215385,-1.3661990331710425,0.004551839774976221,-0.14453123015670344,16,0.375,1.0485665694562194,33.96455901907987,0.45472972972972975,0.9135135135135135,0.908445945945946,0.9128378378378378,0.7288851351351351,True
EURUSD1440_comma,daily,50,250,long_short,none,0.0,-0.008474760973448014,-0.5647990032214426,-0.7472858719407116,-0.028327250915583958,-0.29917343545630504,29,0.3448275862068966,0.8015333314093929,-376.5346340315949,0.8689189189189189,0.6810810810810811,0.5564189189189189,0.6628378378378378,0.7285472972972973,False
EURUSD1440_comma,daily,20,50,long_only,none,0.005,-0.0018121210936629106,-0.8753030939306318,-1.1937217731934096,-0.007258284058066577,-0.24966246555878302,47,0.3617021276595745,0.9267615955422491,-62.47027641347573,0.5608108108108109,0.8543918918918919,0.835472972972973,0.8233108108108108,0.7285135135135137,False
EURUSD1440_comma,daily,5,150,long_only,none,0.001,-0.0033848426432442347,-0.8073456408775721,-1.0878641419590203,-0.018817492837469408,-0.17987745086339735,44,0.25,0.8865796787650413,-104.80790551418305,0.6510135135135136,0.7726351351351352,0.7827702702702702,0.785472972972973,0.7279391891891892,False
EURUSD1440_comma,daily,60,500,long_short,none,0.001,-0.007079045792485972,-0.5918890726726588,-0.7865581123766476,-0.024542982278163573,-0.2884346210356169,16,0.5,0.7281628775120457,-543.4705149539275,0.852027027027027,0.722972972972973,0.6307432432432433,0.5317567567567567,0.7274662162162162,True
EURUSD1440_comma,daily,100,500,long_short,slow_slope,0.0025,-0.0054504285917074125,-0.6373092427791016,-0.8319330623490669,-0.020049292287240443,-0.27185142066965207,24,0.4166666666666667,0.7040539595349132,-312.0102388454655,0.8128378378378378,0.7625,0.7023648648648648,0.47331081081081083,0.7272297297297297,False
EURUSD1440_comma,daily,75,300,long_only,none,0.0025,-0.0013402021065850311,-0.8524520366322543,-1.1455975394852882,-0.010155901797448377,-0.1319628855530831,9,0.4444444444444444,0.8613723821360593,-236.3621722415142,0.585472972972973,0.831418918918919,0.8581081081081081,0.7567567567567568,0.7271790540540541,True
EURUSD1440_comma,daily,5,150,long_short,none,0.0025,-0.009058726472291334,-0.5859190149595029,-0.794338653940444,-0.02965152691641149,-0.30550623911639174,96,0.22916666666666666,0.849769275091968,-132.54857496249534,0.856418918918919,0.6699324324324324,0.5226351351351352,0.7408783783783783,0.7257094594594596,False
EURUSD1440_comma,daily,50,150,long_only,slow_slope,0.0025,-0.001659708490916012,-0.861442091467605,-1.1570655910990724,-0.01142091044255849,-0.145321907501466,28,0.32142857142857145,0.9013777771625527,-93.86071399364637,0.575,0.8256756756756757,0.8422297297297298,0.7986486486486486,0.7246621621621622,False
EURUSD1440_comma,daily,30,150,long_short,fast_slope,0.001,-0.007327042378396764,-0.697763030224804,-0.9441348321977254,-0.02583213375120293,-0.2836406178818103,210,0.3476190476190476,0.9040530109203407,-48.371977629584606,0.7574324324324324,0.7067567567567568,0.6185810810810811,0.8006756756756757,0.7234797297297297,False
EURUSD1440_comma,daily,100,150,long_short,combined,0.001,-0.006836479715016774,-0.6600903481877984,-0.8684060457890983,-0.029917973275345382,-0.2285074477504978,122,0.2786885245901639,0.8514337639623806,-89.56659076858018,0.7912162162162162,0.6675675675675675,0.6422297297297297,0.7442567567567567,0.7234628378378378,False
EURUSD1440_comma,daily,100,500,long_short,slow_slope,0.001,-0.005631904183176162,-0.6354919606356891,-0.8312458290315765,-0.019350663169488993,-0.29104450497883827,25,0.36,0.6898063072994538,-348.33306352577426,0.8152027027027027,0.7672297297297297,0.6966216216216217,0.4412162162162162,0.7233952702702703,False
EURUSD1440_comma,daily,100,300,long_short,fast_slope,0.0025,-0.006436001466489705,-0.6825986768051152,-0.9001492020766934,-0.02735708065159843,-0.23525907418464476,123,0.2682926829268293,0.8472986553890289,-80.77894004869668,0.7706081081081081,0.6925675675675675,0.658445945945946,0.7347972972972973,0.723293918918919,False
EURUSD1440_comma,daily,10,150,long_only,slow_slope,0.0,-0.0021422989691552985,-0.8451284055975188,-1.1479016624820666,-0.014395513674800142,-0.14881712577616935,45,0.24444444444444444,0.895000969810449,-76.25010093653385,0.5952702702702702,0.8037162162162163,0.8243243243243243,0.7925675675675675,0.7227871621621621,False
EURUSD1440_comma,daily,60,300,long_short,fast_slope,0.0025,-0.0072563301884507325,-0.7136853168755924,-0.9507182419351667,-0.022646838283106964,-0.320412505169142,150,0.30666666666666664,0.8630078964867463,-74.38263749265663,0.7456081081081081,0.7452702702702703,0.6212837837837838,0.7581081081081081,0.7225337837837837,False
EURUSD1440_comma,daily,20,300,long_only,none,0.005,-0.0013816004687227101,-0.8769746496370716,-1.2055171824462905,-0.008742761825891633,-0.15802792026555146,16,0.3125,0.8848308784482549,-137.01807845409633,0.558445945945946,0.8418918918918918,0.8557432432432432,0.7831081081081082,0.7224662162162162,True
EURUSD1440_comma,daily,20,75,long_only,none,0.0025,-0.002759387611983355,-0.8298138238030399,-1.142828774976535,-0.01749826258377817,-0.15769494821397045,41,0.2926829268292683,0.904343907508599,-88.95608065459362,0.6148648648648649,0.7810810810810811,0.8033783783783783,0.8013513513513514,0.7220945945945947,False
EURUSD1440_comma,daily,20,50,long_short,none,0.001,-0.009966895424881383,-0.585679205913265,-0.8043932252901053,-0.02760356651685154,-0.36107274104586273,111,0.3153153153153153,0.8480011342291631,-133.1005031952014,0.8567567567567568,0.6905405405405406,0.4783783783783784,0.7361486486486486,0.7214358108108109,False
EURUSD1440_comma,daily,10,500,long_only,slow_slope,0.0,0.00031591785782869586,-0.978664957418572,-1.3641784534030952,0.00202426231942951,-0.1560656713294598,15,0.4,0.9925207992260145,-5.433119964941519,0.4554054054054054,0.9050675675675676,0.902027027027027,0.8814189189189189,0.7210472972972972,True
EURUSD1440_comma,daily,20,75,long_short,slow_slope,0.0025,-0.007771248788266627,-0.6369256665017129,-0.8653470096713317,-0.03173973956417182,-0.2448428655992786,139,0.23741007194244604,0.8682856913432918,-80.89031123111975,0.8131756756756757,0.6432432432432432,0.597972972972973,0.7641891891891892,0.7203040540540542,False
EURUSD1440_comma,daily,30,150,long_short,fast_slope,0.0025,-0.0073472092864097505,-0.7120606319077694,-0.9616516421713449,-0.025326733042161872,-0.2900970004373923,200,0.335,0.9002604802841815,-49.34454148400143,0.7466216216216216,0.7128378378378378,0.6179054054054054,0.797972972972973,0.7201351351351352,False
EURUSD1440_comma,daily,100,400,long_short,none,0.0,-0.008260866199464423,-0.5902559872907842,-0.7883611536286005,-0.027025761045510657,-0.3056663671951123,14,0.42857142857142855,0.7659272689908796,-573.102462802666,0.8527027027027027,0.6969594594594595,0.5719594594594595,0.6013513513513513,0.7199155405405406,True
EURUSD1440_comma,daily,50,75,long_only,price_slow,0.0025,-0.0005142273351762539,-0.9526150774507954,-1.3339062937437396,-0.002761950949204542,-0.18618264575783083,58,0.3448275862068966,0.9845130735377354,-8.737305774240571,0.48412162162162165,0.8780405405405406,0.8773648648648649,0.8743243243243243,0.7197804054054053,False
EURUSD1440_comma,daily,100,150,long_short,combined,0.005,-0.005767317169320996,-0.7267719418706395,-0.9562993451597456,-0.024570475120258575,-0.234725504537183,68,0.25,0.8254587675030316,-143.98215867547216,0.7364864864864865,0.7222972972972973,0.6908783783783784,0.7043918918918919,0.7190033783783785,False
EURUSD1440_comma,daily,5,200,long_only,none,0.005,-0.002436044412102323,-0.8373962288603075,-1.1395377327029155,-0.016598790544169698,-0.1467603561608879,35,0.22857142857142856,0.8774116333880537,-109.5727402342503,0.6067567567567568,0.7878378378378378,0.8148648648648649,0.7756756756756756,0.7189864864864864,False
EURUSD1440_comma,daily,20,300,long_short,slow_slope,0.001,-0.007660415755267214,-0.622039957726292,-0.8346270022918693,-0.031068834336729953,-0.24656270242527178,74,0.22972972972972974,0.8214980318249947,-128.95090530381472,0.8256756756756757,0.6523648648648649,0.6054054054054054,0.6962837837837837,0.7188851351351351,False
EURUSD1440_comma,daily,50,500,long_only,slow_slope,0.0,0.0010046307460260806,-0.9821108531012533,-1.336476973372678,0.009193324967819778,-0.10927828065935663,13,0.5384615384615384,0.9182026108656687,-43.199568932507766,0.45135135135135135,0.9273648648648649,0.9162162162162162,0.8138513513513513,0.7177027027027028,True
EURUSD1440_comma,daily,60,75,long_short,combined,0.0025,-0.0056777175714604056,-0.7522990545068581,-1.0117986233359662,-0.025203281724408683,-0.22527691566299846,110,0.2909090909090909,0.8738850418288666,-76.51152520740834,0.7108108108108108,0.7138513513513514,0.6949324324324324,0.7722972972972973,0.7176182432432433,False
EURUSD1440_comma,daily,20,300,long_short,slow_slope,0.0,-0.007755337092469006,-0.6216422707880195,-0.8359819382858719,-0.03160498186835016,-0.24538337420263956,77,0.22077922077922077,0.8249329936609047,-125.68874653157064,0.8266891891891892,0.6462837837837838,0.5993243243243244,0.7023648648648648,0.7174662162162162,False
EURUSD1440_comma,daily,5,150,long_short,slow_slope,0.0025,-0.008473251109305302,-0.6113373125769613,-0.8104498953645363,-0.03156915935998129,-0.26840281087897566,117,0.2564102564102564,0.8451980735065161,-99.01914924984419,0.8344594594594594,0.6466216216216216,0.5570945945945946,0.7331081081081081,0.7168243243243244,False
EURUSD1440_comma,daily,5,150,long_only,none,0.005,-0.0027402306328691006,-0.8500456080748278,-1.1441218837898242,-0.012752753061110013,-0.21487365275075654,45,0.2222222222222222,0.8802124861772858,-95.64708222561904,0.5871621621621622,0.8162162162162162,0.8054054054054054,0.7783783783783784,0.7167567567567569,False
EURUSD1440_comma,daily,60,75,long_short,price_slow,0.0025,-0.005834010779254939,-0.7485592091667589,-1.0087694324854648,-0.02566101662345335,-0.22734916799527105,114,0.2982456140350877,0.8717105792213802,-75.92468227255945,0.7155405405405405,0.7094594594594594,0.6878378378378378,0.7695945945945946,0.7165878378378379,False
EURUSD1440_comma,daily,50,75,long_only,price_slow,0.005,0.0011888892880089763,-1.0330535150536477,-1.4556675596274258,0.007797467704232484,-0.15247120387092394,39,0.3333333333333333,1.0706708388710269,49.31531731438282,0.4047297297297297,0.9236486486486486,0.9206081081081081,0.922972972972973,0.7153716216216216,False
EURUSD1440_comma,daily,20,400,long_only,none,0.001,-0.0015615867364919822,-0.8613347675586234,-1.1874414117817895,-0.012055593676989513,-0.12953213075458736,15,0.3333333333333333,0.8475972729470803,-164.96973634527032,0.5753378378378379,0.8206081081081081,0.8483108108108108,0.7351351351351352,0.7152195945945947,True
EURUSD1440_comma,daily,20,500,long_short,price_slow,0.0,-0.00790393899199926,-0.6190730384956837,-0.8308487952047034,-0.0276871917317071,-0.28547275825549856,56,0.17857142857142858,0.7800317049916835,-172.5698400310035,0.8287162162162162,0.6888513513513513,0.5881756756756756,0.6256756756756757,0.7151858108108108,False
EURUSD1440_comma,daily,50,400,long_only,none,0.001,-0.0014360338414980411,-0.8625429153767408,-1.1659333865603156,-0.00987306924196004,-0.1454495867804685,9,0.4444444444444444,0.8296915060986124,-253.0814517132145,0.5743243243243243,0.8334459459459459,0.8530405405405406,0.7094594594594594,0.7151182432432432,True
EURUSD1440_comma,daily,50,200,long_only,none,0.0,-0.0025617425286966755,-0.8195954812228443,-1.0875076490339508,-0.01927702962699507,-0.1328909369475303,15,0.4,0.8361744019371059,-268.60936345268567,0.6317567567567568,0.7679054054054054,0.8114864864864865,0.7195945945945946,0.7149155405405405,True
EURUSD1440_comma,daily,40,100,long_only,slow_slope,0.005,-0.0010972514423917001,-0.9400905565524007,-1.2861359694968486,-0.0057968840352466775,-0.18928297266602268,48,0.375,0.9506517232723346,-36.35016773985409,0.4966216216216216,0.8658783783783783,0.8631756756756757,0.845945945945946,0.7146452702702702,False
EURUSD1440_comma,daily,60,150,long_only,price_slow,0.001,-0.0019682418329013407,-0.8691233964199283,-1.1688915338356185,-0.01286733773032051,-0.15296418530022637,45,0.26666666666666666,0.8896307444413212,-69.09907012681141,0.5662162162162162,0.8141891891891891,0.831418918918919,0.7885135135135135,0.7145945945945946,False
EURUSD1440_comma,daily,60,250,long_short,slow_slope,0.005,-0.007729542336753714,-0.6367897938533519,-0.834670871041781,-0.030089366101640945,-0.2568861806740481,73,0.2876712328767123,0.8131886979536939,-149.41453178218106,0.8135135135135135,0.6648648648648648,0.6010135135135135,0.6827702702702703,0.7142398648648649,False
EURUSD1440_comma,daily,40,75,long_only,price_slow,0.005,-0.00038866736440235083,-0.9725459866104817,-1.3668520119332115,-0.0019581156163302436,-0.1984905085077472,46,0.32608695652173914,0.9897135367129668,-6.693344437824583,0.46114864864864863,0.8820945945945946,0.8820945945945946,0.8783783783783784,0.7131587837837838,False
EURUSD1440_comma,daily,5,200,long_only,price_slow,0.005,-0.0025891844906432704,-0.842519666906902,-1.1465344778478515,-0.017446340534674372,-0.14840845766464894,35,0.22857142857142856,0.8705618188637083,-116.32758852798683,0.5986486486486486,0.7814189189189189,0.8101351351351351,0.7672297297297297,0.7119256756756757,False
EURUSD1440_comma,daily,10,200,long_short,none,0.001,-0.008550813587099526,-0.5633656675728057,-0.7565780258108594,-0.03709740778825536,-0.23049625558491504,60,0.2,0.8437864275346416,-196.5010748350434,0.8702702702702703,0.5739864864864865,0.552027027027027,0.731081081081081,0.7116722972972973,False
EURUSD1440_comma,daily,40,300,long_only,none,0.001,-0.0018413554547022093,-0.8540959892052203,-1.1606241736832816,-0.016005658667399933,-0.11504402867547414,12,0.3333333333333333,0.8606276549929881,-242.64726438435454,0.5837837837837838,0.7918918918918919,0.8344594594594594,0.7550675675675675,0.7116385135135136,True
EURUSD1440_comma,daily,60,75,long_only,slow_slope,0.001,-0.0019508321442551768,-0.8972811485852279,-1.2385352690674474,-0.010183073133138073,-0.19157597306325125,57,0.2631578947368421,0.9220621386871412,-48.71353841058494,0.5344594594594595,0.831081081081081,0.8320945945945946,0.8185810810810811,0.7107601351351351,False
EURUSD1440_comma,daily,60,500,long_short,none,0.0025,-0.0077216216910959146,-0.6078072377623671,-0.8026176993116666,-0.02703019691058582,-0.285666497977745,15,0.4,0.7320345373832223,-540.9854743822311,0.8385135135135136,0.6966216216216217,0.6013513513513513,0.5391891891891892,0.7107094594594595,True
EURUSD1440_comma,daily,30,500,long_short,none,0.0025,-0.007666181587370646,-0.6069583561161843,-0.8153448648444398,-0.030205437442844294,-0.25380137605611053,24,0.2916666666666667,0.757996387379913,-344.91743922248537,0.8398648648648649,0.6635135135135135,0.6050675675675675,0.5841216216216216,0.7104560810810812,False
EURUSD1440_comma,daily,40,400,long_short,fast_slope,0.0,-0.006142176212942885,-0.7406069828091164,-1.0145954151000507,-0.0299050347494292,-0.20538936886071069,165,0.26666666666666666,0.8938962523422471,-51.497088253054564,0.7253378378378378,0.6679054054054054,0.6716216216216216,0.7922297297297297,0.7102702702702703,False
EURUSD1440_comma,daily,75,250,long_short,fast_slope,0.0025,-0.008106889545215878,-0.71073720849216,-0.9471438000032659,-0.024296704438224556,-0.3336621049092482,139,0.2733812949640288,0.8583900910463527,-85.68871348271425,0.7479729729729729,0.7253378378378378,0.581418918918919,0.7527027027027027,0.7097128378378378,False
EURUSD1440_comma,daily,60,200,long_short,fast_slope,0.005,-0.007454284831305391,-0.7080998832660202,-0.9288358436169034,-0.026124480939094117,-0.2853371459775259,128,0.328125,0.8500123435983264,-92.73963617888465,0.7496621621621622,0.7040540540540541,0.6128378378378379,0.7415540540540541,0.7096790540540541,False
EURUSD1440_comma,daily,75,200,long_short,fast_slope,0.0025,-0.007839443428289128,-0.681982208001883,-0.8886005792612915,-0.028750079674009575,-0.27267553750037365,135,0.2814814814814815,0.8574937063132055,-86.31061099283319,0.7716216216216216,0.6783783783783783,0.5922297297297298,0.7510135135135135,0.7093412162162163,False
EURUSD1440_comma,daily,30,500,long_only,slow_slope,0.0,0.002714261030538845,-0.9099855028229471,-1.2637190989599958,0.022351920028849347,-0.12143301457036271,14,0.42857142857142855,0.692013160005268,-195.31637034210266,0.525,0.9675675675675676,0.9493243243243243,0.4469594594594595,0.7088006756756757,True
EURUSD1440_comma,daily,40,500,long_short,price_slow,0.0,-0.00796268968141245,-0.6303972627145544,-0.839068296125482,-0.02835310163935811,-0.2808401628398606,54,0.2037037037037037,0.7780144113688695,-174.9170890125366,0.8199324324324324,0.6807432432432432,0.5864864864864865,0.6219594594594594,0.70875,False
EURUSD1440_comma,daily,75,150,long_only,fast_slope,0.005,-0.00023756356183501914,-0.9840586968197368,-1.3317013052197693,-0.0024055134568700307,-0.09875794340561639,51,0.3333333333333333,0.9857323318208531,-7.455110360575074,0.44966216216216215,0.8800675675675675,0.8871621621621621,0.875,0.7085641891891892,False
EURUSD1440_comma,daily,60,250,long_short,none,0.0,-0.00913650257673515,-0.5732654161095689,-0.7582563199609363,-0.029421658406822603,-0.3105366274872011,25,0.32,0.7698884839993586,-512.3167249197721,0.8648648648648649,0.6719594594594595,0.5182432432432432,0.606418918918919,0.7085472972972974,False
EURUSD1440_comma,daily,100,400,long_short,none,0.0025,-0.00834636999492433,-0.604752863533066,-0.80128124823554,-0.028846865336675534,-0.28933369007386955,14,0.42857142857142855,0.7625734671547363,-575.433572336673,0.8412162162162162,0.6766891891891892,0.5668918918918919,0.5945945945945946,0.7082263513513514,True
EURUSD1440_comma,daily,50,300,long_only,none,0.0025,-0.0017462429742716168,-0.8771794940639485,-1.1782031857397628,-0.012251364668752877,-0.14253456831020728,10,0.4,0.854027869707041,-276.33324929593823,0.5577702702702703,0.8195945945945946,0.8388513513513514,0.7469594594594594,0.7078209459459459,True
EURUSD1440_comma,daily,10,75,long_only,none,0.0025,-0.003938832536836134,-0.8286972557462556,-1.135687527859557,-0.016900990203817384,-0.23305335896511437,52,0.28846153846153844,0.8576479715772534,-124.91628789612747,0.6162162162162163,0.7861486486486486,0.7601351351351351,0.7513513513513513,0.7077533783783784,False
EURUSD1440_comma,daily,75,100,long_only,none,0.0,-0.0042845472318074895,-0.8114956526617765,-1.1003349947960293,-0.021331371466018195,-0.20085662277425342,34,0.35294117647058826,0.8495805137700326,-195.66566182660372,0.6452702702702703,0.7530405405405406,0.7476351351351351,0.7402027027027027,0.7069256756756758,False
EURUSD1440_comma,daily,5,300,long_short,none,0.005,-0.008158875394458476,-0.6004428016319592,-0.7999396772710449,-0.03642174370121635,-0.22401111438785948,61,0.18032786885245902,0.8277868155739686,-178.39013330484383,0.8429054054054054,0.5847972972972973,0.5800675675675676,0.7070945945945946,0.7054391891891891,False
EURUSD1440_comma,daily,50,75,long_only,combined,0.005,0.0013876431498389685,-1.070216852446392,-1.520558635256029,0.010367388902822693,-0.13384692740340431,41,0.36585365853658536,1.085168083075183,54.83392234776238,0.3716216216216216,0.9314189189189189,0.9243243243243243,0.927027027027027,0.7054222972972973,False
EURUSD1440_comma,daily,30,50,long_short,slow_slope,0.005,-0.006160290928897583,-0.7458094279937812,-1.0029313039814987,-0.029053235844029187,-0.21203458926120278,97,0.3917525773195876,0.8687616062142791,-93.5072017369179,0.7189189189189189,0.675,0.6706081081081081,0.7648648648648648,0.705168918918919,False
EURUSD1440_comma,daily,50,250,long_short,slow_slope,0.005,-0.007967591127761242,-0.6413059692631107,-0.844847867315988,-0.031373664471685464,-0.2539579377140322,75,0.26666666666666666,0.8094333829021636,-153.32963905550508,0.8094594594594594,0.6493243243243243,0.585472972972973,0.6760135135135135,0.7046114864864865,False
EURUSD1440_comma,daily,10,75,long_only,none,0.001,-0.004795591757533635,-0.8128074171489016,-1.1082268307116099,-0.01874763663247211,-0.2557971360095257,52,0.2692307692307692,0.8390788096643189,-148.09547140369915,0.6415540540540541,0.772972972972973,0.7277027027027027,0.7246621621621622,0.7041047297297297,False
EURUSD1440_comma,daily,10,150,long_only,slow_slope,0.001,-0.0024965511234948945,-0.8603898002249248,-1.1706192989835351,-0.01723328974004895,-0.14486793648534124,46,0.2826086956521739,0.8700567307213238,-86.50995478557887,0.5763513513513514,0.7827702702702702,0.8135135135135135,0.7668918918918919,0.7039695945945946,False
EURUSD1440_comma,daily,60,75,long_only,slow_slope,0.005,0.0038194932972466233,-1.1607084026952896,-1.6743383118735118,0.03355083127259962,-0.11384198699022807,25,0.32,1.4015738480421187,252.11431212624086,0.2905405405405405,0.9847972972972973,0.9658783783783784,0.9885135135135135,0.7038682432432433,False
EURUSD1440_comma,daily,60,300,long_short,fast_slope,0.005,-0.007832435701246254,-0.7320296258087974,-0.9768572934428569,-0.024596010373536203,-0.31844334029365484,138,0.2971014492753623,0.8504991967472159,-86.74053148336735,0.7334459459459459,0.7216216216216216,0.5929054054054054,0.7425675675675676,0.70375,False
EURUSD1440_comma,daily,100,400,long_short,price_slow,0.001,-0.008199220167916188,-0.6366114947447202,-0.8410704681050379,-0.03021469575820057,-0.27136530625799327,64,0.1875,0.7926320222471493,-142.08062445074998,0.8141891891891891,0.6628378378378378,0.5756756756756757,0.6476351351351352,0.7036655405405406,False
EURUSD1440_comma,daily,40,300,long_only,none,0.0,-0.002235875613033955,-0.8497772582406844,-1.1545514342635284,-0.017205079599598033,-0.1299543893470968,12,0.4166666666666667,0.83691208472884,-293.76657094708105,0.5881756756756756,0.7831081081081082,0.8222972972972973,0.720945945945946,0.7036486486486487,True
EURUSD1440_comma,daily,5,400,long_short,none,0.0025,-0.008891166509061188,-0.6112567924702432,-0.8240812906424729,-0.030917203784308303,-0.28757990441470016,53,0.22641509433962265,0.8024392128791429,-202.30616046512216,0.8347972972972973,0.6530405405405405,0.533445945945946,0.6648648648648648,0.703597972972973,False
EURUSD1440_comma,daily,20,75,long_only,none,0.001,-0.0043412937300338905,-0.8194210517471489,-1.1213976911755383,-0.018545277741879515,-0.2340915995143199,40,0.275,0.8349257290426592,-170.12601763959793,0.6320945945945946,0.7760135135135136,0.7456081081081081,0.7172297297297298,0.7035472972972974,False
EURUSD1440_comma,daily,20,100,long_short,slow_slope,0.005,-0.008023410744509407,-0.6592149331273117,-0.8837703979615006,-0.032784549000360895,-0.2447314661678306,115,0.25217391304347825,0.8533696918101393,-102.42163749054484,0.7915540540540541,0.6327702702702702,0.5841216216216216,0.7456081081081081,0.7034797297297298,False
EURUSD1440_comma,daily,50,100,long_only,none,0.005,-0.0014507576852115234,-0.9371105988169863,-1.2743984248638882,-0.008742513101882605,-0.1659428665767877,22,0.4090909090909091,0.9185889832668671,-104.58331750475867,0.49898648648648647,0.8422297297297298,0.8523648648648648,0.8148648648648649,0.7028547297297296,False
EURUSD1440_comma,daily,50,500,long_short,price_slow,0.001,-0.00822491588966312,-0.6432267695643219,-0.8486763999935824,-0.029196980929281018,-0.28170432790927813,49,0.24489795918367346,0.7882625460355389,-166.42523686951097,0.8057432432432432,0.6739864864864865,0.5743243243243243,0.6402027027027027,0.7016891891891892,False
EURUSD1440_comma,daily,50,150,long_only,price_slow,0.005,-0.0017722041654890663,-0.920758207802851,-1.231775814270305,-0.010832621059903534,-0.163598833162253,36,0.3055555555555556,0.9041720984135442,-77.88525589153234,0.5165540540540541,0.8287162162162162,0.8378378378378378,0.8010135135135135,0.7015202702702702,False
EURUSD1440_comma,daily,40,250,long_only,price_slow,0.001,-0.0020639920477826257,-0.8829357752171929,-1.1940606524240607,-0.014570483474887801,-0.14165570081047152,34,0.17647058823529413,0.8616729621995615,-95.83495781312806,0.5506756756756757,0.8030405405405405,0.8280405405405405,0.7570945945945946,0.7002027027027027,False
EURUSD1440_comma,daily,5,400,long_short,none,0.001,-0.009239116644959355,-0.6092571282929593,-0.8243026698057015,-0.031410644098694755,-0.2941396749436055,61,0.14754098360655737,0.8018554022145807,-181.88181966966255,0.8375,0.647972972972973,0.5152027027027027,0.6638513513513513,0.6996114864864865,False
EURUSD1440_comma,daily,40,75,long_short,price_slow,0.005,-0.0069868085748128195,-0.7095566777376322,-0.9650037768289508,-0.03194342210633122,-0.21872448579728176,105,0.26666666666666666,0.8549674938004596,-98.30901106931356,0.7489864864864865,0.6415540540540541,0.6361486486486486,0.7483108108108109,0.6994594594594594,False
EURUSD1440_comma,daily,100,200,long_short,fast_slope,0.0025,-0.007247098236152327,-0.6652440959989449,-0.8649199452153477,-0.03431021285086187,-0.21122277112222232,119,0.31932773109243695,0.8320883809802407,-92.69018994450063,0.7861486486486486,0.6138513513513514,0.6229729729729729,0.7125,0.699391891891892,False
EURUSD1440_comma,daily,60,100,long_only,none,0.0,-0.004013938897844849,-0.8139106093127177,-1.1043846850036656,-0.0207083699643791,-0.1938317165836475,26,0.3076923076923077,0.8135792526315848,-240.19424427082518,0.6398648648648648,0.7574324324324324,0.7577702702702702,0.683445945945946,0.6993750000000001,False
EURUSD1440_comma,daily,75,300,long_only,none,0.0,-0.002109206964853838,-0.8548261125819694,-1.149178344135796,-0.015015875230127082,-0.140465136565735,9,0.4444444444444444,0.8077520421334305,-369.8490511651282,0.5834459459459459,0.7989864864864865,0.8260135135135135,0.6733108108108108,0.6993243243243243,True
EURUSD1440_comma,daily,5,150,long_only,price_slow,0.0,-0.004086307132916134,-0.8405534991703305,-1.1332372877741443,-0.01847327042114295,-0.22120106725874,62,0.14516129032258066,0.8598078003575141,-91.65034388765407,0.6013513513513513,0.7766891891891892,0.7547297297297297,0.7547297297297297,0.6988682432432433,False
EURUSD1440_comma,daily,5,400,long_short,price_slow,0.001,-0.009462505183239767,-0.6163177317346038,-0.8319172232617279,-0.03023909122684476,-0.31292293515882597,78,0.1282051282051282,0.8074694879256347,-148.61936948438688,0.8297297297297297,0.6618243243243244,0.5027027027027027,0.672972972972973,0.6988344594594594,False
EURUSD1440_comma,daily,30,250,long_only,price_slow,0.001,-0.0023632101956398976,-0.8733857394286273,-1.1863080974337679,-0.01580389531465886,-0.14953339974657442,37,0.13513513513513514,0.8508109137449755,-100.60572624027964,0.5628378378378378,0.7932432432432432,0.8182432432432433,0.7432432432432432,0.6985810810810812,False
EURUSD1440_comma,daily,30,75,long_short,slow_slope,0.0025,-0.008661754869818239,-0.6481118727724576,-0.8816574150701363,-0.03387152313649943,-0.25572380772225933,144,0.2916666666666667,0.8644532711888001,-84.7570791220466,0.8013513513513514,0.6185810810810811,0.5452702702702703,0.7601351351351351,0.6982601351351353,False
EURUSD1440_comma,daily,5,250,long_only,price_slow,0.0,-0.002993888471364947,-0.844077964999562,-1.1397482034722075,-0.019991150400848933,-0.14976068967185652,39,0.15384615384615385,0.8445150855115882,-120.34955177969958,0.5969594594594595,0.7631756756756757,0.7925675675675675,0.7317567567567568,0.6978547297297297,False
EURUSD1440_comma,daily,40,300,long_short,combined,0.0025,-0.0059346782518732155,-0.7597941784689313,-1.0351574006487712,-0.03135903941290585,-0.189249363595965,162,0.2716049382716049,0.8825195779247477,-51.43225816356579,0.7027027027027027,0.6496621621621622,0.6824324324324325,0.7807432432432433,0.6970945945945947,False
EURUSD1440_comma,daily,100,150,long_only,slow_slope,0.0025,-0.0016180144893463977,-0.9200356164188295,-1.2280415165992982,-0.013033908991725266,-0.12413885123592727,30,0.3,0.8904482442853031,-85.42931339413744,0.5168918918918919,0.8128378378378378,0.8435810810810811,0.7891891891891892,0.6970608108108108,False
EURUSD1440_comma,daily,30,150,long_short,combined,0.001,-0.008065951064629817,-0.7411731686614831,-0.9957314314959017,-0.027338905599358327,-0.2950356236944296,197,0.30456852791878175,0.8838650573166846,-56.76459126501488,0.7246621621621622,0.6932432432432433,0.5831081081081081,0.7810810810810811,0.6969594594594595,False
EURUSD1440_comma,daily,40,500,long_short,price_slow,0.005,-0.00810230496783848,-0.6518316694308256,-0.8596642613306973,-0.027796358690472967,-0.2914879987721376,40,0.225,0.7649964174920835,-215.1901570707942,0.7966216216216216,0.6875,0.5820945945945946,0.6,0.6969425675675676,False
EURUSD1440_comma,daily,60,75,long_only,none,0.005,0.0034351342059255607,-1.1722973760289301,-1.6895053390890336,0.03017458054575615,-0.11384198699022807,26,0.3076923076923077,1.3469736751092207,217.38976646319085,0.27837837837837837,0.9797297297297297,0.960472972972973,0.9824324324324324,0.6957432432432433,False
EURUSD1440_comma,daily,75,300,long_short,slow_slope,0.001,-0.00857274924173479,-0.6354480502251368,-0.8475179664370552,-0.030860466139402982,-0.2777906595127223,66,0.25757575757575757,0.7852503995932402,-164.66397873997516,0.8155405405405406,0.654054054054054,0.55,0.6364864864864865,0.6952027027027028,False
EURUSD1440_comma,daily,30,75,long_only,none,0.001,-0.0043457168694786,-0.8291047310497545,-1.1647895996138453,-0.02361850854136734,-0.18399624438042583,40,0.3,0.8787074261899035,-152.24816599285182,0.6155405405405405,0.7334459459459459,0.7449324324324325,0.777027027027027,0.6951182432432432,False
EURUSD1440_comma,daily,40,150,long_only,price_slow,0.0025,-0.002936178476788953,-0.8840545966416492,-1.1755947228922943,-0.013629304544254608,-0.21543127657432015,44,0.25,0.861261800266057,-104.66237786217174,0.55,0.8067567567567567,0.7966216216216216,0.7564189189189189,0.6944763513513513,False
EURUSD1440_comma,daily,100,400,long_short,price_slow,0.0,-0.008742054231190122,-0.6399752500246217,-0.8462990085092008,-0.03003914785351514,-0.2910220447604055,65,0.2,0.7804023083623034,-157.89950635778436,0.8114864864864865,0.6658783783783784,0.5415540540540541,0.6266891891891891,0.6933783783783783,False
EURUSD1440_comma,daily,5,200,long_only,price_slow,0.0025,-0.0035542980684724057,-0.8421269431781858,-1.1406595111884705,-0.02056092421503715,-0.17286664895505932,43,0.20930232558139536,0.8384503772161277,-129.04480473956576,0.5993243243243244,0.7591216216216217,0.7763513513513514,0.7222972972972973,0.693125,False
EURUSD1440_comma,daily,60,150,long_short,price_slow,0.0025,-0.008328305245739576,-0.6342842014962733,-0.833253830139927,-0.03533027392542805,-0.23572716314960396,90,0.26666666666666666,0.8133349847900757,-143.17089402545813,0.8172297297297297,0.6,0.5685810810810811,0.6831081081081081,0.6930743243243244,False
EURUSD1440_comma,daily,100,150,long_only,slow_slope,0.001,-0.002024642886917394,-0.8928873037816755,-1.1934230705784759,-0.01718944745357209,-0.11778405864329622,33,0.36363636363636365,0.8750047347360568,-96.88517161141795,0.5381756756756757,0.7837837837837838,0.8287162162162162,0.7733108108108108,0.6929560810810811,False
EURUSD1440_comma,daily,50,300,long_short,slow_slope,0.005,-0.008173674327925484,-0.6421632213748815,-0.8526392228457887,-0.033436748656042306,-0.24445182789769937,55,0.21818181818181817,0.794698460353251,-199.85564947133633,0.8087837837837838,0.6239864864864865,0.5777027027027027,0.6510135135135136,0.6927027027027027,False
EURUSD1440_comma,daily,60,150,long_short,fast_slope,0.001,-0.009164244252681142,-0.6786788008658413,-0.9017698001586232,-0.028304185518750368,-0.3237769992219067,160,0.3125,0.8386474909553787,-88.12243088230679,0.7746621621621622,0.6817567567567567,0.5179054054054054,0.7236486486486486,0.6924324324324325,False
EURUSD1440_comma,daily,30,400,long_only,none,0.0,-0.00201563333588195,-0.8589909916971435,-1.1733925957397129,-0.01628607282020996,-0.12376423451703344,10,0.4,0.7940126615481259,-318.3198007971186,0.5783783783783784,0.789527027027027,0.8297297297297297,0.6503378378378378,0.6922297297297297,True
EURUSD1440_comma,daily,75,250,long_only,price_slow,0.005,-0.0010741352605085908,-0.9597348919281683,-1.2985925971134442,-0.008207538768560414,-0.13087178639023256,19,0.2631578947368421,0.8854474677552552,-89.91293583755875,0.47466216216216217,0.8472972972972973,0.8641891891891892,0.7841216216216216,0.6921452702702703,True
EURUSD1440_comma,daily,30,75,long_short,slow_slope,0.005,-0.008377820823941229,-0.6892747371577234,-0.9333499990411238,-0.03170366087747048,-0.26425405117472556,108,0.2962962962962963,0.853382614194371,-104.62654901406391,0.7648648648648648,0.6445945945945946,0.5641891891891891,0.745945945945946,0.6918243243243243,False
EURUSD1440_comma,daily,10,250,long_short,none,0.005,-0.0089920167236609,-0.5925445819888803,-0.7818944606443302,-0.03788998630218277,-0.23731908087659792,55,0.23636363636363636,0.8205431380160564,-228.86304394939808,0.8506756756756757,0.5662162162162162,0.5283783783783784,0.6952702702702702,0.6917905405405406,False
EURUSD1440_comma,daily,60,150,long_short,combined,0.0,-0.00852265800039631,-0.6835576094916218,-0.9073426824948911,-0.03088827382440221,-0.2759188826428779,165,0.30303030303030304,0.844596454915249,-78.65364326440826,0.7695945945945946,0.6533783783783784,0.5533783783783783,0.7320945945945946,0.6916722972972973,False
EURUSD1440_comma,daily,75,400,long_only,none,0.0,-0.0014846448069320006,-0.8682995007441499,-1.1749835835347089,-0.013323751141512668,-0.11142844017150011,7,0.5714285714285714,0.772778156407813,-336.2826152442205,0.5679054054054054,0.8101351351351351,0.8506756756756757,0.6118243243243243,0.6916047297297298,True
EURUSD1440_comma,daily,40,200,long_only,none,0.0025,-0.0027849686735628154,-0.8456478292005559,-1.124093524306132,-0.020314815366839042,-0.13709052350575968,15,0.4,0.8150162138273487,-291.52840754348364,0.5949324324324324,0.7608108108108108,0.802027027027027,0.6847972972972973,0.6913006756756757,True
EURUSD1440_comma,daily,20,250,long_only,price_slow,0.001,-0.002744672092625189,-0.8767709936278664,-1.191123422042185,-0.017096282618580073,-0.16054204027033958,35,0.14285714285714285,0.8469334601401011,-123.17005058983015,0.5594594594594594,0.7851351351351351,0.8043918918918919,0.7344594594594595,0.6911148648648648,False
EURUSD1440_comma,daily,5,250,long_only,none,0.0,-0.0034707266884219656,-0.8377222274125999,-1.126854537601324,-0.020796384702266343,-0.16689086772104833,31,0.1935483870967742,0.8184137529717935,-174.89802084174175,0.6057432432432432,0.7567567567567568,0.779054054054054,0.6908783783783784,0.6909290540540541,False
EURUSD1440_comma,daily,50,400,long_only,none,0.0025,-0.0015726708677088475,-0.8868226249321178,-1.1950610664168682,-0.012555119388004254,-0.12526132321859484,9,0.4444444444444444,0.796899093285374,-276.87814817478744,0.5469594594594595,0.8182432432432433,0.8472972972972973,0.654054054054054,0.6909121621621622,True
EURUSD1440_comma,daily,40,300,long_short,fast_slope,0.001,-0.006601959914610989,-0.7267020852803836,-0.9910403402616339,-0.03615792075519401,-0.18258682404083293,166,0.2891566265060241,0.8838819633385393,-57.11406578050069,0.7368243243243243,0.5902027027027027,0.6523648648648649,0.7817567567567567,0.6900168918918919,False
EURUSD1440_comma,daily,30,250,long_only,price_slow,0.005,-0.0020558680568592003,-0.9124466401414295,-1.2397548230531403,-0.012651222144704351,-0.16250351415414532,23,0.21739130434782608,0.8494963839741487,-141.1200349388364,0.5216216216216216,0.8175675675675675,0.8283783783783784,0.7398648648648649,0.6896959459459459,False
EURUSD1440_comma,daily,40,150,long_only,price_slow,0.0,-0.0036835385174511792,-0.8718895974499292,-1.164731728608298,-0.01578983883293183,-0.2332853777942726,54,0.18518518518518517,0.8500168383516435,-103.38634952403007,0.5635135135135135,0.793918918918919,0.7709459459459459,0.7418918918918919,0.6893581081081082,False
EURUSD1440_comma,daily,50,150,long_short,price_slow,0.0025,-0.009135240915837839,-0.6324730626484905,-0.8325455494238266,-0.032864330719706215,-0.2779682627268638,93,0.26881720430107525,0.8008617056551227,-142.33976628105503,0.8185810810810811,0.6317567567567568,0.518581081081081,0.6618243243243244,0.6883614864864865,False
EURUSD1440_comma,daily,40,500,long_only,slow_slope,0.0,0.0017147700911874786,-0.9439673672328763,-1.3058783426533735,0.015670712686719396,-0.10942515030862066,14,0.42857142857142855,0.6931466744434444,-189.97880668397488,0.49324324324324326,0.9489864864864865,0.9304054054054054,0.45,0.6881250000000001,True
EURUSD1440_comma,daily,20,50,long_only,none,0.0,-0.0061106917018054485,-0.7914632725441495,-1.0750965977234817,-0.022982260156126335,-0.2658873261504062,59,0.288135593220339,0.8081759755858038,-167.54404614180018,0.6672297297297297,0.7405405405405405,0.6733108108108108,0.6743243243243243,0.6878378378378378,False
EURUSD1440_comma,daily,10,150,long_short,price_slow,0.005,-0.009672693552875478,-0.6217803450166625,-0.8271176836540556,-0.03326846455982086,-0.2907466178814103,92,0.2391304347826087,0.8099291628469635,-153.28298290304727,0.8263513513513514,0.6256756756756757,0.49155405405405406,0.6773648648648649,0.6868750000000001,False
EURUSD1440_comma,daily,10,50,long_only,none,0.0025,-0.005414966111178754,-0.8322838713716352,-1.1358563265666897,-0.019019290924671285,-0.28470914781342416,59,0.3220338983050847,0.8358495366507798,-150.31144286587465,0.6128378378378379,0.7702702702702703,0.7047297297297297,0.7189189189189189,0.6864864864864865,False
EURUSD1440_comma,daily,5,300,long_short,none,0.0025,-0.008983242431295446,-0.5941829606954687,-0.7972147142398854,-0.038506626324561546,-0.2332908200157089,59,0.1694915254237288,0.8116544986766606,-193.6348146529005,0.847972972972973,0.5557432432432432,0.5293918918918918,0.6807432432432432,0.686114864864865,False
EURUSD1440_comma,daily,50,500,long_only,slow_slope,0.001,-0.0005673008761195586,-1.0299584726095303,-1.3972129625430694,-0.004583795974465547,-0.12376224406141978,14,0.5714285714285714,0.9732494157799881,-15.007332605991499,0.40844594594594597,0.870945945945946,0.8760135135135135,0.8641891891891892,0.6859459459459459,True
EURUSD1440_comma,daily,40,50,long_only,slow_slope,0.0025,-0.00035575913983187935,-1.047363327653916,-1.475051788814345,-0.0025642845740020616,-0.1387362165021523,58,0.43103448275862066,0.9920204996456419,-4.4010424338975564,0.3932432432432432,0.879054054054054,0.8831081081081081,0.8807432432432433,0.6857939189189189,False
EURUSD1440_comma,daily,75,150,long_only,none,0.001,-0.0034596603100957024,-0.8302966682547849,-1.1094663799242346,-0.024219845658424614,-0.14284402794665607,17,0.4117647058823529,0.8128135096211422,-317.941050650806,0.614527027027027,0.7256756756756757,0.7797297297297298,0.6824324324324325,0.6855405405405405,True
EURUSD1440_comma,daily,30,250,long_only,none,0.0025,-0.0029865135714572943,-0.8496038595751707,-1.156102931898537,-0.01867857952478441,-0.15988975861331,19,0.3157894736842105,0.7932220244850916,-246.43835410422875,0.5891891891891892,0.7743243243243243,0.793918918918919,0.6493243243243243,0.6854391891891892,True
EURUSD1440_comma,daily,75,500,long_short,none,0.001,-0.008334079700400121,-0.6085419419436949,-0.8091885345196459,-0.03086059535956185,-0.27005570058835204,15,0.3333333333333333,0.7071209316857083,-622.705006878381,0.8381756756756756,0.6537162162162162,0.5682432432432433,0.4820945945945946,0.6846621621621622,True
EURUSD1440_comma,daily,100,250,long_short,slow_slope,0.0025,-0.00872957854085854,-0.6412598633804942,-0.8444253472531926,-0.03415753642088074,-0.25556815436847746,80,0.275,0.796655261168345,-138.9793929275966,0.8097972972972973,0.6155405405405405,0.5425675675675675,0.6530405405405405,0.6842736486486487,False
EURUSD1440_comma,daily,20,250,long_only,price_slow,0.0,-0.002914237675082032,-0.877759118284843,-1.1929601121816364,-0.017873154721925806,-0.16305110767641962,38,0.15789473684210525,0.8348087918755303,-120.30216178134867,0.5557432432432432,0.7793918918918918,0.797972972972973,0.7168918918918918,0.6842736486486486,False
EURUSD1440_comma,daily,5,150,long_short,none,0.005,-0.010624342721590296,-0.6253016407441156,-0.833210225423795,-0.03134199120642441,-0.33898110211365706,102,0.18627450980392157,0.8152287874732289,-140.8481551865988,0.8236486486486486,0.6503378378378378,0.4456081081081081,0.6851351351351351,0.6839358108108109,False
EURUSD1440_comma,daily,10,75,long_only,none,0.0,-0.005831569501421718,-0.811310940396203,-1.1077224762458822,-0.02164287763753301,-0.26944520036044695,55,0.2545454545454545,0.8033914843317598,-166.97966741249664,0.6456081081081081,0.7516891891891891,0.6881756756756757,0.6665540540540541,0.6837837837837838,False
EURUSD1440_comma,daily,100,200,long_short,slow_slope,0.005,-0.009008864123980165,-0.6589375314094832,-0.8440681069093685,-0.030593768996575833,-0.2944672859688674,70,0.2571428571428571,0.7897051763232542,-192.8338125308253,0.7922297297297297,0.6581081081081082,0.527027027027027,0.6418918918918919,0.6831081081081082,False
EURUSD1440_comma,daily,20,75,long_short,slow_slope,0.001,-0.00991506701690592,-0.644360254555921,-0.8763527435688119,-0.03357327510540313,-0.29532617791316507,161,0.2546583850931677,0.8427363542295743,-88.7200375216851,0.8050675675675676,0.6219594594594594,0.4804054054054054,0.7293918918918919,0.6830067567567568,False
EURUSD1440_comma,daily,75,300,long_short,fast_slope,0.001,-0.009047479461247177,-0.719498816277482,-0.9595099103753053,-0.027980716875677297,-0.3233469500244237,147,0.272108843537415,0.8427868227150629,-88.08590732359733,0.7422297297297298,0.6847972972972973,0.5239864864864865,0.7297297297297297,0.682347972972973,False
EURUSD1440_comma,daily,75,200,long_only,price_slow,0.005,-0.0015914447420752875,-0.9456788788471664,-1.2609853543562453,-0.013600386138895668,-0.11701467339400928,26,0.3076923076923077,0.8676435667854878,-96.9729166228482,0.49155405405405406,0.8070945945945946,0.8466216216216216,0.7631756756756757,0.682195945945946,False
EURUSD1440_comma,daily,30,50,long_only,none,0.0,-0.006090437604407639,-0.7962701225564364,-1.095942536138809,-0.02483019422773397,-0.2452835265221145,57,0.2982456140350877,0.8149957967947882,-169.8592352150363,0.6621621621621622,0.7182432432432433,0.6746621621621621,0.6844594594594594,0.6820270270270271,False
EURUSD1440_comma,daily,20,200,long_only,price_slow,0.0025,-0.0031942884776657854,-0.8707142540423012,-1.1790856847987432,-0.022173120571216884,-0.144061295630725,39,0.20512820512820512,0.8493782519797448,-128.21314337665112,0.5655405405405406,0.75,0.7864864864864864,0.7391891891891892,0.6818918918918918,False
EURUSD1440_comma,daily,60,400,long_short,combined,0.005,-0.006900416721398739,-0.7918153141080924,-1.0581063514019071,-0.026057144267540872,-0.26481860984261885,118,0.288135593220339,0.8484510204040756,-84.65542083637379,0.6668918918918919,0.7050675675675676,0.6398648648648648,0.7371621621621621,0.6815709459459459,False
EURUSD1440_comma,daily,60,500,long_short,price_slow,0.0025,-0.008538514015988596,-0.6545632555791974,-0.8616345484873155,-0.029925514671123653,-0.2853255527874933,42,0.23809523809523808,0.7509309714377129,-213.2189510653618,0.7949324324324324,0.6668918918918919,0.5530405405405405,0.5739864864864865,0.6814020270270271,False
EURUSD1440_comma,daily,10,250,long_short,none,0.001,-0.009623558638095497,-0.5823049075661434,-0.7842807351531489,-0.03861907369972241,-0.24919185563388258,52,0.21153846153846154,0.8048052925297342,-257.77403959806037,0.8584459459459459,0.5547297297297298,0.49527027027027026,0.668581081081081,0.681402027027027,False
EURUSD1440_comma,daily,20,500,long_short,price_slow,0.001,-0.009054857632749158,-0.6381283952620934,-0.8546337943930122,-0.03058907060524078,-0.2960161081585069,51,0.17647058823529413,0.7557919146074663,-209.7377175956974,0.8121621621621622,0.658445945945946,0.522972972972973,0.5804054054054054,0.6811317567567569,False
EURUSD1440_comma,daily,60,500,long_short,price_slow,0.001,-0.008470213989603348,-0.6482552341111062,-0.8554666217683047,-0.029924111077033137,-0.283056494737592,46,0.21739130434782608,0.732960765754229,-212.5721270275324,0.8010135135135135,0.6672297297297297,0.5574324324324325,0.5418918918918919,0.6799831081081081,False
EURUSD1440_comma,daily,10,150,long_only,slow_slope,0.0025,-0.002961811921685875,-0.8815521359056158,-1.2002574097322556,-0.020017870488835753,-0.14795839164499136,46,0.2391304347826087,0.8418894333333038,-102.06553399290347,0.5523648648648649,0.7628378378378379,0.7956081081081081,0.7277027027027027,0.6799324324324325,False
EURUSD1440_comma,daily,20,50,long_only,none,0.0025,-0.004966409035676911,-0.8517728216431468,-1.1565026051156315,-0.01803514517139772,-0.27537394284761474,49,0.32653061224489793,0.8318283383363232,-166.85917820984096,0.5858108108108108,0.7787162162162162,0.7199324324324324,0.7121621621621622,0.6798141891891891,False
EURUSD1440_comma,daily,100,150,long_only,slow_slope,0.0,-0.0026923742448046184,-0.8852867948443758,-1.1798299465500737,-0.0226049777578927,-0.11910537022601386,41,0.2926829268292683,0.8562560758574862,-103.18204539272756,0.5486486486486486,0.7462837837837838,0.8064189189189189,0.75,0.6798141891891891,False
EURUSD1440_comma,daily,75,300,long_short,slow_slope,0.005,-0.008608929845879132,-0.6476212035002784,-0.8590236894368382,-0.03267456781915112,-0.26347494153643536,55,0.2545454545454545,0.7693443074187466,-200.05078013889622,0.8016891891891892,0.6341216216216217,0.5483108108108108,0.6057432432432432,0.6797297297297298,False
EURUSD1440_comma,daily,30,150,long_only,price_slow,0.0,-0.003902222996592375,-0.875792668107312,-1.1772020384008963,-0.016499594821667928,-0.2365041710883603,51,0.1568627450980392,0.828978693372876,-114.8440658389706,0.5597972972972973,0.7881756756756757,0.7618243243243243,0.7091216216216216,0.679695945945946,False
EURUSD1440_comma,daily,20,250,long_short,slow_slope,0.005,-0.008484256700660331,-0.644481807791872,-0.85598825262107,-0.03633551870508602,-0.2334976079334945,91,0.23076923076923078,0.8037957964471701,-133.53628682748243,0.8047297297297298,0.5858108108108108,0.5557432432432432,0.6672297297297297,0.6795777027027028,False
EURUSD1440_comma,daily,5,150,long_short,slow_slope,0.005,-0.009916464738259911,-0.643192812568535,-0.8467639176571362,-0.03305440503747969,-0.30000433306894625,120,0.225,0.8179526516104682,-110.92592839175266,0.8060810810810811,0.6293918918918919,0.4800675675675676,0.6898648648648649,0.6792736486486487,False
EURUSD1440_comma,daily,40,50,long_only,fast_slope,0.0025,-0.0004082614467464385,-1.0628181712282543,-1.5069465798454638,-0.002798753435497343,-0.14587260226940635,60,0.5,0.9891817364561304,-5.653670512452623,0.3793918918918919,0.8777027027027027,0.8814189189189189,0.8773648648648649,0.679070945945946,False
EURUSD1440_comma,daily,75,300,long_short,slow_slope,0.0025,-0.008846099171614386,-0.6425227915989112,-0.8556881075397119,-0.03334141556590532,-0.26531864413880313,64,0.234375,0.7759697896425201,-175.66992383497538,0.8077702702702703,0.6246621621621622,0.5361486486486486,0.6168918918918919,0.6790371621621621,False
EURUSD1440_comma,daily,75,100,long_only,slow_slope,0.005,0.0002904904966727351,-1.10487430253656,-1.5178139557678505,0.0021253869368015946,-0.13667652305696487,27,0.4074074074074074,1.024049475743684,17.28766987855667,0.3439189189189189,0.9054054054054054,0.9013513513513514,0.897972972972973,0.6788851351351352,False
EURUSD1440_comma,daily,10,50,long_short,none,0.005,-0.01043056027169642,-0.6516196343886193,-0.8782173565865344,-0.031515512050740754,-0.33096591465507397,129,0.35658914728682173,0.831559042753878,-127.62444151213322,0.7972972972972973,0.6469594594594594,0.4557432432432432,0.7118243243243243,0.6785810810810812,False
EURUSD1440_comma,daily,20,100,long_short,none,0.0025,-0.010785118779444436,-0.6158916222482179,-0.8343031933477528,-0.03357745551238687,-0.3212011933264496,69,0.30434782608695654,0.8191036508391215,-215.08951299419684,0.8300675675675676,0.6212837837837838,0.43648648648648647,0.6925675675675675,0.6785304054054054,False
EURUSD1440_comma,daily,40,100,long_short,slow_slope,0.0,-0.00973126521745915,-0.6204703241594783,-0.8431976299044489,-0.03720161144532166,-0.2615818196951498,155,0.23225806451612904,0.828916920004022,-101.5268589655521,0.8277027027027027,0.572972972972973,0.48817567567567566,0.7087837837837838,0.6782770270270271,False
EURUSD1440_comma,daily,30,250,long_only,none,0.0,-0.003444230228939471,-0.8236054538316872,-1.1139260428629958,-0.02459677620413881,-0.14002770933696274,17,0.29411764705882354,0.7701803407317114,-316.5595124317254,0.6266891891891891,0.7212837837837838,0.7807432432432433,0.6074324324324324,0.6782601351351352,True
EURUSD1440_comma,daily,50,250,long_only,price_slow,0.0025,-0.0022440778483517887,-0.9215818591424498,-1.2309221444514462,-0.016715403146921746,-0.13425209243398062,28,0.25,0.848862742780733,-126.35406067670077,0.5158783783783784,0.7871621621621622,0.8209459459459459,0.7381756756756757,0.6780574324324324,False
EURUSD1440_comma,daily,20,50,long_short,slow_slope,0.005,-0.008659277039711144,-0.7045854063187755,-0.9477739015391874,-0.03378389851898411,-0.2563137298925183,135,0.31851851851851853,0.8590551129737864,-90.45247662593508,0.7523648648648649,0.6195945945945946,0.5456081081081081,0.7533783783783784,0.677972972972973,False
EURUSD1440_comma,daily,5,150,long_only,slow_slope,0.005,-0.0031183292402073848,-0.9106651165079863,-1.226156742222361,-0.016179139335069034,-0.19273764664652226,54,0.2777777777777778,0.8555364748583973,-90.44774473620565,0.5236486486486487,0.7905405405405406,0.7898648648648648,0.7496621621621622,0.6775168918918919,False
EURUSD1440_comma,daily,40,75,long_short,slow_slope,0.001,-0.010368979898668251,-0.6423480088538474,-0.8778495954482919,-0.03563851362240651,-0.2909487193694045,167,0.2874251497005988,0.8581797861782157,-86.13595358639319,0.808445945945946,0.5956081081081082,0.4591216216216216,0.7520270270270271,0.6769087837837838,False
EURUSD1440_comma,daily,40,200,long_only,none,0.001,-0.0032256245244126625,-0.8430750832630446,-1.1194582252257745,-0.023491145615382646,-0.1373123549283367,17,0.29411764705882354,0.7906034936527623,-296.9519792741662,0.597972972972973,0.7347972972972973,0.7861486486486486,0.643581081081081,0.6766554054054054,True
EURUSD1440_comma,daily,50,100,long_only,slow_slope,0.005,-0.0016370990474019465,-0.9907875470394024,-1.3498281264607308,-0.009229952886423457,-0.17736808275695448,38,0.3684210526315789,0.9129832578779115,-68.22994331557794,0.44324324324324327,0.8375,0.8429054054054054,0.8091216216216216,0.6766216216216216,False
EURUSD1440_comma,daily,10,150,long_short,price_slow,0.0025,-0.009997991320677246,-0.6116272954031104,-0.8205080495650902,-0.03701923806491392,-0.2700755564754084,102,0.22549019607843138,0.8190582559763485,-134.8438836073688,0.8341216216216216,0.575,0.4766891891891892,0.6918918918918919,0.6765202702702704,False
EURUSD1440_comma,daily,60,250,long_short,fast_slope,0.005,-0.008804987092750904,-0.7443099458504939,-0.984210656628622,-0.026667170572510196,-0.3301807767273034,135,0.32592592592592595,0.8271615648569917,-101.44060656878293,0.7202702702702702,0.6996621621621621,0.5378378378378378,0.7057432432432432,0.6764527027027027,False
EURUSD1440_comma,daily,40,300,long_short,fast_slope,0.0,-0.007363193530154466,-0.7344362381462294,-1.0030094784771133,-0.03669034830956664,-0.2006847541492155,172,0.27906976744186046,0.8726715315109448,-61.87347157105979,0.7307432432432432,0.5797297297297297,0.6172297297297298,0.7706081081081081,0.6762668918918919,False
EURUSD1440_comma,daily,10,150,long_short,none,0.001,-0.010710027597957361,-0.5862359596001709,-0.7990788741750424,-0.03801748103060725,-0.28171323579631413,70,0.22857142857142856,0.8221980733352704,-214.8436251888306,0.8550675675675675,0.5645270270270271,0.4408783783783784,0.6972972972972973,0.6759290540540541,False
EURUSD1440_comma,daily,75,300,long_short,slow_slope,0.0,-0.009072960016367149,-0.640839617587421,-0.8565342756728879,-0.03348189447149301,-0.27098108274882726,67,0.23880597014925373,0.7702654063248326,-172.2503149130636,0.8101351351351351,0.6233108108108109,0.5209459459459459,0.6077702702702703,0.6752364864864866,False
EURUSD1440_comma,daily,100,150,long_short,price_slow,0.005,-0.007196529446195865,-0.7243809740797283,-0.9483768619114722,-0.03300642676531614,-0.21803418762548787,61,0.26229508196721313,0.7926538991440923,-184.62927561362264,0.7385135135135135,0.6300675675675675,0.625,0.6483108108108108,0.6751689189189188,False
EURUSD1440_comma,daily,5,200,long_only,none,0.001,-0.004034809609458123,-0.8376164711232931,-1.1319394172452455,-0.025648596041760452,-0.15731112934558833,35,0.2,0.8182193327426733,-179.3298421976477,0.606081081081081,0.7097972972972973,0.7564189189189189,0.6905405405405406,0.6747466216216217,False
EURUSD1440_comma,daily,20,75,long_short,slow_slope,0.005,-0.008473806293391228,-0.6890802807347576,-0.9302463616088448,-0.035874157671077406,-0.23620920583239258,112,0.25892857142857145,0.8394364445709517,-109.50947450803528,0.7652027027027027,0.5932432432432433,0.5567567567567567,0.7253378378378378,0.674543918918919,False
EURUSD1440_comma,daily,10,100,long_short,slow_slope,0.005,-0.009783379102992762,-0.6773853091162777,-0.9068463600352519,-0.03169854793681629,-0.30863808406913973,147,0.2789115646258503,0.8232447553662164,-100.21965880017243,0.777027027027027,0.6449324324324325,0.48614864864864865,0.7,0.6742736486486487,False
EURUSD1440_comma,daily,30,400,long_only,none,0.005,-0.002109930356966161,-0.9155866244840196,-1.255201661444878,-0.0164271332588579,-0.1284417873598509,12,0.3333333333333333,0.8199240039458285,-277.4804204652403,0.5195945945945946,0.7888513513513513,0.8256756756756757,0.6935810810810811,0.674222972972973,True
EURUSD1440_comma,daily,30,500,long_short,price_slow,0.001,-0.009051752164303761,-0.642825461221925,-0.8566953616842161,-0.03150036618872769,-0.28735387106524823,54,0.18518518518518517,0.7469631820339374,-198.00398155645726,0.8070945945945946,0.6472972972972973,0.5233108108108108,0.5645270270270271,0.6740033783783784,False
EURUSD1440_comma,daily,75,500,long_short,none,0.0,-0.008206422860867923,-0.6009120104274168,-0.802773771414329,-0.03021209816453548,-0.2716270421264898,15,0.2,0.6633732548866703,-706.5902113532778,0.8425675675675676,0.6631756756756757,0.575,0.37263513513513513,0.6737162162162162,True
EURUSD1440_comma,daily,75,100,long_only,fast_slope,0.005,0.0003578619938682248,-1.1238643342818266,-1.5499551558786475,0.0027769325948752053,-0.1288695283885013,31,0.3548387096774194,1.0338305719483967,18.558472974572563,0.3253378378378378,0.908445945945946,0.9030405405405405,0.9043918918918918,0.6735135135135135,False
EURUSD1440_comma,daily,10,200,long_only,price_slow,0.005,-0.003640188656478749,-0.8773415159174891,-1.183621716974072,-0.0197647002647637,-0.18417626413330634,28,0.21428571428571427,0.821925586953899,-202.8348052575519,0.5564189189189189,0.7638513513513514,0.7736486486486487,0.6969594594594595,0.6728040540540541,False
EURUSD1440_comma,daily,40,75,long_short,slow_slope,0.0,-0.010821059796718768,-0.6347975375617254,-0.8698647060625635,-0.036585050576323136,-0.2957781833359516,180,0.2611111111111111,0.8594745425021801,-83.78700952618841,0.8162162162162162,0.5817567567567568,0.435472972972973,0.7537162162162162,0.6720777027027026,False
EURUSD1440_comma,daily,20,150,long_only,none,0.0025,-0.004484332461933249,-0.8389010015378011,-1.1227242503650414,-0.024453955863098443,-0.18337861109417497,26,0.2692307692307692,0.810082141959695,-248.11786642089632,0.6040540540540541,0.7239864864864864,0.7381756756756757,0.6780405405405405,0.6719594594594595,False
EURUSD1440_comma,daily,30,150,long_short,combined,0.0025,-0.008582475823502467,-0.7583010761137711,-1.0174557804872764,-0.03080785536288352,-0.2785807620300115,187,0.31016042780748665,0.8749323951654405,-61.613095917124504,0.7043918918918919,0.6547297297297298,0.5493243243243243,0.772972972972973,0.6712500000000001,False
EURUSD1440_comma,daily,5,500,long_short,price_slow,0.005,-0.009046748922023728,-0.6343439685966077,-0.8441916536738201,-0.03412018024050381,-0.26514364397420154,46,0.15217391304347827,0.7486828803908858,-234.74235497023375,0.8168918918918919,0.6165540540540541,0.5243243243243243,0.5692567567567568,0.6711486486486488,False
EURUSD1440_comma,daily,60,500,long_short,price_slow,0.0,-0.008844797302726692,-0.6487599372532665,-0.8570877984925122,-0.030378736362928784,-0.2911509286317785,52,0.17307692307692307,0.7248670102279967,-202.99387650611044,0.7996621621621621,0.6597972972972973,0.5364864864864864,0.5236486486486487,0.6706587837837837,False
EURUSD1440_comma,daily,10,150,long_only,slow_slope,0.005,-0.0031415193895776294,-0.9080929401554302,-1.22754465598101,-0.018488790936334897,-0.16991480948620563,42,0.2857142857142857,0.8357195281209082,-117.134472255985,0.527027027027027,0.7763513513513514,0.7891891891891892,0.7182432432432433,0.670472972972973,False
EURUSD1440_comma,daily,40,250,long_only,price_slow,0.0,-0.0028241287878183474,-0.8918226970099695,-1.203727973681444,-0.020194953612044042,-0.1398432916495569,39,0.1794871794871795,0.8195665902487809,-113.669655411633,0.5398648648648648,0.7611486486486486,0.8010135135135135,0.6932432432432433,0.6704222972972972,False
EURUSD1440_comma,daily,50,250,long_only,price_slow,0.0,-0.0025985488519428834,-0.9059162279936199,-1.2086090422716378,-0.01873533281455256,-0.13869776841778203,33,0.24242424242424243,0.8187024726841177,-123.81529478643888,0.5277027027027027,0.7739864864864865,0.8097972972972973,0.6912162162162162,0.6702195945945947,False
EURUSD1440_comma,daily,10,250,long_short,none,0.0025,-0.010046349450581138,-0.5967092570698168,-0.7959008077850268,-0.0387533239693062,-0.25923839355143186,52,0.19230769230769232,0.7976661682915108,-268.80101671752936,0.8462837837837838,0.5530405405405405,0.4726351351351351,0.6547297297297298,0.6695101351351352,False
EURUSD1440_comma,daily,75,400,long_short,price_slow,0.005,-0.008980322466517254,-0.6506362923082943,-0.8577712692037831,-0.03438878462648432,-0.26114102501898573,56,0.21428571428571427,0.7675847934166645,-187.29864162420236,0.7989864864864865,0.6125,0.5297297297297298,0.6037162162162162,0.669222972972973,False
EURUSD1440_comma,daily,20,300,long_only,none,0.0025,-0.002691390699580798,-0.8885708631894779,-1.2221230687921842,-0.01974670843654964,-0.1362956620455914,17,0.29411764705882354,0.7996581870209795,-248.76173814255048,0.5445945945945946,0.7641891891891892,0.8067567567567567,0.6597972972972973,0.6692060810810811,True
EURUSD1440_comma,daily,10,500,long_short,none,0.005,-0.00929955722347664,-0.648384696263881,-0.8607177182048343,-0.031089780814338348,-0.2991194205906965,37,0.21621621621621623,0.7424256469813918,-308.0325538964245,0.8003378378378379,0.652027027027027,0.5121621621621621,0.5574324324324325,0.6691891891891892,False
EURUSD1440_comma,daily,30,250,long_short,slow_slope,0.001,-0.009388436247112164,-0.6341540716121441,-0.8481592226516271,-0.037901717720409976,-0.24770476938190367,102,0.2549019607843137,0.8008557072376058,-129.26670988404578,0.8175675675675675,0.5658783783783784,0.5070945945945946,0.6614864864864864,0.6691385135135136,False
EURUSD1440_comma,daily,40,50,long_short,none,0.005,-0.001569155299748659,-1.0211280544453163,-1.4296321418058653,-0.009339148633335792,-0.16801909481851585,51,0.35294117647058826,0.9286151701499291,-49.02588963743965,0.4135135135135135,0.8361486486486487,0.8476351351351351,0.8256756756756757,0.667820945945946,False
EURUSD1440_comma,daily,60,400,long_short,fast_slope,0.0,-0.008747174895040177,-0.7617463928296064,-1.0139710830390458,-0.028174878034677477,-0.31046008022729343,153,0.3006535947712418,0.8384537629475395,-86.30699703111361,0.7006756756756757,0.6831081081081081,0.5408783783783784,0.7226351351351351,0.6676182432432433,False
EURUSD1440_comma,daily,100,300,long_only,none,0.0,-0.0027967111714795045,-0.8477353643957085,-1.1314970449205295,-0.023826913752496133,-0.11737614029792331,9,0.4444444444444444,0.7526976834312832,-487.8864964591008,0.5932432432432433,0.7317567567567568,0.8013513513513514,0.5766891891891892,0.6670101351351352,True
EURUSD1440_comma,daily,30,500,long_only,slow_slope,0.0025,-0.0008654276445330122,-1.0164186306904288,-1.3984961201211776,-0.005891570113655127,-0.14689253082589582,14,0.5,0.8347615106187823,-115.63633885654674,0.4185810810810811,0.8652027027027027,0.8692567567567567,0.716554054054054,0.6650675675675676,True
EURUSD1440_comma,daily,75,150,long_short,fast_slope,0.001,-0.010277843856221547,-0.6818933005198465,-0.9010523178453645,-0.033084594833912226,-0.3106534599506897,152,0.28289473684210525,0.8285454529867398,-100.37119823304471,0.7719594594594594,0.6287162162162162,0.46385135135135136,0.7084459459459459,0.665,False
EURUSD1440_comma,daily,50,250,long_only,price_slow,0.001,-0.0026092556565446845,-0.921147538709295,-1.2293303728400293,-0.01925641819999805,-0.13550057074191235,29,0.2413793103448276,0.8201129126550069,-141.46245880816554,0.5162162162162162,0.7692567567567568,0.8094594594594594,0.6939189189189189,0.6647804054054054,False
EURUSD1440_comma,daily,20,100,long_short,slow_slope,0.0025,-0.010311598449172843,-0.6628520025677779,-0.8920758188099487,-0.03522925421211377,-0.2926998791143056,140,0.25,0.8282795219770425,-106.73835357642119,0.7888513513513513,0.6023648648648648,0.4614864864864865,0.7081081081081081,0.6646452702702703,False
EURUSD1440_comma,daily,100,250,long_short,fast_slope,0.0,-0.008965429855358531,-0.6918886152330124,-0.910547115747417,-0.035835341104063244,-0.25018402446131516,137,0.26277372262773724,0.8224794151052253,-100.94513401122165,0.7625,0.5945945945945946,0.5304054054054054,0.6983108108108108,0.6644763513513513,False
EURUSD1440_comma,daily,50,75,long_only,combined,0.0025,-0.0015513315144701778,-1.0377940858458041,-1.4609791734634574,-0.008690031538544182,-0.1785185137233769,65,0.35384615384615387,0.9297539171482994,-33.06383092925591,0.3993243243243243,0.8425675675675676,0.8493243243243244,0.827027027027027,0.6642905405405405,False
EURUSD1440_comma,daily,75,250,long_short,fast_slope,0.005,-0.009172927814297793,-0.7491929982293821,-0.99894349930986,-0.02877075287104264,-0.31882821611978795,126,0.25396825396825395,0.8246565897077025,-107.21484433800272,0.7148648648648649,0.6780405405405405,0.5175675675675676,0.702027027027027,0.6642736486486487,False
EURUSD1440_comma,daily,100,250,long_short,combined,0.0025,-0.00785989369599216,-0.7237151728903404,-0.9594871040652153,-0.03559131851668249,-0.22083738460849778,129,0.2868217054263566,0.8082802434827836,-95.71721051844585,0.7388513513513514,0.5972972972972973,0.5905405405405405,0.675,0.664222972972973,False
EURUSD1440_comma,daily,60,100,long_short,combined,0.005,-0.007761354418931554,-0.767534746374501,-1.026997374681638,-0.030227105593183933,-0.25676803208977117,114,0.2982456140350877,0.8082379057113298,-111.23003727179653,0.6939189189189189,0.6625,0.5989864864864864,0.6746621621621621,0.6641891891891891,False
EURUSD1440_comma,daily,60,500,long_only,slow_slope,0.0,-0.00015286555243188005,-1.011374617181865,-1.3714061831228535,-0.0012357476409641144,-0.1237028883280864,15,0.4,0.7853119938782102,-129.04172430558344,0.4209459459459459,0.8875,0.8915540540540541,0.6368243243243243,0.6640878378378379,True
EURUSD1440_comma,daily,40,250,long_short,fast_slope,0.0025,-0.00794350636582819,-0.7495624142338434,-1.0079053266295661,-0.03566549105363829,-0.22272247293277803,165,0.30303030303030304,0.8529664947129948,-69.67490089324825,0.714527027027027,0.5952702702702702,0.5868243243243243,0.7452702702702703,0.6637837837837837,False
EURUSD1440_comma,daily,10,500,long_short,price_slow,0.005,-0.009350601513750112,-0.6520602214876223,-0.8638963741363146,-0.03182253250435913,-0.2938358696772245,42,0.2619047619047619,0.7400586106407561,-268.3077876087718,0.7959459459459459,0.6425675675675676,0.5081081081081081,0.5533783783783783,0.6636486486486486,False
EURUSD1440_comma,daily,5,200,long_only,price_slow,0.0,-0.004358339407693701,-0.8443079349337647,-1.1390839826663492,-0.02763076200699962,-0.1577350420733824,50,0.18,0.8178185640428904,-135.26974856616286,0.595945945945946,0.6902027027027027,0.7442567567567567,0.6895270270270271,0.6632094594594595,False
EURUSD1440_comma,daily,100,400,long_short,price_slow,0.005,-0.00886725739844485,-0.6591738058750162,-0.8705061881904298,-0.03423716332714959,-0.25899509587621816,53,0.22641509433962265,0.7499476388755589,-190.7902214876048,0.7918918918918919,0.614527027027027,0.5347972972972973,0.5722972972972973,0.6631925675675676,False
EURUSD1440_comma,daily,60,300,long_short,slow_slope,0.005,-0.009068556449913334,-0.6556632737043127,-0.871626897182393,-0.03530217796883281,-0.25688376671602753,56,0.23214285714285715,0.7675261904374957,-218.63396722887202,0.7942567567567568,0.6006756756756757,0.5212837837837838,0.6033783783783784,0.6626351351351352,False
EURUSD1440_comma,daily,60,150,long_only,price_slow,0.0025,-0.0031675149342538234,-0.9185018040979712,-1.2305867814459788,-0.019274370774244487,-0.16433817587894683,40,0.275,0.8252496967143633,-123.98483992623873,0.5175675675675676,0.7682432432432432,0.7881756756756757,0.7033783783783784,0.6622297297297297,False
EURUSD1440_comma,daily,100,150,long_only,none,0.005,-0.0020186606471274127,-0.9800043868706845,-1.3103863542249434,-0.013152302752752443,-0.1534834382294734,14,0.5,0.8513233296004129,-227.7076165044668,0.4540540540540541,0.8121621621621622,0.8290540540540541,0.7439189189189189,0.6620608108108109,True
EURUSD1440_comma,daily,50,100,long_short,slow_slope,0.001,-0.010449000374455175,-0.6359276100905948,-0.8527927100050395,-0.0389773607891654,-0.2680787042246252,144,0.24305555555555555,0.8362338553289654,-102.68038704878528,0.8145270270270271,0.5489864864864865,0.45337837837837835,0.7202702702702702,0.6617736486486487,False
EURUSD1440_comma,daily,60,75,long_only,fast_slope,0.001,-0.0029924343951451826,-0.9612677804096087,-1.3196242758994896,-0.017298638263425044,-0.17298670274365835,68,0.39705882352941174,0.8872647488395816,-64.57051004456984,0.4739864864864865,0.7824324324324324,0.7929054054054054,0.7864864864864864,0.6617567567567567,False
EURUSD1440_comma,daily,40,75,long_only,slow_slope,0.0025,-0.0035739682285897967,-0.9434613018490862,-1.3142999431414844,-0.018628843709195812,-0.1918513185456362,64,0.25,0.8706030320158352,-83.72501417875887,0.49425675675675673,0.775,0.7753378378378378,0.7675675675675676,0.6616554054054055,False
EURUSD1440_comma,daily,75,250,long_short,slow_slope,0.0025,-0.009456858010710278,-0.6545100768062054,-0.8643661117392911,-0.03625587388669672,-0.2608365761714617,82,0.2926829268292683,0.7862504196108708,-152.50624371684697,0.7952702702702703,0.5875,0.5033783783783784,0.6381756756756757,0.6613851351351352,False
EURUSD1440_comma,daily,20,400,long_short,slow_slope,0.0025,-0.009268410177899589,-0.6812110243587869,-0.89829330314377,-0.03234227408681177,-0.28657261864214345,66,0.22727272727272727,0.7622629120929222,-159.66111858549124,0.7722972972972973,0.6375,0.5128378378378379,0.5942567567567567,0.66,False
EURUSD1440_comma,daily,50,100,long_short,slow_slope,0.0,-0.010612133816251923,-0.6272247868628965,-0.8445512405708708,-0.039138530747033856,-0.2711428766920734,153,0.22875816993464052,0.8235639108188242,-109.74830049488948,0.8226351351351351,0.5456081081081081,0.4466216216216216,0.7006756756756757,0.6598817567567568,False
EURUSD1440_comma,daily,40,400,long_short,combined,0.0025,-0.006178497532182581,-0.8176320861021804,-1.1076473433983058,-0.03320375930748185,-0.18607825321726057,148,0.27702702702702703,0.8714296822510771,-57.712954837053175,0.6341216216216217,0.6266891891891891,0.668581081081081,0.768918918918919,0.6593749999999999,False
EURUSD1440_comma,daily,30,250,long_only,price_slow,0.0,-0.0034366008884232357,-0.8892442959566275,-1.2036853242271632,-0.0228916464527651,-0.1501246708276034,40,0.15,0.8033773493888052,-134.2474265188893,0.543918918918919,0.7415540540540541,0.7810810810810811,0.6662162162162162,0.6591047297297298,False
EURUSD1440_comma,daily,60,150,long_only,price_slow,0.005,-0.002930504459890626,-0.951850203043575,-1.2722277266058535,-0.01796000380860476,-0.1631683651696444,38,0.2894736842105263,0.8477540665510891,-120.95895747098663,0.4847972972972973,0.779054054054054,0.7969594594594595,0.735472972972973,0.6583952702702703,False
EURUSD1440_comma,daily,40,75,long_short,slow_slope,0.0025,-0.010135097405293836,-0.6744593021188291,-0.9147858941693252,-0.03698265833992656,-0.27404999695092125,136,0.2647058823529412,0.8401998398905913,-104.31665130865656,0.7793918918918918,0.5753378378378379,0.4689189189189189,0.7256756756756757,0.6582263513513514,False
EURUSD1440_comma,daily,40,400,long_short,combined,0.005,-0.006164919943802971,-0.8258487069406683,-1.1201193757673413,-0.03197693222255667,-0.19279272635960398,141,0.2553191489361702,0.8683035292591638,-60.1902319795084,0.6233108108108109,0.6412162162162162,0.6695945945945946,0.764527027027027,0.6582263513513513,False
EURUSD1440_comma,daily,50,150,long_only,none,0.0025,-0.004146633210131756,-0.8484021772294805,-1.1354196545157642,-0.02716650366608105,-0.15263772111054053,17,0.35294117647058826,0.7910124048635775,-379.12462301278936,0.591554054054054,0.6949324324324324,0.7533783783783784,0.6442567567567568,0.6576689189189189,True
EURUSD1440_comma,daily,5,250,long_only,none,0.001,-0.004209053516063377,-0.8662214235887326,-1.1681748484354038,-0.02340709721673241,-0.1798195426408774,29,0.1724137931034483,0.7856946215089728,-225.48598421767596,0.5699324324324324,0.7361486486486486,0.7496621621621622,0.6378378378378379,0.6576182432432433,False
EURUSD1440_comma,daily,75,150,long_short,combined,0.0,-0.010109200961002651,-0.6971749493664039,-0.918421671324259,-0.03366888774845525,-0.3002534873301975,160,0.26875,0.8253436402478143,-93.07660795448561,0.7577702702702702,0.6202702702702703,0.46925675675675677,0.7037162162162162,0.6575844594594595,False
EURUSD1440_comma,daily,75,150,long_short,price_slow,0.001,-0.009672019642908869,-0.6455021648488226,-0.8440703660811555,-0.038332334876378854,-0.25232012800944614,104,0.25,0.792662292880384,-138.74852742724946,0.8037162162162163,0.5601351351351351,0.4918918918918919,0.6486486486486487,0.657195945945946,False
EURUSD1440_comma,daily,20,300,long_short,slow_slope,0.005,-0.00930184865033079,-0.6614678999405296,-0.8782979287345638,-0.0366452599012493,-0.2538349755301824,65,0.18461538461538463,0.7790308010235095,-183.48051375716847,0.7902027027027027,0.5804054054054054,0.5118243243243243,0.6239864864864865,0.6571452702702703,False
EURUSD1440_comma,daily,60,75,long_only,price_slow,0.0025,-0.0011626795500870868,-1.080057163210175,-1.4954859673452021,-0.006364840500902791,-0.18267222091773894,52,0.3076923076923077,0.9376177434945265,-35.537350584585596,0.3621621621621622,0.8601351351351352,0.860472972972973,0.8337837837837838,0.6570608108108108,False
EURUSD1440_comma,daily,10,75,long_short,slow_slope,0.0025,-0.010873349410269073,-0.6729881262147359,-0.9093061070514097,-0.03446324856366877,-0.3155056433574802,163,0.24539877300613497,0.8232201959395348,-103.41489827966625,0.7807432432432433,0.6114864864864865,0.43277027027027026,0.6996621621621621,0.6566722972972974,False
EURUSD1440_comma,daily,60,75,long_only,fast_slope,0.005,0.002053491354202075,-1.2444403782157265,-1.7743171547643575,0.016402036792299762,-0.1251973386113927,25,0.32,1.1848956052171076,133.7484332869774,0.2168918918918919,0.9523648648648648,0.9371621621621622,0.9584459459459459,0.6560472972972973,False
EURUSD1440_comma,daily,60,250,long_only,price_slow,0.0025,-0.0026386669779289162,-0.9436059609295365,-1.2625436617872208,-0.020346207221044327,-0.12968839593846815,30,0.26666666666666666,0.8312003332921167,-138.25802498160866,0.4939189189189189,0.760472972972973,0.8077702702702703,0.7111486486486487,0.6559121621621622,False
EURUSD1440_comma,daily,100,150,long_short,price_slow,0.0025,-0.008563832225585655,-0.6889136738247349,-0.8981394421709492,-0.03797489017454103,-0.22551302153144825,92,0.25,0.7945188242683064,-141.9076365630056,0.7655405405405405,0.5655405405405406,0.5510135135135135,0.6506756756756756,0.6554054054054055,False
EURUSD1440_comma,daily,40,300,long_short,slow_slope,0.0,-0.009203715038080706,-0.637847575669225,-0.8563295572640028,-0.04027659658444232,-0.2285127299369638,70,0.2571428571428571,0.7827212271097388,-175.49779580911374,0.8125,0.5277027027027027,0.5168918918918919,0.6307432432432433,0.6549155405405405,False
EURUSD1440_comma,daily,50,500,long_only,slow_slope,0.0025,-0.0010391021518627586,-1.0521940831163457,-1.4251203042419203,-0.00790601251971219,-0.1314318879804387,13,0.5384615384615384,0.8625654328926246,-86.39177374164817,0.389527027027027,0.8476351351351351,0.8655405405405405,0.7577702702702702,0.6544932432432432,True
EURUSD1440_comma,daily,30,500,long_only,none,0.005,-0.0019444729902008406,-0.9651817331149545,-1.3349474008141702,-0.015399994403563487,-0.12626452576832747,9,0.4444444444444444,0.8086907394872238,-256.58625655519813,0.46790540540540543,0.7956081081081081,0.8324324324324325,0.6753378378378379,0.6538513513513514,True
EURUSD1440_comma,daily,30,100,long_short,none,0.001,-0.011103284115617229,-0.594219712954313,-0.8292047683366949,-0.040768404485537646,-0.2723502245361614,61,0.2786885245901639,0.8064565531633574,-244.60502421065053,0.8476351351351351,0.5202702702702703,0.4192567567567568,0.6709459459459459,0.6536148648648649,False
EURUSD1440_comma,daily,30,100,long_only,none,0.0,-0.0057209717331757615,-0.8278590868188102,-1.1386944134913997,-0.02851752039188926,-0.20061252361908988,31,0.3548387096774194,0.7936782936437738,-267.1609706343939,0.6185810810810811,0.6800675675675676,0.6932432432432433,0.6496621621621622,0.6535472972972973,False
EURUSD1440_comma,daily,60,100,long_short,slow_slope,0.001,-0.010397590812421309,-0.6401603923955743,-0.8534830767525601,-0.04100901087531976,-0.2535440526481666,148,0.28378378378378377,0.8361867114329727,-99.09013482246357,0.8108108108108109,0.5165540540540541,0.4574324324324324,0.7199324324324324,0.6529391891891893,False
EURUSD1440_comma,daily,100,250,long_only,price_slow,0.005,-0.001717313562337286,-1.0025941433651229,-1.362621161429835,-0.012984075685116458,-0.1322630585329866,19,0.3157894736842105,0.8373517158837357,-143.0601271352299,0.43108108108108106,0.8131756756756757,0.8398648648648649,0.7212837837837838,0.6518918918918919,True
EURUSD1440_comma,daily,5,200,long_only,none,0.0025,-0.004551189097870445,-0.8578800646364511,-1.1605354672801589,-0.02655811916585157,-0.17136714650043305,39,0.1794871794871795,0.7922341537267324,-180.83628160617846,0.5800675675675676,0.7010135135135135,0.7347972972972973,0.6466216216216216,0.6512331081081081,False
EURUSD1440_comma,daily,20,300,long_short,slow_slope,0.0025,-0.00946118979341315,-0.6517067001598497,-0.8722939570531891,-0.038977962816762406,-0.24273176712417566,72,0.2361111111111111,0.7825275645213837,-168.85823218203151,0.7969594594594595,0.5486486486486486,0.5030405405405406,0.6297297297297297,0.6510135135135136,False
EURUSD1440_comma,daily,10,50,long_short,none,0.001,-0.013229816063819344,-0.6102753027378778,-0.8473619834554827,-0.03645794886566625,-0.36287878159482345,137,0.31386861313868614,0.8163540746678262,-143.00952689444372,0.8364864864864865,0.5837837837837838,0.33378378378378376,0.6858108108108109,0.650168918918919,False
EURUSD1440_comma,daily,60,500,long_only,slow_slope,0.001,-0.00032313212759538246,-1.0221013657331774,-1.387685024013757,-0.0025624168935862255,-0.12610443226634505,13,0.46153846153846156,0.7572240690534223,-169.46398248961225,0.4131756756756757,0.8793918918918919,0.8851351351351351,0.5820945945945946,0.6494594594594595,True
EURUSD1440_comma,daily,75,150,long_only,combined,0.005,-0.0016609578716916262,-1.0436574918011172,-1.4052695925747227,-0.013306819715172067,-0.12482004770815736,52,0.34615384615384615,0.9065823671468205,-50.5779562749948,0.3949324324324324,0.8104729729729729,0.8418918918918918,0.8030405405405405,0.6494256756756757,False
EURUSD1440_comma,daily,75,500,long_short,combined,0.0,-0.00761877120675214,-0.8239608931655341,-1.0980629809987839,-0.027387378479486142,-0.27818548651740427,113,0.24778761061946902,0.8216443271918488,-90.2222749927532,0.6263513513513513,0.6918918918918919,0.6067567567567568,0.6966216216216217,0.6493581081081081,False
EURUSD1440_comma,daily,40,75,long_short,combined,0.001,-0.00924940172996147,-0.7275230899982813,-0.9902408345393373,-0.03847112234347293,-0.24042453576950917,191,0.25654450261780104,0.85726087356407,-67.27289324959422,0.7361486486486486,0.5570945945945946,0.514527027027027,0.7506756756756757,0.649239864864865,False
EURUSD1440_comma,daily,10,250,long_only,price_slow,0.0025,-0.0038885984746703794,-0.8921996906574164,-1.2121845453563562,-0.02408123448522985,-0.16147836926945913,31,0.1935483870967742,0.7988121052011693,-195.34520900606907,0.5388513513513513,0.7277027027027027,0.7625,0.6577702702702702,0.6486317567567568,False
EURUSD1440_comma,daily,5,250,long_only,none,0.0025,-0.004463749226312319,-0.880670087404009,-1.1884901370174255,-0.023371166159688407,-0.19099385951958125,31,0.1935483870967742,0.7834641576319354,-223.27826278304335,0.5533783783783783,0.7364864864864865,0.7402027027027027,0.6324324324324324,0.6483783783783784,False
EURUSD1440_comma,daily,60,250,long_only,price_slow,0.0,-0.00285851425650141,-0.9250131850314212,-1.2330796532125514,-0.021145346971837946,-0.13518407904625407,32,0.1875,0.7842924275026394,-140.18559131377984,0.5114864864864865,0.7543918918918919,0.8,0.6337837837837837,0.6482601351351351,False
EURUSD1440_comma,daily,60,400,long_only,none,0.0025,-0.0021109452057234135,-0.8961045439451926,-1.2086175812846804,-0.016072549703471363,-0.13133853960131103,9,0.3333333333333333,0.7046475393272983,-370.14903394723547,0.5351351351351351,0.7912162162162162,0.8253378378378379,0.47533783783783784,0.6482263513513513,True
EURUSD1440_comma,daily,30,100,long_short,slow_slope,0.005,-0.009250729648249245,-0.6808143045620769,-0.9167603797916936,-0.04126567085653821,-0.22417494872214205,107,0.2616822429906542,0.8363045941783894,-119.20405487868432,0.772972972972973,0.5121621621621621,0.5141891891891892,0.7206081081081082,0.6481587837837838,False
EURUSD1440_comma,daily,60,150,long_short,combined,0.005,-0.009037845406456801,-0.7458927716483433,-0.9889839337594498,-0.03410177516843203,-0.26502565810190204,125,0.328,0.8097759060594163,-115.00896219152375,0.7179054054054054,0.6168918918918919,0.5256756756756756,0.677027027027027,0.6480743243243243,False
EURUSD1440_comma,daily,10,75,long_short,slow_slope,0.001,-0.011666508996379998,-0.6646571977132336,-0.8978639101075078,-0.035285535764239,-0.33063148238218654,175,0.2342857142857143,0.8181254561059528,-102.32217057594447,0.7871621621621622,0.6010135135135135,0.39628378378378376,0.6902027027027027,0.6479054054054054,False
EURUSD1440_comma,daily,20,150,long_short,none,0.0025,-0.011176243697132215,-0.6105832777283426,-0.8184499124442125,-0.040114880670283605,-0.27860593152434276,53,0.24528301886792453,0.7939355597718131,-298.80878768304444,0.8361486486486487,0.5297297297297298,0.4158783783783784,0.65,0.6475675675675677,False
EURUSD1440_comma,daily,10,500,long_short,none,0.001,-0.009804543732763848,-0.6286030032283432,-0.8456838469802711,-0.03612386436752296,-0.2714145871275774,36,0.2222222222222222,0.7104490302888072,-326.5292505511491,0.8219594594594595,0.5908783783783784,0.48412162162162165,0.4939189189189189,0.6474155405405405,False
EURUSD1440_comma,daily,10,300,long_short,none,0.001,-0.010005829806125743,-0.6002932288086313,-0.8008815604221746,-0.04374571091246701,-0.22872710483884717,49,0.20408163265306123,0.7910285983242414,-275.8353430547599,0.8432432432432433,0.4672297297297297,0.47635135135135137,0.6445945945945946,0.6460641891891893,False
EURUSD1440_comma,daily,40,75,long_short,fast_slope,0.0025,-0.008614509791975644,-0.7096804139703304,-0.9671499993735456,-0.042115609134915376,-0.20454434754533568,155,0.2903225806451613,0.8584313637386832,-75.36069119240167,0.7486486486486487,0.4945945945945946,0.5476351351351352,0.7530405405405406,0.6455912162162163,False
EURUSD1440_comma,daily,75,150,long_only,price_slow,0.0,-0.003947284368340798,-0.91206567673494,-1.2215170436228937,-0.022222160630732908,-0.17762828889292448,49,0.20408163265306123,0.7916954140053492,-125.3959488390555,0.5222972972972973,0.7489864864864865,0.7597972972972973,0.6462837837837838,0.6450675675675676,False
EURUSD1440_comma,daily,100,250,long_only,none,0.0025,-0.00305873133856549,-0.8770922740604962,-1.1876782751257826,-0.019729571891895854,-0.1550328286556435,12,0.4166666666666667,0.7056506171930512,-399.41379745976496,0.5581081081081081,0.764527027027027,0.7915540540540541,0.4783783783783784,0.6444425675675676,True
EURUSD1440_comma,daily,30,250,long_short,slow_slope,0.0025,-0.009930723428002053,-0.6513317276816848,-0.8680512095245846,-0.039366703411421636,-0.25226200233776264,98,0.24489795918367346,0.7794619683994064,-141.1876899121671,0.7976351351351352,0.5415540540540541,0.4793918918918919,0.625,0.644070945945946,False
EURUSD1440_comma,daily,40,50,long_short,combined,0.0025,-0.006833229243029981,-0.8167753344845051,-1.1178262205740161,-0.03688472118275245,-0.18525907269770137,129,0.35658914728682173,0.873039891207902,-72.23928142848574,0.6351351351351351,0.5780405405405405,0.6429054054054054,0.7712837837837838,0.6428378378378379,False
EURUSD1440_comma,daily,100,300,long_short,slow_slope,0.0,-0.009853738362063047,-0.6425176527165627,-0.8545422975591839,-0.039033134919853454,-0.2524454769594008,68,0.25,0.7498790063667421,-190.2933262998843,0.8081081081081081,0.5472972972972973,0.48243243243243245,0.5719594594594595,0.6423479729729731,False
EURUSD1440_comma,daily,50,75,long_only,slow_slope,0.001,-0.004553939970075249,-0.9260668551948903,-1.279383868184346,-0.02356154959832427,-0.19327845781413,74,0.3108108108108108,0.8347552810564076,-92.42929840325297,0.5101351351351351,0.7341216216216216,0.7341216216216216,0.7162162162162162,0.6418412162162161,False
EURUSD1440_comma,daily,40,75,long_only,combined,0.0025,-0.0023970748226005423,-1.059215577999345,-1.4780438676587697,-0.011814519739647774,-0.20289227792783782,78,0.2948717948717949,0.8965295173624988,-45.51500874919551,0.38344594594594594,0.8222972972972973,0.8168918918918919,0.7949324324324324,0.641570945945946,False
EURUSD1440_comma,daily,60,200,long_short,none,0.0025,-0.011867982692167822,-0.6237102820600746,-0.8078328091555885,-0.03684913003770303,-0.32206954899681006,28,0.35714285714285715,0.7648451385327054,-536.7877627526764,0.8239864864864865,0.5783783783783784,0.3858108108108108,0.5996621621621622,0.6413006756756757,False
EURUSD1440_comma,daily,60,500,long_short,price_slow,0.005,-0.009554731196185107,-0.6775091257165694,-0.8903233770199493,-0.033523623575119434,-0.2850148694330418,40,0.3,0.7098861273486016,-259.9413687064506,0.7760135135135136,0.6229729729729729,0.49898648648648647,0.49155405405405406,0.639679054054054,False
EURUSD1440_comma,daily,40,50,long_only,slow_slope,0.001,-0.004191509215968892,-0.952365373150842,-1.3231710973836783,-0.024556044891178762,-0.17069154395765918,81,0.3333333333333333,0.8666165984986692,-81.23457633809024,0.48445945945945945,0.7226351351351351,0.7506756756756757,0.7625,0.6389527027027028,False
EURUSD1440_comma,daily,60,400,long_short,combined,0.0,-0.008591043811371768,-0.809124387235084,-1.0770028056532863,-0.030573757414580793,-0.28099404645876636,130,0.2846153846153846,0.823487751720062,-95.49367671256901,0.6486486486486487,0.6587837837837838,0.5486486486486486,0.7003378378378379,0.6389358108108109,False
EURUSD1440_comma,daily,40,500,long_short,fast_slope,0.0025,-0.007248711847871903,-0.8062134509398222,-1.0983160118281277,-0.03866759179175722,-0.18746220056603347,153,0.24836601307189543,0.8692633160004465,-63.30599816415346,0.652027027027027,0.5537162162162163,0.6226351351351351,0.7662162162162162,0.6386993243243243,False
EURUSD1440_comma,daily,50,75,long_short,slow_slope,0.001,-0.012479603231278946,-0.6786176159733504,-0.9202698294863333,-0.03508095353536454,-0.35573728686418005,158,0.27848101265822783,0.8239673323586244,-113.07096012867918,0.775,0.6043918918918919,0.3618243243243243,0.7010135135135135,0.6386148648648649,False
EURUSD1440_comma,daily,60,500,long_short,none,0.005,-0.009338812635781846,-0.6445668480539686,-0.8456001310110562,-0.03359062922388878,-0.278018389400706,15,0.4,0.6709138584623687,-714.7258786926521,0.8043918918918919,0.620945945945946,0.5097972972972973,0.3935810810810811,0.6379898648648649,True
EURUSD1440_comma,daily,10,500,long_short,none,0.0,-0.010834887037696972,-0.6357528731529065,-0.8541932581850357,-0.034345180710949406,-0.31547037498168584,41,0.21951219512195122,0.7050127490613278,-327.17450361843396,0.8148648648648649,0.6128378378378379,0.43513513513513513,0.47736486486486485,0.6377871621621622,False
EURUSD1440_comma,daily,30,500,long_short,combined,0.001,-0.007407906941790832,-0.8567955563733616,-1.1544588225530947,-0.028192605890756846,-0.2627606320074005,152,0.3223684210526316,0.8501411609102184,-70.96326360711758,0.5817567567567568,0.6827702702702703,0.6148648648648649,0.7422297297297298,0.6377027027027027,False
EURUSD1440_comma,daily,10,250,long_only,price_slow,0.001,-0.004231040772271211,-0.8938862754334173,-1.2145416405448348,-0.025558466718497923,-0.16554360709005278,33,0.15151515151515152,0.784305298316089,-199.1568087144066,0.5371621621621622,0.710472972972973,0.7489864864864865,0.6341216216216217,0.6373986486486487,False
EURUSD1440_comma,daily,10,300,long_short,price_slow,0.0,-0.011088701721720606,-0.6275459384176093,-0.8405249888987318,-0.0408379134357357,-0.27152958583866593,80,0.1125,0.7826566083922977,-189.10236762265384,0.8222972972972973,0.518918918918919,0.4209459459459459,0.6300675675675675,0.6373479729729731,False
EURUSD1440_comma,daily,20,300,long_only,none,0.001,-0.0036866131635762134,-0.8890706783374415,-1.2090486702796779,-0.02709390086496844,-0.13606800962141585,18,0.2777777777777778,0.7709736675191011,-319.4340161704154,0.5442567567567568,0.6959459459459459,0.7706081081081081,0.6101351351351352,0.6373310810810812,True
EURUSD1440_comma,daily,40,300,long_only,price_slow,0.001,-0.0029207735705925053,-0.9420761699670561,-1.2756090244104177,-0.024981646882074906,-0.11691677431755909,30,0.13333333333333333,0.8062432856574419,-152.71703171055125,0.49527027027027026,0.7155405405405405,0.7972972972972973,0.6702702702702703,0.6369932432432432,False
EURUSD1440_comma,daily,5,250,long_short,slow_slope,0.001,-0.01055339641565367,-0.6486581902375304,-0.864630523857822,-0.040591591838785565,-0.259989715544238,120,0.20833333333333334,0.7895484451198485,-116.1731768655846,0.8,0.5243243243243243,0.44797297297297295,0.6415540540540541,0.6369087837837839,False
EURUSD1440_comma,daily,20,200,long_only,none,0.0025,-0.005013079334131643,-0.8646489398549329,-1.1500271098093395,-0.02643365177306426,-0.1896476270917642,21,0.23809523809523808,0.7617222299053957,-368.6516202225573,0.5726351351351351,0.702027027027027,0.7172297297297298,0.5925675675675676,0.636891891891892,False
EURUSD1440_comma,daily,5,400,long_short,price_slow,0.0,-0.01182515834105724,-0.6441092903526515,-0.8705749048781143,-0.03618143743548899,-0.3268294235722762,88,0.125,0.7633137491296619,-169.5898523899744,0.8054054054054054,0.5891891891891892,0.3881756756756757,0.5962837837837838,0.6365371621621622,False
EURUSD1440_comma,daily,60,100,long_only,slow_slope,0.001,-0.004792906806522335,-0.9425188111693014,-1.2672946419338986,-0.02226105634200806,-0.21530455396574366,71,0.2676056338028169,0.8222967202585734,-104.42000236697525,0.49493243243243246,0.7483108108108109,0.7280405405405406,0.697972972972973,0.6353547297297297,False
EURUSD1440_comma,daily,75,150,long_only,fast_slope,0.0,-0.003650981470228576,-0.947841379696101,-1.2770471583466982,-0.02703215832304443,-0.1350606720557781,71,0.30985915492957744,0.8496618174703177,-80.2218927235884,0.4885135135135135,0.6962837837837837,0.7722972972972973,0.7405405405405405,0.6350168918918919,False
EURUSD1440_comma,daily,75,500,long_short,combined,0.001,-0.008016858880308564,-0.8366518113720084,-1.113648570259329,-0.027172953561963916,-0.29503082401503755,113,0.24778761061946902,0.8070146033283413,-97.65773447035531,0.6087837837837838,0.6945945945945946,0.5847972972972973,0.6719594594594595,0.6349155405405406,False
EURUSD1440_comma,daily,20,150,long_only,price_slow,0.005,-0.004443934155071827,-0.9238341552066651,-1.2428496890444773,-0.022966209441784596,-0.19349880816581588,42,0.2619047619047619,0.7827399468293139,-160.27635225901767,0.514527027027027,0.7408783783783783,0.7412162162162163,0.6310810810810811,0.6339358108108109,False
EURUSD1440_comma,daily,100,250,long_short,slow_slope,0.005,-0.009615028720125096,-0.6851469207836871,-0.8992953916136573,-0.03902302344159104,-0.24639374072377296,65,0.26153846153846155,0.7658285252485624,-204.1908552487544,0.768918918918919,0.547972972972973,0.4962837837837838,0.6006756756756757,0.6339189189189189,False
EURUSD1440_comma,daily,50,500,long_short,combined,0.0025,-0.007824946854761983,-0.8483004336066935,-1.1533922401336243,-0.028867851493454527,-0.2710609362991979,133,0.2706766917293233,0.8410927324803668,-84.81480801297192,0.5922297297297298,0.6763513513513514,0.5939189189189189,0.727027027027027,0.6338175675675677,False
EURUSD1440_comma,daily,100,250,long_only,none,0.001,-0.0036463113801880054,-0.8612206849193997,-1.1608059017171994,-0.022179550539209357,-0.1643996966368637,12,0.4166666666666667,0.6770887447583257,-474.05559130424007,0.5756756756756757,0.7496621621621622,0.7726351351351352,0.41047297297297297,0.6337837837837837,True
EURUSD1440_comma,daily,75,150,long_only,price_slow,0.005,-0.0027366604880009193,-0.994924392995672,-1.3303920447941473,-0.019266796624999222,-0.14204024370351342,34,0.2647058823529412,0.8187343371009341,-126.43017039139862,0.43716216216216214,0.768581081081081,0.8057432432432432,0.691554054054054,0.6318918918918919,False
EURUSD1440_comma,daily,20,500,long_only,slow_slope,0.0,0.0012206220485642127,-0.9537280377630012,-1.3323669938340539,0.00845663509790623,-0.14433897577848964,14,0.42857142857142855,0.548417953971207,-345.13311667896465,0.48277027027027025,0.925,0.9209459459459459,0.1516891891891892,0.6313006756756758,True
EURUSD1440_comma,daily,40,500,long_only,slow_slope,0.0025,-0.0013706419472663267,-1.0584669911820037,-1.4342189209287612,-0.011119728725378013,-0.12326217492502112,13,0.5384615384615384,0.801156396634363,-114.49205449148232,0.3837837837837838,0.827027027027027,0.856081081081081,0.6625,0.6308614864864864,True
EURUSD1440_comma,daily,40,200,long_only,price_slow,0.005,-0.0036105752012289827,-0.9242234183284226,-1.2401057081402973,-0.02782860133171126,-0.12974332264103616,30,0.23333333333333334,0.7996476943543555,-187.81392162821473,0.5131756756756757,0.6868243243243243,0.7746621621621622,0.6594594594594595,0.6308277027027027,False
EURUSD1440_comma,daily,75,150,long_short,combined,0.001,-0.011000864123140941,-0.717905769626299,-0.9448804473850024,-0.03614616708443324,-0.30434386300058325,153,0.28104575163398693,0.8057610743679718,-105.36275424505178,0.7432432432432432,0.5905405405405405,0.4263513513513513,0.6699324324324324,0.6306925675675675,False
EURUSD1440_comma,daily,30,50,long_only,slow_slope,0.001,-0.0055882959910391605,-0.9346972217544008,-1.3029389615183398,-0.024640293130358558,-0.22679502883648694,85,0.27058823529411763,0.8454500360890449,-103.71626709431236,0.5016891891891891,0.7206081081081082,0.6972972972972973,0.7334459459459459,0.6303040540540541,False
EURUSD1440_comma,daily,60,250,long_short,fast_slope,0.0025,-0.010711072019730317,-0.7572084106197434,-1.0018584300050903,-0.03275622152973442,-0.3269935151100183,145,0.32413793103448274,0.8078599597236917,-112.87837801821327,0.7067567567567568,0.6331081081081081,0.44054054054054054,0.6736486486486486,0.6301351351351352,False
EURUSD1440_comma,daily,75,150,long_only,slow_slope,0.0025,-0.0037419828430107493,-0.93139591814624,-1.2375435728250344,-0.024999761607791108,-0.14968074102932927,29,0.3448275862068966,0.786374973592444,-201.16405642355778,0.5047297297297297,0.7152027027027027,0.7675675675675676,0.6385135135135135,0.6299831081081082,False
EURUSD1440_comma,daily,40,500,long_short,fast_slope,0.001,-0.0077894603253971795,-0.8008015161307952,-1.0995599443602007,-0.03925577602202364,-0.19842838722706857,162,0.25925925925925924,0.8539348634792652,-70.67992703797245,0.6567567567567567,0.5432432432432432,0.5972972972972973,0.7462837837837838,0.6299155405405406,False
EURUSD1440_comma,daily,50,500,long_short,none,0.005,-0.009622656606631974,-0.6522279085758282,-0.8587763087007021,-0.03561997436800588,-0.2701477689797305,17,0.35294117647058826,0.6810842493749338,-618.8595673256441,0.7956081081081081,0.5966216216216216,0.4956081081081081,0.4212837837837838,0.6297128378378378,True
EURUSD1440_comma,daily,20,200,long_only,none,0.005,-0.00461351819659106,-0.8871393952554256,-1.1797513438073606,-0.027135663772256645,-0.17001678069537018,21,0.2857142857142857,0.7682557702220075,-340.2800581887581,0.5462837837837838,0.6956081081081081,0.7331081081081081,0.6040540540540541,0.6296452702702704,False
EURUSD1440_comma,daily,40,250,long_only,price_slow,0.005,-0.00309235817711917,-0.953118460425695,-1.2747063566867003,-0.024111642524483768,-0.12825165991819454,26,0.2692307692307692,0.7897554290394375,-186.3246318326321,0.4834459459459459,0.7263513513513513,0.7905405405405406,0.6422297297297297,0.6294087837837838,False
EURUSD1440_comma,daily,5,150,long_short,price_slow,0.0,-0.012120613030913496,-0.6203571017204639,-0.8464887345683141,-0.0424761897292247,-0.28535076023012973,135,0.15555555555555556,0.8052843158522598,-124.66774213023328,0.8280405405405405,0.4902027027027027,0.375,0.6695945945945946,0.6292060810810811,False
EURUSD1440_comma,daily,40,400,long_short,combined,0.001,-0.006973485867947327,-0.82774609755049,-1.1236882488194324,-0.038127171129192436,-0.1829006889684509,152,0.26973684210526316,0.859595453850416,-63.71703546280486,0.6189189189189189,0.5635135135135135,0.6371621621621621,0.754054054054054,0.6289864864864865,False
EURUSD1440_comma,daily,30,500,long_short,combined,0.0,-0.007780484115036623,-0.859593411680383,-1.158910397219089,-0.02891411774952737,-0.2690894525102293,155,0.3161290322580645,0.841289984303577,-75.5138440398533,0.5777027027027027,0.6756756756756757,0.5976351351351351,0.7273648648648648,0.6286317567567568,False
EURUSD1440_comma,daily,60,75,long_only,none,0.0,-0.006203916867825843,-0.8512646486957033,-1.1572166935500885,-0.03357579128095771,-0.18477351184108515,47,0.3404255319148936,0.8227085236753988,-195.92349999506,0.5864864864864865,0.6216216216216216,0.6679054054054054,0.6986486486486486,0.6283783783783784,False
EURUSD1440_comma,daily,100,400,long_short,price_slow,0.0025,-0.010337710037099379,-0.6710287667587437,-0.8847378507989936,-0.0368891050411996,-0.2802374854460066,59,0.1864406779661017,0.7235676130778165,-203.10502001031395,0.783445945945946,0.5777027027027027,0.46013513513513515,0.5216216216216216,0.6280743243243244,False
EURUSD1440_comma,daily,60,400,long_short,fast_slope,0.005,-0.009605741976052018,-0.7954887698047316,-1.061695000232895,-0.032189051728882825,-0.2984164322999583,143,0.3006993006993007,0.8169704859912277,-98.64264640907719,0.6641891891891892,0.6391891891891892,0.49695945945945946,0.6878378378378378,0.6280405405405405,False
EURUSD1440_comma,daily,5,500,long_short,none,0.005,-0.01038746719305017,-0.6520010634376524,-0.8678571657653242,-0.03738979749058492,-0.2778155510381094,46,0.15217391304347827,0.7131748116337804,-275.67007794709156,0.7962837837837838,0.5706081081081081,0.4581081081081081,0.5003378378378378,0.627837837837838,False
EURUSD1440_comma,daily,60,200,long_only,price_slow,0.001,-0.003913783999703435,-0.9348466048889377,-1.2417644345127898,-0.025224272879611494,-0.1551594378312845,36,0.25,0.7851986175568276,-169.27159526522615,0.5013513513513513,0.7135135135135136,0.7614864864864865,0.6361486486486486,0.6266385135135135,False
EURUSD1440_comma,daily,30,75,long_short,slow_slope,0.0,-0.012615065951784965,-0.662496714546734,-0.9128752638114289,-0.04025103515456154,-0.31340972731120764,183,0.25136612021857924,0.835036251747971,-98.03854202971058,0.7891891891891892,0.5283783783783784,0.35574324324324325,0.7179054054054054,0.6266047297297297,False
EURUSD1440_comma,daily,10,250,long_only,price_slow,0.0,-0.0045069677253171125,-0.8974609558643629,-1.219121002744498,-0.027255395407115704,-0.16536057019156125,36,0.16666666666666666,0.7743637388398193,-194.06641687532044,0.5341216216216216,0.6939189189189189,0.7368243243243243,0.6138513513513514,0.6265709459459459,False
EURUSD1440_comma,daily,40,50,long_only,none,0.001,-0.005220173871868128,-0.8993388355627384,-1.253112428116058,-0.03029362442931593,-0.17231922459619686,54,0.3888888888888889,0.8244205482577727,-150.28304805340224,0.533445945945946,0.6608108108108108,0.7108108108108108,0.7013513513513514,0.625945945945946,False
EURUSD1440_comma,daily,5,150,long_only,slow_slope,0.0025,-0.004553236677112604,-0.9295263790517759,-1.2486599242423468,-0.025579436151983926,-0.1780037937528759,53,0.3018867924528302,0.7993780242735665,-127.5494773726503,0.5067567567567568,0.7101351351351352,0.7344594594594595,0.6587837837837838,0.625945945945946,False
EURUSD1440_comma,daily,30,100,long_only,none,0.001,-0.005956507695674351,-0.8579785192332895,-1.1879307959335481,-0.030152734832070746,-0.1975445255247279,31,0.3225806451612903,0.7704461223158394,-278.85879679975193,0.5797297297297297,0.6641891891891892,0.6810810810810811,0.6081081081081081,0.6253716216216216,False
EURUSD1440_comma,daily,100,500,long_short,price_slow,0.005,-0.009312228177289605,-0.6864922436928648,-0.9005767807090289,-0.034024595269521056,-0.2736910785719594,42,0.2857142857142857,0.6765851215224746,-229.3954923410896,0.7679054054054054,0.6175675675675676,0.5114864864864865,0.40945945945945944,0.6252702702702704,False
EURUSD1440_comma,daily,100,150,long_short,combined,0.0025,-0.00976442635910002,-0.7376067260950191,-0.964720011925681,-0.036940252151836994,-0.2643302573833256,106,0.25471698113207547,0.7756288777687117,-144.12294572486383,0.7283783783783784,0.5760135135135135,0.4871621621621622,0.6158783783783783,0.625168918918919,False
EURUSD1440_comma,daily,75,250,long_only,price_slow,0.0025,-0.002957601651832009,-0.9681640331806995,-1.2967959274972551,-0.02293001454545903,-0.12898385415188152,26,0.23076923076923078,0.7810272212225541,-178.38469988116594,0.46554054054054056,0.7412162162162163,0.7959459459459459,0.6280405405405406,0.6249155405405405,False
EURUSD1440_comma,daily,20,50,long_short,slow_slope,0.0025,-0.011233312840879583,-0.6884765711020959,-0.934545058180672,-0.041568655376458055,-0.2702351745358943,173,0.30057803468208094,0.8392064708474635,-95.35696683715646,0.7658783783783784,0.5057432432432433,0.4135135135135135,0.725,0.6242398648648649,False
EURUSD1440_comma,daily,20,75,long_short,slow_slope,0.0,-0.012214577180090003,-0.6609135521518471,-0.8950311661311706,-0.041322863017061735,-0.29558884085661596,180,0.2722222222222222,0.82287501167802,-96.78064775690464,0.7908783783783784,0.5111486486486486,0.37195945945945946,0.6989864864864865,0.6233783783783784,False
EURUSD1440_comma,daily,50,250,long_only,price_slow,0.005,-0.0031253215382884836,-0.9682826693572415,-1.2958652247398503,-0.023782099269649696,-0.1314148722891324,27,0.25925925925925924,0.7892566037820778,-181.29164177784588,0.4652027027027027,0.7327702702702703,0.789527027027027,0.6405405405405405,0.6232601351351351,False
EURUSD1440_comma,daily,30,150,long_short,combined,0.0,-0.010580985201850357,-0.7770842553910123,-1.0427324951215429,-0.035236628854852334,-0.3002836975533566,207,0.28502415458937197,0.848152144787685,-71.1419061152363,0.6817567567567567,0.602027027027027,0.4472972972972973,0.7368243243243243,0.6231925675675675,False
EURUSD1440_comma,daily,75,500,long_short,price_slow,0.001,-0.009978605594993528,-0.6741642965540043,-0.8882869655380955,-0.035899132026266274,-0.2779623080494674,49,0.24489795918367346,0.6921575117577953,-224.8563198810075,0.7800675675675676,0.5925675675675676,0.4780405405405405,0.4472972972972973,0.6228716216216216,False
EURUSD1440_comma,daily,75,500,long_short,combined,0.005,-0.008252739344098536,-0.8494252230699528,-1.1281514709012963,-0.027173761632942904,-0.3037025000651251,107,0.24299065420560748,0.7962019059999041,-106.7158361201804,0.589527027027027,0.6942567567567568,0.5726351351351351,0.6523648648648649,0.6217567567567568,False
EURUSD1440_comma,daily,50,75,long_only,none,0.0,-0.006422011799339322,-0.8516752938346606,-1.1593380665185837,-0.03442831563771197,-0.18653284891767408,40,0.425,0.8119755820193365,-233.20328155858186,0.5861486486486487,0.6121621621621621,0.6587837837837838,0.6814189189189189,0.6214695945945946,False
EURUSD1440_comma,daily,75,150,long_only,combined,0.001,-0.0037408273673110726,-1.0114237299417284,-1.3605206660317686,-0.02014501233148914,-0.18569496537183539,69,0.3333333333333333,0.8388111723230424,-84.52183404458792,0.4206081081081081,0.7618243243243243,0.7679054054054054,0.7243243243243244,0.6209290540540541,False
EURUSD1440_comma,daily,40,50,long_short,slow_slope,0.005,-0.0029174070862133528,-1.0655232044366325,-1.4785369033513107,-0.017339588382282264,-0.16825123076130133,52,0.34615384615384615,0.8690659382643509,-88.31412721348035,0.3766891891891892,0.7820945945945946,0.7976351351351352,0.7658783783783784,0.6206081081081081,False
EURUSD1440_comma,daily,5,500,long_short,price_slow,0.001,-0.011144246388912205,-0.6507304140634853,-0.8711937624405957,-0.036402398115711415,-0.3061404458433826,55,0.16363636363636364,0.7027987963428353,-248.59088497335506,0.7986486486486486,0.585472972972973,0.4168918918918919,0.4702702702702703,0.6197466216216216,False
EURUSD1440_comma,daily,20,200,long_only,price_slow,0.001,-0.004881450310548541,-0.8950535402538333,-1.210560834891058,-0.030227831973390303,-0.1614886014599295,45,0.17777777777777778,0.7840972542979289,-167.68451999065195,0.5364864864864864,0.6621621621621622,0.7226351351351351,0.6334459459459459,0.619679054054054,False
EURUSD1440_comma,daily,40,150,long_short,combined,0.0,-0.01006037540670257,-0.7507264711277745,-1.010253574913204,-0.040004653983169616,-0.25148012556076793,184,0.2554347826086957,0.8313134942319645,-76.1293022411826,0.7131756756756756,0.5310810810810811,0.47195945945945944,0.7114864864864865,0.6191554054054054,False
EURUSD1440_comma,daily,75,100,long_short,slow_slope,0.0,-0.011980636712390247,-0.645370831820557,-0.8676760140278104,-0.04311459293603922,-0.2778789244320038,159,0.25157232704402516,0.810315395847631,-113.99715422744143,0.8040540540540541,0.47871621621621624,0.38006756756756754,0.6783783783783783,0.619070945945946,False
EURUSD1440_comma,daily,75,500,long_short,price_slow,0.0,-0.010085011124481458,-0.6704419917532017,-0.885470807019416,-0.03505925987816728,-0.2876561330594938,52,0.19230769230769232,0.6738734661914845,-230.28309885129727,0.7837837837837838,0.6050675675675675,0.47128378378378377,0.4,0.6190371621621622,False
EURUSD1440_comma,daily,100,500,long_short,none,0.005,-0.00961563012652622,-0.6470694970192002,-0.8483011573617513,-0.03288961431699859,-0.2923606836446392,14,0.2857142857142857,0.6222149404653966,-782.0647109080275,0.802027027027027,0.6310810810810811,0.49594594594594593,0.2719594594594595,0.6185641891891892,True
EURUSD1440_comma,daily,75,150,long_only,price_slow,0.001,-0.0045150492382250995,-0.9476936467732147,-1.2655719740894529,-0.02345615482628941,-0.192488891366145,47,0.23404255319148937,0.7730163169394837,-148.90418781371096,0.4888513513513513,0.7351351351351352,0.7364864864864865,0.6128378378378379,0.6185472972972973,False
EURUSD1440_comma,daily,75,250,long_short,fast_slope,0.001,-0.011856553670735459,-0.760130249034835,-1.0117640033301212,-0.032553871777221854,-0.3642133185224242,148,0.24324324324324326,0.8070800073256903,-116.55468933635132,0.702027027027027,0.635472972972973,0.38682432432432434,0.6722972972972973,0.6178885135135135,False
EURUSD1440_comma,daily,50,250,long_short,slow_slope,0.0025,-0.011164937778213035,-0.6745310167731723,-0.8874906933180654,-0.039335365804554843,-0.283839683446396,86,0.2441860465116279,0.756492265325011,-185.70261588565646,0.779054054054054,0.5418918918918919,0.41621621621621624,0.581418918918919,0.6175506756756758,False
EURUSD1440_comma,daily,5,250,long_short,slow_slope,0.0,-0.01135877987598466,-0.655603704500185,-0.8727046482488429,-0.04198903664786606,-0.27051775374708265,119,0.21008403361344538,0.7777645905664698,-126.74987869806367,0.7945945945945946,0.4983108108108108,0.40878378378378377,0.6216216216216216,0.6174155405405406,False
EURUSD1440_comma,daily,30,150,long_only,fast_slope,0.0025,-0.0036188618829635644,-1.0666047396768419,-1.4577644606969065,-0.016601399510107244,-0.21798535001584252,85,0.35294117647058826,0.8715057608735597,-62.349937389064124,0.375,0.7875,0.7743243243243243,0.7692567567567568,0.6171283783783784,False
EURUSD1440_comma,daily,10,500,long_short,price_slow,0.0,-0.011481662175578333,-0.6585581047187544,-0.8809382074292592,-0.03617355302033666,-0.3174048777880176,63,0.14285714285714285,0.7023262911723261,-225.64390173334814,0.7929054054054054,0.589527027027027,0.40574324324324323,0.46925675675675677,0.6160810810810811,False
EURUSD1440_comma,daily,100,200,long_short,fast_slope,0.001,-0.009640677501635775,-0.6896044206489005,-0.8956854190009131,-0.04465468795267588,-0.2158939619475735,128,0.296875,0.7987372403201064,-115.10802625566448,0.764527027027027,0.4510135135135135,0.4939189189189189,0.6574324324324324,0.6159628378378379,False
EURUSD1440_comma,daily,100,250,long_short,combined,0.005,-0.00904470837476512,-0.7741169608646704,-1.029767511287603,-0.03694003654378123,-0.24484838730588032,110,0.2818181818181818,0.7758191555760257,-127.92258656290736,0.6858108108108109,0.5763513513513514,0.5246621621621622,0.6165540540540541,0.6158277027027028,False
EURUSD1440_comma,daily,60,75,long_only,combined,0.0025,-0.0022243196666721365,-1.128610579835181,-1.550720664634672,-0.011541224156285647,-0.1927282267939242,51,0.29411764705882354,0.883876475545837,-68.77024548332938,0.3195945945945946,0.8243243243243243,0.822972972972973,0.7814189189189189,0.6157263513513513,False
EURUSD1440_comma,daily,10,50,long_short,none,0.0,-0.015355890273983874,-0.6223890921263096,-0.8744511503498821,-0.03969139643816703,-0.3868820865979342,136,0.27205882352941174,0.7966969055944817,-165.76863359267819,0.8253378378378379,0.5381756756756757,0.264527027027027,0.6533783783783784,0.6155912162162163,False
EURUSD1440_comma,daily,30,500,long_short,price_slow,0.0025,-0.0107359324451346,-0.6717405069513944,-0.8918259109618518,-0.0372552641755672,-0.2881722270050484,51,0.17647058823529413,0.7041702466296215,-245.1223121128449,0.7824324324324324,0.5719594594594595,0.439527027027027,0.4743243243243243,0.6150168918918919,False
EURUSD1440_comma,daily,60,400,long_short,combined,0.001,-0.009268007873255102,-0.8232090821868375,-1.0968454990123129,-0.032088616698263094,-0.28882540997028283,128,0.28125,0.8081729640004114,-104.4744225180753,0.6280405405405406,0.6402027027027027,0.5131756756756757,0.6739864864864865,0.615,False
EURUSD1440_comma,daily,60,100,long_only,fast_slope,0.001,-0.00453835240947198,-1.0057024369406722,-1.3628869176859748,-0.022499911543519747,-0.2017053445163024,86,0.37209302325581395,0.8451253949675614,-81.78367302618987,0.4266891891891892,0.7472972972972973,0.7358108108108108,0.7327702702702703,0.6145777027027027,False
EURUSD1440_comma,daily,30,300,long_only,price_slow,0.005,-0.0033154503788335177,-0.9739092642308902,-1.3250928644159823,-0.022605632075188797,-0.14666479432231616,24,0.20833333333333334,0.7578591499503823,-216.05343168017353,0.4594594594594595,0.745945945945946,0.783445945945946,0.5834459459459459,0.6144763513513514,False
EURUSD1440_comma,daily,30,400,long_short,slow_slope,0.005,-0.010482988500657986,-0.7012543783284061,-0.9188845749692763,-0.03643660062342351,-0.2877048989558847,59,0.2033898305084746,0.7153109637472717,-209.250982664578,0.7547297297297297,0.5841216216216216,0.452027027027027,0.5057432432432433,0.6141891891891892,False
EURUSD1440_comma,daily,100,300,long_short,price_slow,0.005,-0.009627187712008434,-0.6866119603556836,-0.8961306934204821,-0.042168195231944115,-0.22830447589835312,56,0.19642857142857142,0.7472615933777507,-230.88467462056906,0.7675675675675676,0.49358108108108106,0.4945945945945946,0.5655405405405406,0.6141722972972973,False
EURUSD1440_comma,daily,30,75,long_only,slow_slope,0.005,-0.0042469907878476265,-1.01471647049156,-1.4029698839238012,-0.020546738014871446,-0.2066990285647149,52,0.3076923076923077,0.8330670010975486,-122.65625781102001,0.4189189189189189,0.7594594594594595,0.7483108108108109,0.7135135135135136,0.6141216216216216,False
EURUSD1440_comma,daily,30,150,long_short,combined,0.005,-0.009782116350626868,-0.7966883613572094,-1.0647428353988724,-0.037793657353186176,-0.25882957712220966,180,0.29444444444444445,0.8479954726155309,-76.2087471319678,0.6611486486486486,0.5679054054054054,0.4864864864864865,0.7358108108108108,0.6141047297297297,False
EURUSD1440_comma,daily,40,150,long_short,combined,0.0025,-0.010021195583367892,-0.7717347858086133,-1.0395094274492396,-0.03841975034726721,-0.2608344794744534,166,0.2710843373493976,0.8175361939554731,-85.00006548409168,0.6902027027027027,0.5581081081081081,0.4756756756756757,0.6885135135135135,0.6140202702702703,False
EURUSD1440_comma,daily,5,150,long_short,price_slow,0.0025,-0.012902522755033008,-0.6460908311318343,-0.8729374804570806,-0.041402894879975456,-0.3116333481616843,114,0.20175438596491227,0.7879085378973006,-158.57232361819183,0.8033783783783783,0.5094594594594595,0.3439189189189189,0.639527027027027,0.613429054054054,False
EURUSD1440_comma,daily,20,75,long_short,none,0.005,-0.01120620063630795,-0.6911678421878451,-0.9270004326100746,-0.04151145522382033,-0.269954415615802,81,0.2716049382716049,0.796880790182662,-194.3285017878002,0.7641891891891892,0.5070945945945946,0.41452702702702704,0.6537162162162162,0.6134121621621623,False
EURUSD1440_comma,daily,30,300,long_only,price_slow,0.001,-0.003768147375546649,-0.9496113097552966,-1.2947259164808063,-0.026331812378433638,-0.1431024694157721,33,0.15151515151515152,0.7634663707429675,-177.98184827685625,0.4864864864864865,0.7033783783783784,0.7668918918918919,0.5972972972972973,0.6134121621621622,False
EURUSD1440_comma,daily,60,400,long_short,fast_slope,0.001,-0.01050219542761699,-0.7961659329376604,-1.058325761683768,-0.03303100393708961,-0.3179496284042509,152,0.3026315789473684,0.8066280574549811,-101.68848330097377,0.6625,0.6297297297297297,0.4510135135135135,0.6712837837837838,0.6133277027027028,False
EURUSD1440_comma,daily,40,100,long_short,combined,0.005,-0.009038892637037277,-0.7971412210029082,-1.0829469138439425,-0.03878965552029169,-0.23302327684526203,148,0.28378378378378377,0.8272350964718114,-87.48863589224499,0.6608108108108108,0.552027027027027,0.5253378378378378,0.706081081081081,0.6133108108108107,False
EURUSD1440_comma,daily,20,100,long_only,none,0.005,-0.0054181781895619174,-0.9304563721955597,-1.2648457910054272,-0.027444469137683968,-0.19742331915330158,32,0.28125,0.7924154063911076,-245.25500153810583,0.5060810810810811,0.6912162162162162,0.7043918918918919,0.6469594594594594,0.6131587837837839,False
EURUSD1440_comma,daily,75,300,long_short,fast_slope,0.0025,-0.011648159234677324,-0.766473395394199,-1.022270327501037,-0.03318832275420935,-0.3509716149545389,147,0.25170068027210885,0.798550274720314,-112.6570831441357,0.6956081081081081,0.6273648648648649,0.3969594594594595,0.6570945945945946,0.6130405405405406,False
EURUSD1440_comma,daily,30,250,long_short,slow_slope,0.0,-0.011392699561355357,-0.6578562768624688,-0.8802876372061149,-0.04207197872417432,-0.27079067604702833,106,0.25471698113207547,0.7629552268022255,-149.48896856347034,0.793581081081081,0.49695945945945946,0.4077702702702703,0.5956081081081082,0.6125675675675677,False
EURUSD1440_comma,daily,60,200,long_only,price_slow,0.0,-0.00430339681737113,-0.9381929794921822,-1.2458479967681564,-0.028124264420774245,-0.15301366652606163,42,0.23809523809523808,0.7774757249575183,-159.0705047393983,0.49763513513513513,0.6837837837837838,0.7472972972972973,0.6202702702702703,0.6125,False
EURUSD1440_comma,daily,60,150,long_only,fast_slope,0.0,-0.004389681492101061,-0.9926152537790325,-1.3408576357842872,-0.025360613828208263,-0.17309050647735025,81,0.3950617283950617,0.840517216706712,-84.08066647587434,0.44155405405405407,0.7125,0.7429054054054054,0.7263513513513513,0.6122804054054055,False
EURUSD1440_comma,daily,40,100,long_short,slow_slope,0.001,-0.010709484327775631,-0.6464889572694164,-0.8738702344682385,-0.04770628984933679,-0.22448788957593846,140,0.2714285714285714,0.8141574242518049,-114.32428984900605,0.8027027027027027,0.3989864864864865,0.4412162162162162,0.6837837837837838,0.6116385135135136,False
EURUSD1440_comma,daily,40,150,long_short,fast_slope,0.0,-0.010621423126767393,-0.7282288967658502,-0.9820202094266305,-0.04349116108708187,-0.2442202705395755,192,0.2864583333333333,0.8448456872106325,-77.79332571014082,0.7358108108108108,0.4726351351351351,0.44594594594594594,0.7324324324324324,0.6115371621621621,False
EURUSD1440_comma,daily,75,400,long_short,fast_slope,0.0,-0.010873362513153073,-0.7721081766681233,-1.0277784004496584,-0.035305967769102754,-0.3079752008007173,145,0.25517241379310346,0.8004573222857162,-104.687335843127,0.6891891891891891,0.6003378378378378,0.43243243243243246,0.6608108108108108,0.6113682432432432,False
EURUSD1440_comma,daily,40,50,long_short,fast_slope,0.005,-0.003113374742767294,-1.081586311618623,-1.5218553332979556,-0.018036736045011853,-0.17261297914421236,53,0.33962264150943394,0.8677520506593415,-91.36095795369995,0.360472972972973,0.7783783783783784,0.7902027027027027,0.7635135135135135,0.6113513513513513,False
EURUSD1440_comma,daily,75,400,long_only,none,0.001,-0.0023640698483750056,-0.8960588668222936,-1.2075837001791472,-0.021751940953188467,-0.1086831677900667,7,0.5714285714285714,0.6350704996792992,-531.9631423957679,0.535472972972973,0.7506756756756757,0.8179054054054054,0.3050675675675676,0.6111993243243243,True
EURUSD1440_comma,daily,50,500,long_only,none,0.0,-0.001833289315230413,-0.8916663244353961,-1.2058320557391675,-0.013955546692588687,-0.13136635601699576,7,0.42857142857142855,0.5643068535017759,-712.3619898581159,0.5402027027027027,0.8054054054054054,0.8347972972972973,0.17466216216216215,0.6105912162162163,True
EURUSD1440_comma,daily,20,400,long_short,slow_slope,0.005,-0.01078134073521586,-0.7118205251014844,-0.9354574376650995,-0.036982271933887034,-0.2915272689165661,59,0.22033898305084745,0.7285222822460765,-220.03146728123363,0.7472972972972973,0.5756756756756757,0.43682432432432433,0.533445945945946,0.6102195945945945,False
EURUSD1440_comma,daily,75,100,long_only,slow_slope,0.0,-0.006301796676473237,-0.9436536144940337,-1.265647119341836,-0.024441202508316492,-0.25783496840341447,79,0.24050632911392406,0.7984113459788074,-122.01281646682405,0.49358108108108106,0.7246621621621622,0.664527027027027,0.6567567567567567,0.610016891891892,False
EURUSD1440_comma,daily,40,400,long_short,combined,0.0,-0.007541291978030995,-0.83746903616712,-1.136238837360791,-0.03961605756797812,-0.190359476459532,153,0.2679738562091503,0.8480404421000695,-68.56351369283136,0.606418918918919,0.5385135135135135,0.610472972972973,0.7364864864864865,0.6097635135135135,False
EURUSD1440_comma,daily,60,400,long_short,combined,0.0025,-0.009282655221413139,-0.8275020966610139,-1.1026029672203406,-0.03221908248402657,-0.28811047695151626,127,0.25984251968503935,0.8025988043242362,-105.21380716137644,0.6195945945945946,0.6385135135135135,0.5125,0.6652027027027027,0.6097466216216216,False
EURUSD1440_comma,daily,20,100,long_short,none,0.0,-0.014648710474253868,-0.6224729643738492,-0.8653614499264675,-0.04085642365839768,-0.3585411830641949,73,0.2465753424657534,0.7767388551809965,-266.0397136101809,0.825,0.5179054054054054,0.28614864864864864,0.6189189189189189,0.6095439189189189,False
EURUSD1440_comma,daily,40,50,long_only,none,0.005,0.0020783207615655552,-1.488202904700789,-2.1963721338312148,0.02236322410465409,-0.09293475537514417,26,0.38461538461538464,1.234713240870038,130.18364338914895,0.08614864864864864,0.9679054054054054,0.9378378378378378,0.9699324324324324,0.6094932432432432,False
EURUSD1440_comma,daily,20,200,long_only,none,0.001,-0.005904074312802932,-0.8685338683687794,-1.154015993194174,-0.029955004898407217,-0.19709809204928108,23,0.2608695652173913,0.7257701902414748,-379.2476947754999,0.5672297297297297,0.6662162162162162,0.6841216216216216,0.5266891891891892,0.6092736486486486,False
EURUSD1440_comma,daily,75,150,long_only,fast_slope,0.001,-0.004236471351975024,-0.9827324762756906,-1.318777802157345,-0.026961523841138233,-0.15713026373943162,68,0.3235294117647059,0.8201362460785783,-96.76975925679953,0.4506756756756757,0.6983108108108108,0.7486486486486487,0.6942567567567568,0.6087162162162163,False
EURUSD1440_comma,daily,40,300,long_short,slow_slope,0.001,-0.010649451847733249,-0.6616745168824977,-0.8869229814898567,-0.04303689579889506,-0.24744934898410276,69,0.2463768115942029,0.7435031789362043,-209.1191067539041,0.7898648648648648,0.48074324324324325,0.44391891891891894,0.5581081081081081,0.6086317567567567,False
EURUSD1440_comma,daily,60,200,long_short,fast_slope,0.001,-0.011678391712026448,-0.7338598687375947,-0.9607078653485063,-0.038812138749354165,-0.3008953406934004,157,0.3184713375796178,0.800614264833202,-111.76765441239894,0.731081081081081,0.5513513513513514,0.39594594594594595,0.6611486486486486,0.6086317567567567,False
EURUSD1440_comma,daily,60,100,long_short,slow_slope,0.0,-0.011784414953584066,-0.6425738224812604,-0.8640261258418489,-0.04612154385858047,-0.25550781625432706,151,0.24503311258278146,0.8047805588512787,-117.48602310991133,0.8074324324324325,0.42736486486486486,0.3898648648648649,0.6682432432432432,0.6080236486486488,False
EURUSD1440_comma,daily,20,250,long_only,none,0.005,-0.005000877349611632,-0.9279439332585689,-1.2557793780599034,-0.024590317437131495,-0.20336774270592717,21,0.23809523809523808,0.7265760699955041,-367.78772888183113,0.5084459459459459,0.7219594594594595,0.7179054054054054,0.5293918918918918,0.6068581081081081,False
EURUSD1440_comma,daily,100,250,long_only,price_slow,0.0025,-0.0026400426431494317,-0.9907193215486171,-1.3410968506260226,-0.024197496303917893,-0.10910395893818048,26,0.23076923076923078,0.7494794923450613,-159.61001793285263,0.44391891891891894,0.7260135135135135,0.8074324324324325,0.5706081081081081,0.6061486486486487,False
EURUSD1440_comma,daily,60,200,long_only,none,0.001,-0.00459325165233837,-0.8771875752540829,-1.1511954082012534,-0.029571924319668555,-0.1553247466308223,12,0.5,0.6959395085808368,-592.9637483413807,0.5574324324324325,0.6709459459459459,0.7337837837837838,0.4570945945945946,0.6060304054054054,True
EURUSD1440_comma,daily,100,500,long_short,combined,0.0,-0.008759408752110898,-0.8270363028146164,-1.0866986780367975,-0.03235758041723372,-0.2707065435413588,106,0.2358490566037736,0.766029593580207,-113.95610456445394,0.6206081081081081,0.6371621621621621,0.5402027027027027,0.6016891891891892,0.6058277027027028,False
EURUSD1440_comma,daily,40,250,long_short,slow_slope,0.001,-0.011562006453160745,-0.6664364452191918,-0.8869657498214276,-0.04238389647374156,-0.2727924380507075,100,0.26,0.759800844208807,-163.55094700156351,0.785472972972973,0.4912162162162162,0.40202702702702703,0.5868243243243243,0.6054222972972974,False
EURUSD1440_comma,daily,5,50,long_short,none,0.005,-0.013544468073716898,-0.6916629687065873,-0.937609478771285,-0.04085309204496583,-0.3315408307113912,164,0.27439024390243905,0.827264240674632,-117.57413024238599,0.7635135135135135,0.5182432432432432,0.32094594594594594,0.706418918918919,0.6051182432432433,False
EURUSD1440_comma,daily,40,75,long_only,slow_slope,0.0,-0.00592789041070918,-0.9262139831391984,-1.2796515294350963,-0.032557115844733794,-0.18207664459528694,87,0.27586206896551724,0.8256879568367064,-102.07027152239147,0.5097972972972973,0.6351351351351351,0.6831081081081081,0.7047297297297297,0.6050337837837837,False
EURUSD1440_comma,daily,75,150,long_short,price_slow,0.0025,-0.010558606275630766,-0.6803117570161387,-0.8859957388118687,-0.04370089674885894,-0.24161074625788903,89,0.24719101123595505,0.760942812324785,-175.7833884237271,0.7733108108108108,0.46824324324324323,0.44763513513513514,0.5908783783783784,0.6045439189189189,False
EURUSD1440_comma,daily,50,500,long_short,combined,0.0,-0.008702590703202007,-0.8595976417974849,-1.1684009127398296,-0.03170502197174187,-0.2744861905775834,144,0.2777777777777778,0.8176477406963699,-91.61727225373596,0.5773648648648648,0.6442567567567568,0.543581081081081,0.6888513513513513,0.604054054054054,False
EURUSD1440_comma,daily,100,300,long_short,combined,0.001,-0.009666285633849636,-0.7595855435207628,-1.0072421230134434,-0.04069789545877952,-0.237513157004397,124,0.21774193548387097,0.7766237523017977,-113.80785015842864,0.7037162162162162,0.5216216216216216,0.4922297297297297,0.6185810810810811,0.603125,False
EURUSD1440_comma,daily,60,100,long_short,slow_slope,0.0025,-0.012124319963085495,-0.7016188491083383,-0.9296186352203832,-0.041094761451789495,-0.29503322405969423,112,0.2857142857142857,0.793014635793034,-159.60612758974366,0.754054054054054,0.5148648648648648,0.37466216216216214,0.6489864864864865,0.6026182432432432,False
EURUSD1440_comma,daily,10,500,long_short,price_slow,0.0025,-0.011574313976312478,-0.6714805676485615,-0.8993605199195661,-0.03786755051661959,-0.30565256580915257,55,0.16363636363636364,0.6929689110784678,-260.6764777448755,0.7831081081081082,0.5668918918918919,0.4006756756756757,0.44932432432432434,0.6025,False
EURUSD1440_comma,daily,100,500,long_short,combined,0.005,-0.008543432797955552,-0.8354805321663427,-1.0964709892102575,-0.032829891127034584,-0.2602333576098963,99,0.25252525252525254,0.7629556188128962,-116.45954364697124,0.6101351351351352,0.6324324324324324,0.5527027027027027,0.595945945945946,0.6020945945945946,False
EURUSD1440_comma,daily,60,200,long_only,none,0.0,-0.004913279903350221,-0.8736407298220753,-1.1442479458740953,-0.03236250292315158,-0.15182014552512701,14,0.35714285714285715,0.708371527429334,-542.3718265240558,0.5621621621621622,0.6368243243243243,0.7216216216216216,0.4875,0.6015202702702703,True
EURUSD1440_comma,daily,75,150,long_short,fast_slope,0.0025,-0.012025155465202553,-0.7323601668811852,-0.9647357787280162,-0.03917334053427991,-0.3069729387688943,138,0.26811594202898553,0.7907330295691452,-124.24100654179901,0.7327702702702703,0.5445945945945946,0.37804054054054054,0.643918918918919,0.6014527027027028,False
EURUSD1440_comma,daily,40,100,long_short,fast_slope,0.005,-0.010155720185533124,-0.7878244671943597,-1.0679810107605916,-0.03928796248097973,-0.25849444827915824,143,0.3006993006993007,0.8190992265477239,-101.36836022126914,0.6709459459459459,0.5425675675675675,0.4668918918918919,0.6922297297297297,0.601233108108108,False
EURUSD1440_comma,daily,60,250,long_only,price_slow,0.001,-0.0038907411669546477,-0.9555139155122475,-1.272605273939735,-0.028319393878040694,-0.13738786867086128,31,0.1935483870967742,0.7506230803119406,-195.4497227410049,0.48074324324324325,0.6814189189189189,0.7621621621621621,0.5736486486486486,0.6011317567567568,False
EURUSD1440_comma,daily,10,150,long_short,price_slow,0.001,-0.012857550474165924,-0.6421265790829265,-0.8660722064320974,-0.04455601046829648,-0.28857050573041376,119,0.18487394957983194,0.7827406246745321,-148.2223910782766,0.8091216216216216,0.45337837837837835,0.34628378378378377,0.6314189189189189,0.6009628378378379,False
EURUSD1440_comma,daily,40,150,long_short,combined,0.001,-0.010630376574509715,-0.7642634102630568,-1.0269032115020251,-0.04084573506078106,-0.260256708777331,179,0.26256983240223464,0.8164924660668259,-82.88277813577236,0.697972972972973,0.518581081081081,0.4452702702702703,0.6864864864864865,0.6008614864864865,False
EURUSD1440_comma,daily,20,50,long_only,none,0.001,-0.008367405578820986,-0.8741235207126505,-1.1755298493382804,-0.025828142255541635,-0.3239646698564118,56,0.30357142857142855,0.7505180162136401,-229.84410734844778,0.5618243243243243,0.7070945945945946,0.5645270270270271,0.5733108108108108,0.6004054054054053,False
EURUSD1440_comma,daily,40,300,long_short,combined,0.001,-0.008575602098054969,-0.802777722431874,-1.0925976138802362,-0.04270250279822559,-0.20082200189941346,166,0.2710843373493976,0.8338107080981717,-73.70716875885752,0.6537162162162162,0.4868243243243243,0.5496621621621621,0.714527027027027,0.6003040540540541,False
EURUSD1440_comma,daily,60,500,long_only,slow_slope,0.0025,-0.00165221576642538,-1.0720862714862895,-1.4537207384042699,-0.010940137389910275,-0.15102331054353701,14,0.5714285714285714,0.7170937920087311,-186.8844557836037,0.3695945945945946,0.8283783783783784,0.8425675675675676,0.5091216216216217,0.5998141891891892,True
EURUSD1440_comma,daily,50,500,long_short,price_slow,0.005,-0.01096135278662358,-0.6964796505621831,-0.9120357232441562,-0.03585461819869416,-0.3057166227758854,38,0.21052631578947367,0.6772596510005165,-324.2413036437458,0.7581081081081081,0.5942567567567567,0.42905405405405406,0.41081081081081083,0.5992398648648649,False
EURUSD1440_comma,daily,50,500,long_short,combined,0.001,-0.0089611155225916,-0.8679644370912962,-1.1799819027732363,-0.03175920729371983,-0.28215803498230263,140,0.2714285714285714,0.8222965822697248,-91.04654394855584,0.5685810810810811,0.6429054054054054,0.5307432432432433,0.6976351351351351,0.5989527027027026,False
EURUSD1440_comma,daily,5,50,long_short,none,0.0,-0.01705995008066763,-0.6430327052836046,-0.8960032361792173,-0.039786649334252265,-0.4287857953894284,170,0.27058823529411763,0.8009441745860081,-148.13627187328947,0.8064189189189189,0.5364864864864864,0.21182432432432433,0.6621621621621622,0.5983783783783784,False
EURUSD1440_comma,daily,50,200,long_only,price_slow,0.0025,-0.004626925823588368,-0.9577040675286056,-1.2722725071340328,-0.028878369845978587,-0.16022115681272375,34,0.2647058823529412,0.7693538636010487,-210.76271391473193,0.4777027027027027,0.6760135135135135,0.7320945945945946,0.606081081081081,0.5974155405405405,False
EURUSD1440_comma,daily,30,150,long_only,fast_slope,0.005,-0.0037341083546910125,-1.1082774072076178,-1.5037887404411663,-0.017664831594247442,-0.21138658100239271,80,0.3375,0.8545513905683998,-72.77279363836081,0.34087837837837837,0.7800675675675676,0.768581081081081,0.7476351351351351,0.5972297297297298,False
EURUSD1440_comma,daily,10,500,long_short,price_slow,0.001,-0.01153737418244738,-0.6629093244780786,-0.8844703784473551,-0.03972971695984535,-0.29039658636652643,58,0.15517241379310345,0.6908433598945825,-242.944954089957,0.7885135135135135,0.5368243243243244,0.40371621621621623,0.44425675675675674,0.5969932432432432,False
EURUSD1440_comma,daily,100,500,long_short,combined,0.001,-0.008985009608264538,-0.835094713999509,-1.097693238866804,-0.032967077702203376,-0.2725449216162711,106,0.22641509433962265,0.7622226391097171,-116.72149474441554,0.6108108108108108,0.6304054054054054,0.529054054054054,0.5939189189189189,0.5968243243243243,False
EURUSD1440_comma,daily,75,150,long_only,combined,0.0,-0.004428000845086655,-1.0120053621755387,-1.360762804188764,-0.025706095156880465,-0.17225489978400943,73,0.3150684931506849,0.8167810883792778,-94.08251565236114,0.42027027027027025,0.7087837837837838,0.7418918918918919,0.6871621621621622,0.5967567567567568,False
EURUSD1440_comma,daily,100,250,long_short,slow_slope,0.001,-0.011951705910628552,-0.6774299627919868,-0.8948509540546216,-0.041613518948941504,-0.28720728773966275,92,0.25,0.7411513121153946,-169.6258806473729,0.7766891891891892,0.5043918918918919,0.3820945945945946,0.5557432432432432,0.596554054054054,False
EURUSD1440_comma,daily,30,500,long_short,combined,0.0025,-0.008435816678331376,-0.8824356652629111,-1.1860071084623633,-0.033303549566655655,-0.2533008279326936,149,0.3288590604026846,0.8330973288684506,-79.16314605121256,0.5516891891891892,0.625,0.5591216216216216,0.7138513513513514,0.5958277027027027,False
EURUSD1440_comma,daily,100,500,long_short,combined,0.0025,-0.008910268788121622,-0.8366815882320296,-1.0989920407834577,-0.033188952648481845,-0.2684709241202645,105,0.23809523809523808,0.7619723963906835,-115.79611619149489,0.6084459459459459,0.6270270270270271,0.5324324324324324,0.5935810810810811,0.5956587837837838,False
EURUSD1440_comma,daily,100,500,long_short,price_slow,0.001,-0.01083511442992613,-0.6934405309917132,-0.9081713269109606,-0.034504818519167396,-0.31401742988177817,46,0.1956521739130435,0.6509145054867513,-283.66345549788224,0.7618243243243243,0.6111486486486486,0.4347972972972973,0.33918918918918917,0.5953547297297298,False
EURUSD1440_comma,daily,60,400,long_short,fast_slope,0.0025,-0.011026782146681735,-0.8089239755127915,-1.0760989996761676,-0.0346628240089062,-0.3181155160309078,151,0.2913907284768212,0.7958049533916743,-106.8605018731264,0.6489864864864865,0.6087837837837838,0.4246621621621622,0.652027027027027,0.594527027027027,False
EURUSD1440_comma,daily,20,150,long_short,price_slow,0.0025,-0.01341649668463707,-0.674307210215047,-0.8932025762454261,-0.04027088558446164,-0.33315623656942306,98,0.22448979591836735,0.7484745652022671,-193.71103631510013,0.7797297297297298,0.5280405405405405,0.3253378378378378,0.5689189189189189,0.5943074324324324,False
EURUSD1440_comma,daily,40,400,long_only,none,0.005,-0.003467417246030724,-0.9475770311377005,-1.271238617939338,-0.024850330444317646,-0.13953203776505896,10,0.4,0.6807653285128599,-541.6802640150249,0.48952702702702705,0.7172297297297298,0.7793918918918918,0.4206081081081081,0.5940878378378378,True
EURUSD1440_comma,daily,10,150,long_short,none,0.0,-0.014547890959667242,-0.626672401847071,-0.8566179869145149,-0.044567650942982144,-0.32642265526354897,68,0.22058823529411764,0.7788911271529803,-297.3149484483974,0.8233108108108108,0.45304054054054055,0.2885135135135135,0.6233108108108109,0.5937837837837838,False
EURUSD1440_comma,daily,40,150,long_short,fast_slope,0.001,-0.010750777850089821,-0.7385953255044656,-0.993219678523969,-0.04611352584417358,-0.2331371902989755,184,0.29347826086956524,0.835982931331107,-82.3482080781219,0.727027027027027,0.4277027027027027,0.43783783783783786,0.7192567567567567,0.5931925675675676,False
EURUSD1440_comma,daily,30,300,long_short,fast_slope,0.0025,-0.011021443551917032,-0.8119603004797615,-1.0925877000440405,-0.03732058993201412,-0.2953180421851447,195,0.3230769230769231,0.835827242702512,-78.72582930115054,0.643918918918919,0.5709459459459459,0.425,0.7185810810810811,0.5930912162162163,False
EURUSD1440_comma,daily,5,150,long_only,none,0.0,-0.007179047584514264,-0.8686027624970307,-1.1678642310657759,-0.03509287022867054,-0.2045728245576519,49,0.22448979591836735,0.7658330198039311,-209.59901225718895,0.5668918918918919,0.6037162162162162,0.6256756756756757,0.6010135135135135,0.592972972972973,False
EURUSD1440_comma,daily,20,100,long_short,none,0.001,-0.014917324176669133,-0.6428744076327871,-0.8846111105992188,-0.04189217676422635,-0.35608854275167956,74,0.28378378378378377,0.7633646653963325,-274.0474385005082,0.8067567567567567,0.5006756756756757,0.27635135135135136,0.5969594594594595,0.5926858108108108,False
EURUSD1440_comma,daily,30,250,long_short,slow_slope,0.005,-0.01156064216400321,-0.6868117928771421,-0.9123295166036184,-0.04234087607732105,-0.2730373869187702,86,0.23255813953488372,0.7351349904541148,-190.8985137977418,0.7672297297297297,0.4922297297297297,0.4023648648648649,0.5466216216216216,0.5924155405405406,False
EURUSD1440_comma,daily,50,100,long_only,slow_slope,0.001,-0.006208761707630739,-0.9634474673234914,-1.2999990046555627,-0.025790624117968175,-0.24073716398763423,70,0.21428571428571427,0.7786969855795854,-135.76107924360372,0.4706081081081081,0.7077702702702703,0.6675675675675675,0.6229729729729729,0.5921452702702702,False
EURUSD1440_comma,daily,75,200,long_short,fast_slope,0.0,-0.0131488861501593,-0.7335705263849588,-0.9582773349999681,-0.039242100884781285,-0.33507090226299907,155,0.2709677419354839,0.7902622693516437,-121.83258383567353,0.731418918918919,0.543918918918919,0.33513513513513515,0.6425675675675676,0.5919594594594595,False
EURUSD1440_comma,daily,100,300,long_short,slow_slope,0.0025,-0.011154448907221282,-0.6725136458522376,-0.8899929098285583,-0.04230550554413636,-0.2636642385843635,61,0.26229508196721313,0.7069544591607978,-242.24068158063398,0.7817567567567567,0.4925675675675676,0.41655405405405405,0.4817567567567568,0.591418918918919,False
EURUSD1440_comma,daily,100,500,long_short,price_slow,0.0025,-0.010692586811415605,-0.6943809405131206,-0.9075811215534825,-0.03497319143544312,-0.305736662070232,44,0.20454545454545456,0.6400392061387088,-288.23080024559346,0.760472972972973,0.6057432432432432,0.44256756756756754,0.31486486486486487,0.5913682432432433,False
EURUSD1440_comma,daily,40,150,long_short,fast_slope,0.0025,-0.010552577125525708,-0.7575610665626799,-1.0215509033618686,-0.04427627125844015,-0.23833481965837688,166,0.2891566265060241,0.8229160629082949,-90.24047887155325,0.7057432432432432,0.4577702702702703,0.4483108108108108,0.6993243243243243,0.5913006756756757,False
EURUSD1440_comma,daily,100,400,long_short,fast_slope,0.001,-0.010391806661460667,-0.7557859025266817,-0.9936832876417631,-0.04195577421358961,-0.24768477894264973,126,0.25396825396825395,0.7709195404276908,-116.20994709696606,0.7077702702702703,0.49966216216216214,0.4577702702702703,0.6097972972972973,0.5910472972972973,False
EURUSD1440_comma,daily,10,100,long_short,slow_slope,0.0025,-0.013665177335165035,-0.6984065771002517,-0.9346164144028727,-0.04089540063665469,-0.3341494916892167,155,0.2709677419354839,0.784815185339618,-125.4321656236617,0.7570945945945946,0.5175675675675676,0.31655405405405407,0.635472972972973,0.5908614864864865,False
EURUSD1440_comma,daily,60,500,long_only,combined,0.001,-0.0006907647918870108,-1.3031884429370655,-1.8129186090942377,-0.005617412822160736,-0.12296849346053729,52,0.3269230769230769,0.9462434838766751,-25.823094577877836,0.18277027027027026,0.8665540540540541,0.8733108108108109,0.8418918918918918,0.5906925675675676,False
EURUSD1440_comma,daily,20,50,long_only,slow_slope,0.005,-0.0055118251426141684,-1.0289206831459425,-1.4082810139053048,-0.023256512222209248,-0.2370013650348889,63,0.31746031746031744,0.8104926964991982,-135.65477326981744,0.4097972972972973,0.7391891891891892,0.6993243243243243,0.6787162162162163,0.5903885135135135,False
EURUSD1440_comma,daily,100,200,long_short,combined,0.005,-0.010029160516646818,-0.7509940390230031,-0.9774463638085418,-0.04305015179968431,-0.2329645796213049,98,0.29591836734693877,0.76557784304692,-158.22730885994525,0.7128378378378378,0.4804054054054054,0.47466216216216217,0.6003378378378378,0.5902195945945946,False
EURUSD1440_comma,daily,75,400,long_only,none,0.0025,-0.002570348268066569,-0.9106093295325369,-1.2275717547870306,-0.021520087362397505,-0.11943949040642798,7,0.5714285714285714,0.5810603722622513,-577.487915652219,0.5239864864864865,0.7527027027027027,0.8104729729729729,0.20202702702702702,0.5901689189189189,True
EURUSD1440_comma,daily,75,200,long_short,fast_slope,0.001,-0.012820959327556891,-0.7422334992600427,-0.9614843470709958,-0.038944283409198296,-0.3292128704190945,145,0.25517241379310346,0.7802246604202249,-127.70256222120784,0.7226351351351351,0.5496621621621621,0.3472972972972973,0.6260135135135135,0.5898310810810811,False
EURUSD1440_comma,daily,40,400,long_only,none,0.0025,-0.003407348743837857,-0.9246467889875221,-1.2426824343830896,-0.02407403806333396,-0.14153623645828783,10,0.4,0.6384435274703338,-532.5352192848791,0.5121621621621621,0.7280405405405406,0.7817567567567567,0.3097972972972973,0.5896959459459459,True
EURUSD1440_comma,daily,75,150,long_short,combined,0.0025,-0.011290247330136727,-0.7437297371616707,-0.9768103639445533,-0.042634015787108,-0.2648178249619816,137,0.27007299270072993,0.791036155814003,-121.21302471617966,0.7206081081081082,0.4885135135135135,0.41216216216216217,0.6449324324324325,0.589543918918919,False
EURUSD1440_comma,daily,60,200,long_only,price_slow,0.005,-0.004023234231386841,-0.9819302637389227,-1.3006597223634302,-0.027823228477481216,-0.14459983443844604,29,0.3103448275862069,0.747661161945084,-215.83028736629583,0.4516891891891892,0.6871621621621622,0.7570945945945946,0.5672297297297297,0.5889695945945945,False
EURUSD1440_comma,daily,30,500,long_short,combined,0.005,-0.008557481179333748,-0.8898576168708583,-1.1980575352213507,-0.03453974061283729,-0.24775754037229836,146,0.3219178082191781,0.8404730082777369,-76.09077519419732,0.5425675675675675,0.6108108108108108,0.5513513513513514,0.7260135135135135,0.588902027027027,False
EURUSD1440_comma,daily,20,300,long_only,price_slow,0.0,-0.004599876057155172,-0.957402817522129,-1.3071508079582723,-0.029496270585327805,-0.15594771697827003,37,0.13513513513513514,0.739148001207279,-192.5804132609867,0.4780405405405405,0.6712837837837838,0.7334459459459459,0.552027027027027,0.5885304054054054,False
EURUSD1440_comma,daily,60,75,long_short,combined,0.001,-0.010981077949005935,-0.7535102201274896,-1.0151986036481522,-0.04347674144756154,-0.2525736194431799,160,0.2875,0.8046163828752223,-105.1863430284562,0.7097972972972973,0.47364864864864864,0.42736486486486486,0.6679054054054054,0.5879898648648649,False
EURUSD1440_comma,daily,60,100,long_only,slow_slope,0.0,-0.006514609152010298,-0.9541135365201248,-1.2827773151482247,-0.026988222362170196,-0.2413871156309252,71,0.23943661971830985,0.7618246362349741,-140.1237471946923,0.48243243243243245,0.6976351351351351,0.6554054054054054,0.5929054054054054,0.5873986486486487,False
EURUSD1440_comma,daily,75,250,long_short,slow_slope,0.005,-0.01074871682382006,-0.6915783324121978,-0.9087328897178036,-0.04492601903827457,-0.23925371207857804,72,0.2361111111111111,0.735651456734618,-211.71830105434555,0.7638513513513514,0.44763513513513514,0.43817567567567567,0.547972972972973,0.5872804054054054,False
EURUSD1440_comma,daily,20,150,long_only,price_slow,0.0,-0.0070650090765220774,-0.9221164352627805,-1.2352753240507715,-0.02743954902789924,-0.25747540782608014,56,0.16071428571428573,0.7344251174081136,-179.3318206797646,0.5155405405405405,0.691554054054054,0.6317567567567568,0.5442567567567568,0.5870945945945946,False
EURUSD1440_comma,daily,5,150,long_only,price_slow,0.0025,-0.006820326358395246,-0.9178305804896763,-1.2285077764029921,-0.030735855565611016,-0.22190130168447975,53,0.18867924528301888,0.7545826328144373,-190.70004904929456,0.518581081081081,0.6557432432432433,0.643581081081081,0.5787162162162162,0.5868918918918918,False
EURUSD1440_comma,daily,75,100,long_short,none,0.001,-0.012336356186064434,-0.6399972094522204,-0.8521249303290127,-0.04907990068734526,-0.2513525091391482,63,0.4126984126984127,0.7789094757835695,-260.1184814371356,0.8111486486486487,0.3804054054054054,0.3679054054054054,0.6236486486486487,0.5866891891891892,False
EURUSD1440_comma,daily,30,300,long_only,slow_slope,0.0025,-0.0041490516764313146,-1.0021613915166436,-1.3844459905818658,-0.027771607693144063,-0.14939904532266546,38,0.21052631578947367,0.7670521099200874,-169.70424440075826,0.43175675675675673,0.6881756756756757,0.7530405405405406,0.6023648648648648,0.5857094594594594,False
EURUSD1440_comma,daily,30,100,long_short,slow_slope,0.0025,-0.01221918535334543,-0.6875134681195412,-0.9282762551865076,-0.046557856568447714,-0.2624516301643143,128,0.28125,0.8003041006948989,-129.43154316592555,0.7665540540540541,0.41993243243243245,0.3716216216216216,0.660472972972973,0.5850000000000001,False
EURUSD1440_comma,daily,50,300,long_short,fast_slope,0.0025,-0.011243000374990375,-0.791089673335801,-1.0619054564951607,-0.03953994983274425,-0.28434533737520573,167,0.30538922155688625,0.8027889709631986,-98.62603732878235,0.6679054054054054,0.539527027027027,0.4131756756756757,0.6655405405405406,0.5845101351351353,False
EURUSD1440_comma,daily,10,75,long_short,slow_slope,0.0,-0.014456570150275683,-0.6946729773430075,-0.9437978414020807,-0.04171698069890527,-0.3465392247491931,190,0.26842105263157895,0.7893843229091934,-111.44321774441227,0.7601351351351351,0.5023648648648649,0.2905405405405405,0.6412162162162162,0.5839358108108108,False
EURUSD1440_comma,daily,5,500,long_short,none,0.001,-0.012283316505391384,-0.662154006105342,-0.8885127736025541,-0.03929131260726569,-0.3126216888748067,48,0.20833333333333334,0.6695044420845837,-316.1036609558367,0.789527027027027,0.5422297297297297,0.36993243243243246,0.38885135135135135,0.5836824324324326,False
EURUSD1440_comma,daily,50,500,long_short,combined,0.005,-0.009255097747175034,-0.8810917802149217,-1.1938286662841258,-0.032854396082102055,-0.28170043741016726,130,0.26153846153846155,0.8096889001115667,-103.36832760803495,0.5530405405405405,0.6320945945945946,0.5138513513513514,0.6766891891891892,0.5835135135135135,False
EURUSD1440_comma,daily,20,50,long_short,price_slow,0.0025,-0.014108508756366378,-0.7395178116847966,-0.9987851764201329,-0.04021251441270132,-0.3508487087271055,181,0.26519337016574585,0.8069108928435388,-109.05581215018445,0.7263513513513513,0.529054054054054,0.2996621621621622,0.6716216216216216,0.5834797297297297,False
EURUSD1440_comma,daily,5,500,long_short,price_slow,0.0,-0.012602987013504152,-0.6676787267743025,-0.8953712518426306,-0.039584251871821546,-0.31838386271171937,68,0.1323529411764706,0.681877296153741,-228.63247451592179,0.7847972972972973,0.5391891891891892,0.3564189189189189,0.4226351351351351,0.5833952702702703,False
EURUSD1440_comma,daily,60,500,long_only,combined,0.0,-0.0009902605324789704,-1.3013120812759627,-1.8075004787946918,-0.007818214820017417,-0.12666069624277276,55,0.3090909090909091,0.9292533464720469,-33.01456347327278,0.18445945945945946,0.8483108108108108,0.8665540540540541,0.8263513513513514,0.5831250000000001,False
EURUSD1440_comma,daily,5,50,long_short,none,0.001,-0.017201137779957465,-0.6643746833848311,-0.9192519344248555,-0.04109951655003903,-0.41852409039933414,171,0.25146198830409355,0.7955115796371489,-149.6208503447997,0.7875,0.5141891891891892,0.20675675675675675,0.6516891891891892,0.582652027027027,False
EURUSD1440_comma,daily,20,400,long_only,price_slow,0.0025,-0.004219222968997238,-0.9788269973836975,-1.351449504826392,-0.027787384008582106,-0.1518395170878315,33,0.2727272727272727,0.7247740445996569,-198.61804420886804,0.45506756756756755,0.6878378378378378,0.7493243243243243,0.5233108108108108,0.5823479729729729,False
EURUSD1440_comma,daily,40,150,long_short,combined,0.005,-0.009792606974793339,-0.7956242324464096,-1.0683045186450026,-0.043540425899805585,-0.2249083873760882,150,0.28,0.8111393936619459,-92.71243849240012,0.6638513513513513,0.47128378378378377,0.4847972972972973,0.6800675675675676,0.5823310810810811,False
EURUSD1440_comma,daily,20,100,long_only,none,0.001,-0.00808237910956211,-0.8772374695718053,-1.1891493577488572,-0.03213966187230107,-0.2514767934297326,39,0.28205128205128205,0.7399210534259392,-297.0269288622125,0.5570945945945946,0.639527027027027,0.5827702702702703,0.5530405405405405,0.5822297297297298,False
EURUSD1440_comma,daily,40,500,long_short,fast_slope,0.0,-0.00934010851388234,-0.8254405787913255,-1.1331820240331998,-0.04192877942673186,-0.22276127856771133,164,0.25,0.8246562968216218,-84.69967318581519,0.6243243243243243,0.5003378378378378,0.5087837837837837,0.7016891891891892,0.5818243243243243,False
EURUSD1440_comma,daily,75,200,long_short,combined,0.005,-0.011131188955385674,-0.7819121119767514,-1.0301922156438639,-0.04107138377576654,-0.2710205484226572,134,0.2462686567164179,0.7954608723699065,-121.6575095939191,0.6790540540540541,0.5155405405405405,0.4179054054054054,0.6513513513513514,0.5817905405405406,False
EURUSD1440_comma,daily,60,150,long_short,combined,0.001,-0.012340250465005309,-0.75147491933047,-0.9944481712914882,-0.04043480581761212,-0.3051888148212718,160,0.2875,0.7727931247010787,-113.81921747393304,0.7111486486486487,0.5260135135135136,0.3672297297297297,0.6121621621621621,0.5812331081081081,False
EURUSD1440_comma,daily,60,200,long_short,fast_slope,0.0,-0.01318520239986165,-0.7513463427665806,-0.9827285672018478,-0.03970789207519422,-0.3320549571075956,165,0.296969696969697,0.7845818728052111,-119.68627430729455,0.7114864864864865,0.5378378378378378,0.3344594594594595,0.6351351351351351,0.5812162162162162,False
EURUSD1440_comma,daily,40,150,long_short,fast_slope,0.005,-0.010027714976519775,-0.7828254977854926,-1.0513899424350162,-0.045315819716563496,-0.22128508408851577,148,0.28378378378378377,0.8191708583421032,-96.94602670728057,0.6783783783783783,0.4412162162162162,0.475,0.6929054054054054,0.5805912162162162,False
EURUSD1440_comma,daily,40,50,long_only,combined,0.0025,-0.002362890274959284,-1.1995396308710007,-1.692265169982569,-0.0161902295116509,-0.14594544649653596,60,0.35,0.8868225025340428,-56.9708303159282,0.2533783783783784,0.7902027027027027,0.8185810810810811,0.7861486486486486,0.5805405405405406,False
EURUSD1440_comma,daily,30,150,long_short,fast_slope,0.005,-0.010967616117765089,-0.7985534782212638,-1.0694098127797773,-0.04250535917481666,-0.25802901870931894,186,0.3225806451612903,0.8380551248983454,-82.92928423201478,0.6597972972972973,0.4891891891891892,0.4287162162162162,0.7216216216216216,0.5802027027027027,False
EURUSD1440_comma,daily,40,75,long_only,combined,0.001,-0.004834649357556731,-1.0758897981459004,-1.4969560745695432,-0.02385561988666572,-0.20266291048085883,97,0.28865979381443296,0.8250184664629029,-74.8461607927455,0.3668918918918919,0.7307432432432432,0.7243243243243244,0.7030405405405405,0.5797635135135136,False
EURUSD1440_comma,daily,40,200,long_only,none,0.0,-0.004953628673365906,-0.8643252529678951,-1.146471209580898,-0.037792418465313914,-0.13107466720904282,17,0.35294117647058826,0.685851196445968,-450.1918918935856,0.572972972972973,0.5682432432432433,0.7206081081081082,0.4287162162162162,0.5796790540540541,True
EURUSD1440_comma,daily,100,200,long_short,fast_slope,0.0,-0.011637838858191807,-0.7077631483546676,-0.9180407219059249,-0.0462463203210062,-0.2516489696350094,137,0.291970802919708,0.7802617838817948,-130.03502577085123,0.75,0.42364864864864865,0.3983108108108108,0.6263513513513513,0.5795270270270271,False
EURUSD1440_comma,daily,20,100,long_only,none,0.0025,-0.0072496969348827545,-0.9093964977126577,-1.230114454705684,-0.032879787238939646,-0.22049099290694052,37,0.24324324324324326,0.7515506050782079,-278.6615824417179,0.5263513513513514,0.6314189189189189,0.6219594594594594,0.5746621621621621,0.5789864864864865,False
EURUSD1440_comma,daily,10,200,long_only,price_slow,0.0,-0.006175472660450931,-0.8969682985584726,-1.2096051391794613,-0.036664721373743575,-0.16843091748880235,47,0.1702127659574468,0.7510673164829744,-201.16299540241783,0.5347972972972973,0.5800675675675676,0.668918918918919,0.5743243243243243,0.5788682432432433,False
EURUSD1440_comma,daily,40,300,long_short,slow_slope,0.005,-0.011055114807536848,-0.6833450422419862,-0.9077046855825802,-0.04623958107560704,-0.23908336862871793,62,0.22580645161290322,0.7292955389315037,-236.36151594943894,0.7699324324324325,0.4239864864864865,0.4233108108108108,0.5347972972972973,0.5788513513513514,False
EURUSD1440_comma,daily,10,400,long_only,none,0.001,-0.004892969616083875,-0.9348882344561774,-1.263238598929233,-0.02828619599967253,-0.1729808283920723,18,0.2777777777777778,0.6804143772597142,-420.16450774506876,0.5010135135135135,0.6820945945945946,0.7219594594594595,0.42027027027027025,0.5783614864864866,True
EURUSD1440_comma,daily,30,300,long_only,price_slow,0.0,-0.004655383287912485,-0.9581939016771315,-1.2985574827307511,-0.031606268157081695,-0.14729303898756552,35,0.11428571428571428,0.7269052409564802,-205.9564811989946,0.47702702702702704,0.6459459459459459,0.7307432432432432,0.5307432432432433,0.5780574324324325,False
EURUSD1440_comma,daily,10,500,long_short,none,0.0025,-0.01217106048536054,-0.6730857364086963,-0.9049033348989299,-0.03921345840271212,-0.31037967527288424,38,0.18421052631578946,0.66087095638353,-403.33987153976534,0.7804054054054054,0.5442567567567568,0.3733108108108108,0.3662162162162162,0.5778209459459459,False
EURUSD1440_comma,daily,5,50,long_only,none,0.001,-0.009485126697606261,-0.8812893804271584,-1.1914609295258964,-0.03043623008607484,-0.3116393413633014,83,0.24096385542168675,0.7706655261994848,-174.94822672626796,0.5527027027027027,0.6591216216216216,0.5020270270270271,0.6087837837837838,0.5775844594594595,False
EURUSD1440_comma,daily,30,75,long_only,slow_slope,0.0025,-0.006078033011978845,-0.994749037917555,-1.3873529209783002,-0.029463894615480327,-0.20628749495952403,74,0.2702702702702703,0.7988987275343545,-122.9800126110762,0.4375,0.6716216216216216,0.6756756756756757,0.658445945945946,0.5768074324324325,False
EURUSD1440_comma,daily,40,250,long_short,slow_slope,0.005,-0.011905875997298532,-0.6957687767161842,-0.9174682336340586,-0.043830468538298153,-0.27163469600822143,85,0.25882352941176473,0.7288173745158708,-195.9667021314864,0.7587837837837837,0.46554054054054056,0.3837837837837838,0.5341216216216216,0.5767736486486487,False
EURUSD1440_comma,daily,10,200,long_only,price_slow,0.0025,-0.006077336646332143,-0.9100625882340648,-1.231329846564811,-0.036210610204549784,-0.16783303600800792,40,0.225,0.746768420082403,-232.78005167817938,0.5243243243243243,0.5888513513513514,0.6760135135135135,0.5641891891891891,0.5767736486486487,False
EURUSD1440_comma,daily,40,50,long_only,fast_slope,0.005,0.0008837389101330473,-1.5593464026697983,-2.2771524753342685,0.008977873709513851,-0.09843521291645585,26,0.34615384615384615,1.0949282628287564,54.860229723329226,0.057432432432432436,0.9263513513513514,0.9135135135135135,0.9297297297297298,0.576722972972973,False
EURUSD1440_comma,daily,5,75,long_short,none,0.0,-0.016421100072669725,-0.6399313251871155,-0.9048317392992095,-0.044462062707478794,-0.36932834584634766,145,0.2206896551724138,0.7755999600387753,-164.7395026051805,0.8118243243243243,0.45472972972972975,0.22905405405405405,0.6155405405405405,0.5765540540540541,False
EURUSD1440_comma,daily,100,250,long_short,slow_slope,0.0,-0.013464105123633274,-0.6936832223526759,-0.9186723270761477,-0.04164129058199525,-0.32333544266888903,102,0.27450980392156865,0.7322046445545578,-173.8996997045371,0.7614864864864865,0.5033783783783784,0.3233108108108108,0.5398648648648648,0.576081081081081,False
EURUSD1440_comma,daily,10,400,long_only,none,0.0,-0.005421011930618835,-0.9242215772165124,-1.2516279319119945,-0.027338573225373163,-0.1982916915937496,21,0.23809523809523808,0.6643859179429072,-397.44145428705787,0.5135135135135135,0.6935810810810811,0.7040540540540541,0.37635135135135134,0.5760641891891891,False
EURUSD1440_comma,daily,20,250,long_only,none,0.0025,-0.005749661362392189,-0.903327368386439,-1.2090168139896684,-0.03274711553491332,-0.17557764305262824,21,0.23809523809523808,0.6919135449641586,-420.50711217030556,0.5297297297297298,0.6334459459459459,0.691554054054054,0.44594594594594594,0.5754560810810811,False
EURUSD1440_comma,daily,30,75,long_only,slow_slope,0.0,-0.007139843955958125,-0.9591826250614355,-1.340741256595847,-0.03237322267613516,-0.22054782828962727,95,0.25263157894736843,0.8017726333771626,-112.05300891429766,0.4756756756756757,0.6364864864864865,0.6277027027027027,0.6635135135135135,0.5744594594594594,False
EURUSD1440_comma,daily,10,200,long_only,price_slow,0.001,-0.006281541920838518,-0.9038451480925778,-1.2189739413338023,-0.03689536284385088,-0.17025288374106406,45,0.15555555555555556,0.7476206428401283,-213.54394023490852,0.5293918918918918,0.5773648648648648,0.6658783783783784,0.5668918918918919,0.5743074324324324,False
EURUSD1440_comma,daily,100,250,long_only,none,0.005,-0.0035680307255897548,-0.963296238330252,-1.2883318492792006,-0.026604780342309318,-0.13411239182138823,9,0.4444444444444444,0.663133170829775,-618.8660765977206,0.47094594594594597,0.7003378378378379,0.7756756756756756,0.36993243243243246,0.5740878378378378,True
EURUSD1440_comma,daily,75,500,long_short,combined,0.0025,-0.009865181556446667,-0.8741929446766111,-1.1621457422028267,-0.03067579412846341,-0.3215949851251928,111,0.25225225225225223,0.7601035297933159,-123.6066425232189,0.5614864864864865,0.6577702702702702,0.4820945945945946,0.5885135135135136,0.5737331081081081,False
EURUSD1440_comma,daily,75,100,long_short,fast_slope,0.0,-0.013837722300695798,-0.6940421993002139,-0.9326156392935622,-0.045647470972891985,-0.30314324114283153,176,0.2840909090909091,0.8000424430554569,-112.8311281626788,0.7611486486486486,0.4347972972972973,0.30743243243243246,0.6601351351351351,0.5736655405405405,False
EURUSD1440_comma,daily,60,100,long_only,fast_slope,0.0,-0.005963977045860491,-1.0059209161574199,-1.3691977813928085,-0.02986249246050918,-0.19971464383783055,91,0.3956043956043956,0.8033401601834671,-100.49696379284545,0.4263513513513513,0.668581081081081,0.6804054054054054,0.6658783783783784,0.5736486486486487,False
EURUSD1440_comma,daily,10,400,long_only,price_slow,0.005,-0.0038725108485402338,-0.970165295622802,-1.3311644084813279,-0.028460534911037998,-0.13606598964653815,21,0.2857142857142857,0.6878449044620591,-287.2082060732769,0.46385135135135136,0.6804054054054054,0.7631756756756757,0.4341216216216216,0.5733952702702703,False
EURUSD1440_comma,daily,75,100,long_short,fast_slope,0.001,-0.012361250643618482,-0.7125257877281943,-0.943369118060665,-0.046079108578496786,-0.26826149691157364,139,0.3237410071942446,0.7820682062261781,-126.16129461057086,0.7462837837837838,0.42905405405405406,0.3662162162162162,0.629054054054054,0.5733783783783784,False
EURUSD1440_comma,daily,40,100,long_short,slow_slope,0.0025,-0.011905554004011831,-0.678867487794819,-0.9136675825328379,-0.05078927974732605,-0.23441076666653526,127,0.29133858267716534,0.7988790212187306,-137.88294966092198,0.7743243243243243,0.35236486486486485,0.3841216216216216,0.6581081081081082,0.5733614864864865,False
EURUSD1440_comma,daily,40,100,long_only,price_slow,0.005,-0.0053801469140127844,-1.0490313675544929,-1.421789898284213,-0.024520947748337674,-0.21941023524988001,53,0.32075471698113206,0.7821395716070789,-156.3372338021481,0.3912162162162162,0.7233108108108108,0.706081081081081,0.6293918918918919,0.5729391891891892,False
EURUSD1440_comma,daily,100,250,long_short,combined,0.001,-0.010033969767620055,-0.7503156935766355,-0.9925168310638088,-0.04803847138026998,-0.2088736273099051,138,0.2753623188405797,0.7786869886872907,-111.74526154693291,0.7138513513513514,0.3952702702702703,0.4743243243243243,0.6226351351351351,0.5726182432432433,False
EURUSD1440_comma,daily,40,75,long_only,fast_slope,0.0025,-0.005113390310252153,-1.0662716587338996,-1.487805280199522,-0.024055513433905027,-0.212566251154926,74,0.2972972972972973,0.7925737482796343,-106.89361917940148,0.37601351351351353,0.7287162162162162,0.7141891891891892,0.6472972972972973,0.5725168918918919,False
EURUSD1440_comma,daily,50,400,long_only,none,0.005,-0.0037126556849721437,-0.9662388761613631,-1.2969473635124364,-0.025505091777344918,-0.14556527447079948,10,0.4,0.6584728806723831,-578.9303799538023,0.4672297297297297,0.7111486486486487,0.7699324324324325,0.3587837837837838,0.5724831081081082,True
EURUSD1440_comma,daily,75,200,long_short,slow_slope,0.005,-0.013122743016768967,-0.7109772785483088,-0.9175730458980346,-0.04202322992564717,-0.31227354584565226,80,0.25,0.732701235336127,-233.23846747386315,0.7476351351351351,0.497972972972973,0.3368243243243243,0.5405405405405406,0.5719932432432433,False
EURUSD1440_comma,daily,40,50,long_only,slow_slope,0.005,0.0007251435301971476,-1.5791244005055753,-2.2779272199136873,0.007423688431372323,-0.09767968266727212,27,0.37037037037037035,1.0794719845692802,43.29609416140999,0.05101351351351351,0.9222972972972973,0.9108108108108108,0.9256756756756757,0.5719932432432433,False
EURUSD1440_comma,daily,75,200,long_only,fast_slope,0.005,-0.003398093848601569,-1.0869859733073386,-1.4364676836942505,-0.028674640563813907,-0.11850519419900973,54,0.3333333333333333,0.8170650844363627,-98.35657109223703,0.3554054054054054,0.6790540540540541,0.7824324324324324,0.6881756756756757,0.5716385135135135,False
EURUSD1440_comma,daily,30,75,long_short,slow_slope,0.001,-0.013807664755387417,-0.694899432662784,-0.9522051615422304,-0.04697948198621554,-0.2939084079181372,170,0.2647058823529412,0.8107127068908893,-113.72314750841399,0.7597972972972973,0.41452702702702704,0.3091216216216216,0.6793918918918919,0.5712837837837839,False
EURUSD1440_comma,daily,60,75,long_short,slow_slope,0.0,-0.015414654223730895,-0.6949397428185288,-0.9408213645587286,-0.044727365879294885,-0.34463586041105587,186,0.27419354838709675,0.8123129317937252,-116.15295065878144,0.7594594594594595,0.4506756756756757,0.2628378378378378,0.6817567567567567,0.5712837837837839,False
EURUSD1440_comma,daily,20,400,long_only,price_slow,0.005,-0.004306028529750483,-0.9937239554625278,-1.3757199281896915,-0.02792945140421999,-0.15417519189438378,25,0.24,0.7115022852547869,-267.3966284021657,0.43986486486486487,0.6851351351351351,0.7469594594594594,0.4972972972972973,0.5712162162162162,False
EURUSD1440_comma,daily,40,300,long_short,combined,0.0,-0.009239464550089616,-0.8124154780682756,-1.104626626740376,-0.04614301418486062,-0.20023539236240562,168,0.2619047619047619,0.8212384963091828,-78.46824127864406,0.6418918918918919,0.42702702702702705,0.5148648648648648,0.6959459459459459,0.5708783783783784,False
EURUSD1440_comma,daily,30,100,long_only,slow_slope,0.005,-0.00589795021573758,-1.0376326391248252,-1.4262300408570736,-0.0239679424291388,-0.2460766180983146,55,0.2545454545454545,0.7711966062164479,-164.51668384955232,0.39966216216216216,0.7300675675675675,0.6844594594594594,0.610472972972973,0.5708445945945946,False
EURUSD1440_comma,daily,30,50,long_short,slow_slope,0.001,-0.013235469997747162,-0.6942854211358424,-0.9526222233159147,-0.04908919090437168,-0.2696208626361464,181,0.27624309392265195,0.8206933422862672,-110.16908712808049,0.7608108108108108,0.37972972972972974,0.3331081081081081,0.6956081081081081,0.5702195945945946,False
EURUSD1440_comma,daily,75,250,long_short,fast_slope,0.0,-0.013865839994980922,-0.7726565051851294,-1.0130373273513724,-0.038298001844231565,-0.36205126448573166,155,0.23870967741935484,0.7776841796593613,-128.185041165546,0.6885135135135135,0.5611486486486487,0.30574324324324326,0.620945945945946,0.5699831081081081,False
EURUSD1440_comma,daily,30,250,long_short,fast_slope,0.0025,-0.011685013350577034,-0.8136320313711553,-1.0868815825368476,-0.041085611064332096,-0.28440646367120037,200,0.325,0.8269430438552245,-81.39715909452032,0.6408783783783784,0.5152027027027027,0.3949324324324324,0.7054054054054054,0.5699493243243243,False
EURUSD1440_comma,daily,40,50,long_short,price_slow,0.0025,-0.008749229681150883,-0.849769286108218,-1.1618336373914022,-0.04359480731836208,-0.200694307862343,131,0.3435114503816794,0.8387017130654181,-92.16579163854021,0.5885135135135136,0.4702702702702703,0.5405405405405406,0.7239864864864864,0.5696790540540542,False
EURUSD1440_comma,daily,20,150,long_only,price_slow,0.001,-0.007473024412854357,-0.937732468785614,-1.2520786177802776,-0.02809055140965973,-0.26603338267986243,53,0.1509433962264151,0.717925453631222,-202.70927425232236,0.497972972972973,0.6841216216216216,0.6125,0.5114864864864865,0.5694425675675676,False
EURUSD1440_comma,daily,40,250,long_short,slow_slope,0.0,-0.01328432914179034,-0.6850979177602966,-0.9125087768633215,-0.04443811012839823,-0.2989400112517605,103,0.2524271844660194,0.7338419016223819,-180.33305094579603,0.7692567567567568,0.4554054054054054,0.33175675675675675,0.5432432432432432,0.5693918918918919,False
EURUSD1440_comma,daily,10,300,long_only,price_slow,0.0025,-0.004683353421263914,-0.9595637888572939,-1.309218305509106,-0.03552102379984306,-0.13184736587701074,33,0.30303030303030304,0.7425520998734635,-219.70530377545268,0.475,0.5976351351351351,0.7304054054054054,0.5577702702702703,0.5691554054054054,False
EURUSD1440_comma,daily,50,300,long_only,price_slow,0.0,-0.004161143563405578,-0.9943253138358128,-1.3311725092908087,-0.030060979838631645,-0.13842341752473597,33,0.18181818181818182,0.7193889740474281,-195.9688516106802,0.43783783783783786,0.6655405405405406,0.7523648648648649,0.5141891891891892,0.5691216216216217,False
EURUSD1440_comma,daily,30,150,long_only,fast_slope,0.001,-0.005322714839674392,-1.085259851702816,-1.4823261747737733,-0.023839586867709553,-0.22327210908524375,93,0.3548387096774194,0.8096187344853174,-88.23693292142747,0.3581081081081081,0.731418918918919,0.7077702702702703,0.6763513513513514,0.5691047297297297,False
EURUSD1440_comma,daily,50,75,long_short,slow_slope,0.0,-0.015680581414840744,-0.6997169490312743,-0.9490589411147259,-0.04404840659925866,-0.35598521321097343,180,0.2611111111111111,0.8034728234333348,-123.14155181387804,0.7564189189189189,0.46216216216216216,0.25405405405405407,0.6668918918918919,0.5689527027027027,False
EURUSD1440_comma,daily,30,300,long_short,fast_slope,0.005,-0.01100442876646679,-0.8286171384797781,-1.11332843729378,-0.040649273457434514,-0.27071649332158343,187,0.32085561497326204,0.8278914566596863,-81.42258401335538,0.6165540540540541,0.5226351351351352,0.4260135135135135,0.7074324324324325,0.568597972972973,False
EURUSD1440_comma,daily,5,500,long_short,price_slow,0.0025,-0.01281302392535999,-0.6795161741638557,-0.9095459182610133,-0.040046667298827436,-0.31995231537619495,52,0.15384615384615385,0.6657606226339546,-306.1012902885943,0.7739864864864865,0.5304054054054054,0.3476351351351351,0.37905405405405407,0.5685810810810811,False
EURUSD1440_comma,daily,100,500,long_short,none,0.0025,-0.011298726981725404,-0.6559197517042582,-0.8615513944267224,-0.0348974882228638,-0.3237690606719028,13,0.23076923076923078,0.5098257573725775,-1226.965579741051,0.793918918918919,0.6070945945945946,0.4118243243243243,0.11148648648648649,0.5684290540540541,True
EURUSD1440_comma,daily,5,500,long_short,none,0.0,-0.012854112464328993,-0.663481970566209,-0.8916516004987736,-0.04079382977906817,-0.31509942885834663,49,0.1836734693877551,0.656223452263661,-324.4348024032512,0.7881756756756757,0.5195945945945946,0.34662162162162163,0.3530405405405405,0.5674493243243244,False
EURUSD1440_comma,daily,40,300,long_only,none,0.005,-0.003928363605834817,-0.9534268489303575,-1.2837612873463617,-0.0318302222513279,-0.12341615383068627,13,0.46153846153846156,0.6762445880665157,-470.44711839049785,0.4831081081081081,0.6422297297297297,0.7608108108108108,0.40844594594594597,0.5672297297297297,True
EURUSD1440_comma,daily,10,400,long_only,none,0.005,-0.004020145119953966,-0.9648387021354281,-1.318862945117792,-0.02881671819107754,-0.13950738919321892,18,0.2777777777777778,0.6690600457289257,-347.4675912627856,0.4689189189189189,0.677027027027027,0.7574324324324324,0.3875,0.5664358108108107,True
EURUSD1440_comma,daily,50,200,long_only,price_slow,0.005,-0.004824401556570379,-0.9802274210028985,-1.294832369644728,-0.032552735527772846,-0.14820264651658444,27,0.25925925925925924,0.7300266766964865,-276.325428659371,0.45337837837837835,0.6358108108108108,0.7253378378378378,0.5361486486486486,0.565793918918919,False
EURUSD1440_comma,daily,30,500,long_only,price_slow,0.005,-0.0037553691417319124,-1.043277578436908,-1.4287619091253,-0.026932757091257857,-0.1394350058186532,17,0.23529411764705882,0.723475309889451,-300.75087895078127,0.39594594594594595,0.6986486486486486,0.7672297297297297,0.5212837837837838,0.564679054054054,True
EURUSD1440_comma,daily,5,150,long_only,none,0.0025,-0.007443594205864934,-0.924852226317358,-1.2377475412513261,-0.0335702588105615,-0.22173180873789133,46,0.21739130434782608,0.7345256424316527,-239.28944102885768,0.5118243243243243,0.6222972972972973,0.6131756756756757,0.5445945945945946,0.5646283783783784,False
EURUSD1440_comma,daily,40,300,long_only,price_slow,0.0,-0.004446687326430054,-0.9730474504335841,-1.3149976862570045,-0.03381114479445136,-0.1315154323659513,32,0.125,0.7208719528301291,-215.5014526241003,0.46013513513513515,0.6192567567567567,0.7408783783783783,0.5158783783783784,0.5644256756756757,False
EURUSD1440_comma,daily,10,300,long_only,none,0.0025,-0.005282993250683932,-0.9467904738504238,-1.2741925142127852,-0.03588413899463667,-0.14722363135070737,24,0.3333333333333333,0.7225675627142776,-339.25556754112046,0.48986486486486486,0.5929054054054054,0.7094594594594594,0.5199324324324325,0.564054054054054,False
EURUSD1440_comma,daily,75,500,long_short,none,0.0025,-0.011766069739861162,-0.664694525907801,-0.8790845449557952,-0.0397148169891351,-0.29626397984107644,15,0.3333333333333333,0.6068198262513869,-960.8226789934505,0.7868243243243244,0.5375,0.3915540540540541,0.24391891891891893,0.5640033783783784,True
EURUSD1440_comma,daily,5,300,long_only,price_slow,0.005,-0.005185694105477645,-0.9801740808368818,-1.3269965235677585,-0.03079484388619213,-0.1683948820991692,33,0.21212121212121213,0.7169579134014014,-242.36263417498384,0.4537162162162162,0.6550675675675676,0.7118243243243243,0.5084459459459459,0.563885135135135,False
EURUSD1440_comma,daily,75,200,long_only,price_slow,0.0025,-0.004826183125693717,-0.993251663797178,-1.3197499171385443,-0.03200544377527475,-0.1507925701508973,36,0.2777777777777778,0.7309113773217449,-207.31785175411645,0.4402027027027027,0.6408783783783784,0.7246621621621622,0.5375,0.5618581081081081,False
EURUSD1440_comma,daily,40,150,long_only,fast_slope,0.001,-0.00570411632423895,-1.0737280507805296,-1.4625178686888385,-0.025188799766584488,-0.22645447091949344,86,0.3023255813953488,0.7911784072128554,-101.90309913988571,0.3689189189189189,0.7141891891891892,0.6939189189189189,0.6452702702702703,0.5616891891891891,False
EURUSD1440_comma,daily,50,200,long_only,none,0.001,-0.005443289211178537,-0.8875089888589448,-1.1735528257367864,-0.037881375978643876,-0.1436930172295553,15,0.4666666666666667,0.6758611987979365,-558.6119945656752,0.5459459459459459,0.566554054054054,0.7027027027027027,0.40675675675675677,0.5615709459459459,True
EURUSD1440_comma,daily,20,100,long_only,none,0.0,-0.009022229109808988,-0.8678808726230451,-1.1718657770644434,-0.03493510434602008,-0.258256824437876,36,0.25,0.7179025477036712,-355.7162312160486,0.5689189189189189,0.606418918918919,0.5263513513513514,0.5111486486486486,0.5611148648648648,False
EURUSD1440_comma,daily,20,300,long_only,price_slow,0.005,-0.004857632598333939,-0.9911566137044895,-1.3479401233658581,-0.028016677947603395,-0.17338360413103404,27,0.18518518518518517,0.694802060678863,-278.15992578667584,0.4429054054054054,0.6844594594594594,0.7233108108108108,0.4537162162162162,0.5609966216216217,False
EURUSD1440_comma,daily,30,50,long_short,fast_slope,0.0025,-0.012418497115415095,-0.780437132617282,-1.0587957979369351,-0.04457517620578716,-0.27859670274960824,178,0.3146067415730337,0.8163675382034461,-95.37095009393208,0.6797297297297298,0.4527027027027027,0.3635135135135135,0.6861486486486487,0.5606925675675676,False
EURUSD1440_comma,daily,5,400,long_short,none,0.0,-0.0139380987669675,-0.6657395604937351,-0.9017115196610782,-0.04393413522612395,-0.3172498717735015,62,0.14516129032258066,0.6990722559044502,-283.98191227791443,0.7858108108108108,0.46452702702702703,0.3037162162162162,0.4631756756756757,0.5606756756756757,False
EURUSD1440_comma,daily,30,50,long_only,fast_slope,0.0025,-0.00598979985978676,-1.0771032576020814,-1.4915073277342328,-0.023816775359145545,-0.2514949975159715,84,0.30952380952380953,0.7871836678133812,-110.10055546272397,0.3652027027027027,0.7320945945945946,0.6783783783783783,0.6391891891891892,0.5606587837837838,False
EURUSD1440_comma,daily,100,500,long_only,slow_slope,0.005,-0.0018099336153037937,-1.1174793410713653,-1.511230026183078,-0.014899378126802806,-0.12147712474307004,13,0.46153846153846156,0.6732098581976994,-220.21177374538632,0.33344594594594595,0.8010135135135135,0.8361486486486487,0.3983108108108108,0.560608108108108,True
EURUSD1440_comma,daily,100,250,long_only,price_slow,0.001,-0.004169887696464869,-1.0026120055340926,-1.3554521723616733,-0.03026250709432511,-0.13779055659426231,32,0.1875,0.7055008041636175,-202.50434407975376,0.43074324324324326,0.6611486486486486,0.7516891891891891,0.4780405405405405,0.5596283783783784,False
EURUSD1440_comma,daily,60,300,long_short,combined,0.001,-0.011577975188633793,-0.8219320966011917,-1.094810795899822,-0.03999095176099517,-0.2895148697092593,156,0.27564102564102566,0.7831201252014547,-108.62123857284311,0.6293918918918919,0.5317567567567567,0.40033783783783783,0.6317567567567568,0.5595270270270271,False
EURUSD1440_comma,daily,40,100,long_short,price_slow,0.005,-0.013066448964067834,-0.7636211367109098,-1.0185986970647436,-0.042735247797523114,-0.30575343861291826,111,0.26126126126126126,0.7692295922293781,-176.1375719558498,0.6983108108108108,0.48614864864864865,0.3385135135135135,0.6054054054054054,0.559375,False
EURUSD1440_comma,daily,30,150,long_short,fast_slope,0.0,-0.013804684990772587,-0.7904611899787208,-1.0652128482248904,-0.042081869844656054,-0.32804352662398706,220,0.3090909090909091,0.8249495599079669,-86.0156112208671,0.6682432432432432,0.4966216216216216,0.30945945945945946,0.7027027027027027,0.5587500000000001,False
EURUSD1440_comma,daily,75,250,long_short,combined,0.0025,-0.01230452906355528,-0.818004328453491,-1.094409472595504,-0.0388148424160391,-0.3170057714435237,160,0.2625,0.7784492526783857,-111.83530064486915,0.6334459459459459,0.5510135135135135,0.36925675675675673,0.6222972972972973,0.5583277027027027,False
EURUSD1440_comma,daily,30,500,long_only,none,0.0,-0.0030460764891433456,-0.909519664754093,-1.2463107074141744,-0.022669371768511623,-0.13436969141661126,12,0.3333333333333333,0.36063619135777186,-943.048315177572,0.5256756756756756,0.7442567567567567,0.7918918918918919,0.02364864864864865,0.5582601351351352,True
EURUSD1440_comma,daily,40,75,long_short,fast_slope,0.0,-0.013268533670060312,-0.7245101437218953,-0.9917374534879977,-0.0505971905325936,-0.2622385458637869,208,0.28365384615384615,0.8307567154496946,-84.40925073427762,0.7381756756756757,0.35777027027027025,0.3320945945945946,0.710472972972973,0.5577027027027027,False
EURUSD1440_comma,daily,50,100,long_only,slow_slope,0.0025,-0.006405985389448365,-1.0100686519723743,-1.3613691019356924,-0.02981971112579748,-0.21482385803216086,62,0.24193548387096775,0.762933083387119,-157.91606507306435,0.4226351351351351,0.668918918918919,0.6597972972972973,0.5952702702702702,0.5575337837837837,False
EURUSD1440_comma,daily,75,100,long_only,none,0.001,-0.0073143344080345285,-0.9376595131191356,-1.2642238446932919,-0.03386334728069404,-0.2159956116389159,31,0.3870967741935484,0.7266067631442195,-358.193585151123,0.4983108108108108,0.6189189189189189,0.6189189189189189,0.5300675675675676,0.557347972972973,False
EURUSD1440_comma,daily,30,100,long_short,slow_slope,0.0,-0.013377348582869208,-0.6725502966278949,-0.9130032511556724,-0.05182321502201266,-0.2581342855163846,157,0.2611464968152866,0.788107185687427,-126.08489677426257,0.7814189189189189,0.3324324324324324,0.3277027027027027,0.6398648648648648,0.5571959459459459,False
EURUSD1440_comma,daily,60,100,long_short,fast_slope,0.001,-0.014660262349829645,-0.7458522123538415,-0.990016705984007,-0.04348664111758384,-0.3371210554107791,169,0.33727810650887574,0.7812227379953411,-123.58788318307276,0.7185810810810811,0.47297297297297297,0.28547297297297297,0.6287162162162162,0.5570777027027027,False
EURUSD1440_comma,daily,30,50,long_only,fast_slope,0.001,-0.007408192515132694,-1.0359909413401696,-1.437446584923481,-0.024476190142461822,-0.3026693481303204,106,0.29245283018867924,0.7763255358207012,-110.5945921568786,0.40135135135135136,0.7236486486486486,0.614527027027027,0.6175675675675676,0.5569932432432433,False
EURUSD1440_comma,daily,100,200,long_only,price_slow,0.0025,-0.004003690858460196,-0.9843324852683577,-1.3057969750494236,-0.03269011966587796,-0.12247403494944253,33,0.2727272727272727,0.6922150872889908,-188.775221769019,0.44932432432432434,0.6337837837837837,0.7581081081081081,0.44763513513513514,0.5569425675675675,False
EURUSD1440_comma,daily,5,250,long_only,price_slow,0.005,-0.006463030741750253,-0.956533920105763,-1.290877504372515,-0.030852437629726816,-0.20948201303624125,36,0.1388888888888889,0.7007409032471379,-274.27219918276194,0.4793918918918919,0.6543918918918918,0.6577702702702702,0.46655405405405403,0.5568918918918919,False
EURUSD1440_comma,daily,75,500,long_short,none,0.005,-0.011680372006163453,-0.6759317680646562,-0.8851748523237236,-0.039860520887196556,-0.29303109307623876,16,0.3125,0.5920648397810359,-905.5285156240881,0.7780405405405405,0.5347972972972973,0.3952702702702703,0.21655405405405406,0.5564527027027026,True
EURUSD1440_comma,daily,60,150,long_short,fast_slope,0.0025,-0.014141916420202238,-0.7761765203500053,-1.0232450741288748,-0.03941327358159316,-0.35881100794446097,150,0.32666666666666666,0.7589195369737475,-140.47839516656563,0.6837837837837838,0.5408783783783784,0.2983108108108108,0.585472972972973,0.5562162162162162,False
EURUSD1440_comma,daily,75,250,long_short,slow_slope,0.001,-0.013696673101203372,-0.7068958559095023,-0.9361818485602652,-0.042742388230771505,-0.32044707065158173,92,0.2717391304347826,0.7046233468126811,-198.87067357751906,0.7506756756756757,0.4858108108108108,0.3152027027027027,0.475,0.5560135135135136,False
EURUSD1440_comma,daily,40,500,long_only,none,0.001,-0.004333490770632054,-0.9446517664849444,-1.2869446948131307,-0.03072013368964523,-0.1410635387987499,11,0.45454545454545453,0.6344806443743846,-646.3282561007243,0.4929054054054054,0.6564189189189189,0.7462837837837838,0.30202702702702705,0.5558277027027027,True
EURUSD1440_comma,daily,10,100,long_short,none,0.0025,-0.01713649467882128,-0.686005617391808,-0.9281748148209957,-0.04300266622139265,-0.39849842311164285,92,0.25,0.7497621694931801,-251.68207121987365,0.7682432432432432,0.4820945945945946,0.2097972972972973,0.5716216216216217,0.5555236486486487,False
EURUSD1440_comma,daily,60,500,long_short,fast_slope,0.005,-0.010973920830008033,-0.8599728810061675,-1.1492706899763045,-0.036835740294340356,-0.2979150342118718,130,0.27692307692307694,0.7811522422201685,-121.99396297249429,0.5766891891891892,0.5787162162162162,0.4280405405405405,0.6283783783783784,0.5552195945945946,False
EURUSD1440_comma,daily,10,150,long_only,price_slow,0.001,-0.007841786941345186,-0.9337925945692839,-1.2508308801623824,-0.03291172049146303,-0.23826730490675097,53,0.18867924528301888,0.7213312868351561,-212.06759898610372,0.5027027027027027,0.6307432432432433,0.5918918918918918,0.5179054054054054,0.5548310810810811,False
EURUSD1440_comma,daily,10,50,long_only,none,0.001,-0.010309673490845439,-0.8869464195606486,-1.2038481905506782,-0.03141417957145578,-0.32818534914765796,69,0.2753623188405797,0.7346828424639779,-225.46769709692074,0.5466216216216216,0.6476351351351352,0.4618243243243243,0.5449324324324324,0.5546621621621621,False
EURUSD1440_comma,daily,60,100,long_short,price_slow,0.005,-0.011876336868426929,-0.8081187923236364,-1.0712695642552212,-0.03978901914869889,-0.29848277546231716,96,0.2708333333333333,0.7405365502203252,-193.0033915350261,0.65,0.5361486486486486,0.38513513513513514,0.5540540540540541,0.5541722972972973,False
EURUSD1440_comma,daily,75,400,long_short,fast_slope,0.001,-0.012798195259056455,-0.806808661296904,-1.0714083896918147,-0.04011420142284275,-0.3190439995090769,145,0.25517241379310346,0.768474645930571,-122.70088133031462,0.6516891891891892,0.5300675675675676,0.34966216216216217,0.6043918918918919,0.5537837837837838,False
EURUSD1440_comma,daily,40,50,long_short,fast_slope,0.001,-0.0134734847192437,-0.7464510604608342,-1.0210389833718387,-0.04759581909068605,-0.2830812658895979,194,0.3247422680412371,0.810047112645955,-96.10657180840384,0.7172297297297298,0.40202702702702703,0.32263513513513514,0.6777027027027027,0.5535810810810811,False
EURUSD1440_comma,daily,100,500,long_short,none,0.001,-0.012500914472056923,-0.6649826524456647,-0.8783828265377679,-0.03502396658820207,-0.3569245773626307,13,0.23076923076923078,0.5003061901775108,-1409.2596235216379,0.7864864864864864,0.6054054054054054,0.3608108108108108,0.10168918918918919,0.5533614864864865,True
EURUSD1440_comma,daily,40,250,long_only,none,0.001,-0.0055189877775742024,-0.8880833597217689,-1.192082586136373,-0.038769107058102194,-0.14235529771947153,17,0.29411764705882354,0.6653595907728623,-499.4661034492304,0.5449324324324324,0.5527027027027027,0.6989864864864865,0.3777027027027027,0.5526013513513514,True
EURUSD1440_comma,daily,10,200,long_only,none,0.005,-0.007049562705985224,-0.9283800032450213,-1.233923040347741,-0.03526787782615026,-0.1998862177286479,25,0.2,0.7061907301137721,-428.92328337792117,0.5081081081081081,0.6013513513513513,0.6337837837837837,0.4797297297297297,0.5522972972972974,False
EURUSD1440_comma,daily,75,300,long_short,fast_slope,0.005,-0.013349593713845587,-0.808109189245892,-1.0760294096765555,-0.03895324069520047,-0.3427081669097284,138,0.2463768115942029,0.7612694217559015,-135.73025138453306,0.6503378378378378,0.5493243243243243,0.3290540540540541,0.591554054054054,0.5520101351351352,False
EURUSD1440_comma,daily,5,250,long_short,slow_slope,0.0025,-0.01357901233234371,-0.6957569486407703,-0.9259680309118278,-0.04763145757885268,-0.2850849632275896,124,0.20967741935483872,0.7415805261657713,-146.82585626875849,0.7591216216216217,0.40033783783783783,0.3199324324324324,0.5560810810810811,0.5511317567567567,False
EURUSD1440_comma,daily,40,300,long_only,fast_slope,0.0025,-0.0031760076754226985,-1.20463890605467,-1.700161105942291,-0.022601274442378,-0.14052338878145731,77,0.33766233766233766,0.8349468948611521,-64.57630072894865,0.2472972972972973,0.7466216216216216,0.7875,0.7175675675675676,0.5507094594594595,False
EURUSD1440_comma,daily,75,500,long_only,slow_slope,0.0,-0.0016154007638745638,-1.0561209171559194,-1.434680564016457,-0.01228804534372518,-0.13146116560348298,14,0.35714285714285715,0.5492284671385465,-319.3580725936198,0.38513513513513514,0.8189189189189189,0.8439189189189189,0.15304054054054053,0.5505236486486486,True
EURUSD1440_comma,daily,75,100,long_short,slow_slope,0.001,-0.013468886022318327,-0.700968353419317,-0.9274834184775198,-0.04949286769300781,-0.272137919060632,121,0.2975206611570248,0.764821799635293,-160.2581758332151,0.7554054054054054,0.37364864864864866,0.32297297297297295,0.5993243243243244,0.5500675675675676,False
EURUSD1440_comma,daily,10,250,long_only,price_slow,0.005,-0.006345016948515747,-0.9644519665318717,-1.3030368803613626,-0.03317062871782337,-0.1912841930881587,35,0.2,0.707409243543541,-277.2001548947992,0.46925675675675677,0.6277027027027027,0.6628378378378378,0.4837837837837838,0.5497635135135135,False
EURUSD1440_comma,daily,40,75,long_only,slow_slope,0.001,-0.0071906885336952,-0.966831608742997,-1.3361602319489332,-0.03723655453264189,-0.19310832121677046,83,0.2891566265060241,0.7831478031265756,-129.13703182321552,0.46655405405405403,0.5726351351351351,0.6253378378378378,0.6320945945945946,0.5496621621621621,False
EURUSD1440_comma,daily,10,75,long_only,fast_slope,0.001,-0.006492125322608122,-1.0730260259867075,-1.5233706021495177,-0.03211361184064484,-0.20216116937651074,161,0.33540372670807456,0.8485931522919663,-59.531441241912994,0.36925675675675673,0.6398648648648648,0.6564189189189189,0.7378378378378379,0.5496283783783784,False
EURUSD1440_comma,daily,30,100,long_only,slow_slope,0.0025,-0.006759761491283656,-1.0087590264176407,-1.3781032756253304,-0.029801435565106473,-0.22682670693885765,63,0.30158730158730157,0.7388974682297771,-163.56190161327766,0.4246621621621622,0.6692567567567568,0.647972972972973,0.5513513513513514,0.5494763513513514,False
EURUSD1440_comma,daily,60,250,long_short,fast_slope,0.001,-0.013800853599444385,-0.7956588345973106,-1.048646049907384,-0.04042944418339356,-0.34135650089182035,155,0.3161290322580645,0.7640990711853866,-132.90283708280117,0.6635135135135135,0.5263513513513514,0.3097972972972973,0.597972972972973,0.5486486486486487,False
EURUSD1440_comma,daily,40,150,long_only,fast_slope,0.005,-0.004625283333474006,-1.145676904182502,-1.5621955571228379,-0.024007575752571793,-0.19265932475412584,70,0.3142857142857143,0.7980587731249387,-102.33537363004923,0.3033783783783784,0.7293918918918919,0.7324324324324324,0.6564189189189189,0.5486486486486487,False
EURUSD1440_comma,daily,60,250,long_short,slow_slope,0.0025,-0.01307716665732872,-0.7023637456970319,-0.922153955915897,-0.047500622310713086,-0.2753051648836894,84,0.2619047619047619,0.7218423220130388,-216.50634654792225,0.7537162162162162,0.40405405405405403,0.3381756756756757,0.518918918918919,0.547972972972973,False
EURUSD1440_comma,daily,100,250,long_only,none,0.0,-0.005487207719280129,-0.8784761459516265,-1.1714477163710453,-0.03539644325906422,-0.15502144323144618,12,0.5,0.605658254859417,-703.6688840730554,0.5543918918918919,0.5989864864864864,0.7010135135135135,0.24121621621621622,0.5478885135135135,True
EURUSD1440_comma,daily,100,250,long_short,combined,0.0,-0.011302382419682955,-0.7675148544956947,-1.015542480999423,-0.04818745462670215,-0.23455030997673731,140,0.2714285714285714,0.7646297804191872,-123.19483176108005,0.6942567567567568,0.39222972972972975,0.4114864864864865,0.5986486486486486,0.5478547297297298,False
EURUSD1440_comma,daily,40,75,long_only,fast_slope,0.0,-0.007205736533005935,-1.0339674591072088,-1.4381166448602234,-0.031357196589621286,-0.22979530432229123,102,0.30392156862745096,0.7993967703519197,-101.54337532973759,0.40371621621621623,0.65,0.6246621621621622,0.6591216216216216,0.5477871621621623,False
EURUSD1440_comma,daily,100,200,long_short,combined,0.0025,-0.01141124632393209,-0.7597703612417033,-0.9892099162046127,-0.048143302719692874,-0.23702666163915576,115,0.28695652173913044,0.75370074919214,-150.8097639592325,0.7030405405405405,0.3932432432432432,0.40709459459459457,0.5777027027027027,0.5476013513513514,False
EURUSD1440_comma,daily,75,100,long_only,fast_slope,0.001,-0.006369353993733062,-1.035464631674243,-1.387116400948613,-0.028725993440618002,-0.22172789278462057,61,0.32786885245901637,0.745255541138895,-159.63046212036028,0.4023648648648649,0.6787162162162163,0.6618243243243244,0.5611486486486487,0.5471621621621622,False
EURUSD1440_comma,daily,60,250,long_only,none,0.005,-0.004767033449573299,-0.9566275903665342,-1.260130872422406,-0.03431389100173032,-0.13892430471767003,14,0.5,0.6636589490054167,-526.8014227402871,0.47905405405405405,0.6131756756756757,0.7287162162162162,0.37398648648648647,0.5467567567567567,True
EURUSD1440_comma,daily,60,150,long_only,combined,0.0,-0.005433573839390138,-1.0625377988026083,-1.4327917210630983,-0.03307673812570511,-0.1642717555382982,79,0.3291139240506329,0.7808547016700851,-105.88391306551499,0.37972972972972974,0.629054054054054,0.7037162162162162,0.6273648648648649,0.5440033783783784,False
EURUSD1440_comma,daily,50,100,long_short,price_slow,0.005,-0.012621165970002846,-0.7944507066088622,-1.0537064822649982,-0.04297833919546121,-0.2936634175788655,102,0.27450980392156865,0.7496721984889626,-189.9173000467752,0.6652027027027027,0.48277027027027025,0.3547297297297297,0.5709459459459459,0.5433614864864865,False
EURUSD1440_comma,daily,30,250,long_short,fast_slope,0.005,-0.012738284404066658,-0.8507340482495994,-1.1352639681918502,-0.039024755835627103,-0.32641547990000286,183,0.31693989071038253,0.8050315630817017,-97.50426274765597,0.5868243243243243,0.5476351351351352,0.3516891891891892,0.6692567567567568,0.5423648648648649,False
EURUSD1440_comma,daily,60,500,long_only,combined,0.0025,-0.0020878756208713156,-1.3631868515129058,-1.8920120464559902,-0.015202175420090664,-0.13734058206643585,52,0.3269230769230769,0.8733089138331678,-63.37507201251038,0.15371621621621623,0.7972972972972973,0.8263513513513514,0.7716216216216216,0.5418243243243244,False
EURUSD1440_comma,daily,100,400,long_short,fast_slope,0.0,-0.011988167385847182,-0.7729568343219589,-1.0138629934661598,-0.046004742435127165,-0.26058546904706836,128,0.25,0.7391614273544339,-133.787488262005,0.6875,0.4304054054054054,0.37972972972972974,0.5523648648648649,0.541402027027027,False
EURUSD1440_comma,daily,60,500,long_only,combined,0.005,-0.0019749678644221946,-1.377901990808088,-1.9214815059316135,-0.015124678859705375,-0.13057916024146687,52,0.3269230769230769,0.8803208202296017,-59.998593809565904,0.14662162162162162,0.797972972972973,0.831081081081081,0.7787162162162162,0.5411655405405406,False
EURUSD1440_comma,daily,10,75,long_short,slow_slope,0.005,-0.013654312020855763,-0.7445466588461241,-1.0008062812669836,-0.04883648461397104,-0.2795924425925933,144,0.2361111111111111,0.7794531411366754,-136.8982766853282,0.7195945945945946,0.3837837837837838,0.3168918918918919,0.6246621621621622,0.5408614864864866,False
EURUSD1440_comma,daily,60,75,long_only,price_slow,0.005,-0.0015538612540622054,-1.457015581020833,-2.020769072868823,-0.009250203964492183,-0.16798129641539306,33,0.3333333333333333,0.9011845175193081,-74.61959235884176,0.1043918918918919,0.8371621621621622,0.8489864864864864,0.7983108108108108,0.5405912162162162,False
EURUSD1440_comma,daily,30,300,long_short,fast_slope,0.001,-0.012951590849381023,-0.8371743067151705,-1.1250203989050467,-0.04149163885759744,-0.3121494162675015,198,0.32323232323232326,0.8113308312591128,-90.53439731836205,0.6074324324324324,0.5081081081081081,0.34256756756756757,0.6804054054054054,0.5405743243243244,False
EURUSD1440_comma,daily,40,300,long_short,combined,0.005,-0.009654136047235196,-0.8393848035189146,-1.1339489039714383,-0.048393396117979166,-0.19949284038051796,158,0.26582278481012656,0.8124731235956063,-86.73501979037177,0.6030405405405406,0.3898648648648649,0.49324324324324326,0.6820945945945946,0.5396452702702703,False
EURUSD1440_comma,daily,40,100,long_only,fast_slope,0.005,-0.005209597171780267,-1.1525119966420974,-1.5945497163628954,-0.023260466262679892,-0.22396787377124816,66,0.3181818181818182,0.7770070429992437,-121.71823316641847,0.2989864864864865,0.7388513513513514,0.7111486486486487,0.6195945945945946,0.5394763513513514,False
EURUSD1440_comma,daily,60,100,long_only,fast_slope,0.005,-0.004751334696160625,-1.1446806818155082,-1.5543866960436028,-0.02582685518334095,-0.1839687667132377,55,0.38181818181818183,0.78268588638118,-133.66894039640852,0.3050675675675676,0.7074324324324325,0.7293918918918919,0.6304054054054054,0.5393243243243243,False
EURUSD1440_comma,daily,100,300,long_short,combined,0.0,-0.011331665734557017,-0.7829009014939722,-1.0367618650567234,-0.04761066152149625,-0.23800689535558672,128,0.2109375,0.7497577483912433,-128.4490708134972,0.6780405405405405,0.4006756756756757,0.41114864864864864,0.5712837837837837,0.5393074324324325,False
EURUSD1440_comma,daily,75,250,long_only,price_slow,0.0,-0.004799889926680345,-0.9871186162457741,-1.3175641429128744,-0.03347584553624605,-0.14338368007712465,34,0.14705882352941177,0.6714269760888426,-218.35987184924468,0.4466216216216216,0.6236486486486487,0.7273648648648648,0.3939189189189189,0.5391216216216217,False
EURUSD1440_comma,daily,20,250,long_short,slow_slope,0.0025,-0.01376310084758503,-0.7051480163250503,-0.9370142944343332,-0.04779874959215725,-0.28793851230458256,101,0.21782178217821782,0.716986104790681,-189.2353732039757,0.7520270270270271,0.39797297297297296,0.31216216216216214,0.5087837837837837,0.5390540540540542,False
EURUSD1440_comma,daily,60,100,long_short,fast_slope,0.0,-0.01569939670474596,-0.7393652597751962,-0.989315638886495,-0.04697669751944487,-0.3341954103573921,178,0.34831460674157305,0.779970637128743,-127.27307196371285,0.7266891891891892,0.41486486486486485,0.252027027027027,0.6253378378378378,0.538597972972973,False
EURUSD1440_comma,daily,40,150,long_only,fast_slope,0.0,-0.006829019500981692,-1.0853938434538786,-1.480923961572238,-0.02698605013557377,-0.25305739323367993,92,0.31521739130434784,0.7743810215546371,-111.41697974492745,0.35777027027027025,0.697972972972973,0.6432432432432432,0.6141891891891892,0.5383783783783784,False
EURUSD1440_comma,daily,20,50,long_only,price_slow,0.005,-0.007503528792558445,-1.0755524900897666,-1.4648818723106491,-0.025676835468983954,-0.29222950007302295,72,0.3055555555555556,0.7707598002668812,-158.87591244983744,0.3672297297297297,0.7091216216216216,0.6114864864864865,0.6094594594594595,0.5378885135135135,False
EURUSD1440_comma,daily,100,500,long_short,price_slow,0.0,-0.01281121757038639,-0.7189369973281039,-0.9414790892259584,-0.0386826908201172,-0.3311873424204458,50,0.18,0.592840627557449,-312.7880525161773,0.7429054054054054,0.5533783783783783,0.34797297297297297,0.21824324324324323,0.5378378378378379,False
EURUSD1440_comma,daily,10,50,long_only,none,0.0,-0.011015275545676384,-0.8825615883501395,-1.1940267502094344,-0.034548583283683515,-0.31883436305414703,68,0.22058823529411764,0.7260034282790155,-245.57975418831325,0.5513513513513514,0.6101351351351352,0.42533783783783785,0.5277027027027027,0.5372972972972974,False
EURUSD1440_comma,daily,10,300,long_short,none,0.0,-0.01418950110446926,-0.6483296032239427,-0.8649808135956719,-0.05290676203769342,-0.2681982521319288,51,0.1568627450980392,0.7249906414600537,-373.85242479954826,0.8006756756756757,0.314527027027027,0.2976351351351351,0.5239864864864865,0.5370270270270271,False
EURUSD1440_comma,daily,100,150,long_only,fast_slope,0.005,-0.004096478533774928,-1.1141044845439514,-1.477663776670844,-0.030699392761226567,-0.1334384222396996,31,0.3548387096774194,0.7578253522538034,-205.46921260548805,0.33547297297297296,0.6574324324324324,0.7543918918918919,0.5831081081081081,0.5368918918918919,False
EURUSD1440_comma,daily,75,500,long_only,slow_slope,0.001,-0.002550532314545384,-1.0916943397222165,-1.475490294826275,-0.01860560096458224,-0.13708411350972194,15,0.4,0.6149770545402381,-267.4563550743357,0.35236486486486485,0.7756756756756756,0.8118243243243243,0.26216216216216215,0.5365540540540541,True
EURUSD1440_comma,daily,30,300,long_short,fast_slope,0.0,-0.013336984902702742,-0.8394672421444748,-1.1283756001883065,-0.041244808729735155,-0.32336154084495816,204,0.31862745098039214,0.8088635124523936,-90.30148457203626,0.6027027027027027,0.5128378378378379,0.3293918918918919,0.6756756756756757,0.5365202702702703,False
EURUSD1440_comma,daily,75,500,long_short,price_slow,0.005,-0.012396073236956351,-0.7223039366583066,-0.9458774342210283,-0.04136488159161527,-0.29967626546933124,44,0.25,0.6159055840644815,-328.2549685198628,0.7405405405405405,0.510472972972973,0.3641891891891892,0.26385135135135135,0.53625,False
EURUSD1440_comma,daily,10,150,long_short,price_slow,0.0,-0.015440486046028434,-0.671758817461269,-0.9091327689030985,-0.05163049158792372,-0.29905750596494296,124,0.1693548387096774,0.7532387671656675,-169.60186539787105,0.7820945945945946,0.3368243243243243,0.2614864864864865,0.5773648648648648,0.535945945945946,False
EURUSD1440_comma,daily,50,300,long_short,fast_slope,0.0,-0.013249650214020692,-0.8123770436415505,-1.0899715273496473,-0.043724967705889024,-0.30302252715526157,181,0.292817679558011,0.7854793300122208,-107.75513555899919,0.6422297297297297,0.46756756756756757,0.3327702702702703,0.6371621621621621,0.5359121621621621,False
EURUSD1440_comma,daily,60,75,long_only,combined,0.005,-0.0016865165965327389,-1.4622831201937507,-2.027656306783739,-0.009935185877122596,-0.1697518916496793,32,0.3125,0.8927390172549361,-83.43791965392072,0.10236486486486486,0.8324324324324325,0.8408783783783784,0.7908783783783784,0.5358614864864866,False
EURUSD1440_comma,daily,40,250,long_only,none,0.0,-0.005436861694127271,-0.8752619290353238,-1.1733881821741736,-0.042901246766293644,-0.12672968978605226,15,0.4,0.6468033841391849,-557.9790619741773,0.5611486486486487,0.48412162162162165,0.7033783783783784,0.3290540540540541,0.5355236486486487,True
EURUSD1440_comma,daily,10,50,long_short,price_slow,0.005,-0.016096502710639116,-0.7582263689293801,-1.021006123219356,-0.045831963417167124,-0.35120692002930654,168,0.31547619047619047,0.792652773277643,-130.75421506889592,0.7047297297297297,0.43277027027027026,0.2408783783783784,0.647972972972973,0.5354560810810811,False
EURUSD1440_comma,daily,40,75,long_only,combined,0.0,-0.006255019035366072,-1.0998220172254083,-1.5260593041259765,-0.029250098008988583,-0.21384608808640226,104,0.2980769230769231,0.7844321078596828,-89.99703919549431,0.3456081081081081,0.6733108108108108,0.6668918918918919,0.6344594594594595,0.5351182432432432,False
EURUSD1440_comma,daily,50,300,long_only,price_slow,0.0025,-0.004503040060192531,-1.0169857959761734,-1.3575739761714871,-0.033137256988414965,-0.13589054947326595,29,0.13793103448275862,0.6811975939558006,-240.7071369285075,0.4179054054054054,0.6283783783783784,0.7371621621621621,0.42162162162162165,0.5349324324324325,False
EURUSD1440_comma,daily,40,500,long_only,none,0.0,-0.0037388475976132263,-0.9243724305676518,-1.263170899886365,-0.027855511748584146,-0.13422290106744372,9,0.3333333333333333,0.38028352449543373,-1201.9388037678796,0.5128378378378379,0.6864864864864865,0.7682432432432432,0.02972972972972973,0.534864864864865,True
EURUSD1440_comma,daily,30,250,long_short,fast_slope,0.001,-0.013144707897699393,-0.8276493931035264,-1.1074508437214814,-0.04358322159162936,-0.3016001896524322,208,0.32211538461538464,0.8117270898180505,-87.9347161841267,0.6192567567567567,0.4706081081081081,0.33547297297297296,0.6810810810810811,0.5346114864864865,False
EURUSD1440_comma,daily,5,75,long_only,none,0.0,-0.010473591536555249,-0.8912419748118635,-1.2176837407907066,-0.034620531703710114,-0.3025254385516224,72,0.2222222222222222,0.7144347441634307,-221.73454583043448,0.5405405405405406,0.6097972972972973,0.4527027027027027,0.5027027027027027,0.5346114864864865,False
EURUSD1440_comma,daily,5,50,long_only,none,0.005,-0.009090878258917523,-0.9762396118455994,-1.339052591588929,-0.03193894826301013,-0.284632987412615,81,0.25925925925925924,0.752343325774984,-175.89930632815356,0.4577702702702703,0.6418918918918919,0.5199324324324325,0.5760135135135135,0.5339695945945946,False
EURUSD1440_comma,daily,100,150,long_only,fast_slope,0.0025,-0.005046672082831605,-1.0609159114738658,-1.4101969968277248,-0.03417253331373769,-0.14768211757958238,49,0.2857142857142857,0.746121747453532,-159.0124881273662,0.38141891891891894,0.6152027027027027,0.7152027027027027,0.5635135135135135,0.5339358108108109,False
EURUSD1440_comma,daily,100,300,long_short,fast_slope,0.005,-0.01233696086690994,-0.798831780208188,-1.0452011756248523,-0.042606417824189384,-0.2895563977665766,114,0.2719298245614035,0.7111316668062352,-158.37875358384682,0.6591216216216216,0.4888513513513513,0.3675675675675676,0.49594594594594593,0.5337668918918919,False
EURUSD1440_comma,daily,60,300,long_short,combined,0.0,-0.012396444508299687,-0.8326828784269008,-1.108274301527111,-0.04209560828903905,-0.2944830829663412,160,0.275,0.7734430172742524,-112.68403860006215,0.6125,0.4956081081081081,0.3638513513513513,0.6131756756756757,0.5336486486486487,False
EURUSD1440_comma,daily,10,150,long_only,none,0.005,-0.007605407472508485,-0.9323635869329931,-1.248271383612644,-0.03628234024125871,-0.20961733509846603,34,0.29411764705882354,0.6826736104864151,-338.85295385263123,0.5030405405405406,0.5868243243243243,0.6084459459459459,0.4246621621621622,0.5333108108108108,False
EURUSD1440_comma,daily,20,500,long_only,combined,0.005,-0.0019364872998516303,-1.4056145775747886,-1.9925716760785763,-0.018610060825762775,-0.10405593608650976,101,0.297029702970297,0.9029362837450189,-31.741891454302483,0.1314189189189189,0.7753378378378378,0.8327702702702703,0.7996621621621621,0.5329054054054054,False
EURUSD1440_comma,daily,20,500,long_only,none,0.0,-0.003730270833797511,-0.9414114275010342,-1.2963609445379554,-0.025546830166499217,-0.1460169739057957,13,0.3076923076923077,0.3344310606547268,-933.7433934049677,0.49594594594594593,0.7108108108108108,0.7692567567567568,0.01756756756756757,0.5325675675675675,True
EURUSD1440_comma,daily,100,300,long_short,combined,0.0025,-0.011532635099181676,-0.7958795574941433,-1.0529479526434045,-0.04633057575595704,-0.24892060828099782,118,0.22033898305084745,0.7327255315504522,-141.83493829646332,0.6628378378378378,0.4212837837837838,0.40405405405405403,0.5408783783783784,0.5323986486486486,False
EURUSD1440_comma,daily,60,100,long_short,none,0.0025,-0.015317167407891463,-0.7067996342250386,-0.9340753736410874,-0.04889582516144372,-0.31326125200500043,63,0.3333333333333333,0.7390899137774077,-337.17095064516667,0.7513513513513513,0.3820945945945946,0.2648648648648649,0.5516891891891892,0.5317905405405405,False
EURUSD1440_comma,daily,10,75,long_only,fast_slope,0.0,-0.007573743085304785,-1.076655084216101,-1.5303552463042331,-0.03316367855513375,-0.2283746380159135,170,0.34705882352941175,0.8281307367322893,-65.58778216699079,0.3658783783783784,0.6280405405405406,0.6097972972972973,0.7077702702702703,0.5314864864864866,False
EURUSD1440_comma,daily,5,300,long_only,none,0.001,-0.006816385056894525,-0.9642430689798017,-1.300002835230422,-0.03418466127215317,-0.19939893517234153,32,0.15625,0.6757454324759825,-324.5734239934487,0.46959459459459457,0.6148648648648649,0.643918918918919,0.4060810810810811,0.53125,False
EURUSD1440_comma,daily,75,500,long_short,price_slow,0.0025,-0.012802674340821385,-0.719914826868662,-0.9463066941484257,-0.0421377800386663,-0.30382887587038154,47,0.23404255319148937,0.6214352882777934,-318.76219136516727,0.7415540540540541,0.49425675675675673,0.3489864864864865,0.2706081081081081,0.5305743243243244,False
EURUSD1440_comma,daily,20,75,long_short,price_slow,0.005,-0.013830076208693809,-0.7654512403136473,-1.0292774060727583,-0.04744276841895595,-0.2915107332389133,118,0.22033898305084745,0.7609341750594247,-169.4453569445191,0.6969594594594595,0.40574324324324323,0.30777027027027026,0.5905405405405405,0.5303547297297297,False
EURUSD1440_comma,daily,40,400,long_short,slow_slope,0.005,-0.012806536857880024,-0.7360649382500128,-0.960001146834466,-0.04345789790818087,-0.29468836447032143,54,0.2037037037037037,0.6490451192448161,-284.29549485726335,0.7293918918918919,0.47466216216216217,0.34831081081081083,0.3347972972972973,0.530304054054054,False
EURUSD1440_comma,daily,100,400,long_only,none,0.001,-0.003994693814485584,-0.9432741007674812,-1.2680417385767306,-0.029187849872517047,-0.1368615308059037,7,0.42857142857142855,0.4547363097534758,-888.0000745751523,0.4945945945945946,0.6743243243243243,0.7587837837837837,0.07263513513513513,0.529070945945946,True
EURUSD1440_comma,daily,10,150,long_only,price_slow,0.0,-0.008745224530838036,-0.9453095867030926,-1.2647452650168909,-0.035169333266745,-0.24866051524233024,55,0.16363636363636364,0.7081275895847164,-225.71243382514075,0.4922297297297297,0.6030405405405406,0.5412162162162162,0.4868243243243243,0.528918918918919,False
EURUSD1440_comma,daily,40,50,long_short,slow_slope,0.001,-0.014399746299704752,-0.742964401980956,-1.0088985012292746,-0.052851591708467274,-0.2724562465239394,187,0.3315508021390374,0.8154500158408708,-104.00671754681743,0.7212837837837838,0.3162162162162162,0.29155405405405405,0.6854729729729729,0.5286993243243243,False
EURUSD1440_comma,daily,5,75,long_short,slow_slope,0.0025,-0.016291740726408155,-0.7409495236114892,-1.0044866674847592,-0.047301745997386575,-0.3444215511052864,191,0.2198952879581152,0.7617164669713524,-123.95763155989827,0.725,0.40912162162162163,0.23513513513513515,0.5922297297297298,0.5281418918918919,False
EURUSD1440_comma,daily,60,200,long_only,price_slow,0.0025,-0.005846058864031556,-0.9955396433402337,-1.313623376911649,-0.03630174668930988,-0.16104070457174724,32,0.25,0.6991224748440221,-280.38339280889073,0.43614864864864866,0.5861486486486487,0.6871621621621622,0.46418918918918917,0.5280574324324325,False
EURUSD1440_comma,daily,20,50,long_short,price_slow,0.001,-0.017777139587798252,-0.7655838468631284,-1.0394484536044615,-0.04346692577364572,-0.408980834770161,209,0.22488038277511962,0.7745288784092713,-115.82508621645621,0.6962837837837837,0.4743243243243243,0.19324324324324324,0.6148648648648649,0.527972972972973,False
EURUSD1440_comma,daily,50,150,long_short,fast_slope,0.001,-0.015073737010623312,-0.7852837558402168,-1.0564101242454649,-0.04507658761750801,-0.3344027977124112,189,0.291005291005291,0.7743387087192268,-115.22307117307909,0.6743243243243243,0.4452702702702703,0.27263513513513515,0.6135135135135135,0.5276013513513513,False
EURUSD1440_comma,daily,10,50,long_only,price_slow,0.0025,-0.009786823316578874,-0.9742086297758243,-1.3267797827423036,-0.03266753215211112,-0.29958869470176386,91,0.23076923076923078,0.7590167890518615,-165.7483601586798,0.4591216216216216,0.6344594594594595,0.4858108108108108,0.5861486486486487,0.527347972972973,False
EURUSD1440_comma,daily,50,100,long_only,slow_slope,0.0,-0.008193323271499686,-0.9869231042386831,-1.323457549433521,-0.03343474820632393,-0.2450541341283372,72,0.19444444444444445,0.7184494825928144,-171.63440933404564,0.4469594594594595,0.6243243243243243,0.5760135135135135,0.5125,0.5269425675675676,False
EURUSD1440_comma,daily,100,500,long_short,none,0.0,-0.013928007209252469,-0.6782553547760428,-0.8972349152476374,-0.038044539626275096,-0.3660974044126223,13,0.3076923076923077,0.4959956882556961,-1469.5228045169217,0.7753378378378378,0.5641891891891891,0.30405405405405406,0.09898648648648649,0.5268412162162163,True
EURUSD1440_comma,daily,60,500,long_short,fast_slope,0.001,-0.012483020643535347,-0.866177592708655,-1.15448352305677,-0.03911567809974659,-0.31913087667055473,145,0.2827586206896552,0.7627733335768903,-124.64319672119389,0.5702702702702702,0.5462837837837838,0.3614864864864865,0.5949324324324324,0.5262162162162163,False
EURUSD1440_comma,daily,40,75,long_short,combined,0.0,-0.013377898733380134,-0.7802233770701594,-1.0564981033314702,-0.05073765460425807,-0.26366805556395223,210,0.2523809523809524,0.8015561206346081,-88.48507044269941,0.6804054054054054,0.3547297297297297,0.3273648648648649,0.6631756756756757,0.5257939189189189,False
EURUSD1440_comma,daily,100,500,long_only,none,0.005,-0.003299367331908498,-0.9953681399094795,-1.3444827517599272,-0.022655323990952523,-0.14563320009133884,8,0.25,0.428314816602636,-645.0936125709494,0.43648648648648647,0.7445945945945946,0.7841216216216216,0.05439189189189189,0.5257263513513514,True
EURUSD1440_comma,daily,20,500,long_only,combined,0.0025,-0.0022375497020904467,-1.4093316705864052,-1.9942866081210056,-0.019005022750518245,-0.11773465001663475,102,0.29411764705882354,0.8816037008618736,-40.065641469604344,0.12837837837837837,0.7706081081081081,0.8219594594594595,0.7797297297297298,0.5253547297297297,False
EURUSD1440_comma,daily,30,50,long_short,fast_slope,0.001,-0.015120288325024878,-0.7603633097565005,-1.033941510090512,-0.05061255688474432,-0.2987457906830715,226,0.3008849557522124,0.8064210921347887,-92.07400366981902,0.7016891891891892,0.3570945945945946,0.2702702702702703,0.6706081081081081,0.5245945945945947,False
EURUSD1440_comma,daily,10,200,long_only,none,0.0,-0.007700789504337058,-0.8929134892640813,-1.183690465937635,-0.043008108267367194,-0.1790543647366165,29,0.20689655172413793,0.6951973656833819,-401.9740652655394,0.5378378378378378,0.4817567567567568,0.6030405405405406,0.45506756756756755,0.5244425675675676,False
EURUSD1440_comma,daily,10,300,long_short,slow_slope,0.0025,-0.01297316558340078,-0.7135110739141162,-0.9475641731040421,-0.05292808504026261,-0.2451092944989799,82,0.18292682926829268,0.7254740600304257,-207.80409522060637,0.745945945945946,0.31385135135135134,0.34121621621621623,0.525,0.5238344594594595,False
EURUSD1440_comma,daily,10,50,long_short,slow_slope,0.0025,-0.015401525849483622,-0.7350221699994236,-1.002709017364833,-0.051853749106687115,-0.2970185592134441,203,0.2561576354679803,0.786819721969202,-113.15834954448867,0.7300675675675675,0.3320945945945946,0.2635135135135135,0.6388513513513514,0.5235810810810811,False
EURUSD1440_comma,daily,60,500,long_short,fast_slope,0.0,-0.012874805240407183,-0.8625111067729447,-1.1501093473644732,-0.039157495483754405,-0.32879542170281706,152,0.27631578947368424,0.7598663362041903,-124.58012239288641,0.5746621621621621,0.5449324324324324,0.3452702702702703,0.5871621621621622,0.5232263513513513,False
EURUSD1440_comma,daily,75,200,long_only,none,0.005,-0.005099576805004391,-0.9618816835387856,-1.2619909563092504,-0.03559934836107093,-0.14324916156557932,13,0.38461538461538464,0.625600956533869,-605.3993271840176,0.4722972972972973,0.5969594594594595,0.714527027027027,0.27837837837837837,0.522820945945946,True
EURUSD1440_comma,daily,100,500,long_short,fast_slope,0.005,-0.010848838663738203,-0.8339510084669769,-1.0896856788356843,-0.04521993083961027,-0.2399127655063814,115,0.26956521739130435,0.7293845558945847,-126.65874487701117,0.6114864864864865,0.44324324324324327,0.43344594594594593,0.5351351351351351,0.5223648648648649,False
EURUSD1440_comma,daily,10,50,long_short,price_slow,0.0025,-0.018304750515729662,-0.7458680920550904,-1.0124409939234844,-0.04676318535250568,-0.39143506537774486,195,0.24615384615384617,0.7808394789878692,-127.71738552818475,0.7182432432432433,0.4168918918918919,0.18175675675675676,0.6270270270270271,0.5219256756756757,False
EURUSD1440_comma,daily,10,75,long_short,none,0.005,-0.016186779368960735,-0.7323996653809052,-0.9796199230454284,-0.04881757496295748,-0.33157688355562887,109,0.24770642201834864,0.7472836349678122,-212.85546786743555,0.7324324324324324,0.3844594594594595,0.2375,0.5658783783783784,0.5214695945945946,False
EURUSD1440_comma,daily,50,400,long_short,fast_slope,0.005,-0.012772907081834095,-0.8627242999478162,-1.1598954122933869,-0.041008587682654384,-0.31146908010286634,153,0.28104575163398693,0.7718699913048906,-120.11312243663295,0.5739864864864865,0.5168918918918919,0.35033783783783784,0.6111486486486486,0.5205574324324325,False
EURUSD1440_comma,daily,30,200,long_short,slow_slope,0.0,-0.016214311511232204,-0.7068123076241506,-0.9351708821073285,-0.04977114884403567,-0.3257773205525524,119,0.25210084033613445,0.7289213269918919,-190.16812353012298,0.7510135135135135,0.37027027027027026,0.23682432432432432,0.5344594594594595,0.5205067567567567,False
EURUSD1440_comma,daily,10,150,long_only,none,0.0025,-0.008280405737262964,-0.9158496016095466,-1.23114329951219,-0.040607369971313714,-0.20391386448106574,35,0.2571428571428571,0.6908021884027357,-336.9107272558927,0.5192567567567568,0.5239864864864865,0.5709459459459459,0.44391891891891894,0.5194763513513514,False
EURUSD1440_comma,daily,40,50,long_short,combined,0.001,-0.012749666391532966,-0.7952413451748246,-1.0862558069603014,-0.05269279881571742,-0.24196221643345206,196,0.2653061224489796,0.8165872878674976,-92.21109782627393,0.6648648648648648,0.3206081081081081,0.35135135135135137,0.6868243243243243,0.5193918918918918,False
EURUSD1440_comma,daily,60,300,long_short,combined,0.005,-0.012479304196818974,-0.849715015358688,-1.13179304186571,-0.0421392457029944,-0.29614446079019874,142,0.28169014084507044,0.7580791164314731,-128.30718175412568,0.5888513513513514,0.4939189189189189,0.3621621621621622,0.5844594594594594,0.5191216216216217,False
EURUSD1440_comma,daily,5,50,long_only,none,0.0,-0.011858445915507332,-0.902489202606832,-1.2169225975402322,-0.03525524573335533,-0.3363597577845824,85,0.27058823529411763,0.7255499543532642,-208.70116699481673,0.5304054054054054,0.6016891891891892,0.3861486486486487,0.5256756756756756,0.5186655405405406,False
EURUSD1440_comma,daily,30,400,long_short,slow_slope,0.0025,-0.013387669480298015,-0.7371637487503723,-0.9672391583595874,-0.04483945213399223,-0.2985689798415041,67,0.208955223880597,0.6457994276464856,-239.1304144756608,0.7287162162162162,0.4486486486486487,0.32635135135135135,0.3266891891891892,0.5179222972972973,False
EURUSD1440_comma,daily,40,500,long_short,fast_slope,0.005,-0.010236517518691701,-0.8723939975751274,-1.184417046740469,-0.0477332334480708,-0.21445263141094462,148,0.25,0.801890436164606,-97.73117107980852,0.5631756756756757,0.39864864864864863,0.46554054054054056,0.6641891891891892,0.517668918918919,False
EURUSD1440_comma,daily,50,100,long_short,fast_slope,0.005,-0.012317757453823908,-0.8284715156336871,-1.1162243643241785,-0.04561538703605573,-0.27003514064426537,128,0.28125,0.7596812773948154,-143.29759667342597,0.6168918918918919,0.43648648648648647,0.36858108108108106,0.5864864864864865,0.5175675675675676,False
EURUSD1440_comma,daily,20,500,long_only,none,0.005,-0.004363471478677439,-0.9961613272351666,-1.3740494880313543,-0.03229605661643651,-0.13510849112323908,14,0.2857142857142857,0.6013558880450787,-493.67986280996155,0.43513513513513513,0.6378378378378379,0.7439189189189189,0.23344594594594595,0.5173141891891893,True
EURUSD1440_comma,daily,50,300,long_short,fast_slope,0.001,-0.01376539104647545,-0.8246915497646802,-1.1050509617024022,-0.04473080212826863,-0.3077385244959894,176,0.2897727272727273,0.772922712586604,-114.5076427474814,0.6260135135135135,0.45,0.31182432432432433,0.6125,0.5171452702702702,False
EURUSD1440_comma,daily,10,150,long_only,price_slow,0.0025,-0.008407796560031766,-0.957279647985292,-1.2850919949479893,-0.03585704924751865,-0.23448099429468794,47,0.19148936170212766,0.6879778417204104,-254.7525064229235,0.4783783783783784,0.5939189189189189,0.5604729729729729,0.4347972972972973,0.5171452702702702,False
EURUSD1440_comma,daily,30,150,long_only,combined,0.0025,-0.005508596688657996,-1.1801575176669181,-1.5957093962069044,-0.027646484979028385,-0.1992512499450334,80,0.325,0.7905269822616865,-101.73434286790811,0.2695945945945946,0.6898648648648649,0.6996621621621621,0.6429054054054054,0.5166722972972972,False
EURUSD1440_comma,daily,20,400,long_short,slow_slope,0.0,-0.013316140976978752,-0.7306864729849015,-0.9605096590293611,-0.047435467077527195,-0.28072119444328913,73,0.2054794520547945,0.6612819372187434,-219.1514607560734,0.7344594594594595,0.4064189189189189,0.3304054054054054,0.3672297297297297,0.5165540540540541,False
EURUSD1440_comma,daily,30,200,long_short,slow_slope,0.001,-0.015843546160238642,-0.7089174181441408,-0.9381705298182468,-0.05082986239876969,-0.3116976008304545,113,0.2743362831858407,0.7256692230542429,-194.98101023049426,0.7493243243243243,0.3516891891891892,0.24763513513513513,0.5263513513513514,0.5161317567567567,False
EURUSD1440_comma,daily,10,75,long_only,slow_slope,0.001,-0.008167535960101557,-0.9972921701587746,-1.3810859786459828,-0.038075601689258214,-0.21450838851499388,91,0.25274725274725274,0.7473113931234169,-133.1479025043821,0.4341216216216216,0.5638513513513513,0.5790540540540541,0.5662162162162162,0.5153547297297297,False
EURUSD1440_comma,daily,20,400,long_only,fast_slope,0.0025,-0.003965393824557184,-1.272891330929448,-1.7794186082822268,-0.027013116375998642,-0.14679512609217005,116,0.31896551724137934,0.8432461021198401,-53.20480113446889,0.19797297297297298,0.6972972972972973,0.7591216216216217,0.7307432432432432,0.5149493243243244,False
EURUSD1440_comma,daily,60,300,long_only,price_slow,0.001,-0.004823088075866067,-1.022468671833171,-1.3646039328793091,-0.03594266437047358,-0.1341883847605958,33,0.18181818181818182,0.6643805174215053,-226.02509994016506,0.41283783783783784,0.5922297297297298,0.7256756756756757,0.37601351351351353,0.5147297297297297,False
EURUSD1440_comma,daily,75,200,long_short,combined,0.0025,-0.01412883099682305,-0.8175906785720133,-1.0762425688728539,-0.04523161577245029,-0.3123662676102906,153,0.23529411764705882,0.7671767801790721,-134.50323828128074,0.6344594594594595,0.4429054054054054,0.2989864864864865,0.6027027027027027,0.5147128378378378,False
EURUSD1440_comma,daily,10,75,long_only,price_slow,0.001,-0.009825115165970955,-0.9616814381610449,-1.3166815910403198,-0.03509120591729916,-0.27998796020650285,92,0.2391304347826087,0.721262699547236,-161.98115584817458,0.4726351351351351,0.6040540540540541,0.4831081081081081,0.5168918918918919,0.514222972972973,False
EURUSD1440_comma,daily,20,50,long_short,price_slow,0.005,-0.015086915614911933,-0.8094254362604633,-1.0849945113558956,-0.04556762063651466,-0.3310885098710278,147,0.3129251700680272,0.7699736283907367,-141.98934419956709,0.6483108108108108,0.4375,0.2719594594594595,0.6067567567567568,0.5141047297297298,False
EURUSD1440_comma,daily,75,100,long_only,slow_slope,0.001,-0.00806286164745218,-1.031882038955553,-1.376546766478741,-0.031673248734037485,-0.2545637713123968,58,0.29310344827586204,0.7094506589832722,-209.87340346828964,0.40574324324324323,0.6452702702702703,0.5834459459459459,0.48986486486486486,0.5137837837837839,False
EURUSD1440_comma,daily,40,50,long_only,combined,0.001,-0.006706461998431057,-1.123446364841296,-1.5682096492619835,-0.031109372519013162,-0.21557689710174188,87,0.25287356321839083,0.7671969885907981,-118.29693886761322,0.3260135135135135,0.6516891891891892,0.6496621621621622,0.6030405405405406,0.5137162162162162,False
EURUSD1440_comma,daily,40,200,long_short,slow_slope,0.0025,-0.01593322388241991,-0.7211304574873536,-0.9443308751154823,-0.04934091140454459,-0.3229211506002373,102,0.29411764705882354,0.7102568325623143,-216.93214559890302,0.7408783783783783,0.37567567567567567,0.24594594594594596,0.49324324324324326,0.513445945945946,False
EURUSD1440_comma,daily,10,400,long_only,price_slow,0.001,-0.0059760489401130545,-0.9879104631937172,-1.352832434176118,-0.034862038749558434,-0.1714199500219633,34,0.14705882352941177,0.6392267348075645,-269.4974299867881,0.44594594594594594,0.6074324324324324,0.6797297297297298,0.31148648648648647,0.5129054054054055,False
EURUSD1440_comma,daily,40,50,long_only,price_slow,0.005,-0.0009341255443803265,-1.6936394943733015,-2.410955591340028,-0.008979720405011625,-0.1040261280138507,28,0.35714285714285715,0.9089577701361075,-53.11537199240392,0.021452702702702702,0.8390202702702703,0.8673986486486487,0.8052364864864865,0.5126013513513513,False
EURUSD1440_comma,daily,40,50,long_only,combined,0.005,-0.0009341255443803265,-1.6936394943733015,-2.410955591340028,-0.008979720405011625,-0.1040261280138507,28,0.35714285714285715,0.9089577701361075,-53.11537199240392,0.021452702702702702,0.8390202702702703,0.8673986486486487,0.8052364864864865,0.5126013513513513,False
EURUSD1440_comma,daily,10,75,long_only,fast_slope,0.0025,-0.006942531736159108,-1.125748380810335,-1.6082562144669938,-0.03563619153879841,-0.1948168823989096,153,0.3202614379084967,0.8310896485076641,-66.92499566243772,0.32297297297297295,0.595945945945946,0.6385135135135135,0.7108108108108108,0.5125,False
EURUSD1440_comma,daily,30,500,long_only,combined,0.0,-0.002470286440962366,-1.3873046108343938,-2.0077603624257,-0.02273738117389752,-0.10864428150583372,72,0.2777777777777778,0.8326994637128061,-68.29801953736731,0.14222972972972972,0.7432432432432432,0.8141891891891891,0.7128378378378378,0.5124662162162162,False
EURUSD1440_comma,daily,100,300,long_only,fast_slope,0.0,-0.004929726120473377,-1.1571002484776762,-1.5535815797575914,-0.03117252296933107,-0.1581433150381656,69,0.2753623188405797,0.7569590186018503,-110.40129195271945,0.2945945945945946,0.6510135135135136,0.7212837837837838,0.5817567567567568,0.5121114864864865,False
EURUSD1440_comma,daily,20,75,long_only,price_slow,0.001,-0.009230184292150834,-1.0002668368777645,-1.3763058781070718,-0.032025997277476285,-0.2882091137453001,86,0.19767441860465115,0.7138732163152456,-161.363510159983,0.43344594594594593,0.6405405405405405,0.5155405405405405,0.5023648648648649,0.5119763513513513,False
EURUSD1440_comma,daily,30,150,long_only,combined,0.001,-0.005674116626760095,-1.1660501367442204,-1.5822446213613017,-0.030161601835461745,-0.18812384891603784,84,0.32142857142857145,0.7765832219390055,-104.37995897399908,0.2851351351351351,0.6638513513513513,0.6952702702702702,0.6182432432432432,0.5118074324324324,False
EURUSD1440_comma,daily,60,75,long_only,slow_slope,0.0,-0.008589995895592173,-0.99205076289554,-1.3541058031472841,-0.037516953522366,-0.22896304441327264,82,0.24390243902439024,0.7361545988698961,-154.1594907428099,0.44256756756756754,0.5699324324324324,0.5489864864864865,0.5486486486486486,0.5116047297297297,False
EURUSD1440_comma,daily,75,500,long_only,combined,0.0,-0.002837400683229907,-1.35326488885618,-1.8603469943452031,-0.022411160024334575,-0.1266065960061411,52,0.3076923076923077,0.8042859537146442,-81.35511378268853,0.15945945945945947,0.7479729729729729,0.8003378378378379,0.6675675675675675,0.5109797297297297,False
EURUSD1440_comma,daily,60,500,long_only,slow_slope,0.005,-0.00275142185103594,-1.1175193830924794,-1.5149304421683467,-0.017045414093511225,-0.16141713166612592,12,0.5,0.5337172128800655,-360.1112685647043,0.3331081081081081,0.785472972972973,0.8040540540540541,0.13648648648648648,0.5108952702702704,True
EURUSD1440_comma,daily,30,200,long_short,fast_slope,0.005,-0.01358048884434504,-0.8467202973335253,-1.1244521447143225,-0.045401090161498285,-0.2991225275877135,198,0.31313131313131315,0.8023286478029503,-95.73217734341796,0.5939189189189189,0.4391891891891892,0.31925675675675674,0.664527027027027,0.5108952702702703,False
EURUSD1440_comma,daily,60,150,long_only,fast_slope,0.001,-0.006658044783711792,-1.0667429318538677,-1.4330582208145173,-0.03761048169039141,-0.17702630980694845,78,0.34615384615384615,0.7599676055187966,-130.2180952290005,0.37466216216216214,0.5685810810810811,0.6510135135135136,0.5875,0.5103378378378378,False
EURUSD1440_comma,daily,50,75,long_only,slow_slope,0.0,-0.00851888528098721,-0.9898905853096385,-1.3592468690436195,-0.03913316718114194,-0.21768964524528478,84,0.25,0.7467316506312761,-150.1699861886252,0.4449324324324324,0.5459459459459459,0.5537162162162163,0.5638513513513513,0.5097804054054054,False
EURUSD1440_comma,daily,5,250,long_only,none,0.005,-0.0077065816571811885,-0.9810867646583074,-1.3227319380942462,-0.03408193537298525,-0.2261192497680089,35,0.14285714285714285,0.6575601153618571,-333.30043696064575,0.45304054054054055,0.6172297297297298,0.6023648648648648,0.35743243243243245,0.5096114864864866,False
EURUSD1440_comma,daily,40,500,long_only,combined,0.0,-0.0025133825489793704,-1.3957232390309264,-2.0114982808203314,-0.022805379661565907,-0.11021007263541394,69,0.2753623188405797,0.8277520707568978,-67.41765107241619,0.1375,0.7422297297297298,0.8128378378378378,0.7067567567567568,0.5091385135135136,False
EURUSD1440_comma,daily,10,150,long_only,none,0.001,-0.00892823221915895,-0.9128426611003594,-1.2239495600979333,-0.04110053551731408,-0.21722909706122506,35,0.2571428571428571,0.6885611213083945,-365.2907197081206,0.5212837837837838,0.5138513513513514,0.5317567567567567,0.43682432432432433,0.5088513513513514,False
EURUSD1440_comma,daily,50,200,long_short,slow_slope,0.0,-0.017060588429263057,-0.7251008220798135,-0.9517429708940588,-0.04863429018798711,-0.3507934085872009,120,0.3,0.7131670399364328,-195.35651268683898,0.7378378378378379,0.38547297297297295,0.2114864864864865,0.5,0.5088006756756757,False
EURUSD1440_comma,daily,20,500,long_only,combined,0.001,-0.002754997152940586,-1.424436726044492,-2.0137348389644814,-0.023349976164200002,-0.11798715054641151,103,0.2912621359223301,0.865767283337905,-45.80252882034844,0.12027027027027028,0.7371621621621621,0.8037162162162163,0.7614864864864865,0.5073648648648649,False
EURUSD1440_comma,daily,100,200,long_only,none,0.001,-0.005859608106800529,-0.9100000972683722,-1.1873519084833735,-0.04197133932992254,-0.13960974799350878,12,0.4166666666666667,0.6023020985456256,-749.3464543450181,0.5246621621621622,0.49898648648648647,0.6864864864864865,0.23581081081081082,0.5072804054054055,True
EURUSD1440_comma,daily,5,100,long_short,slow_slope,0.0025,-0.017132673369314344,-0.747641216085179,-1.0003839852452336,-0.048405106967767675,-0.3539435080832022,174,0.2413793103448276,0.7328272314207096,-140.45398792370142,0.716554054054054,0.389527027027027,0.21013513513513513,0.5415540540540541,0.5072635135135135,False
EURUSD1440_comma,daily,100,150,long_only,slow_slope,0.005,-0.0052365836762959805,-1.0813892497997528,-1.4381273091655444,-0.0317315164166924,-0.16502784195782305,24,0.3333333333333333,0.6735646220031658,-336.39148699822823,0.36114864864864865,0.643581081081081,0.7101351351351352,0.3989864864864865,0.5072297297297297,False
EURUSD1440_comma,daily,30,50,long_only,slow_slope,0.005,-0.005635628762141964,-1.1611677247030494,-1.5845569033754774,-0.027565237743336163,-0.20444694925601958,51,0.39215686274509803,0.7258984957916977,-170.23769070801782,0.2902027027027027,0.6908783783783784,0.6962837837837837,0.5273648648648649,0.5071621621621621,False
EURUSD1440_comma,daily,50,300,long_short,fast_slope,0.005,-0.014080769710122398,-0.8499388200042581,-1.1369597261301978,-0.042086251298480704,-0.33456934926943016,161,0.2795031055900621,0.7586973139906372,-126.58181956916401,0.5875,0.4962837837837838,0.3013513513513513,0.5851351351351352,0.5071114864864865,False
EURUSD1440_comma,daily,10,300,long_short,slow_slope,0.005,-0.013619203284933823,-0.7303196354990636,-0.9659660120268923,-0.052931235901029466,-0.25729992986369965,78,0.19230769230769232,0.7041072503262389,-228.66133857003894,0.7351351351351352,0.31351351351351353,0.31756756756756754,0.4739864864864865,0.507043918918919,False
EURUSD1440_comma,daily,20,100,long_short,price_slow,0.005,-0.01465978743300389,-0.7423512422448635,-0.9952066810627408,-0.05421933326009432,-0.2703793379877941,115,0.25217391304347825,0.7607038152154467,-180.46272498789526,0.7222972972972973,0.28952702702702704,0.28581081081081083,0.5902027027027027,0.5069932432432432,False
EURUSD1440_comma,daily,60,200,long_short,slow_slope,0.001,-0.016570340926639227,-0.7209348561455812,-0.9366307019006358,-0.05024641167928006,-0.3297815778847404,111,0.32432432432432434,0.7117285031544012,-207.8337390256373,0.7412162162162163,0.36317567567567566,0.22432432432432434,0.497972972972973,0.5068412162162163,False
EURUSD1440_comma,daily,5,400,long_only,price_slow,0.005,-0.005873729123745064,-1.0043894801124131,-1.3753925460625402,-0.035216048551596865,-0.16679126038627412,29,0.1724137931034483,0.6427790986720464,-310.7890104627186,0.4280405405405405,0.6027027027027027,0.6858108108108109,0.3185810810810811,0.5068412162162163,False
EURUSD1440_comma,daily,60,100,long_only,combined,0.005,-0.004800805548588416,-1.1958927634864385,-1.6147477632569442,-0.027914864756667854,-0.17198025462192779,59,0.3898305084745763,0.7521420316824626,-125.85764798799578,0.2574324324324324,0.6861486486486487,0.727027027027027,0.5756756756756757,0.5062668918918919,False
EURUSD1440_comma,daily,5,50,long_short,none,0.0025,-0.0202793210248835,-0.7321890144101478,-0.9983801066696758,-0.04886950531003316,-0.41496882148140046,169,0.26627218934911245,0.7600769753253125,-172.38893903855947,0.7331081081081081,0.3824324324324324,0.14493243243243242,0.5881756756756756,0.5060641891891892,False
EURUSD1440_comma,daily,75,200,long_only,none,0.0025,-0.0063847742661437,-0.9509549313934302,-1.244768809374209,-0.03937193503407828,-0.16216562027285109,13,0.38461538461538464,0.6288249670583725,-750.7626750100892,0.485472972972973,0.5412162162162162,0.6608108108108108,0.28885135135135137,0.5049831081081081,True
EURUSD1440_comma,daily,20,100,long_short,slow_slope,0.0,-0.016742102261974257,-0.7234580913688458,-0.9739070212374299,-0.05285420631570542,-0.3167600732091479,165,0.2545454545454545,0.7518513857403196,-138.837674653483,0.739527027027027,0.3158783783783784,0.21925675675675677,0.575,0.5048817567567567,False
EURUSD1440_comma,daily,100,200,long_only,price_slow,0.005,-0.004953686823894299,-1.0355111963131316,-1.3705145020898963,-0.03413565707667627,-0.14511766428773343,30,0.26666666666666666,0.6359229757657158,-255.1116229718825,0.40202702702702703,0.6158783783783783,0.7202702702702702,0.3064189189189189,0.5047972972972973,False
EURUSD1440_comma,daily,20,200,long_only,none,0.0,-0.008671488847021402,-0.9057813075460752,-1.1931038248434431,-0.03664003981543251,-0.23666701484775776,22,0.22727272727272727,0.6151861313228301,-586.1685396870666,0.5280405405405405,0.5807432432432432,0.5449324324324324,0.2625,0.5047635135135136,False
EURUSD1440_comma,daily,60,100,long_only,slow_slope,0.0025,-0.007767724068002968,-1.0613833801554844,-1.4241002898968682,-0.033262993159311874,-0.2335245066732191,51,0.27450980392156865,0.7169484914187533,-230.44592898120067,0.38074324324324327,0.6260135135135135,0.5983108108108108,0.5081081081081081,0.5046790540540541,False
EURUSD1440_comma,daily,100,400,long_short,fast_slope,0.0025,-0.012950128602468802,-0.8026472138548422,-1.0540321662930408,-0.04814226301640318,-0.26899708885841933,120,0.25833333333333336,0.7156118118551258,-149.77636101806783,0.654054054054054,0.3935810810810811,0.34290540540540543,0.5067567567567568,0.5046114864864865,False
EURUSD1440_comma,daily,30,50,long_short,fast_slope,0.005,-0.010881259587089853,-0.8659446074128567,-1.1657615613462384,-0.048484287508874686,-0.22442857565140295,120,0.3416666666666667,0.7763735454757628,-127.03552782859009,0.5712837837837837,0.3875,0.4320945945945946,0.6179054054054054,0.5044932432432433,False
EURUSD1440_comma,daily,40,300,long_only,fast_slope,0.001,-0.004484590645328801,-1.2190141433427186,-1.7160294018752362,-0.029933714396495947,-0.14981737935783102,78,0.32051282051282054,0.7856312370578642,-89.1392721191253,0.23581081081081082,0.6665540540540541,0.7378378378378379,0.6375,0.5041554054054054,False
EURUSD1440_comma,daily,20,500,long_only,none,0.0025,-0.004812417934984881,-0.9854230311278236,-1.3567136971782128,-0.03161194241387168,-0.15223417378089166,13,0.3076923076923077,0.5175363144214108,-613.77985870088,0.4483108108108108,0.6456081081081081,0.7263513513513513,0.12027027027027028,0.5040371621621621,True
EURUSD1440_comma,daily,40,500,long_only,combined,0.001,-0.002621151913863806,-1.4071575226316293,-2.023171603348798,-0.024062202990866362,-0.10893233320568174,68,0.29411764705882354,0.8346221024257499,-66.39555613677517,0.1304054054054054,0.7283783783783784,0.808445945945946,0.7148648648648649,0.5031756756756757,False
EURUSD1440_comma,daily,30,500,long_only,combined,0.005,-0.002397215590338009,-1.419923742218294,-2.052957572581644,-0.027683814243274322,-0.08659267719658259,68,0.29411764705882354,0.8876797515662223,-44.37305991925552,0.12364864864864865,0.6891891891891891,0.816554054054054,0.7871621621621622,0.5031418918918918,False
EURUSD1440_comma,daily,40,50,long_only,price_slow,0.0025,-0.004474588811758662,-1.2550532000261054,-1.7624851897717992,-0.027153571590692566,-0.1647882230451193,63,0.31746031746031744,0.7971127991392669,-105.46587318357248,0.20810810810810812,0.6952702702702702,0.739527027027027,0.6543918918918918,0.5031249999999999,False
EURUSD1440_comma,daily,5,500,long_short,none,0.0025,-0.01550341219193807,-0.7146166540160052,-0.9573392733930595,-0.044205542786726094,-0.35071195181870696,49,0.14285714285714285,0.6101534377041178,-397.51208444538634,0.7452702702702703,0.4608108108108108,0.2594594594594595,0.25,0.5027027027027028,False
EURUSD1440_comma,daily,75,250,long_short,combined,0.005,-0.013457314813959953,-0.856595067086114,-1.1398915159387186,-0.043246557531405376,-0.31117655559491264,147,0.25170068027210885,0.7490364422910847,-133.91265621479215,0.5820945945945946,0.47736486486486485,0.3239864864864865,0.5702702702702702,0.5025168918918919,False
EURUSD1440_comma,daily,5,400,long_only,none,0.005,-0.005950289668519848,-1.003442450075078,-1.3738387479133127,-0.03545648983942032,-0.16781947946534603,28,0.14285714285714285,0.6322659130276155,-325.89870431114025,0.42905405405405406,0.5986486486486486,0.6817567567567567,0.297972972972973,0.502331081081081,False
EURUSD1440_comma,daily,75,250,long_short,slow_slope,0.0,-0.016401738384100306,-0.730816374458811,-0.9585785350849942,-0.04751400078454515,-0.34519800718265947,104,0.25961538461538464,0.6774372815599295,-207.96287596710786,0.7341216216216216,0.40371621621621623,0.23006756756756758,0.4114864864864865,0.5023141891891892,False
EURUSD1440_comma,daily,75,250,long_only,price_slow,0.001,-0.005353400114786577,-1.014558027149744,-1.3553491844347665,-0.03625278650889165,-0.14766865199378698,31,0.16129032258064516,0.6373224930068966,-266.010396763766,0.4195945945945946,0.5878378378378378,0.706418918918919,0.3081081081081081,0.5022972972972973,False
EURUSD1440_comma,daily,75,200,long_short,slow_slope,0.0025,-0.01664533165055604,-0.7461425127440265,-0.9615490924578658,-0.04764033771465829,-0.34939575261311584,102,0.2647058823529412,0.7000601275241798,-219.75123515356194,0.7175675675675676,0.4,0.22128378378378377,0.46554054054054056,0.5011148648648649,False
EURUSD1440_comma,daily,50,300,long_only,price_slow,0.001,-0.005284087412003591,-1.0278953899345165,-1.372240061812102,-0.03758814608281454,-0.14057855900532157,33,0.18181818181818182,0.6552432011213274,-246.78041268079585,0.41047297297297297,0.5692567567567568,0.7091216216216216,0.35135135135135137,0.5010304054054054,False
EURUSD1440_comma,daily,20,500,long_only,combined,0.0,-0.002969826178371826,-1.422585886510623,-2.0073728264262867,-0.023407133220312674,-0.126876971665826,104,0.28846153846153844,0.8419075252973518,-54.596275373790526,0.12162162162162163,0.7358108108108108,0.7949324324324324,0.7280405405405406,0.5007939189189189,False
EURUSD1440_comma,daily,50,75,long_only,fast_slope,0.001,-0.007965037351901239,-1.0748325163237562,-1.5002609057276777,-0.03586864916505039,-0.22206125787592224,92,0.2717391304347826,0.7574715504871666,-128.56887303913444,0.36824324324324326,0.5935810810810811,0.5861486486486487,0.5827702702702703,0.5003378378378378,False
EURUSD1440_comma,daily,10,200,long_short,slow_slope,0.005,-0.01645687276428498,-0.7429038562519084,-0.9757123865858724,-0.050194538915430395,-0.3278618176374152,107,0.21495327102803738,0.7125241558958413,-219.1293280650697,0.7216216216216216,0.3652027027027027,0.22702702702702704,0.49898648648648647,0.5002027027027027,False
EURUSD1440_comma,daily,40,100,long_short,fast_slope,0.0,-0.014781725347829733,-0.7730105787972369,-1.0574456521322808,-0.054104052492574904,-0.2732092083094577,199,0.2814070351758794,0.7905790493141325,-102.29490598074467,0.6871621621621622,0.29155405405405405,0.2793918918918919,0.6432432432432432,0.5001182432432433,False
EURUSD1440_comma,daily,5,250,long_short,slow_slope,0.005,-0.015616212177779643,-0.7416821213914979,-0.9809148200363658,-0.05019495412039414,-0.3111111953668426,121,0.19834710743801653,0.6955821929066572,-176.07895067520926,0.722972972972973,0.36486486486486486,0.2560810810810811,0.4560810810810811,0.5000337837837838,False
EURUSD1440_comma,daily,30,200,long_short,slow_slope,0.005,-0.01610582586748832,-0.7396668807357865,-0.9639893401776647,-0.049609149541499024,-0.32465434332865317,85,0.24705882352941178,0.695545107988084,-256.2792993386634,0.7260135135135135,0.3722972972972973,0.23986486486486486,0.4557432432432432,0.49981418918918924,False
EURUSD1440_comma,daily,60,150,long_short,combined,0.0025,-0.015018738396013198,-0.8087242050882312,-1.0643606218651853,-0.046940774500131566,-0.3199508008963743,147,0.29931972789115646,0.7329701221718855,-150.23596054008473,0.6493243243243243,0.4152027027027027,0.2743243243243243,0.5422297297297297,0.49972972972972973,False
EURUSD1440_comma,daily,5,300,long_only,none,0.005,-0.006806573565605767,-1.006687835235263,-1.3529408006945423,-0.03599565336233603,-0.18909431916931974,31,0.1935483870967742,0.6540465783743927,-334.5856351639083,0.42567567567567566,0.591554054054054,0.6452702702702703,0.34831081081081083,0.4994594594594595,False
EURUSD1440_comma,daily,30,100,long_short,price_slow,0.005,-0.013720804655435348,-0.7479802826283077,-1.0057027031055872,-0.057332240905001,-0.23932092028585794,114,0.21052631578947367,0.7616720004109047,-175.63888097279226,0.7158783783783784,0.2445945945945946,0.3141891891891892,0.5918918918918918,0.49912162162162166,False
EURUSD1440_comma,daily,100,150,long_only,price_slow,0.001,-0.006408339021128362,-1.0368117456199246,-1.3744415703403512,-0.038003424727784445,-0.1686253032991314,47,0.2765957446808511,0.6885520871544398,-208.38770371075705,0.4010135135135135,0.5648648648648649,0.6594594594594595,0.43648648648648647,0.49898648648648647,False
EURUSD1440_comma,daily,60,200,long_short,fast_slope,0.0025,-0.015981786262763253,-0.817191688617435,-1.0611135502919584,-0.04450694464677229,-0.35908522567887113,149,0.3288590604026846,0.7378869239845579,-158.25441358237032,0.6347972972972973,0.4540540540540541,0.2445945945945946,0.55,0.4988513513513514,False
EURUSD1440_comma,daily,30,300,long_only,slow_slope,0.001,-0.006113308443658982,-1.0415705877282087,-1.4334580291502228,-0.0372989312688047,-0.1639003648550087,40,0.2,0.6782326790070254,-234.09529110387226,0.3972972972972973,0.5712837837837837,0.6726351351351352,0.4135135135135135,0.49829391891891894,False
EURUSD1440_comma,daily,60,75,long_short,fast_slope,0.0,-0.01831352968351907,-0.7540948835439674,-1.01131282309421,-0.05090467857183303,-0.3597612281880207,196,0.32653061224489793,0.7690107700648496,-129.88276435814086,0.7091216216216216,0.34966216216216217,0.1810810810810811,0.6050675675675675,0.49804054054054053,False
EURUSD1440_comma,daily,5,200,long_only,none,0.0,-0.008396067577893018,-0.905509852446722,-1.2051014749601061,-0.04577669749495115,-0.18341357147529147,39,0.1794871794871795,0.6886422019406948,-317.15278638780217,0.5283783783783784,0.4337837837837838,0.5608108108108109,0.43817567567567567,0.49768581081081087,False
EURUSD1440_comma,daily,10,250,long_only,none,0.0,-0.0076916484156313025,-0.9310130327334901,-1.2451749913309254,-0.041606522650229745,-0.18486640857473413,27,0.18518518518518517,0.6443598494029996,-431.2666269860775,0.5057432432432433,0.5047297297297297,0.6037162162162162,0.3222972972972973,0.4975675675675676,False
EURUSD1440_comma,daily,100,200,long_only,none,0.005,-0.005338838966862602,-0.971311641959761,-1.2665030613011286,-0.034954945865682645,-0.15273486582921758,11,0.36363636363636365,0.524467581835203,-747.7076073811324,0.4625,0.606081081081081,0.7070945945945946,0.1287162162162162,0.49724662162162164,True
EURUSD1440_comma,daily,100,200,long_short,slow_slope,0.0025,-0.01643187523327705,-0.74857357872617,-0.9585029818566042,-0.047463128235067965,-0.3462029546787524,93,0.26881720430107525,0.6847749955507562,-241.77034846915558,0.7152027027027027,0.40506756756756757,0.22837837837837838,0.4277027027027027,0.49717905405405405,False
EURUSD1440_comma,daily,60,300,long_short,combined,0.0025,-0.0134576788162456,-0.8589407706046391,-1.143143495354294,-0.044223304566262896,-0.30431192214686287,155,0.2709677419354839,0.7488626706000931,-125.82736907786368,0.5787162162162162,0.46013513513513515,0.3236486486486487,0.5695945945945946,0.4966891891891892,False
EURUSD1440_comma,daily,50,150,long_only,price_slow,0.0025,-0.007704407075583064,-1.0012148126568223,-1.3258183093842606,-0.035389925447947,-0.2177005737668205,42,0.2857142857142857,0.6566619525325823,-277.6764642931156,0.43243243243243246,0.5993243243243244,0.6027027027027027,0.3550675675675676,0.49660472972972974,False
EURUSD1440_comma,daily,30,50,long_only,fast_slope,0.0,-0.01028016753453509,-1.0234964098446275,-1.4026052659815877,-0.03321530348795259,-0.30950093646634225,119,0.29411764705882354,0.7376676467889027,-131.06375217274697,0.41216216216216217,0.6263513513513513,0.4631756756756757,0.5496621621621621,0.4965371621621622,False
EURUSD1440_comma,daily,20,300,long_only,price_slow,0.0025,-0.0063094960890095475,-1.0100052880256662,-1.373621918964667,-0.036782858368706296,-0.17153359931313739,31,0.1935483870967742,0.6475635430709274,-311.2979773727262,0.422972972972973,0.5790540540540541,0.6638513513513513,0.3314189189189189,0.4964358108108108,False
EURUSD1440_comma,daily,75,150,long_only,none,0.0025,-0.0067127057102251975,-0.9345537327095388,-1.2365921533198116,-0.04314646003590539,-0.15557952389695595,17,0.35294117647058826,0.6352520923479095,-602.1319869467014,0.5020270270270271,0.4780405405405405,0.6489864864864865,0.30574324324324326,0.4959797297297297,True
EURUSD1440_comma,daily,10,250,long_short,slow_slope,0.0,-0.015535850422393138,-0.7171792600734431,-0.9544615808396555,-0.05350332656114719,-0.29037167258446495,115,0.21739130434782608,0.7039149437965239,-182.8294565851433,0.7442567567567567,0.3027027027027027,0.2581081081081081,0.47195945945945944,0.49579391891891894,False
EURUSD1440_comma,daily,100,500,long_only,slow_slope,0.0025,-0.0024100748264801464,-1.1166293217086969,-1.5094546524529098,-0.017129018207711413,-0.14070128230671974,13,0.46153846153846156,0.34671716116624635,-553.6730288256489,0.33378378378378376,0.7844594594594595,0.8158783783783784,0.019594594594594596,0.49574324324324326,True
EURUSD1440_comma,daily,20,250,long_only,none,0.0,-0.007647221814351179,-0.9227994393153236,-1.2282061417833374,-0.04035289142437458,-0.189508645958688,21,0.23809523809523808,0.6048257664882511,-535.9684384785859,0.5148648648648648,0.5266891891891892,0.606081081081081,0.2402027027027027,0.49486486486486486,False
EURUSD1440_comma,daily,30,100,long_only,price_slow,0.005,-0.008228843450543422,-1.08145340383127,-1.4776473067413876,-0.03099230122969296,-0.26551250226813006,62,0.24193548387096775,0.7072680111759511,-197.90359137391164,0.3608108108108108,0.6527027027027027,0.5739864864864865,0.4831081081081081,0.49476351351351355,False
EURUSD1440_comma,daily,5,50,long_short,price_slow,0.005,-0.017987655322127205,-0.7624803810909793,-1.0311095294004744,-0.05156565202216908,-0.3488301731236514,182,0.25824175824175827,0.7776079149865384,-136.54563377525608,0.6993243243243243,0.3375,0.18716216216216217,0.6206081081081081,0.49462837837837836,False
EURUSD1440_comma,daily,40,75,long_short,fast_slope,0.001,-0.015303360284842027,-0.7748713505122616,-1.058590089552569,-0.05519316201866167,-0.2772691348915237,193,0.2694300518134715,0.7980021055588553,-104.61900879010952,0.6851351351351351,0.2756756756756757,0.26587837837837835,0.6560810810810811,0.4945608108108108,False
EURUSD1440_comma,daily,20,400,long_only,fast_slope,0.005,-0.004524762277659855,-1.3057118106671943,-1.8211206007896232,-0.02792005903413005,-0.1620613434996213,111,0.3063063063063063,0.8168078846344984,-63.180582532105646,0.18175675675675676,0.6858108108108109,0.7361486486486486,0.6875,0.4945101351351352,False
EURUSD1440_comma,daily,60,500,long_only,none,0.0,-0.004768824609405531,-0.9557475274457041,-1.2867282802580973,-0.034741201155124364,-0.13726711946751802,8,0.375,0.3707933197724415,-1118.4755681866127,0.4800675675675676,0.6081081081081081,0.7283783783783784,0.026351351351351353,0.4936824324324325,True
EURUSD1440_comma,daily,5,75,long_only,none,0.001,-0.011375096382888694,-0.9322312400643096,-1.2780960107010237,-0.0371780496245644,-0.3059626983598651,73,0.2465753424657534,0.6928726277993225,-232.9181332493552,0.5033783783783784,0.5733108108108108,0.40844594594594597,0.4486486486486487,0.49366554054054057,False
EURUSD1440_comma,daily,100,500,long_only,none,0.0025,-0.0047034415831241905,-0.993940683277735,-1.3342268610700752,-0.027925004743929345,-0.1684311829578714,6,0.16666666666666666,0.13952262267851565,-1759.9754393207993,0.4391891891891892,0.6854729729729729,0.7300675675675675,0.0016891891891891893,0.49331081081081085,True
EURUSD1440_comma,daily,50,250,long_only,none,0.0025,-0.00601787935358733,-0.9459403372859754,-1.2463211292255425,-0.042197246603291834,-0.14261308113685955,13,0.46153846153846156,0.6121603598762322,-709.552433475327,0.4905405405405405,0.49324324324324326,0.677027027027027,0.25506756756756754,0.4931925675675676,True
EURUSD1440_comma,daily,5,300,long_only,none,0.0,-0.007802534913737835,-0.9679133814972685,-1.2961641083992186,-0.038359335627744635,-0.2034064142678842,32,0.21875,0.642248235460634,-368.8240061360376,0.46587837837837837,0.5594594594594594,0.5962837837837838,0.31756756756756754,0.49310810810810807,False
EURUSD1440_comma,daily,60,150,long_only,fast_slope,0.005,-0.005742198087039241,-1.1218198286012966,-1.5024519661588478,-0.03994996905138732,-0.14373473180049523,67,0.3880597014925373,0.7636809236885334,-131.63695997842234,0.3290540540540541,0.533445945945946,0.6918918918918919,0.5976351351351351,0.49300675675675676,False
EURUSD1440_comma,daily,30,250,long_short,combined,0.0025,-0.014023322616490197,-0.8997790156327801,-1.2151893238545575,-0.04250054408419231,-0.32995630805832543,213,0.28169014084507044,0.7913856468432968,-91.80441418197447,0.5324324324324324,0.48952702702702705,0.3030405405405405,0.6459459459459459,0.49285472972972977,False
EURUSD1440_comma,daily,60,500,long_short,fast_slope,0.0025,-0.013455182324262016,-0.8921161642713555,-1.1880329611808949,-0.04145501953809999,-0.3245730547032015,139,0.2733812949640288,0.7459375426618559,-138.22690732711447,0.5391891891891892,0.5087837837837837,0.32432432432432434,0.5625,0.4921114864864865,False
EURUSD1440_comma,daily,40,200,long_short,fast_slope,0.0025,-0.0122351696244688,-0.8003190411102591,-1.0720572151037833,-0.05816713363219486,-0.21034506705856948,171,0.2631578947368421,0.7962080169131082,-101.17604179263405,0.6570945945945946,0.22804054054054054,0.37094594594594593,0.6527027027027027,0.4919425675675676,False
EURUSD1440_comma,daily,50,150,long_short,fast_slope,0.005,-0.014092441378406595,-0.8372872981572279,-1.1213306050819716,-0.04671817901193041,-0.3016479168592554,156,0.26282051282051283,0.7454933098694656,-133.1674595899547,0.6070945945945946,0.4179054054054054,0.30067567567567566,0.5618243243243243,0.49172297297297296,False
EURUSD1440_comma,daily,5,300,long_short,slow_slope,0.0,-0.014572020818737874,-0.7232105419848235,-0.9633688689549439,-0.05476712180896613,-0.2660724233339615,89,0.16853932584269662,0.6933736220159847,-207.0450897440288,0.7398648648648649,0.28175675675675677,0.28783783783783784,0.4506756756756757,0.4915540540540541,False
EURUSD1440_comma,daily,75,500,long_only,slow_slope,0.0025,-0.0034161503544434257,-1.1279104714872727,-1.5231838406767666,-0.02262217120422372,-0.1510089515106139,15,0.4666666666666667,0.532232495485306,-355.91715088481726,0.3202702702702703,0.7456081081081081,0.7814189189189189,0.13513513513513514,0.49106418918918926,True
EURUSD1440_comma,daily,30,50,long_only,none,0.005,-0.006120637881079638,-1.1160116336904535,-1.545055516131369,-0.0313783728426911,-0.1950591227838414,44,0.4318181818181818,0.673823095912172,-213.4919163930166,0.3344594594594595,0.6489864864864865,0.6722972972972973,0.39966216216216216,0.49043918918918916,False
EURUSD1440_comma,daily,30,150,long_only,combined,0.005,-0.005979816430080498,-1.2207514600089624,-1.6402980899599315,-0.028163264003928323,-0.21232682508839917,77,0.2987012987012987,0.7633569802627045,-119.07055131635639,0.23445945945945945,0.683445945945946,0.6787162162162163,0.5966216216216216,0.4898817567567568,False
EURUSD1440_comma,daily,20,75,long_only,price_slow,0.0,-0.010340249897763942,-1.0026420146879393,-1.3771840619899367,-0.034648916711240714,-0.2984292404850102,94,0.20212765957446807,0.7096922390804364,-164.65795191053292,0.4300675675675676,0.6091216216216216,0.4597972972972973,0.4905405405405405,0.489847972972973,False
EURUSD1440_comma,daily,30,200,long_only,fast_slope,0.001,-0.00637333633733983,-1.1812842052592538,-1.6028211917880753,-0.031722467992264386,-0.2009092211518343,90,0.3333333333333333,0.7609912641841553,-108.25842432530962,0.2689189189189189,0.643918918918919,0.6614864864864864,0.5912162162162162,0.4895270270270271,False
EURUSD1440_comma,daily,30,75,long_short,combined,0.0,-0.014807284684582256,-0.8261071676341099,-1.1136748937870824,-0.05166346490081653,-0.28661036794588335,226,0.28761061946902655,0.8072881412788034,-88.65669453243709,0.6222972972972973,0.3358108108108108,0.27871621621621623,0.6726351351351352,0.4895101351351352,False
EURUSD1440_comma,daily,20,100,long_only,slow_slope,0.005,-0.007923224361045311,-1.0864022892587093,-1.4800297195402887,-0.03219765304150944,-0.24608080442480185,61,0.2459016393442623,0.6990756039772343,-196.29866738959035,0.3564189189189189,0.6388513513513514,0.5878378378378378,0.46385135135135136,0.48942567567567574,False
EURUSD1440_comma,daily,20,500,long_only,none,0.001,-0.005281456357761005,-0.98818839356093,-1.3586794250489507,-0.03397758167322447,-0.15543944264647236,13,0.3076923076923077,0.4927963488289948,-655.0082673719897,0.4456081081081081,0.6179054054054054,0.7097972972972973,0.0956081081081081,0.4890202702702703,True
EURUSD1440_comma,daily,60,300,long_only,price_slow,0.0,-0.005569509797514027,-1.0342469352097554,-1.378809029581908,-0.037797506760374605,-0.1473512481345166,34,0.14705882352941177,0.6364264381553498,-251.9244604859379,0.40337837837837837,0.5675675675675675,0.6983108108108108,0.3070945945945946,0.48896959459459466,False
EURUSD1440_comma,daily,50,300,long_only,none,0.005,-0.005945125410492191,-0.9940066690893271,-1.3277035997045163,-0.0385033112317452,-0.15440556202320999,11,0.36363636363636365,0.6121107649699531,-828.8721812859741,0.43817567567567567,0.5560810810810811,0.6820945945945946,0.2543918918918919,0.4888682432432433,True
EURUSD1440_comma,daily,10,150,long_only,price_slow,0.005,-0.008836527289364127,-0.9907773934009407,-1.3211361839449294,-0.03431376249490581,-0.25752137471593184,43,0.23255813953488372,0.6503176374985393,-308.47758392994734,0.4435810810810811,0.6135135135135135,0.5368243243243244,0.33783783783783783,0.4888513513513514,False
EURUSD1440_comma,daily,10,75,long_only,price_slow,0.0025,-0.01004724959692016,-0.992949117918985,-1.3595887494597227,-0.03640994084688397,-0.27594797912944213,82,0.23170731707317074,0.7050632240618154,-186.31159919923059,0.4408783783783784,0.5851351351351352,0.4722972972972973,0.4777027027027027,0.48875,False
EURUSD1440_comma,daily,40,400,long_short,slow_slope,0.0025,-0.014337811462579508,-0.7505082577978348,-0.9804695981644602,-0.0471070638056012,-0.3043664857089796,65,0.2153846153846154,0.6207687426132305,-266.23469624046317,0.7135135135135136,0.41216216216216217,0.29324324324324325,0.2695945945945946,0.4875337837837838,False
EURUSD1440_comma,daily,40,150,long_only,fast_slope,0.0025,-0.007248757513743986,-1.1433252892712975,-1.5472113171447952,-0.031400856933414774,-0.2308458501344377,80,0.3,0.7241479312466234,-137.6224984466268,0.30574324324324326,0.6483108108108108,0.6222972972972973,0.5226351351351352,0.4872297297297297,False
EURUSD1440_comma,daily,20,250,long_short,slow_slope,0.0,-0.015597779767518749,-0.7175655065490576,-0.9519297998008653,-0.05409986259849683,-0.28831459117147806,110,0.21818181818181817,0.6878770459054063,-195.08360931684803,0.7435810810810811,0.2922297297297297,0.25675675675675674,0.43445945945945946,0.4870101351351352,False
EURUSD1440_comma,daily,60,75,long_only,combined,0.001,-0.006991253047414325,-1.1483107689917207,-1.570234278076977,-0.030431889274781843,-0.22973444022115985,70,0.2857142857142857,0.710546837316478,-147.95911703815608,0.3013513513513513,0.6594594594594595,0.6358108108108108,0.49425675675675673,0.48670608108108104,False
EURUSD1440_comma,daily,20,100,long_short,slow_slope,0.001,-0.017280408357865373,-0.7416332286561292,-0.9962735611546398,-0.05373838447577909,-0.32156546063743285,156,0.23717948717948717,0.7340451236793327,-151.68251049976772,0.7233108108108108,0.29864864864864865,0.20439189189189189,0.543581081081081,0.48640202702702706,False
EURUSD1440_comma,daily,75,250,long_short,combined,0.001,-0.015094173696739821,-0.8579961839707716,-1.1462971763956211,-0.04384396168959023,-0.3442702966398129,171,0.23976608187134502,0.7439244349533554,-126.46733742916464,0.5793918918918919,0.4652027027027027,0.27128378378378376,0.5594594594594594,0.48623310810810816,False
EURUSD1440_comma,daily,100,150,long_only,fast_slope,0.001,-0.00632840733743667,-1.0473708044162366,-1.392253353477401,-0.042974188653037045,-0.1472606589162314,58,0.29310344827586204,0.7148368039158699,-166.8586556317198,0.3929054054054054,0.4831081081081081,0.6631756756756757,0.504054054054054,0.4861824324324324,False
EURUSD1440_comma,daily,40,200,long_short,slow_slope,0.005,-0.016615609217935146,-0.747480476023375,-0.9700661725688579,-0.05026323781931571,-0.330571804340665,86,0.26744186046511625,0.6857996473615617,-273.9594163221166,0.7168918918918918,0.36283783783783785,0.22195945945945947,0.4283783783783784,0.4861148648648649,False
EURUSD1440_comma,daily,60,75,long_short,price_slow,0.001,-0.014978353806069156,-0.7957213724369735,-1.0674085136921974,-0.052828225793434706,-0.2835293743279679,166,0.27710843373493976,0.7521406672461385,-132.88924882995798,0.6631756756756757,0.31756756756756754,0.27533783783783783,0.5753378378378379,0.48603040540540543,False
EURUSD1440_comma,daily,50,150,long_only,fast_slope,0.001,-0.007875494255203841,-1.0988659337434574,-1.5071304250308046,-0.036478721258634335,-0.21589282692686906,87,0.3103448275862069,0.7405766492591492,-136.8539431852806,0.3472972972972973,0.5831081081081081,0.5898648648648649,0.5543918918918919,0.4858277027027027,False
EURUSD1440_comma,daily,60,400,long_only,none,0.005,-0.0049675829275641625,-0.9931772927359405,-1.336074877755584,-0.037252954137235665,-0.13334735573624978,10,0.3,0.5455773009840282,-767.402366808228,0.44054054054054054,0.5722972972972973,0.7195945945945946,0.1489864864864865,0.48555743243243243,True
EURUSD1440_comma,daily,30,400,long_short,fast_slope,0.005,-0.013385951071970048,-0.8947008195501978,-1.1950565983036145,-0.0456017108104278,-0.29354054560841314,183,0.31693989071038253,0.7893780377509049,-100.65227215765053,0.5368243243243244,0.43716216216216214,0.3266891891891892,0.6408783783783784,0.4854898648648649,False
EURUSD1440_comma,daily,40,250,long_short,combined,0.0025,-0.012535435686831131,-0.8680296003174949,-1.17066417234922,-0.04932341722275258,-0.25414775359580344,183,0.2568306010928962,0.7755137491964945,-97.71287135116157,0.5682432432432433,0.37601351351351353,0.3587837837837838,0.6152027027027027,0.4853378378378378,False
EURUSD1440_comma,daily,60,500,long_only,none,0.001,-0.005121431754613548,-0.9708002873908003,-1.3089029194654416,-0.033895299126961,-0.15109563528058256,7,0.42857142857142855,0.34033058030951147,-1351.9502575300617,0.46283783783783783,0.6182432432432432,0.7135135135135136,0.018581081081081082,0.48518581081081086,True
EURUSD1440_comma,daily,5,75,long_short,none,0.001,-0.021228581228219023,-0.7171325819036038,-1.0046291373367717,-0.05178283148112272,-0.4099540450189141,149,0.2348993288590604,0.7191341945608551,-197.7425862134846,0.7445945945945946,0.3344594594594595,0.13277027027027027,0.5135135135135135,0.48503378378378376,False
EURUSD1440_comma,daily,30,500,long_only,combined,0.001,-0.0029000479058562956,-1.409809778823733,-2.032455090025842,-0.02823409584610395,-0.10271438907283004,71,0.28169014084507044,0.8176856912865347,-73.84074126001434,0.12804054054054054,0.6824324324324325,0.7983108108108108,0.6891891891891891,0.4848648648648649,False
EURUSD1440_comma,daily,5,400,long_only,none,0.001,-0.006996591880688463,-0.9866738417747704,-1.3396628967810642,-0.03819038171540024,-0.18320298374674515,31,0.16129032258064516,0.6121459378412321,-343.44164744408823,0.44763513513513514,0.5618243243243243,0.635472972972973,0.25472972972972974,0.4848141891891892,False
EURUSD1440_comma,daily,75,400,long_short,fast_slope,0.0025,-0.014992736754158686,-0.847287282945568,-1.1244772004467622,-0.04479229556053333,-0.33471686517823496,144,0.2569444444444444,0.7284980928959252,-142.22181494818454,0.5935810810810811,0.44932432432432434,0.275,0.5331081081081082,0.4847297297297297,False
EURUSD1440_comma,daily,40,75,long_short,price_slow,0.0025,-0.015036245900884815,-0.7803493054131537,-1.0577551861678622,-0.05394227708578799,-0.2787469627389232,147,0.2585034013605442,0.7436591670651298,-151.02138491561877,0.6800675675675676,0.2956081081081081,0.27364864864864863,0.5587837837837838,0.48447635135135136,False
EURUSD1440_comma,daily,100,250,long_only,price_slow,0.0,-0.005884173038616658,-1.0243148730419078,-1.3694711755635307,-0.04136798514761098,-0.1422397783605004,33,0.18181818181818182,0.660335690360586,-273.58199493945233,0.4118243243243243,0.5101351351351351,0.6851351351351351,0.3638513513513513,0.4838682432432433,False
EURUSD1440_comma,daily,40,150,long_only,combined,0.001,-0.006772092715268685,-1.170806429430342,-1.588239240151638,-0.030139050407797602,-0.22469495964997632,80,0.3,0.7146809180453858,-129.02815542139382,0.2814189189189189,0.664527027027027,0.6466216216216216,0.5033783783783784,0.48353040540540543,False
EURUSD1440_comma,daily,30,100,long_only,slow_slope,0.0,-0.008972945880452166,-1.008537462021866,-1.3731490573127954,-0.03814664201341592,-0.23522243130329634,77,0.2597402597402597,0.6911949282479534,-174.74986310860695,0.425,0.5628378378378378,0.5300675675675676,0.4445945945945946,0.4834121621621622,False
EURUSD1440_comma,daily,30,75,long_only,slow_slope,0.001,-0.009424401003270688,-1.0266764405540283,-1.4337083268994313,-0.03995955959444835,-0.23584847027643507,88,0.26136363636363635,0.7470728130559301,-157.78550915256344,0.41081081081081083,0.5327702702702702,0.5050675675675675,0.5652027027027027,0.4833108108108108,False
EURUSD1440_comma,daily,30,75,long_only,price_slow,0.005,-0.007837230013704843,-1.116425113003223,-1.5343239960882635,-0.03077977622677701,-0.25462270927385133,54,0.2777777777777778,0.6915438646980612,-221.6249809522731,0.3341216216216216,0.6554054054054054,0.5925675675675676,0.4456081081081081,0.4828547297297297,False
EURUSD1440_comma,daily,20,250,long_short,slow_slope,0.001,-0.01595679153961338,-0.7255159751150915,-0.9597294440883567,-0.053675290790907375,-0.2972837464779319,109,0.22018348623853212,0.6823596721574174,-201.54216057031957,0.7375,0.3,0.24493243243243243,0.4239864864864865,0.4825844594594595,False
EURUSD1440_comma,daily,5,75,long_short,slow_slope,0.0,-0.019438326404262463,-0.7564803666433726,-1.0308824927293694,-0.051267315451225016,-0.3791563149577396,212,0.21226415094339623,0.7354442801770666,-129.66707776895083,0.7070945945945946,0.3418918918918919,0.15844594594594594,0.5469594594594595,0.4820439189189189,False
EURUSD1440_comma,daily,5,50,long_only,price_slow,0.001,-0.01232620659288941,-0.9714488585732662,-1.3268704812949104,-0.03704535829525164,-0.3327328216034381,114,0.20175438596491227,0.7284612438367669,-161.1234999969244,0.46216216216216216,0.5743243243243243,0.36824324324324326,0.5327702702702702,0.48201013513513513,False
EURUSD1440_comma,daily,40,300,long_only,slow_slope,0.0025,-0.006172196929752127,-1.0632750944486797,-1.4550405237574493,-0.038454435773873925,-0.16050676093772098,39,0.20512820512820512,0.6661132521245804,-242.30450356223147,0.37905405405405407,0.5574324324324325,0.6692567567567568,0.3804054054054054,0.48189189189189197,False
EURUSD1440_comma,daily,75,300,long_only,none,0.005,-0.006056196326862606,-0.9821936765617842,-1.3200631489122938,-0.03702517639593801,-0.16356968194017907,12,0.4166666666666667,0.5457540424806099,-773.3558757742572,0.4510135135135135,0.5746621621621621,0.6763513513513514,0.14966216216216216,0.48179054054054055,True
EURUSD1440_comma,daily,30,500,long_only,none,0.001,-0.005629795548047878,-0.9779762694249708,-1.3331195414782526,-0.03600534936995578,-0.15635997557478476,12,0.4166666666666667,0.46538684214502474,-776.4542805309901,0.4560810810810811,0.5912162162162162,0.6969594594594595,0.07837837837837838,0.4813851351351352,True
EURUSD1440_comma,daily,5,300,long_short,slow_slope,0.0025,-0.014378698853694916,-0.7298539843443623,-0.9686837604630903,-0.05699238964537084,-0.25229155933212943,86,0.1511627906976744,0.6883775747300165,-213.52727134005605,0.735472972972973,0.252027027027027,0.2925675675675676,0.435472972972973,0.4810304054054054,False
EURUSD1440_comma,daily,50,300,long_only,price_slow,0.005,-0.005482183130682938,-1.0570196505281493,-1.4062596098125437,-0.038168389841056846,-0.14363150118493817,26,0.19230769230769232,0.6349820839499585,-324.4849949447141,0.3844594594594595,0.5625,0.7013513513513514,0.3043918918918919,0.48033783783783784,False
EURUSD1440_comma,daily,50,500,long_only,slow_slope,0.005,-0.003514636398348814,-1.130566909260808,-1.5259684663608273,-0.02258993904602549,-0.15558414704829338,12,0.5,0.4558706428801042,-457.3860519238078,0.31756756756756754,0.7469594594594594,0.7780405405405405,0.07297297297297298,0.48032094594594593,True
EURUSD1440_comma,daily,20,150,long_only,price_slow,0.0025,-0.009343721034353214,-0.9939947790632554,-1.3219338245629078,-0.0347300522821936,-0.2690384960676786,48,0.1875,0.6502317386458685,-281.45506140292724,0.43885135135135134,0.6084459459459459,0.5084459459459459,0.33716216216216216,0.47991554054054053,False
EURUSD1440_comma,daily,40,500,long_only,slow_slope,0.005,-0.003527958757972627,-1.1260442778287707,-1.5215643146039128,-0.022812887644152118,-0.15464761905654623,12,0.5,0.4472215398781112,-463.24893752812176,0.3222972972972973,0.7418918918918919,0.777027027027027,0.06689189189189189,0.479831081081081,True
EURUSD1440_comma,daily,50,75,long_short,combined,0.001,-0.014476518147456319,-0.8009344091710838,-1.0844763633256471,-0.054852758042452585,-0.26391595726603945,181,0.2541436464088398,0.761922439111306,-118.78960992038874,0.6560810810810811,0.2814189189189189,0.28986486486486485,0.5932432432432433,0.4797466216216217,False
EURUSD1440_comma,daily,20,400,long_short,slow_slope,0.001,-0.014540271258878135,-0.752584018198521,-0.9890291451454495,-0.04843430061216625,-0.3002060745195473,70,0.2,0.6187483474244682,-253.75406060599468,0.710472972972973,0.38885135135135135,0.28885135135135137,0.26722972972972975,0.4792567567567567,False
EURUSD1440_comma,daily,20,300,long_only,price_slow,0.001,-0.006984864490529263,-1.0172491265173838,-1.3837555919848472,-0.038631564365738835,-0.18080718721098255,33,0.15151515151515152,0.637735920335539,-322.1142521675734,0.4175675675675676,0.5543918918918919,0.6364864864864865,0.30844594594594593,0.47918918918918924,False
EURUSD1440_comma,daily,40,300,long_only,fast_slope,0.0,-0.005041022777270143,-1.2170517663727458,-1.7177927078912663,-0.03550761349204171,-0.1419701940373994,80,0.3125,0.7647560302042841,-97.29021621794925,0.2375,0.5983108108108108,0.7158783783783784,0.5989864864864864,0.4776013513513514,False
EURUSD1440_comma,daily,5,300,long_short,slow_slope,0.001,-0.01508814252955093,-0.7352629597559704,-0.9759964069854961,-0.05572917787492915,-0.2707404470134598,88,0.13636363636363635,0.6824001744829878,-219.90112001167316,0.7297297297297297,0.2706081081081081,0.2716216216216216,0.4243243243243243,0.4775168918918919,False
EURUSD1440_comma,daily,100,400,long_short,fast_slope,0.005,-0.013598351491574179,-0.8258445097933563,-1.08707130671928,-0.048661264622889,-0.2794492004463416,115,0.25217391304347825,0.6935566624236297,-164.83775848099538,0.6236486486486487,0.38513513513513514,0.3185810810810811,0.4510135135135135,0.4771114864864865,False
EURUSD1440_comma,daily,40,400,long_short,slow_slope,0.001,-0.014780791189300757,-0.7500851155712137,-0.9825652320866375,-0.047952052543323444,-0.30824105341365093,66,0.21212121212121213,0.6061900034213343,-266.71824768793795,0.7141891891891892,0.39628378378378376,0.2797297297297297,0.24256756756756756,0.4770777027027027,False
EURUSD1440_comma,daily,5,75,long_only,slow_slope,0.0025,-0.008855615688748597,-1.0194411973535027,-1.4202086487493288,-0.04203777159513115,-0.21065854237083925,102,0.2549019607843137,0.7260977295083865,-128.32257798417137,0.4155405405405405,0.49763513513513513,0.5358108108108108,0.5283783783783784,0.47704391891891895,False
EURUSD1440_comma,daily,50,400,long_short,fast_slope,0.0025,-0.014756623479417974,-0.8840675210839803,-1.1893800974344213,-0.044405514151948294,-0.3323151135897956,165,0.2727272727272727,0.754306953526856,-127.19140374621237,0.5496621621621621,0.4560810810810811,0.2810810810810811,0.5780405405405405,0.47680743243243245,False
EURUSD1440_comma,daily,20,250,long_only,none,0.001,-0.0078938239311237,-0.935299132390501,-1.2460442697489524,-0.04298600790342691,-0.18363705578005984,20,0.25,0.6114956442688133,-596.6192095294489,0.5006756756756757,0.48243243243243245,0.5888513513513514,0.25405405405405407,0.47675675675675677,False
EURUSD1440_comma,daily,10,50,long_only,none,0.005,-0.010983106948861066,-1.0109411526343297,-1.370737634060074,-0.03329002719009489,-0.32992183773670747,63,0.3492063492063492,0.6905709988601731,-260.9844531699565,0.4212837837837838,0.6253378378378378,0.42702702702702705,0.44324324324324327,0.47673986486486486,False
EURUSD1440_comma,daily,50,100,long_short,combined,0.005,-0.0115418074301199,-0.8462879401380784,-1.1427530312460588,-0.05434568022390785,-0.21237764220756605,132,0.2878787878787879,0.7529047322228087,-132.83485999272037,0.5942567567567567,0.28716216216216217,0.40337837837837837,0.577027027027027,0.47672297297297295,False
EURUSD1440_comma,daily,30,100,long_short,slow_slope,0.001,-0.015865987693068462,-0.7172610432818759,-0.9697735880286626,-0.061772077963542164,-0.25684723933736786,145,0.2620689655172414,0.7460901920154027,-157.81029449274752,0.7439189189189189,0.1804054054054054,0.24662162162162163,0.5631756756756757,0.4764695945945946,False
EURUSD1440_comma,daily,5,200,long_short,slow_slope,0.005,-0.017945827974150896,-0.7673402440414292,-1.012909857217852,-0.05023026265878042,-0.35727123499351054,125,0.2,0.6996804138403495,-208.1722486967394,0.6949324324324324,0.3638513513513513,0.18885135135135134,0.4648648648648649,0.4764358108108108,False
EURUSD1440_comma,daily,50,150,long_short,combined,0.001,-0.014868978287951862,-0.8119826014629321,-1.0880806633702975,-0.05277924883723074,-0.281720157363498,180,0.2777777777777778,0.7422222717099956,-118.327095432347,0.643581081081081,0.31925675675675674,0.27804054054054056,0.5570945945945946,0.4764189189189189,False
EURUSD1440_comma,daily,20,200,long_only,price_slow,0.0,-0.008786200798174937,-0.9641370319507364,-1.289673370568126,-0.04155612610666466,-0.21142973663191933,47,0.19148936170212766,0.6588741696075358,-280.72125299046155,0.46993243243243243,0.5064189189189189,0.5388513513513513,0.360472972972973,0.4764189189189189,False
EURUSD1440_comma,daily,5,75,long_short,slow_slope,0.005,-0.01789346640649725,-0.7966399270604748,-1.077792007004335,-0.050751293678219594,-0.3525716313745201,169,0.22485207100591717,0.7478506963770909,-152.44907836148707,0.6614864864864864,0.35405405405405405,0.18952702702702703,0.5679054054054054,0.4761993243243243,False
EURUSD1440_comma,daily,20,50,long_only,price_slow,0.0025,-0.010722795996000234,-1.065510812515632,-1.4481557998829715,-0.032657685989354396,-0.32833912358320805,87,0.21839080459770116,0.7233703030778003,-187.73103166936454,0.377027027027027,0.6347972972972973,0.43986486486486487,0.5209459459459459,0.47562499999999996,False
EURUSD1440_comma,daily,40,75,long_only,price_slow,0.0025,-0.00849537435506209,-1.1006471144736814,-1.5226584813088795,-0.03237723944052863,-0.2623872356587602,68,0.27941176470588236,0.6928753944740281,-188.28001007753775,0.3452702702702703,0.6361486486486486,0.5554054054054054,0.4489864864864865,0.4755743243243243,False
EURUSD1440_comma,daily,75,100,long_only,fast_slope,0.0,-0.00885650572785357,-1.031342217342869,-1.3892013460736814,-0.04049495638644845,-0.2187063900831211,81,0.2716049382716049,0.7113028548148643,-164.10570967271454,0.4064189189189189,0.5253378378378378,0.535472972972973,0.4966216216216216,0.4754898648648649,False
EURUSD1440_comma,daily,40,200,long_short,slow_slope,0.001,-0.018072622123663673,-0.7435262777290614,-0.9749006335082976,-0.05147163776357385,-0.3511180702404918,112,0.2857142857142857,0.6870522840996455,-222.60001093990564,0.720945945945946,0.33952702702702703,0.1858108108108108,0.43175675675675673,0.4751858108108108,False
EURUSD1440_comma,daily,40,75,long_only,fast_slope,0.001,-0.008565816432232976,-1.08895621981657,-1.5136870679881704,-0.038780093118596724,-0.22088179123338147,98,0.2857142857142857,0.7481391797283213,-126.53271651389757,0.35405405405405405,0.5523648648648649,0.5506756756756757,0.5685810810810811,0.4751351351351351,False
EURUSD1440_comma,daily,60,400,long_short,slow_slope,0.0,-0.015569605842324585,-0.751019066705105,-0.9785714341483448,-0.04768395538894892,-0.3265166598560518,68,0.23529411764705882,0.6133249830850552,-273.48496453226727,0.7125,0.3993243243243243,0.2574324324324324,0.25844594594594594,0.47508445945945943,False
EURUSD1440_comma,daily,50,250,long_short,slow_slope,0.001,-0.016318630649733157,-0.7366424863671825,-0.964688560191279,-0.05312795111255848,-0.30715716130591997,96,0.23958333333333334,0.6721290299219682,-233.92255743598102,0.7290540540540541,0.3087837837837838,0.23378378378378378,0.39628378378378376,0.4750168918918919,False
EURUSD1440_comma,daily,40,50,long_short,price_slow,0.005,-0.006269087195761913,-1.1973704871903172,-1.6661411811647877,-0.03507804803131312,-0.17871824538713466,58,0.3275862068965517,0.7600107522631874,-166.59786676628053,0.25574324324324327,0.6047297297297297,0.6665540540540541,0.5878378378378378,0.4749662162162163,False
EURUSD1440_comma,daily,50,75,long_only,combined,0.001,-0.007584009122862612,-1.14256146168964,-1.587384167944318,-0.03377715732074629,-0.22453071023251658,84,0.2857142857142857,0.7124242531995207,-134.33085711693352,0.3064189189189189,0.6199324324324325,0.6091216216216216,0.49864864864864866,0.4741722972972973,False
EURUSD1440_comma,daily,30,400,long_short,slow_slope,0.001,-0.015017112408150624,-0.7576091997252021,-0.9944414998533784,-0.04796592522624109,-0.3130787603349533,68,0.22058823529411764,0.6114588439615875,-264.7521526392195,0.7054054054054054,0.39594594594594595,0.27466216216216216,0.2537162162162162,0.47413851351351355,False
EURUSD1440_comma,daily,50,400,long_short,slow_slope,0.005,-0.01466355068776315,-0.7622311946626655,-0.9937361736541892,-0.046714283882396714,-0.31389865088542646,56,0.17857142857142858,0.5903328460363095,-317.7925286668164,0.7,0.41824324324324325,0.2851351351351351,0.2152027027027027,0.4738682432432432,False
EURUSD1440_comma,daily,30,50,long_short,price_slow,0.0025,-0.015593999417107818,-0.8280023185534722,-1.1256997749023894,-0.05215365654270843,-0.29900107587543645,167,0.25748502994011974,0.7772893597431461,-129.05996000729093,0.6182432432432432,0.32804054054054055,0.2570945945945946,0.6199324324324325,0.47371621621621623,False
EURUSD1440_comma,daily,30,250,long_short,combined,0.005,-0.014752203428906152,-0.9288972035050849,-1.253097645021724,-0.04269441756718657,-0.3455300310793835,199,0.2814070351758794,0.7761744341059251,-103.68954055430412,0.5074324324324324,0.4871621621621622,0.2814189189189189,0.6172297297297298,0.4736317567567568,False
EURUSD1440_comma,daily,75,300,long_short,combined,0.001,-0.014299898958085144,-0.8534468739907539,-1.135648848226532,-0.0480361413700365,-0.29769041705346033,151,0.26490066225165565,0.735558841926693,-130.45888086144544,0.5844594594594594,0.3956081081081081,0.2942567567567568,0.5472972972972973,0.4736317567567567,False
EURUSD1440_comma,daily,10,500,long_only,none,0.005,-0.005771019849439063,-1.0447058497763626,-1.4191451304918938,-0.03663813498729544,-0.15751401787891794,19,0.2631578947368421,0.5895224308359261,-480.51363370422996,0.39425675675675675,0.581418918918919,0.6905405405405406,0.21486486486486486,0.4733952702702703,True
EURUSD1440_comma,daily,10,100,long_short,price_slow,0.005,-0.017984819223499704,-0.7620235891361651,-1.0169103055755595,-0.052722734808774284,-0.3411207572735133,123,0.22764227642276422,0.7145153051677338,-203.39151725853398,0.7003378378378379,0.3199324324324324,0.18783783783783783,0.5030405405405406,0.47314189189189193,False
EURUSD1440_comma,daily,30,150,long_only,combined,0.0,-0.006845159668609213,-1.18597744016491,-1.605960492256251,-0.03360390455499562,-0.2037013186192852,89,0.30337078651685395,0.7410754774696122,-117.70176635947503,0.2652027027027027,0.6206081081081081,0.6415540540540541,0.5547297297297298,0.4727533783783784,False
EURUSD1440_comma,daily,75,300,long_short,combined,0.0,-0.01433937636810878,-0.8530974978091276,-1.1356132589027723,-0.04809591452800829,-0.29814125604698405,151,0.2582781456953642,0.7334583985617753,-130.66483427562008,0.5847972972972973,0.3945945945945946,0.2929054054054054,0.5429054054054054,0.4725844594594595,False
EURUSD1440_comma,daily,50,250,long_short,slow_slope,0.0,-0.016538294262419484,-0.7304631589071932,-0.9608902434483767,-0.05364074757518187,-0.30831587943922145,105,0.22857142857142856,0.669774172928062,-214.99407847939074,0.7347972972972973,0.30033783783783785,0.22533783783783784,0.3898648648648649,0.47255067567567566,False
EURUSD1440_comma,daily,20,50,long_only,slow_slope,0.0025,-0.009898422906007287,-1.0494018103466263,-1.4370629243194664,-0.03850306143270739,-0.2570814511284244,86,0.2441860465116279,0.7314278561659261,-173.84021122433126,0.3902027027027027,0.5564189189189189,0.4810810810810811,0.5381756756756757,0.47212837837837845,False
EURUSD1440_comma,daily,40,50,long_short,price_slow,0.001,-0.014747707910717334,-0.8166971035666251,-1.1125232227578727,-0.05701813362448631,-0.2586494326146088,204,0.25980392156862747,0.7979689045548373,-100.93924257010104,0.635472972972973,0.25101351351351353,0.28175675675675677,0.6557432432432433,0.4716554054054054,False
EURUSD1440_comma,daily,60,400,long_short,slow_slope,0.001,-0.015681879427177914,-0.7572835982857776,-0.9860909854481127,-0.04759789358830859,-0.3294658281060957,66,0.19696969696969696,0.6114476948798336,-282.402117854776,0.706418918918919,0.40168918918918917,0.2533783783783784,0.25304054054054054,0.4716216216216216,False
EURUSD1440_comma,daily,60,200,long_short,combined,0.005,-0.015453246353722916,-0.866381346030644,-1.139432782152987,-0.04564286362834115,-0.3385687295949479,150,0.2733333333333333,0.7379704288560479,-152.867316090925,0.5695945945945946,0.43513513513513513,0.2611486486486487,0.5506756756756757,0.4714527027027027,False
EURUSD1440_comma,daily,10,400,long_short,slow_slope,0.005,-0.015107391303329831,-0.7787485564881833,-1.018846387446605,-0.04623162185564918,-0.32677614794696663,63,0.20634920634920634,0.6137839866515402,-300.7750351675344,0.6807432432432432,0.4243243243243243,0.27094594594594595,0.2591216216216216,0.4714358108108108,False
EURUSD1440_comma,daily,100,200,long_short,combined,0.001,-0.014077110491549027,-0.7913636736472993,-1.0285543818374057,-0.056608312215194426,-0.2486756792542305,128,0.2734375,0.7254411310944896,-166.56669900272487,0.6675675675675675,0.2591216216216216,0.3016891891891892,0.5246621621621622,0.4708445945945946,False
EURUSD1440_comma,daily,75,200,long_only,none,0.0,-0.00714181055672003,-0.9181930022070536,-1.1977730825448267,-0.046489737029828636,-0.15362122939387068,13,0.38461538461538464,0.5943219005261807,-835.0745894610699,0.5179054054054054,0.42027027027027025,0.6273648648648649,0.22027027027027027,0.47074324324324324,True
EURUSD1440_comma,daily,20,75,long_short,price_slow,0.0025,-0.017602173746084637,-0.7680339548580302,-1.0428381756385352,-0.05460741599906949,-0.3223403529363956,160,0.21875,0.7410838241239539,-157.1381368516997,0.6932432432432433,0.2827702702702703,0.1972972972972973,0.5550675675675676,0.47070945945945947,False
EURUSD1440_comma,daily,10,250,long_only,none,0.001,-0.008355641307969508,-0.9491860178447439,-1.268921015076464,-0.04338048659262835,-0.192612899583966,25,0.2,0.6301815496393737,-503.49463825352433,0.4868243243243243,0.4756756756756757,0.5658783783783784,0.2918918918918919,0.47060810810810816,False
EURUSD1440_comma,daily,100,400,long_only,none,0.005,-0.004482356002212695,-0.9923470871423228,-1.3415360442113464,-0.03754977493972182,-0.11937104841262469,7,0.42857142857142855,0.36495909314906416,-992.7877738533069,0.4418918918918919,0.5695945945945946,0.7385135135135135,0.024662162162162164,0.4705574324324325,True
EURUSD1440_comma,daily,30,50,long_only,price_slow,0.0025,-0.008728772975608368,-1.13541251871472,-1.571935284054733,-0.03352985195485371,-0.26032840787252,81,0.2222222222222222,0.732673782505201,-162.66404368757998,0.31317567567567567,0.6226351351351351,0.5429054054054054,0.5402027027027027,0.47054054054054056,False
EURUSD1440_comma,daily,75,500,long_short,fast_slope,0.0,-0.014284889864802364,-0.8773020550528811,-1.1655648370774832,-0.045273473233881596,-0.3155244968948371,139,0.2589928057553957,0.7236403143627919,-138.41944378639556,0.5567567567567567,0.4418918918918919,0.29493243243243245,0.5219594594594594,0.47045608108108106,False
EURUSD1440_comma,daily,60,200,long_short,slow_slope,0.005,-0.017544676728890485,-0.7718794897424189,-0.9997013570291726,-0.048822817872825025,-0.35935403758528084,85,0.23529411764705882,0.6698231655886053,-284.4607113740667,0.6898648648648649,0.3841216216216216,0.1983108108108108,0.39054054054054055,0.4702195945945946,False
EURUSD1440_comma,daily,10,75,long_only,price_slow,0.0,-0.011463470211862892,-0.9811630864019059,-1.3438334029674561,-0.03742006381148779,-0.30634555487699777,100,0.2,0.6866268476188517,-170.90339859847387,0.4527027027027027,0.5702702702702702,0.4060810810810811,0.4304054054054054,0.4694256756756756,False
EURUSD1440_comma,daily,30,50,long_only,price_slow,0.0,-0.010913465368094344,-1.0449947205212098,-1.4498457753228775,-0.036511988680832254,-0.2989008750932156,113,0.19469026548672566,0.7266866939228775,-145.64911188841927,0.3939189189189189,0.5827702702702703,0.4314189189189189,0.5304054054054054,0.4691047297297297,False
EURUSD1440_comma,daily,30,300,long_only,fast_slope,0.0025,-0.005818701598749532,-1.2643084033372147,-1.756042215475154,-0.031139481607010723,-0.18685929561009496,83,0.3253012048192771,0.7561771299308321,-107.61564483505063,0.20304054054054055,0.6513513513513514,0.6888513513513513,0.581081081081081,0.4689864864864865,False
EURUSD1440_comma,daily,10,100,long_short,none,0.0,-0.022447749710548526,-0.7198538020192622,-0.9935952198712412,-0.052168003567465746,-0.4302972737210118,89,0.24719101123595505,0.69233254248064,-339.0225709627031,0.7418918918918919,0.3273648648648649,0.11486486486486487,0.44797297297297295,0.4687668918918919,False
EURUSD1440_comma,daily,50,200,long_short,slow_slope,0.001,-0.018710001806635623,-0.7513223380204598,-0.9837860427638903,-0.05133510312630119,-0.3644679890990553,112,0.2857142857142857,0.6841000681487784,-229.15359170841936,0.7118243243243243,0.3402027027027027,0.17331081081081082,0.42736486486486486,0.46854729729729727,False
EURUSD1440_comma,daily,10,250,long_short,slow_slope,0.001,-0.017013023586556764,-0.7404562495663306,-0.9832081367736569,-0.053965559511559354,-0.31525705914181423,114,0.20175438596491227,0.6779140191642855,-205.12688085844957,0.7256756756756757,0.2945945945945946,0.21283783783783783,0.41283783783783784,0.4684121621621622,False
EURUSD1440_comma,daily,60,250,long_short,fast_slope,0.0,-0.016558370586792104,-0.8257396167413845,-1.0806596346638586,-0.04920756586161791,-0.3365005014342255,163,0.294478527607362,0.7260238542069534,-146.77993850272745,0.6239864864864865,0.3777027027027027,0.225,0.5280405405405405,0.4682263513513513,False
EURUSD1440_comma,daily,75,500,long_only,slow_slope,0.005,-0.0036455911752087955,-1.1561429404352832,-1.5560147207129278,-0.022679691161669093,-0.1607425405055869,13,0.46153846153846156,0.439278495346105,-437.5056980337388,0.29662162162162165,0.7439189189189189,0.772972972972973,0.05945945945945946,0.4681418918918919,True
EURUSD1440_comma,daily,10,500,long_only,none,0.001,-0.006111240937266449,-1.0107056395648422,-1.3771266621868,-0.03622043173940896,-0.16872358069153626,17,0.29411764705882354,0.5168042378893596,-572.4147371680216,0.42162162162162165,0.5885135135135136,0.672972972972973,0.11790540540540541,0.4680574324324325,True
EURUSD1440_comma,daily,50,400,long_short,fast_slope,0.001,-0.01568148228914601,-0.887531476282554,-1.1951400869098339,-0.044955893330286885,-0.3488192787970106,170,0.2647058823529412,0.7551681607864206,-132.0659617527359,0.5456081081081081,0.4472972972972973,0.2537162162162162,0.5793918918918919,0.46771959459459467,False
EURUSD1440_comma,daily,50,500,long_only,none,0.001,-0.005383966577929167,-0.9839943787106599,-1.3248841076016629,-0.03971520413946326,-0.1355643687244542,9,0.4444444444444444,0.4653134306857161,-849.7524622977547,0.45,0.5371621621621622,0.7057432432432432,0.07804054054054053,0.4671452702702703,True
EURUSD1440_comma,daily,5,50,long_only,price_slow,0.005,-0.01093305209602069,-1.0295346391382798,-1.4085802433374595,-0.037855844713373756,-0.28880750591620663,89,0.23595505617977527,0.7147388355998819,-188.4094333614613,0.40912162162162163,0.5672297297297297,0.4304054054054054,0.5037162162162162,0.4670945945945947,False
EURUSD1440_comma,daily,30,250,long_only,none,0.005,-0.007442651955993362,-0.9938171851199766,-1.329429906015482,-0.036424265526804535,-0.20433224523130966,16,0.3125,0.5403332625597375,-705.5036872308749,0.439527027027027,0.5844594594594594,0.6135135135135135,0.14391891891891892,0.4662162162162162,True
EURUSD1440_comma,daily,10,150,long_only,none,0.0,-0.010261720931680762,-0.9271014206620957,-1.2397110468187567,-0.04562143253229306,-0.22493201905523286,34,0.20588235294117646,0.6747737625545552,-427.5890417571764,0.5091216216216217,0.43614864864864866,0.4648648648648649,0.40337837837837837,0.46616554054054055,False
EURUSD1440_comma,daily,40,50,long_only,fast_slope,0.001,-0.009005828643509961,-1.0828986890618915,-1.4993981614175593,-0.03827324321427142,-0.23530351460134025,89,0.33707865168539325,0.7171135254254646,-152.4050320270994,0.35945945945945945,0.5614864864864865,0.5277027027027027,0.5094594594594595,0.46611486486486486,False
EURUSD1440_comma,daily,40,300,long_only,price_slow,0.005,-0.00572677048551562,-1.053712398166144,-1.4068967238119727,-0.04114006237178012,-0.1392017939536202,29,0.20689655172413793,0.63032621566291,-303.34447028649697,0.3881756756756757,0.5131756756756757,0.6925675675675675,0.2925675675675676,0.4659628378378379,False
EURUSD1440_comma,daily,10,50,long_only,fast_slope,0.0025,-0.009114664539344397,-1.1212422368820407,-1.5812059789179669,-0.03944315240776307,-0.23108357174692962,153,0.32679738562091504,0.7837460970506364,-87.16448505382353,0.33006756756756755,0.5405405405405406,0.5192567567567568,0.6327702702702702,0.46592905405405405,False
EURUSD1440_comma,daily,75,400,long_only,none,0.005,-0.0048459526294434285,-0.9875161513472434,-1.3266055938576335,-0.04109555618291055,-0.11791913967229872,10,0.5,0.4837001318327853,-749.2911641426317,0.4462837837837838,0.514527027027027,0.7239864864864864,0.08851351351351351,0.4652195945945946,True
EURUSD1440_comma,daily,75,200,long_only,none,0.001,-0.007149585533496983,-0.9357151851541519,-1.2204516261273104,-0.04426717308499635,-0.16150987368832503,13,0.38461538461538464,0.5544825418890085,-835.9354939836464,0.5003378378378378,0.4591216216216216,0.6263513513513513,0.16114864864864864,0.4643581081081081,True
EURUSD1440_comma,daily,40,50,long_short,none,0.0,-0.021092726599051925,-0.6923670053011693,-0.9760152314694275,-0.060852304274446135,-0.34662165797244016,138,0.35507246376811596,0.7448199604323743,-205.4803551486834,0.7621621621621621,0.19358108108108107,0.1341216216216216,0.5601351351351351,0.46410472972972966,False
EURUSD1440_comma,daily,20,75,long_short,price_slow,0.001,-0.01891420246718667,-0.7599562635137904,-1.034514643410127,-0.05410787902724429,-0.34956466243415363,178,0.19101123595505617,0.7173750495798864,-152.8631282240669,0.7023648648648648,0.29121621621621624,0.16858108108108108,0.5097972972972973,0.4639358108108108,False
EURUSD1440_comma,daily,50,400,long_short,slow_slope,0.0025,-0.015633825552306524,-0.7642977225844002,-0.9927052971681133,-0.048121407815163546,-0.324882962949811,63,0.20634920634920634,0.6020424078663582,-304.33589947009915,0.6976351351351351,0.3939189189189189,0.2543918918918919,0.23445945945945945,0.4635810810810811,False
EURUSD1440_comma,daily,40,100,long_only,slow_slope,0.0025,-0.00911117459351296,-1.0605965778436337,-1.4340912290671606,-0.036301717206840625,-0.2509846722015693,61,0.26229508196721313,0.6735881481057086,-223.75535579692854,0.3820945945945946,0.5864864864864865,0.5195945945945946,0.3993243243243243,0.46327702702702706,False
EURUSD1440_comma,daily,10,300,long_only,price_slow,0.005,-0.0066204155171273316,-1.0179113363047438,-1.3816609581905237,-0.043289327668586654,-0.15293412657761152,27,0.2222222222222222,0.6385333312169729,-374.16402892889283,0.41655405405405405,0.47635135135135137,0.6516891891891892,0.310472972972973,0.46261824324324324,False
EURUSD1440_comma,daily,5,50,long_only,price_slow,0.0025,-0.012505799351058222,-1.0062224695546647,-1.3780163270094963,-0.03691674467155071,-0.33875682870531143,100,0.2,0.7138204263354307,-186.05742005325857,0.4260135135135135,0.5766891891891892,0.360472972972973,0.5016891891891891,0.46192567567567566,False
EURUSD1440_comma,daily,30,100,long_only,slow_slope,0.001,-0.009522271702106733,-1.036976271433385,-1.4143808736909231,-0.03865645929386949,-0.24633067477074566,73,0.273972602739726,0.6795824829598552,-194.81750860895278,0.4006756756756757,0.5540540540540541,0.5,0.4185810810810811,0.46157094594594594,False
EURUSD1440_comma,daily,60,300,long_only,price_slow,0.0025,-0.005650971134842475,-1.04888897292824,-1.3979202558812809,-0.041848680926418406,-0.13503343497919207,31,0.1935483870967742,0.6165714974956691,-280.1757374801085,0.3918918918918919,0.5010135135135135,0.6956081081081081,0.2641891891891892,0.46076013513513525,False
EURUSD1440_comma,daily,40,100,long_short,fast_slope,0.001,-0.016096855762001927,-0.8068362756692428,-1.099239480178057,-0.05682001360050375,-0.28329552814220404,188,0.2765957446808511,0.7606554524275677,-115.2424471333922,0.6513513513513514,0.2543918918918919,0.24054054054054055,0.589527027027027,0.4606756756756757,False
EURUSD1440_comma,daily,40,50,long_short,combined,0.005,-0.006638883962805653,-1.208105882234048,-1.6801857085616991,-0.03615857749584735,-0.18360467757804078,59,0.3220338983050847,0.7490240655515811,-173.04339619874958,0.2435810810810811,0.5898648648648649,0.6513513513513514,0.5699324324324324,0.4606587837837838,False
EURUSD1440_comma,daily,30,300,long_only,slow_slope,0.0,-0.0068042773318246486,-1.0538568208020018,-1.4503983593105563,-0.04080537323161442,-0.1667495428409158,40,0.175,0.6384217494258426,-259.2208071350391,0.38716216216216215,0.5192567567567568,0.6456081081081081,0.30945945945945946,0.4602195945945946,False
EURUSD1440_comma,daily,100,200,long_only,price_slow,0.0,-0.00651923733818649,-1.0103510725459866,-1.3354091330328484,-0.04594797101020534,-0.1418830297585616,42,0.23809523809523808,0.6540373198344333,-237.03599626839457,0.4222972972972973,0.4314189189189189,0.6550675675675676,0.34797297297297297,0.4599831081081081,False
EURUSD1440_comma,daily,30,250,long_short,combined,0.001,-0.01574724334494959,-0.9241210831121665,-1.2482901309398315,-0.045041766860458694,-0.3496142456785769,219,0.273972602739726,0.7725210566918898,-99.32674764999048,0.5138513513513514,0.44594594594594594,0.25,0.6114864864864865,0.45875000000000005,False
EURUSD1440_comma,daily,5,300,long_only,price_slow,0.001,-0.00781324629580793,-1.003022069804704,-1.3573675051554213,-0.042678811980401306,-0.18307084788104877,40,0.125,0.6350220220939038,-295.44082290828,0.4297297297297297,0.48783783783783785,0.5949324324324324,0.3047297297297297,0.4585472972972974,False
EURUSD1440_comma,daily,75,150,long_only,fast_slope,0.0025,-0.007120044587354268,-1.0866312925134176,-1.4367338052496552,-0.04465447262954048,-0.15944751260244672,62,0.3064516129032258,0.7206721139367344,-174.59082965769215,0.35574324324324325,0.45135135135135135,0.6287162162162162,0.5155405405405405,0.45820945945945946,False
EURUSD1440_comma,daily,40,200,long_short,slow_slope,0.0,-0.019419111973778658,-0.7549955253926676,-0.9918617030422755,-0.0529237240406783,-0.3669264082560161,122,0.27049180327868855,0.6862524557523402,-219.2500049619294,0.7084459459459459,0.3141891891891892,0.15912162162162163,0.4293918918918919,0.4581587837837838,False
EURUSD1440_comma,daily,100,150,long_only,fast_slope,0.0,-0.007288575452278678,-1.0435713558336532,-1.3842929971416191,-0.04746826699918668,-0.15354627234239582,69,0.30434782608695654,0.7111797228334461,-160.39144251635432,0.3956081081081081,0.4047297297297297,0.6199324324324325,0.4962837837837838,0.4578547297297297,False
EURUSD1440_comma,daily,40,500,long_only,combined,0.0025,-0.003539230175308994,-1.4948302625493763,-2.0945063841772713,-0.029771723144264083,-0.11887891601567824,66,0.2878787878787879,0.8107418590933362,-73.67975702137562,0.08277027027027027,0.6695945945945946,0.7766891891891892,0.6797297297297298,0.45780405405405405,False
EURUSD1440_comma,daily,60,200,long_short,slow_slope,0.0,-0.01941073777998059,-0.7555969589834473,-0.9826879706696476,-0.05276385802700142,-0.36787942553494335,119,0.2773109243697479,0.6791969799116371,-220.11839922859775,0.7081081081081081,0.3195945945945946,0.15945945945945947,0.41655405405405405,0.4575168918918919,False
EURUSD1440_comma,daily,30,50,long_short,price_slow,0.005,-0.01251700336720718,-0.8897323960249872,-1.199878928022472,-0.05265014290026332,-0.23773920976660023,117,0.3333333333333333,0.7583771775248701,-154.20528882429883,0.5432432432432432,0.3212837837837838,0.3597972972972973,0.5847972972972973,0.45729729729729734,False
EURUSD1440_comma,daily,20,500,long_only,price_slow,0.0,-0.0063053695610854055,-1.0419303481420528,-1.4192598897371895,-0.03759367329688942,-0.16772422080943938,26,0.19230769230769232,0.5510887226204304,-408.15631861965323,0.3966216216216216,0.5689189189189189,0.6641891891891892,0.1570945945945946,0.45728040540540543,False
EURUSD1440_comma,daily,10,50,long_short,slow_slope,0.005,-0.017513121940200493,-0.8052223356772299,-1.0868715338843926,-0.05498142167926516,-0.3185279937351114,180,0.2722222222222222,0.7502263563855193,-143.20996954581815,0.6527027027027027,0.2797297297297297,0.19966216216216215,0.5726351351351351,0.4568412162162162,False
EURUSD1440_comma,daily,10,400,long_only,none,0.0025,-0.0076155202141285905,-1.0203172557242688,-1.393017889507674,-0.03798508541491331,-0.2004871156914304,22,0.2727272727272727,0.570364720848627,-524.3388728269689,0.4141891891891892,0.5652027027027027,0.6070945945945946,0.18614864864864866,0.4563175675675676,False
EURUSD1440_comma,daily,60,250,long_short,slow_slope,0.0,-0.016839099732477214,-0.7384039707835786,-0.9693766502603781,-0.055263342954277955,-0.3047064985990626,103,0.24271844660194175,0.6559858864502912,-220.46760272547237,0.7277027027027027,0.27466216216216216,0.2179054054054054,0.3527027027027027,0.4562331081081081,False
EURUSD1440_comma,daily,30,200,long_only,fast_slope,0.005,-0.005886615991731459,-1.2262698964460153,-1.6614859544085565,-0.038322110437042964,-0.1536088676901607,82,0.3170731707317073,0.757296151317871,-110.14378133389823,0.22905405405405405,0.5608108108108109,0.6847972972972973,0.5824324324324325,0.45614864864864874,False
EURUSD1440_comma,daily,5,100,long_short,slow_slope,0.001,-0.020080179467030335,-0.7729538277166351,-1.0326233817451052,-0.05255424368017949,-0.38208483389522074,184,0.24456521739130435,0.7013255808059068,-151.27665602427433,0.6878378378378378,0.3219594594594595,0.15,0.46824324324324323,0.4558614864864865,False
EURUSD1440_comma,daily,50,400,long_short,slow_slope,0.0,-0.016152245012682087,-0.7623709511532596,-0.9939250148066597,-0.04913389650673168,-0.3287393461755902,69,0.2318840579710145,0.5956841189155287,-282.30376461736273,0.6996621621621621,0.37905405405405407,0.23851351351351352,0.22297297297297297,0.4557770270270271,False
EURUSD1440_comma,daily,30,50,long_only,slow_slope,0.0,-0.010757791840053432,-0.9982127123264873,-1.3834677051510174,-0.04541340361135986,-0.2368858307145788,108,0.24074074074074073,0.7469675432435624,-149.31605742414033,0.4337837837837838,0.43885135135135134,0.4375,0.5648648648648649,0.45545608108108104,False
EURUSD1440_comma,daily,60,400,long_short,slow_slope,0.005,-0.015391367702051517,-0.7684627728470377,-0.9975427138982987,-0.048454829831311205,-0.3176436230533558,54,0.16666666666666666,0.571621871108763,-343.6457640450732,0.6929054054054054,0.3885135135135135,0.26385135135135135,0.1885135135135135,0.4553378378378378,False
EURUSD1440_comma,daily,30,200,long_short,fast_slope,0.001,-0.01573002901418019,-0.856250209922396,-1.138374503192363,-0.05313531896863012,-0.29603716171284944,211,0.3222748815165877,0.7838926549685123,-103.06561208013787,0.5827702702702703,0.30844594594594593,0.25033783783783786,0.6331081081081081,0.45525337837837837,False
EURUSD1440_comma,daily,10,50,long_only,price_slow,0.005,-0.011381564726816062,-1.070281825556318,-1.4537248923986683,-0.03490174226784651,-0.32610305352295876,81,0.2962962962962963,0.7091265516595388,-209.63124959128348,0.3712837837837838,0.6067567567567568,0.4081081081081081,0.4885135135135135,0.4551013513513514,False
EURUSD1440_comma,daily,75,500,long_only,none,0.0,-0.005955718057764625,-0.9812216797302815,-1.321314110016944,-0.03899830044883555,-0.1527173745834982,7,0.14285714285714285,0.23229343380233597,-1559.4751918834695,0.4523648648648649,0.5483108108108108,0.6814189189189189,0.004391891891891892,0.4549662162162162,True
EURUSD1440_comma,daily,100,300,long_only,fast_slope,0.001,-0.005868662877046016,-1.1947333238760702,-1.6068873491369469,-0.03834312080336548,-0.1530564741232776,69,0.2608695652173913,0.7102608959379398,-130.51371947464068,0.25844594594594594,0.5597972972972973,0.6861486486486487,0.49358108108108106,0.4545945945945946,False
EURUSD1440_comma,daily,40,250,long_only,none,0.005,-0.006398522303018961,-0.9844479506618428,-1.2983979727588493,-0.04424054674723312,-0.14463027185393307,14,0.5,0.5705375152122842,-698.5665473082926,0.4486486486486487,0.4594594594594595,0.6601351351351351,0.1864864864864865,0.45432432432432435,True
EURUSD1440_comma,daily,60,250,long_short,slow_slope,0.001,-0.01729049532982674,-0.7543999311129372,-0.9928939308403919,-0.053569025815121345,-0.32277038954376536,98,0.23469387755102042,0.6604012728143915,-239.64604010943643,0.7087837837837838,0.30067567567567566,0.20405405405405405,0.3641891891891892,0.4541216216216217,False
EURUSD1440_comma,daily,50,400,long_short,slow_slope,0.001,-0.0163535741783436,-0.7673803948742988,-0.9985082557959507,-0.048741085382514385,-0.33551928624491323,66,0.22727272727272727,0.5962197010781731,-299.84444544029094,0.6945945945945946,0.3847972972972973,0.23141891891891891,0.22432432432432434,0.45396959459459457,False
EURUSD1440_comma,daily,75,300,long_only,fast_slope,0.001,-0.00597763653823713,-1.1779475130038088,-1.5943464148342659,-0.04133205131555991,-0.14462472458962572,66,0.2878787878787879,0.7311010321311928,-138.8672527661695,0.2733108108108108,0.5108108108108108,0.6793918918918919,0.5378378378378378,0.4535810810810811,False
EURUSD1440_comma,daily,60,300,long_only,none,0.005,-0.006838575735727104,-1.0144608029038646,-1.3563895782227082,-0.040021861080446586,-0.17087100777200526,12,0.4166666666666667,0.5551528357957527,-868.2038658329387,0.41993243243243245,0.5307432432432433,0.6418918918918919,0.1625,0.4534121621621621,True
EURUSD1440_comma,daily,10,200,long_only,none,0.0025,-0.008918930756608434,-0.9452267884881153,-1.2582573770441199,-0.04925181545713426,-0.18108836545062834,33,0.21212121212121213,0.6631792820795466,-405.45695598154543,0.4925675675675676,0.3766891891891892,0.5320945945945946,0.3706081081081081,0.45320945945945945,False
EURUSD1440_comma,daily,75,250,long_short,combined,0.0,-0.016537410319454993,-0.8647272949098487,-1.137982581120579,-0.04755846125131675,-0.34772803586022505,177,0.24293785310734464,0.724032183625243,-132.95310713160112,0.5722972972972973,0.40304054054054056,0.22567567567567567,0.5222972972972973,0.45315878378378377,False
EURUSD1440_comma,daily,75,200,long_only,fast_slope,0.0025,-0.005994961962661471,-1.126857599586053,-1.48618366307839,-0.04532873145972456,-0.13225523348228063,60,0.3,0.7254751505105739,-153.17698880894446,0.32094594594594594,0.4408783783783784,0.6780405405405405,0.5253378378378378,0.4530067567567568,False
EURUSD1440_comma,daily,30,400,long_short,fast_slope,0.001,-0.015461308281515596,-0.9108412068605478,-1.2186463821734579,-0.047641729588267734,-0.32453289196543156,194,0.30412371134020616,0.7706364078386289,-108.98059792788098,0.522972972972973,0.39966216216216216,0.26047297297297295,0.6084459459459459,0.4524662162162162,False
EURUSD1440_comma,daily,50,200,long_short,slow_slope,0.005,-0.018455734227691978,-0.7738343743710988,-1.001172084975594,-0.05150416885839229,-0.35833476467574776,89,0.24719101123595505,0.6670128208018818,-289.1052610742045,0.6864864864864865,0.33885135135135136,0.17804054054054055,0.38344594594594594,0.4524324324324325,False
EURUSD1440_comma,daily,40,100,long_only,fast_slope,0.0,-0.009414733934468789,-1.1218437581675509,-1.5556400315109713,-0.036258284568162075,-0.25965745612619917,100,0.31,0.707808155418067,-141.17795394761694,0.3287162162162162,0.5871621621621622,0.5060810810810811,0.4851351351351351,0.45226351351351357,False
EURUSD1440_comma,daily,75,150,long_only,combined,0.0025,-0.007436444207166049,-1.1370448127378674,-1.5028905480992634,-0.040655485980812534,-0.18291367149505233,64,0.328125,0.7109127527691014,-176.23691988314772,0.31114864864864866,0.5219594594594594,0.6138513513513514,0.4956081081081081,0.4520608108108108,False
EURUSD1440_comma,daily,10,250,long_only,none,0.0025,-0.00862195359214657,-0.9666060150267758,-1.2900377048678726,-0.044331729669733935,-0.19448719137238923,25,0.2,0.6248188720628518,-518.5195784314006,0.4668918918918919,0.4570945945945946,0.5469594594594595,0.27702702702702703,0.4519763513513514,False
EURUSD1440_comma,daily,40,400,long_short,slow_slope,0.0,-0.015809170106952486,-0.7627586641494626,-1.0005012321885807,-0.04976623209944451,-0.31766861665078616,68,0.22058823529411764,0.5793986575796662,-277.0591130678559,0.6989864864864865,0.3706081081081081,0.24864864864864866,0.19966216216216215,0.4519256756756757,False
EURUSD1440_comma,daily,5,100,long_short,none,0.0025,-0.021698839778455437,-0.7478203847571899,-1.0150873132459206,-0.054436685536798625,-0.39860692407121756,125,0.208,0.6967843071821209,-236.80864428486151,0.7162162162162162,0.2864864864864865,0.12466216216216217,0.4591216216216216,0.4519087837837838,False
EURUSD1440_comma,daily,5,50,long_only,none,0.0025,-0.013257516712219863,-0.9902153862207993,-1.3413105974798394,-0.03843842937545832,-0.344902664537182,82,0.23170731707317074,0.6939278109176444,-238.94511501968722,0.44425675675675674,0.5577702702702703,0.3324324324324324,0.452027027027027,0.4514358108108108,False
EURUSD1440_comma,daily,40,100,long_short,combined,0.0,-0.01560303954567488,-0.8367695615177209,-1.1379911929229547,-0.05532227360242515,-0.2820390148424936,210,0.2523809523809524,0.7606651700584597,-102.76423151490438,0.6081081081081081,0.27297297297297296,0.25641891891891894,0.5898648648648649,0.45125,False
EURUSD1440_comma,daily,30,250,long_short,combined,0.0,-0.016328616708026544,-0.9289933989061918,-1.2527910678639311,-0.045155982113576014,-0.3616047297334143,222,0.2702702702702703,0.76896152081381,-101.419380812399,0.5070945945945946,0.44425675675675674,0.23310810810810811,0.6047297297297297,0.4512331081081081,False
EURUSD1440_comma,daily,40,100,long_only,combined,0.005,-0.006809142412661395,-1.253886916025222,-1.7248955494594662,-0.0295852911547042,-0.23015296273596786,73,0.3150684931506849,0.7036807245120491,-142.13522465973972,0.20844594594594595,0.6706081081081081,0.6449324324324325,0.47162162162162163,0.45076013513513513,False
EURUSD1440_comma,daily,30,200,long_short,fast_slope,0.0,-0.016894937430612544,-0.8649445168223274,-1.1500007591455077,-0.05114777134491557,-0.33031619924710587,218,0.3211009174311927,0.774432834884828,-106.0318828160595,0.5719594594594595,0.34594594594594597,0.21621621621621623,0.614527027027027,0.4506925675675676,False
EURUSD1440_comma,daily,10,50,long_short,price_slow,0.001,-0.02292363111826179,-0.7854590283247245,-1.0725597482344083,-0.0537092116618586,-0.42681004633960995,225,0.23555555555555555,0.7450991861143899,-133.80495912564538,0.6739864864864865,0.2993243243243243,0.11013513513513513,0.5604729729729729,0.4505236486486487,False
EURUSD1440_comma,daily,75,200,long_short,slow_slope,0.001,-0.019211613374886305,-0.7647516876988907,-0.985880105790207,-0.052271680281949014,-0.3675338782158999,108,0.26851851851851855,0.667971583269575,-240.21446283847501,0.6972972972972973,0.32432432432432434,0.1625,0.38547297297297295,0.4503209459459459,False
EURUSD1440_comma,daily,30,250,long_short,fast_slope,0.0,-0.016602096301639113,-0.8768839223072492,-1.170439380556571,-0.050272814520950594,-0.33024004046402433,211,0.3080568720379147,0.7714639293958651,-108.15238113566248,0.5587837837837838,0.3621621621621622,0.22263513513513514,0.6108108108108108,0.45020270270270274,False
EURUSD1440_comma,daily,75,300,long_short,combined,0.0025,-0.015200713122908827,-0.8715020114326849,-1.1607381400523447,-0.04936729662898376,-0.3079105837443086,150,0.25333333333333335,0.7195068022146753,-139.24313183997504,0.5638513513513513,0.37533783783783786,0.2679054054054054,0.514527027027027,0.4501351351351352,False
EURUSD1440_comma,daily,30,200,long_short,slow_slope,0.0025,-0.018244935030244935,-0.7512906073160289,-0.9886604251526503,-0.05638956416302119,-0.3235516234439969,106,0.22641509433962265,0.6799080243087093,-232.56855843593036,0.7121621621621622,0.2625,0.18277027027027026,0.4189189189189189,0.4498817567567568,False
EURUSD1440_comma,daily,75,100,long_short,price_slow,0.005,-0.011963999564824745,-0.9314328370341971,-1.2507247714248004,-0.045548970808472464,-0.2626623467549205,75,0.25333333333333335,0.6769530906597708,-230.5020308100086,0.5043918918918919,0.43783783783783786,0.3810810810810811,0.4101351351351351,0.4489527027027027,False
EURUSD1440_comma,daily,40,150,long_only,combined,0.005,-0.006505456699905099,-1.2404582361589158,-1.6809582012203175,-0.03222905232461426,-0.20185069776118403,68,0.3382352941176471,0.6999835625170636,-146.11006027232952,0.22027027027027027,0.6381756756756757,0.6557432432432433,0.4652027027027027,0.44858108108108113,False
EURUSD1440_comma,daily,100,300,long_only,none,0.0025,-0.006708599649898561,-0.9591514018534781,-1.2804104146537825,-0.04363715760154617,-0.15373594474588004,9,0.4444444444444444,0.4535511805150387,-1136.6993577633411,0.4760135135135135,0.46925675675675677,0.6493243243243243,0.07128378378378378,0.44827702702702704,True
EURUSD1440_comma,daily,50,100,long_only,price_slow,0.001,-0.009806835464995833,-1.069923530961071,-1.4373242929351302,-0.036222071183681044,-0.27074198532893556,77,0.24675324675324675,0.6632039652405796,-185.73640069532138,0.37195945945945946,0.5881756756756756,0.4837837837837838,0.3712837837837838,0.44827702702702704,False
EURUSD1440_comma,daily,100,200,long_only,price_slow,0.001,-0.00624280771364194,-1.017273738522837,-1.3488659573998316,-0.046721434042110016,-0.13361763913357838,39,0.23076923076923078,0.6282785342255051,-244.94796011417034,0.4172297297297297,0.4175675675675676,0.6672297297297297,0.2875,0.44785472972972973,False
EURUSD1440_comma,daily,10,500,long_only,price_slow,0.0,-0.006955699347763744,-1.0349640593452898,-1.4081496311777761,-0.03909931278395777,-0.17789825069809484,30,0.16666666666666666,0.543997000257907,-370.3949686046328,0.40304054054054056,0.5466216216216216,0.6378378378378379,0.14695945945945946,0.44748310810810815,False
EURUSD1440_comma,daily,100,200,long_only,none,0.0,-0.008159808741649344,-0.9167682921254168,-1.1898939863587763,-0.048563448421780515,-0.16802366814605574,13,0.46153846153846156,0.5657809742553317,-946.9370950344934,0.518918918918919,0.3864864864864865,0.5793918918918919,0.17804054054054055,0.44677364864864866,True
EURUSD1440_comma,daily,100,400,long_only,none,0.0,-0.00643608743616253,-0.9868324844382574,-1.318374154696869,-0.039486515683226045,-0.16299456472166252,7,0.42857142857142855,0.2503993024483139,-1404.9435105662453,0.4472972972972973,0.5402027027027027,0.6581081081081082,0.006756756756756757,0.44660472972972975,True
EURUSD1440_comma,daily,75,100,long_short,slow_slope,0.0025,-0.016332455498365483,-0.7894901498343482,-1.0360589527072794,-0.05623130437256359,-0.2904513007586291,85,0.25882352941176473,0.6903652717022152,-271.24342701519475,0.668581081081081,0.2641891891891892,0.23277027027027028,0.44222972972972974,0.4463682432432432,False
EURUSD1440_comma,daily,10,75,long_short,price_slow,0.0025,-0.02073535728075837,-0.7728760674604175,-1.0468533119324515,-0.0552851640939705,-0.3750618745657265,165,0.21212121212121213,0.7118390675572223,-180.27361268828918,0.6881756756756757,0.2739864864864865,0.13851351351351351,0.4983108108108108,0.4462162162162162,False
EURUSD1440_comma,daily,50,150,long_short,combined,0.005,-0.014389530453135624,-0.8597472480402901,-1.1471947908403213,-0.053169047739595555,-0.2706373550944676,150,0.28,0.7282535996008644,-141.20371039548806,0.577027027027027,0.30777027027027026,0.2918918918918919,0.5324324324324324,0.4459966216216216,False
EURUSD1440_comma,daily,10,100,long_short,slow_slope,0.001,-0.02048558788488397,-0.773846578555919,-1.0312182215665708,-0.05433159385263388,-0.37704743101128213,168,0.25595238095238093,0.703974356408329,-166.3887455036582,0.6861486486486487,0.28783783783783784,0.14222972972972972,0.4726351351351351,0.4457601351351352,False
EURUSD1440_comma,daily,50,200,long_short,slow_slope,0.0025,-0.019159198489394513,-0.7654672128509293,-1.0000341177270962,-0.05311206236019675,-0.3607315859711899,102,0.30392156862745096,0.6657658986076964,-255.62093088815558,0.6966216216216217,0.3097972972972973,0.16317567567567567,0.3793918918918919,0.4456418918918919,False
EURUSD1440_comma,daily,75,500,long_only,combined,0.001,-0.004063963769018852,-1.4082047101056694,-1.9210240457149688,-0.03024254598161293,-0.13437902256938583,53,0.3018867924528302,0.7179702783680055,-119.25512844671539,0.1293918918918919,0.6614864864864864,0.7557432432432433,0.5118243243243243,0.4450506756756757,False
EURUSD1440_comma,daily,50,100,long_only,fast_slope,0.001,-0.00920890907126215,-1.1192809920323847,-1.543069535288611,-0.040249807612661746,-0.22879386554794912,93,0.2903225806451613,0.7185167104164717,-144.81966505039432,0.3314189189189189,0.5287162162162162,0.5162162162162162,0.5128378378378379,0.4449155405405406,False
EURUSD1440_comma,daily,5,400,long_short,slow_slope,0.005,-0.016043521369923375,-0.7839290008582516,-1.0257140620927108,-0.05133024441890633,-0.31255493815677426,78,0.14102564102564102,0.6186026834009799,-252.10076655877992,0.677027027027027,0.34054054054054056,0.2429054054054054,0.2665540540540541,0.44451013513513515,False
EURUSD1440_comma,daily,50,250,long_only,none,0.005,-0.0067846710278299804,-0.9952847113598752,-1.3129826770815582,-0.04358026820719046,-0.15568217697913467,13,0.46153846153846156,0.5455998861018287,-795.4199505993602,0.43682432432432433,0.47094594594594597,0.6459459459459459,0.14932432432432433,0.4440540540540541,True
EURUSD1440_comma,daily,5,400,long_only,none,0.0025,-0.007875913146955571,-1.0201861234061056,-1.3880173344942306,-0.04013689801165236,-0.19622625407347305,27,0.2222222222222222,0.5679395726775344,-440.9959038492267,0.41486486486486485,0.5293918918918918,0.589527027027027,0.18277027027027026,0.4436148648648648,False
EURUSD1440_comma,daily,10,400,long_only,price_slow,0.0025,-0.007686239179747867,-1.0378324054197408,-1.4207169260733672,-0.039286576007335886,-0.19564543314522076,31,0.16129032258064516,0.5676331937864217,-375.370205090971,0.3989864864864865,0.5429054054054054,0.6043918918918919,0.18175675675675676,0.44346283783783785,False
EURUSD1440_comma,daily,75,300,long_only,price_slow,0.001,-0.006143783800728109,-1.0610928710256229,-1.4183711611692715,-0.04369780560377577,-0.14059707840792002,34,0.17647058823529413,0.6152351022576192,-276.71647526056444,0.3810810810810811,0.4685810810810811,0.6712837837837838,0.2628378378378378,0.4432601351351352,False
EURUSD1440_comma,daily,20,75,long_only,none,0.005,-0.008501625181512873,-1.0474930486838123,-1.4219105433390056,-0.04371123974291762,-0.194495174044803,40,0.225,0.6690641141514916,-301.7111531881034,0.39256756756756755,0.46790540540540543,0.5547297297297298,0.3878378378378378,0.44312500000000005,False
EURUSD1440_comma,daily,100,400,long_short,slow_slope,0.005,-0.015713529130169213,-0.7725942491803905,-1.001802308607328,-0.04980583015844083,-0.3154957779075622,52,0.23076923076923078,0.5563049449715785,-373.95943180250885,0.6888513513513513,0.36925675675675673,0.2516891891891892,0.16418918918918918,0.442820945945946,False
EURUSD1440_comma,daily,20,50,long_short,price_slow,0.0,-0.022454013634431003,-0.8118276179901601,-1.1020891743043695,-0.05297407894377374,-0.42386793847352233,238,0.21428571428571427,0.7436840634049875,-126.19571863905837,0.6445945945945946,0.3125,0.11418918918918919,0.5591216216216216,0.4426689189189189,False
EURUSD1440_comma,daily,10,100,long_short,slow_slope,0.0,-0.020672114399672425,-0.7700702750141073,-1.0306432082445203,-0.0565316899610494,-0.3656730307180912,173,0.2543352601156069,0.7077988859282017,-162.1479467403954,0.6918918918918919,0.26047297297297295,0.13986486486486485,0.4847972972972973,0.44256756756756754,False
EURUSD1440_comma,daily,10,500,long_only,none,0.0,-0.007272185982292068,-1.0190869395720463,-1.3818097025083595,-0.03892451077434938,-0.1868279353451584,20,0.25,0.4936661960560287,-578.2483004493894,0.4158783783783784,0.55,0.6206081081081081,0.09628378378378379,0.44241554054054055,False
EURUSD1440_comma,daily,50,300,long_short,combined,0.005,-0.014694038030826695,-0.89956658591535,-1.2030376443032356,-0.05034282324745441,-0.29187949906185884,153,0.27450980392156865,0.7349012830083393,-136.96714202569433,0.5331081081081082,0.3614864864864865,0.28344594594594597,0.5452702702702703,0.4420945945945946,False
EURUSD1440_comma,daily,100,300,long_only,price_slow,0.0,-0.005841756815170407,-1.068093609874351,-1.4220396671907238,-0.044269757577237646,-0.1319581839809777,33,0.15151515151515152,0.6208593909946996,-271.69553806786274,0.372972972972973,0.45878378378378376,0.6875,0.2699324324324324,0.441875,False
EURUSD1440_comma,daily,75,400,long_short,slow_slope,0.0025,-0.016558672410778463,-0.7735463851380273,-1.0080194198534105,-0.049791114000344985,-0.3325628024844701,63,0.2222222222222222,0.577724978156047,-318.12368805600886,0.6868243243243243,0.36993243243243246,0.22466216216216217,0.19493243243243244,0.4413851351351351,False
EURUSD1440_comma,daily,100,500,long_only,slow_slope,0.001,-0.00437187716608034,-1.1539476425534074,-1.5548763321531756,-0.02765072901541488,-0.1581107378269514,14,0.35714285714285715,0.24433332178284,-769.3008044793795,0.2983108108108108,0.6895270270270271,0.7435810810810811,0.006081081081081081,0.4413344594594595,True
EURUSD1440_comma,daily,50,400,long_short,combined,0.005,-0.013667370621792574,-0.9311015472200774,-1.2480020634136175,-0.049102458413374545,-0.2783439172583231,138,0.2608695652173913,0.7321147417302086,-138.72852044551044,0.5054054054054054,0.3793918918918919,0.3162162162162162,0.539527027027027,0.44118243243243244,False
EURUSD1440_comma,daily,60,150,long_only,fast_slope,0.0025,-0.007813782389052948,-1.1265672409892313,-1.5066312938298774,-0.04267527816809589,-0.18309856958107762,75,0.36,0.7026767331866887,-157.5786244558004,0.3216216216216216,0.48817567567567566,0.5945945945945946,0.46993243243243243,0.4401013513513513,False
EURUSD1440_comma,daily,30,200,long_only,fast_slope,0.0025,-0.007212996164399854,-1.2204810940209294,-1.6508360790456718,-0.03816840552153898,-0.18897818931234778,88,0.32954545454545453,0.7305032137731673,-124.52715042157256,0.23479729729729729,0.5621621621621622,0.6243243243243243,0.5368243243243244,0.43984797297297296,False
EURUSD1440_comma,daily,100,500,long_short,fast_slope,0.0025,-0.01347744796868322,-0.8635916209474491,-1.125513422428615,-0.05223446075555683,-0.25801832303302674,124,0.23387096774193547,0.6864397800652391,-150.43228845692113,0.5733108108108108,0.3256756756756757,0.3222972972972973,0.4297297297297297,0.4396621621621622,False
EURUSD1440_comma,daily,5,75,long_short,slow_slope,0.001,-0.02049250638775446,-0.7843164271896791,-1.0678772424433145,-0.05660488569967178,-0.36202716663860846,202,0.19801980198019803,0.714838321222598,-142.74200704371574,0.6763513513513514,0.2594594594594595,0.14189189189189189,0.5043918918918919,0.43944256756756755,False
EURUSD1440_comma,daily,30,50,long_only,price_slow,0.001,-0.011112479864342606,-1.1139435343105348,-1.5435891192352447,-0.036524549621794244,-0.30424686900757225,100,0.23,0.7137437490760411,-168.5944740866792,0.3358108108108108,0.5824324324324325,0.4189189189189189,0.5013513513513513,0.438918918918919,False
EURUSD1440_comma,daily,5,75,long_short,none,0.0025,-0.023331096300484577,-0.7698454799348261,-1.0628395771933168,-0.054285953316021776,-0.429781460494288,157,0.21019108280254778,0.6956766106869153,-203.90315726760906,0.6922297297297297,0.2881756756756757,0.1070945945945946,0.4564189189189189,0.4388175675675675,False
EURUSD1440_comma,daily,60,100,long_only,price_slow,0.005,-0.007350425067882416,-1.2022847867488777,-1.6027342294281461,-0.0346376563932082,-0.21220907628507157,51,0.3137254901960784,0.6791706047860449,-218.74128443711496,0.25101351351351353,0.6094594594594595,0.6175675675675676,0.41621621621621624,0.43871621621621626,False
EURUSD1440_comma,daily,75,500,long_only,combined,0.005,-0.0038203019936050575,-1.431716011969136,-1.943660636118364,-0.03124453097339375,-0.1222710623135368,47,0.2978723404255319,0.7177401662691958,-126.64631300775356,0.11655405405405406,0.6506756756756756,0.7638513513513514,0.510472972972973,0.43863175675675675,False
EURUSD1440_comma,daily,50,400,long_short,fast_slope,0.0,-0.01698564937920044,-0.9061278459775025,-1.2189255083730566,-0.04728931713650837,-0.3591857613458147,173,0.26011560693641617,0.7360284094296219,-140.03069721008612,0.5273648648648649,0.4097972972972973,0.2141891891891892,0.5483108108108108,0.4384797297297297,False
EURUSD1440_comma,daily,100,150,long_only,price_slow,0.0,-0.007856153080723183,-1.0436473835066822,-1.380057484409404,-0.046215557869944295,-0.16998935948866545,56,0.23214285714285715,0.663611138286294,-212.12061180181598,0.3952702702702703,0.4246621621621622,0.5908783783783784,0.3733108108108108,0.43844594594594594,False
EURUSD1440_comma,daily,5,300,long_only,price_slow,0.0025,-0.007938319894524093,-1.0169351925542878,-1.3761302590234623,-0.04465321711431097,-0.17777711008374197,32,0.125,0.6205765646744361,-374.865351186261,0.41824324324324325,0.4516891891891892,0.5871621621621622,0.2689189189189189,0.4379898648648649,False
EURUSD1440_comma,daily,20,400,long_only,fast_slope,0.0,-0.006414314148817546,-1.2702410493343728,-1.730532571073122,-0.04032078761046965,-0.15908206483426957,121,0.2809917355371901,0.7808634774112707,-79.73239516221355,0.20033783783783785,0.5273648648648649,0.6591216216216216,0.6277027027027027,0.4379560810810811,False
EURUSD1440_comma,daily,30,75,long_short,price_slow,0.0025,-0.01825972134297793,-0.8008575159500015,-1.091180174794405,-0.05817035999382045,-0.31390077945052597,154,0.22727272727272727,0.7340885328678941,-168.0058207853145,0.6564189189189189,0.2277027027027027,0.18243243243243243,0.543918918918919,0.4375675675675676,False
EURUSD1440_comma,daily,30,500,long_only,combined,0.0025,-0.0037741191212858904,-1.450491073580525,-2.0798505083337306,-0.03646212444295055,-0.1035079326546362,70,0.2857142857142857,0.7845742509482462,-87.31161875460853,0.10777027027027027,0.5834459459459459,0.7662162162162162,0.6347972972972973,0.43743243243243246,False
EURUSD1440_comma,daily,5,500,long_only,price_slow,0.005,-0.006816060179230421,-1.0552748592619752,-1.4362160565511621,-0.0407710054104227,-0.1671791046263471,23,0.17391304347826086,0.5526888506649057,-467.4762593364535,0.3858108108108108,0.5199324324324325,0.6442567567567568,0.15844594594594594,0.4369256756756757,False
EURUSD1440_comma,daily,40,150,long_only,combined,0.0,-0.008054572787217995,-1.1963789076599392,-1.6217330512009436,-0.03430079266865195,-0.2348217682613265,85,0.29411764705882354,0.6828836365715842,-141.29000435239527,0.25675675675675674,0.6141891891891892,0.5837837837837838,0.42533783783783785,0.4368074324324324,False
EURUSD1440_comma,daily,20,400,long_only,price_slow,0.0,-0.008106163338541084,-1.0231707552119949,-1.3847676704132517,-0.04070333697680729,-0.19915230397841743,42,0.16666666666666666,0.558105141846742,-291.28829108157794,0.4125,0.5212837837837838,0.5817567567567568,0.16722972972972974,0.43675675675675674,False
EURUSD1440_comma,daily,75,400,long_short,slow_slope,0.0,-0.016875983515899473,-0.7704772624430949,-1.0043859786346467,-0.050996880527337474,-0.33092187877752455,68,0.22058823529411764,0.5787581894891793,-299.403395473896,0.691554054054054,0.34831081081081083,0.2168918918918919,0.19763513513513514,0.43672297297297297,False
EURUSD1440_comma,daily,60,100,long_only,combined,0.001,-0.00833514029169391,-1.1690109698991904,-1.5660705768093819,-0.038610736794493776,-0.21587622986988875,92,0.32608695652173914,0.7048845939058652,-136.50420785496053,0.28243243243243243,0.5550675675675676,0.5679054054054054,0.4760135135135135,0.43672297297297297,False
EURUSD1440_comma,daily,30,250,long_only,fast_slope,0.001,-0.007128719280644735,-1.228351506239573,-1.69273247460293,-0.03841686737449234,-0.18556222221747298,92,0.32608695652173914,0.7304556273259769,-117.7948079699983,0.22702702702702704,0.5587837837837838,0.6283783783783784,0.5364864864864864,0.43665540540540543,False
EURUSD1440_comma,daily,10,100,long_only,none,0.0,-0.012915134438854947,-0.9550447158222354,-1.2785795540213711,-0.04158649448427688,-0.31056078659714714,44,0.22727272727272727,0.6442603770765424,-430.35369902243707,0.4817567567567568,0.5050675675675675,0.3435810810810811,0.3219594594594595,0.43597972972972976,False
EURUSD1440_comma,daily,60,75,long_only,fast_slope,0.0,-0.01027775348755089,-1.0674618715264093,-1.4451195501190934,-0.04311896458588683,-0.2383580771537097,95,0.35789473684210527,0.7101396967458865,-157.84457096150328,0.37398648648648647,0.4783783783783784,0.46418918918918917,0.4925675675675676,0.43591216216216216,False
EURUSD1440_comma,daily,75,250,long_only,none,0.0,-0.008381764246437329,-0.9613483629979004,-1.2601898301408447,-0.0436179640485676,-0.19216312428302307,14,0.35714285714285715,0.5074732390178467,-901.73417908223,0.47364864864864864,0.46959459459459457,0.5628378378378378,0.1097972972972973,0.43589527027027025,True
EURUSD1440_comma,daily,5,500,long_only,none,0.001,-0.007392877691347222,-1.030083962579892,-1.3974345921771043,-0.04061231885531722,-0.18203535034984342,22,0.22727272727272727,0.5169741276873968,-533.5086521705846,0.4081081081081081,0.5233108108108108,0.6158783783783783,0.11858108108108108,0.43503378378378377,False
EURUSD1440_comma,daily,5,250,long_only,slow_slope,0.0,-0.008549574844146757,-1.0301430953046506,-1.3975821484028337,-0.043954700713671635,-0.19450877165198177,62,0.24193548387096775,0.6334576296048819,-207.4363224671797,0.4077702702702703,0.46418918918918917,0.5523648648648649,0.30033783783783785,0.43467905405405405,False
EURUSD1440_comma,daily,75,300,long_only,fast_slope,0.0,-0.006569031971725536,-1.1900881977664488,-1.6089980165193711,-0.04180389838674897,-0.1571392196716226,66,0.2878787878787879,0.7085363252312546,-151.93704279308588,0.2625,0.5016891891891891,0.654054054054054,0.48783783783783785,0.4344087837837838,False
EURUSD1440_comma,daily,100,200,long_only,none,0.0025,-0.007290667852784094,-0.962370520828398,-1.2529800533192954,-0.046031308718767,-0.15838497873973512,13,0.3076923076923077,0.49237109936668383,-851.5396077724602,0.47162162162162163,0.4300675675675676,0.6195945945945946,0.09425675675675675,0.434222972972973,True
EURUSD1440_comma,daily,30,75,long_short,price_slow,0.005,-0.0170228534136182,-0.838130425622829,-1.133849291868982,-0.053210502657747405,-0.31991529046643363,118,0.2542372881355932,0.7071582725548635,-205.06142517553656,0.6047297297297297,0.30743243243243246,0.2125,0.48243243243243245,0.43361486486486484,False
EURUSD1440_comma,daily,50,250,long_only,none,0.001,-0.007683069459153868,-0.9649081171477721,-1.2668963048747592,-0.04760823935897333,-0.16138108786637462,14,0.2857142857142857,0.5570437917999974,-830.853626290731,0.4685810810810811,0.4010135135135135,0.6047297297297297,0.16587837837837838,0.4335135135135135,True
EURUSD1440_comma,daily,5,300,long_short,slow_slope,0.005,-0.016173006360559072,-0.7661425304017513,-1.0103891194184074,-0.05984293588850051,-0.27025756875786733,87,0.1724137931034483,0.6618139647476863,-243.7143687947615,0.6959459459459459,0.20641891891891892,0.23783783783783785,0.3675675675675676,0.4326858108108108,False
EURUSD1440_comma,daily,50,100,long_short,price_slow,0.001,-0.01890231944068066,-0.7827940489150083,-1.044351290575782,-0.05893401345746694,-0.3207370130039181,160,0.21875,0.7078561772656181,-161.74281944570808,0.6787162162162163,0.21756756756756757,0.16925675675675675,0.485472972972973,0.43255067567567573,False
EURUSD1440_comma,daily,20,75,long_only,price_slow,0.0025,-0.010259925030046801,-1.064135723626701,-1.4685305025673294,-0.043394398449850866,-0.23643431863455322,82,0.23170731707317074,0.6980861649201228,-178.439953552601,0.3783783783783784,0.47533783783783784,0.4652027027027027,0.4614864864864865,0.43244932432432437,False
EURUSD1440_comma,daily,5,200,long_short,slow_slope,0.0025,-0.020162482691073125,-0.7869277066682732,-1.0384576958570624,-0.05454132340816592,-0.36967351415705474,131,0.1984732824427481,0.6788350551622138,-213.76040836491907,0.6722972972972973,0.28445945945945944,0.14864864864864866,0.4155405405405405,0.43209459459459454,False
EURUSD1440_comma,daily,75,300,long_short,combined,0.005,-0.015421965238720303,-0.8850544763569109,-1.1790315813045908,-0.05126778832579062,-0.3008119862850057,142,0.24647887323943662,0.7092664796123493,-149.2637707254981,0.5489864864864865,0.34155405405405403,0.26182432432432434,0.48952702702702705,0.430777027027027,False
EURUSD1440_comma,daily,40,300,long_only,combined,0.0025,-0.005497627057131527,-1.3546310185437112,-1.9011921437786967,-0.03656908516059508,-0.15033537297934596,79,0.2911392405063291,0.7351027064965793,-107.08107195550927,0.1581081081081081,0.5820945945945946,0.7003378378378379,0.5462837837837838,0.430777027027027,False
EURUSD1440_comma,daily,100,500,long_only,slow_slope,0.0,-0.004993438987349386,-1.1559698552447535,-1.551609437365556,-0.029899840485545923,-0.16700553936945906,14,0.35714285714285715,0.25919520550255,-757.322564090053,0.29695945945945945,0.6682432432432432,0.7185810810810811,0.007770270270270271,0.43072635135135134,True
EURUSD1440_comma,daily,10,75,long_only,slow_slope,0.0025,-0.010175289048473535,-1.0607007882825825,-1.4623388992126343,-0.04392512825517884,-0.2316507532854808,90,0.26666666666666666,0.6951841849691957,-165.8421555202293,0.38175675675675674,0.4648648648648649,0.46655405405405403,0.45472972972972975,0.4304391891891892,False
EURUSD1440_comma,daily,30,50,long_short,combined,0.0025,-0.01638014865248405,-0.8898758520720834,-1.2005781330457204,-0.053140993130983034,-0.308239415325,180,0.2777777777777778,0.766174751840995,-124.96035861849016,0.5422297297297297,0.3081081081081081,0.2304054054054054,0.602027027027027,0.43030405405405403,False
EURUSD1440_comma,daily,10,75,long_short,price_slow,0.005,-0.019630798725234322,-0.8021619321150576,-1.074215949203687,-0.05685282770009916,-0.34529151001578207,135,0.2518518518518518,0.7098095846548304,-205.2663121958624,0.6550675675675676,0.2537162162162162,0.1554054054054054,0.4908783783783784,0.4301689189189189,False
EURUSD1440_comma,daily,10,400,long_only,price_slow,0.0,-0.008294239170857143,-1.030950757716326,-1.4011317694057952,-0.041269002291027625,-0.20097988103435227,41,0.17073170731707318,0.5587283428860862,-304.8913459143226,0.40743243243243243,0.5118243243243243,0.5699324324324324,0.16824324324324325,0.43015202702702704,False
EURUSD1440_comma,daily,10,300,long_only,none,0.005,-0.00771054701072027,-1.0203669932390715,-1.3647933580965428,-0.046316932941567905,-0.16647360956408042,22,0.2727272727272727,0.6105386922699385,-530.5079455999921,0.41385135135135137,0.42162162162162165,0.6016891891891892,0.25067567567567567,0.4288851351351352,False
EURUSD1440_comma,daily,30,200,long_short,fast_slope,0.0025,-0.016590246115851026,-0.8781535464881349,-1.1659679901683297,-0.05457428612344789,-0.3039938273919631,206,0.32038834951456313,0.7707103909458459,-110.78333814871867,0.5547297297297298,0.28344594594594597,0.2233108108108108,0.6091216216216216,0.4287837837837839,False
EURUSD1440_comma,daily,30,50,long_only,combined,0.0025,-0.008939803175538219,-1.2187628468252074,-1.6682701610086066,-0.03443675883715798,-0.2596005976582205,86,0.27906976744186046,0.7113720468786617,-156.6473151341437,0.23614864864864865,0.6118243243243243,0.5314189189189189,0.49695945945945946,0.42824324324324325,False
EURUSD1440_comma,daily,20,300,long_only,slow_slope,0.005,-0.0075971360928559495,-1.1156218548440673,-1.5247234692764982,-0.038806271196368994,-0.19577083442036025,38,0.15789473684210525,0.599285601519819,-302.8730522818433,0.33513513513513515,0.5516891891891892,0.6087837837837838,0.22939189189189188,0.4281418918918919,False
EURUSD1440_comma,daily,10,75,long_only,none,0.005,-0.01105694717072836,-1.048290320437641,-1.4198519271671428,-0.03999667684832563,-0.2764466461215823,54,0.2222222222222222,0.6581982532590197,-304.34106923435615,0.39222972972972975,0.5314189189189189,0.422972972972973,0.3584459459459459,0.4281081081081081,False
EURUSD1440_comma,daily,30,75,long_short,combined,0.0025,-0.0156316800269104,-0.8778842436123468,-1.176178394591858,-0.057176787491261025,-0.2733920654303911,195,0.2923076923076923,0.7768877086061304,-109.22428859609123,0.5550675675675676,0.24763513513513513,0.25506756756756754,0.6192567567567567,0.42783783783783785,False
EURUSD1440_comma,daily,100,400,long_only,none,0.0025,-0.006542787676129147,-1.0146602060387937,-1.3608284577894174,-0.04132068657327106,-0.15834169803851839,7,0.42857142857142855,0.23935418513125378,-1427.1040671838057,0.4192567567567568,0.5114864864864865,0.6543918918918918,0.005405405405405406,0.42726351351351355,True
EURUSD1440_comma,daily,100,500,long_short,fast_slope,0.001,-0.014242159666218446,-0.8712888779879125,-1.1368844623634877,-0.052814396414338605,-0.2696643459576078,126,0.23015873015873015,0.6793636748629487,-157.0300895086156,0.5645270270270271,0.31824324324324327,0.2959459459459459,0.4175675675675676,0.427195945945946,False
EURUSD1440_comma,daily,40,400,long_only,fast_slope,0.001,-0.006162824440589132,-1.2915335188116874,-1.8140794936152198,-0.03888504022306594,-0.15848831337799285,77,0.2987012987012987,0.7295763549098658,-122.54783270553362,0.18817567567567567,0.5503378378378379,0.6699324324324324,0.535472972972973,0.4271621621621622,False
EURUSD1440_comma,daily,20,200,long_short,slow_slope,0.005,-0.01817640148411659,-0.7678272671366931,-1.0025760753567645,-0.058998896148335866,-0.3080803654091633,97,0.2268041237113402,0.6700462147729033,-252.63169771444166,0.6935810810810811,0.21655405405405406,0.18344594594594596,0.3912162162162162,0.42694256756756754,False
EURUSD1440_comma,daily,60,200,long_short,combined,0.001,-0.017798756579393116,-0.875432564887823,-1.1551608751483575,-0.05100623653585712,-0.3489525553778249,167,0.2874251497005988,0.7193857638858306,-153.98149073804214,0.5604729729729729,0.34797297297297297,0.19222972972972974,0.5138513513513514,0.4267060810810811,False
EURUSD1440_comma,daily,30,75,long_only,price_slow,0.0025,-0.010153633890505165,-1.1066253551249279,-1.530506240041479,-0.0409202047793968,-0.24813252878972614,74,0.22972972972972974,0.6892844534330389,-196.36648056405335,0.34324324324324323,0.5172297297297297,0.4672297297297297,0.4408783783783784,0.4261824324324324,False
EURUSD1440_comma,daily,30,50,long_short,fast_slope,0.0,-0.021586863339861817,-0.8123212435768155,-1.099772516170212,-0.05866645136273718,-0.367959248231827,255,0.3058823529411765,0.7603342663313982,-112.15304566532969,0.6429054054054054,0.2206081081081081,0.12736486486486487,0.5891891891891892,0.42616554054054057,False
EURUSD1440_comma,daily,50,100,long_only,fast_slope,0.0025,-0.009339567208878519,-1.1735126237390046,-1.6092105222214335,-0.03832912603158682,-0.24366762762035932,80,0.3125,0.7091669377649397,-174.59546216071507,0.27702702702702703,0.5604729729729729,0.5094594594594595,0.4888513513513513,0.42614864864864865,False
EURUSD1440_comma,daily,10,500,long_only,price_slow,0.001,-0.007408261282323081,-1.0552045297069745,-1.4335687374170059,-0.040609778698332655,-0.1824255516720471,28,0.17857142857142858,0.5171702649696979,-414.3340950325302,0.3861486486486487,0.5236486486486487,0.6141891891891892,0.11925675675675676,0.426097972972973,False
EURUSD1440_comma,daily,75,500,long_short,fast_slope,0.001,-0.01595231761045779,-0.9139687853422371,-1.210526243149487,-0.0471527408066954,-0.3383115665716012,137,0.25547445255474455,0.6889337507600122,-157.74963107603227,0.5202702702702703,0.4114864864864865,0.24527027027027026,0.439527027027027,0.42596283783783784,False
EURUSD1440_comma,daily,20,500,long_only,price_slow,0.005,-0.0066762462724485605,-1.0807460732571514,-1.4714514064602073,-0.04104817882926285,-0.16264415286773037,21,0.19047619047619047,0.5386901509786909,-491.3615137402993,0.3614864864864865,0.5158783783783784,0.65,0.14290540540540542,0.42500000000000004,False
EURUSD1440_comma,daily,75,400,long_short,slow_slope,0.005,-0.016916353314252452,-0.7870391245697679,-1.0213568131708006,-0.050211106082597705,-0.33690461401955385,52,0.19230769230769232,0.5423803035462177,-395.99148683997345,0.6716216216216216,0.36452702702702705,0.2152027027027027,0.14527027027027026,0.4246114864864865,False
EURUSD1440_comma,daily,50,400,long_short,combined,0.0025,-0.014528096089432285,-0.9392613675941681,-1.2591217221671407,-0.05073958930639701,-0.28632663937626024,146,0.2534246575342466,0.7264608747646427,-138.9267210584571,0.49695945945945946,0.3543918918918919,0.2891891891891892,0.529054054054054,0.4245777027027028,False
EURUSD1440_comma,daily,30,400,long_short,fast_slope,0.0025,-0.01651392276691055,-0.9368230560247596,-1.2520943219349052,-0.049795108311175985,-0.33163745048435156,193,0.3160621761658031,0.7554344807702197,-116.00167893654348,0.49932432432432433,0.3695945945945946,0.22635135135135134,0.5797297297297297,0.4243581081081081,False
EURUSD1440_comma,daily,10,300,long_short,slow_slope,0.001,-0.01660061317871231,-0.7603845336687979,-1.009717555348541,-0.0616736637398414,-0.2691685911305486,84,0.17857142857142858,0.6571408752439017,-258.16718906794347,0.7013513513513514,0.1820945945945946,0.22297297297297297,0.3564189189189189,0.42412162162162165,False
EURUSD1440_comma,daily,60,100,long_short,fast_slope,0.0025,-0.018816844169953884,-0.8498763135765383,-1.1240734919875954,-0.051483897120242775,-0.3654898953357467,143,0.3146853146853147,0.6982876546427264,-185.81862838929484,0.5878378378378378,0.33918918918918917,0.17162162162162162,0.4618243243243243,0.4235304054054054,False
EURUSD1440_comma,daily,100,150,long_only,combined,0.0025,-0.007077318984131553,-1.1634286777852865,-1.5431751191375618,-0.03838655209712079,-0.18436974923471683,48,0.25,0.6256382650347414,-224.23095614349003,0.28885135135135137,0.5591216216216216,0.6310810810810811,0.27905405405405403,0.42339527027027024,False
EURUSD1440_comma,daily,5,75,long_only,none,0.0025,-0.012776958274466677,-1.003330895090241,-1.3808660777216248,-0.04146998342949619,-0.30810135953367324,81,0.2345679012345679,0.6597782364177551,-232.58127633636923,0.4293918918918919,0.5084459459459459,0.35,0.36283783783783785,0.42329391891891893,False
EURUSD1440_comma,daily,5,200,long_short,slow_slope,0.001,-0.020704602412344286,-0.7889027425259381,-1.0426941559613339,-0.055758749869481525,-0.37132472411610773,137,0.20437956204379562,0.6734453313771454,-205.6694734823243,0.6692567567567568,0.2702702702702703,0.13885135135135135,0.39864864864864863,0.4228378378378379,False
EURUSD1440_comma,daily,30,500,long_only,price_slow,0.0,-0.007372868406687827,-1.0667890948942835,-1.4422296122852392,-0.039798110956320173,-0.18525674283334226,29,0.1724137931034483,0.5024511641286465,-418.59699626523457,0.37432432432432433,0.5358108108108108,0.6168918918918919,0.10405405405405406,0.4226689189189189,False
EURUSD1440_comma,daily,30,300,long_only,slow_slope,0.005,-0.007110344381743516,-1.1130170809381557,-1.520319350393117,-0.040616060300991935,-0.1750623849051619,36,0.19444444444444445,0.5854252606282094,-300.2961650536947,0.33716216216216216,0.522972972972973,0.629054054054054,0.2070945945945946,0.4224831081081081,False
EURUSD1440_comma,daily,20,100,long_only,slow_slope,0.0025,-0.010385348153998053,-1.084333783085502,-1.4667800972312142,-0.039914823216163804,-0.2601877527492701,74,0.24324324324324326,0.6575525761669216,-208.27379676094907,0.3587837837837838,0.5337837837837838,0.45844594594594595,0.3570945945945946,0.42221283783783786,False
EURUSD1440_comma,daily,50,300,long_short,combined,0.0025,-0.015228108017213415,-0.9028312107322998,-1.2073169024028352,-0.05343433872524258,-0.28498730180822096,161,0.2795031055900621,0.7306369952948687,-134.2407373569385,0.5300675675675676,0.3037162162162162,0.26722972972972975,0.5371621621621622,0.42197635135135136,False
EURUSD1440_comma,daily,50,75,long_short,price_slow,0.001,-0.018807277751404006,-0.8177083011583512,-1.103054126251311,-0.05819665873834894,-0.3231676553109546,172,0.23837209302325582,0.7203609018678376,-159.1018058391905,0.6337837837837837,0.22668918918918918,0.17195945945945945,0.5148648648648648,0.42180743243243246,False
EURUSD1440_comma,daily,40,300,long_only,combined,0.001,-0.005882355321729538,-1.3582815510084032,-1.9073522046020932,-0.0371317459023703,-0.15841849551582865,80,0.3,0.7246696604705831,-112.81923551013547,0.1570945945945946,0.5736486486486486,0.6854729729729729,0.522972972972973,0.4217905405405405,False
EURUSD1440_comma,daily,10,50,long_only,price_slow,0.001,-0.01386769434459556,-1.0282631604296888,-1.395279402252233,-0.04054020978176102,-0.3420725847066193,106,0.18867924528301888,0.6881875601830323,-191.4647431955119,0.4101351351351351,0.5246621621621622,0.3054054054054054,0.43513513513513513,0.4215709459459459,False
EURUSD1440_comma,daily,75,400,long_short,slow_slope,0.001,-0.017189212492982886,-0.7781054616670978,-1.014515006834356,-0.05207916145295244,-0.3300593176507147,66,0.21212121212121213,0.5575748067207538,-314.6400236278298,0.6810810810810811,0.3290540540540541,0.20810810810810812,0.16689189189189188,0.42135135135135143,False
EURUSD1440_comma,daily,20,500,long_only,price_slow,0.0025,-0.007165835029002587,-1.0763042438711956,-1.4628441496014821,-0.039859593793440805,-0.1797769206113129,22,0.18181818181818182,0.5031312121660926,-518.4906208425117,0.3662162162162162,0.5351351351351351,0.6260135135135135,0.10472972972972973,0.4211824324324325,False
EURUSD1440_comma,daily,40,200,long_only,none,0.005,-0.007733557320172779,-0.9745964717143749,-1.2868747786219572,-0.05011371355939746,-0.15432018046330875,15,0.3333333333333333,0.5635756418191623,-780.2672878626973,0.45878378378378376,0.3662162162162162,0.6003378378378378,0.17364864864864865,0.4211824324324324,True
EURUSD1440_comma,daily,10,300,long_only,price_slow,0.001,-0.007851697224512844,-1.020270513395971,-1.387825800781685,-0.04950370995853984,-0.15860825847373394,37,0.10810810810810811,0.6301547558092131,-320.87591019551036,0.41452702702702704,0.3733108108108108,0.591554054054054,0.29155405405405405,0.4211824324324324,False
EURUSD1440_comma,daily,40,100,long_short,price_slow,0.0,-0.01957870940072748,-0.774747227171893,-1.050329430816799,-0.06269201626792043,-0.3122998838808432,167,0.20359281437125748,0.7099809836471777,-165.12076564996627,0.6854729729729729,0.16655405405405405,0.15641891891891893,0.4918918918918919,0.4208952702702702,False
EURUSD1440_comma,daily,30,400,long_only,price_slow,0.001,-0.008169758578402964,-1.0379292683219135,-1.4019570036619589,-0.04288921466895857,-0.19048515207054828,40,0.2,0.5560657766382127,-308.1071300161055,0.39864864864864863,0.48445945945945945,0.5787162162162162,0.1635135135135135,0.4208445945945946,False
EURUSD1440_comma,daily,20,50,long_short,slow_slope,0.001,-0.021238001036928855,-0.807383711874784,-1.1000565123269068,-0.05914456880533373,-0.3590862435201926,207,0.25120772946859904,0.7296288055496163,-140.60362313720873,0.6506756756756756,0.21486486486486486,0.1320945945945946,0.5358108108108108,0.420777027027027,False
EURUSD1440_comma,daily,30,400,long_short,slow_slope,0.0,-0.017228372341620446,-0.7873419498298869,-1.0335767994687142,-0.05115951671403911,-0.33675791813906375,70,0.2,0.5557819557419633,-295.3070401143731,0.6712837837837838,0.3452702702702703,0.20540540540540542,0.16317567567567567,0.4203885135135136,False
EURUSD1440_comma,daily,40,75,long_short,price_slow,0.001,-0.019742732317458156,-0.809658893636626,-1.1007449625012231,-0.06017856641614223,-0.3280691696929887,180,0.21666666666666667,0.7285388646618222,-153.25685635243664,0.6476351351351352,0.20202702702702702,0.1527027027027027,0.5337837837837838,0.42016891891891894,False
EURUSD1440_comma,daily,5,75,long_only,price_slow,0.001,-0.013140877843033638,-1.0020513691053177,-1.3854907068026803,-0.04248756512488539,-0.3092876187281651,100,0.18,0.6672492488842087,-193.48151272429757,0.4320945945945946,0.48986486486486486,0.3358108108108108,0.3844594594594595,0.4201351351351351,False
EURUSD1440_comma,daily,75,150,long_only,price_slow,0.0025,-0.008236850956838904,-1.0661191222301512,-1.4037971823257103,-0.042943127240121746,-0.19180836343803154,42,0.2619047619047619,0.5979201923467968,-295.6982590960888,0.37635135135135134,0.4834459459459459,0.5733108108108108,0.22635135135135134,0.42001689189189195,False
EURUSD1440_comma,daily,5,250,long_only,slow_slope,0.001,-0.008640422364990852,-1.0432694882443558,-1.4206051858117208,-0.04486452186399482,-0.19258919979541922,62,0.22580645161290322,0.6185040535175346,-209.49972217719738,0.39628378378378376,0.4483108108108108,0.5462837837837838,0.2662162162162162,0.4197804054054054,False
EURUSD1440_comma,daily,40,100,long_only,slow_slope,0.001,-0.010745957867080103,-1.0664283374768193,-1.4400869537823466,-0.039846209166880135,-0.269685826876903,68,0.22058823529411764,0.6423607479342265,-233.89860024659154,0.37567567567567567,0.535472972972973,0.43851351351351353,0.3179054054054054,0.41952702702702704,False
EURUSD1440_comma,daily,10,100,long_only,slow_slope,0.0025,-0.010648408823022093,-1.0799044836737601,-1.46196871229146,-0.03996714114415889,-0.2664290844474958,78,0.24358974358974358,0.6544717618236611,-202.2057853080574,0.3625,0.5324324324324324,0.44425675675675674,0.34966216216216217,0.41940878378378377,False
EURUSD1440_comma,daily,5,400,long_only,price_slow,0.0025,-0.008481489230695471,-1.0394256110881177,-1.414819304723223,-0.042093900208773044,-0.20148974527496488,30,0.16666666666666666,0.5561534596361644,-425.5019586874881,0.39763513513513515,0.49594594594594593,0.5560810810810811,0.16385135135135134,0.4188344594594595,False
EURUSD1440_comma,daily,60,250,long_short,combined,0.005,-0.017045451375408027,-0.9244027793466552,-1.2231178195733172,-0.047442674831715125,-0.35928520969507505,156,0.28205128205128205,0.6966254345169358,-159.58342471117425,0.5125,0.4060810810810811,0.21216216216216216,0.4581081081081081,0.41766891891891894,False
EURUSD1440_comma,daily,20,100,long_short,price_slow,0.0025,-0.019948578175008502,-0.7859835545760265,-1.061648351026781,-0.06161157955821219,-0.32377969073428114,141,0.24113475177304963,0.7064103289796893,-192.7773373936788,0.6733108108108108,0.18243243243243243,0.15202702702702703,0.4810810810810811,0.41750000000000004,False
EURUSD1440_comma,daily,40,200,long_short,fast_slope,0.005,-0.015311727272854792,-0.8776339008421542,-1.1669110925519461,-0.05748256692404626,-0.26637166870238616,157,0.27388535031847133,0.734963139915748,-138.23744367454398,0.5560810810810811,0.23986486486486486,0.2652027027027027,0.5459459459459459,0.4173310810810811,False
EURUSD1440_comma,daily,60,500,long_only,none,0.0025,-0.007050439905890826,-1.0350043614482685,-1.3922662821852452,-0.04111508653433267,-0.17148060481408545,9,0.3333333333333333,0.25167426286888894,-1191.5940676036034,0.4027027027027027,0.5135135135135135,0.6334459459459459,0.007094594594594595,0.4172128378378379,True
EURUSD1440_comma,daily,10,400,long_short,slow_slope,0.001,-0.01749882770227862,-0.7991117488441162,-1.0472797210761773,-0.05279181579511835,-0.33146857024563137,77,0.2077922077922078,0.5966541499364517,-282.18337119881846,0.658445945945946,0.3185810810810811,0.20033783783783785,0.225,0.4168412162162162,False
EURUSD1440_comma,daily,75,250,long_only,fast_slope,0.005,-0.005772748062559674,-1.2296220313777853,-1.6577086860097061,-0.04421730993280637,-0.13055403124550258,56,0.2857142857142857,0.7085810712659908,-158.29616467501143,0.2260135135135135,0.46047297297297296,0.6902027027027027,0.48817567567567566,0.41679054054054054,False
EURUSD1440_comma,daily,75,400,long_short,fast_slope,0.005,-0.017081098143196694,-0.8937805955005546,-1.179762082364854,-0.04971103426772922,-0.34360778034113815,138,0.2536231884057971,0.6919144112695458,-166.0666926822733,0.5375,0.37094594594594593,0.21047297297297296,0.4462837837837838,0.41677364864864863,False
EURUSD1440_comma,daily,5,50,long_only,price_slow,0.0,-0.014767416476177186,-1.0006347816212737,-1.3632895745068347,-0.04301110325666758,-0.3433396346067441,126,0.1746031746031746,0.6919962331326013,-170.93276068778553,0.43277027027027026,0.4814189189189189,0.28040540540540543,0.4466216216216216,0.41653716216216213,False
EURUSD1440_comma,daily,60,400,long_short,slow_slope,0.0025,-0.017367559771449548,-0.7869949402475539,-1.0233763396612334,-0.05168294199054915,-0.33604046330461246,64,0.1875,0.550241497538919,-324.37939671448714,0.6719594594594595,0.33547297297297296,0.20236486486486485,0.15506756756756757,0.41638513513513514,False
EURUSD1440_comma,daily,50,100,long_short,price_slow,0.0,-0.020408319622488014,-0.7919959850841501,-1.0618808416124064,-0.05965852375151,-0.3420855619474068,166,0.20481927710843373,0.6971061335498754,-170.19247801832233,0.6665540540540541,0.20844594594594595,0.14290540540540542,0.46013513513513515,0.41633445945945957,False
EURUSD1440_comma,daily,10,100,long_short,none,0.001,-0.02484251581189445,-0.7608625775393004,-1.0391383782024666,-0.05749794981612944,-0.4320591584802138,94,0.23404255319148937,0.6668119646026625,-345.147693573392,0.7010135135135135,0.2391891891891892,0.09324324324324325,0.3831081081081081,0.41631756756756755,False
EURUSD1440_comma,daily,40,150,long_only,combined,0.0025,-0.008173466115183547,-1.2291958813071557,-1.6523347447017984,-0.03454636506963901,-0.23659409893652683,77,0.2987012987012987,0.6656827231799066,-160.1238927817789,0.22635135135135134,0.610472972972973,0.5780405405405405,0.3783783783783784,0.41552364864864866,False
EURUSD1440_comma,daily,40,50,long_only,price_slow,0.001,-0.009590999739715556,-1.1778785720222669,-1.6326447276211238,-0.039142380042422174,-0.24502852737418912,92,0.25,0.7008610135697428,-156.29077172982971,0.27364864864864863,0.5452702702702703,0.4972972972972973,0.46756756756756757,0.41537162162162167,False
EURUSD1440_comma,daily,40,300,long_only,fast_slope,0.005,-0.00582082984108323,-1.3476990518981349,-1.858201632918431,-0.03881969052624541,-0.14994529225182396,73,0.3150684931506849,0.7115963297720093,-122.40033044785089,0.16283783783783784,0.5506756756756757,0.6885135135135135,0.49763513513513513,0.415152027027027,False
EURUSD1440_comma,daily,10,200,long_short,slow_slope,0.0025,-0.020396879420125913,-0.7882771983296545,-1.0391168732980254,-0.05742496504686624,-0.35519184736950915,122,0.1885245901639344,0.6684225278236933,-226.53141355768733,0.6702702702702703,0.24155405405405406,0.14324324324324325,0.3861486486486487,0.4150675675675676,False
EURUSD1440_comma,daily,60,200,long_short,combined,0.0,-0.01868284152849442,-0.8865085823868087,-1.1687892613042818,-0.051093757446347296,-0.36565800720592845,173,0.2658959537572254,0.7106836332818283,-154.51212690142523,0.5476351351351352,0.34662162162162163,0.17398648648648649,0.49493243243243246,0.4147466216216217,False
EURUSD1440_comma,daily,10,250,long_short,slow_slope,0.0025,-0.01903032749893807,-0.7752201935981451,-1.0243733461994415,-0.05804213808267234,-0.32787089048704954,114,0.20175438596491227,0.6471947305688286,-227.76515297934074,0.6847972972972973,0.23141891891891891,0.16655405405405405,0.33006756756756755,0.41459459459459463,False
EURUSD1440_comma,daily,30,75,long_short,fast_slope,0.0,-0.02054592477393713,-0.853633469635003,-1.16103732779469,-0.05732404339691796,-0.35841722873027104,239,0.2928870292887029,0.7701660364416376,-110.30079072814726,0.5841216216216216,0.24493243243243243,0.14155405405405405,0.6070945945945946,0.41425675675675677,False
EURUSD1440_comma,daily,30,50,long_short,price_slow,0.0,-0.022570755792902242,-0.8319991248576437,-1.1348623109505234,-0.056611068459462725,-0.3986986362757735,239,0.2301255230125523,0.7331689483238487,-125.1833808475612,0.6135135135135135,0.2587837837837838,0.11351351351351352,0.5425675675675675,0.4141891891891892,False
EURUSD1440_comma,daily,40,75,long_only,price_slow,0.0,-0.01133946419947196,-1.086198300853753,-1.4906919439594273,-0.04285348785116834,-0.26461006485293137,90,0.2222222222222222,0.6947226470339717,-179.53418480608673,0.3567567567567568,0.4851351351351351,0.41081081081081083,0.45337837837837835,0.4141554054054054,False
EURUSD1440_comma,daily,30,75,long_short,combined,0.001,-0.01715216811548359,-0.8804317333671066,-1.185544515400951,-0.05796956745991154,-0.2958822856034773,219,0.273972602739726,0.7757524748369133,-105.69653352766873,0.5537162162162163,0.23277027027027028,0.20912162162162162,0.6162162162162163,0.4139358108108108,False
EURUSD1440_comma,daily,50,150,long_short,fast_slope,0.0,-0.020787722447359713,-0.8578311563273205,-1.1509626335941707,-0.053774099117267896,-0.3865750015081959,202,0.2871287128712871,0.7279520194883445,-141.86426808372929,0.5804054054054054,0.297972972972973,0.13716216216216215,0.5314189189189189,0.4138006756756757,False
EURUSD1440_comma,daily,75,200,long_short,slow_slope,0.0,-0.021504708911616155,-0.7863228071897634,-1.0207930854749334,-0.05604375777598327,-0.38371283020625147,117,0.28205128205128205,0.6537912373126515,-246.32379459576302,0.672972972972973,0.2668918918918919,0.12905405405405404,0.34695945945945944,0.4137668918918919,False
EURUSD1440_comma,daily,100,200,long_short,combined,0.0,-0.017005712447145882,-0.8283047744955557,-1.0752812259832885,-0.05849603155487864,-0.2907156604494068,135,0.26666666666666666,0.6951349814586154,-186.6203159485318,0.6172297297297298,0.22398648648648647,0.21351351351351353,0.4540540540540541,0.4136993243243243,False
EURUSD1440_comma,daily,30,250,long_only,fast_slope,0.0025,-0.007398185810340574,-1.263836687445101,-1.735132762839537,-0.03998403230367199,-0.18502850723390274,87,0.3218390804597701,0.7153942640535985,-129.01514414931157,0.20371621621621622,0.5320945945945946,0.6155405405405405,0.5060810810810811,0.4135304054054054,False
EURUSD1440_comma,daily,60,75,long_short,combined,0.0,-0.01871283380451183,-0.8365375711489065,-1.1213736510772765,-0.05772395391336139,-0.3241779631485078,200,0.25,0.7149888988830111,-133.10928994964868,0.6091216216216216,0.23716216216216215,0.17297297297297298,0.5047297297297297,0.41324324324324324,False
EURUSD1440_comma,daily,60,75,long_only,price_slow,0.001,-0.009607614036648338,-1.1669424929607537,-1.580222925610751,-0.03566714786593374,-0.2693687219612175,76,0.27631578947368424,0.6523378171517885,-185.1305848166733,0.28412162162162163,0.5949324324324324,0.4966216216216216,0.34256756756756757,0.41309121621621625,False
EURUSD1440_comma,daily,60,300,long_only,slow_slope,0.001,-0.007483912892320199,-1.092131036291572,-1.4615578925464643,-0.04350605571188991,-0.17202002732403288,39,0.2564102564102564,0.588164397030241,-290.9530115837036,0.3516891891891892,0.4722972972972973,0.6121621621621621,0.21182432432432433,0.41295608108108106,False
EURUSD1440_comma,daily,50,75,long_short,combined,0.0,-0.017524696862501687,-0.8269312269173126,-1.114972943858265,-0.06229292412202386,-0.281327247187386,201,0.22388059701492538,0.7349559483208193,-124.26118878950311,0.620945945945946,0.17128378378378378,0.19898648648648648,0.5456081081081081,0.41283783783783784,False
EURUSD1440_comma,daily,5,100,long_short,none,0.001,-0.025078528651870657,-0.7672245325019439,-1.0542669826694133,-0.058506509729245725,-0.42864509894588054,132,0.19696969696969696,0.674054372767897,-257.5779412487184,0.6952702702702702,0.22364864864864864,0.09121621621621621,0.4006756756756757,0.41236486486486484,False
EURUSD1440_comma,daily,40,200,long_short,fast_slope,0.001,-0.0158069279938724,-0.8426490502525545,-1.1195316275267069,-0.06377296569587394,-0.24786252013515964,181,0.2596685082872928,0.7457250677983773,-121.16357010270572,0.5983108108108108,0.1527027027027027,0.2489864864864865,0.5621621621621622,0.41162162162162164,False
EURUSD1440_comma,daily,60,250,long_only,none,0.0,-0.008822281296700263,-0.9727153844668422,-1.2743032441959037,-0.0462115818871156,-0.19091061020700595,13,0.3076923076923077,0.4844816604026645,-1018.8112461615175,0.4608108108108108,0.425,0.5375,0.0891891891891892,0.4114527027027027,True
EURUSD1440_comma,daily,10,50,long_only,slow_slope,0.0025,-0.011928805302501733,-1.0651741572352775,-1.4587851307348518,-0.04376291112552348,-0.27257796603810924,100,0.23,0.6905805640685427,-177.03911268392767,0.37736486486486487,0.46655405405405403,0.3827702702702703,0.4435810810810811,0.4106756756756757,False
EURUSD1440_comma,daily,30,50,long_short,price_slow,0.001,-0.020926019222214376,-0.8480134050975564,-1.1531850555280534,-0.05674376231361509,-0.36878096144839856,210,0.23333333333333334,0.7385935371592587,-134.45165853144667,0.5925675675675676,0.2560810810810811,0.13445945945945945,0.5510135135135135,0.4105912162162162,False
EURUSD1440_comma,daily,30,75,long_short,fast_slope,0.0025,-0.018831052662931613,-0.8864517139172301,-1.1915573868286216,-0.055229442290185116,-0.3409603986944134,200,0.31,0.7602674392442054,-124.19184357000286,0.547972972972973,0.275,0.17128378378378378,0.5888513513513514,0.41052364864864865,False
EURUSD1440_comma,daily,30,150,long_only,fast_slope,0.0,-0.010041995135980142,-1.1792932611175362,-1.591542311868247,-0.037259675115086446,-0.2695137599821459,99,0.30303030303030304,0.6859635611913264,-148.9083297530178,0.2706081081081081,0.5716216216216217,0.47331081081081083,0.42905405405405406,0.41016891891891893,False
EURUSD1440_comma,daily,30,500,long_short,fast_slope,0.005,-0.01468626505613857,-0.9530665454407499,-1.2770351171945409,-0.05413847529575013,-0.27127223247255805,175,0.28,0.7560073948616495,-111.84105969135292,0.4837837837837838,0.2905405405405405,0.28412162162162163,0.5807432432432432,0.4100844594594595,False
EURUSD1440_comma,daily,100,500,long_short,fast_slope,0.0,-0.01496138646187839,-0.8778135182719237,-1.1445532785046049,-0.05369395760217359,-0.2786419018081978,127,0.23622047244094488,0.6667712695497324,-162.5390810915097,0.5554054054054054,0.2996621621621622,0.2760135135135135,0.3827702702702703,0.409695945945946,False
EURUSD1440_comma,daily,75,250,long_only,none,0.0025,-0.008139615802014166,-0.996249803382938,-1.3039485738820042,-0.04625530348663413,-0.17597151436626457,12,0.4166666666666667,0.49078538364302177,-1023.4628407250907,0.4347972972972973,0.4233108108108108,0.5807432432432432,0.09155405405405405,0.40962837837837845,True
EURUSD1440_comma,daily,30,400,long_short,fast_slope,0.0,-0.01766444721584215,-0.9459305468851016,-1.2645887209752118,-0.05041190919866315,-0.35040226598501023,197,0.29949238578680204,0.7452108357534873,-121.02350309925802,0.4908783783783784,0.3601351351351351,0.1956081081081081,0.5608108108108109,0.4096283783783784,False
EURUSD1440_comma,daily,75,200,long_only,price_slow,0.001,-0.007745062372412681,-1.0333548774547343,-1.3620844845823292,-0.04993162044127389,-0.15511337913661116,41,0.1951219512195122,0.6039858761541447,-285.86395456505113,0.4043918918918919,0.3679054054054054,0.6,0.2391891891891892,0.4096114864864865,False
EURUSD1440_comma,daily,10,100,long_only,none,0.0025,-0.012589578453889638,-1.0039563406651562,-1.3512075719554746,-0.04359821602061626,-0.2887636147299333,50,0.24,0.6458816127568069,-354.08879556088294,0.4287162162162162,0.46993243243243243,0.3567567567567568,0.3273648648648649,0.40942567567567567,False
EURUSD1440_comma,daily,50,400,long_short,combined,0.001,-0.015372030354484645,-0.9463640873498349,-1.2686970145820684,-0.051921509257878806,-0.2960628566888591,150,0.26,0.7216401045769811,-142.53473616890585,0.4902027027027027,0.3307432432432432,0.2641891891891892,0.518581081081081,0.4093918918918919,False
EURUSD1440_comma,daily,50,250,long_only,none,0.0,-0.008508769553310036,-0.9577442749439674,-1.254630124153062,-0.05069970653570706,-0.16782680087738644,15,0.4,0.5215785145467453,-853.5688610742568,0.47736486486486485,0.3560810810810811,0.5543918918918919,0.12364864864864865,0.4093918918918919,True
EURUSD1440_comma,daily,5,500,long_only,none,0.0,-0.00826998402717849,-1.038818152733085,-1.4060354426327757,-0.042230656258902106,-0.19582892523568585,24,0.25,0.4686222910482275,-540.8077676322756,0.39797297297297296,0.4929054054054054,0.5712837837837837,0.08175675675675675,0.40893581081081076,False
EURUSD1440_comma,daily,30,400,long_only,fast_slope,0.001,-0.007218015450371484,-1.3234420465876018,-1.8435752560655685,-0.03690083632386843,-0.19560574148024612,80,0.2875,0.7039574409101955,-137.07008324345787,0.17195945945945945,0.577027027027027,0.6239864864864865,0.4722972972972973,0.4086824324324324,False
EURUSD1440_comma,daily,5,300,long_only,none,0.0025,-0.009120316188516386,-1.0297984715615653,-1.3852107523270323,-0.04486639746065832,-0.20327721200512372,28,0.14285714285714285,0.5771100824694607,-487.9231624900838,0.40878378378378377,0.44797297297297295,0.518918918918919,0.19425675675675674,0.408429054054054,False
EURUSD1440_comma,daily,100,500,long_only,none,0.001,-0.008201580594604962,-1.0566896022436363,-1.4111426887322334,-0.0384978216141448,-0.2130401215114871,6,0.16666666666666666,0.08585322905897672,-2686.1514073878666,0.3847972972972973,0.5567567567567567,0.5753378378378379,0.00033783783783783786,0.4082263513513514,True
EURUSD1440_comma,daily,40,250,long_short,fast_slope,0.001,-0.015138608293480349,-0.8561148817624059,-1.1464168329863944,-0.064140947103846,-0.23602096596688094,174,0.27586206896551724,0.7417131212193716,-122.03696760227865,0.5831081081081081,0.1489864864864865,0.2685810810810811,0.5564189189189189,0.4076689189189189,False
EURUSD1440_comma,daily,50,200,long_only,none,0.0025,-0.008426260066859537,-0.9799029309263091,-1.281415640831861,-0.04942483082550033,-0.1704863714477719,14,0.35714285714285715,0.5256930157701997,-906.2227773752969,0.4543918918918919,0.37432432432432433,0.5594594594594594,0.12972972972972974,0.40668918918918917,True
EURUSD1440_comma,daily,40,200,long_short,fast_slope,0.0,-0.016358176963796156,-0.8437251659023983,-1.122801191405225,-0.06424505919368877,-0.25462155641383755,187,0.26737967914438504,0.7452683599894747,-121.0075734444774,0.5976351351351351,0.1472972972972973,0.23108108108108108,0.5614864864864865,0.40631756756756754,False
EURUSD1440_comma,daily,50,500,long_only,none,0.0025,-0.006468379422235215,-1.0246802928936305,-1.3785789238244057,-0.04648178351669024,-0.13915944985012485,9,0.4444444444444444,0.38739129732484023,-1043.9944992967355,0.4114864864864865,0.4206081081081081,0.6574324324324324,0.03310810810810811,0.40619932432432443,True
EURUSD1440_comma,daily,5,500,long_only,none,0.005,-0.007729677414684,-1.075056934308049,-1.461224873839872,-0.04309165802719618,-0.17937758184671415,23,0.17391304347826086,0.5218256961324795,-524.3124401314158,0.3679054054054054,0.4797297297297297,0.6006756756756757,0.12466216216216217,0.40592905405405405,False
EURUSD1440_comma,daily,40,250,long_short,fast_slope,0.0,-0.01568641473681287,-0.8573403147206182,-1.1487713362811365,-0.06372671327585029,-0.24615132227064584,182,0.27472527472527475,0.7447225357344707,-119.46351422690114,0.581418918918919,0.15371621621621623,0.25304054054054054,0.5597972972972973,0.40557432432432433,False
EURUSD1440_comma,daily,10,200,long_only,none,0.001,-0.010484280709160076,-0.9586969460191059,-1.268347037937835,-0.05203554632600066,-0.20148305244027742,32,0.1875,0.6258643597728624,-485.86689314814345,0.47635135135135137,0.3293918918918919,0.4516891891891892,0.28006756756756757,0.40523648648648647,False
EURUSD1440_comma,daily,100,150,long_only,combined,0.005,-0.006101283885914466,-1.2167867934590293,-1.6089194768881676,-0.03995641198041753,-0.15269849277018865,34,0.2647058823529412,0.6249866304101215,-274.88907759011624,0.23783783783783785,0.5331081081081082,0.6736486486486486,0.27804054054054056,0.40484797297297304,False
EURUSD1440_comma,daily,5,500,long_only,price_slow,0.0025,-0.007750634593448602,-1.0614964387037022,-1.4458196418228273,-0.0439844525562982,-0.1762130512714265,26,0.19230769230769232,0.5121950218487762,-464.6963833085924,0.3804054054054054,0.4631756756756757,0.5996621621621622,0.1125,0.4047635135135136,False
EURUSD1440_comma,daily,20,500,long_only,price_slow,0.001,-0.007686909510900342,-1.0834370476513593,-1.472243118124094,-0.04175812120631122,-0.18408178550280563,24,0.16666666666666666,0.49516141517556,-499.9331323325545,0.35912162162162165,0.5020270270270271,0.6040540540540541,0.09763513513513514,0.4046114864864865,False
EURUSD1440_comma,daily,100,150,long_only,combined,0.001,-0.007869824724851537,-1.1421780712394065,-1.5163245607662277,-0.04290366156852601,-0.1834301417906209,56,0.26785714285714285,0.6273844012892449,-212.46823878655252,0.30675675675675673,0.4837837837837838,0.5902027027027027,0.28378378378378377,0.40425675675675676,False
EURUSD1440_comma,daily,20,75,long_only,slow_slope,0.001,-0.011644358457756021,-1.0772169833313543,-1.4776814332187211,-0.04151031501038237,-0.2805172269794529,85,0.25882352941176473,0.6537037312083904,-199.1504790679006,0.36452702702702705,0.5074324324324324,0.3972972972972973,0.34662162162162163,0.40412162162162163,False
EURUSD1440_comma,daily,60,150,long_only,combined,0.001,-0.008455544774256807,-1.1540604470054914,-1.5449756510778336,-0.04502359756012595,-0.1878025131813379,77,0.2987012987012987,0.6768974099116787,-165.30459539646674,0.297972972972973,0.4469594594594595,0.5577702702702703,0.4097972972972973,0.4039527027027027,False
EURUSD1440_comma,daily,5,50,long_short,price_slow,0.001,-0.027298417131008668,-0.8233699851296697,-1.1323484212980812,-0.05747675699916017,-0.4749470665404373,239,0.2217573221757322,0.7214935061982094,-147.15479613027762,0.6273648648648649,0.2402027027027027,0.07601351351351351,0.5182432432432432,0.40393581081081076,False
EURUSD1440_comma,daily,5,400,long_only,price_slow,0.001,-0.009008348974193003,-1.03845051498899,-1.4104433682620754,-0.04483617372041369,-0.20091698792958212,40,0.125,0.563682626204021,-337.6323889948622,0.3983108108108108,0.4489864864864865,0.5273648648648649,0.17398648648648649,0.40314189189189187,False
EURUSD1440_comma,daily,10,500,long_only,price_slow,0.005,-0.007497586649343857,-1.0886435916951938,-1.4749035364126624,-0.04269054136970155,-0.1756264129895777,22,0.2727272727272727,0.5071369485312074,-528.5047266984946,0.3543918918918919,0.4875,0.6118243243243243,0.10878378378378378,0.4023141891891892,False
EURUSD1440_comma,daily,60,100,long_only,combined,0.0,-0.009420864340100144,-1.1677005918147265,-1.5661647612732632,-0.04195629894286856,-0.22453992791233646,97,0.31958762886597936,0.6800099045492949,-145.16250948189762,0.28344594594594597,0.49932432432432433,0.5054054054054054,0.4192567567567568,0.4021790540540541,False
EURUSD1440_comma,daily,100,150,long_only,price_slow,0.0025,-0.0077071360941975975,-1.1128151337805845,-1.4703669837102893,-0.047086214846198404,-0.16368136872696293,44,0.25,0.6288048679239654,-265.1433324666131,0.33783783783783783,0.4125,0.602027027027027,0.2885135135135135,0.4019425675675676,False
EURUSD1440_comma,daily,40,500,long_only,price_slow,0.0,-0.007381511965864007,-1.080175165200253,-1.4599739130010667,-0.0432745801527716,-0.1705738551317001,28,0.21428571428571427,0.4917837128750278,-433.98494976457886,0.3618243243243243,0.47702702702702704,0.6165540540540541,0.09324324324324325,0.40128378378378377,False
EURUSD1440_comma,daily,100,500,long_only,combined,0.005,-0.004544772065650293,-1.4404502123165157,-1.965205587363612,-0.03412714847093344,-0.13317174945106058,55,0.2909090909090909,0.6630320168367372,-128.05468839024388,0.11148648648648649,0.6162162162162163,0.7351351351351352,0.3689189189189189,0.40101351351351355,False
EURUSD1440_comma,daily,75,200,long_short,combined,0.001,-0.019569469640820958,-0.8896554224532464,-1.16308866900976,-0.0529032973916151,-0.3699102060871279,164,0.23170731707317074,0.7091979883307845,-166.97596950018783,0.543581081081081,0.31486486486486487,0.15675675675675677,0.4891891891891892,0.40087837837837836,False
EURUSD1440_comma,daily,50,250,long_short,fast_slope,0.005,-0.0175511612844671,-0.9094115345571617,-1.2090261772410655,-0.052823750328522004,-0.3322589020149599,161,0.30434782608695654,0.7043882320539806,-157.22924380207184,0.5260135135135136,0.3179054054054054,0.19797297297297298,0.47466216216216217,0.40067567567567564,False
EURUSD1440_comma,daily,5,100,long_short,slow_slope,0.0,-0.02242164319840323,-0.7988804693874275,-1.0709223234609002,-0.05989514982978361,-0.37434822789697386,186,0.25268817204301075,0.6793884531210111,-163.44861285605955,0.6587837837837838,0.20540540540540542,0.11554054054054054,0.4179054054054054,0.4006587837837838,False
EURUSD1440_comma,daily,100,300,long_only,price_slow,0.001,-0.006502616962043906,-1.0920629444669605,-1.4552121170328378,-0.04855076719922855,-0.13393438120885615,33,0.15151515151515152,0.5878739306796433,-300.95019750858523,0.35202702702702704,0.38682432432432434,0.6560810810810811,0.21114864864864866,0.4004054054054054,False
EURUSD1440_comma,daily,100,150,long_only,combined,0.0,-0.008177613885209545,-1.1252183157286682,-1.4929913312060996,-0.04631227776440518,-0.1765755061068216,64,0.265625,0.6461279493486943,-192.74090410580428,0.32432432432432434,0.4222972972972973,0.5773648648648648,0.3277027027027027,0.3999324324324325,False
EURUSD1440_comma,daily,40,250,long_short,fast_slope,0.005,-0.014876449485628496,-0.8878144763210979,-1.183278439107683,-0.06220496722224281,-0.2391521151756042,155,0.2645161290322581,0.7402968982398586,-136.98314333610065,0.5452702702702703,0.17229729729729729,0.2777027027027027,0.5537162162162163,0.3997804054054054,False
EURUSD1440_comma,daily,60,100,long_only,none,0.0025,-0.010636109507456193,-1.0619168368400693,-1.4184514249706033,-0.04449892935253322,-0.2390194474836439,29,0.3448275862068966,0.6335865420818615,-543.2848759479241,0.38006756756756754,0.4543918918918919,0.4449324324324324,0.30067567567567566,0.39971283783783784,False
EURUSD1440_comma,daily,40,50,long_only,none,0.0,-0.013793607780042905,-0.9563753803859705,-1.2966527076531382,-0.050753515757023936,-0.271776399610976,69,0.2898550724637681,0.6661224441354321,-295.66443058157626,0.4797297297297297,0.35371621621621624,0.310472972972973,0.3810810810810811,0.39957770270270276,False
EURUSD1440_comma,daily,50,150,long_only,combined,0.001,-0.008875143596899338,-1.1830247703399859,-1.614125451492019,-0.04140506352795933,-0.21434923269484363,81,0.32098765432098764,0.6691355517852723,-164.4284025882996,0.26722972972972975,0.5091216216216217,0.5341216216216216,0.3881756756756757,0.399222972972973,False
EURUSD1440_comma,daily,30,400,long_only,price_slow,0.005,-0.008414020813095835,-1.0913136562454577,-1.475816554540308,-0.04198298984143208,-0.20041499771396043,32,0.21875,0.5384225622569111,-395.93243456440234,0.3527027027027027,0.49864864864864866,0.5601351351351351,0.14155405405405405,0.3990033783783784,False
EURUSD1440_comma,daily,10,100,long_only,none,0.005,-0.011719306126373952,-1.054938061105906,-1.4116531342521053,-0.04211007271203199,-0.27830173095439537,50,0.22,0.624829656876007,-331.40398178222443,0.3864864864864865,0.49493243243243246,0.3929054054054054,0.2777027027027027,0.3985641891891892,False
EURUSD1440_comma,daily,75,100,long_short,combined,0.005,-0.013085309115629995,-0.962004681358015,-1.2890260566375962,-0.05050456232740221,-0.2590916248477281,81,0.2345679012345679,0.6542071127390423,-231.50594782946143,0.47195945945945944,0.35945945945945945,0.33783783783783783,0.34864864864864864,0.39851351351351355,False
EURUSD1440_comma,daily,40,300,long_only,slow_slope,0.0,-0.007579892709880354,-1.0779019539790353,-1.4770769805055681,-0.050716281977134035,-0.14945679009549295,41,0.21951219512195122,0.6248258841208661,-280.11026218060823,0.3638513513513513,0.3554054054054054,0.6094594594594595,0.2773648648648649,0.3978885135135135,False
EURUSD1440_comma,daily,20,500,long_only,fast_slope,0.0,-0.00706903912273249,-1.3646695625324945,-1.8857283186366869,-0.04064931760293045,-0.17390302075385577,123,0.2764227642276423,0.727568492109561,-95.1800016526995,0.15304054054054053,0.5222972972972973,0.6314189189189189,0.5310810810810811,0.3977364864864865,False
EURUSD1440_comma,daily,5,50,long_short,price_slow,0.0,-0.028433594156630604,-0.8205828763936983,-1.1341442781721935,-0.05922724866312858,-0.4800762283987656,262,0.20229007633587787,0.7227917118638773,-138.00105813039815,0.6300675675675675,0.21182432432432433,0.06993243243243243,0.5202702702702703,0.3970101351351351,False
EURUSD1440_comma,daily,40,50,long_only,slow_slope,0.0,-0.012544585704624578,-1.0520007786806613,-1.4461079606140115,-0.04955576453324799,-0.2531407964901471,118,0.2627118644067797,0.7161695334075334,-156.9693415862542,0.3898648648648649,0.37263513513513513,0.3584459459459459,0.5074324324324324,0.3969087837837838,False
EURUSD1440_comma,daily,10,50,long_only,slow_slope,0.005,-0.011679958500814713,-1.1253806851973582,-1.5329923735271451,-0.04152647914328299,-0.2812653213510873,85,0.27058823529411763,0.6758237737746103,-204.3643755960587,0.3239864864864865,0.5067567567567568,0.3956081081081081,0.4064189189189189,0.39636824324324327,False
EURUSD1440_comma,daily,20,200,long_short,slow_slope,0.001,-0.021361998874010468,-0.7944186121315719,-1.0441222279097677,-0.05916162002451036,-0.36107866662813326,118,0.2457627118644068,0.6480504421555289,-239.39625398982733,0.6655405405405406,0.2141891891891892,0.13074324324324324,0.3324324324324324,0.395777027027027,False
EURUSD1440_comma,daily,100,500,long_only,none,0.0,-0.008799334917221624,-1.0558257984297554,-1.4038276392871925,-0.03986525708289935,-0.22072690761590996,6,0.16666666666666666,0.09780229025404621,-2655.023712295282,0.38547297297297295,0.5341216216216216,0.5381756756756757,0.0006756756756756757,0.3954560810810811,True
EURUSD1440_comma,daily,40,300,long_only,slow_slope,0.001,-0.007901923422578339,-1.0976786422791145,-1.5010610120662737,-0.04626803659377915,-0.17078579521225612,39,0.20512820512820512,0.5890750147733391,-306.2541280935798,0.34831081081081083,0.422972972972973,0.5885135135135136,0.2141891891891892,0.3948986486486487,False
EURUSD1440_comma,daily,10,50,long_only,fast_slope,0.001,-0.011697826796101762,-1.1444708120226246,-1.6127027505473481,-0.04582728204514487,-0.25525901327899236,171,0.3216374269005848,0.7481098694852382,-98.76232365499946,0.3054054054054054,0.4331081081081081,0.3935810810810811,0.5682432432432433,0.39439189189189194,False
EURUSD1440_comma,daily,5,500,long_only,price_slow,0.001,-0.00842394488224174,-1.0592284049567915,-1.4356608587860207,-0.043972085092895095,-0.19157483354372162,28,0.17857142857142858,0.4831549194806224,-471.27621451476494,0.3831081081081081,0.4635135135135135,0.5597972972972973,0.08783783783783784,0.39425675675675675,False
EURUSD1440_comma,daily,5,50,long_only,slow_slope,0.005,-0.011789414565090417,-1.1196475707417102,-1.5387856009110243,-0.04444274562914056,-0.26527196729628344,97,0.21649484536082475,0.7007551773320708,-180.5935221026027,0.3307432432432432,0.45506756756756755,0.389527027027027,0.4668918918918919,0.3940033783783784,False
EURUSD1440_comma,daily,30,100,long_short,combined,0.0,-0.018184410613060642,-0.8957984243000281,-1.2102669203424057,-0.05833982181741871,-0.311698082828756,231,0.2987012987012987,0.7525277585214718,-106.00669053837147,0.5361486486486486,0.22567567567567567,0.1831081081081081,0.5763513513513514,0.3939527027027027,False
EURUSD1440_comma,daily,100,300,long_only,slow_slope,0.001,-0.008344529679148116,-1.0878252451012678,-1.459919579712775,-0.043538804091946236,-0.1916573009567729,38,0.23684210526315788,0.5323496461642891,-330.8331693703966,0.3550675675675676,0.47162162162162163,0.5672297297297297,0.13547297297297298,0.39369932432432436,False
EURUSD1440_comma,daily,50,75,long_short,fast_slope,0.001,-0.02158065522162944,-0.8591836525255147,-1.168540299611414,-0.05791440818144876,-0.3726301605986573,199,0.24623115577889448,0.7230332628807958,-149.04591259793455,0.5780405405405405,0.23310810810810811,0.12804054054054054,0.5206081081081081,0.3931925675675676,False
EURUSD1440_comma,daily,100,200,long_short,slow_slope,0.0,-0.022402516804814976,-0.8038471003169149,-1.0378603204716952,-0.057378974086235844,-0.3904307660005536,117,0.23931623931623933,0.6429984272224263,-257.8644860418541,0.6533783783783784,0.2429054054054054,0.11621621621621622,0.31891891891891894,0.3931587837837838,False
EURUSD1440_comma,daily,50,500,long_only,combined,0.0025,-0.0055692057146755625,-1.4955983378975664,-2.0746346804704108,-0.03841699600838181,-0.14496723568548864,66,0.2727272727272727,0.7318744217114976,-122.30698507195747,0.08209459459459459,0.558445945945946,0.6986486486486486,0.5388513513513513,0.3930067567567567,False
EURUSD1440_comma,daily,75,500,long_only,none,0.001,-0.0076537161084683225,-1.031955428428155,-1.3803821686560442,-0.04584277021089665,-0.16695579419083761,8,0.25,0.2631459304206617,-1448.7538749283513,0.40540540540540543,0.43243243243243246,0.6057432432432432,0.008445945945945946,0.39268581081081083,True
EURUSD1440_comma,daily,100,300,long_only,none,0.005,-0.007386126997210418,-1.0323416232055742,-1.3689663619011132,-0.046992930226392476,-0.15717528065662467,9,0.4444444444444444,0.367692794810499,-1245.2248932576013,0.40506756756756757,0.4141891891891892,0.6162162162162163,0.02533783783783784,0.39261824324324324,True
EURUSD1440_comma,daily,100,200,long_short,slow_slope,0.001,-0.02159571245612446,-0.8086743848545739,-1.0348656093564488,-0.05664206945356296,-0.3812663037290567,108,0.25,0.6277005323146903,-264.55733867917695,0.6496621621621622,0.2581081081081081,0.12702702702702703,0.2847972972972973,0.3925168918918919,False
EURUSD1440_comma,daily,30,400,long_only,price_slow,0.0,-0.008991028363983466,-1.0526966776119144,-1.419189534101632,-0.04459118464841694,-0.201632417592715,40,0.15,0.5171715421902529,-337.02635143886135,0.3891891891891892,0.452027027027027,0.5287162162162162,0.1195945945945946,0.3923648648648649,False
EURUSD1440_comma,daily,60,200,long_only,none,0.0025,-0.008617928444322964,-0.9866255967284898,-1.284841485414599,-0.051661106227166964,-0.16681656808562617,13,0.38461538461538464,0.5259024695253791,-996.7171863325037,0.44797297297297295,0.33614864864864863,0.5472972972972973,0.13006756756756757,0.3921959459459459,True
EURUSD1440_comma,daily,5,200,long_short,slow_slope,0.0,-0.02259045609693544,-0.8104903121038615,-1.0711352495245015,-0.058085215910452355,-0.38891920676962344,144,0.2013888888888889,0.6565313037215386,-210.5099226574276,0.6466216216216216,0.2304054054054054,0.11317567567567567,0.35405405405405405,0.3919932432432433,False
EURUSD1440_comma,daily,30,75,long_short,fast_slope,0.001,-0.021305970990745382,-0.891873043800161,-1.2046221064523803,-0.05704876788460039,-0.37346943292173473,225,0.28,0.7550967268559858,-122.96425133630426,0.539527027027027,0.25067567567567567,0.13175675675675674,0.5790540540540541,0.3916891891891892,False
EURUSD1440_comma,daily,10,300,long_only,price_slow,0.0,-0.008826311700037448,-1.031250960780469,-1.3930240421831928,-0.051165012575276676,-0.17250678258021945,41,0.0975609756097561,0.601644526125476,-323.17566051110134,0.40675675675675677,0.34493243243243243,0.5371621621621622,0.23378378378378378,0.3914358108108108,False
EURUSD1440_comma,daily,10,200,long_short,slow_slope,0.0,-0.02177586235307194,-0.7966281458438903,-1.0508120269871832,-0.060504878155105704,-0.35990258995727575,131,0.1984732824427481,0.6528683263674124,-224.71389937050256,0.6618243243243244,0.1983108108108108,0.12364864864864865,0.34493243243243243,0.39077702702702705,False
EURUSD1440_comma,daily,40,400,long_only,price_slow,0.001,-0.008741835035501522,-1.0602564612060936,-1.4265755677296754,-0.045363173724554486,-0.1927077476673481,40,0.15,0.5233171136870913,-328.2895824038555,0.3824324324324324,0.4402027027027027,0.5418918918918919,0.12837837837837837,0.39065878378378377,False
EURUSD1440_comma,daily,5,75,long_short,price_slow,0.005,-0.023100284835413598,-0.8252597256439587,-1.116261027548242,-0.06085213776202095,-0.3796133658566545,159,0.24528301886792453,0.7009743110975427,-200.05678925548895,0.6246621621621622,0.1939189189189189,0.10912162162162162,0.46790540540540543,0.3903547297297298,False
EURUSD1440_comma,daily,100,300,long_short,slow_slope,0.005,-0.01814733757706133,-0.7986489921477724,-1.0413507288115815,-0.05610832325468953,-0.32343396709051675,55,0.2727272727272727,0.5490179332774376,-452.17425752037445,0.6594594594594595,0.26587837837837835,0.18445945945945946,0.1527027027027027,0.39005067567567575,False
EURUSD1440_comma,daily,30,75,long_short,combined,0.005,-0.016857504472954754,-0.9410259921850724,-1.2692109396647766,-0.05627423020114703,-0.29955993023270444,172,0.28488372093023256,0.7355680546870157,-132.81889315448402,0.4962837837837838,0.2635135135135135,0.21756756756756757,0.5476351351351352,0.39005067567567575,False
EURUSD1440_comma,daily,50,100,long_only,price_slow,0.0,-0.01148835741792631,-1.0902874125312363,-1.4631255437295447,-0.041497158499749595,-0.27684684526039616,82,0.23170731707317074,0.6176252977726792,-203.02162762892144,0.3533783783783784,0.5077702702702702,0.40540540540540543,0.2652027027027027,0.3891554054054054,False
EURUSD1440_comma,daily,50,100,long_short,price_slow,0.0025,-0.019528247063977044,-0.8260642130190263,-1.1026544509820724,-0.06211976634623853,-0.31436446420503183,143,0.23776223776223776,0.6865581262423508,-189.86492683322274,0.6226351351351351,0.17533783783783785,0.15777027027027027,0.4300675675675676,0.3889527027027027,False
EURUSD1440_comma,daily,10,400,long_short,slow_slope,0.0025,-0.019009690567381443,-0.8298136776415408,-1.086811894389697,-0.05223451670439909,-0.363929672690558,74,0.1891891891891892,0.5714369525862202,-322.8014825052695,0.6152027027027027,0.3253378378378378,0.16689189189189188,0.1875,0.38891891891891894,False
EURUSD1440_comma,daily,20,75,long_only,slow_slope,0.0025,-0.01088783004111249,-1.0975854614433815,-1.5096950766218635,-0.04526240936356777,-0.24054906033959889,77,0.23376623376623376,0.6549296691341066,-206.52471782501092,0.34864864864864864,0.44222972972972974,0.43175675675675673,0.35033783783783784,0.38891891891891894,False
EURUSD1440_comma,daily,40,100,long_only,fast_slope,0.001,-0.010740912348987108,-1.171223457971208,-1.622921971579372,-0.03986381419402013,-0.2694401568477691,94,0.2765957446808511,0.6611278094309874,-166.2849850233846,0.28074324324324323,0.5344594594594595,0.4391891891891892,0.3668918918918919,0.38878378378378375,False
EURUSD1440_comma,daily,40,500,long_only,combined,0.005,-0.0048512128898392515,-1.5568737023828931,-2.171540190505292,-0.03673333566517934,-0.13206567827266136,65,0.26153846153846155,0.7156114150075822,-116.15066219034661,0.05810810810810811,0.5793918918918919,0.7236486486486486,0.5064189189189189,0.38878378378378375,False
EURUSD1440_comma,daily,40,250,long_only,slow_slope,0.0025,-0.008993556939685066,-1.0758965787942458,-1.453007553617332,-0.045339206400504206,-0.1983615871049973,48,0.25,0.5632904080476354,-280.92902890207466,0.36655405405405406,0.44054054054054054,0.5280405405405405,0.17331081081081082,0.3883614864864865,False
EURUSD1440_comma,daily,100,500,long_only,combined,0.0,-0.005312189820041446,-1.4217144623802593,-1.9337527549842106,-0.03562503242842933,-0.14911396447746772,61,0.26229508196721313,0.6445782903200276,-134.1861050637196,0.12263513513513513,0.5962837837837838,0.7081081081081081,0.32297297297297295,0.38819256756756754,False
EURUSD1440_comma,daily,50,400,long_short,combined,0.0,-0.016235326900912894,-0.9614426320758959,-1.2887586361752874,-0.05307509727529761,-0.305893493076445,152,0.2565789473684211,0.7098822187890016,-147.90622539617362,0.47331081081081083,0.31114864864864866,0.23648648648648649,0.4912162162162162,0.3880912162162163,False
EURUSD1440_comma,daily,60,100,long_only,fast_slope,0.0025,-0.00969178044047847,-1.183767471067845,-1.5892141757459723,-0.041829099608747956,-0.23169947551181747,69,0.3188405797101449,0.6689907322597078,-209.51800172985457,0.2662162162162162,0.5013513513513513,0.4905405405405405,0.38682432432432434,0.38795608108108104,False
EURUSD1440_comma,daily,100,500,long_only,combined,0.0025,-0.005156805426991595,-1.4421026724196835,-1.9664249130881322,-0.035511591277774944,-0.1452147099422999,60,0.26666666666666666,0.652387336823836,-132.58536958849737,0.11081081081081082,0.597972972972973,0.7125,0.34324324324324323,0.38780405405405405,False
EURUSD1440_comma,daily,40,75,long_only,price_slow,0.001,-0.011551747384357935,-1.107554706358841,-1.5219984578326176,-0.04515318342500479,-0.2558346169222887,86,0.23255813953488372,0.6707679788319301,-192.27637138218736,0.3422297297297297,0.4445945945945946,0.4027027027027027,0.3929054054054054,0.38751689189189187,False
EURUSD1440_comma,daily,5,400,long_only,none,0.0,-0.009332543198122711,-1.0290510329171754,-1.3919366106019637,-0.04724636378000936,-0.19752934303213932,31,0.16129032258064516,0.5224293752553212,-450.2534316649386,0.40945945945945944,0.4101351351351351,0.510472972972973,0.1266891891891892,0.3874155405405405,False
EURUSD1440_comma,daily,20,75,long_short,price_slow,0.0,-0.024340854404052203,-0.8159207473863112,-1.108041811471303,-0.060597494612645214,-0.4016808707958177,199,0.18090452261306533,0.6803080461751663,-169.07038807039282,0.6371621621621621,0.1972972972972973,0.09966216216216216,0.41993243243243245,0.38711148648648647,False
EURUSD1440_comma,daily,5,50,long_short,price_slow,0.0025,-0.026831535904260684,-0.839541115418076,-1.1429239143066785,-0.058812860129342844,-0.45621885834581144,210,0.23809523809523808,0.7135405673325002,-164.8346107095806,0.6023648648648648,0.21925675675675677,0.08074324324324324,0.5010135135135135,0.3870608108108108,False
EURUSD1440_comma,daily,40,100,long_only,fast_slope,0.0025,-0.010543263500501943,-1.203286104616027,-1.6662018202452809,-0.03814091609477866,-0.27642921513217855,84,0.2857142857142857,0.6651978598008946,-182.86721956415317,0.2489864864864865,0.5631756756756757,0.44932432432432434,0.37736486486486487,0.38685810810810817,False
EURUSD1440_comma,daily,40,400,long_only,price_slow,0.0,-0.008881009440778076,-1.058183149215883,-1.4261515219433172,-0.04610362305222151,-0.1926314864824955,40,0.15,0.5226853241279569,-333.1731364913165,0.3841216216216216,0.4280405405405405,0.5337837837837838,0.12702702702702703,0.3864695945945946,False
EURUSD1440_comma,daily,100,500,long_only,combined,0.001,-0.005329872552243042,-1.4341290881494706,-1.9564864724466278,-0.03596556355284565,-0.1481937727574224,61,0.2459016393442623,0.6519851729875257,-134.6150548352283,0.11452702702702702,0.5918918918918918,0.7074324324324325,0.34087837837837837,0.38640202702702703,False
EURUSD1440_comma,daily,5,100,long_short,none,0.0,-0.026923381984747974,-0.7759352831951343,-1.0704239469951995,-0.0620557382890937,-0.43385805611275374,127,0.2125984251968504,0.654703038353512,-281.73266054912966,0.6841216216216216,0.1766891891891892,0.07972972972972973,0.35,0.38626689189189184,False
EURUSD1440_comma,daily,60,400,long_only,slow_slope,0.001,-0.006898641635726732,-1.1558504720166674,-1.5498212183553195,-0.04353091926491266,-0.1584768195163584,32,0.25,0.537376055299137,-328.2897577169647,0.2972972972972973,0.47195945945945944,0.6402027027027027,0.14020270270270271,0.38597972972972977,False
EURUSD1440_comma,daily,50,200,long_only,none,0.005,-0.008381058876700709,-1.0088130103671618,-1.3130893311174532,-0.05124391171684413,-0.16355228545025013,13,0.38461538461538464,0.5157852291437821,-971.0216914681683,0.4243243243243243,0.34324324324324323,0.5631756756756757,0.11689189189189189,0.38570945945945945,True
EURUSD1440_comma,daily,40,75,long_short,price_slow,0.0,-0.022417614899364002,-0.8289174375590576,-1.1270630700617723,-0.06287939363015307,-0.35651766986210087,196,0.21428571428571427,0.7134257628713079,-158.20202936711055,0.6158783783783783,0.1635135135135135,0.11587837837837837,0.5006756756756757,0.3855067567567568,False
EURUSD1440_comma,daily,20,300,long_only,slow_slope,0.001,-0.008495897450451984,-1.1133808655685353,-1.524312254183002,-0.04538135654589531,-0.18721118311789264,44,0.1590909090909091,0.5793745020228775,-290.57684168834624,0.3364864864864865,0.43986486486486487,0.5550675675675676,0.19898648648648648,0.3854222972972973,False
EURUSD1440_comma,daily,60,250,long_only,none,0.001,-0.009703420174094202,-1.0024504873979876,-1.3145869511836636,-0.048190999669529395,-0.20135336972952567,13,0.3076923076923077,0.5123294574590332,-1113.2970141531787,0.4314189189189189,0.3915540540540541,0.48986486486486486,0.11283783783783784,0.38535472972972973,True
EURUSD1440_comma,daily,5,500,long_only,none,0.0025,-0.008443016058816477,-1.0751198534541972,-1.4638365149337378,-0.0445802690180001,-0.18938907828051588,24,0.16666666666666666,0.4841910887966094,-544.190450705545,0.3675675675675676,0.4523648648648649,0.558445945945946,0.08885135135135135,0.3851351351351352,False
EURUSD1440_comma,daily,40,100,long_only,slow_slope,0.0,-0.012022465733163012,-1.0675730462490225,-1.4351197757979373,-0.042708746268516805,-0.2814989149429914,75,0.18666666666666668,0.6126474378148451,-235.04205712752872,0.37364864864864866,0.4864864864864865,0.3783783783783784,0.25574324324324327,0.3851182432432433,False
EURUSD1440_comma,daily,30,50,long_short,combined,0.001,-0.020136021814258664,-0.8899453130517517,-1.2005704147886915,-0.059810558101344544,-0.3366633325865255,232,0.2629310344827586,0.7504146855728346,-116.75612522463662,0.5418918918918919,0.20675675675675675,0.14932432432432433,0.572972972972973,0.38425675675675675,False
EURUSD1440_comma,daily,75,400,long_only,fast_slope,0.0,-0.007005767407775809,-1.234258366092852,-1.6637297554851573,-0.0456266677002924,-0.15354545402689823,67,0.2537313432835821,0.6698918435771882,-159.1033999250085,0.22364864864864864,0.4358108108108108,0.6347972972972973,0.39087837837837835,0.3840033783783784,False
EURUSD1440_comma,daily,20,200,long_short,slow_slope,0.0025,-0.021307114767218138,-0.7999490388519563,-1.0483866225527212,-0.06134595695244471,-0.34732712350930284,111,0.22522522522522523,0.6420014565145048,-253.77708011298,0.6577702702702702,0.1864864864864865,0.1314189189189189,0.3168918918918919,0.38354729729729725,False
EURUSD1440_comma,daily,75,200,long_only,slow_slope,0.005,-0.008551341569234983,-1.0995119259918869,-1.4347413493446595,-0.04531309194577694,-0.18871679689101295,35,0.2571428571428571,0.5544727786375561,-367.5297589234762,0.34594594594594597,0.44155405405405407,0.5516891891891892,0.16047297297297297,0.3831756756756757,False
EURUSD1440_comma,daily,50,75,long_only,fast_slope,0.0,-0.011493765912343301,-1.125921568884917,-1.5565045193326497,-0.04513283536095866,-0.2546652746369614,102,0.2647058823529412,0.6775375151719041,-161.47897981463612,0.32263513513513514,0.4449324324324324,0.4047297297297297,0.4118243243243243,0.38300675675675677,False
EURUSD1440_comma,daily,5,100,long_only,none,0.0,-0.015208779414716878,-0.9883162047733685,-1.3204932937652918,-0.04518377618702273,-0.3365982372027817,63,0.23809523809523808,0.620636734683351,-347.6743861371563,0.4452702702702703,0.44391891891891894,0.26756756756756755,0.26925675675675675,0.3829898648648649,False
EURUSD1440_comma,daily,30,100,long_short,fast_slope,0.005,-0.016894952675840513,-0.9014677856340358,-1.216031233275654,-0.06253157707883698,-0.2701827375078054,178,0.3089887640449438,0.7475286466624016,-129.06021567955966,0.5310810810810811,0.16858108108108108,0.21587837837837837,0.566554054054054,0.38273648648648656,False
EURUSD1440_comma,daily,60,150,long_only,combined,0.005,-0.007966396714750856,-1.2030947582570506,-1.6029652395688443,-0.04701239812253059,-0.16945310243454648,68,0.3382352941176471,0.6788975623140064,-176.99435053781733,0.24966216216216217,0.4131756756756757,0.5858108108108108,0.4158783783783784,0.3827027027027027,False
EURUSD1440_comma,daily,5,75,long_only,none,0.005,-0.01303324208655765,-1.0826377249257724,-1.4839159853105632,-0.04170799396656701,-0.3124878673619511,72,0.2361111111111111,0.63274846512277,-264.2682716182045,0.3597972972972973,0.5027027027027027,0.33918918918918917,0.2996621621621622,0.3823817567567567,False
EURUSD1440_comma,daily,50,150,long_short,combined,0.0,-0.01905310220099299,-0.8683988183948259,-1.16336470887265,-0.06022551137958868,-0.3163626470667108,196,0.2653061224489796,0.7057679328276484,-134.90277835917396,0.5675675675675675,0.20135135135135135,0.16587837837837838,0.47871621621621624,0.382347972972973,False
EURUSD1440_comma,daily,10,50,long_short,slow_slope,0.001,-0.02438979134385033,-0.838145816720428,-1.1446249306983118,-0.06085453391471325,-0.400788401042267,230,0.2391304347826087,0.7064005894080347,-145.63861755059293,0.6043918918918919,0.19324324324324324,0.09864864864864865,0.48074324324324325,0.3819087837837838,False
EURUSD1440_comma,daily,20,300,long_only,slow_slope,0.0,-0.008650371618428299,-1.1130296309697758,-1.5233647967462023,-0.04617053220881335,-0.18735698300607972,46,0.15217391304347827,0.5873873968348486,-282.6735333289479,0.3368243243243243,0.42567567567567566,0.5459459459459459,0.21047297297297296,0.38190878378378373,False
EURUSD1440_comma,daily,75,100,long_only,price_slow,0.0,-0.011644293824702112,-1.1398165589349571,-1.522646757144111,-0.03925311211087965,-0.29664638543334,81,0.2962962962962963,0.62775771365767,-211.3725234812068,0.3091216216216216,0.543581081081081,0.39763513513513515,0.28547297297297297,0.3818918918918919,False
EURUSD1440_comma,daily,10,75,long_only,slow_slope,0.0,-0.012422910885432126,-1.071417296520398,-1.4794290191186088,-0.046147664989193385,-0.2691991217397729,101,0.26732673267326734,0.658107593575066,-177.92853146221103,0.3706081081081081,0.4263513513513513,0.36317567567567566,0.35777027027027025,0.38113175675675676,False
EURUSD1440_comma,daily,40,400,long_only,fast_slope,0.0,-0.007023358064037977,-1.3123866020400177,-1.8433904854849108,-0.04429677745507111,-0.1585523477675449,77,0.2987012987012987,0.6966569078772011,-138.77011874516413,0.1777027027027027,0.4574324324324324,0.6344594594594595,0.45844594594594595,0.381097972972973,False
EURUSD1440_comma,daily,50,500,long_short,fast_slope,0.0025,-0.01752184679469171,-0.9653604977842148,-1.299688626195914,-0.05221964885555155,-0.33554126040104415,153,0.26143790849673204,0.7076506624599153,-157.83327539296383,0.46756756756756757,0.3260135135135135,0.19932432432432431,0.48445945945945945,0.38106418918918916,False
EURUSD1440_comma,daily,20,400,long_only,fast_slope,0.001,-0.007805896619664687,-1.333872210231465,-1.8224711053325833,-0.04453283664797211,-0.17528406468623514,120,0.2833333333333333,0.732736653189553,-98.39299340047027,0.16824324324324325,0.4537162162162162,0.5956081081081082,0.5412162162162162,0.38103040540540545,False
EURUSD1440_comma,daily,20,400,long_only,price_slow,0.001,-0.009368152561060827,-1.0664433269235931,-1.4480259847012737,-0.04427122422986818,-0.2116081658916601,38,0.13157894736842105,0.4951817778528891,-368.616576953123,0.37533783783783786,0.4581081081081081,0.5074324324324324,0.09797297297297297,0.38084459459459463,False
EURUSD1440_comma,daily,10,75,long_only,combined,0.0,-0.009583529457416695,-1.2451379581308688,-1.7762919665610937,-0.046635451052795124,-0.20549880490203387,159,0.3333333333333333,0.764399830322214,-87.99567359826608,0.21621621621621623,0.4195945945945946,0.497972972972973,0.5983108108108108,0.38072635135135136,False
EURUSD1440_comma,daily,75,200,long_short,combined,0.0,-0.02088403264969929,-0.9001747191665068,-1.18252479200962,-0.054452883603581664,-0.38352482490616224,169,0.23076923076923078,0.6987360482275925,-170.14560221641565,0.5317567567567567,0.28614864864864864,0.13547297297297298,0.46216216216216216,0.3806587837837838,False
EURUSD1440_comma,daily,10,50,long_short,price_slow,0.0,-0.027600823976150157,-0.8380407466937437,-1.1478540793978562,-0.05916957738419236,-0.46646985150723663,248,0.21774193548387097,0.7022385581046751,-143.04965868251378,0.6050675675675675,0.21317567567567566,0.07466216216216216,0.4689189189189189,0.38059121621621617,False
EURUSD1440_comma,daily,75,400,long_short,combined,0.0,-0.017312385658238894,-0.9503091163343729,-1.2564931757089624,-0.05036774206368025,-0.34371970926055684,137,0.23357664233576642,0.6608860861243738,-168.82891715467946,0.48614864864864865,0.36114864864864865,0.20337837837837838,0.36655405405405406,0.38040540540540546,False
EURUSD1440_comma,daily,10,250,long_only,none,0.005,-0.010523674382695969,-1.0318168073250717,-1.3709633945756778,-0.04817022766791154,-0.21846843770901014,31,0.22580645161290322,0.5792272356161607,-503.2783925391302,0.4060810810810811,0.3929054054054054,0.44966216216216215,0.1983108108108108,0.38033783783783787,False
EURUSD1440_comma,daily,100,400,long_short,slow_slope,0.0025,-0.01892858094691252,-0.8095350665182456,-1.0491310685088724,-0.05421811546524093,-0.349119123460637,63,0.20634920634920634,0.49850253822151097,-370.9022370435548,0.647972972972973,0.28986486486486485,0.16824324324324325,0.1,0.38030405405405404,False
EURUSD1440_comma,daily,60,200,long_short,slow_slope,0.0025,-0.022914676047422478,-0.8216175732207472,-1.0584864181551499,-0.05705010001767122,-0.4016588233907509,101,0.24752475247524752,0.6290604669226537,-301.9333066449101,0.6297297297297297,0.25033783783783786,0.11081081081081082,0.28986486486486485,0.3801182432432433,False
EURUSD1440_comma,daily,20,75,long_only,slow_slope,0.005,-0.010466297829216376,-1.165559201268421,-1.596399240749628,-0.041246521132962885,-0.253749832512591,62,0.25806451612903225,0.6373151585901704,-247.19239495796998,0.28581081081081083,0.5125,0.45304054054054055,0.30777027027027026,0.37922297297297297,False
EURUSD1440_comma,daily,10,50,long_only,price_slow,0.0,-0.015482074525318468,-1.049223313818885,-1.4218157172482966,-0.04399500268509989,-0.3519052978842503,120,0.16666666666666666,0.6629250147515552,-187.7590338856229,0.39054054054054055,0.46283783783783783,0.26013513513513514,0.3679054054054054,0.3791385135135136,False
EURUSD1440_comma,daily,40,300,long_only,combined,0.0,-0.00676080928880618,-1.3771402591461892,-1.9267414010541686,-0.04193320862272659,-0.1612280460012787,81,0.2839506172839506,0.6885133274979427,-127.23354183642981,0.14797297297297296,0.5,0.6472972972972973,0.43614864864864866,0.379070945945946,False
EURUSD1440_comma,daily,75,250,long_only,none,0.005,-0.00838848061396169,-1.0537244294813586,-1.3933455127313616,-0.047756180367220694,-0.17565225169723686,13,0.3076923076923077,0.46658592006580735,-971.8281990727457,0.3878378378378378,0.3983108108108108,0.5618243243243243,0.07939189189189189,0.3789864864864865,True
EURUSD1440_comma,daily,30,300,long_short,combined,0.0025,-0.01690650195712906,-0.9612187537236062,-1.2839472272822234,-0.055908623282445426,-0.30239524718251254,197,0.29441624365482233,0.7251957737233135,-115.41340963139507,0.4743243243243243,0.2685810810810811,0.21554054054054053,0.5243243243243243,0.37863175675675675,False
EURUSD1440_comma,daily,50,300,long_only,slow_slope,0.0,-0.008436736940195533,-1.1193936429711018,-1.5090027400435038,-0.04610196429330136,-0.18300168050369592,41,0.17073170731707318,0.5674256733406421,-309.80265742671554,0.3310810810810811,0.4287162162162162,0.5587837837837838,0.18074324324324326,0.37847972972972976,False
EURUSD1440_comma,daily,10,300,long_only,none,0.001,-0.009692869371999313,-1.017790050851169,-1.35034194786705,-0.05081045156094315,-0.19076526726737464,25,0.16,0.5620496901356059,-578.3300090527026,0.4168918918918919,0.35202702702702704,0.4902027027027027,0.17094594594594595,0.378445945945946,False
EURUSD1440_comma,daily,5,75,long_only,price_slow,0.005,-0.012999474630373764,-1.0969733365187666,-1.4997893534365103,-0.04163470526583732,-0.3122268921413567,74,0.24324324324324326,0.6320841432282692,-256.5254950159402,0.34966216216216217,0.5037162162162162,0.3398648648648649,0.29695945945945945,0.3783108108108108,False
EURUSD1440_comma,daily,5,250,long_only,slow_slope,0.0025,-0.009779400431422558,-1.0777899436402165,-1.4673336386437017,-0.04743044510113092,-0.20618403244099814,64,0.25,0.5953936569086743,-227.7814227262995,0.3641891891891892,0.40675675675675677,0.4868243243243243,0.22263513513513514,0.378125,False
EURUSD1440_comma,daily,75,200,long_only,price_slow,0.0,-0.008701635189232393,-1.0376204103730542,-1.369239025741296,-0.0537851632572299,-0.16178504744173483,45,0.2222222222222222,0.60115794495359,-290.5573972567848,0.4,0.2976351351351351,0.543918918918919,0.23243243243243245,0.37805743243243245,False
EURUSD1440_comma,daily,50,500,long_short,fast_slope,0.0,-0.018319259279769073,-0.9651678331893209,-1.300906425051092,-0.05169463788727119,-0.354374457941214,170,0.2647058823529412,0.7033477837526075,-151.51895791442826,0.46824324324324323,0.33513513513513515,0.18074324324324326,0.47094594594594597,0.37787162162162163,False
EURUSD1440_comma,daily,10,300,long_short,slow_slope,0.0,-0.0186340714392218,-0.7838668425827807,-1.038626535821341,-0.06637545652969377,-0.2807373751303036,85,0.15294117647058825,0.6269400913688942,-281.9323072680734,0.6773648648648649,0.11587837837837837,0.17432432432432432,0.2827702702702703,0.3771959459459459,False
EURUSD1440_comma,daily,75,300,long_only,price_slow,0.0025,-0.00714290266693296,-1.0908295131786208,-1.4569257788317738,-0.050938496764154816,-0.14022602001791673,33,0.18181818181818182,0.5477935324519967,-329.01641788469266,0.3530405405405405,0.3489864864864865,0.6270270270270271,0.15135135135135136,0.376570945945946,False
EURUSD1440_comma,daily,20,50,long_short,slow_slope,0.0,-0.025312654664855994,-0.8412590449713181,-1.1501578185455705,-0.061256291273056644,-0.4132253869569422,229,0.23580786026200873,0.7048810103366583,-147.27697509308197,0.6003378378378378,0.1885135135135135,0.08952702702702703,0.4756756756756757,0.37652027027027024,False
EURUSD1440_comma,daily,5,50,long_short,slow_slope,0.005,-0.02184985864830391,-0.862823714771276,-1.1672404876140756,-0.06310009162433744,-0.34627300984578147,208,0.23557692307692307,0.737285879620788,-140.38827411016325,0.5736486486486486,0.16114864864864864,0.12195945945945946,0.5489864864864865,0.37648648648648647,False
EURUSD1440_comma,daily,60,300,long_only,slow_slope,0.0025,-0.008258555717018279,-1.130132729038244,-1.5219722093109727,-0.04519246679476757,-0.182741866128327,38,0.21052631578947367,0.5529784435047872,-327.6329661075477,0.3179054054054054,0.4435810810810811,0.5722972972972973,0.15912162162162163,0.37638513513513516,False
EURUSD1440_comma,daily,20,100,long_only,slow_slope,0.0,-0.012620563812469232,-1.0771631927521768,-1.4452133439554684,-0.043820780539654415,-0.2880040852090391,85,0.24705882352941178,0.6277101966472516,-216.75337056744877,0.36486486486486486,0.46587837837837837,0.3550675675675676,0.2851351351351351,0.37619932432432435,False
EURUSD1440_comma,daily,75,100,long_short,combined,0.0,-0.019731913275585655,-0.8445092364852343,-1.123876810877238,-0.0630014161644139,-0.3131979323145937,191,0.25654450261780104,0.690547254156546,-144.60468216697214,0.5956081081081082,0.16216216216216217,0.15337837837837837,0.44256756756756754,0.3758445945945946,False
EURUSD1440_comma,daily,10,75,long_short,price_slow,0.0,-0.027004150277697536,-0.8249413740291617,-1.1349614244084198,-0.05862049237445234,-0.46066058444548885,212,0.18396226415094338,0.6597844906007726,-171.8067014998657,0.6256756756756757,0.22162162162162163,0.07837837837837838,0.36317567567567566,0.37582770270270277,False
EURUSD1440_comma,daily,40,500,long_only,none,0.0025,-0.006850089074073806,-1.0415912449705858,-1.3970032732667403,-0.051785310648750416,-0.13227861314836198,10,0.5,0.39075406856203865,-980.6393837367883,0.3969594594594595,0.3341216216216216,0.6412162162162162,0.034797297297297296,0.37577702702702703,True
EURUSD1440_comma,daily,100,400,long_short,slow_slope,0.001,-0.01964477737424486,-0.8143138162611104,-1.0589257248469726,-0.05424349875621919,-0.36215911260688216,67,0.19402985074626866,0.5089361713009308,-359.7594630959856,0.6388513513513514,0.2891891891891892,0.15472972972972973,0.11047297297297297,0.3753547297297298,False
EURUSD1440_comma,daily,50,300,long_short,combined,0.0,-0.01720432533670424,-0.9285311415822702,-1.239223868151793,-0.057770125730027294,-0.29780661058457614,169,0.26627218934911245,0.7060151309076171,-143.12322280213104,0.5077702702702702,0.23614864864864865,0.20641891891891892,0.4793918918918919,0.3753378378378378,False
EURUSD1440_comma,daily,5,75,long_only,slow_slope,0.001,-0.012258040323956498,-1.0711242395031595,-1.4827964443930708,-0.04683727774957505,-0.261715473505881,106,0.22641509433962265,0.6448721518515586,-167.46171972146132,0.37094594594594593,0.41655405405405405,0.37027027027027026,0.32432432432432434,0.37521959459459464,False
EURUSD1440_comma,daily,10,100,long_only,fast_slope,0.0,-0.011769551341676121,-1.1974505852820327,-1.6657034216223268,-0.045613373538859116,-0.25802852164945356,164,0.32926829268292684,0.7476725178920023,-103.56714635932211,0.2554054054054054,0.43682432432432433,0.3912162162162162,0.5675675675675675,0.37474662162162165,False
EURUSD1440_comma,daily,40,50,long_short,fast_slope,0.0,-0.024558163830681656,-0.8370467142610266,-1.1435098366060925,-0.06424485298358844,-0.3822588532805129,239,0.28451882845188287,0.7138293615877178,-134.13015718982018,0.6077702702702703,0.14763513513513513,0.09628378378378379,0.5020270270270271,0.3745777027027027,False
EURUSD1440_comma,daily,50,75,long_only,price_slow,0.001,-0.01109221146506234,-1.1405732865052505,-1.557461567243549,-0.04309673348397219,-0.2573794013689592,81,0.2345679012345679,0.639986926650693,-199.76027875191522,0.30777027027027026,0.4793918918918919,0.42027027027027025,0.31385135135135134,0.37408783783783783,False
EURUSD1440_comma,daily,30,500,long_short,fast_slope,0.0,-0.01839016832833218,-0.9817953991968706,-1.3128809383003086,-0.051136139240957425,-0.35963153654749513,192,0.28125,0.7036271243913708,-136.38277795821293,0.452027027027027,0.34628378378378377,0.17871621621621622,0.47128378378378377,0.37381756756756757,False
EURUSD1440_comma,daily,60,250,long_only,none,0.0025,-0.009404897492811148,-1.017945589234846,-1.3353747202783515,-0.05027754650186263,-0.1870595951308548,14,0.35714285714285715,0.49938959834549507,-1004.1825908458802,0.41621621621621624,0.3618243243243243,0.5067567567567568,0.10101351351351351,0.373445945945946,True
EURUSD1440_comma,daily,10,50,long_only,fast_slope,0.0,-0.01245831412050058,-1.1454496761764648,-1.6096099597716533,-0.04885506514794396,-0.25500557788172107,178,0.3258426966292135,0.7411280794372767,-100.60576178071214,0.3043918918918919,0.3831081081081081,0.3625,0.5554054054054054,0.3733445945945946,False
EURUSD1440_comma,daily,20,100,long_only,slow_slope,0.001,-0.011967348308071335,-1.0865862101908517,-1.4615991522728815,-0.044400608696970725,-0.2695311766950578,81,0.24691358024691357,0.6212616599517548,-216.72154249951464,0.3560810810810811,0.4564189189189189,0.3804054054054054,0.2702702702702703,0.37315878378378375,False
EURUSD1440_comma,daily,20,100,long_short,price_slow,0.001,-0.023642658449320675,-0.8188132013517224,-1.1071422526335393,-0.06441297723494753,-0.36704806180722926,162,0.2037037037037037,0.6784744800085502,-196.0166789264637,0.6327702702702702,0.14560810810810812,0.10506756756756756,0.4141891891891892,0.372652027027027,False
EURUSD1440_comma,daily,40,250,long_only,fast_slope,0.0025,-0.00808618033560815,-1.3056040170823526,-1.7757407765301216,-0.040730458710688804,-0.19852907606675474,83,0.3253012048192771,0.6555974737723709,-147.05728570511317,0.1820945945945946,0.5209459459459459,0.5824324324324325,0.35236486486486485,0.37241554054054055,False
EURUSD1440_comma,daily,50,150,long_only,fast_slope,0.0,-0.011349873273887479,-1.1571097672701494,-1.5768827357702373,-0.0450306542466227,-0.2520477098051206,96,0.2916666666666667,0.6761462754949754,-174.21300196703973,0.2942567567567568,0.4462837837837838,0.40912162162162163,0.4081081081081081,0.37231418918918924,False
EURUSD1440_comma,daily,30,75,long_only,combined,0.005,-0.009544391215562498,-1.321566516108174,-1.7903126476135418,-0.03537565350218162,-0.2698011279134078,78,0.32051282051282054,0.6562581479050548,-180.15665084773224,0.17364864864864865,0.5996621621621622,0.49966216216216214,0.3533783783783784,0.3723141891891892,False
EURUSD1440_comma,daily,60,100,long_short,price_slow,0.0,-0.02147749232621554,-0.8201256814339616,-1.0958960802578264,-0.06523374568620874,-0.3292389866669294,165,0.2,0.6743915136645908,-179.83410326002405,0.6314189189189189,0.13378378378378378,0.1293918918918919,0.4023648648648649,0.3722466216216216,False
EURUSD1440_comma,daily,20,500,long_only,fast_slope,0.005,-0.007258687199902636,-1.4257851124644123,-1.9715828924089183,-0.04311001442084227,-0.16837589356948346,116,0.29310344827586204,0.7281781791789215,-96.1896044501076,0.11925675675675676,0.47905405405405405,0.620945945945946,0.5320945945945946,0.3714695945945946,False
EURUSD1440_comma,daily,30,50,long_short,slow_slope,0.0,-0.02552643480489447,-0.8360739177299094,-1.1536564619530663,-0.06447626743921986,-0.39590435083664843,229,0.2445414847161572,0.7094766310299512,-149.93342639060594,0.6097972972972973,0.14391891891891892,0.08851351351351351,0.4902027027027027,0.37113175675675675,False
EURUSD1440_comma,daily,10,75,long_short,price_slow,0.001,-0.026375027445294186,-0.8263704089319469,-1.1283082852598212,-0.06051594792640069,-0.4358359795895689,199,0.19597989949748743,0.6636170862992652,-179.66455350790577,0.6216216216216216,0.19763513513513514,0.08378378378378379,0.37364864864864866,0.3708614864864865,False
EURUSD1440_comma,daily,50,100,long_only,price_slow,0.0025,-0.011123186076265612,-1.1465098513085816,-1.53172405450771,-0.04101353092643946,-0.27120771669758936,68,0.2647058823529412,0.6068285820090508,-241.43792483753055,0.3030405405405405,0.5162162162162162,0.41824324324324325,0.24425675675675676,0.3705574324324324,False
EURUSD1440_comma,daily,20,500,long_only,fast_slope,0.0025,-0.007830862074690415,-1.4163775480790983,-1.9512135195715197,-0.04139186218003336,-0.18918844580198357,120,0.2916666666666667,0.7106797009620506,-102.94551079749823,0.125,0.5097972972972973,0.5932432432432433,0.4945945945945946,0.3702871621621622,False
EURUSD1440_comma,daily,10,100,long_short,price_slow,0.0025,-0.024945234576074338,-0.8224578724963525,-1.1101976889690515,-0.06222845820820162,-0.4008653804761403,156,0.22435897435897437,0.6656034205798572,-212.9784446499541,0.629054054054054,0.17162162162162162,0.09222972972972973,0.37804054054054054,0.369679054054054,False
EURUSD1440_comma,daily,5,500,long_only,price_slow,0.0,-0.009356793243692207,-1.0745096640252283,-1.4527557738420034,-0.04568166852224915,-0.20482599577410365,32,0.15625,0.46541009641187037,-452.9948762802027,0.36858108108108106,0.43445945945945946,0.5077702702702702,0.07871621621621622,0.3694087837837838,False
EURUSD1440_comma,daily,10,75,long_only,combined,0.001,-0.009553485983343712,-1.2606428363172388,-1.7934623741792048,-0.04781612002482273,-0.19979634437892957,153,0.3333333333333333,0.7590148209715929,-91.1730191855515,0.20506756756756755,0.39763513513513515,0.49932432432432433,0.5858108108108108,0.3691722972972973,False
EURUSD1440_comma,daily,50,150,long_short,combined,0.0025,-0.01860348563789216,-0.8834764659634188,-1.177038930181362,-0.060092962321430556,-0.3095784417879782,168,0.2619047619047619,0.6814262547652404,-154.4240057468521,0.5503378378378379,0.20236486486486485,0.17533783783783785,0.4222972972972973,0.36913851351351357,False
EURUSD1440_comma,daily,5,75,long_only,slow_slope,0.0,-0.013040847917837772,-1.0678837530795098,-1.4712830669327217,-0.04700553163694372,-0.2774321970988707,112,0.23214285714285715,0.6447434404312676,-167.76651819376144,0.3733108108108108,0.4135135135135135,0.33885135135135136,0.3236486486486487,0.36902027027027023,False
EURUSD1440_comma,daily,50,100,long_only,price_slow,0.005,-0.009478723247142828,-1.2225531976393078,-1.6304155469684976,-0.03961264268538377,-0.23928530399816716,51,0.29411764705882354,0.6214745772241735,-277.67039562717855,0.23277027027027028,0.5388513513513513,0.5023648648648649,0.27094594594594595,0.3689358108108108,False
EURUSD1440_comma,daily,50,100,long_only,fast_slope,0.0,-0.011591128557861818,-1.155537666865718,-1.5903159472822934,-0.04570747023622292,-0.2535937451352517,98,0.2857142857142857,0.6765125054752262,-171.29188408146558,0.2976351351351351,0.4341216216216216,0.39966216216216216,0.40878378378378377,0.3688344594594595,False
EURUSD1440_comma,daily,100,200,long_only,fast_slope,0.005,-0.008380035636942229,-1.2029171662659324,-1.5733880937939502,-0.040509996672868545,-0.20686339978286727,53,0.3584905660377358,0.5567050166100764,-238.1478561899043,0.25,0.525,0.5635135135135135,0.1652027027027027,0.3687331081081081,False
EURUSD1440_comma,daily,30,100,long_short,price_slow,0.0025,-0.021657308656356622,-0.8280883493177622,-1.1179167110308792,-0.06459423622013687,-0.3352823707451019,138,0.2246376811594203,0.6751916817108533,-213.88337575183286,0.6179054054054054,0.14256756756756755,0.12567567567567567,0.40405405405405403,0.3685472972972973,False
EURUSD1440_comma,daily,30,100,long_short,price_slow,0.0,-0.02340891155715874,-0.8152281237390936,-1.1088645065807787,-0.06698758462409095,-0.3494514944600663,171,0.2046783625730994,0.6869060643716319,-183.9569272212642,0.6381756756756757,0.10912162162162162,0.10641891891891891,0.4314189189189189,0.36854729729729724,False
EURUSD1440_comma,daily,10,75,long_only,fast_slope,0.005,-0.009413730853267244,-1.2610659029756863,-1.7798472593303516,-0.048362161968555695,-0.1946507449230227,133,0.3233082706766917,0.7579378991086998,-103.41797287029813,0.20472972972972972,0.39054054054054055,0.5064189189189189,0.5837837837837838,0.3683783783783784,False
EURUSD1440_comma,daily,50,100,long_short,fast_slope,0.001,-0.021667610087361844,-0.8661053897389929,-1.1644974817579823,-0.062203471302536936,-0.3483344198264726,196,0.2653061224489796,0.705900542159335,-149.2248665495367,0.5706081081081081,0.17297297297297298,0.125,0.47905405405405405,0.3683445945945947,False
EURUSD1440_comma,daily,40,200,long_only,fast_slope,0.0025,-0.008446731162312981,-1.2597891681970854,-1.6990829771054619,-0.043479897408614215,-0.1942675044269888,78,0.2948717948717949,0.6630894304918832,-163.0258395357356,0.20675675675675675,0.47331081081081083,0.5581081081081081,0.36925675675675673,0.3680405405405405,False
EURUSD1440_comma,daily,50,100,long_only,fast_slope,0.005,-0.0090899195257228,-1.2927187941415537,-1.7732415475014416,-0.039051097188368925,-0.23276988817692335,63,0.25396825396825395,0.6530336620092582,-216.18054146988027,0.18783783783783783,0.5469594594594595,0.5202702702702703,0.3456081081081081,0.3677702702702703,False
EURUSD1440_comma,daily,20,200,long_short,slow_slope,0.0,-0.02287323080741388,-0.8103565948772035,-1.064419957841978,-0.06332068128979049,-0.3612284381896227,127,0.2204724409448819,0.6399434088091441,-236.26262921258638,0.6469594594594594,0.15878378378378377,0.11148648648648649,0.31283783783783786,0.3677027027027027,False
EURUSD1440_comma,daily,100,250,long_only,fast_slope,0.005,-0.007050925152898735,-1.2712486207585705,-1.7083696228767098,-0.04156517244350935,-0.16963541201426624,48,0.3125,0.5957423796715349,-223.4384605642543,0.19966216216216215,0.5060810810810811,0.6331081081081081,0.2233108108108108,0.3665033783783783,False
EURUSD1440_comma,daily,40,250,long_short,combined,0.001,-0.01636910872780195,-0.9250477726929963,-1.2442100537804999,-0.06396454725305792,-0.25590908449710636,188,0.25,0.7223912625055612,-121.45728172989746,0.5111486486486486,0.1516891891891892,0.23074324324324325,0.5195945945945946,0.3664695945945946,False
EURUSD1440_comma,daily,20,75,long_only,slow_slope,0.0,-0.01298619797281253,-1.0859245428928672,-1.4811203461385603,-0.04605259020966402,-0.28198626643344393,93,0.25806451612903225,0.6433300418038643,-201.2658328251174,0.3570945945945946,0.4293918918918919,0.34054054054054056,0.31925675675675674,0.3661824324324325,False
EURUSD1440_comma,daily,30,300,long_short,combined,0.005,-0.016602776170615785,-0.9690413050289862,-1.2932113754239676,-0.05797872716717498,-0.28635979059601624,190,0.2894736842105263,0.7212823221374746,-117.3763360262914,0.46452702702702703,0.23243243243243245,0.2222972972972973,0.5172297297297297,0.36596283783783784,False
EURUSD1440_comma,daily,40,100,long_short,price_slow,0.001,-0.021582308399951566,-0.8180420685714848,-1.1062672420385324,-0.06727856531499787,-0.32079025911006454,160,0.2125,0.6746393045398401,-184.6815647816571,0.6331081081081081,0.10574324324324325,0.1277027027027027,0.40304054054054056,0.3656756756756757,False
EURUSD1440_comma,daily,50,300,long_short,combined,0.001,-0.017539050369653086,-0.9359961970310267,-1.2487263185097426,-0.05839178206253129,-0.300368472242732,166,0.2710843373493976,0.6989588899840292,-148.13336309478248,0.5,0.225,0.19864864864864865,0.46283783783783783,0.36540540540540545,False
EURUSD1440_comma,daily,75,300,long_only,price_slow,0.0,-0.007762946742408072,-1.0969993600834536,-1.4642353396560155,-0.051305653591337284,-0.1513078228033491,34,0.14705882352941177,0.5352343420367254,-345.4685250529669,0.3493243243243243,0.34087837837837837,0.5986486486486486,0.13817567567567568,0.3654054054054054,False
EURUSD1440_comma,daily,40,500,long_only,price_slow,0.001,-0.008285143735322187,-1.1091340577993596,-1.493573118572259,-0.047294149593018205,-0.17518326910661441,29,0.20689655172413793,0.4824934285865259,-443.01487523423566,0.33952702702702703,0.40945945945945944,0.5702702702702702,0.0875,0.3653547297297297,False
EURUSD1440_comma,daily,60,250,long_short,combined,0.0025,-0.019730491701565267,-0.9584831768191994,-1.266464694814674,-0.05255551109624629,-0.3754219355879215,168,0.27976190476190477,0.681386019101245,-168.20588175463166,0.4766891891891892,0.3216216216216216,0.15371621621621623,0.42195945945945945,0.36511824324324327,False
EURUSD1440_comma,daily,20,300,long_only,combined,0.005,-0.007061818735183634,-1.4477711782726441,-1.9837780353274375,-0.04405345497142841,-0.16030113278887415,109,0.27522935779816515,0.7264558997092994,-98.53897423971756,0.10810810810810811,0.4618243243243243,0.6320945945945946,0.5287162162162162,0.3644256756756757,False
EURUSD1440_comma,daily,20,50,long_only,price_slow,0.001,-0.014798130762715078,-1.1187821868658838,-1.5114176520091063,-0.041676204735755416,-0.35507385704963834,103,0.1941747572815534,0.6483431504927237,-208.75733269262642,0.33175675675675675,0.5030405405405406,0.27905405405405403,0.33378378378378376,0.36434121621621623,False
EURUSD1440_comma,daily,60,100,long_short,combined,0.001,-0.019955298928006737,-0.8768746569841566,-1.160347317472833,-0.06274162263188729,-0.3180551935210043,192,0.2916666666666667,0.6964770454503065,-144.89892132590424,0.5591216216216216,0.16587837837837838,0.15135135135135136,0.4574324324324324,0.3640033783783784,False
EURUSD1440_comma,daily,50,500,long_short,fast_slope,0.001,-0.018605734781984573,-0.977390295858117,-1.315054993677221,-0.05327312319841814,-0.3492518115126586,160,0.25625,0.6988103152889257,-158.5709245087453,0.4570945945945946,0.3064189189189189,0.175,0.4625,0.36381756756756756,False
EURUSD1440_comma,daily,30,50,long_only,combined,0.001,-0.012203055776743743,-1.2192700173012228,-1.675049911615978,-0.04045275373253934,-0.3016619302959309,108,0.25925925925925924,0.6827674116361441,-167.30908992990956,0.23513513513513515,0.5256756756756756,0.3722972972972973,0.425,0.3636824324324325,False
EURUSD1440_comma,daily,30,400,long_only,fast_slope,0.005,-0.00762251566296035,-1.3980249735993495,-1.9300069516365808,-0.04034191325893203,-0.18894779764250924,74,0.2972972972972973,0.6638105079409684,-156.01963428541458,0.1358108108108108,0.527027027027027,0.606418918918919,0.37466216216216214,0.3635641891891892,False
EURUSD1440_comma,daily,75,300,long_only,fast_slope,0.0025,-0.007608884745296529,-1.2316849034782256,-1.6611880970392643,-0.04822294745445229,-0.15778555950947004,66,0.25757575757575757,0.6584781369809158,-174.63592368602002,0.225,0.3912162162162162,0.6077702702702703,0.35912162162162165,0.3632263513513514,False
EURUSD1440_comma,daily,40,400,long_only,fast_slope,0.0025,-0.006813900311839927,-1.3613454203369268,-1.8694590511847213,-0.04476193755448963,-0.1522253209782357,74,0.2972972972972973,0.6729335644285244,-140.30749913794165,0.15574324324324323,0.44966216216216215,0.6445945945945946,0.3969594594594595,0.36317567567567566,False
EURUSD1440_comma,daily,10,100,long_only,none,0.001,-0.014726670431233435,-1.0077286223305275,-1.3424329750934205,-0.047398328278256865,-0.3107002075005466,48,0.22916666666666666,0.6008083818181834,-429.2497877209926,0.42533783783783785,0.40709459459459457,0.28243243243243243,0.23175675675675675,0.3631587837837838,False
EURUSD1440_comma,daily,5,100,long_only,slow_slope,0.0,-0.013153075076070553,-1.0879654555348384,-1.4605206767025227,-0.043417867902522764,-0.3029415241116965,95,0.2631578947368421,0.602301721983544,-201.3323152988478,0.3547297297297297,0.475,0.3347972972972973,0.23547297297297298,0.3629222972972973,False
EURUSD1440_comma,daily,75,100,long_short,fast_slope,0.0025,-0.01923052686446669,-0.8657667401075088,-1.1403733692448532,-0.06038788429712018,-0.31845008462043056,108,0.2777777777777778,0.6530487959631038,-247.0621894547561,0.5716216216216217,0.19864864864864865,0.16182432432432434,0.34594594594594597,0.3625675675675676,False
EURUSD1440_comma,daily,5,100,long_short,slow_slope,0.005,-0.022010867859417194,-0.8477433171814751,-1.1305439377904205,-0.06218105082736058,-0.3539803134001088,171,0.25146198830409355,0.6674086656293051,-177.0244398460057,0.5929054054054054,0.17364864864864865,0.1195945945945946,0.3847972972972973,0.3622128378378378,False
EURUSD1440_comma,daily,30,75,long_short,fast_slope,0.005,-0.019109232515711838,-0.9458912455053774,-1.2743421470115137,-0.05773818042582648,-0.3309635387672213,164,0.2926829268292683,0.70830191427912,-156.64637645919512,0.4912162162162162,0.23682432432432432,0.16452702702702704,0.4871621621621622,0.3616722972972973,False
EURUSD1440_comma,daily,40,100,long_short,combined,0.001,-0.01906389630916172,-0.9047500978626551,-1.2244532325106878,-0.06157415417858366,-0.3096087402820128,200,0.26,0.7040924615659137,-129.16136200994004,0.5287162162162162,0.1837837837837838,0.16554054054054054,0.47364864864864864,0.3615878378378378,False
EURUSD1440_comma,daily,60,100,long_short,combined,0.0,-0.019999480607752806,-0.8574758337317084,-1.1399153774648338,-0.06655789104005748,-0.30048248667789423,204,0.27941176470588236,0.7029620268507965,-136.35960590875146,0.581081081081081,0.11351351351351352,0.15067567567567566,0.4706081081081081,0.36153716216216214,False
EURUSD1440_comma,daily,75,400,long_short,combined,0.001,-0.017987257262249368,-0.9627913798040653,-1.2728648440866297,-0.051259065641984666,-0.35090880095006216,137,0.23357664233576642,0.6472635704533489,-174.88976809126112,0.47128378378378377,0.34256756756756757,0.1875,0.3304054054054054,0.3612162162162162,False
EURUSD1440_comma,daily,30,400,long_only,price_slow,0.0025,-0.009736410158476816,-1.0849290611754119,-1.4618897892045961,-0.04627420702039061,-0.21040685049851837,39,0.15384615384615385,0.49475693968089013,-372.2700324598096,0.3584459459459459,0.4226351351351351,0.48783783783783785,0.09695945945945945,0.36114864864864865,False
EURUSD1440_comma,daily,10,250,long_short,slow_slope,0.005,-0.0212299991529894,-0.8159104600844325,-1.0725758029464474,-0.06250747727065378,-0.3396393532419285,113,0.19469026548672566,0.6087223614330884,-254.28241301012065,0.6375,0.16925675675675675,0.13243243243243244,0.2483108108108108,0.3610472972972973,False
EURUSD1440_comma,daily,20,300,long_only,fast_slope,0.005,-0.008172316200953378,-1.369307873625417,-1.8628651707335167,-0.04579629523439935,-0.17844928632600043,113,0.2920353982300885,0.7175259601683736,-109.0965491004587,0.15101351351351353,0.43344594594594593,0.5783783783783784,0.5101351351351351,0.36096283783783784,False
EURUSD1440_comma,daily,5,75,long_short,none,0.005,-0.024740136646946187,-0.8393788605659641,-1.136714216738729,-0.0653397628729057,-0.3786382986278808,155,0.24516129032258063,0.6931615314398012,-216.68030127323868,0.6033783783783784,0.13277027027027027,0.09425675675675675,0.4503378378378378,0.360945945945946,False
EURUSD1440_comma,daily,30,200,long_short,combined,0.005,-0.019741733041466092,-1.0026295446212907,-1.32308346855257,-0.05267006839881383,-0.3748188229410139,202,0.2871287128712871,0.7210468393614833,-132.2647310407894,0.4304054054054054,0.32094594594594594,0.15304054054054053,0.5162162162162162,0.3604391891891892,False
EURUSD1440_comma,daily,60,100,long_short,combined,0.0025,-0.019800868146172657,-0.9138945245936093,-1.2072852106902967,-0.057381663138919854,-0.3450730958814343,161,0.2981366459627329,0.675968447019835,-175.22567860857404,0.5206081081081081,0.24256756756756756,0.15236486486486486,0.40709459459459457,0.36042229729729724,False
EURUSD1440_comma,daily,40,100,long_short,fast_slope,0.0025,-0.020080434198510577,-0.8903839939656434,-1.2072680938257683,-0.06270070233782969,-0.3202585210340666,174,0.26436781609195403,0.7062676203886159,-152.381976854147,0.5415540540540541,0.1662162162162162,0.14966216216216216,0.4800675675675676,0.36011824324324326,False
EURUSD1440_comma,daily,30,400,long_only,fast_slope,0.0,-0.008341357715162534,-1.3480066884085589,-1.8721626130865656,-0.04238210580367455,-0.19681319644196005,82,0.2804878048780488,0.6700897705808053,-153.25825120158802,0.16216216216216217,0.49155405405405406,0.5675675675675675,0.3915540540540541,0.36000000000000004,False
EURUSD1440_comma,daily,5,75,long_only,slow_slope,0.005,-0.011781705331149306,-1.1344954298299466,-1.5692867947975586,-0.045912391984067935,-0.2566127535946652,88,0.2159090909090909,0.6400200512814036,-194.46234888885354,0.3141891891891892,0.43175675675675673,0.3902027027027027,0.3141891891891892,0.3587837837837838,False
EURUSD1440_comma,daily,75,250,long_only,none,0.001,-0.01043483339936413,-1.026617948574677,-1.3428475958171542,-0.048603643935268254,-0.21469240893258013,12,0.4166666666666667,0.40959591262221423,-1290.0043498105972,0.41114864864864864,0.3858108108108108,0.45472972972972975,0.04527027027027027,0.35864864864864865,True
EURUSD1440_comma,daily,50,500,long_only,combined,0.0,-0.006143895448552539,-1.4975105246531881,-2.0779572032711155,-0.041616521188953766,-0.14763116361065054,72,0.2777777777777778,0.6886269377218913,-133.7402304436761,0.08006756756756757,0.504054054054054,0.6709459459459459,0.4375,0.3578547297297297,False
EURUSD1440_comma,daily,75,100,long_short,price_slow,0.0,-0.021444131688834966,-0.8360818783122342,-1.1139116841315084,-0.06750309282421163,-0.31767628402862613,171,0.23976608187134502,0.6785255841482526,-175.26162318135513,0.6094594594594595,0.10236486486486486,0.13006756756756757,0.41452702702702704,0.3575675675675676,False
EURUSD1440_comma,daily,30,300,long_only,fast_slope,0.001,-0.008512006071001887,-1.3233610215422924,-1.8258895354328375,-0.04324418271760363,-0.19683586406494535,86,0.313953488372093,0.6697134469081424,-148.93135355937264,0.17229729729729729,0.4777027027027027,0.5540540540540541,0.3891891891891892,0.3575337837837838,False
EURUSD1440_comma,daily,50,300,long_only,slow_slope,0.001,-0.00867629596989472,-1.1306352039635283,-1.5252750948594598,-0.04884341540265081,-0.17763491554326982,41,0.21951219512195122,0.5629047478206328,-318.0353949699901,0.31722972972972974,0.38344594594594594,0.5442567567567568,0.17263513513513515,0.35750000000000004,False
EURUSD1440_comma,daily,10,400,long_short,slow_slope,0.0,-0.02046006551328705,-0.8398181734833831,-1.101282102165267,-0.05625890243469939,-0.3636769404990682,80,0.2,0.5448899029003251,-316.8035080520253,0.602027027027027,0.26385135135135135,0.14256756756756755,0.14797297297297296,0.35748310810810807,False
EURUSD1440_comma,daily,50,100,long_short,fast_slope,0.0,-0.02395540416180819,-0.884931809619473,-1.1939117396976606,-0.06158738513686277,-0.38896608629467244,207,0.2608695652173913,0.7050068525174414,-155.27963019918687,0.5493243243243243,0.18277027027027026,0.10202702702702703,0.47702702702702704,0.35738175675675676,False
EURUSD1440_comma,daily,30,75,long_short,price_slow,0.0,-0.024656521086325878,-0.8442971632679526,-1.161335907580763,-0.06488289287748483,-0.3800157482633145,203,0.1921182266009852,0.6876573688467602,-163.27918520230352,0.5962837837837838,0.13783783783783785,0.09527027027027027,0.43344594594594593,0.35704391891891885,False
EURUSD1440_comma,daily,60,150,long_only,combined,0.0025,-0.009336647503416007,-1.1949944856815922,-1.5946022330255851,-0.047001317485425374,-0.19864650616041146,72,0.3055555555555556,0.6442314804808297,-193.9384937845466,0.2581081081081081,0.41385135135135137,0.5101351351351351,0.3216216216216216,0.35697635135135136,False
EURUSD1440_comma,daily,50,150,long_only,combined,0.0,-0.010143927624170934,-1.2009492597590463,-1.638586109547403,-0.045542381053561905,-0.22273599643902608,90,0.28888888888888886,0.6555097944131978,-167.56444934939458,0.252027027027027,0.43817567567567567,0.46824324324324323,0.35202702702702704,0.3568074324324324,False
EURUSD1440_comma,daily,5,75,long_short,price_slow,0.001,-0.028781590288893155,-0.8418742889522329,-1.1693491536875502,-0.05955437379886334,-0.48328256101053124,201,0.1691542288557214,0.6500503193783179,-190.00709007204597,0.6,0.21013513513513513,0.06655405405405405,0.33614864864864863,0.35626689189189187,False
EURUSD1440_comma,daily,10,75,long_only,price_slow,0.005,-0.012966452107450954,-1.1238886760435647,-1.525118553255754,-0.04366699404395522,-0.2969394251044374,67,0.23880597014925373,0.6193274148344381,-283.3464191907364,0.325,0.4689189189189189,0.34155405405405403,0.2682432432432432,0.355777027027027,False
EURUSD1440_comma,daily,60,100,long_short,price_slow,0.001,-0.02183417093126594,-0.8491497838587089,-1.1249122778637324,-0.06449998438553847,-0.33851435995326185,158,0.22151898734177214,0.6718372093125955,-189.2439220095462,0.5902027027027027,0.14358108108108109,0.1222972972972973,0.3952702702702703,0.3557263513513514,False
EURUSD1440_comma,daily,5,75,long_only,price_slow,0.0025,-0.014640774017335545,-1.0643254698611517,-1.4607895074366612,-0.046692512450919266,-0.31355721182759577,98,0.19387755102040816,0.6266226131006238,-216.95142209566762,0.37804054054054054,0.4185810810810811,0.2864864864864865,0.28209459459459457,0.355472972972973,False
EURUSD1440_comma,daily,75,100,long_short,none,0.0025,-0.02055121184593811,-0.8266780812370019,-1.0785773814742166,-0.06337937089442497,-0.3242571132517482,60,0.3333333333333333,0.6144264046683902,-468.4419928680167,0.6212837837837838,0.1581081081081081,0.14121621621621622,0.26047297297297295,0.35535472972972976,False
EURUSD1440_comma,daily,5,100,long_only,slow_slope,0.001,-0.01360147562809555,-1.1089405110624235,-1.4850323479620346,-0.042783492267575635,-0.3179141044174113,97,0.23711340206185566,0.5991168936990912,-203.23436919724716,0.3398648648648649,0.485472972972973,0.31824324324324327,0.22905405405405405,0.355320945945946,False
EURUSD1440_comma,daily,60,500,long_only,none,0.005,-0.008349779070933594,-1.1084390969379991,-1.4859345669389685,-0.04667713588168207,-0.1788837064060388,9,0.3333333333333333,0.19283085474147832,-1397.6756020747482,0.34054054054054056,0.4189189189189189,0.566554054054054,0.002364864864864865,0.3546114864864865,True
EURUSD1440_comma,daily,50,100,long_short,fast_slope,0.0025,-0.020895619587649072,-0.8898107320300443,-1.200015162246511,-0.0630572437932338,-0.3313754032156291,173,0.2774566473988439,0.7005067210334462,-164.83303113494304,0.5429054054054054,0.16148648648648647,0.13513513513513514,0.46587837837837837,0.35444256756756765,False
EURUSD1440_comma,daily,30,100,long_only,price_slow,0.0025,-0.01280228280518414,-1.134152340281799,-1.531654291180019,-0.04210079979247803,-0.30408645128569434,72,0.25,0.5980545882805124,-256.59094150076595,0.31486486486486487,0.49527027027027026,0.3493243243243243,0.22702702702702704,0.3536824324324324,False
EURUSD1440_comma,daily,10,200,long_short,slow_slope,0.001,-0.023631756193836173,-0.8273955555109279,-1.0896816441973307,-0.06347339430241247,-0.3723096338797496,127,0.1968503937007874,0.6329567696450211,-247.01919487286654,0.6199324324324325,0.15641891891891893,0.10540540540540541,0.3,0.3531587837837838,False
EURUSD1440_comma,daily,50,250,long_short,fast_slope,0.0025,-0.020033595841853713,-0.9345011347338399,-1.2383769894664352,-0.057773980288825556,-0.3467581035909437,169,0.3076923076923077,0.67939522364057,-167.18773524540003,0.5023648648648649,0.23581081081081082,0.15033783783783783,0.41824324324324325,0.3527027027027027,False
EURUSD1440_comma,daily,30,75,long_only,fast_slope,0.005,-0.010658927096231063,-1.288211981747188,-1.743004142456081,-0.03663899280267744,-0.2909175793569344,71,0.30985915492957744,0.6229536575319361,-223.9039142685639,0.18986486486486487,0.581081081081081,0.4435810810810811,0.27364864864864863,0.3509797297297297,False
EURUSD1440_comma,daily,30,300,long_short,combined,0.0,-0.018152858388472914,-0.9783773233342699,-1.305910809378802,-0.058080261496526044,-0.31254780747773825,201,0.2885572139303483,0.7101165495820646,-120.73111207303445,0.4557432432432432,0.23074324324324325,0.18412162162162163,0.4922297297297297,0.3506418918918919,False
EURUSD1440_comma,daily,75,500,long_only,combined,0.0025,-0.0057256332581665514,-1.4800467455707906,-2.0059610175984615,-0.03853311078872723,-0.14858995655864804,51,0.3137254901960784,0.6071158218322682,-172.45719817937956,0.09054054054054055,0.5554054054054054,0.6929054054054054,0.2456081081081081,0.3504898648648649,False
EURUSD1440_comma,daily,30,500,long_short,fast_slope,0.001,-0.01922538950342878,-1.0040564758623887,-1.3411092453128632,-0.05307353462986354,-0.3622406089495873,189,0.2751322751322751,0.6965183826451263,-139.16588317512534,0.4283783783783784,0.31148648648648647,0.16216216216216217,0.4577702702702703,0.350320945945946,False
EURUSD1440_comma,daily,75,100,long_only,price_slow,0.005,-0.007399148404403033,-1.400427812018551,-1.88019526326156,-0.03511920037084893,-0.21068669919218252,40,0.275,0.5462904596089926,-280.6424464411908,0.1341216216216216,0.6033783783783784,0.6152027027027027,0.15,0.3500337837837838,False
EURUSD1440_comma,daily,75,250,long_only,fast_slope,0.0025,-0.008382338927535482,-1.249376377106244,-1.6606430116591202,-0.047164285147793486,-0.17772640677726115,64,0.28125,0.6467935953725337,-197.2670372761453,0.21216216216216216,0.41114864864864864,0.5621621621621622,0.3287162162162162,0.3493918918918919,False
EURUSD1440_comma,daily,10,500,long_only,none,0.0025,-0.00968731528051936,-1.1078952718804644,-1.499625157403836,-0.045845914982421354,-0.21130160199079362,19,0.21052631578947367,0.40338862925273977,-783.5719182366789,0.34121621621621623,0.4320945945945946,0.4908783783783784,0.04121621621621622,0.3488682432432433,True
EURUSD1440_comma,daily,50,300,long_only,slow_slope,0.0025,-0.008624599030891633,-1.140505285770419,-1.5372692465293984,-0.04921041327395935,-0.1752596342338687,39,0.23076923076923078,0.5430252227297575,-332.4798243593846,0.3081081081081081,0.37736486486486487,0.5466216216216216,0.14594594594594595,0.3488006756756757,False
EURUSD1440_comma,daily,60,100,long_only,combined,0.0025,-0.009624816556702331,-1.247203984769699,-1.6618026129921415,-0.044334121630646386,-0.21709726510176497,74,0.35135135135135137,0.6475134760554521,-194.10747442909698,0.21385135135135136,0.45675675675675675,0.49493243243243246,0.3310810810810811,0.34837837837837843,False
EURUSD1440_comma,daily,50,150,long_short,fast_slope,0.0025,-0.02198217977955741,-0.9097593577478598,-1.2130631530182456,-0.058276764334431394,-0.37720316202541426,177,0.2598870056497175,0.6670739785794592,-170.22122629826114,0.5253378378378378,0.22635135135135134,0.11993243243243243,0.3837837837837838,0.34827702702702706,False
EURUSD1440_comma,daily,75,100,long_only,combined,0.005,-0.007293293555865055,-1.4222131519399004,-1.9011710643221122,-0.03484012780589132,-0.209336016116215,41,0.2682926829268293,0.5508482178230979,-270.0923446247679,0.1222972972972973,0.6077702702702703,0.6192567567567567,0.15641891891891893,0.34817567567567564,False
EURUSD1440_comma,daily,20,500,long_only,fast_slope,0.001,-0.008326946398611534,-1.4224768605236349,-1.958076496882185,-0.044167154454726354,-0.18853255323811025,121,0.2809917355371901,0.7006401000186531,-106.64503532188236,0.12195945945945946,0.46114864864864863,0.5689189189189189,0.46621621621621623,0.34778716216216216,False
EURUSD1440_comma,daily,100,300,long_only,slow_slope,0.0,-0.010179343500029359,-1.1177327499735523,-1.4915121485915024,-0.04597449591199778,-0.22141283548848867,39,0.20512820512820512,0.48589153220461145,-387.935925529342,0.3324324324324324,0.43108108108108106,0.46621621621621623,0.0902027027027027,0.3475168918918919,False
EURUSD1440_comma,daily,50,200,long_short,fast_slope,0.0,-0.021852364481545372,-0.9046072049149142,-1.197444432702722,-0.06141832261645384,-0.3557955273055792,196,0.2755102040816326,0.6867767548840312,-153.4554420363813,0.529054054054054,0.1847972972972973,0.12162162162162163,0.43108108108108106,0.3468074324324324,False
EURUSD1440_comma,daily,30,200,long_only,fast_slope,0.0,-0.010284727886801348,-1.2602974127851994,-1.7000119372314306,-0.044415258270209125,-0.2315584393145289,96,0.3125,0.6681609242927005,-159.1068870369931,0.20574324324324325,0.4557432432432432,0.4625,0.3858108108108108,0.3466047297297298,False
EURUSD1440_comma,daily,30,100,long_short,combined,0.005,-0.017622708955284727,-0.9510703515070196,-1.2818229602097027,-0.06445232146979488,-0.27342240827653486,181,0.287292817679558,0.7184334429779299,-132.5657148829158,0.4851351351351351,0.14493243243243242,0.1966216216216216,0.5121621621621621,0.34643581081081076,False
EURUSD1440_comma,daily,5,100,long_only,none,0.001,-0.016268706098391816,-1.0371341332341477,-1.3918850743942144,-0.047322580431955766,-0.3437831570022746,69,0.2028985507246377,0.6082893374704036,-336.5564887716282,0.40033783783783783,0.4081081081081081,0.23581081081081082,0.24695945945945946,0.3463682432432432,False
EURUSD1440_comma,daily,30,300,long_short,combined,0.001,-0.018323992846208115,-0.9834787191407639,-1.3127759554207503,-0.058191140169794826,-0.3148931743344585,200,0.29,0.7080195578231074,-122.44486282360015,0.4503378378378378,0.22736486486486487,0.1804054054054054,0.48614864864864865,0.3459797297297297,False
EURUSD1440_comma,daily,30,75,long_only,combined,0.0025,-0.010842661460937153,-1.3102729167711729,-1.7784203152548683,-0.04076589232748849,-0.2659738531867223,90,0.3111111111111111,0.6663324591263184,-176.00898417997251,0.17871621621621622,0.5206081081081081,0.43445945945945946,0.3820945945945946,0.3458445945945946,False
EURUSD1440_comma,daily,50,100,long_short,combined,0.0025,-0.018688869314222867,-0.9001442022892869,-1.2145618917459342,-0.06630889056791457,-0.2818456040232108,185,0.2702702702702703,0.6954488560695565,-140.63960135116548,0.5320945945945946,0.11722972972972973,0.17364864864864865,0.4554054054054054,0.3451858108108108,False
EURUSD1440_comma,daily,60,200,long_short,combined,0.0025,-0.021856895957076405,-0.9555268041300444,-1.2501844372615927,-0.055543463074829685,-0.3935097803972034,163,0.27607361963190186,0.6747789449734501,-189.03879600155835,0.4804054054054054,0.2719594594594595,0.12128378378378378,0.40371621621621623,0.34496621621621626,False
EURUSD1440_comma,daily,50,500,long_only,price_slow,0.0,-0.008192739917140868,-1.1182117406460288,-1.48908085249243,-0.050225764354146704,-0.16311827251394462,30,0.23333333333333334,0.3963552078891616,-443.1879177523017,0.3320945945945946,0.3641891891891892,0.5763513513513514,0.038513513513513516,0.3449324324324325,False
EURUSD1440_comma,daily,30,400,long_only,fast_slope,0.0025,-0.008309277061710363,-1.379738576182893,-1.911894002950032,-0.043326583001847004,-0.1917824228454882,79,0.3037974683544304,0.6585052366063823,-158.5039972220133,0.14493243243243242,0.4760135135135135,0.5695945945945946,0.35945945945945945,0.3448141891891892,False
EURUSD1440_comma,daily,40,50,long_only,combined,0.0,-0.0120955404323283,-1.17249948755571,-1.6177995138061354,-0.04804272212193291,-0.25176634249886376,115,0.20869565217391303,0.6717615080471923,-155.88075501597092,0.2777027027027027,0.3949324324324324,0.37635135135135134,0.3949324324324324,0.34432432432432436,False
EURUSD1440_comma,daily,5,100,long_short,none,0.005,-0.025795857821671486,-0.8440148902921583,-1.1327403988069136,-0.06446323085583097,-0.40016389931436613,135,0.2074074074074074,0.6525342520692766,-254.476529955595,0.5972972972972973,0.1445945945945946,0.08716216216216216,0.3435810810810811,0.3440371621621621,False
EURUSD1440_comma,daily,5,400,long_only,price_slow,0.0,-0.010818706562821245,-1.0719020233943317,-1.4507011441340092,-0.05011843492675229,-0.21586281731727464,43,0.11627906976744186,0.5146723784392394,-372.1907729341508,0.36993243243243246,0.3658783783783784,0.43614864864864866,0.11554054054054054,0.3440033783783784,False
EURUSD1440_comma,daily,30,50,long_short,combined,0.0,-0.024359260695103746,-0.9272772987085559,-1.2499527541084412,-0.06212130423924069,-0.3921241028889494,259,0.2625482625482625,0.7178169291160231,-123.07494895921168,0.5087837837837837,0.175,0.09932432432432432,0.5108108108108108,0.34375,False
EURUSD1440_comma,daily,10,100,long_only,slow_slope,0.005,-0.01184818662371534,-1.1623686602229846,-1.570624494589787,-0.042879608695658884,-0.2763128438929725,76,0.23684210526315788,0.57601520604704,-228.87995836490694,0.28952702702702704,0.4847972972972973,0.38716216216216215,0.19324324324324324,0.34342905405405405,False
EURUSD1440_comma,daily,5,75,long_only,price_slow,0.0,-0.01630263558521894,-1.0460484680755655,-1.4363374194273968,-0.04846843641870343,-0.33635571497264005,116,0.1724137931034483,0.6261106217960435,-203.1021399252843,0.3935810810810811,0.3878378378378378,0.23479729729729729,0.28040540540540543,0.34341216216216214,False
EURUSD1440_comma,daily,20,300,long_only,slow_slope,0.0025,-0.009320021449319427,-1.1410517550996357,-1.5607363729297268,-0.04838899956792691,-0.19260620249518245,42,0.16666666666666666,0.5343292604454002,-331.9147112666954,0.30743243243243246,0.3902027027027027,0.5108108108108108,0.13682432432432431,0.34320945945945946,False
EURUSD1440_comma,daily,100,200,long_only,slow_slope,0.005,-0.009730479595524089,-1.1279965475365301,-1.4580887364707995,-0.04616434583399887,-0.2107791071168572,34,0.20588235294117646,0.4545089706222671,-426.7742031151577,0.3199324324324324,0.4260135135135135,0.4885135135135135,0.0722972972972973,0.34302364864864865,False
EURUSD1440_comma,daily,75,500,long_short,fast_slope,0.005,-0.018851544268359888,-0.9843699641789996,-1.2954033347301406,-0.05127621742873068,-0.36764693679992744,128,0.234375,0.6303099890602464,-197.29307388017838,0.4489864864864865,0.34121621621621623,0.17027027027027028,0.2922297297297297,0.34278716216216215,False
EURUSD1440_comma,daily,50,75,long_only,combined,0.0,-0.010699620347107919,-1.2033543757995302,-1.6647992343269138,-0.04683914441797189,-0.2284333003956951,96,0.25,0.6498100468248323,-162.9736414752355,0.24864864864864866,0.41621621621621624,0.44222972972972974,0.3358108108108108,0.3423310810810811,False
EURUSD1440_comma,daily,100,150,long_only,price_slow,0.005,-0.008215255500107599,-1.2123565255024014,-1.5945813977985888,-0.04667451401444054,-0.17601159162719715,33,0.21212121212121213,0.5656362900337382,-375.41653789591174,0.23986486486486486,0.4192567567567568,0.5746621621621621,0.17702702702702702,0.3422466216216216,False
EURUSD1440_comma,daily,10,100,long_only,fast_slope,0.0025,-0.0110550849929687,-1.2474577954955717,-1.756984334197569,-0.050761316738758014,-0.21778562305354388,151,0.304635761589404,0.7421229697489089,-106.07608346885121,0.21351351351351353,0.3530405405405405,0.42364864864864865,0.5567567567567567,0.3419087837837838,False
EURUSD1440_comma,daily,30,75,long_only,price_slow,0.0,-0.014019522378356575,-1.1219396070527685,-1.5444464654111154,-0.04758721821644501,-0.2946068903332484,102,0.22549019607843138,0.6455559450073073,-192.10382375450368,0.3277027027027027,0.4027027027027027,0.3033783783783784,0.3260135135135135,0.34133445945945945,False
EURUSD1440_comma,daily,30,250,long_only,fast_slope,0.005,-0.008360671729288338,-1.348485739150676,-1.8380011008020707,-0.04502920614216141,-0.1856721991254502,78,0.3076923076923077,0.6526652863314656,-161.46763127801904,0.16182432432432434,0.4466216216216216,0.5648648648648649,0.34425675675675677,0.34099662162162164,False
EURUSD1440_comma,daily,40,250,long_short,combined,0.0,-0.017627907101287477,-0.9419063549262526,-1.265795450856272,-0.06599745596065629,-0.26709979717697263,193,0.24352331606217617,0.7080262473343871,-126.30967041879114,0.4956081081081081,0.12128378378378378,0.19628378378378378,0.4864864864864865,0.34079391891891897,False
EURUSD1440_comma,daily,30,100,long_short,fast_slope,0.0,-0.023928268137909603,-0.9270067413834971,-1.247754832431008,-0.0634610638010226,-0.3770543181081063,230,0.2826086956521739,0.720387892718883,-133.79374468987396,0.5094594594594595,0.15675675675675677,0.10236486486486486,0.5152027027027027,0.3407263513513514,False
EURUSD1440_comma,daily,50,500,long_only,combined,0.001,-0.006763173960327662,-1.5290626252384216,-2.117686852964806,-0.04328261114590288,-0.15625614493380358,69,0.2608695652173913,0.6840075612273991,-140.28632632418908,0.06925675675675676,0.4766891891891892,0.6469594594594594,0.42702702702702705,0.340320945945946,False
EURUSD1440_comma,daily,30,75,long_only,combined,0.0,-0.011847613967430726,-1.2756741085893515,-1.7379295165945472,-0.041569331549501876,-0.28500852733997584,107,0.2897196261682243,0.667426840570903,-160.7595855366438,0.19628378378378378,0.5054054054054054,0.3875,0.38513513513513514,0.34013513513513516,False
EURUSD1440_comma,daily,40,250,long_short,combined,0.005,-0.01714758590383869,-0.9716221440734764,-1.300080508505569,-0.06275755193786343,-0.27323541748117586,175,0.22857142857142856,0.706471836560303,-136.8711906469467,0.4614864864864865,0.1652027027027027,0.20945945945945946,0.4814189189189189,0.34,False
EURUSD1440_comma,daily,5,400,long_short,slow_slope,0.0025,-0.020758856727050357,-0.8484434723415136,-1.1114703185473969,-0.05867989162914284,-0.353764401240657,82,0.18292682926829268,0.5346716523238267,-309.1079476931489,0.5912162162162162,0.22027027027027027,0.1375,0.1375,0.33967905405405413,False
EURUSD1440_comma,daily,5,300,long_only,price_slow,0.0,-0.011082057664250633,-1.059605890250725,-1.421318262719443,-0.053126384393912936,-0.20859800249309612,46,0.08695652173913043,0.5568975813213449,-355.6962123233814,0.3827702702702703,0.3091216216216216,0.42195945945945945,0.16554054054054054,0.3396114864864865,False
EURUSD1440_comma,daily,50,400,long_only,price_slow,0.0,-0.009982704886651428,-1.09726217266343,-1.4597677904344462,-0.04983484538448166,-0.20031575917681077,42,0.16666666666666666,0.46741438522489476,-353.7802485506386,0.3489864864864865,0.36858108108108106,0.47736486486486485,0.08108108108108109,0.339375,False
EURUSD1440_comma,daily,30,50,long_short,combined,0.005,-0.016122063385518137,-0.9957793635186956,-1.3323251737086426,-0.06003995985054699,-0.26852222129477754,127,0.33070866141732286,0.6900954108324213,-175.91556577094107,0.435472972972973,0.20371621621621622,0.2391891891891892,0.4418918918918919,0.3392398648648649,False
EURUSD1440_comma,daily,100,200,long_only,fast_slope,0.0025,-0.009205572184175392,-1.190667916786607,-1.5596558430954428,-0.046147193287954975,-0.19948281852665062,63,0.30158730158730157,0.5549201350972235,-218.74405710979576,0.26182432432432434,0.4266891891891892,0.5165540540540541,0.16182432432432434,0.33898648648648655,False
EURUSD1440_comma,daily,60,400,long_only,price_slow,0.0,-0.009791005922629825,-1.1088677730282661,-1.4764975864240417,-0.04859527300088154,-0.20148062389632448,42,0.16666666666666666,0.4423013234434397,-347.4776509430241,0.3402027027027027,0.3861486486486487,0.4851351351351351,0.060810810810810814,0.3387668918918919,False
EURUSD1440_comma,daily,5,75,long_short,price_slow,0.0025,-0.028807277326573955,-0.8605732884450622,-1.1783278344572963,-0.06102705085875925,-0.47204111817963146,192,0.17708333333333334,0.641444959909965,-199.86191459488063,0.5760135135135135,0.19054054054054054,0.06587837837837837,0.31655405405405407,0.33869932432432437,False
EURUSD1440_comma,daily,50,500,long_only,combined,0.005,-0.00660444283447148,-1.5459173226608638,-2.1372571547016035,-0.04243141782547034,-0.15564982677781336,64,0.25,0.6730120246373188,-157.48828771391533,0.06452702702702702,0.4908783783783784,0.652027027027027,0.3972972972972973,0.3385304054054054,False
EURUSD1440_comma,daily,10,500,long_only,price_slow,0.0025,-0.00990994049688465,-1.123864317120619,-1.5197103391640616,-0.04713317822107861,-0.210254026376112,28,0.14285714285714285,0.44159705973502517,-542.647102976542,0.3256756756756757,0.4118243243243243,0.48074324324324325,0.06047297297297297,0.3384459459459459,False
EURUSD1440_comma,daily,20,50,long_only,price_slow,0.0,-0.016126705507805705,-1.1254852199349665,-1.5213858073651223,-0.04374674429574642,-0.36863784419664203,114,0.16666666666666666,0.6316793554789362,-205.20075081284563,0.3236486486486487,0.4668918918918919,0.23885135135135135,0.2956081081081081,0.3382939189189189,False
EURUSD1440_comma,daily,100,300,long_only,combined,0.0,-0.007927442904964166,-1.342917167769396,-1.8125857550764546,-0.04426979710903995,-0.17907113704267175,70,0.21428571428571427,0.6180885880435757,-171.14599773030284,0.1652027027027027,0.45844594594594595,0.5875,0.26587837837837835,0.3380743243243243,False
EURUSD1440_comma,daily,50,400,long_only,price_slow,0.001,-0.010101715921002064,-1.1078626258736948,-1.4759108625004227,-0.048458477447612856,-0.2084612735082887,40,0.15,0.44920906368956415,-375.5680141005294,0.34155405405405403,0.3881756756756757,0.46959459459459457,0.06824324324324324,0.33782094594594597,False
EURUSD1440_comma,daily,5,250,long_only,slow_slope,0.005,-0.010598297822013047,-1.1267415346826755,-1.532742371525194,-0.048915407390265966,-0.2166658398131236,64,0.21875,0.5549487177306606,-245.36913817995577,0.3212837837837838,0.38175675675675674,0.4469594594594595,0.16216216216216217,0.3376689189189189,False
EURUSD1440_comma,daily,100,500,long_only,price_slow,0.005,-0.007804586154500859,-1.2000024415881136,-1.6161081412214506,-0.04423020327851953,-0.17645377086230052,28,0.25,0.3174984795829509,-421.6175570653043,0.2527027027027027,0.4597972972972973,0.595945945945946,0.014864864864864866,0.33744932432432434,False
EURUSD1440_comma,daily,30,250,long_only,fast_slope,0.0,-0.009509325027471371,-1.2738441735133237,-1.7426289316812542,-0.047458979412737044,-0.2003693536005382,92,0.30434782608695654,0.6633095249463108,-154.38803942083257,0.19763513513513514,0.40540540540540543,0.5010135135135135,0.37195945945945946,0.33640202702702704,False
EURUSD1440_comma,daily,30,500,long_only,price_slow,0.001,-0.009664281000900665,-1.1288008345893976,-1.5172731753643829,-0.04731421495360291,-0.2042574522345476,29,0.1724137931034483,0.42146008693459236,-518.6201826802595,0.31925675675675674,0.40878378378378377,0.4925675675675676,0.05033783783783784,0.33596283783783787,False
EURUSD1440_comma,daily,75,250,long_only,fast_slope,0.0,-0.009582072816443299,-1.2424299103125664,-1.6489345813301048,-0.0472108543766937,-0.2029633427090365,71,0.2535211267605634,0.6369043975921272,-201.4743040250016,0.21858108108108107,0.41081081081081083,0.4983108108108108,0.30743243243243246,0.3359121621621622,False
EURUSD1440_comma,daily,60,100,long_only,price_slow,0.001,-0.01251093858553154,-1.1740674444157155,-1.559592349571636,-0.04301827474945101,-0.29082845972783233,74,0.25675675675675674,0.5946390097698901,-247.0094767258929,0.2760135135135135,0.4810810810810811,0.3601351351351351,0.22128378378378377,0.3358952702702703,False
EURUSD1440_comma,daily,100,300,long_short,combined,0.005,-0.018064711997659355,-0.9252634661150662,-1.2115134373044838,-0.05889885717987224,-0.3067073431066959,118,0.2288135593220339,0.6098384450691886,-214.87338870551906,0.5108108108108108,0.21858108108108107,0.18614864864864866,0.2489864864864865,0.3335472972972973,False
EURUSD1440_comma,daily,20,250,long_only,slow_slope,0.005,-0.010842950760656445,-1.1328461111341732,-1.5405898814523513,-0.047237417753544196,-0.22954156421564564,51,0.23529411764705882,0.516739344377786,-314.4549882007257,0.3158783783783784,0.41047297297297297,0.4341216216216216,0.11756756756756757,0.3334290540540541,False
EURUSD1440_comma,daily,75,400,long_only,slow_slope,0.0,-0.007795047181794135,-1.171889411437924,-1.5687507319063896,-0.05015534029916728,-0.15541808978461968,31,0.2903225806451613,0.45396763349250546,-380.3772905690228,0.2793918918918919,0.3655405405405405,0.5969594594594595,0.07162162162162163,0.33327702702702705,False
EURUSD1440_comma,daily,5,100,long_only,slow_slope,0.0025,-0.013769859323153888,-1.1398214495829335,-1.5362739159255878,-0.04396536737810474,-0.31319786787478177,92,0.22826086956521738,0.5871728007825285,-216.66512872674292,0.3087837837837838,0.46385135135135136,0.31114864864864866,0.2097972972972973,0.3331756756756757,False
EURUSD1440_comma,daily,100,250,long_only,fast_slope,0.0025,-0.007512098430247249,-1.234469625575615,-1.6576359732515005,-0.0518673746951878,-0.14483282553616916,61,0.3114754098360656,0.6132470814094423,-186.68071283694695,0.2233108108108108,0.33175675675675675,0.6108108108108108,0.2581081081081081,0.3331418918918919,False
EURUSD1440_comma,daily,75,400,long_short,combined,0.005,-0.019135401315027223,-0.9921353816930554,-1.307145857640257,-0.05196887528618535,-0.36820887905792143,129,0.2248062015503876,0.6227864104247192,-196.8312417100715,0.44222972972972974,0.32972972972972975,0.16385135135135134,0.2733108108108108,0.33309121621621623,False
EURUSD1440_comma,daily,30,50,long_only,combined,0.0,-0.013395854363550952,-1.2047066156420658,-1.6589291764371417,-0.045398280615247324,-0.2950740464618359,121,0.256198347107438,0.6704172012161501,-162.32473222861188,0.24695945945945946,0.439527027027027,0.3260135135135135,0.3918918918918919,0.332652027027027,False
EURUSD1440_comma,daily,75,400,long_only,price_slow,0.0,-0.009812080054902195,-1.1230505875989838,-1.496689719800561,-0.0478294086939484,-0.20514742546134934,42,0.16666666666666666,0.3959356760755872,-348.1714151701816,0.3266891891891892,0.3972972972972973,0.4834459459459459,0.038175675675675674,0.33241554054054057,False
EURUSD1440_comma,daily,60,400,long_only,slow_slope,0.0,-0.007999234425490998,-1.1712561602347609,-1.5640113616793472,-0.049812917202697066,-0.16058554436675088,33,0.2727272727272727,0.4543429267602566,-366.1299626184041,0.28040540540540543,0.3689189189189189,0.5851351351351352,0.07195945945945946,0.33221283783783784,False
EURUSD1440_comma,daily,75,400,long_only,slow_slope,0.001,-0.007815083562853098,-1.175969456293858,-1.5739425146382293,-0.04951711486807081,-0.15782590693490406,30,0.3,0.44576976683638764,-394.0083648195617,0.27466216216216216,0.372972972972973,0.5942567567567567,0.0652027027027027,0.3317398648648649,False
EURUSD1440_comma,daily,100,400,long_short,slow_slope,0.0,-0.02178376954311334,-0.8410411491672627,-1.091648596787194,-0.05876809238477324,-0.3706734157795718,68,0.17647058823529413,0.4633955795485252,-390.5977798068421,0.6006756756756757,0.2195945945945946,0.12331081081081081,0.0777027027027027,0.3314864864864865,False
EURUSD1440_comma,daily,75,100,long_only,slow_slope,0.0025,-0.011685269130123133,-1.1900740894579347,-1.575208276496611,-0.04246429988531121,-0.27517865976085887,45,0.2222222222222222,0.5566611242779766,-381.69438166506905,0.2628378378378378,0.4905405405405405,0.3945945945945946,0.16486486486486487,0.33141891891891895,False
EURUSD1440_comma,daily,30,250,long_only,slow_slope,0.001,-0.01175742499865895,-1.1022329112207394,-1.4947890522875098,-0.04794441280440855,-0.24523034720696046,55,0.2727272727272727,0.5046289820952824,-314.05717659104903,0.34459459459459457,0.3966216216216216,0.3918918918918919,0.10675675675675676,0.3313851351351351,False
EURUSD1440_comma,daily,20,100,long_short,price_slow,0.0,-0.026641774703648147,-0.8462311758011103,-1.1448348610982342,-0.06824433118919246,-0.3903880987534285,176,0.19318181818181818,0.65930280478609,-197.25546130773648,0.5945945945945946,0.09121621621621621,0.08209459459459459,0.3614864864864865,0.33128378378378376,False
EURUSD1440_comma,daily,30,500,long_only,none,0.0025,-0.009996113637281145,-1.0950318994598947,-1.4836789872316731,-0.049308558901035,-0.20272573078730405,14,0.2857142857142857,0.276215129827854,-1077.478789820724,0.3506756756756757,0.37635135135135134,0.47702702702702704,0.009797297297297298,0.33123310810810813,True
EURUSD1440_comma,daily,20,75,long_only,price_slow,0.005,-0.011571579150875144,-1.1815429974137044,-1.6071535916141289,-0.04526047514594131,-0.2556663206376616,61,0.21311475409836064,0.5932476904390727,-267.762486957965,0.2685810810810811,0.44256756756756754,0.40135135135135136,0.21891891891891893,0.33118243243243245,False
EURUSD1440_comma,daily,75,200,long_only,combined,0.005,-0.00824371692952941,-1.2594965488525836,-1.6453647866343066,-0.051264775882894194,-0.1608066511079811,60,0.26666666666666666,0.640979392930265,-207.1507937818816,0.20743243243243242,0.3422297297297297,0.572972972972973,0.31554054054054054,0.3304560810810811,False
EURUSD1440_comma,daily,5,100,long_short,price_slow,0.001,-0.029095164358780345,-0.8424324829596587,-1.145148883895822,-0.06582589277699247,-0.4420018192134527,176,0.18181818181818182,0.6384010418579541,-216.86853906472928,0.5989864864864864,0.12466216216216217,0.06452702702702702,0.3091216216216216,0.3300337837837838,False
EURUSD1440_comma,daily,5,100,long_short,price_slow,0.0025,-0.02848359369698661,-0.8526754078623373,-1.149383993294391,-0.06411358544468403,-0.4442676774263655,158,0.20253164556962025,0.6323503970160719,-234.29356963494584,0.5851351351351352,0.14966216216216216,0.06858108108108107,0.2983108108108108,0.3299324324324325,False
EURUSD1440_comma,daily,50,75,long_short,fast_slope,0.0,-0.026490898193604173,-0.899753467326287,-1.219214315616169,-0.06484576985862946,-0.4085216082923696,220,0.23636363636363636,0.6875085195164098,-158.1319957548032,0.5327702702702702,0.13885135135135135,0.0831081081081081,0.43277027027027026,0.3293581081081081,False
EURUSD1440_comma,daily,30,300,long_only,combined,0.0025,-0.008233762697300695,-1.4276901436153473,-1.9672944472083564,-0.04404193914119338,-0.18695277405711408,83,0.27710843373493976,0.651563219893379,-149.57776191510757,0.11790540540540541,0.4625,0.5736486486486486,0.3398648648648649,0.32849662162162163,False
EURUSD1440_comma,daily,50,100,long_only,combined,0.005,-0.00906630389129437,-1.3466357023646005,-1.8479690995014908,-0.04346849647874742,-0.2085718307677621,63,0.2857142857142857,0.6154527372615939,-215.6565324903379,0.16385135135135134,0.4739864864864865,0.5219594594594594,0.2635135135135135,0.3279560810810811,False
EURUSD1440_comma,daily,20,50,long_only,slow_slope,0.0,-0.015697911067120485,-1.1077879968656426,-1.516294004520726,-0.05004129616892535,-0.31369912989721027,116,0.21551724137931033,0.6454840649360997,-194.78787167410087,0.3418918918918919,0.3672297297297297,0.25236486486486487,0.3256756756756757,0.32788851351351356,False
EURUSD1440_comma,daily,40,50,long_short,combined,0.0,-0.024555618482822283,-0.9196038343186427,-1.241745886707472,-0.06572508585417729,-0.37361105221381163,237,0.24050632911392406,0.6977161646128669,-136.12489078275638,0.5172297297297297,0.12736486486486487,0.09662162162162162,0.4608108108108108,0.32717905405405406,False
EURUSD1440_comma,daily,50,500,long_short,fast_slope,0.005,-0.01890816703517617,-1.0106274511937443,-1.3531049299306943,-0.05668272724200873,-0.33357899231713295,146,0.2671232876712329,0.6718638223447834,-177.37999009539902,0.42195945945945945,0.2574324324324324,0.16891891891891891,0.3956081081081081,0.32626689189189184,False
EURUSD1440_comma,daily,20,500,long_short,combined,0.005,-0.0179662987606668,-1.1063354604992774,-1.4502716939814984,-0.05225429442213774,-0.34382434897169534,205,0.3170731707317073,0.6968320684525576,-118.07643860448357,0.3435810810810811,0.325,0.1885135135135135,0.4594594594594595,0.3253040540540541,False
EURUSD1440_comma,daily,60,300,long_only,price_slow,0.005,-0.008357835860782314,-1.13784054730146,-1.5116666333402284,-0.05405384062635483,-0.15462057393026973,29,0.13793103448275862,0.4958294378569055,-434.15405146214545,0.31013513513513513,0.29324324324324325,0.5652027027027027,0.09864864864864865,0.3252027027027027,False
EURUSD1440_comma,daily,75,400,long_only,slow_slope,0.0025,-0.008156600139999526,-1.195615137605314,-1.6008666475196782,-0.04885585525568648,-0.16695235601366643,29,0.3103448275862069,0.4480254474812062,-424.332203050415,0.2577702702702703,0.3827702702702703,0.5804054054054054,0.06756756756756757,0.3250168918918919,False
EURUSD1440_comma,daily,100,400,long_only,fast_slope,0.001,-0.007796279587390598,-1.2719041430910734,-1.6982498160466901,-0.05153972774429764,-0.1512673801086033,69,0.2753623188405797,0.6216931027753299,-170.91960327723245,0.19898648648648648,0.33783783783783783,0.5966216216216216,0.27128378378378376,0.32407094594594593,False
EURUSD1440_comma,daily,20,50,long_only,fast_slope,0.005,-0.012953065480414194,-1.3077424158855377,-1.7483922805496273,-0.03952391300397595,-0.32772730471072453,102,0.30392156862745096,0.6447511743305124,-185.50771890200875,0.18006756756756756,0.5398648648648648,0.3422297297297297,0.3239864864864865,0.32403716216216216,False
EURUSD1440_comma,daily,5,100,long_only,none,0.005,-0.014246923101343345,-1.0984710466534529,-1.4983133211418524,-0.04994764469635828,-0.28523713556371355,69,0.2318840579710145,0.5972586227876585,-288.2811330359492,0.3476351351351351,0.3675675675675676,0.2956081081081081,0.2260135135135135,0.3239695945945946,False
EURUSD1440_comma,daily,5,100,long_only,slow_slope,0.005,-0.01262447865949512,-1.1604956918476605,-1.5797985218916535,-0.046876954634823005,-0.2693109814372818,87,0.25287356321839083,0.5922121971573058,-211.83013916102962,0.29121621621621624,0.4158783783783784,0.35405405405405405,0.2168918918918919,0.3238006756756757,False
EURUSD1440_comma,daily,40,200,long_short,combined,0.0025,-0.018724265190293465,-0.955299407005906,-1.27635266392901,-0.06688686043307791,-0.27993936430949085,181,0.2541436464088398,0.69702219522822,-141.78600468450944,0.4814189189189189,0.11013513513513513,0.17263513513513515,0.4597972972972973,0.323597972972973,False
EURUSD1440_comma,daily,75,500,long_only,none,0.0025,-0.009649785545353784,-1.1013113650743596,-1.4701540511164861,-0.05117753848925297,-0.18855509331266862,8,0.25,0.2023217751098517,-1799.82032547799,0.34493243243243243,0.34459459459459457,0.49358108108108106,0.002702702702702703,0.3232432432432433,True
EURUSD1440_comma,daily,60,300,long_only,slow_slope,0.0,-0.009789010127630227,-1.1426782610235227,-1.5256272203867036,-0.05087289386473686,-0.19242094136924248,42,0.21428571428571427,0.49506026125531805,-347.4119375058001,0.30608108108108106,0.35033783783783784,0.485472972972973,0.0972972972972973,0.32170608108108106,False
EURUSD1440_comma,daily,40,400,long_only,price_slow,0.0025,-0.010282901528702038,-1.1219815149070012,-1.4870214610895687,-0.05052862507201969,-0.20350645825105207,38,0.13157894736842105,0.42705244957080785,-401.88827295090414,0.3273648648648649,0.3587837837837838,0.46283783783783783,0.05337837837837838,0.32121621621621627,False
EURUSD1440_comma,daily,30,100,long_short,combined,0.0025,-0.02082804322117182,-0.9751050814030753,-1.3135172350009932,-0.06369561151778,-0.3269933787409809,209,0.28708133971291866,0.7018068268980883,-132.84411067932953,0.4581081081081081,0.1543918918918919,0.1358108108108108,0.4685810810810811,0.3192905405405405,False
EURUSD1440_comma,daily,30,75,long_short,price_slow,0.001,-0.026118065044726912,-0.8858582601085855,-1.2089835039243144,-0.06749293483502906,-0.3869748012672216,189,0.2222222222222222,0.6660780031049713,-185.43827750378898,0.5483108108108108,0.10304054054054054,0.08614864864864864,0.37972972972972974,0.31927364864864866,False
EURUSD1440_comma,daily,40,200,long_only,fast_slope,0.0,-0.009797857672881105,-1.2597804978493543,-1.7026085571281446,-0.04908528909174284,-0.19960884114522426,87,0.3103448275862069,0.6315187122725702,-167.85673469158294,0.2070945945945946,0.38006756756756754,0.48445945945945945,0.29527027027027025,0.31903716216216216,False
EURUSD1440_comma,daily,60,100,long_only,price_slow,0.0,-0.013441742789092936,-1.160617020248623,-1.5507333681712514,-0.0447284043629162,-0.30051916630044884,78,0.20512820512820512,0.5563444805152041,-250.0644801554191,0.2908783783783784,0.4503378378378378,0.32466216216216215,0.16452702702702704,0.3185472972972973,False
EURUSD1440_comma,daily,10,100,long_only,fast_slope,0.001,-0.012985595648879689,-1.2459062414049458,-1.727042074567518,-0.05123263094830847,-0.253463376924398,160,0.31875,0.7223180488661903,-116.29859243678274,0.21554054054054053,0.3435810810810811,0.34087837837837837,0.5192567567567568,0.3181756756756757,False
EURUSD1440_comma,daily,75,300,long_only,slow_slope,0.001,-0.010087504777426037,-1.158371885995722,-1.5491469219615863,-0.049396546388707004,-0.20421477845933445,39,0.1794871794871795,0.4801204038820051,-384.6963796148249,0.2929054054054054,0.375,0.47094594594594597,0.08581081081081081,0.317972972972973,False
EURUSD1440_comma,daily,50,400,long_only,price_slow,0.0025,-0.010412087170076356,-1.1360315952575708,-1.507794790690655,-0.04970609245564428,-0.2094730576411269,39,0.1794871794871795,0.4366413984470922,-396.1255852179342,0.31216216216216214,0.3712837837837838,0.45675675675675675,0.05878378378378379,0.3178547297297297,False
EURUSD1440_comma,daily,100,400,long_short,combined,0.005,-0.01833653330288132,-0.9593542093022766,-1.2595619605658903,-0.05761580433227433,-0.318255268938593,117,0.21367521367521367,0.5883509013794319,-214.4934482571419,0.47533783783783784,0.23817567567567569,0.18006756756756756,0.21283783783783783,0.3176182432432432,False
EURUSD1440_comma,daily,75,100,long_only,combined,0.0,-0.012298097269359043,-1.2187527647220684,-1.6178241442447938,-0.043070717093302076,-0.28553267972572294,92,0.30434782608695654,0.574791405677232,-195.60689344975387,0.23682432432432432,0.4800675675675676,0.3695945945945946,0.19155405405405404,0.31739864864864864,False
EURUSD1440_comma,daily,10,75,long_only,combined,0.0025,-0.01156687026710923,-1.331980894099506,-1.8824383755374514,-0.04961776279751715,-0.2331195445935751,150,0.32666666666666666,0.7164500437893304,-111.41073674456634,0.16925675675675675,0.37195945945945946,0.40168918918918917,0.5077702702702702,0.3171959459459459,False
EURUSD1440_comma,daily,5,75,long_short,price_slow,0.0,-0.03185612670728688,-0.8688329657323062,-1.2117257675510196,-0.06466387717833638,-0.4926417668929892,232,0.15948275862068967,0.6344660269331542,-178.9438378172893,0.566554054054054,0.14087837837837838,0.048986486486486486,0.3016891891891892,0.3168918918918919,False
EURUSD1440_comma,daily,10,100,long_only,combined,0.0025,-0.010692516794846618,-1.3518636340593835,-1.9053002825394487,-0.05115765320793418,-0.2090110887492448,145,0.32413793103448274,0.721307195644586,-109.1878444751211,0.16047297297297297,0.3456081081081081,0.4429054054054054,0.5175675675675676,0.3168074324324324,False
EURUSD1440_comma,daily,30,300,long_only,fast_slope,0.0,-0.009417305218728855,-1.337953576179608,-1.8433555764786533,-0.04818371125798646,-0.1954458254223399,89,0.3146067415730337,0.6501645675535085,-158.15521076388524,0.16655405405405405,0.39256756756756755,0.5057432432432433,0.3364864864864865,0.31638513513513516,False
EURUSD1440_comma,daily,30,200,long_short,combined,0.0025,-0.022131733304791124,-1.0312413887034806,-1.362492526590617,-0.057383346039626346,-0.38568216795005206,219,0.2785388127853881,0.6976639973872358,-134.56113887578942,0.40709459459459457,0.24222972972972973,0.11858108108108108,0.46047297297297296,0.31618243243243244,False
EURUSD1440_comma,daily,30,100,long_short,combined,0.001,-0.02166530805011846,-0.9637097271201497,-1.2961003782753104,-0.06585666097067487,-0.3289767159584016,226,0.2920353982300885,0.70493668198002,-127.21851267159957,0.4702702702702703,0.12398648648648648,0.12533783783783783,0.4766891891891892,0.31567567567567567,False
EURUSD1440_comma,daily,20,100,long_only,price_slow,0.005,-0.01382500774792772,-1.1817938042878917,-1.5898224699246277,-0.0441504572274409,-0.31313396544702243,64,0.265625,0.5861755496531786,-305.84172755939596,0.2682432432432432,0.4614864864864865,0.3081081081081081,0.2087837837837838,0.31560810810810813,False
EURUSD1440_comma,daily,10,300,long_only,none,0.0,-0.011773416515230228,-1.0489867788949527,-1.3829957582461063,-0.056691148141851715,-0.2076764521644714,26,0.15384615384615385,0.5065465390628402,-665.1771230068064,0.3915540540540541,0.2570945945945946,0.39054054054054055,0.10777027027027027,0.31516891891891896,False
EURUSD1440_comma,daily,5,400,long_short,slow_slope,0.001,-0.02237741118521852,-0.8659503736303839,-1.1339487297376512,-0.06221509776603917,-0.35967814869260706,91,0.1978021978021978,0.5279851087923307,-299.38385950982706,0.5709459459459459,0.17195945945945945,0.11655405405405406,0.13175675675675674,0.3144425675675676,False
EURUSD1440_comma,daily,75,300,long_only,slow_slope,0.0025,-0.009926063032377308,-1.1622389551939685,-1.5556537291898356,-0.050378686077807454,-0.19702901772878678,38,0.21052631578947367,0.4683361126057841,-388.96411171386853,0.28986486486486485,0.3608108108108108,0.4797297297297297,0.08141891891891892,0.3143074324324324,False
EURUSD1440_comma,daily,30,100,long_short,price_slow,0.001,-0.02618114129524185,-0.8671958094535949,-1.1751825835985594,-0.06918238746621172,-0.37843651042006277,162,0.17901234567901234,0.6457832203685471,-214.4888592456948,0.5692567567567568,0.08006756756756757,0.08547297297297297,0.32635135135135135,0.31376689189189194,False
EURUSD1440_comma,daily,75,400,long_short,combined,0.0025,-0.02020097498197959,-1.0052692775636263,-1.3270000127889945,-0.05356337255494583,-0.3771415804943431,136,0.22058823529411764,0.6099839683822948,-195.65195571583922,0.42736486486486486,0.3010135135135135,0.14695945945945946,0.24932432432432433,0.3129898648648649,False
EURUSD1440_comma,daily,50,150,long_only,combined,0.005,-0.01002305471000231,-1.3066236170495507,-1.7724955264674456,-0.04619490299058958,-0.21697317368637226,73,0.3013698630136986,0.614959528474497,-204.30670871083555,0.18074324324324326,0.42533783783783785,0.47533783783783784,0.26182432432432434,0.31297297297297294,False
EURUSD1440_comma,daily,75,500,long_only,none,0.005,-0.009757221174196529,-1.1361152837136252,-1.5140975968297659,-0.05050557036219738,-0.19319099070109014,10,0.2,0.13598126474015296,-1454.732948297838,0.31182432432432433,0.35912162162162165,0.4875,0.0013513513513513514,0.3122128378378379,True
EURUSD1440_comma,daily,40,200,long_short,combined,0.0,-0.02017077950402202,-0.9687525844318435,-1.292524920635168,-0.06581855540797642,-0.3064603800401484,200,0.25,0.6870940461906987,-136.5247246682666,0.4648648648648649,0.12533783783783783,0.14831081081081082,0.4320945945945946,0.31175675675675674,False
EURUSD1440_comma,daily,5,50,long_short,slow_slope,0.0025,-0.02907045558708443,-0.9224997154079625,-1.247894145684945,-0.06509686908100262,-0.4465722545105957,234,0.23504273504273504,0.6707690222426386,-165.9401008726418,0.5152027027027027,0.1347972972972973,0.06486486486486487,0.3932432432432432,0.3117398648648649,False
EURUSD1440_comma,daily,40,250,long_only,slow_slope,0.001,-0.011857516080322372,-1.1197640948942025,-1.5093887208512315,-0.051068067129763896,-0.23219042244525212,54,0.25925925925925924,0.4992328157259038,-322.3588935082545,0.3304054054054054,0.3472972972972973,0.3864864864864865,0.10067567567567567,0.3113851351351351,False
EURUSD1440_comma,daily,50,150,long_only,fast_slope,0.005,-0.010513128006439443,-1.2832360276706498,-1.7417870127439758,-0.047045348724905636,-0.2234679578615565,76,0.2894736842105263,0.6229642216930631,-205.09481768000379,0.1918918918918919,0.41283783783783784,0.4503378378378378,0.2739864864864865,0.31113175675675675,False
EURUSD1440_comma,daily,75,250,long_only,fast_slope,0.001,-0.0099818954011347,-1.2728162176306488,-1.689829556234473,-0.04902372652877621,-0.2036135583302806,66,0.2727272727272727,0.6176633231614382,-225.1159738406982,0.1983108108108108,0.38074324324324327,0.4777027027027027,0.26554054054054055,0.3098817567567568,False
EURUSD1440_comma,daily,100,300,long_only,combined,0.001,-0.00839472920828177,-1.367293298050582,-1.8478611345206253,-0.047365571895264746,-0.17723272141301882,69,0.21739130434782608,0.5999928221517359,-183.2259853221417,0.15202702702702703,0.4077702702702703,0.5614864864864865,0.23074324324324325,0.3096621621621622,False
EURUSD1440_comma,daily,40,200,long_only,fast_slope,0.001,-0.010145715475857964,-1.2870309150318802,-1.731587944361089,-0.047366006894254124,-0.21419824344721616,83,0.27710843373493976,0.6070060102306609,-181.72601877658545,0.19054054054054054,0.40743243243243243,0.46790540540540543,0.24527027027027026,0.308445945945946,False
EURUSD1440_comma,daily,75,200,long_only,fast_slope,0.001,-0.009433884826964611,-1.1832093295423092,-1.5456359651037272,-0.057263008243074905,-0.1647465810199641,65,0.27692307692307694,0.615245032473778,-216.90567234523496,0.2668918918918919,0.2456081081081081,0.504054054054054,0.2631756756756757,0.30844594594594593,False
EURUSD1440_comma,daily,60,400,long_only,price_slow,0.001,-0.01033709909170577,-1.1336403694486767,-1.5050003073862914,-0.051803843814119115,-0.19954309044705287,40,0.15,0.4106198254020987,-383.65285299991814,0.3152027027027027,0.3331081081081081,0.46047297297297296,0.04594594594594595,0.30834459459459457,False
EURUSD1440_comma,daily,50,300,long_only,slow_slope,0.005,-0.009316291616782157,-1.1735365269858873,-1.574444921075403,-0.05289758566276334,-0.17611941074543702,32,0.1875,0.5005677646429619,-435.4757141596053,0.27668918918918917,0.3152027027027027,0.5111486486486486,0.10202702702702703,0.3070101351351351,False
EURUSD1440_comma,daily,75,500,long_short,fast_slope,0.0025,-0.020823533283998663,-1.0090185119661148,-1.3292212105375907,-0.0540731061994124,-0.385099631731993,134,0.23880597014925373,0.6073460926800308,-206.26069128950743,0.4239864864864865,0.2925675675675676,0.13614864864864865,0.24594594594594596,0.3068581081081081,False
EURUSD1440_comma,daily,30,500,long_short,fast_slope,0.0025,-0.020217116702110127,-1.0336510252679008,-1.3753615498032208,-0.059668905904822066,-0.3388216424540861,186,0.27956989247311825,0.6831140806493106,-145.92054091495805,0.40405405405405403,0.20810810810810812,0.14594594594594595,0.42567567567567566,0.3066891891891892,False
EURUSD1440_comma,daily,60,400,long_only,slow_slope,0.0025,-0.008394847763354307,-1.2045796323023026,-1.6109132438645883,-0.051452034631721925,-0.163158713225669,32,0.21875,0.44948779436748326,-395.08626384733094,0.24763513513513513,0.3398648648648649,0.5611486486486487,0.06925675675675676,0.3066385135135135,False
EURUSD1440_comma,daily,30,100,long_short,fast_slope,0.0025,-0.023612601892240237,-0.9706473247449079,-1.3049322012268636,-0.06585248376885237,-0.35856812895808776,202,0.30198019801980197,0.6966746677308843,-152.10697726965753,0.4631756756756757,0.12432432432432433,0.10608108108108108,0.45878378378378376,0.30638513513513516,False
EURUSD1440_comma,daily,40,200,long_short,combined,0.001,-0.020173590434335087,-0.9731991437510462,-1.2995394649086878,-0.06656894786534093,-0.30304805891093933,190,0.24736842105263157,0.6832194706096787,-143.81979418402184,0.4597972972972973,0.11317567567567567,0.14763513513513513,0.4260135135135135,0.3056418918918919,False
EURUSD1440_comma,daily,20,50,long_only,combined,0.005,-0.012519073412603166,-1.3707144877630488,-1.8621612076776306,-0.042043692248147385,-0.29776341570369114,105,0.2857142857142857,0.6466058847888331,-174.7459659163673,0.15033783783783783,0.4972972972972973,0.35945945945945945,0.32837837837837835,0.3056081081081081,False
EURUSD1440_comma,daily,60,200,long_only,none,0.005,-0.01009986753646308,-1.0646848402289433,-1.3830022225866296,-0.05926799196330116,-0.1704101522912559,13,0.46153846153846156,0.4252739108051888,-1155.398191226537,0.3777027027027027,0.21114864864864866,0.46993243243243243,0.051351351351351354,0.30555743243243244,True
EURUSD1440_comma,daily,20,300,long_only,combined,0.0025,-0.008382209917382921,-1.4716839155141215,-2.016719661186709,-0.05072331557919663,-0.1652535884468237,113,0.26548672566371684,0.6877001152954328,-111.72485068752144,0.09695945945945945,0.3550675675675676,0.5625,0.4337837837837838,0.3051182432432432,False
EURUSD1440_comma,daily,5,50,long_short,slow_slope,0.0,-0.03147708723243681,-0.9121742066410629,-1.2401079756852207,-0.06759502233869374,-0.4656716743833107,261,0.2260536398467433,0.6756153052932473,-158.7818373850165,0.5219594594594594,0.10101351351351351,0.05101351351351351,0.40574324324324323,0.30510135135135136,False
EURUSD1440_comma,daily,30,250,long_only,slow_slope,0.0025,-0.012131574721075178,-1.1377966039588265,-1.5433178312888534,-0.049138770730320275,-0.2468839684178259,53,0.22641509433962265,0.458342935071615,-335.35632357335106,0.310472972972973,0.3787162162162162,0.37432432432432433,0.075,0.3049831081081081,False
EURUSD1440_comma,daily,50,400,long_only,slow_slope,0.0,-0.008610451578267564,-1.1862179095994532,-1.5883270038324466,-0.05234091856668129,-0.16450707809604104,34,0.29411764705882354,0.42881037214313944,-380.7881653307446,0.2648648648648649,0.3233108108108108,0.547972972972973,0.05540540540540541,0.30467905405405404,False
EURUSD1440_comma,daily,10,100,long_only,slow_slope,0.0,-0.014758149293437328,-1.122235034856993,-1.5020077817894306,-0.05086999515105486,-0.2901150127813861,89,0.23595505617977527,0.5793829062868356,-238.31409574399342,0.327027027027027,0.3506756756756757,0.28074324324324323,0.19932432432432431,0.30452702702702705,False
EURUSD1440_comma,daily,60,250,long_short,combined,0.001,-0.022940551697796407,-1.0045422147574825,-1.3239729162306508,-0.05724163370851453,-0.40076689310815505,177,0.2711864406779661,0.647922041623372,-180.62339305420628,0.4277027027027027,0.24662162162162163,0.1097972972972973,0.3320945945945946,0.30451013513513514,False
EURUSD1440_comma,daily,10,75,long_only,slow_slope,0.005,-0.013580179518721258,-1.186854277298956,-1.6200160813580797,-0.04819066836348536,-0.28180102040276167,78,0.24358974358974358,0.6055158702543237,-249.98018405019442,0.264527027027027,0.3918918918918919,0.3195945945945946,0.24054054054054055,0.3037837837837838,False
EURUSD1440_comma,daily,10,250,long_only,slow_slope,0.001,-0.012533071373212579,-1.1343944062013274,-1.5391963736310401,-0.05109209792824432,-0.24530351818425034,61,0.21311475409836064,0.5211056401447859,-300.13218493231193,0.314527027027027,0.34695945945945944,0.35912162162162165,0.12297297297297298,0.30282094594594594,False
EURUSD1440_comma,daily,30,300,long_only,fast_slope,0.005,-0.008907114749694522,-1.40593470816654,-1.9259219787903974,-0.04759102486522957,-0.18715954898887122,79,0.31645569620253167,0.6287732785220843,-169.15848605389982,0.13108108108108107,0.4023648648648649,0.5327702702702702,0.2881756756756757,0.30280405405405403,False
EURUSD1440_comma,daily,20,50,long_only,slow_slope,0.001,-0.015415893458668228,-1.134587367997028,-1.5410049103160344,-0.051816774663525585,-0.29750777733218603,107,0.2336448598130841,0.6241810828697107,-207.84157675295967,0.31385135135135134,0.3327702702702703,0.2625,0.27635135135135136,0.3026858108108108,False
EURUSD1440_comma,daily,60,250,long_only,slow_slope,0.005,-0.010402432605236545,-1.1687769282951128,-1.550372860731112,-0.05106447720971503,-0.20371172238805335,41,0.24390243902439024,0.4561637347617035,-376.47978520752577,0.2831081081081081,0.3476351351351351,0.4570945945945946,0.07331081081081081,0.3025675675675676,False
EURUSD1440_comma,daily,30,200,long_short,combined,0.001,-0.023157816911625995,-1.0439530801939167,-1.3792503793128554,-0.058613934767942494,-0.39509063848570725,227,0.2775330396475771,0.689113052683509,-134.9320080620223,0.3945945945945946,0.22195945945945947,0.10844594594594595,0.4402027027027027,0.30104729729729734,False
EURUSD1440_comma,daily,40,500,long_only,fast_slope,0.001,-0.0075054831330825245,-1.4075091904508101,-1.9823092296005285,-0.05675019103196327,-0.13225476419727344,81,0.2839506172839506,0.6792321931559447,-144.96751289208612,0.13006756756756757,0.25574324324324327,0.6111486486486486,0.4168918918918919,0.30072635135135134,False
EURUSD1440_comma,daily,75,100,long_only,none,0.0025,-0.01261996760328421,-1.1586449994366468,-1.530150541941679,-0.04896536195608588,-0.25773255009535734,29,0.3103448275862069,0.5129115085322746,-635.2843700710147,0.2925675675675676,0.38141891891891894,0.3554054054054054,0.11317567567567567,0.3004391891891892,False
EURUSD1440_comma,daily,30,100,long_only,fast_slope,0.005,-0.012345808978910466,-1.3410986511290681,-1.818614381461392,-0.042381230398541185,-0.2913036941781526,84,0.30952380952380953,0.6083161291239931,-213.45545680586596,0.16587837837837838,0.4918918918918919,0.3668918918918919,0.2472972972972973,0.2997972972972973,False
EURUSD1440_comma,daily,10,100,long_short,price_slow,0.0,-0.030520729303077365,-0.8693496635526398,-1.1818483226883136,-0.07053296940573041,-0.4327157861100589,182,0.17032967032967034,0.6296770719952804,-218.2151500797674,0.5658783783783784,0.07128378378378378,0.05878378378378379,0.2908783783783784,0.2995608108108108,False
EURUSD1440_comma,daily,10,50,long_only,combined,0.0025,-0.011936402763729537,-1.279700266376353,-1.7942855330511454,-0.054864104794887944,-0.21756306438160877,151,0.31788079470198677,0.7128175015205349,-113.96986924183958,0.1939189189189189,0.2810810810810811,0.3824324324324324,0.49932432432432433,0.29922297297297296,False
EURUSD1440_comma,daily,10,50,long_only,fast_slope,0.005,-0.01288186989604978,-1.2982102484288633,-1.818582298108147,-0.050441885554223236,-0.2553804195563274,144,0.3194444444444444,0.6889137020007341,-128.26754088562373,0.1858108108108108,0.3597972972972973,0.34459459459459457,0.4391891891891892,0.29907094594594597,False
EURUSD1440_comma,daily,30,250,long_only,slow_slope,0.005,-0.011345938914921194,-1.1561665080573604,-1.5660740531711954,-0.05058314973472425,-0.22430273667067535,43,0.23255813953488372,0.4358644177774485,-388.8170855188726,0.2962837837837838,0.3581081081081081,0.4101351351351351,0.058445945945945946,0.29883445945945947,False
EURUSD1440_comma,daily,50,75,long_short,price_slow,0.0,-0.02733215951752077,-0.911406436119284,-1.2233525293334424,-0.06775624707861652,-0.4033895130851579,199,0.20100502512562815,0.6482591583763432,-182.2337077122791,0.5226351351351352,0.0983108108108108,0.07567567567567568,0.33344594594594595,0.29878378378378384,False
EURUSD1440_comma,daily,5,100,long_only,price_slow,0.0,-0.017704571863815577,-1.0795477645962637,-1.4469444473892958,-0.05156885060067354,-0.3433191094545035,101,0.1782178217821782,0.5822952692499019,-247.69386001019168,0.36283783783783785,0.33716216216216216,0.1939189189189189,0.20371621621621622,0.2987668918918919,False
EURUSD1440_comma,daily,100,200,long_only,fast_slope,0.001,-0.010547916952491798,-1.2022897303719948,-1.5744397346332095,-0.052364877922231566,-0.20143113802646084,67,0.31343283582089554,0.5692528672863468,-233.35488637375227,0.25067567567567567,0.32297297297297295,0.4486486486486487,0.18344594594594596,0.29826013513513516,False
EURUSD1440_comma,daily,10,250,long_only,slow_slope,0.0,-0.012623369262846462,-1.1333172495799984,-1.5385611433049438,-0.051899396439105336,-0.24322766985657973,62,0.20967741935483872,0.5199138889747511,-297.22181662759925,0.31554054054054054,0.3314189189189189,0.3543918918918919,0.12128378378378378,0.2981418918918919,False
EURUSD1440_comma,daily,100,500,long_only,price_slow,0.0025,-0.00958653189469294,-1.209272356622891,-1.613438580384943,-0.04754452774224664,-0.2016327083248034,29,0.1724137931034483,0.2495403554625609,-525.1281906227258,0.24155405405405406,0.40337837837837837,0.49763513513513513,0.006418918918918919,0.2979560810810811,False
EURUSD1440_comma,daily,40,500,long_only,fast_slope,0.0,-0.007830523222709052,-1.40769213659189,-1.9867136919237414,-0.05410237595185671,-0.14473529276564645,82,0.2682926829268293,0.6596756243910467,-152.22305665161244,0.12972972972972974,0.2918918918918919,0.5935810810810811,0.3625,0.29795608108108107,False
EURUSD1440_comma,daily,20,250,long_only,slow_slope,0.0025,-0.012386289046358967,-1.137620639880075,-1.5448706918340323,-0.05076972258366804,-0.2439699966046983,54,0.2222222222222222,0.4724693048216898,-335.42875326774566,0.3108108108108108,0.3527027027027027,0.36486486486486486,0.0831081081081081,0.29793918918918927,False
EURUSD1440_comma,daily,50,200,long_short,fast_slope,0.005,-0.022447704713767336,-0.9715210494174454,-1.2748272873594695,-0.0632864060196217,-0.35470026069749505,162,0.2839506172839506,0.64862787428525,-192.50644529521128,0.4618243243243243,0.1597972972972973,0.1152027027027027,0.3344594594594595,0.29788851351351353,False
EURUSD1440_comma,daily,5,100,long_only,none,0.0025,-0.016947027707398643,-1.0895436930847942,-1.462112280097366,-0.05150905212066046,-0.3290106691868463,67,0.208955223880597,0.5738531356735016,-349.6209231316101,0.35371621621621624,0.3385135135135135,0.21486486486486486,0.19087837837837837,0.2977195945945946,False
EURUSD1440_comma,daily,100,400,long_short,combined,0.001,-0.019715633174303915,-0.9691579272108672,-1.271626594410836,-0.06027549460794833,-0.32709201811682986,126,0.21428571428571427,0.5822076578079548,-210.2097497168319,0.46418918918918917,0.2,0.15405405405405406,0.20337837837837838,0.2969932432432432,False
EURUSD1440_comma,daily,75,400,long_only,fast_slope,0.001,-0.008772724101760665,-1.2958391519399721,-1.7329870762949273,-0.053329739076106976,-0.16449966292242857,67,0.2537313432835821,0.6114498676077952,-196.64140485497114,0.1864864864864865,0.30574324324324326,0.539527027027027,0.2533783783783784,0.2969425675675676,False
EURUSD1440_comma,daily,5,50,long_only,slow_slope,0.0025,-0.01643562044345237,-1.1647096380769253,-1.596605362884701,-0.05004727639140109,-0.32840189573785217,113,0.19469026548672566,0.6327392963943702,-208.14425808645368,0.2864864864864865,0.3668918918918919,0.22804054054054054,0.2993243243243243,0.2968243243243244,False
EURUSD1440_comma,daily,50,100,long_short,combined,0.001,-0.022893677270894308,-0.9372061852702095,-1.2544880572979602,-0.06945360912516323,-0.3296254515677842,204,0.25980392156862747,0.663128549767635,-150.77941815437688,0.49864864864864866,0.07804054054054053,0.11114864864864865,0.3695945945945946,0.2966385135135135,False
EURUSD1440_comma,daily,5,50,long_short,slow_slope,0.001,-0.03109630552278153,-0.923895005216603,-1.2532555097391855,-0.0684102677014777,-0.4545561151503845,252,0.21031746031746032,0.6671665228406399,-162.7780025252571,0.5141891891891892,0.08885135135135135,0.052364864864864864,0.3841216216216216,0.29597972972972975,False
EURUSD1440_comma,daily,100,500,long_only,price_slow,0.001,-0.009954852305681605,-1.2071273568050032,-1.6118026465300195,-0.04749376087968468,-0.20960336939624769,30,0.16666666666666666,0.26348158776623287,-524.4252195176216,0.24425675675675676,0.4043918918918919,0.47871621621621624,0.008783783783783784,0.29586148648648647,False
EURUSD1440_comma,daily,10,500,long_short,combined,0.0025,-0.020170827019105775,-1.1262936891349749,-1.5230570713548226,-0.06020788729623389,-0.33501967806745303,271,0.3210332103321033,0.7557875700528812,-99.02416270779337,0.3219594594594595,0.20168918918918918,0.14797297297297296,0.5800675675675676,0.29581081081081084,False
EURUSD1440_comma,daily,100,400,long_short,combined,0.0025,-0.01969810979678166,-0.9728625288889508,-1.2749451652744943,-0.059865142553414866,-0.3290413913105771,123,0.21138211382113822,0.577234482718482,-214.9646584179506,0.46047297297297296,0.20608108108108109,0.1543918918918919,0.1945945945945946,0.295777027027027,False
EURUSD1440_comma,daily,50,200,long_short,fast_slope,0.001,-0.024714711037436055,-0.9553268683319243,-1.2620308408419239,-0.0657120220400068,-0.376106384648904,194,0.26804123711340205,0.654277960706865,-172.8887247293066,0.4810810810810811,0.12804054054054054,0.0945945945945946,0.3493243243243243,0.29576013513513516,False
EURUSD1440_comma,daily,40,500,long_only,none,0.005,-0.009427226028324243,-1.1502986696509436,-1.5411576107157667,-0.05394003881598318,-0.17477232562781964,11,0.2727272727272727,0.17045219263427636,-1285.014400935306,0.30067567567567566,0.2959459459459459,0.5047297297297297,0.002027027027027027,0.29550675675675675,True
EURUSD1440_comma,daily,75,400,long_only,slow_slope,0.005,-0.008378201391998852,-1.2274766329191888,-1.640014509964213,-0.050953177087354286,-0.16442942071375133,23,0.2608695652173913,0.37782677545958454,-548.6628234918372,0.22804054054054054,0.34864864864864864,0.5638513513513513,0.028040540540540542,0.2953547297297297,False
EURUSD1440_comma,daily,10,300,long_only,slow_slope,0.0025,-0.010508026999235476,-1.204046720097544,-1.6273806511200533,-0.05294843889221499,-0.19845773018211632,49,0.16326530612244897,0.567832372315961,-317.96385284824436,0.2483108108108108,0.31317567567567567,0.4506756756756757,0.18243243243243243,0.2951182432432432,False
EURUSD1440_comma,daily,30,200,long_short,combined,0.0,-0.02379954441268095,-1.0490703014551614,-1.3845325408275717,-0.05923614929220139,-0.40177399606584874,230,0.2826086956521739,0.6874607671738981,-136.31652833758187,0.39087837837837835,0.2114864864864865,0.10371621621621621,0.43243243243243246,0.29483108108108114,False
EURUSD1440_comma,daily,20,400,long_only,slow_slope,0.005,-0.009181751810666605,-1.2716576583043069,-1.7197527649263478,-0.04760748906662594,-0.19286360172906591,32,0.1875,0.45760865403218476,-429.61359844373226,0.19932432432432431,0.40135135135135136,0.5172297297297297,0.07466216216216216,0.2947128378378378,False
EURUSD1440_comma,daily,40,200,long_short,combined,0.005,-0.019967857565550973,-1.0004158149325566,-1.327069244071132,-0.06606553685838423,-0.30224317420372093,170,0.25882352941176473,0.6759737075315171,-161.3424133573108,0.4331081081081081,0.11993243243243243,0.15101351351351353,0.40743243243243243,0.29454391891891896,False
EURUSD1440_comma,daily,10,50,long_short,slow_slope,0.0,-0.030566921670551417,-0.9129006328496932,-1.248600616246334,-0.06886491559124472,-0.44386784486871,244,0.22950819672131148,0.6588521326405462,-163.69848287278734,0.5209459459459459,0.08209459459459459,0.05810810810810811,0.3597972972972973,0.2944932432432432,False
EURUSD1440_comma,daily,40,50,long_only,fast_slope,0.0,-0.016192923390251246,-1.1416064344543309,-1.5489768734888663,-0.051529612172484904,-0.314245008016919,116,0.27586206896551724,0.61489979940653,-202.15180068574074,0.3070945945945946,0.3381756756756757,0.23716216216216215,0.2611486486486487,0.2939864864864865,False
EURUSD1440_comma,daily,50,400,long_only,slow_slope,0.001,-0.009031314284472125,-1.2056998510367727,-1.6089398020230157,-0.05214412847754349,-0.17319906474918978,31,0.25806451612903225,0.4281719133571281,-436.69120729991363,0.2462837837837838,0.32837837837837835,0.5260135135135136,0.05405405405405406,0.29391891891891897,False
EURUSD1440_comma,daily,100,200,long_only,fast_slope,0.0,-0.010973555375208499,-1.1941997312033852,-1.5578008366693024,-0.05411325773504384,-0.20278866648425797,70,0.2857142857142857,0.5820390501229242,-231.63963051977876,0.2591216216216216,0.2908783783783784,0.4283783783783784,0.20304054054054055,0.2925,False
EURUSD1440_comma,daily,20,75,long_short,combined,0.001,-0.02411914696578099,-1.0359888997832973,-1.3870926708109383,-0.0642441974071797,-0.37542918954865057,273,0.2783882783882784,0.7072932440693667,-113.97125554385707,0.40168918918918917,0.14797297297297296,0.10135135135135136,0.4834459459459459,0.29045608108108106,False
EURUSD1440_comma,daily,40,400,long_only,fast_slope,0.005,-0.007892064572793123,-1.4327167427982785,-1.9632769080629497,-0.05220585370507377,-0.15117202406798513,70,0.2714285714285714,0.6320726794495968,-170.42685956792909,0.11554054054054054,0.32635135135135135,0.5891891891891892,0.29662162162162165,0.2901351351351351,False
EURUSD1440_comma,daily,60,75,long_short,price_slow,0.0,-0.027228302587150588,-0.9320251237326383,-1.2471443369586546,-0.06761951025106036,-0.4026693255549513,209,0.20095693779904306,0.6439073115715658,-173.5087442203529,0.504054054054054,0.1,0.07702702702702703,0.3202702702702703,0.2900675675675676,False
EURUSD1440_comma,daily,20,400,long_only,slow_slope,0.0025,-0.009433567033035106,-1.2623743760519006,-1.6986775779597163,-0.04918862554923653,-0.19178350538769073,37,0.21621621621621623,0.47863462029078696,-381.03856338803325,0.20439189189189189,0.37804054054054054,0.5043918918918919,0.08547297297297297,0.2899662162162162,False
EURUSD1440_comma,daily,60,75,long_only,combined,0.0,-0.012661689352696182,-1.2527673492287936,-1.6992747926589278,-0.04564162690649866,-0.27741538176618663,91,0.26373626373626374,0.5647463428999583,-200.21166983339612,0.2097972972972973,0.435472972972973,0.3533783783783784,0.17533783783783785,0.28976351351351354,False
EURUSD1440_comma,daily,40,100,long_short,combined,0.0025,-0.022507584964770566,-0.9770398472113624,-1.319117061988923,-0.06575661354187225,-0.34228625460522344,186,0.24731182795698925,0.6539798203526074,-160.19203747649533,0.4574324324324324,0.12635135135135134,0.11385135135135135,0.3476351351351351,0.28947635135135136,False
EURUSD1440_comma,daily,50,100,long_short,combined,0.0,-0.02442319391169767,-0.9482934988638627,-1.2725225338699615,-0.07053554197511279,-0.34625372156798573,216,0.25,0.6640408351624019,-151.40978062855552,0.48817567567567566,0.07094594594594594,0.09797297297297297,0.37533783783783786,0.28890202702702705,False
EURUSD1440_comma,daily,60,250,long_short,combined,0.0,-0.02374389551334244,-1.0055291805899302,-1.3170871245741276,-0.060019699024131075,-0.39560170909547787,185,0.2648648648648649,0.6354177498975698,-177.00799549662656,0.42702702702702705,0.20439189189189189,0.1043918918918919,0.30608108108108106,0.2886993243243244,False
EURUSD1440_comma,daily,30,100,long_short,fast_slope,0.001,-0.025940859894038826,-0.9748272739713503,-1.3096490229892828,-0.06877598007260849,-0.37717906552043934,223,0.28699551569506726,0.6914548260614746,-148.08458173437919,0.45844594594594595,0.08378378378378379,0.08648648648648649,0.4449324324324324,0.2883614864864865,False
EURUSD1440_comma,daily,20,300,long_only,fast_slope,0.0025,-0.009722699837450444,-1.3888342904520927,-1.8880052467878519,-0.054335668727800365,-0.1789377045519992,117,0.27350427350427353,0.678209064474363,-123.92781192738623,0.14155405405405405,0.2875,0.4888513513513513,0.4131756756756757,0.28824324324324324,False
EURUSD1440_comma,daily,100,250,long_only,slow_slope,0.0025,-0.01119521693105563,-1.1495172506752027,-1.5271188152230388,-0.053558234040428795,-0.20902886608630233,42,0.23809523809523808,0.44276556600480876,-393.22235708978735,0.3010135135135135,0.3016891891891892,0.4152027027027027,0.061824324324324324,0.28814189189189193,False
EURUSD1440_comma,daily,50,400,long_only,slow_slope,0.0025,-0.008767439228295593,-1.2250549878412815,-1.627564092192137,-0.052534429915384664,-0.16688939505800282,30,0.23333333333333334,0.4173695046245254,-438.91839136593023,0.2304054054054054,0.3222972972972973,0.5398648648648648,0.047972972972972976,0.28790540540540543,False
EURUSD1440_comma,daily,40,100,long_only,combined,0.0,-0.012751742248944264,-1.3017407326894042,-1.784864442360596,-0.04506297778916873,-0.2829760232136558,108,0.25925925925925924,0.5925236562011226,-172.2002527597056,0.18412162162162163,0.4456081081081081,0.3510135135135135,0.21756756756756757,0.2878885135135135,False
EURUSD1440_comma,daily,30,250,long_only,combined,0.0025,-0.010091224448948277,-1.4271581767972157,-1.9939665894975631,-0.046745074807647856,-0.21587781152287888,95,0.2736842105263158,0.6256201549277459,-157.98188812752304,0.11824324324324324,0.4172297297297297,0.4706081081081081,0.27871621621621623,0.2875337837837838,False
EURUSD1440_comma,daily,75,100,long_short,combined,0.001,-0.023685755087920146,-0.9485668891767639,-1.249806167770949,-0.06594384888974357,-0.35918065879839867,165,0.26666666666666666,0.6190030393467546,-196.72543050570494,0.4875,0.12297297297297298,0.10472972972972973,0.2679054054054054,0.286875,False
EURUSD1440_comma,daily,30,50,long_only,fast_slope,0.005,-0.010480746189405643,-1.3597394349118561,-1.8278747246640745,-0.04381291737686947,-0.23921589377973795,65,0.3230769230769231,0.5136277824356433,-239.3956832959424,0.15675675675675677,0.46621621621621623,0.4523648648648649,0.11418918918918919,0.28685810810810813,False
EURUSD1440_comma,daily,40,400,long_only,slow_slope,0.0,-0.009010129742354822,-1.2060463754101995,-1.6090228250428826,-0.05295286648641756,-0.17015376768443546,32,0.25,0.3859033103885771,-422.1183599459008,0.24594594594594596,0.31283783783783786,0.5266891891891892,0.032432432432432434,0.2867905405405406,False
EURUSD1440_comma,daily,40,100,long_only,price_slow,0.0,-0.015522444605681751,-1.1573628190258465,-1.5493438393227963,-0.0489915314226926,-0.3168393425336331,87,0.19540229885057472,0.5451935463709745,-255.4652921126479,0.2935810810810811,0.3810810810810811,0.25844594594594594,0.14831081081081082,0.28663851351351355,False
EURUSD1440_comma,daily,100,400,long_only,price_slow,0.001,-0.010431673175246292,-1.172244439313018,-1.5577488946371636,-0.05227689455569116,-0.19954653511664344,40,0.15,0.3467843165835024,-386.8931110125036,0.27871621621621623,0.3239864864864865,0.4554054054054054,0.019932432432432434,0.2865540540540541,False
EURUSD1440_comma,daily,20,500,long_short,combined,0.0025,-0.020191396125133765,-1.1297245781016931,-1.4726556206904167,-0.055114542798635695,-0.36635332708654134,211,0.3127962085308057,0.6743203452064882,-129.19474452342817,0.31824324324324327,0.27668918918918917,0.1472972972972973,0.40202702702702703,0.2862331081081081,False
EURUSD1440_comma,daily,100,250,long_only,fast_slope,0.001,-0.008734602189076512,-1.2367948235255506,-1.6565498076323477,-0.05901078605143019,-0.14801704524769366,67,0.2835820895522388,0.5997645609648216,-195.8420918672818,0.22195945945945947,0.21621621621621623,0.5422297297297297,0.2304054054054054,0.2858445945945946,False
EURUSD1440_comma,daily,100,400,long_short,combined,0.0,-0.020388941289531504,-0.9775382750719356,-1.2814565091094352,-0.06158288499773501,-0.3310812945882837,127,0.2125984251968504,0.5723454178532966,-214.92728310306143,0.45675675675675675,0.1831081081081081,0.14358108108108109,0.18952702702702703,0.285625,False
EURUSD1440_comma,daily,20,100,long_only,price_slow,0.0025,-0.01569159359781669,-1.156925886807315,-1.5499268096978667,-0.050650649115042974,-0.3098004442584008,79,0.24050632911392406,0.5695082335585208,-275.78858442916055,0.2956081081081081,0.3567567567567568,0.2527027027027027,0.1837837837837838,0.28554054054054057,False
EURUSD1440_comma,daily,20,300,long_short,fast_slope,0.005,-0.022744446709725308,-1.0534765312843357,-1.3884370041774425,-0.06331772693688092,-0.35921135849362373,252,0.30158730158730157,0.6938234863033563,-118.51108612730995,0.38885135135135135,0.15912162162162163,0.11216216216216217,0.45135135135135135,0.2854560810810811,False
EURUSD1440_comma,daily,20,100,long_only,price_slow,0.001,-0.016784820616211005,-1.1465213859715082,-1.5310169683966917,-0.05008976148297827,-0.33509484012845414,90,0.2222222222222222,0.5758689924770802,-258.1511913996139,0.3027027027027027,0.36655405405405406,0.21858108108108107,0.19256756756756757,0.2853209459459459,False
EURUSD1440_comma,daily,40,100,long_short,price_slow,0.0025,-0.026536769789008208,-0.9108327300064216,-1.2217990530067147,-0.07102645255630109,-0.3736181216142408,148,0.20945945945945946,0.6258311883537306,-235.54873779753297,0.5233108108108108,0.06756756756756757,0.08277027027027027,0.2797297297297297,0.2847297297297297,False
EURUSD1440_comma,daily,75,100,long_only,price_slow,0.001,-0.013371007747737473,-1.2519121634802632,-1.6540515796057602,-0.04604802007240616,-0.2903709589839656,70,0.3,0.5658174906749653,-277.3206538448736,0.21047297297297296,0.4297297297297297,0.3287162162162162,0.1783783783783784,0.28412162162162163,False
EURUSD1440_comma,daily,5,100,long_short,price_slow,0.0,-0.032736030398528904,-0.8817998463648752,-1.2092078304797167,-0.07228900960953584,-0.45284934148842737,199,0.1658291457286432,0.6146012439968269,-209.56262572425135,0.552027027027027,0.05945945945945946,0.04493243243243243,0.2608108108108108,0.28378378378378377,False
EURUSD1440_comma,daily,30,500,long_only,price_slow,0.0025,-0.011143867281653286,-1.1769289908484497,-1.575929791791474,-0.05125573554654253,-0.21741698100369955,27,0.14814814814814814,0.3844944517237843,-616.6453393083497,0.2739864864864865,0.34290540540540543,0.4172297297297297,0.03141891891891892,0.28347972972972973,False
EURUSD1440_comma,daily,100,400,long_only,slow_slope,0.005,-0.008566810401508529,-1.2415157180742515,-1.6582716067920207,-0.05190501170856644,-0.16504784643165116,24,0.2916666666666667,0.32515690362212424,-536.8890216778642,0.2195945945945946,0.3310810810810811,0.5503378378378379,0.016216216216216217,0.2831081081081081,False
EURUSD1440_comma,daily,40,500,long_only,price_slow,0.0025,-0.009509873132559132,-1.1705592219711696,-1.551416980292656,-0.056781771975129965,-0.16748109123336963,26,0.19230769230769232,0.40394425524799177,-523.1622537119429,0.28175675675675677,0.25472972972972974,0.5006756756756757,0.04155405405405405,0.28275337837837844,False
EURUSD1440_comma,daily,75,300,long_only,fast_slope,0.005,-0.009631004436815305,-1.3127674629894153,-1.7706390359893025,-0.05249749404839123,-0.1834564603776634,63,0.23809523809523808,0.5888973474440352,-228.13541819492244,0.17736486486486486,0.32263513513513514,0.49425675675675673,0.21385135135135136,0.2825337837837838,False
EURUSD1440_comma,daily,60,200,long_only,slow_slope,0.001,-0.012347980807864367,-1.1274736387604,-1.4646161844294905,-0.0566968524763149,-0.21778952919869288,50,0.28,0.5066789491988577,-361.24423788113194,0.3206081081081081,0.25641891891891894,0.36655405405405406,0.10844594594594595,0.28192567567567567,False
EURUSD1440_comma,daily,10,50,long_only,slow_slope,0.001,-0.017298610054716224,-1.1514178269572999,-1.571559636418661,-0.05165547386192612,-0.33488435515962944,117,0.18803418803418803,0.6086997796972557,-210.1634753655621,0.2996621621621622,0.3364864864864865,0.20371621621621622,0.24763513513513513,0.281875,False
EURUSD1440_comma,daily,30,500,long_only,fast_slope,0.0,-0.009574722408890346,-1.43340756650683,-2.0007480116198946,-0.047314281433770165,-0.20236432042813335,88,0.23863636363636365,0.594415635659627,-179.65923154013538,0.11486486486486487,0.40844594594594597,0.49864864864864866,0.2206081081081081,0.28087837837837837,False
EURUSD1440_comma,daily,5,100,long_only,price_slow,0.001,-0.01856940444542665,-1.111378819707765,-1.483059887037107,-0.051787999350947134,-0.35856578122643856,92,0.1956521739130435,0.5649850957482694,-283.16640196300534,0.33885135135135136,0.33378378378378376,0.17635135135135135,0.17601351351351352,0.2806587837837838,False
EURUSD1440_comma,daily,100,250,long_only,slow_slope,0.005,-0.010520199509487016,-1.1871950172483687,-1.5714783676543946,-0.05382984104311336,-0.19543434098312096,34,0.23529411764705882,0.45048352589498003,-458.7317036333906,0.2641891891891892,0.29695945945945945,0.45,0.06993243243243243,0.28040540540540543,False
EURUSD1440_comma,daily,10,150,long_only,combined,0.005,-0.01200126275150426,-1.393592062382468,-1.8889982763961721,-0.05192854917856081,-0.23111107360686856,128,0.3203125,0.6889556522538056,-137.49848860634802,0.13885135135135135,0.3304054054054054,0.3793918918918919,0.43986486486486487,0.28,False
EURUSD1440_comma,daily,40,400,long_only,slow_slope,0.001,-0.009085407989278482,-1.2173362924878506,-1.6217033642648921,-0.053527372647151815,-0.16973386773845167,30,0.23333333333333334,0.38918779115228214,-453.76894326857894,0.23716216216216215,0.30202702702702705,0.5206081081081081,0.03445945945945946,0.27966216216216216,False
EURUSD1440_comma,daily,10,100,long_only,price_slow,0.0025,-0.01666989176047262,-1.1359074717986672,-1.5301486360591279,-0.05216473269263636,-0.31956248791102815,84,0.2261904761904762,0.5737712813223392,-273.6995736155734,0.3125,0.3277027027027027,0.2206081081081081,0.19054054054054054,0.2796283783783784,False
EURUSD1440_comma,daily,100,200,long_only,slow_slope,0.0025,-0.012077939668909021,-1.1535806254887286,-1.4872295403689537,-0.05334633585634104,-0.2264061715772625,44,0.25,0.42944497134113646,-402.3245000170314,0.29864864864864865,0.3047297297297297,0.377027027027027,0.056081081081081084,0.2794594594594595,False
EURUSD1440_comma,daily,10,150,long_only,combined,0.0025,-0.012314794322820344,-1.379768991311493,-1.8762620210720187,-0.05216897214899825,-0.23605591246169133,136,0.3161764705882353,0.6892605773013781,-130.2671531479377,0.1445945945945946,0.327027027027027,0.3689189189189189,0.44054054054054054,0.27945945945945944,False
EURUSD1440_comma,daily,75,100,long_short,price_slow,0.001,-0.024528671562244808,-0.9321689200659639,-1.2262963227659345,-0.06965482938764021,-0.35214602889541,145,0.23448275862068965,0.6136829501865748,-231.0611124602868,0.5037162162162162,0.07736486486486487,0.09695945945945945,0.2587837837837838,0.2790371621621621,False
EURUSD1440_comma,daily,10,100,long_short,price_slow,0.001,-0.03176532433417567,-0.8924838019943743,-1.2058785641373566,-0.07300663766255801,-0.43510186677815943,177,0.1977401129943503,0.6167383763022579,-229.09857216501572,0.5385135135135135,0.05405405405405406,0.05,0.264527027027027,0.278597972972973,False
EURUSD1440_comma,daily,10,500,long_short,combined,0.0,-0.021166003418015333,-1.1288807603596251,-1.5147875029304196,-0.06345723025089804,-0.33354754587190316,276,0.3188405797101449,0.7460353715110091,-101.18590926405587,0.31891891891891894,0.15743243243243243,0.13344594594594594,0.5628378378378378,0.27804054054054056,False
EURUSD1440_comma,daily,40,300,long_only,combined,0.005,-0.008158948674070965,-1.4996045978924493,-2.0490070954198263,-0.050851605331787265,-0.16044623607921416,76,0.2894736842105263,0.6275228712527917,-161.9600403952086,0.07905405405405405,0.3510135135135135,0.5797297297297297,0.28412162162162163,0.2779391891891892,False
EURUSD1440_comma,daily,30,100,long_only,fast_slope,0.0025,-0.013791511976582904,-1.3138396360696238,-1.7818363034475397,-0.046397488124029405,-0.2972469531047789,97,0.31958762886597936,0.6139185814343631,-203.86114099107888,0.17702702702702702,0.4209459459459459,0.3108108108108108,0.2594594594594595,0.2771283783783784,False
EURUSD1440_comma,daily,60,300,long_only,fast_slope,0.001,-0.009488729089020098,-1.3450470821828613,-1.8033626408816044,-0.056977062259755684,-0.1665359481989689,78,0.3076923076923077,0.6412179380286467,-181.7319440169234,0.16486486486486487,0.25236486486486487,0.5016891891891891,0.3162162162162162,0.27680743243243244,False
EURUSD1440_comma,daily,5,400,long_short,slow_slope,0.0,-0.02446817101170773,-0.8904465727322382,-1.1656592559262693,-0.06733113633046277,-0.36340053569892805,91,0.18681318681318682,0.49200941890519223,-326.3452063793401,0.5412162162162162,0.10506756756756756,0.09763513513513514,0.09358108108108108,0.2763175675675676,False
EURUSD1440_comma,daily,30,50,long_only,price_slow,0.005,-0.011013749456728728,-1.3645223592135203,-1.836901637283854,-0.04610273358691172,-0.23889580074391648,62,0.3064516129032258,0.5445191257139886,-262.6937634097991,0.15337837837837837,0.4283783783783784,0.42567567567567566,0.14763513513513513,0.2757263513513513,False
EURUSD1440_comma,daily,20,300,long_only,combined,0.001,-0.008861585593306964,-1.478812454883892,-2.023687356495055,-0.054563888078388134,-0.16240751723147262,115,0.26956521739130435,0.6760140465059312,-115.64945497844714,0.09121621621621621,0.28378378378378377,0.5351351351351351,0.4077702702702703,0.275625,False
EURUSD1440_comma,daily,5,100,long_short,price_slow,0.005,-0.029845636850600932,-0.9088323056064386,-1.213356175758295,-0.07223647233032719,-0.4131657580691517,143,0.20279720279720279,0.6070049090239618,-269.02444660013913,0.5266891891891892,0.06047297297297297,0.06148648648648649,0.24493243243243243,0.2748310810810811,False
EURUSD1440_comma,daily,60,400,long_only,price_slow,0.0025,-0.011396983073197697,-1.1636347042902273,-1.5425603861488462,-0.05506746062961147,-0.2069640209098218,40,0.175,0.41787820144452487,-419.7011800011928,0.2885135135135135,0.2773648648648649,0.40743243243243243,0.04932432432432433,0.27363175675675677,False
EURUSD1440_comma,daily,10,500,long_short,combined,0.001,-0.021361718776251593,-1.1355967227860895,-1.5231377634916548,-0.06374023213512467,-0.33513713490980546,274,0.3175182481751825,0.7436297882988259,-102.88980732178081,0.31283783783783786,0.15337837837837837,0.13108108108108107,0.558445945945946,0.27346283783783787,False
EURUSD1440_comma,daily,20,250,long_only,fast_slope,0.005,-0.011909366404431188,-1.393793984533084,-1.8555313031785479,-0.04843361692788795,-0.245890502502897,118,0.2796610169491525,0.6289132192622149,-148.1087978419198,0.13851351351351351,0.3891891891891892,0.38344594594594594,0.2891891891891892,0.2727702702702703,False
EURUSD1440_comma,daily,60,400,long_only,slow_slope,0.005,-0.009066373227047952,-1.2600102957463124,-1.677963422647138,-0.05220210047064944,-0.17367832223811586,25,0.2,0.37638265555696454,-543.4583395779068,0.20641891891891892,0.3266891891891892,0.5216216216216216,0.027364864864864866,0.2726689189189189,False
EURUSD1440_comma,daily,40,250,long_only,slow_slope,0.0,-0.013371911652716673,-1.1404889698449399,-1.5346616358806886,-0.054526517615533364,-0.2452368542403911,57,0.2631578947368421,0.46573655875520037,-340.5899912606905,0.30844594594594593,0.2847972972972973,0.32837837837837835,0.07905405405405405,0.2721114864864865,False
EURUSD1440_comma,daily,75,100,long_only,combined,0.001,-0.012706948749413027,-1.28952999425025,-1.7013972704865057,-0.046909039527258584,-0.27088486307695747,78,0.3333333333333333,0.5409539591607669,-237.67166960303678,0.18952702702702703,0.4155405405405405,0.35236486486486485,0.1445945945945946,0.27185810810810807,False
EURUSD1440_comma,daily,10,150,long_only,fast_slope,0.001,-0.013818001035600158,-1.3214473121098118,-1.79676668694627,-0.05335263614313405,-0.25899378239773063,149,0.3221476510067114,0.6838055065553171,-132.22407035510773,0.17398648648648649,0.3043918918918919,0.30844594594594593,0.4266891891891892,0.2713851351351351,False
EURUSD1440_comma,daily,40,100,long_only,price_slow,0.001,-0.01555801364913112,-1.1822239370625935,-1.5920492520259484,-0.049471392077341574,-0.3144850588560021,82,0.1951219512195122,0.5228556185906403,-268.0729452862827,0.2679054054054054,0.37398648648648647,0.2577702702702703,0.1277027027027027,0.27136824324324327,False
EURUSD1440_comma,daily,75,100,long_only,fast_slope,0.0025,-0.012580411857290641,-1.2553015324906527,-1.662869822409337,-0.047924414010456745,-0.262505282892884,49,0.22448979591836735,0.5147258531091873,-374.91496629130853,0.20777027027027026,0.3969594594594595,0.35743243243243245,0.11587837837837837,0.2712162162162162,False
EURUSD1440_comma,daily,50,250,long_short,fast_slope,0.0,-0.025695062759717113,-0.9956739100649075,-1.3092423650910185,-0.06560952438643698,-0.3916361686814618,191,0.28272251308900526,0.6385537786980663,-182.16668404430655,0.4358108108108108,0.13006756756756757,0.08783783783783784,0.3108108108108108,0.27103040540540535,False
EURUSD1440_comma,daily,40,50,long_short,price_slow,0.0,-0.029874107870165423,-0.9703070945670538,-1.3045276848932574,-0.0700938335271648,-0.4262016552224631,249,0.2248995983935743,0.6607457878057208,-152.57811995822448,0.4635135135135135,0.07364864864864865,0.06114864864864865,0.3652027027027027,0.2708277027027027,False
EURUSD1440_comma,daily,75,300,long_only,price_slow,0.005,-0.010044985429609743,-1.1903720089034642,-1.5883373177769182,-0.057061357286163544,-0.17603831922949176,32,0.125,0.4374315718423603,-467.0189170597198,0.26216216216216215,0.25,0.47297297297297297,0.05912162162162162,0.2708277027027027,False
EURUSD1440_comma,daily,30,100,long_only,price_slow,0.0,-0.016870027202730786,-1.1656592627575035,-1.5602403780798504,-0.05083266603134222,-0.33187374418507043,90,0.2,0.5582156647160134,-260.576242524817,0.28547297297297297,0.35135135135135137,0.21722972972972973,0.16756756756756758,0.2706081081081081,False
EURUSD1440_comma,daily,10,150,long_only,fast_slope,0.0025,-0.013733436556747303,-1.3398531990465388,-1.8304682678357054,-0.05285087363131264,-0.2598525930252671,144,0.3125,0.6786111848020719,-136.04804119436332,0.1662162162162162,0.31655405405405407,0.31351351351351353,0.41486486486486485,0.27055743243243247,False
EURUSD1440_comma,daily,50,250,long_short,combined,0.005,-0.023115342836779407,-1.0538355949983897,-1.3955187521375496,-0.06037174593944979,-0.3828834577678618,168,0.27380952380952384,0.6297327831516875,-190.53285329539648,0.3875,0.19932432432432431,0.10878378378378378,0.29121621621621624,0.2702702702702703,False
EURUSD1440_comma,daily,20,50,long_only,fast_slope,0.0025,-0.016644458536539064,-1.2868292934149532,-1.7193918072799235,-0.0463167769514685,-0.35936132935112064,126,0.30952380952380953,0.6304824770761763,-190.56334462081966,0.19087837837837837,0.42195945945945945,0.22162162162162163,0.29324324324324325,0.27015202702702706,False
EURUSD1440_comma,daily,100,400,long_only,fast_slope,0.0,-0.009047966286829245,-1.2905361124965682,-1.713026326553874,-0.05700985299362599,-0.15870881631357403,70,0.2714285714285714,0.5670108060539606,-193.72455772566443,0.18885135135135134,0.2516891891891892,0.5236486486486487,0.17972972972972973,0.27015202702702706,False
EURUSD1440_comma,daily,30,250,long_only,slow_slope,0.0,-0.01419997306834242,-1.14805688365764,-1.5515353344009637,-0.05278768950281407,-0.26900160249645766,59,0.2542372881355932,0.4460845364907169,-347.30877244791355,0.3016891891891892,0.31891891891891894,0.2972972972972973,0.06621621621621622,0.2697972972972973,False
EURUSD1440_comma,daily,20,300,long_only,fast_slope,0.0,-0.010762077296022743,-1.370722314346089,-1.8387899659233349,-0.057680012174738074,-0.18658243801023633,125,0.28,0.6802725828329231,-125.29520768786011,0.15,0.2375,0.43716216216216214,0.4195945945945946,0.2697466216216216,False
EURUSD1440_comma,daily,5,100,long_only,price_slow,0.005,-0.01592327095726298,-1.150662525999665,-1.5569947156357185,-0.05331280734525776,-0.29867627968159094,72,0.2222222222222222,0.5512947202498741,-306.22099879808644,0.3,0.30608108108108106,0.2462837837837838,0.15777027027027027,0.2694425675675675,False
EURUSD1440_comma,daily,75,250,long_only,combined,0.005,-0.008945227667851774,-1.3776751497541542,-1.8480783849978915,-0.05457571679771979,-0.1639049048316945,68,0.2647058823529412,0.5951614985233296,-197.3076739177675,0.1472972972972973,0.2831081081081081,0.5310810810810811,0.2222972972972973,0.26925675675675675,False
EURUSD1440_comma,daily,75,400,long_only,price_slow,0.001,-0.011574044996004673,-1.173603961804164,-1.5550233326782217,-0.05372435318636958,-0.2154338639658323,42,0.16666666666666666,0.34414864800727296,-405.39706452409746,0.27635135135135136,0.2989864864864865,0.4010135135135135,0.019256756756756758,0.26837837837837836,False
EURUSD1440_comma,daily,10,300,long_only,slow_slope,0.005,-0.011198904140742316,-1.2330840380312795,-1.6645643374035102,-0.05375343914643344,-0.20833837459654647,47,0.19148936170212766,0.5346290554585849,-351.496386350684,0.22432432432432434,0.2983108108108108,0.41486486486486485,0.13716216216216215,0.26785472972972973,False
EURUSD1440_comma,daily,10,150,long_only,combined,0.001,-0.0128709272056019,-1.3792465549752915,-1.8663388062188266,-0.05343464005281508,-0.24087234784177847,139,0.31654676258992803,0.6851905674186015,-132.77722287255753,0.14527027027027026,0.3033783783783784,0.3456081081081081,0.4280405405405405,0.2672804054054054,False
EURUSD1440_comma,daily,40,50,long_short,slow_slope,0.0,-0.03347086523616949,-0.9484820926219617,-1.2956160571138402,-0.0736848791284581,-0.4542433350242491,246,0.25609756097560976,0.6501852697787887,-171.17961962913517,0.48783783783783785,0.04831081081081081,0.04155405405405405,0.3368243243243243,0.2660472972972973,False
EURUSD1440_comma,daily,60,500,long_only,price_slow,0.001,-0.010422945081941415,-1.180050104417305,-1.5695632644453028,-0.05669327720852596,-0.18384799036408384,29,0.1724137931034483,0.3104023057887184,-564.4578482693971,0.2699324324324324,0.25675675675675674,0.4560810810810811,0.013851351351351352,0.2654560810810811,False
EURUSD1440_comma,daily,20,300,long_only,combined,0.0,-0.009339768186992559,-1.490769951722272,-2.0402434151933,-0.0544742109178127,-0.17145302391041184,122,0.2540983606557377,0.6687783245453935,-114.49112139102279,0.08513513513513514,0.28547297297297297,0.5091216216216217,0.3864864864864865,0.2652195945945946,False
EURUSD1440_comma,daily,50,250,long_only,slow_slope,0.005,-0.011695252132568723,-1.1988381393995375,-1.5955058717988437,-0.05311662532961708,-0.22018063195832616,42,0.21428571428571427,0.4174398835838098,-409.2776097390034,0.2543918918918919,0.30945945945945946,0.39425675675675675,0.04831081081081081,0.26521959459459454,False
EURUSD1440_comma,daily,30,400,long_only,slow_slope,0.005,-0.009656530643550099,-1.2813657061546089,-1.7028096686292762,-0.05213671741415925,-0.18521554717074662,30,0.16666666666666666,0.4177523151585093,-480.26365763564957,0.19256756756756757,0.3287162162162162,0.4929054054054054,0.048986486486486486,0.26513513513513515,False
EURUSD1440_comma,daily,30,250,long_only,combined,0.005,-0.009674576454985595,-1.4702874579693481,-2.047372694436538,-0.05026583628917941,-0.19246822830774657,84,0.27380952380952384,0.6069159067358968,-171.82038439796443,0.09797297297297297,0.3625,0.4912162162162162,0.2445945945945946,0.2647466216216216,False
EURUSD1440_comma,daily,30,500,long_only,fast_slope,0.005,-0.008108697551780897,-1.4936945593750248,-2.0985879775457996,-0.0572025431228562,-0.1417541442932969,78,0.2564102564102564,0.6563220039007575,-148.0344795807811,0.08412162162162162,0.2472972972972973,0.581081081081081,0.35371621621621624,0.2647466216216216,False
EURUSD1440_comma,daily,50,250,long_short,fast_slope,0.001,-0.024393711478794544,-0.9900050629749457,-1.3009303542014348,-0.06828033537857942,-0.3572582258646495,177,0.2937853107344633,0.6321065965549327,-187.79354919508967,0.4445945945945946,0.09054054054054055,0.0983108108108108,0.2972972972972973,0.26472972972972975,False
EURUSD1440_comma,daily,40,100,long_only,combined,0.001,-0.013480076465244628,-1.337333111389501,-1.829101186800161,-0.04599844081190104,-0.29305507376582574,102,0.2549019607843137,0.562620773285614,-191.7172740866704,0.16689189189189188,0.43074324324324326,0.3219594594594595,0.17229729729729729,0.26467905405405406,False
EURUSD1440_comma,daily,60,300,long_only,slow_slope,0.005,-0.011064660324428544,-1.221757289084903,-1.6408157386764615,-0.052841266792702055,-0.20939430479279675,33,0.21212121212121213,0.4205237520711071,-495.10399011860665,0.23378378378378378,0.3168918918918919,0.4222972972972973,0.04966216216216216,0.2646452702702703,False
EURUSD1440_comma,daily,40,400,long_only,price_slow,0.005,-0.012015736237972141,-1.1882726348123458,-1.5697495217241757,-0.053109977918771076,-0.22624253876267053,38,0.21052631578947367,0.3944515542519154,-463.6620564323997,0.26385135135135135,0.31013513513513513,0.3787162162162162,0.03682432432432432,0.2643412162162162,False
EURUSD1440_comma,daily,20,400,long_short,fast_slope,0.0025,-0.02361984023048036,-1.0993459590844095,-1.439117606610555,-0.06204172263599688,-0.380708968528479,251,0.30677290836653387,0.6740581330018438,-122.85158735666897,0.34628378378378377,0.17702702702702702,0.10574324324324325,0.4010135135135135,0.26407094594594593,False
EURUSD1440_comma,daily,30,75,long_only,combined,0.001,-0.014128345879856341,-1.3529573306381406,-1.8372690578304367,-0.04829722060919438,-0.292529170450167,104,0.27884615384615385,0.6261921985105009,-194.35310317211452,0.1597972972972973,0.39087837837837835,0.2993243243243243,0.28074324324324323,0.26361486486486485,False
EURUSD1440_comma,daily,5,50,long_only,slow_slope,0.001,-0.018546515414624487,-1.171412315313741,-1.5947559124384574,-0.05333425962664307,-0.3477411244565134,127,0.18110236220472442,0.6170340084320014,-205.59000550435496,0.28006756756756757,0.3050675675675676,0.17702702702702702,0.2648648648648649,0.2634290540540541,False
EURUSD1440_comma,daily,10,150,long_short,fast_slope,0.0025,-0.028655413393724682,-1.0958147778730791,-1.4705076975397608,-0.06727672463089623,-0.4259335386931863,348,0.3218390804597701,0.739826592433115,-103.34667276786867,0.35,0.10608108108108108,0.0679054054054054,0.5527027027027027,0.2630067567567567,False
EURUSD1440_comma,daily,75,300,long_only,slow_slope,0.0,-0.011695573770800882,-1.1936867350000162,-1.5944739186996264,-0.05428458794769329,-0.21544925020100225,40,0.175,0.42836174315211145,-429.7522926211649,0.2594594594594595,0.2885135135135135,0.3939189189189189,0.05472972972972973,0.26290540540540536,False
EURUSD1440_comma,daily,10,250,long_only,slow_slope,0.0025,-0.013797908630191036,-1.1743616809561648,-1.5877451115973724,-0.053233990355317055,-0.25919358173406004,61,0.22950819672131148,0.4812076107778955,-327.37203936133096,0.2756756756756757,0.3070945945945946,0.31013513513513513,0.08648648648648649,0.2620439189189189,False
EURUSD1440_comma,daily,10,100,long_only,combined,0.0,-0.0134955422083185,-1.3692080183443787,-1.894689777481966,-0.05489894481513101,-0.24582516574342095,161,0.3105590062111801,0.6914805208266949,-121.58620903418563,0.15135135135135136,0.28074324324324323,0.3216216216216216,0.4452702702702703,0.26184121621621625,False
EURUSD1440_comma,daily,30,75,long_only,fast_slope,0.0025,-0.01429417316216286,-1.3200381295565107,-1.7819556358689073,-0.04923800543260536,-0.29030772137445826,96,0.3020833333333333,0.6130036253299944,-209.23447850575872,0.17432432432432432,0.377027027027027,0.2945945945945946,0.2574324324324324,0.26152027027027025,False
EURUSD1440_comma,daily,75,500,long_only,price_slow,0.0,-0.010915010874041453,-1.1925949162447829,-1.5895158821130342,-0.05497223590371257,-0.19855497406290334,33,0.15151515151515152,0.23948908644304956,-516.1677403804852,0.2608108108108108,0.28006756756756757,0.43108108108108106,0.0057432432432432436,0.26141891891891894,False
EURUSD1440_comma,daily,40,300,long_only,slow_slope,0.005,-0.010701068909807487,-1.212382156652606,-1.6299457613012445,-0.055786848028180167,-0.1918206403129632,36,0.2222222222222222,0.44581623552923977,-440.10839749144895,0.23952702702702702,0.2695945945945946,0.4418918918918919,0.06554054054054054,0.26141891891891894,False
EURUSD1440_comma,daily,60,500,long_only,price_slow,0.0,-0.01070434753047933,-1.1789789954069685,-1.5653086150889424,-0.057071247417971024,-0.1875611277967032,32,0.15625,0.3046290074191229,-523.4300340897397,0.2719594594594595,0.24966216216216217,0.44155405405405407,0.0125,0.26138513513513517,False
EURUSD1440_comma,daily,75,300,long_only,combined,0.001,-0.009064272500219461,-1.3744247683009796,-1.8443623232090098,-0.05726587192678361,-0.15828402144663833,69,0.2753623188405797,0.6047621926797254,-196.86262738504908,0.14864864864864866,0.24527027027027026,0.5222972972972973,0.23952702702702702,0.26116554054054053,False
EURUSD1440_comma,daily,50,200,long_short,combined,0.0,-0.024264876572705263,-1.0091293113987316,-1.3386087023452762,-0.0679045549841058,-0.3573379809113669,200,0.285,0.6407512454051632,-164.8977596268169,0.42364864864864865,0.09628378378378379,0.1,0.3152027027027027,0.2608108108108108,False
EURUSD1440_comma,daily,75,200,long_only,slow_slope,0.0025,-0.012485167730086788,-1.1720603835782053,-1.5232148916725585,-0.056889860435593506,-0.21946209103855285,48,0.2708333333333333,0.4847161146432754,-380.0937591448749,0.27905405405405403,0.25304054054054054,0.36114864864864865,0.08952702702702703,0.26054054054054054,False
EURUSD1440_comma,daily,50,500,long_only,price_slow,0.0025,-0.010040948960421847,-1.1829467952702581,-1.5708188301616988,-0.05903455153107843,-0.17008596999565317,27,0.25925925925925924,0.3853987068975983,-536.3211387832184,0.26756756756756755,0.21587837837837837,0.47364864864864864,0.03209459459459459,0.26054054054054054,False
EURUSD1440_comma,daily,60,200,long_only,fast_slope,0.0,-0.011349269351987323,-1.2538217230597524,-1.6405533127820557,-0.05806063118829073,-0.1954727173940225,74,0.32432432432432434,0.6090812999450984,-225.99503497894335,0.2087837837837838,0.23108108108108108,0.40945945945945944,0.24864864864864866,0.26047297297297295,False
EURUSD1440_comma,daily,30,100,long_only,fast_slope,0.0,-0.015412792725013724,-1.2823226181258547,-1.7263600314788674,-0.049410053520251934,-0.3119363697652424,112,0.2767857142857143,0.6063102021317021,-192.9668230870731,0.19222972972972974,0.37466216216216214,0.2631756756756757,0.24324324324324326,0.25967905405405406,False
EURUSD1440_comma,daily,30,300,long_only,combined,0.001,-0.009947030708409965,-1.4706032735611279,-2.017802060063116,-0.05071464502133359,-0.19613724406876265,86,0.26744186046511625,0.6034207179117916,-172.2042765983151,0.09763513513513514,0.35574324324324325,0.47905405405405405,0.23817567567567569,0.259527027027027,False
EURUSD1440_comma,daily,30,400,long_short,combined,0.005,-0.020697655474591792,-1.1074353483287394,-1.4594787707103842,-0.062192507284227004,-0.3327998239402231,173,0.26011560693641617,0.6522675764583901,-158.08079761392287,0.34256756756756757,0.17331081081081082,0.13918918918918918,0.3418918918918919,0.25947635135135133,False
EURUSD1440_comma,daily,5,50,long_only,slow_slope,0.0,-0.019178308766157226,-1.1646544253489834,-1.5872581810640227,-0.05379003855266431,-0.3565401565455337,130,0.2,0.6108344859056457,-206.68366859037732,0.2868243243243243,0.2972972972972973,0.16283783783783784,0.25135135135135134,0.25932432432432434,False
EURUSD1440_comma,daily,20,250,long_only,slow_slope,0.001,-0.014102242212636229,-1.164019619943002,-1.5745915767774907,-0.05337655840625504,-0.26420291292110787,57,0.22807017543859648,0.4286365803865496,-357.2762023213013,0.28716216216216217,0.30405405405405406,0.30033783783783785,0.05506756756756757,0.2592060810810811,False
EURUSD1440_comma,daily,5,75,long_only,combined,0.0025,-0.01373841470899484,-1.4506067466750914,-2.1018668625445303,-0.053958272803625515,-0.2546118323504184,228,0.2807017543859649,0.7258461711209423,-87.24672004692181,0.1070945945945946,0.29493243243243245,0.31317567567567567,0.527027027027027,0.2582601351351351,False
EURUSD1440_comma,daily,100,400,long_only,price_slow,0.0,-0.011746662462932989,-1.1928490783648023,-1.5777787023417356,-0.053975942658810824,-0.2176277408842161,41,0.17073170731707318,0.3089583390683768,-420.94386676586396,0.26047297297297295,0.2942567567567568,0.39222972972972975,0.013175675675675676,0.2581756756756757,False
EURUSD1440_comma,daily,40,100,long_only,combined,0.0025,-0.013559332906430854,-1.370629022617218,-1.8720754305437681,-0.04547600256611374,-0.2981645734300872,94,0.26595744680851063,0.5544013924045381,-209.13532060176303,0.15067567567567566,0.43851351351351353,0.3202702702702703,0.16013513513513514,0.25797297297297295,False
EURUSD1440_comma,daily,10,50,long_only,combined,0.005,-0.01237547967156949,-1.3600176076002606,-1.8992225063648425,-0.05853044726594983,-0.21143661546507508,136,0.3235294117647059,0.6905664511096309,-130.86289654078658,0.15641891891891893,0.2233108108108108,0.3655405405405405,0.4429054054054054,0.2579391891891892,False
EURUSD1440_comma,daily,10,500,long_short,combined,0.005,-0.02181989992868061,-1.1788169444956722,-1.5797693460795128,-0.06264336325540275,-0.34831941956434986,264,0.32196969696969696,0.737306240616907,-110.06430228558881,0.2722972972972973,0.16722972972972974,0.12263513513513513,0.5493243243243243,0.257652027027027,False
EURUSD1440_comma,daily,10,100,long_only,price_slow,0.005,-0.01631916487385565,-1.1966770680143013,-1.596550980802963,-0.05023644180633885,-0.3248471485453911,66,0.21212121212121213,0.5114399218391277,-342.16662407767126,0.2560810810810811,0.3635135135135135,0.23344594594594595,0.11216216216216217,0.25682432432432434,False
EURUSD1440_comma,daily,100,500,long_only,price_slow,0.0,-0.01111652014104425,-1.22636871659032,-1.6298256204856765,-0.05228826082040973,-0.21260068639929075,33,0.15151515151515152,0.20938882721059318,-524.367570849473,0.2287162162162162,0.3236486486486487,0.4185810810810811,0.0030405405405405407,0.256570945945946,False
EURUSD1440_comma,daily,100,400,long_only,slow_slope,0.001,-0.010374806576909812,-1.2513068186229188,-1.667818579487441,-0.052976815878510566,-0.19583673357609688,30,0.26666666666666666,0.2946949189875299,-513.2604390065123,0.21114864864864866,0.31216216216216214,0.45878378378378376,0.011486486486486487,0.2559797297297297,False
EURUSD1440_comma,daily,60,200,long_only,fast_slope,0.001,-0.01144990505451049,-1.2642036234812544,-1.653913111946138,-0.05803744251034424,-0.19728479683558986,71,0.323943661971831,0.6021044131160178,-237.45687937096451,0.20337837837837838,0.23175675675675675,0.40675675675675677,0.23513513513513515,0.25591216216216217,False
EURUSD1440_comma,daily,10,100,long_only,slow_slope,0.001,-0.016106039847679776,-1.16542446782854,-1.5537805897116583,-0.05446152012420466,-0.29573246965836475,88,0.23863636363636365,0.5377253989458546,-260.4605812804987,0.28614864864864864,0.28581081081081083,0.23952702702702702,0.14054054054054055,0.25489864864864864,False
EURUSD1440_comma,daily,75,200,long_only,fast_slope,0.0,-0.01172536906839483,-1.218760896147479,-1.5907987431830994,-0.06007064925923016,-0.19519298048194755,72,0.2638888888888889,0.5823383769268001,-239.3070859653283,0.23648648648648649,0.20337837837837838,0.39256756756756755,0.20405405405405405,0.25456081081081083,False
EURUSD1440_comma,daily,20,75,long_only,combined,0.001,-0.014977569167553217,-1.3912266750720774,-1.880485653423607,-0.0481194875859222,-0.311257869087015,130,0.26153846153846155,0.632465307123616,-163.9042230062749,0.13986486486486485,0.39425675675675675,0.2756756756756757,0.29864864864864865,0.25444256756756756,False
EURUSD1440_comma,daily,100,500,long_only,fast_slope,0.005,-0.0069747289327674045,-1.4142221805076343,-1.9057326420900715,-0.06330983163772602,-0.11016818008107288,69,0.30434782608695654,0.6075864745567345,-153.84266538604552,0.12567567567567567,0.15945945945945947,0.6368243243243243,0.2462837837837838,0.25444256756756756,False
EURUSD1440_comma,daily,20,75,long_only,fast_slope,0.001,-0.01676659162260341,-1.3163086719788653,-1.7556429123074586,-0.04850735245918779,-0.3456505204383227,142,0.2676056338028169,0.6279917834825354,-167.61234467150635,0.17533783783783785,0.38716216216216215,0.21891891891891893,0.28614864864864864,0.25363175675675675,False
EURUSD1440_comma,daily,75,400,long_only,fast_slope,0.005,-0.009850166882140687,-1.3570832931651848,-1.806479657217533,-0.05571119146523558,-0.1768076866258964,63,0.2698412698412698,0.5648938135538079,-232.94978495046286,0.15743243243243243,0.27094594594594595,0.48277027027027025,0.17567567567567569,0.2536148648648649,False
EURUSD1440_comma,daily,5,300,long_only,slow_slope,0.005,-0.012226675171123413,-1.2432176112388904,-1.6671292639324051,-0.0535165531250527,-0.22846529638321833,51,0.1568627450980392,0.5071666411283311,-350.99428170657865,0.21824324324324323,0.30236486486486486,0.3712837837837838,0.10912162162162162,0.25351351351351353,False
EURUSD1440_comma,daily,20,150,long_short,fast_slope,0.0,-0.03023477517870865,-1.0535726530160596,-1.3715719466718734,-0.0680854613188079,-0.4440709454421602,293,0.2935153583617747,0.6793469887117948,-127.46494552997825,0.3885135135135135,0.09324324324324325,0.06013513513513514,0.4172297297297297,0.2533277027027027,False
EURUSD1440_comma,daily,75,250,long_only,combined,0.0,-0.00986786500746506,-1.3458454562853546,-1.8067338703176417,-0.05853753644672411,-0.16857328829418627,82,0.2682926829268293,0.6020654762645091,-179.27177291086628,0.16452702702702704,0.22297297297297297,0.4817567567567568,0.23479729729729729,0.25312500000000004,False
EURUSD1440_comma,daily,60,300,long_only,fast_slope,0.0,-0.01034340040085524,-1.3619923802001173,-1.8226756614077229,-0.058278606086704945,-0.1774819456983353,79,0.3037974683544304,0.6275558012560316,-194.36399524961337,0.15506756756756757,0.2260135135135135,0.4594594594594595,0.28445945945945944,0.2530912162162162,False
EURUSD1440_comma,daily,40,100,long_only,price_slow,0.0025,-0.016078797539680112,-1.2271941301312512,-1.6472793119976599,-0.049146957038394314,-0.3271575395221137,72,0.2222222222222222,0.5220940234548627,-314.46880551101094,0.22837837837837838,0.3783783783783784,0.24155405405405406,0.12533783783783783,0.25305743243243245,False
EURUSD1440_comma,daily,20,400,long_short,fast_slope,0.005,-0.023917732816840176,-1.1134599590566034,-1.4585286092316527,-0.0628283281336415,-0.38068389733314256,245,0.2979591836734694,0.6656884252340348,-127.25278239391878,0.33614864864864863,0.16452702702702704,0.10270270270270271,0.3787162162162162,0.2529391891891892,False
EURUSD1440_comma,daily,20,500,long_short,combined,0.001,-0.02179135594163506,-1.1582894322109587,-1.5102043177460343,-0.0581533537226071,-0.37472225670045367,213,0.3051643192488263,0.6568159873836525,-136.27085436358357,0.29324324324324325,0.2287162162162162,0.12297297297297298,0.3560810810810811,0.25248310810810815,False
EURUSD1440_comma,daily,50,400,long_only,price_slow,0.005,-0.011805224360700639,-1.2011396719840093,-1.58663183342716,-0.055377825249356555,-0.2131760195988882,37,0.16216216216216217,0.39337743877927217,-468.5750149427043,0.2516891891891892,0.2722972972972973,0.3885135135135135,0.03614864864864865,0.251875,False
EURUSD1440_comma,daily,20,250,long_only,slow_slope,0.0,-0.014264245590998925,-1.1639416434754457,-1.574832428166263,-0.05504623940523688,-0.259132063245757,57,0.21052631578947367,0.4228041553572265,-355.82409235988797,0.28783783783783784,0.2777027027027027,0.29527027027027025,0.05067567567567568,0.25121621621621626,False
EURUSD1440_comma,daily,60,300,long_only,fast_slope,0.0025,-0.010330936897779308,-1.3765465691688903,-1.84130851509683,-0.05689341344135627,-0.18158405820434864,77,0.2987012987012987,0.6062020614332682,-199.19042331755062,0.14831081081081082,0.2527027027027027,0.4608108108108108,0.2429054054054054,0.251097972972973,False
EURUSD1440_comma,daily,20,300,long_short,fast_slope,0.0,-0.02678335916083807,-1.0824293914630854,-1.4161623882813434,-0.06608407311429032,-0.40529219672215266,275,0.29454545454545455,0.6752423675120174,-123.97346764246637,0.3601351351351351,0.1195945945945946,0.08108108108108109,0.4043918918918919,0.2508277027027027,False
EURUSD1440_comma,daily,50,100,long_only,combined,0.0025,-0.013287522401925544,-1.3478674752449187,-1.8250555440307346,-0.050758153505957304,-0.26178104371677025,89,0.2808988764044944,0.5824323742946937,-216.88814611157397,0.1625,0.3533783783783784,0.3314189189189189,0.20439189189189189,0.2502871621621622,False
EURUSD1440_comma,daily,60,200,long_only,slow_slope,0.0,-0.013768819788994469,-1.1503834526787535,-1.4907059707577626,-0.0589471445691791,-0.23357907986256532,56,0.26785714285714285,0.4856541435147262,-355.9256914852894,0.30033783783783785,0.2168918918918919,0.31148648648648647,0.08986486486486486,0.25013513513513513,False
EURUSD1440_comma,daily,20,50,long_short,fast_slope,0.0025,-0.03060297959785152,-1.0768591205922824,-1.4163355735324918,-0.06361765838102179,-0.48104536345180693,267,0.3146067415730337,0.6566165198690962,-143.82658233142817,0.3655405405405405,0.15506756756756757,0.05777027027027027,0.3543918918918919,0.24969594594594594,False
EURUSD1440_comma,daily,10,150,long_short,fast_slope,0.005,-0.02878472919817776,-1.1217180666445583,-1.502265197857275,-0.0680099947968483,-0.42324263197137746,330,0.3181818181818182,0.7317442376745095,-110.36968568278849,0.3293918918918919,0.0945945945945946,0.06621621621621622,0.5385135135135135,0.2494256756756757,False
EURUSD1440_comma,daily,60,400,long_only,price_slow,0.005,-0.011794697669722742,-1.2075574868360825,-1.5991169166020962,-0.05556616059218736,-0.21226403883267553,37,0.1891891891891892,0.4017065728890021,-468.19341188418787,0.24391891891891893,0.2716216216216216,0.3891891891891892,0.04054054054054054,0.2493918918918919,False
EURUSD1440_comma,daily,100,200,long_only,combined,0.0025,-0.011715551273656977,-1.3223025772597392,-1.7111712645799582,-0.05056503587719133,-0.23169273135909274,58,0.27586206896551724,0.4631402045847295,-296.8435478339648,0.17263513513513515,0.3584459459459459,0.3932432432432432,0.07736486486486487,0.24891891891891893,False
EURUSD1440_comma,daily,100,250,long_only,combined,0.005,-0.010143307469018259,-1.4061457766844925,-1.884320885013931,-0.051191512063771864,-0.1981443223709084,64,0.28125,0.5096224679134644,-235.6241785586186,0.13074324324324324,0.34425675675675677,0.4685810810810811,0.11114864864864865,0.24875000000000003,False
EURUSD1440_comma,daily,30,250,long_only,combined,0.001,-0.01103082255421628,-1.4389416713014753,-2.0091822638596826,-0.05179253212311825,-0.21298094729167594,98,0.2653061224489796,0.6025018717656594,-166.25023841011398,0.1125,0.33344594594594595,0.4243243243243243,0.23614864864864865,0.24864864864864866,False
EURUSD1440_comma,daily,30,100,long_only,price_slow,0.001,-0.01720058801886326,-1.1964922084024712,-1.6090336642480976,-0.05193092820706827,-0.3312205002436699,85,0.18823529411764706,0.5438328199581961,-280.8928879433423,0.25641891891891894,0.33006756756756755,0.2070945945945946,0.14662162162162162,0.24849662162162162,False
EURUSD1440_comma,daily,75,300,long_only,combined,0.0,-0.009506971577787127,-1.3855191940042353,-1.8586508368165653,-0.057866002592015034,-0.16429286890294026,69,0.2753623188405797,0.5893277633438303,-205.80334943177039,0.14256756756756755,0.23412162162162162,0.5013513513513513,0.21452702702702703,0.24800675675675676,False
EURUSD1440_comma,daily,30,400,long_short,combined,0.0025,-0.02197826033392314,-1.1219371180998627,-1.4807514805786854,-0.062314252720069345,-0.3527003755088709,180,0.25,0.648169358273603,-160.14722395326598,0.32804054054054055,0.17060810810810811,0.12027027027027028,0.3331081081081081,0.24788851351351354,False
EURUSD1440_comma,daily,20,50,long_only,combined,0.0025,-0.015832432399165985,-1.3629993153170727,-1.8656530612376832,-0.04991412396048819,-0.31719343430125857,132,0.2727272727272727,0.631715256441879,-172.46081938751414,0.15405405405405406,0.36824324324324326,0.24797297297297297,0.2959459459459459,0.24766891891891893,False
EURUSD1440_comma,daily,100,250,long_only,slow_slope,0.001,-0.013586158871315424,-1.1744626530850764,-1.5591563927140915,-0.05602101230845023,-0.24251898192253984,53,0.18867924528301888,0.412303561277926,-371.5800603582156,0.275,0.26722972972972975,0.31891891891891894,0.04628378378378378,0.24753378378378382,False
EURUSD1440_comma,daily,50,200,long_short,fast_slope,0.0025,-0.02691709674815379,-1.009840858995074,-1.3255831407645728,-0.06939195663535337,-0.3878993770070498,188,0.2712765957446808,0.6273273152536432,-191.52375752111968,0.4233108108108108,0.07871621621621622,0.08006756756756757,0.28344594594594597,0.2475337837837838,False
EURUSD1440_comma,daily,10,100,long_only,price_slow,0.0,-0.019505848693697314,-1.1456530315147548,-1.5302960124130895,-0.0545598973470238,-0.35751256219622163,100,0.16,0.5498147005682481,-271.9150504846684,0.30405405405405406,0.28412162162162163,0.1581081081081081,0.1543918918918919,0.24743243243243246,False
EURUSD1440_comma,daily,20,500,long_short,combined,0.0,-0.022256155983510273,-1.1637536053290019,-1.5164050950819061,-0.05810378438746218,-0.38304141835403027,216,0.3055555555555556,0.6505942801917286,-139.08510811107195,0.2881756756756757,0.22972972972972974,0.11790540540540541,0.3381756756756757,0.24701013513513514,False
EURUSD1440_comma,daily,100,300,long_only,price_slow,0.0025,-0.01044058805502035,-1.1998048209789427,-1.5878545143062266,-0.06095594547675266,-0.17128088118987794,31,0.12903225806451613,0.41457244372871055,-499.61072116116776,0.25304054054054054,0.1912162162162162,0.4540540540540541,0.04695945945945946,0.246875,False
EURUSD1440_comma,daily,100,250,long_only,fast_slope,0.0,-0.011059699509652354,-1.2690153708261425,-1.6773222223340667,-0.05858382151759121,-0.18878419371005717,74,0.25675675675675674,0.5617814157854005,-220.69868546828468,0.20168918918918918,0.2222972972972973,0.4226351351351351,0.17060810810810811,0.24636824324324325,False
EURUSD1440_comma,daily,10,400,long_short,fast_slope,0.005,-0.025413831180690072,-1.15618904289857,-1.5447571068741521,-0.0659709902994031,-0.3852273713847829,310,0.3096774193548387,0.7255663571681351,-106.8703703386727,0.2959459459459459,0.12195945945945946,0.0891891891891892,0.5260135135135136,0.24560810810810813,False
EURUSD1440_comma,daily,20,75,long_short,combined,0.0,-0.028169764482189552,-1.079212617988319,-1.429648238439955,-0.06829640822516339,-0.41246333759336085,291,0.2646048109965636,0.6809036139718635,-122.53973099858511,0.36317567567567566,0.0902027027027027,0.07162162162162163,0.4209459459459459,0.24528716216216212,False
EURUSD1440_comma,daily,100,400,long_only,slow_slope,0.0,-0.010617508491353234,-1.2497296258461925,-1.6624216194853512,-0.055017586857373894,-0.19298390020045364,31,0.25806451612903225,0.2700213587570566,-507.4149390011406,0.21182432432432433,0.27871621621621623,0.4462837837837838,0.009121621621621622,0.24503378378378382,False
EURUSD1440_comma,daily,30,300,long_only,combined,0.005,-0.009455225979668525,-1.5065388262236128,-2.061879788209667,-0.05283408017463595,-0.17896073800122092,80,0.2625,0.5984734976491308,-176.60670404260983,0.07702702702702703,0.31722972972972974,0.5037162162162162,0.2277027027027027,0.2450168918918919,False
EURUSD1440_comma,daily,20,75,long_only,fast_slope,0.0,-0.017804920381803147,-1.3068532951344614,-1.742128595892966,-0.04970188862459719,-0.3582342819260914,147,0.25170068027210885,0.6223301117057878,-171.01905081134208,0.1804054054054054,0.3716216216216216,0.19155405405405404,0.27263513513513515,0.24427364864864864,False
EURUSD1440_comma,daily,20,300,long_short,fast_slope,0.0025,-0.02620822043180382,-1.0977752599819337,-1.4451382498920207,-0.06595940952316232,-0.39733861508569956,263,0.29277566539923955,0.6665842028181168,-128.1054487730394,0.34797297297297297,0.1222972972972973,0.08513513513513514,0.3824324324324324,0.2441554054054054,False
EURUSD1440_comma,daily,10,50,long_only,combined,0.001,-0.014849108941407008,-1.3309768508160387,-1.8641528899571782,-0.05725597113950765,-0.25934603231558595,167,0.2874251497005988,0.6697676461362182,-125.96976905336422,0.17027027027027028,0.24594594594594596,0.27837837837837837,0.389527027027027,0.2436993243243243,False
EURUSD1440_comma,daily,75,300,long_only,combined,0.0025,-0.00951047558156859,-1.3929770825616175,-1.868917983495355,-0.05787062868033815,-0.16434028450082871,68,0.27941176470588236,0.578400993341856,-208.90143376115117,0.13918918918918918,0.23378378378378378,0.5003378378378378,0.19628378378378378,0.24363175675675675,False
EURUSD1440_comma,daily,30,300,long_only,combined,0.0,-0.01031177995697763,-1.4776966543910153,-2.027761582794541,-0.05225704187670356,-0.1973280458795864,87,0.26436781609195403,0.5944411018688792,-175.99291451902565,0.0918918918918919,0.32466216216216215,0.46114864864864863,0.22094594594594594,0.24329391891891894,False
EURUSD1440_comma,daily,50,100,long_only,combined,0.001,-0.014572571586719874,-1.3360110503698595,-1.8109432827319585,-0.05059924036991723,-0.2879998094869366,100,0.27,0.5784351025442547,-209.71673721972303,0.16722972972972974,0.35743243243243245,0.2875,0.19695945945945945,0.2432939189189189,False
EURUSD1440_comma,daily,50,250,long_short,combined,0.0025,-0.024972022471060673,-1.0717001114145848,-1.415262340183801,-0.0637443898026975,-0.3917524749762985,177,0.2655367231638418,0.6127395399769915,-192.00685542517084,0.37027027027027026,0.15304054054054053,0.0918918918918919,0.2560810810810811,0.2431587837837838,False
EURUSD1440_comma,daily,10,150,long_only,combined,0.0,-0.014055414932390153,-1.3983415740623837,-1.8868235471946744,-0.05504458402327537,-0.25534601054386896,142,0.30985915492957744,0.6716397425085617,-140.92088538467567,0.13513513513513514,0.27804054054054056,0.30202702702702705,0.39425675675675675,0.24310810810810812,False
EURUSD1440_comma,daily,30,400,long_short,combined,0.001,-0.022371504239953488,-1.1246454066646312,-1.4833667331239644,-0.06286048161748635,-0.35589139097098876,182,0.24725274725274726,0.645175128412258,-160.95921884302052,0.32466216216216215,0.16418918918918918,0.11689189189189189,0.3253378378378378,0.2430912162162162,False
EURUSD1440_comma,daily,75,300,long_only,slow_slope,0.005,-0.011879742493146161,-1.2386484238230884,-1.656951195800064,-0.05399781410200812,-0.2200041370323612,35,0.22857142857142856,0.37736329389095696,-498.2046034159833,0.2206081081081081,0.2939189189189189,0.3844594594594595,0.027702702702702704,0.2427702702702703,False
EURUSD1440_comma,daily,20,150,long_only,combined,0.005,-0.013557032595366336,-1.4111404046546536,-1.8522489418139383,-0.05121232583740901,-0.26472206395014664,112,0.25892857142857145,0.6246685286977178,-174.26233255422633,0.12635135135135134,0.3439189189189189,0.3206081081081081,0.27668918918918917,0.24214527027027022,False
EURUSD1440_comma,daily,20,300,long_short,fast_slope,0.001,-0.02729438051321209,-1.09548574680281,-1.4310025627213685,-0.06603173681685018,-0.41335245487965155,267,0.2958801498127341,0.6637777211090435,-130.49309906762755,0.35033783783783784,0.12060810810810811,0.07635135135135135,0.37432432432432433,0.2417060810810811,False
EURUSD1440_comma,daily,20,250,long_short,fast_slope,0.005,-0.025071006581656508,-1.0784698807649171,-1.407490542678939,-0.0683091839802345,-0.367022486887135,252,0.2896825396825397,0.6607752355221375,-129.4740586604744,0.3635135135135135,0.08986486486486486,0.09155405405405405,0.3658783783783784,0.2410641891891892,False
EURUSD1440_comma,daily,10,100,long_only,fast_slope,0.005,-0.01331132473148633,-1.3817712704366785,-1.9138414011201812,-0.05711884249607584,-0.23304612190628404,136,0.3088235294117647,0.6607623413749778,-139.98065682676364,0.14391891891891892,0.24864864864864866,0.3307432432432432,0.3655405405405405,0.24070945945945948,False
EURUSD1440_comma,daily,40,400,long_only,slow_slope,0.005,-0.010435973776095286,-1.3064410483170275,-1.7282762112367018,-0.05406466523082652,-0.1930276222286662,29,0.1724137931034483,0.37456461814897235,-533.8487528071876,0.1810810810810811,0.2929054054054054,0.4543918918918919,0.02702702702702703,0.2405912162162162,False
EURUSD1440_comma,daily,50,500,long_only,price_slow,0.001,-0.011133964933688678,-1.1995335716004722,-1.5914631135665729,-0.059656199217617334,-0.18663550611183854,29,0.2413793103448276,0.35171105474379427,-546.406258294722,0.2537162162162162,0.2087837837837838,0.4175675675675676,0.020945945945945947,0.24033783783783785,False
EURUSD1440_comma,daily,100,300,long_only,fast_slope,0.0025,-0.009720950247523397,-1.3160533818305253,-1.7555046639490903,-0.06116976809099995,-0.15891755929271967,68,0.25,0.5554230479715757,-213.19311764525366,0.17567567567567569,0.1902027027027027,0.4891891891891892,0.16283783783783784,0.24008445945945944,False
EURUSD1440_comma,daily,75,250,long_only,combined,0.0025,-0.010447286779859177,-1.387579349643358,-1.858965496396789,-0.056781092397380634,-0.18399235271389602,75,0.28,0.5711029300477007,-206.6280588147136,0.14189189189189189,0.25506756756756754,0.4537162162162162,0.18716216216216217,0.23934121621621623,False
EURUSD1440_comma,daily,60,400,long_only,combined,0.005,-0.0087083603110647,-1.555482438670822,-2.0927897991322366,-0.05501260526789513,-0.15829754414751962,58,0.29310344827586204,0.6060324611260728,-225.59547167209735,0.05912162162162162,0.27905405405405403,0.5432432432432432,0.24222972972972973,0.23839527027027027,False
EURUSD1440_comma,daily,60,500,long_only,price_slow,0.005,-0.011099312801820416,-1.2466758179107826,-1.6591431085469028,-0.056116463371065864,-0.19779066846082316,27,0.2962962962962963,0.3123735484348374,-606.8674386602746,0.21486486486486486,0.2652027027027027,0.4195945945945946,0.014527027027027028,0.2383445945945946,False
EURUSD1440_comma,daily,75,400,long_only,fast_slope,0.0025,-0.010415977662609821,-1.3540612026069834,-1.8056222673479234,-0.0577971072391204,-0.1802162454172047,67,0.26865671641791045,0.554475636156976,-230.66010746311179,0.15844594594594594,0.23479729729729729,0.4564189189189189,0.1608108108108108,0.23748310810810813,False
EURUSD1440_comma,daily,5,100,long_only,price_slow,0.0025,-0.01964155701167225,-1.167561691393854,-1.557635438063617,-0.054274261596389546,-0.3618945045763433,82,0.18292682926829268,0.5312394518411944,-325.8705079328497,0.28378378378378377,0.28885135135135137,0.15506756756756757,0.13378378378378378,0.2368074324324324,False
EURUSD1440_comma,daily,100,400,long_only,slow_slope,0.0025,-0.010719501360191508,-1.2770893993521337,-1.699151038730684,-0.05502566687936711,-0.19480911305794613,28,0.32142857142857145,0.23456164603201166,-566.7513762554105,0.19594594594594594,0.27837837837837837,0.4402027027027027,0.005067567567567568,0.23677364864864867,False
EURUSD1440_comma,daily,100,250,long_only,slow_slope,0.0,-0.014455195370031038,-1.1791058953228495,-1.5651137369990993,-0.057358769187476455,-0.2520136951123272,60,0.21666666666666667,0.44089174968116196,-347.0102437756132,0.27128378378378376,0.2435810810810811,0.2908783783783784,0.06013513513513514,0.23660472972972976,False
EURUSD1440_comma,daily,60,100,long_short,price_slow,0.0025,-0.02805086289044001,-0.9929417802885321,-1.3046741999599871,-0.07220996118872625,-0.3884625116627184,142,0.22535211267605634,0.5811609710227914,-262.7750941147075,0.4412162162162162,0.060810810810810814,0.07195945945945946,0.20236486486486485,0.2364358108108108,False
EURUSD1440_comma,daily,20,300,long_only,fast_slope,0.001,-0.01164948019388079,-1.4049812912754582,-1.8783392701275796,-0.058941109910167926,-0.197646094748398,119,0.2773109243697479,0.6458713994245895,-143.93400863882337,0.13175675675675674,0.21722972972972973,0.3966216216216216,0.327027027027027,0.23538851351351353,False
EURUSD1440_comma,daily,30,400,long_short,combined,0.0,-0.022917704255051685,-1.1328447907005237,-1.4939507061872364,-0.06337212765865217,-0.3616369704122241,184,0.24456521739130435,0.6400250489743461,-162.60039006617072,0.3162162162162162,0.15844594594594594,0.11047297297297297,0.314527027027027,0.23537162162162162,False
EURUSD1440_comma,daily,30,75,long_only,price_slow,0.001,-0.0170718309050234,-1.2190935224284587,-1.669540886741876,-0.05491454813251315,-0.3108799304662896,95,0.23157894736842105,0.5719853193734853,-248.33795313253523,0.23547297297297298,0.28040540540540543,0.21114864864864866,0.1891891891891892,0.23489864864864868,False
EURUSD1440_comma,daily,75,400,long_only,price_slow,0.0025,-0.012585788771877437,-1.2089348565213092,-1.6013024459478902,-0.05661264219277794,-0.2223141030764857,41,0.17073170731707318,0.2900525701649419,-448.24292411237883,0.24256756756756756,0.25844594594594594,0.3570945945945946,0.01114864864864865,0.23472972972972972,False
EURUSD1440_comma,daily,10,300,long_short,fast_slope,0.0025,-0.02847700533340569,-1.1451753711451438,-1.5227783736516267,-0.06854200633156109,-0.4154679277354779,337,0.32344213649851633,0.7185420908175127,-107.0230395383992,0.3047297297297297,0.08716216216216216,0.06925675675675676,0.5131756756756757,0.23451013513513513,False
EURUSD1440_comma,daily,10,400,long_short,fast_slope,0.001,-0.027287872590788242,-1.1626030905079632,-1.5545913132409404,-0.06795301686978664,-0.40156969988658464,333,0.30930930930930933,0.7265761066596954,-105.46553943663396,0.2891891891891892,0.09527027027027027,0.07668918918918918,0.5297297297297298,0.23429054054054055,False
EURUSD1440_comma,daily,50,200,long_only,fast_slope,0.0,-0.012730547459585018,-1.3030310123966833,-1.751899915197558,-0.05841078809899604,-0.21794856522067418,88,0.2840909090909091,0.5993093244000338,-211.01821965295915,0.1831081081081081,0.22466216216216217,0.35202702702702704,0.22972972972972974,0.23427364864864866,False
EURUSD1440_comma,daily,20,400,long_short,fast_slope,0.0,-0.02666817302378932,-1.1232250116637632,-1.4591749183957312,-0.06469676050935144,-0.4122026020133517,266,0.2819548872180451,0.6539665332606299,-128.07488532193435,0.32635135135135135,0.14054054054054055,0.08175675675675675,0.3472972972972973,0.23412162162162162,False
EURUSD1440_comma,daily,100,200,long_only,combined,0.005,-0.012102867685902519,-1.356211185263665,-1.750887579727118,-0.050900899486369854,-0.23777315937498122,52,0.2692307692307692,0.4230230136510864,-341.0685807006239,0.15777027027027027,0.35,0.37601351351351353,0.05101351351351351,0.23346283783783783,False
EURUSD1440_comma,daily,100,200,long_only,slow_slope,0.0,-0.013840008978659335,-1.14782933721507,-1.4993692820515356,-0.06372493120616841,-0.21718358445743846,61,0.22950819672131148,0.4765247790403563,-328.26972612706265,0.30202702702702705,0.15405405405405406,0.3070945945945946,0.08445945945945946,0.23341216216216218,False
EURUSD1440_comma,daily,30,400,long_only,slow_slope,0.0025,-0.011094992587315722,-1.2876374657740965,-1.7109196050452926,-0.055087352167788775,-0.20140725866659637,34,0.17647058823529413,0.3677564493515704,-481.7518803621312,0.1902027027027027,0.27702702702702703,0.41993243243243245,0.025675675675675677,0.23317567567567565,False
EURUSD1440_comma,daily,10,150,long_short,fast_slope,0.001,-0.03149878368345094,-1.125714316422603,-1.5078703928001336,-0.07147758560482415,-0.4406805772315431,363,0.31955922865013775,0.7210865278237008,-106.92577168022034,0.3233108108108108,0.06486486486486487,0.05067567567567568,0.5165540540540541,0.2331587837837838,False
EURUSD1440_comma,daily,5,300,long_only,slow_slope,0.001,-0.01375456052128643,-1.2532182215397032,-1.6752228424267246,-0.054166288221865096,-0.2539321222260561,51,0.11764705882352941,0.49344516005279304,-390.4563891222461,0.20912162162162162,0.2902027027027027,0.3125,0.09594594594594595,0.2330912162162162,False
EURUSD1440_comma,daily,10,150,long_only,fast_slope,0.005,-0.014682271512988954,-1.3969433370113147,-1.896531068010335,-0.0553154316483177,-0.2654281287423612,137,0.31386861313868614,0.6566373539842376,-154.10663776963293,0.13648648648648648,0.2733108108108108,0.28445945945945944,0.3547297297297297,0.23302364864864863,False
EURUSD1440_comma,daily,20,100,long_short,combined,0.0025,-0.026343259189168133,-1.1072552676691187,-1.47352661505238,-0.06792457473759142,-0.38783105070496693,271,0.2693726937269373,0.6599960578841765,-125.43694607358704,0.34290540540540543,0.09594594594594595,0.08412162162162162,0.3635135135135135,0.2325,False
EURUSD1440_comma,daily,10,300,long_short,fast_slope,0.005,-0.028338573647004317,-1.1694064926652505,-1.5592730914151276,-0.06616880571101243,-0.42827694020609997,322,0.30434782608695654,0.7152185859978746,-111.54453249687472,0.28209459459459457,0.11824324324324324,0.07060810810810811,0.5050675675675675,0.2322804054054054,False
EURUSD1440_comma,daily,10,200,long_short,fast_slope,0.0,-0.03051961777404555,-1.1215031005116214,-1.4885641621377583,-0.07366093907837377,-0.4143256677948849,359,0.31197771587743733,0.7159401972959323,-106.11669266573729,0.32972972972972975,0.048986486486486486,0.05912162162162162,0.5070945945945946,0.23202702702702704,False
EURUSD1440_comma,daily,50,400,long_only,fast_slope,0.001,-0.011216365219366864,-1.410590692143588,-1.9129920178174669,-0.056003376105972384,-0.20028016164851736,76,0.25,0.586090259460574,-217.6837158264697,0.12702702702702703,0.26756756756756755,0.41385135135135137,0.20844594594594595,0.2317398648648649,False
EURUSD1440_comma,daily,100,400,long_only,fast_slope,0.0025,-0.01009346132047817,-1.3507022154071977,-1.7966392878023436,-0.05919827252641257,-0.17050263275798727,68,0.27941176470588236,0.5282231218981893,-220.75527280402127,0.1608108108108108,0.21216216216216216,0.4702702702702703,0.1320945945945946,0.23123310810810813,False
EURUSD1440_comma,daily,100,400,long_only,price_slow,0.0025,-0.012379489629094409,-1.2281858177601785,-1.6284822299295334,-0.056570641642942156,-0.21883240616626265,39,0.1282051282051282,0.2827748378104487,-464.2080320010739,0.2277027027027027,0.26013513513513514,0.3652027027027027,0.010810810810810811,0.23077702702702704,False
EURUSD1440_comma,daily,40,500,long_only,fast_slope,0.0025,-0.00878805934579674,-1.509429686690834,-2.0716043337784247,-0.0610115902161926,-0.1440391786979578,77,0.24675324675324675,0.6342556160626248,-163.47001180820433,0.07533783783783783,0.19087837837837837,0.5385135135135135,0.3013513513513513,0.23076013513513516,False
EURUSD1440_comma,daily,20,75,long_short,combined,0.005,-0.024846220279341913,-1.1312365805376152,-1.5097461306611375,-0.0670861620360802,-0.37036282185853986,216,0.26851851851851855,0.6690489713877518,-148.25498346593434,0.3168918918918919,0.10844594594594595,0.0929054054054054,0.38716216216216215,0.23052364864864866,False
EURUSD1440_comma,daily,75,200,long_only,slow_slope,0.001,-0.013810473969262271,-1.1723031990004416,-1.5166384324520261,-0.06128774189285283,-0.22533827389833727,51,0.2549019607843137,0.4506979887021887,-391.8831668483734,0.27804054054054056,0.18783783783783783,0.3087837837837838,0.07027027027027027,0.230472972972973,False
EURUSD1440_comma,daily,75,500,long_only,price_slow,0.001,-0.011844516263410765,-1.2284856329284304,-1.6278669877667424,-0.05735570218303939,-0.20650982923391525,32,0.21875,0.23357957573023538,-543.436165703742,0.22668918918918918,0.24391891891891893,0.3878378378378378,0.00472972972972973,0.22993243243243242,False
EURUSD1440_comma,daily,20,400,long_only,combined,0.005,-0.009260828711256552,-1.6631018990715507,-2.2457501237391284,-0.056107867773400856,-0.16505401254343954,108,0.26851851851851855,0.6448983699035429,-128.31423878664486,0.029054054054054056,0.2662162162162162,0.5135135135135135,0.32466216216216215,0.22957770270270272,False
EURUSD1440_comma,daily,20,75,long_short,combined,0.0025,-0.026972460021135403,-1.115648891268326,-1.4862839020335812,-0.06880427648169932,-0.39201720300495546,256,0.2578125,0.6704915062693804,-134.18267859302495,0.3347972972972973,0.0831081081081081,0.07939189189189189,0.39256756756756755,0.22945945945945945,False
EURUSD1440_comma,daily,50,400,long_only,fast_slope,0.0025,-0.010663257751193589,-1.4352623413742294,-1.9401718646598005,-0.05610856147122913,-0.19004689251677576,73,0.2465753424657534,0.5733280082660592,-216.3331152441597,0.11418918918918919,0.26554054054054055,0.44324324324324327,0.1902027027027027,0.2292398648648649,False
EURUSD1440_comma,daily,20,50,long_short,fast_slope,0.0,-0.03569127769872038,-1.0856619679803294,-1.4266907218965823,-0.06751793084656306,-0.5286192460463591,331,0.29607250755287007,0.6590604490052541,-131.62959258855625,0.35743243243243245,0.10202702702702703,0.03310810810810811,0.3608108108108108,0.22922297297297298,False
EURUSD1440_comma,daily,40,250,long_only,slow_slope,0.005,-0.013122875965840608,-1.2227624306698353,-1.6254521190994045,-0.056681729741981275,-0.23151862205999618,45,0.24444444444444444,0.3794206834488083,-424.1529106398406,0.23243243243243245,0.2577702702702703,0.3364864864864865,0.029054054054054056,0.22907094594594596,False
EURUSD1440_comma,daily,5,300,long_only,slow_slope,0.0,-0.013859532909413663,-1.250314100584467,-1.6699767058880566,-0.054698365963401496,-0.2533811141394431,52,0.15384615384615385,0.47599625859124584,-385.57376283240524,0.2114864864864865,0.28209459459459457,0.3064189189189189,0.08378378378378379,0.22896959459459462,False
EURUSD1440_comma,daily,50,250,long_only,slow_slope,0.0025,-0.013753548423506623,-1.2115877497262262,-1.605896258479895,-0.05700996528020015,-0.2412481459321867,46,0.21739130434782608,0.41564561530940436,-432.8686550304569,0.2402027027027027,0.25135135135135134,0.31283783783783786,0.047635135135135134,0.22863175675675676,False
EURUSD1440_comma,daily,50,300,long_only,fast_slope,0.0025,-0.009889999083943724,-1.3777142430125549,-1.855560980045775,-0.06341724331165802,-0.1559512613208408,76,0.3026315789473684,0.597033024922788,-193.82701405808552,0.14695945945945946,0.15777027027027027,0.4814189189189189,0.22533783783783784,0.22831081081081084,False
EURUSD1440_comma,daily,50,200,long_short,combined,0.001,-0.02667627488183022,-1.0541479412886114,-1.3957064416703613,-0.06989693758665153,-0.38165155445844146,196,0.2755102040816326,0.6113613467493237,-181.95538197293013,0.38682432432432434,0.07567567567567568,0.08141891891891892,0.2527027027027027,0.22783783783783787,False
EURUSD1440_comma,daily,40,500,long_only,price_slow,0.005,-0.011178728050470488,-1.2478558217722966,-1.6574049644586377,-0.05819234995868508,-0.19209961547191456,24,0.20833333333333334,0.3275979229702125,-689.0537399252297,0.21317567567567566,0.22702702702702704,0.4155405405405405,0.016554054054054055,0.22761824324324323,False
EURUSD1440_comma,daily,60,500,long_only,price_slow,0.0025,-0.011509278151670244,-1.2252504817686998,-1.627671509227604,-0.059566177009991846,-0.19321834519847791,28,0.21428571428571427,0.3111057271574433,-604.9808501489433,0.23006756756756758,0.20945945945945946,0.4043918918918919,0.01418918918918919,0.22739864864864864,False
EURUSD1440_comma,daily,10,150,long_short,combined,0.005,-0.02845096887004195,-1.1572515691716176,-1.5400102154958246,-0.06896008506371937,-0.41257154546362795,315,0.3142857142857143,0.71298997326918,-114.3775472586933,0.2939189189189189,0.08141891891891892,0.06959459459459459,0.49966216216216214,0.22679054054054054,False
EURUSD1440_comma,daily,30,100,long_only,fast_slope,0.001,-0.016306647686911924,-1.3299466737681116,-1.798199736676783,-0.05288789125612265,-0.3083247847402908,109,0.27522935779816515,0.5884295404447173,-208.79002632116834,0.17094594594594595,0.31554054054054054,0.23412162162162162,0.21317567567567566,0.2260641891891892,False
EURUSD1440_comma,daily,30,500,long_only,fast_slope,0.001,-0.010854793694756837,-1.4839836405609466,-2.0593761397041614,-0.05344365147897904,-0.20310726146820912,86,0.23255813953488372,0.5701582893037781,-193.7533617378871,0.0891891891891892,0.3030405405405405,0.4331081081081081,0.18547297297297297,0.22587837837837837,False
EURUSD1440_comma,daily,30,200,long_only,slow_slope,0.001,-0.015019098472843329,-1.1595767554554015,-1.5295778135027125,-0.06213797891611082,-0.2417056160310559,51,0.2549019607843137,0.4486703880236033,-422.4288725196416,0.2918918918918919,0.17466216216216215,0.2739864864864865,0.0679054054054054,0.22540540540540543,False
EURUSD1440_comma,daily,10,150,long_short,combined,0.0025,-0.029593046442867754,-1.1602620285714695,-1.5454371177163835,-0.0685546976494637,-0.43167058505872147,333,0.30930930930930933,0.7108191917282463,-110.77520580069562,0.29155405405405405,0.08682432432432433,0.0625,0.49527027027027026,0.22511824324324325,False
EURUSD1440_comma,daily,50,75,long_only,price_slow,0.0,-0.017079796147587034,-1.2469533835208697,-1.6863542648844152,-0.0539523694541436,-0.3165717524622135,95,0.21052631578947367,0.549977083950975,-249.74472304232754,0.21452702702702703,0.29527027027027025,0.21081081081081082,0.15472972972972973,0.22500000000000003,False
EURUSD1440_comma,daily,10,400,long_only,slow_slope,0.005,-0.011961472261252326,-1.3306533348576648,-1.777813126003785,-0.053258459715944236,-0.22459290646123142,36,0.16666666666666666,0.3538759759587147,-487.4050881047567,0.17060810810810811,0.30675675675675673,0.38141891891891894,0.021283783783783785,0.2244087837837838,False
EURUSD1440_comma,daily,20,50,long_short,fast_slope,0.001,-0.03475505630051712,-1.0990481505618612,-1.4442422964547452,-0.06653963078815156,-0.5223211473951522,300,0.2966666666666667,0.6474343226389832,-141.6124887559058,0.34662162162162163,0.11385135135135135,0.03614864864864865,0.3307432432432432,0.2239527027027027,False
EURUSD1440_comma,daily,20,100,long_only,price_slow,0.0,-0.0199486506506531,-1.1896038839211251,-1.5770002795396811,-0.0557810969606218,-0.35762384997081864,97,0.1958762886597938,0.5360013593639711,-278.413370865821,0.2631756756756757,0.2699324324324324,0.1516891891891892,0.13885135135135135,0.22391891891891894,False
EURUSD1440_comma,daily,10,75,long_short,fast_slope,0.001,-0.033290251389532455,-1.11262173789103,-1.4989471054167558,-0.07490616947031432,-0.44442602825559707,379,0.316622691292876,0.6990741381319471,-107.71425403928727,0.3381756756756757,0.041891891891891894,0.043243243243243246,0.4635135135135135,0.2239189189189189,False
EURUSD1440_comma,daily,40,400,long_only,slow_slope,0.0025,-0.011346762315258663,-1.299999263068344,-1.7189020670893063,-0.05649789570571481,-0.20083513153058774,31,0.1935483870967742,0.32488191805372524,-539.3627980387306,0.18547297297297297,0.2614864864864865,0.4097972972972973,0.01587837837837838,0.22390202702702702,False
EURUSD1440_comma,daily,10,150,long_only,fast_slope,0.0,-0.016011571109568523,-1.361566746731005,-1.8425031392526705,-0.05745425095996082,-0.2786838370014918,152,0.3092105263157895,0.6553107958073059,-148.14255340429204,0.1554054054054054,0.24054054054054055,0.2435810810810811,0.3516891891891892,0.2237668918918919,False
EURUSD1440_comma,daily,10,75,long_short,fast_slope,0.0,-0.03439959747800947,-1.1128225034457524,-1.505071443231474,-0.07394608278029938,-0.46519837406687037,395,0.31139240506329113,0.6977665037122476,-106.08686267082392,0.3375,0.0472972972972973,0.037162162162162164,0.46114864864864863,0.22342905405405405,False
EURUSD1440_comma,daily,10,50,long_short,fast_slope,0.0025,-0.03209623422693475,-1.110638659065255,-1.5016610126728955,-0.07356536706909537,-0.4362954404453492,352,0.3125,0.6886145805653118,-112.42695683666398,0.33918918918918917,0.04932432432432433,0.0472972972972973,0.43716216216216214,0.2230405405405405,False
EURUSD1440_comma,daily,60,400,long_only,fast_slope,0.0,-0.011626764957750613,-1.4231790485694857,-1.9004300661335547,-0.05676866209802896,-0.20480956443316112,78,0.28205128205128205,0.5840749127964928,-219.20005488088339,0.12128378378378378,0.2554054054054054,0.3989864864864865,0.20540540540540542,0.22297297297297297,False
EURUSD1440_comma,daily,10,400,long_only,slow_slope,0.001,-0.012120582459237639,-1.3001246751322748,-1.7366063765314488,-0.05608143805584813,-0.21612467296518822,43,0.20930232558139536,0.4149911920947046,-413.0049848539178,0.1847972972972973,0.2665540540540541,0.37533783783783786,0.0472972972972973,0.22271959459459464,False
EURUSD1440_comma,daily,10,200,long_short,fast_slope,0.001,-0.030974668964139807,-1.1348397896177826,-1.505552114247351,-0.07390165222851915,-0.41913364627301897,353,0.311614730878187,0.7102192295634872,-109.13503574899251,0.31351351351351353,0.047635135135135134,0.053716216216216216,0.4929054054054054,0.22199324324324327,False
EURUSD1440_comma,daily,10,400,long_short,fast_slope,0.0025,-0.0275397171498164,-1.179078600110239,-1.5745496137354849,-0.06842443946018276,-0.40248363548293575,322,0.3136645962732919,0.7152676580414358,-109.99779140541236,0.2716216216216216,0.08851351351351351,0.075,0.5054054054054054,0.22158783783783786,False
EURUSD1440_comma,daily,5,150,long_only,combined,0.001,-0.014898763970431883,-1.516564261754913,-2.0933788228504864,-0.05498907413040829,-0.27094044055186317,214,0.3177570093457944,0.6926012169180153,-99.95352456493579,0.07263513513513513,0.2793918918918919,0.27702702702702703,0.4483108108108108,0.22155405405405407,False
EURUSD1440_comma,daily,10,200,long_short,fast_slope,0.0025,-0.03028500670126777,-1.1368022657363246,-1.509071893882459,-0.0732435149046606,-0.4134837977217377,340,0.3235294117647059,0.7048878053314528,-111.48341896278775,0.31148648648648647,0.052702702702702706,0.0597972972972973,0.47635135135135137,0.22118243243243244,False
EURUSD1440_comma,daily,60,250,long_only,fast_slope,0.005,-0.01095642473481695,-1.4084494153774372,-1.857145388560094,-0.05809572351157055,-0.18859262046430714,69,0.3333333333333333,0.5629892783818173,-234.65947009563047,0.12905405405405404,0.23006756756756758,0.4293918918918919,0.17297297297297298,0.22096283783783788,False
EURUSD1440_comma,daily,5,75,long_only,combined,0.005,-0.014387381017021639,-1.5235683132672686,-2.1830187354832753,-0.056386712233774165,-0.2551555224105436,203,0.32019704433497537,0.6946718118289895,-102.13407177612335,0.07094594594594594,0.2628378378378378,0.2922297297297297,0.45304054054054055,0.22048986486486488,False
EURUSD1440_comma,daily,60,75,long_only,price_slow,0.0,-0.017205250314799136,-1.2907211389259015,-1.7379402091227603,-0.05175998115368727,-0.33240449341959377,100,0.23,0.5305985831660774,-240.48916064868618,0.1885135135135135,0.3347972972972973,0.20608108108108109,0.13277027027027027,0.22023648648648647,False
EURUSD1440_comma,daily,100,250,long_only,combined,0.0025,-0.010977838571489595,-1.3819957107353111,-1.8492031980429113,-0.05707340453979441,-0.19234595622967088,73,0.2876712328767123,0.4940553446588396,-222.19988483350662,0.14358108108108109,0.24932432432432433,0.4277027027027027,0.09662162162162162,0.21979729729729733,False
EURUSD1440_comma,daily,10,75,long_short,fast_slope,0.0025,-0.03186360270706856,-1.132434931121494,-1.5254114701291541,-0.07527395772849407,-0.42330181205560513,357,0.3137254901960784,0.707964989114079,-111.07615001408074,0.31655405405405407,0.04054054054054054,0.04864864864864865,0.4858108108108108,0.21935810810810813,False
EURUSD1440_comma,daily,50,400,long_only,slow_slope,0.005,-0.011453781229910476,-1.327964795351764,-1.7532576447733565,-0.05593739424107566,-0.20476072196977302,29,0.1724137931034483,0.3214728162116169,-581.5401758690127,0.17128378378378378,0.2682432432432432,0.4064189189189189,0.015540540540540541,0.21918918918918917,False
EURUSD1440_comma,daily,20,75,long_short,fast_slope,0.001,-0.03250971558822968,-1.0948998760260835,-1.4404571720615658,-0.06967819031696182,-0.4665694594010691,300,0.2833333333333333,0.6496972917216718,-133.4590516639106,0.3510135135135135,0.07702702702702703,0.04560810810810811,0.33547297297297296,0.21910472972972972,False
EURUSD1440_comma,daily,20,150,long_short,fast_slope,0.001,-0.032173622596386564,-1.0989251218608558,-1.4257236940823177,-0.06935781460073052,-0.46387884020855075,285,0.2912280701754386,0.6517469025679503,-138.38895347278665,0.34695945945945944,0.07905405405405405,0.04695945945945946,0.3402027027027027,0.2189695945945946,False
EURUSD1440_comma,daily,20,100,long_short,combined,0.005,-0.025151559549537517,-1.1296013245446137,-1.5053288760958399,-0.06968594143986864,-0.3609273123079002,239,0.26778242677824265,0.658857697137621,-136.82339517872248,0.3185810810810811,0.07668918918918918,0.09054054054054055,0.3601351351351351,0.21873310810810812,False
EURUSD1440_comma,daily,10,100,long_only,combined,0.005,-0.012987010488661355,-1.4740912721947346,-2.053613371617455,-0.05639405185677955,-0.2302904306582484,135,0.2962962962962963,0.6410625052093777,-140.05996064685712,0.09425675675675675,0.26216216216216215,0.3402027027027027,0.3158783783783784,0.21866554054054055,False
EURUSD1440_comma,daily,30,400,long_only,slow_slope,0.001,-0.012055158280788514,-1.2958809853865023,-1.7191186412051878,-0.05652663205846252,-0.21326510782245967,35,0.22857142857142856,0.3578066822685537,-504.90986599803455,0.18614864864864866,0.2608108108108108,0.3777027027027027,0.022635135135135136,0.21859797297297295,False
EURUSD1440_comma,daily,50,400,long_only,fast_slope,0.005,-0.01027220051682809,-1.4727638765566817,-1.9825207657220063,-0.05744898344274066,-0.17880560979928184,66,0.25757575757575757,0.5677169156995174,-231.16765468702496,0.09527027027027027,0.2408783783783784,0.46452702702702703,0.1820945945945946,0.2185472972972973,False
EURUSD1440_comma,daily,50,300,long_only,fast_slope,0.0,-0.010547089704933788,-1.377465846274891,-1.8593445016224004,-0.06452114425221386,-0.1634671831563479,80,0.275,0.597246030223972,-195.42058100761966,0.14763513513513513,0.14324324324324325,0.4489864864864865,0.22567567567567567,0.2185135135135135,False
EURUSD1440_comma,daily,50,200,long_short,combined,0.0025,-0.02700987676693878,-1.0685769703901318,-1.4161583915579832,-0.07126846328850026,-0.3789877811396144,191,0.2774869109947644,0.6087127564481206,-188.73636262849894,0.37263513513513513,0.06621621621621622,0.0777027027027027,0.24797297297297297,0.2183445945945946,False
EURUSD1440_comma,daily,5,300,long_only,slow_slope,0.0025,-0.014108506254559838,-1.2782234894978504,-1.7093348842911906,-0.0558559968941406,-0.2525871354744337,49,0.12244897959183673,0.4712500694471338,-415.7725615936217,0.19493243243243244,0.2689189189189189,0.3,0.08243243243243244,0.21756756756756757,False
EURUSD1440_comma,daily,75,400,long_only,price_slow,0.005,-0.013323564898149343,-1.2485990838561936,-1.648614299425338,-0.05659423423242045,-0.23542265530853024,38,0.15789473684210525,0.27883318920886907,-509.21823260100723,0.21283783783783783,0.2597972972972973,0.32972972972972975,0.010135135135135136,0.21755067567567568,False
EURUSD1440_comma,daily,50,200,long_only,slow_slope,0.0025,-0.014559738274036449,-1.1891993890452062,-1.5419411959589728,-0.06171447517402723,-0.23592096073052193,46,0.2826086956521739,0.43310332221215764,-455.54719267380597,0.2635135135135135,0.18141891891891893,0.2881756756756757,0.05810810810810811,0.21711148648648648,False
EURUSD1440_comma,daily,20,50,long_short,combined,0.0025,-0.030847504497087397,-1.1396984316703869,-1.5266329420891072,-0.06598419903426658,-0.4674983548874758,279,0.27956989247311825,0.6528419088643892,-138.0649563678858,0.30945945945945946,0.12162162162162163,0.05540540540540541,0.34459459459459457,0.21695945945945946,False
EURUSD1440_comma,daily,75,250,long_only,slow_slope,0.005,-0.013623312314189229,-1.2523981897707228,-1.6544613419886984,-0.05612666635729572,-0.24272441601047234,41,0.17073170731707318,0.34309736328020546,-481.51770295629274,0.21013513513513513,0.2648648648648649,0.31722972972972974,0.01891891891891892,0.21655405405405406,False
EURUSD1440_comma,daily,10,300,long_only,slow_slope,0.001,-0.01385261993152842,-1.2697060115343752,-1.7026623521784978,-0.057245601685721695,-0.24198575128233069,50,0.14,0.48132552648220794,-400.8169842502407,0.20067567567567568,0.2462837837837838,0.30675675675675673,0.08682432432432433,0.21621621621621626,False
EURUSD1440_comma,daily,60,300,long_only,fast_slope,0.005,-0.010944239930889776,-1.4235833161117553,-1.902681586173093,-0.05869826183368551,-0.1864491313541612,68,0.29411764705882354,0.5656996243046853,-237.86687646155647,0.12094594594594595,0.21993243243243243,0.4300675675675676,0.17736486486486486,0.21597972972972973,False
EURUSD1440_comma,daily,10,100,long_only,combined,0.001,-0.015075622561170121,-1.425993763713645,-1.9626410801612806,-0.05735111312792796,-0.2628653872426554,156,0.30128205128205127,0.6552057066269148,-138.56427738094047,0.11891891891891893,0.24425675675675676,0.2722972972972973,0.3510135135135135,0.21574324324324323,False
EURUSD1440_comma,daily,20,75,long_short,fast_slope,0.0,-0.0345393640102194,-1.0937362688791017,-1.4310035375323673,-0.07008684513474026,-0.492808086079753,312,0.2724358974358974,0.6463542724253102,-135.32260133913834,0.35135135135135137,0.07398648648648648,0.03682432432432432,0.32804054054054055,0.21560810810810813,False
EURUSD1440_comma,daily,50,200,long_only,slow_slope,0.0,-0.015135813475435356,-1.179234162314871,-1.5314800223648866,-0.06248669679122865,-0.24222457343208437,58,0.25862068965517243,0.45631140886088356,-374.01369748110227,0.27094594594594595,0.16959459459459458,0.2689189189189189,0.07364864864864865,0.21560810810810813,False
EURUSD1440_comma,daily,5,75,long_only,fast_slope,0.005,-0.015516018769494266,-1.4564224835124486,-2.0671955925379177,-0.05975710632699006,-0.2596514410284666,212,0.330188679245283,0.6993630053420159,-104.604149478156,0.10540540540540541,0.20743243243243242,0.2587837837837838,0.46452702702702703,0.21545608108108108,False
EURUSD1440_comma,daily,50,150,long_only,combined,0.0025,-0.014092293030719127,-1.349867658777407,-1.8124442589793772,-0.05468063277069126,-0.25772000645670246,78,0.28205128205128205,0.5311114565929566,-260.9212521437946,0.16148648648648647,0.28243243243243243,0.3010135135135135,0.13344594594594594,0.21542229729729728,False
EURUSD1440_comma,daily,20,400,long_only,slow_slope,0.0,-0.012182370626068972,-1.2897187131625054,-1.714352119163337,-0.0577666376938122,-0.21088938377616384,40,0.175,0.38518020606642184,-442.5047375155424,0.1891891891891892,0.23648648648648649,0.372972972972973,0.03175675675675676,0.2141554054054054,False
EURUSD1440_comma,daily,100,300,long_only,slow_slope,0.0025,-0.013667454416137259,-1.2363864916850613,-1.642816640546271,-0.05790230331029909,-0.23604336329926667,37,0.21621621621621623,0.3606556873912353,-535.1295264027478,0.2222972972972973,0.23344594594594595,0.3158783783783784,0.023986486486486488,0.2140540540540541,False
EURUSD1440_comma,daily,75,500,long_only,fast_slope,0.0,-0.010076389053581325,-1.402136771758212,-1.8939655462933618,-0.06230491493229088,-0.16172703332524763,70,0.2714285714285714,0.5511358976589126,-211.277203035778,0.13277027027027027,0.17094594594594595,0.47162162162162163,0.15743243243243243,0.2137837837837838,False
EURUSD1440_comma,daily,10,100,long_only,price_slow,0.001,-0.020807774187584727,-1.18469531537337,-1.5773386165696723,-0.057506039252451464,-0.3618363298546543,97,0.18556701030927836,0.5266299567613238,-289.75857549131365,0.26587837837837835,0.23885135135135135,0.13648648648648648,0.13108108108108107,0.21302364864864864,False
EURUSD1440_comma,daily,50,500,long_only,none,0.005,-0.012850640268093017,-1.2220587242407819,-1.6182446676365396,-0.0608153796159716,-0.2113057642530628,11,0.2727272727272727,0.1227132269321343,-1702.5701614662003,0.23344594594594595,0.1945945945945946,0.34695945945945944,0.0010135135135135136,0.21157094594594592,True
EURUSD1440_comma,daily,20,150,long_short,combined,0.0,-0.03063246064303149,-1.121846827737561,-1.4541749153765169,-0.06915058837724519,-0.4429819233918689,284,0.2640845070422535,0.6442128593320752,-134.95909019210796,0.32837837837837835,0.0804054054054054,0.057432432432432436,0.3212837837837838,0.21113175675675674,False
EURUSD1440_comma,daily,40,250,long_only,fast_slope,0.001,-0.012948155771914549,-1.396803642739333,-1.8819742162252342,-0.0552924451598697,-0.23417585774108785,89,0.29213483146067415,0.5212955762120981,-211.87525207506786,0.13682432432432431,0.27364864864864863,0.34324324324324323,0.12331081081081081,0.21028716216216214,False
EURUSD1440_comma,daily,10,75,long_short,combined,0.0,-0.030935589701122312,-1.1520137431655972,-1.5589769248772598,-0.07732019235504292,-0.40009716425782604,366,0.31420765027322406,0.7040411218891254,-105.53072903455431,0.2993243243243243,0.03277027027027027,0.05472972972972973,0.47297297297297297,0.20981418918918918,False
EURUSD1440_comma,daily,30,100,long_only,combined,0.0,-0.01530996611044566,-1.393964173415581,-1.8791320581838713,-0.053094864824583005,-0.2883511646752912,111,0.2882882882882883,0.5510332294179207,-197.4280267425523,0.13817567567567568,0.3108108108108108,0.26554054054054055,0.15675675675675677,0.20959459459459462,False
EURUSD1440_comma,daily,20,50,long_only,fast_slope,0.0,-0.02056966950107475,-1.303207011267632,-1.7303783010656868,-0.05383814582135561,-0.38206496875521145,155,0.2903225806451613,0.5987320089484085,-185.51664953028026,0.18243243243243243,0.29662162162162165,0.14087837837837838,0.22804054054054054,0.20951013513513517,False
EURUSD1440_comma,daily,10,150,long_short,combined,0.001,-0.031049276505906165,-1.176007431926095,-1.564328942666685,-0.071098398127014,-0.4367085240153803,342,0.30701754385964913,0.70635494626637,-112.25422005363404,0.2743243243243243,0.06689189189189189,0.05304054054054054,0.4804054054054054,0.20912162162162162,False
EURUSD1440_comma,daily,20,75,long_only,combined,0.005,-0.014663659401682239,-1.5009267750181259,-2.013285281530072,-0.05091534373465042,-0.28800079359383546,98,0.2755102040816326,0.5962065302515934,-213.31127828019197,0.07804054054054053,0.3493243243243243,0.2847972972972973,0.22398648648648647,0.2091047297297297,False
EURUSD1440_comma,daily,50,300,long_only,combined,0.0025,-0.010037627630494983,-1.453966194400779,-1.950488843986857,-0.06354264755915816,-0.15796678319312962,76,0.27631578947368424,0.5922433053218206,-196.50617199486874,0.10641891891891891,0.15574324324324323,0.4739864864864865,0.21722972972972973,0.20888513513513512,False
EURUSD1440_comma,daily,20,400,long_only,combined,0.0025,-0.010152566561041354,-1.6841515951792594,-2.268962895340234,-0.0568700523323819,-0.17852219480481235,112,0.26785714285714285,0.6262677719136835,-134.75609221686142,0.02364864864864865,0.2533783783783784,0.46756756756756757,0.2810810810810811,0.20847972972972972,False
EURUSD1440_comma,daily,40,200,long_only,fast_slope,0.005,-0.012553776796876082,-1.410472127209729,-1.88039446483818,-0.05532337995086094,-0.2269163020774677,75,0.26666666666666666,0.513970047478331,-244.47363660832522,0.1277027027027027,0.27263513513513515,0.3581081081081081,0.11486486486486487,0.2080912162162162,False
EURUSD1440_comma,daily,10,300,long_only,fast_slope,0.0025,-0.013300045709057295,-1.4794379064001753,-2.0077564306327176,-0.06030869311421388,-0.2205328124731436,143,0.3076923076923077,0.6631575603222808,-135.10115142435637,0.09087837837837838,0.19966216216216215,0.3310810810810811,0.37027027027027026,0.20802364864864864,False
EURUSD1440_comma,daily,10,400,long_only,slow_slope,0.0,-0.013095178973012267,-1.3170935447300773,-1.756975603771297,-0.0561309439551429,-0.2332969668829602,45,0.2,0.38240157710476297,-423.3436519982363,0.17466216216216215,0.264527027027027,0.33716216216216216,0.030405405405405407,0.20798986486486487,False
EURUSD1440_comma,daily,50,200,long_only,slow_slope,0.001,-0.015420981268987832,-1.1909145439053046,-1.5441336673935735,-0.06275455933847705,-0.2457348347522007,51,0.23529411764705882,0.43119267053243115,-432.4615451786889,0.2614864864864865,0.16554054054054054,0.26216216216216215,0.057432432432432436,0.20702702702702702,False
EURUSD1440_comma,daily,30,75,long_only,fast_slope,0.0,-0.01837203459381409,-1.3277630002356104,-1.791098784578888,-0.053559871905961565,-0.34301864324976405,112,0.2767857142857143,0.5673572730081108,-224.11115080098776,0.17162162162162162,0.3013513513513513,0.1793918918918919,0.1804054054054054,0.20692567567567566,False
EURUSD1440_comma,daily,50,150,long_only,fast_slope,0.0025,-0.015726473370631155,-1.3354456207845185,-1.7920592807989009,-0.055143865892977505,-0.285189895847217,84,0.27380952380952384,0.5331470973451113,-267.17128728737663,0.1679054054054054,0.27635135135135136,0.25067567567567567,0.13614864864864865,0.20680743243243246,False
EURUSD1440_comma,daily,10,200,long_only,fast_slope,0.0,-0.015485124772826264,-1.398049832715156,-1.8814445903856456,-0.059169419627347966,-0.261708241695666,151,0.31125827814569534,0.6399249574478902,-146.60208247130558,0.13547297297297298,0.21351351351351353,0.2597972972972973,0.3125,0.20640202702702704,False
EURUSD1440_comma,daily,60,200,long_only,slow_slope,0.0025,-0.014617518308968513,-1.2031021744595438,-1.5525007866040574,-0.06361530953955537,-0.22977988183614018,46,0.2391304347826087,0.44779506046646966,-457.1618913832006,0.24932432432432433,0.1554054054054054,0.2868243243243243,0.06722972972972972,0.2060304054054054,False
EURUSD1440_comma,daily,20,250,long_only,fast_slope,0.0025,-0.014030725230725904,-1.39618333929781,-1.828892892688598,-0.059161909253735774,-0.23715808714945985,128,0.2890625,0.6080001400751405,-158.37557430918625,0.13716216216216215,0.21385135135135136,0.3027027027027027,0.24662162162162163,0.20586148648648647,False
EURUSD1440_comma,daily,5,150,long_only,combined,0.005,-0.015046742282660674,-1.571541385787167,-2.1562710343726255,-0.055283927223038785,-0.2721720948288594,203,0.3054187192118227,0.6754102845687388,-106.30132249691579,0.053716216216216216,0.2743243243243243,0.2733108108108108,0.40506756756756757,0.20548986486486487,False
EURUSD1440_comma,daily,60,300,long_only,combined,0.001,-0.010500335447875653,-1.4449498387797068,-1.9317148904244297,-0.06419939216613439,-0.16355817545286122,76,0.25,0.5979713386738744,-204.86456535446385,0.1097972972972973,0.14864864864864866,0.45135135135135135,0.22668918918918918,0.20535472972972976,False
EURUSD1440_comma,daily,10,300,long_short,combined,0.0025,-0.026619658486097375,-1.2048233518056566,-1.6166098071516957,-0.06852736528427271,-0.38845296876176105,308,0.3051948051948052,0.6951671667755903,-111.13589212084084,0.24662162162162163,0.0875,0.08243243243243244,0.4543918918918919,0.20516891891891892,False
EURUSD1440_comma,daily,20,500,long_short,fast_slope,0.005,-0.025820589084351586,-1.1832664492122058,-1.54252727262508,-0.06410938608576473,-0.40275832699145064,241,0.3029045643153527,0.6283969419992569,-138.11346963951507,0.2665540540540541,0.15,0.08682432432432433,0.28783783783783784,0.20466216216216218,False
EURUSD1440_comma,daily,50,200,long_short,combined,0.005,-0.027886572067091442,-1.1039856386930074,-1.4512593412233177,-0.07034633988974377,-0.3964182374065093,182,0.25824175824175827,0.5984505516890045,-204.035419570605,0.34425675675675677,0.0722972972972973,0.07297297297297298,0.22736486486486487,0.20447635135135134,False
EURUSD1440_comma,daily,50,400,long_only,fast_slope,0.0,-0.011960865388927266,-1.4213846238648742,-1.9204701752745896,-0.05883755560938151,-0.20328623895143827,77,0.24675324675324675,0.552891614760027,-227.8671581272175,0.12297297297297298,0.21891891891891893,0.38175675675675674,0.15878378378378377,0.20408783783783782,False
EURUSD1440_comma,daily,50,300,long_only,fast_slope,0.005,-0.010918704222696363,-1.4325084046689562,-1.9223193854462532,-0.061720219716601854,-0.17690643800089045,74,0.2702702702702703,0.5642391117724256,-218.1113724827508,0.11587837837837837,0.18074324324324326,0.43074324324324326,0.17432432432432432,0.20383445945945947,False
EURUSD1440_comma,daily,10,300,long_short,combined,0.005,-0.026296724386353554,-1.2083002585591298,-1.6190723077908233,-0.06859079148306212,-0.38338563847666485,299,0.2976588628762542,0.6943287777012817,-113.34710894430248,0.24324324324324326,0.08614864864864864,0.08445945945945946,0.4523648648648649,0.20358108108108108,False
EURUSD1440_comma,daily,20,150,long_short,combined,0.005,-0.029429432691828183,-1.1570480106924834,-1.5062265309746563,-0.06745474891156586,-0.4362840743860835,248,0.2620967741935484,0.6392613160925037,-149.64173096883474,0.29493243243243245,0.10405405405405406,0.06317567567567567,0.31182432432432433,0.20339527027027032,False
EURUSD1440_comma,daily,60,200,long_only,fast_slope,0.005,-0.012361386701500998,-1.3535318715068188,-1.7574010417392723,-0.06238357531604112,-0.1981513024682705,65,0.3230769230769231,0.5503932262369333,-278.1544907779757,0.15912162162162163,0.17027027027027028,0.3658783783783784,0.1554054054054054,0.2027027027027027,False
EURUSD1440_comma,daily,10,300,long_short,fast_slope,0.001,-0.030974595626341195,-1.179762256335305,-1.5646738523017607,-0.07310709640732178,-0.4236879475251467,344,0.32558139534883723,0.700817942412348,-112.1705102880219,0.2702702702702703,0.053716216216216216,0.05405405405405406,0.4672297297297297,0.20243243243243242,False
EURUSD1440_comma,daily,20,400,long_short,fast_slope,0.001,-0.028420888213299578,-1.166472602878085,-1.5173167337228601,-0.06638278267268641,-0.4281364394354249,261,0.28735632183908044,0.6345413616766049,-138.17327028520583,0.2847972972972973,0.11554054054054054,0.07027027027027027,0.3027027027027027,0.20226351351351352,False
EURUSD1440_comma,daily,5,75,long_only,combined,0.001,-0.01642265952824329,-1.4999719324616465,-2.1578442229429844,-0.05812485062841003,-0.28254110506421304,240,0.2916666666666667,0.6930811035760986,-97.15526568082444,0.07871621621621622,0.22905405405405405,0.2287162162162162,0.44966216216216215,0.20194256756756757,False
EURUSD1440_comma,daily,5,75,long_only,fast_slope,0.001,-0.018878087980645608,-1.4018643015257028,-2.019024813127187,-0.0625479680099212,-0.3018177661287288,264,0.30303030303030304,0.7072007729762912,-99.733387860457,0.13344594594594594,0.16824324324324325,0.16959459459459458,0.48277027027027025,0.20177364864864863,False
EURUSD1440_comma,daily,75,100,long_short,combined,0.0025,-0.027665414237898145,-1.0699084268300525,-1.4024954229241664,-0.07130831224760183,-0.38796899500069937,128,0.2265625,0.5386795691121803,-288.8487355236953,0.3722972972972973,0.06587837837837837,0.07398648648648648,0.14256756756756755,0.20157094594594593,False
EURUSD1440_comma,daily,50,100,long_only,combined,0.0,-0.016353471941012665,-1.3611849385536567,-1.8416343148925736,-0.0551460236914705,-0.29654852419653377,103,0.2621359223300971,0.552024675808057,-225.54110455218617,0.15608108108108107,0.2760135135135135,0.23175675675675675,0.1581081081081081,0.20150337837837837,False
EURUSD1440_comma,daily,10,150,long_short,fast_slope,0.0,-0.03489123768101987,-1.1710154713152612,-1.5651517186098538,-0.07403524055984174,-0.47127877774392757,367,0.30517711171662126,0.7024268095619998,-114.77034516097046,0.2810810810810811,0.04628378378378378,0.03445945945945946,0.46959459459459457,0.20133445945945946,False
EURUSD1440_comma,daily,20,75,long_only,combined,0.0,-0.01722279241777791,-1.423982415637949,-1.90948605897429,-0.05333405982256766,-0.3229229590823366,138,0.2463768115942029,0.6029693420057266,-174.8887572861664,0.12060810810810811,0.3054054054054054,0.20574324324324325,0.23682432432432432,0.2012668918918919,False
EURUSD1440_comma,daily,75,100,long_short,price_slow,0.0025,-0.02875719817204414,-1.0638225712731324,-1.3905773222361923,-0.07226877065509825,-0.3979201238843191,119,0.25210084033613445,0.5385998729466781,-321.2749542395853,0.3787162162162162,0.0597972972972973,0.06689189189189189,0.14189189189189189,0.201097972972973,False
EURUSD1440_comma,daily,50,250,long_only,slow_slope,0.0,-0.015622077222210096,-1.2061440596598576,-1.5916399100549827,-0.061182277201790945,-0.2553366421894607,54,0.2222222222222222,0.37799070841486676,-413.15541907582406,0.2456081081081081,0.18952702702702703,0.25574324324324327,0.02837837837837838,0.20103040540540543,False
EURUSD1440_comma,daily,10,400,long_only,slow_slope,0.0025,-0.013427358679003354,-1.3537570079641288,-1.8086395038942094,-0.05521047665003342,-0.24320309284986452,41,0.17073170731707318,0.3570612501197995,-475.2734258481882,0.15878378378378377,0.27533783783783783,0.325,0.0222972972972973,0.20069256756756756,False
EURUSD1440_comma,daily,100,400,long_only,price_slow,0.005,-0.012868431612391151,-1.2604767143000675,-1.67461422081615,-0.060937963017128206,-0.21117265781880734,37,0.16216216216216217,0.26189231369110755,-506.804143303479,0.20540540540540542,0.1918918918918919,0.34594594594594597,0.008108108108108109,0.20054054054054055,False
EURUSD1440_comma,daily,100,200,long_only,slow_slope,0.001,-0.014899053657508432,-1.2014611999900564,-1.549542009439912,-0.06379759005804693,-0.23353630825164973,56,0.25,0.40623441589396814,-381.97187304102005,0.25135135135135134,0.15236486486486486,0.27668918918918917,0.042905405405405404,0.2004054054054054,False
EURUSD1440_comma,daily,100,250,long_only,combined,0.001,-0.01242996197885593,-1.388956443235352,-1.8530675496371,-0.05856608322785185,-0.21223823233145123,81,0.25925925925925924,0.5014898497332635,-224.33569127244607,0.14121621621621622,0.22263513513513514,0.36283783783783785,0.10304054054054054,0.20016891891891891,False
EURUSD1440_comma,daily,75,250,long_only,slow_slope,0.0,-0.01607286572460731,-1.2247922070500714,-1.6167582587725597,-0.05908090303471342,-0.2720484098755833,57,0.22807017543859648,0.387526841064931,-401.38336703983805,0.23108108108108108,0.2152027027027027,0.24222972972972973,0.033783783783783786,0.19974662162162163,False
EURUSD1440_comma,daily,50,300,long_only,fast_slope,0.001,-0.010945564997733248,-1.3998613589209887,-1.8835234175920326,-0.06579348182399511,-0.1663624525452818,78,0.28205128205128205,0.5730714332068574,-207.39420709900602,0.13445945945945945,0.1260135135135135,0.4297297297297297,0.18986486486486487,0.19971283783783783,False
EURUSD1440_comma,daily,10,400,long_short,fast_slope,0.0,-0.03036194400624115,-1.2083128628100077,-1.6081866565333245,-0.07040889176222166,-0.4312231487576409,342,0.30116959064327486,0.707532700767096,-111.99309702412728,0.2429054054054054,0.07195945945945946,0.05945945945945946,0.48412162162162165,0.19966216216216215,False
EURUSD1440_comma,daily,20,50,long_only,fast_slope,0.001,-0.020743408837104238,-1.335448437872134,-1.7699959467075455,-0.05403883429735008,-0.3838611455414285,144,0.2847222222222222,0.587369266513368,-199.7360726813336,0.16756756756756758,0.2935810810810811,0.13817567567567568,0.21013513513513513,0.19957770270270273,False
EURUSD1440_comma,daily,50,200,long_only,fast_slope,0.001,-0.014217340136591816,-1.3502850019840797,-1.8099292514555199,-0.060265696441912577,-0.23591099043043962,88,0.2727272727272727,0.561734817671886,-233.10991678244764,0.16114864864864864,0.20067567567567568,0.29695945945945945,0.16993243243243245,0.19951013513513516,False
EURUSD1440_comma,daily,10,200,long_short,fast_slope,0.005,-0.031063963699588304,-1.1731027989039773,-1.5497042949697388,-0.07367469460183372,-0.4216368166501384,326,0.3098159509202454,0.6886604723291332,-118.89054371448974,0.2773648648648649,0.04864864864864865,0.052702702702702706,0.43851351351351353,0.1994256756756757,False
EURUSD1440_comma,daily,60,400,long_only,combined,0.0,-0.01028955985951796,-1.555677225547829,-2.077956329142607,-0.058664356505696284,-0.17539713162146164,67,0.26865671641791045,0.5696222827332018,-228.07302963628445,0.05878378378378379,0.22094594594594594,0.46216216216216216,0.18412162162162163,0.19880067567567566,False
EURUSD1440_comma,daily,50,300,long_only,combined,0.005,-0.010213979833055276,-1.475786551401803,-1.9743065207948958,-0.06369066303223514,-0.16036855869887512,72,0.2638888888888889,0.5784052156464139,-210.79311755540957,0.0929054054054054,0.15472972972972973,0.46587837837837837,0.1966216216216216,0.1985135135135135,False
EURUSD1440_comma,daily,40,200,long_only,slow_slope,0.0025,-0.015459875359995379,-1.2045111758285134,-1.562950148039466,-0.06345893161845427,-0.24362016450178536,46,0.2608695652173913,0.42613413756417473,-480.54111521368714,0.24797297297297297,0.1570945945945946,0.2608108108108108,0.052364864864864864,0.19847972972972971,False
EURUSD1440_comma,daily,75,250,long_only,slow_slope,0.0025,-0.015132121136151144,-1.2445265941367716,-1.6363620772211316,-0.05915713350846581,-0.25579537477057823,45,0.2222222222222222,0.37140625508103803,-481.9574954149664,0.21655405405405406,0.21452702702702703,0.2695945945945946,0.02668918918918919,0.19817567567567568,False
EURUSD1440_comma,daily,5,150,long_only,fast_slope,0.001,-0.017634616198675457,-1.474576660873313,-2.0470737506827996,-0.058347515188007695,-0.3022342278304928,243,0.32098765432098764,0.687539749230145,-102.13273606900388,0.09391891891891892,0.22533783783783784,0.19594594594594594,0.4331081081081081,0.19805743243243246,False
EURUSD1440_comma,daily,100,300,long_only,price_slow,0.005,-0.011869874493755428,-1.2748848202951761,-1.6797018122288039,-0.06301527050761284,-0.18836504863248082,29,0.1724137931034483,0.282697746655427,-600.8255297771519,0.19695945945945945,0.16182432432432434,0.38547297297297295,0.010472972972972974,0.19790540540540544,False
EURUSD1440_comma,daily,20,50,long_short,fast_slope,0.005,-0.03082566175159851,-1.1639626193906878,-1.526474769785686,-0.06494518860885437,-0.47464119224061907,224,0.30357142857142855,0.6100120562104439,-171.70506788059848,0.2875,0.13682432432432431,0.05574324324324324,0.24966216216216217,0.19780405405405405,False
EURUSD1440_comma,daily,75,250,long_only,combined,0.001,-0.011914986681999307,-1.4155071861128385,-1.8934381253256831,-0.06088081603526808,-0.195710035737645,80,0.25,0.5484367896613871,-218.5545461462005,0.12533783783783783,0.19256756756756757,0.3831081081081081,0.15202702702702703,0.1977027027027027,False
EURUSD1440_comma,daily,30,250,long_only,combined,0.0,-0.012563849392390636,-1.469806235580834,-2.0409886913318505,-0.05779362457609131,-0.21739161515729166,100,0.25,0.5699633422858296,-183.48877859335715,0.09898648648648649,0.23513513513513515,0.35777027027027025,0.1847972972972973,0.19765202702702703,False
EURUSD1440_comma,daily,60,400,long_only,combined,0.001,-0.010279529231493667,-1.5663094839334775,-2.0963480944909096,-0.058651978708645754,-0.17526312765264618,66,0.2727272727272727,0.5674911838367538,-231.3200835458729,0.05574324324324324,0.22128378378378377,0.4635135135135135,0.1810810810810811,0.1974831081081081,False
EURUSD1440_comma,daily,10,50,long_short,fast_slope,0.001,-0.03682059329867626,-1.1456711466804899,-1.5495979576335206,-0.07660849964242172,-0.48063326485364255,389,0.3110539845758355,0.6742157112061414,-113.54181170202558,0.3037162162162162,0.03682432432432432,0.029391891891891894,0.40135135135135136,0.19677364864864863,False
EURUSD1440_comma,daily,40,50,long_only,price_slow,0.0,-0.019263297147109504,-1.2936575239206056,-1.748848036949462,-0.05723315524474351,-0.33657583728757834,128,0.1953125,0.570162428841484,-212.4335081634887,0.18716216216216217,0.24695945945945946,0.16114864864864864,0.1858108108108108,0.1967060810810811,False
EURUSD1440_comma,daily,10,250,long_only,slow_slope,0.005,-0.016807304694332337,-1.2665986522579937,-1.6998071638950478,-0.05651068133224763,-0.29741819242128487,63,0.20634920634920634,0.4070991022122127,-377.72473315021983,0.20270270270270271,0.2611486486486487,0.21824324324324323,0.044256756756756756,0.19665540540540544,False
EURUSD1440_comma,daily,20,75,long_only,combined,0.0025,-0.01610180776245773,-1.4632054305301647,-1.9736314162905644,-0.05384082533698928,-0.29906316743245764,121,0.2396694214876033,0.5959898546343,-187.89479297474037,0.10202702702702703,0.2962837837837838,0.2402027027027027,0.22364864864864864,0.1964695945945946,False
EURUSD1440_comma,daily,20,300,long_short,combined,0.005,-0.02480713375129684,-1.1593840813660943,-1.5162106163522195,-0.07054765039356077,-0.3516365692252893,244,0.29508196721311475,0.6280750443865292,-130.93254189530012,0.2922297297297297,0.07060810810810811,0.09358108108108108,0.2868243243243243,0.1962837837837838,False
EURUSD1440_comma,daily,50,250,long_short,combined,0.0,-0.029006304157726093,-1.1120501946189862,-1.4595839648573168,-0.0710901701302064,-0.4080213073706127,196,0.2602040816326531,0.5843077405577308,-194.49375194484162,0.3385135135135135,0.06722972972972972,0.0652027027027027,0.20608108108108109,0.19616554054054056,False
EURUSD1440_comma,daily,30,50,long_only,combined,0.005,-0.013379422769983385,-1.509579513816999,-1.9995954282477384,-0.05069149182105769,-0.263938232814554,70,0.3,0.4590509887726374,-277.72088897333435,0.075,0.3564189189189189,0.327027027027027,0.07635135135135135,0.19596283783783786,False
EURUSD1440_comma,daily,75,300,long_only,combined,0.005,-0.011046585069896087,-1.469606443529902,-1.9679114406351246,-0.05975047009434688,-0.18487863028447082,65,0.24615384615384617,0.5250067203165871,-250.9832552289798,0.09932432432432432,0.20777027027027026,0.4239864864864865,0.12905405405405404,0.19582770270270272,False
EURUSD1440_comma,daily,10,500,long_only,combined,0.0025,-0.011088930697927823,-1.685456226598629,-2.315413029770795,-0.06139256510471695,-0.1806233487558876,124,0.29838709677419356,0.6632911356210675,-129.54483613422838,0.023310810810810812,0.18547297297297297,0.4206081081081081,0.3716216216216216,0.19555743243243243,False
EURUSD1440_comma,daily,40,400,long_only,combined,0.005,-0.00818388784101276,-1.6567476645501373,-2.269577604452277,-0.06460570994976798,-0.12667437363316447,68,0.25,0.5883164566226604,-181.53394790853616,0.03141891891891892,0.14189189189189189,0.577027027027027,0.2125,0.19532094594594596,False
EURUSD1440_comma,daily,60,400,long_only,fast_slope,0.001,-0.012060972421910066,-1.4579957585195555,-1.937584119899737,-0.05987245667625075,-0.20144442188379785,77,0.2857142857142857,0.5666576265894689,-229.60536593904436,0.10371621621621621,0.20574324324324325,0.37736486486486487,0.17905405405405406,0.1952533783783784,False
EURUSD1440_comma,daily,10,100,long_short,combined,0.0025,-0.030661438341380354,-1.193078832407485,-1.604020153199118,-0.07460717230883498,-0.4109717255394415,347,0.31988472622478387,0.695790064163021,-110.7826630188965,0.26013513513513514,0.043243243243243246,0.057094594594594594,0.45675675675675675,0.1947972972972973,False
EURUSD1440_comma,daily,75,400,long_only,combined,0.0,-0.009712663221999374,-1.5275268141040663,-2.043391491441308,-0.06094144909290532,-0.15937696537528023,62,0.25806451612903225,0.5318798462530926,-233.63966475950767,0.06959459459459459,0.19155405405405404,0.48952702702702705,0.1347972972972973,0.19385135135135137,False
EURUSD1440_comma,daily,20,150,long_short,combined,0.001,-0.03180546093086767,-1.1476415975407257,-1.485430886250387,-0.07010379169356172,-0.45369102244705917,277,0.26353790613718414,0.6305987240524982,-142.7237853837077,0.30236486486486486,0.07331081081081081,0.04932432432432433,0.2939189189189189,0.19322635135135138,False
EURUSD1440_comma,daily,20,100,long_only,combined,0.0025,-0.015990760013491534,-1.4585230891099148,-1.946880897582909,-0.05310598174849541,-0.3011103361053029,128,0.265625,0.5611687187262173,-177.93441593311388,0.10337837837837838,0.310472972972973,0.24425675675675676,0.16925675675675675,0.19320945945945947,False
EURUSD1440_comma,daily,40,250,long_only,fast_slope,0.0,-0.01337556678147811,-1.390603524286006,-1.8693418920418792,-0.0598038772082904,-0.22365718421386738,91,0.3076923076923077,0.5265961191176284,-213.3891868828097,0.14020270270270271,0.2070945945945946,0.32804054054054055,0.13074324324324324,0.1930743243243243,False
EURUSD1440_comma,daily,100,250,long_only,combined,0.0,-0.012965370454730896,-1.3943519146334402,-1.8601287385338858,-0.059186960661204324,-0.21905788555264327,81,0.25925925925925924,0.5066772100080501,-233.08128701355034,0.13783783783783785,0.2125,0.3418918918918919,0.10810810810810811,0.19285472972972972,False
EURUSD1440_comma,daily,50,250,long_only,slow_slope,0.001,-0.015854805696406626,-1.2416690192432067,-1.6375570895321305,-0.059941927284834134,-0.2645027681720544,49,0.20408163265306123,0.38181996472990215,-461.31346396148604,0.21891891891891893,0.20506756756756755,0.24695945945945946,0.03006756756756757,0.19273648648648647,False
EURUSD1440_comma,daily,20,250,long_short,fast_slope,0.0025,-0.03070989312288608,-1.1394325766993492,-1.4689842506081652,-0.0727680530189618,-0.4220243891214698,274,0.2846715328467153,0.6289336775568884,-140.55375243391225,0.3097972972972973,0.056081081081081084,0.05675675675675676,0.28952702702702704,0.19271959459459462,False
EURUSD1440_comma,daily,40,250,long_only,combined,0.0025,-0.012247142026872382,-1.5226611870624964,-2.068338100737852,-0.05449674505073057,-0.2247316241634545,92,0.2608695652173913,0.5219673636486826,-194.86933023361874,0.07128378378378378,0.2851351351351351,0.3706081081081081,0.125,0.1926689189189189,False
EURUSD1440_comma,daily,50,250,long_short,combined,0.001,-0.028617536819806277,-1.117623122303798,-1.4649726454290632,-0.0713506857356302,-0.4010828561037306,187,0.2620320855614973,0.5778940893887425,-201.96092826889685,0.3327702702702703,0.06554054054054054,0.06824324324324324,0.1956081081081081,0.19248310810810812,False
EURUSD1440_comma,daily,10,500,long_only,combined,0.001,-0.011289194276981496,-1.689649611543314,-2.3206676597988674,-0.061317808711503746,-0.18410955176327992,125,0.296,0.6591911439213289,-130.68540551846888,0.0222972972972973,0.18682432432432433,0.4125,0.36114864864864865,0.1922972972972973,False
EURUSD1440_comma,daily,75,200,long_only,combined,0.0025,-0.012877653342808992,-1.3681732324039886,-1.7764536532666046,-0.0628652753486089,-0.20484525473559312,71,0.23943661971830985,0.5387354846057393,-264.28059018381595,0.1516891891891892,0.16385135135135134,0.34493243243243243,0.14324324324324325,0.19211148648648652,False
EURUSD1440_comma,daily,10,250,long_short,fast_slope,0.0,-0.032329380233868554,-1.1808642072279782,-1.5668731500712618,-0.0760910260283784,-0.42487770137060843,354,0.3192090395480226,0.6884696239464427,-112.76412117332706,0.26925675675675675,0.038513513513513516,0.04628378378378378,0.4358108108108108,0.19195945945945947,False
EURUSD1440_comma,daily,10,300,long_short,combined,0.001,-0.027623098778473465,-1.2215746231363855,-1.6394517052598585,-0.06997260213795195,-0.3947702091171934,313,0.30670926517571884,0.6867195473418592,-112.77449282824497,0.23412162162162162,0.07466216216216216,0.07432432432432433,0.43074324324324326,0.19179054054054054,False
EURUSD1440_comma,daily,40,200,long_only,slow_slope,0.0,-0.016467951532851632,-1.2005998267037348,-1.560174552588607,-0.06461835484770746,-0.25484943978631613,54,0.2222222222222222,0.4457244981007899,-432.8492412145633,0.25236486486486487,0.14155405405405405,0.22668918918918918,0.06486486486486487,0.19140202702702705,False
EURUSD1440_comma,daily,5,100,long_only,combined,0.005,-0.014690241626244882,-1.5958011569615627,-2.2817279541730997,-0.05846878985657363,-0.2512492846573472,204,0.30392156862745096,0.6720022926734618,-103.54333182676322,0.047635135135135134,0.22432432432432434,0.28378378378378377,0.39594594594594595,0.1912837837837838,False
EURUSD1440_comma,daily,10,50,long_short,fast_slope,0.005,-0.03186748400562833,-1.1744392707445166,-1.5791048133586834,-0.07395035436013195,-0.43093078162190257,318,0.31761006289308175,0.6731866908700713,-124.03587472819788,0.27533783783783783,0.04695945945945946,0.04831081081081081,0.39797297297297296,0.1912331081081081,False
EURUSD1440_comma,daily,60,100,long_only,price_slow,0.0025,-0.01719319305509337,-1.34709291836527,-1.7709204693186502,-0.05438736116721053,-0.31612478866613836,66,0.25757575757575757,0.4670029014356447,-367.79965505898264,0.1635135135135135,0.2868243243243243,0.20777027027027026,0.08006756756756757,0.19067567567567564,False
EURUSD1440_comma,daily,60,400,long_only,fast_slope,0.005,-0.011630236230258828,-1.4902617508984033,-1.9878309748329648,-0.061308718621779175,-0.1896995483139543,71,0.29577464788732394,0.5788478703679798,-240.87707623258873,0.08547297297297297,0.18716216216216217,0.39864864864864863,0.19797297297297298,0.1904054054054054,False
EURUSD1440_comma,daily,5,400,long_only,slow_slope,0.005,-0.013877177565622456,-1.378899440955462,-1.8401191561454615,-0.055710917584935425,-0.2490926045952424,44,0.11363636363636363,0.35412366365083886,-456.1992810079007,0.14560810810810812,0.27128378378378376,0.3043918918918919,0.021621621621621623,0.19018581081081082,False
EURUSD1440_comma,daily,10,400,long_only,fast_slope,0.001,-0.014156026673396216,-1.5109387648002615,-2.0459152473031073,-0.05999338237279814,-0.2359598027900951,145,0.2896551724137931,0.6479207454241892,-140.92668705025267,0.07398648648648648,0.20472972972972972,0.297972972972973,0.33175675675675675,0.19013513513513514,False
EURUSD1440_comma,daily,30,100,long_only,combined,0.005,-0.015198717143333651,-1.4978728244554362,-2.010835940642361,-0.05038945722669301,-0.3016249425937927,85,0.25882352941176473,0.4884082910346217,-256.15230744721083,0.07972972972972973,0.360472972972973,0.2682432432432432,0.09121621621621621,0.18934121621621625,False
EURUSD1440_comma,daily,30,100,long_only,combined,0.0025,-0.01562696570314215,-1.4568879275577384,-1.9571697647785797,-0.05299221246273581,-0.29489173931228196,99,0.29292929292929293,0.5187702142517444,-225.41998164810965,0.10472972972972973,0.31182432432432433,0.2554054054054054,0.12060810810810811,0.18902027027027027,False
EURUSD1440_comma,daily,60,250,long_only,fast_slope,0.0025,-0.013223295139638491,-1.4172258186101976,-1.8671911008651045,-0.060684661518882174,-0.21790176971694952,75,0.3333333333333333,0.5504424293578469,-256.25047513995946,0.12432432432432433,0.19594594594594594,0.3341216216216216,0.15574324324324323,0.18890202702702702,False
EURUSD1440_comma,daily,50,300,long_only,combined,0.001,-0.010846905612718616,-1.4721783533132728,-1.9726534729615501,-0.06420732431670566,-0.16893564290602958,77,0.2597402597402597,0.565583113273263,-208.34528029704515,0.09628378378378379,0.14831081081081082,0.4337837837837838,0.1766891891891892,0.18885135135135137,False
EURUSD1440_comma,daily,5,150,long_only,combined,0.0,-0.016666791131653147,-1.554738536229831,-2.1368941767444727,-0.057148690430470724,-0.29163907354851115,218,0.3119266055045872,0.6697974296605279,-108.35715033195444,0.0597972972972973,0.24797297297297297,0.22094594594594594,0.3902027027027027,0.18863175675675675,False
EURUSD1440_comma,daily,40,400,long_only,combined,0.001,-0.009039900606429452,-1.6165793719815609,-2.2175600355268803,-0.06518473803212288,-0.13868124471060406,76,0.27631578947368424,0.5936433811430628,-178.2820800809537,0.041891891891891894,0.1341216216216216,0.525,0.21925675675675677,0.1881756756756757,False
EURUSD1440_comma,daily,10,75,long_only,combined,0.005,-0.015134045098704751,-1.49287878548269,-2.071798693239857,-0.057996969506540444,-0.2609454464167831,133,0.2932330827067669,0.6267307088568878,-160.9197838537394,0.08445945945945946,0.23209459459459458,0.26925675675675675,0.28243243243243243,0.18802364864864862,False
EURUSD1440_comma,daily,10,50,long_only,slow_slope,0.0,-0.022123702221990227,-1.2415547285683746,-1.687027642685854,-0.059559824483889974,-0.37145344892637067,124,0.18548387096774194,0.5493689077058698,-244.4482171201064,0.21925675675675677,0.2097972972972973,0.11891891891891893,0.15337837837837837,0.18694256756756758,False
EURUSD1440_comma,daily,10,75,long_short,combined,0.001,-0.03254060752684551,-1.1914261904394854,-1.607294484468098,-0.0782544403666542,-0.41583081259516264,358,0.31564245810055863,0.690017701648783,-112.51154759538807,0.2611486486486487,0.028040540540540542,0.04527027027027027,0.44155405405405407,0.1867567567567568,False
EURUSD1440_comma,daily,20,100,long_only,combined,0.005,-0.01528259372502605,-1.519578401780872,-2.0382279316194833,-0.05270763713114346,-0.2899502720450353,112,0.25892857142857145,0.554669963621428,-195.35448014387163,0.0722972972972973,0.3202702702702703,0.2665540540540541,0.16148648648648647,0.18652027027027027,False
EURUSD1440_comma,daily,20,400,long_only,slow_slope,0.001,-0.013616738315025412,-1.3417737827782126,-1.780531080049014,-0.05891623623668604,-0.23112030205599798,38,0.15789473684210525,0.3060415877610597,-519.3065582873087,0.16554054054054054,0.2179054054054054,0.3179054054054054,0.012837837837837839,0.18619932432432432,False
EURUSD1440_comma,daily,10,300,long_only,slow_slope,0.0,-0.015506421068166243,-1.2927213590182967,-1.7176819667459342,-0.06027468602819506,-0.2572625772104845,51,0.11764705882352941,0.4424798073186428,-434.5865564103521,0.1875,0.20033783783783785,0.2591216216216216,0.06114864864864865,0.1860810810810811,False
EURUSD1440_comma,daily,10,150,long_short,combined,0.0,-0.03346983113058799,-1.2094841740262305,-1.6058798760911714,-0.07297393427614196,-0.4586546067796511,346,0.2947976878612717,0.6938343280681368,-117.85893649646106,0.2408783783783784,0.05439189189189189,0.041891891891891894,0.4516891891891892,0.18608108108108107,False
EURUSD1440_comma,daily,10,50,long_short,fast_slope,0.0,-0.038782638491176025,-1.156973273319312,-1.5610780900452166,-0.079646849477311,-0.48693248691806745,407,0.3046683046683047,0.6661455613385203,-112.8782978461367,0.29527027027027025,0.023310810810810812,0.023310810810810812,0.38141891891891894,0.18581081081081083,False
EURUSD1440_comma,daily,40,200,long_only,slow_slope,0.001,-0.016419279302403722,-1.2161013921153225,-1.5771497428415144,-0.0641282427572055,-0.256038191543286,51,0.2549019607843137,0.4063310071346926,-457.1183996723227,0.23885135135135135,0.14932432432432433,0.22939189189189188,0.043243243243243246,0.1852364864864865,False
EURUSD1440_comma,daily,20,200,long_only,fast_slope,0.005,-0.015782560093497877,-1.4168877344380908,-1.8303720528642433,-0.05753270374200583,-0.27432328166379394,121,0.2809917355371901,0.5622250797077073,-186.05963403948994,0.12466216216216217,0.23851351351351352,0.24932432432432433,0.17128378378378378,0.1850506756756757,False
EURUSD1440_comma,daily,40,400,long_only,combined,0.0025,-0.008906995961390551,-1.6391595379849688,-2.2331091309634736,-0.06509664659004345,-0.13682726266198908,73,0.2876712328767123,0.5793153543912145,-183.05964262026373,0.03581081081081081,0.13513513513513514,0.5331081081081082,0.19864864864864865,0.18452702702702706,False
EURUSD1440_comma,daily,75,200,long_only,slow_slope,0.0,-0.016258256782193836,-1.209476961355552,-1.562577466204266,-0.06568801897155922,-0.24750718680119022,56,0.26785714285714285,0.43214683288686523,-412.70540161304535,0.24121621621621622,0.12837837837837837,0.23614864864864865,0.05777027027027027,0.18447635135135138,False
EURUSD1440_comma,daily,10,500,long_only,combined,0.0,-0.01164331593347423,-1.6973938852973949,-2.3290871876044763,-0.061675910201465935,-0.18878223110840264,126,0.29365079365079366,0.6523669545888254,-133.45102353785734,0.019932432432432434,0.18175675675675676,0.39797297297297296,0.34290540540540543,0.18444256756756758,False
EURUSD1440_comma,daily,10,50,long_only,combined,0.0,-0.017601984222272105,-1.3899346329652298,-1.939787317922195,-0.062019222201534066,-0.28381497860572513,175,0.2857142857142857,0.6304732605650363,-140.00776598811157,0.14087837837837838,0.1777027027027027,0.19763513513513514,0.2929054054054054,0.18423986486486488,False
EURUSD1440_comma,daily,40,400,long_only,combined,0.0,-0.00921964226806049,-1.6196170765533222,-2.221385808101014,-0.06530294055351156,-0.14118265104012562,77,0.2727272727272727,0.5866232105263915,-179.2273277263905,0.04087837837837838,0.1331081081081081,0.5158783783783784,0.20912162162162162,0.1841722972972973,False
EURUSD1440_comma,daily,10,500,long_short,fast_slope,0.001,-0.030767081774045857,-1.2223855662620386,-1.624432655588138,-0.07154464633410383,-0.4300403084022212,328,0.3018292682926829,0.6822233900623142,-116.96984086034642,0.23310810810810811,0.06385135135135135,0.056081081081081084,0.42364864864864865,0.1839695945945946,False
EURUSD1440_comma,daily,5,100,long_only,combined,0.0025,-0.016161332485923774,-1.5722436827088866,-2.209571130795304,-0.05903817682859129,-0.2737437596158472,218,0.30275229357798167,0.6753136442268857,-105.45849844776,0.05337837837837838,0.21554054054054053,0.23817567567567569,0.4047297297297297,0.18358108108108107,False
EURUSD1440_comma,daily,75,400,long_only,combined,0.001,-0.010005975497152875,-1.5388286400829012,-2.0567959797304405,-0.06206301591647844,-0.16122283697296402,62,0.25806451612903225,0.5168744136269715,-240.1750232689456,0.06621621621621622,0.17635135135135135,0.4760135135135135,0.11824324324324324,0.1835135135135135,False
EURUSD1440_comma,daily,20,150,long_only,combined,0.0,-0.017330587784992413,-1.4263171490538096,-1.8583027216058903,-0.0564619649188208,-0.3069426969094996,134,0.2462686567164179,0.5794643368948458,-182.71932059089582,0.11858108108108108,0.26182432432432434,0.20304054054054055,0.2,0.18349662162162164,False
EURUSD1440_comma,daily,20,100,long_short,combined,0.001,-0.0311752503780256,-1.1668479418870987,-1.540117457867493,-0.07041729412267381,-0.4427215042332536,294,0.2619047619047619,0.6233655679907478,-132.65924936103985,0.28445945945945944,0.07162162162162163,0.051351351351351354,0.275,0.1832094594594595,False
EURUSD1440_comma,daily,50,300,long_only,combined,0.0,-0.011087193854294686,-1.4774648694817427,-1.9797403276853605,-0.06439805760955214,-0.17216658802842721,78,0.24358974358974358,0.561605993687394,-209.85884899917568,0.09222972972972973,0.14594594594594595,0.4212837837837838,0.16959459459459458,0.18307432432432433,False
EURUSD1440_comma,daily,100,200,long_only,combined,0.001,-0.014314900006363818,-1.3732358714148667,-1.777052999228927,-0.05891197812442233,-0.24298793661504103,67,0.2537313432835821,0.44552252703767414,-308.0552865885235,0.14966216216216216,0.21824324324324323,0.2939189189189189,0.06418918918918919,0.18283783783783783,False
EURUSD1440_comma,daily,30,400,long_only,slow_slope,0.0,-0.01385963551278313,-1.3328784640619382,-1.7646971028607514,-0.059537677638596735,-0.2327876407426125,35,0.17142857142857143,0.27067944884197964,-572.8562582386218,0.16891891891891891,0.21047297297297296,0.30608108108108106,0.00945945945945946,0.18282094594594595,False
EURUSD1440_comma,daily,20,150,long_only,combined,0.001,-0.017347541295860025,-1.4333403175562067,-1.8641736130601092,-0.055961546365511705,-0.3099903848716923,130,0.24615384615384617,0.5767218181192945,-188.50211400564078,0.1152027027027027,0.2679054054054054,0.20270270270270271,0.1939189189189189,0.1826858108108108,False
EURUSD1440_comma,daily,30,100,long_only,combined,0.001,-0.01608964644700206,-1.4296856704619951,-1.926749499677984,-0.055807048321970684,-0.2883085010010774,108,0.28703703703703703,0.5315216157646078,-212.03645822730908,0.11722972972972973,0.26925675675675675,0.24121621621621622,0.13445945945945945,0.18261824324324324,False
EURUSD1440_comma,daily,10,300,long_only,combined,0.0025,-0.013004556266220879,-1.6128918189092563,-2.20123421567548,-0.06051126628602743,-0.2149113225419932,131,0.2824427480916031,0.6385268017452962,-144.513008429225,0.042905405405405404,0.19797297297297298,0.33952702702702703,0.31013513513513513,0.18108108108108106,False
EURUSD1440_comma,daily,60,400,long_only,combined,0.0025,-0.010820153849415148,-1.592249588259197,-2.125392214065785,-0.059634661225545435,-0.18144068612198583,66,0.25757575757575757,0.5454091142082375,-242.51778214517174,0.04831081081081081,0.20912162162162162,0.4358108108108108,0.14864864864864866,0.18106418918918918,False
EURUSD1440_comma,daily,20,100,long_short,combined,0.0,-0.03206869816536684,-1.1688326302431122,-1.5399509528635802,-0.07068526120037753,-0.45368295484484333,299,0.2709030100334448,0.622053017272273,-133.1047665429497,0.2827702702702703,0.06993243243243243,0.047972972972972976,0.2716216216216216,0.18092905405405407,False
EURUSD1440_comma,daily,60,300,long_only,combined,0.0,-0.011615835070562297,-1.472300304434972,-1.9636579358478419,-0.06505675640332215,-0.17854925011246225,79,0.24050632911392406,0.5745926265826621,-216.23929455949155,0.09594594594594595,0.13547297297297298,0.3993243243243243,0.1912162162162162,0.1807939189189189,False
EURUSD1440_comma,daily,50,500,long_only,price_slow,0.005,-0.01372691732627751,-1.3112695998999548,-1.7248404830706965,-0.06189635268286147,-0.22177263653336987,25,0.16,0.2579303892457217,-795.0911249242336,0.1783783783783784,0.17905405405405406,0.31385135135135134,0.007432432432432433,0.18000000000000002,False
EURUSD1440_comma,daily,5,50,long_only,fast_slope,0.005,-0.018002229905616507,-1.457595201608356,-2.0367409735997812,-0.06120985006604725,-0.2941067472995207,215,0.3116279069767442,0.6581367902090662,-117.525885683486,0.10405405405405406,0.18885135135135134,0.18682432432432433,0.3581081081081081,0.17991554054054054,False
EURUSD1440_comma,daily,10,50,long_short,combined,0.0025,-0.0328886929381883,-1.1935163797347754,-1.6104049023289804,-0.07783625512550504,-0.42253693841202644,352,0.29829545454545453,0.6725673977297972,-114.94451351151702,0.2597972972972973,0.029391891891891894,0.0445945945945946,0.3966216216216216,0.17967905405405404,False
EURUSD1440_comma,daily,20,100,long_short,fast_slope,0.005,-0.03115350150428653,-1.1785469771289498,-1.5527310089889093,-0.07159062294683348,-0.43516176032470855,245,0.2857142857142857,0.6311809153601435,-157.27299069571973,0.27297297297297296,0.06351351351351352,0.05168918918918919,0.2945945945945946,0.1795945945945946,False
EURUSD1440_comma,daily,5,75,long_only,fast_slope,0.0,-0.021129988817148337,-1.4201635226589233,-2.021585249676474,-0.06460343324822859,-0.32707222750778053,276,0.3007246376811594,0.6945063209338789,-105.05217367166676,0.12331081081081081,0.14222972972972972,0.13378378378378378,0.4527027027027027,0.1795439189189189,False
EURUSD1440_comma,daily,75,500,long_only,price_slow,0.0025,-0.014524339159356248,-1.3084920628095278,-1.7281245582600315,-0.06061771326057797,-0.2396055274622506,32,0.1875,0.21047515577210626,-653.4260314227793,0.17972972972972973,0.1966216216216216,0.28952702702702704,0.0033783783783783786,0.17945945945945946,False
EURUSD1440_comma,daily,75,500,long_only,price_slow,0.005,-0.013876588294944314,-1.3220849907736738,-1.7462101428611085,-0.060777838189449346,-0.228316582299125,31,0.22580645161290322,0.2201079018779764,-647.4839545451263,0.17297297297297298,0.19493243243243244,0.3047297297297297,0.0037162162162162164,0.17942567567567566,False
EURUSD1440_comma,daily,10,200,long_only,fast_slope,0.001,-0.016409430599865882,-1.4312277353180252,-1.9213241496309632,-0.061821521401431156,-0.26543233210507833,149,0.3087248322147651,0.6239129111343366,-156.3807112446294,0.11689189189189189,0.18006756756756756,0.22972972972972974,0.2760135135135135,0.17912162162162162,False
EURUSD1440_comma,daily,10,500,long_only,combined,0.005,-0.01179549010202674,-1.7171906032994368,-2.353146857924184,-0.061577315399899545,-0.19155577058570472,121,0.2892561983471074,0.6437788838002383,-140.6606664034967,0.017905405405405406,0.18344594594594596,0.38885135135135135,0.3199324324324324,0.17878378378378382,False
EURUSD1440_comma,daily,5,200,long_only,slow_slope,0.005,-0.01601879316557009,-1.2375483534199512,-1.6298141372923227,-0.06552790245178357,-0.24445759083097407,62,0.1774193548387097,0.4399466853655229,-367.91727521514696,0.22094594594594594,0.13108108108108107,0.24324324324324326,0.0597972972972973,0.1787668918918919,False
EURUSD1440_comma,daily,60,250,long_only,fast_slope,0.001,-0.014033818222317862,-1.4110906467599909,-1.8501559958287341,-0.061514551710420626,-0.22813818571550315,76,0.3157894736842105,0.5352841248888797,-266.7905714243523,0.1266891891891892,0.18412162162162163,0.30236486486486486,0.13851351351351351,0.17795608108108107,False
EURUSD1440_comma,daily,60,250,long_only,fast_slope,0.0,-0.0142398161018773,-1.4006612392714848,-1.834314671719516,-0.06171910889187206,-0.2307197293924731,79,0.31645569620253167,0.5272622371215716,-260.0344886551195,0.13378378378378378,0.1810810810810811,0.2962837837837838,0.1314189189189189,0.1777533783783784,False
EURUSD1440_comma,daily,30,200,long_only,slow_slope,0.0,-0.018167175769183808,-1.206901782892789,-1.5830513715118797,-0.06447107453819713,-0.28178800957350747,56,0.21428571428571427,0.4104742460040882,-454.80484396424043,0.2445945945945946,0.14425675675675675,0.1837837837837838,0.04560810810810811,0.17750000000000002,False
EURUSD1440_comma,daily,10,100,long_short,combined,0.005,-0.030188211253992403,-1.2260522569539727,-1.6481061617189763,-0.0744593939518802,-0.40543186899294004,321,0.308411214953271,0.6772602029811791,-118.12878396772639,0.22972972972972974,0.0445945945945946,0.06047297297297297,0.41114864864864864,0.17680743243243244,False
EURUSD1440_comma,daily,10,300,long_short,fast_slope,0.0,-0.03371688220584512,-1.2166576439459216,-1.6055914048151851,-0.0772670707031705,-0.43636806596916344,350,0.3057142857142857,0.6834948240419875,-118.13939322110477,0.23817567567567569,0.033445945945945944,0.0402027027027027,0.4263513513513513,0.17562500000000003,False
EURUSD1440_comma,daily,20,50,long_short,combined,0.001,-0.035118722452524787,-1.1850920392421498,-1.5857843798282958,-0.07077737538066248,-0.496185712788098,309,0.2621359223300971,0.6346357164346142,-138.13499089092508,0.26554054054054055,0.06858108108108107,0.033783783783783786,0.3033783783783784,0.175625,False
EURUSD1440_comma,daily,10,250,long_short,fast_slope,0.001,-0.03364969253907424,-1.2066421913385192,-1.5989642257326648,-0.07701684691629421,-0.436913401241243,351,0.3076923076923077,0.6755116550853792,-117.47421283559683,0.24493243243243243,0.03445945945945946,0.04054054054054054,0.40540540540540543,0.17550675675675675,False
EURUSD1440_comma,daily,5,150,long_only,fast_slope,0.005,-0.01742716122965038,-1.5508869849610152,-2.1305237796946432,-0.058116122422599545,-0.29986792826483377,220,0.32272727272727275,0.6572178361025234,-111.6513391896622,0.060810810810810814,0.22939189189189188,0.20135135135135135,0.3567567567567568,0.1754560810810811,False
EURUSD1440_comma,daily,10,300,long_only,fast_slope,0.005,-0.014130085579647123,-1.534756726700816,-2.0651001955893116,-0.06196811951654498,-0.22802185526824814,134,0.27611940298507465,0.6305116724383361,-152.24473873008068,0.06756756756756757,0.1783783783783784,0.29864864864864865,0.2935810810810811,0.1753885135135135,False
EURUSD1440_comma,daily,100,500,long_only,fast_slope,0.0,-0.011085686662461458,-1.4467825004997572,-1.9181981607719785,-0.06566687129666537,-0.16881703732128928,76,0.25,0.4957050852942926,-215.35456039921488,0.10878378378378378,0.12905405405405404,0.42162162162162165,0.0983108108108108,0.17484797297297297,False
EURUSD1440_comma,daily,10,500,long_short,fast_slope,0.0025,-0.030962526118246014,-1.2464051855003433,-1.664911393717195,-0.07183200348699124,-0.43104082602754246,322,0.2888198757763975,0.6784000992698759,-119.91009441568018,0.2152027027027027,0.0625,0.05439189189189189,0.41385135135135137,0.17466216216216218,False
EURUSD1440_comma,daily,100,500,long_only,fast_slope,0.0025,-0.01064357409925687,-1.470150222413273,-1.9534253288733,-0.06609286907395398,-0.16103967414922393,75,0.25333333333333335,0.5072030682958909,-210.20602299931917,0.09864864864864865,0.11925675675675676,0.4445945945945946,0.10945945945945947,0.1746114864864865,False
EURUSD1440_comma,daily,60,250,long_only,slow_slope,0.0,-0.01737641020016978,-1.260276897867592,-1.6587815503046786,-0.06059892625394021,-0.28674452295332453,53,0.20754716981132076,0.32772286612148527,-462.27922206688726,0.20608108108108109,0.19695945945945945,0.20202702702702702,0.016891891891891893,0.17461148648648647,False
EURUSD1440_comma,daily,20,400,long_only,combined,0.0,-0.011772942221812244,-1.673186980442259,-2.2280309888367014,-0.060080543711104065,-0.19595265779254878,118,0.2542372881355932,0.6012490239907764,-146.55905741841642,0.025675675675675677,0.20304054054054055,0.39087837837837835,0.23310810810810811,0.1741722972972973,False
EURUSD1440_comma,daily,20,250,long_only,fast_slope,0.0,-0.015844547770702766,-1.4249912829779845,-1.8603443057125257,-0.0614733994346057,-0.2577464060297806,130,0.2846153846153846,0.5803628390884072,-171.58870292619457,0.11993243243243243,0.18445945945945946,0.2472972972972973,0.20101351351351351,0.1736993243243243,False
EURUSD1440_comma,daily,30,200,long_only,slow_slope,0.005,-0.016290602926991915,-1.2411936366828038,-1.616618508298118,-0.06574175697948721,-0.24779689006600358,44,0.20454545454545456,0.4076216157925958,-526.1824264314357,0.21993243243243243,0.12702702702702703,0.23547297297297298,0.0445945945945946,0.1735135135135135,False
EURUSD1440_comma,daily,75,400,long_only,combined,0.005,-0.010432277289838754,-1.5746768875277766,-2.097568646460197,-0.06093341525484739,-0.1712078216231092,57,0.2631578947368421,0.4869094431763739,-271.5184519132748,0.05202702702702703,0.19222972972972974,0.45506756756756755,0.09054054054054055,0.17346283783783784,False
EURUSD1440_comma,daily,60,200,long_only,fast_slope,0.0025,-0.014462854872065889,-1.3735330609888101,-1.7778060207807125,-0.06425846768595068,-0.22507313655143402,70,0.32857142857142857,0.520542953457626,-297.57829127967034,0.14932432432432433,0.14695945945945946,0.2902027027027027,0.12162162162162163,0.17275337837837837,False
EURUSD1440_comma,daily,5,100,long_only,fast_slope,0.0,-0.020620815772942502,-1.4407598711529481,-2.007020801020413,-0.06426501587846331,-0.32087155804863055,262,0.3053435114503817,0.6821269901508747,-108.39656605570993,0.11114864864864865,0.14662162162162162,0.14054054054054055,0.4233108108108108,0.1727195945945946,False
EURUSD1440_comma,daily,10,300,long_short,combined,0.0,-0.02938982452604988,-1.2454740011288323,-1.6625415819150915,-0.07348596987567642,-0.39993790074175506,316,0.30063291139240506,0.6740045312650359,-117.63804647097231,0.21587837837837837,0.05067567567567568,0.06351351351351352,0.40033783783783783,0.17177364864864866,False
EURUSD1440_comma,daily,20,250,long_only,fast_slope,0.001,-0.01600500523052195,-1.4358695203311478,-1.8729705549975004,-0.06083857850095002,-0.263073293704126,129,0.29457364341085274,0.5718498594207383,-176.6940129471582,0.11351351351351352,0.19425675675675674,0.24391891891891893,0.18885135135135134,0.17108108108108105,False
EURUSD1440_comma,daily,60,300,long_only,combined,0.005,-0.011580787425225836,-1.5099282658075022,-2.0127782301002677,-0.06311618929228217,-0.18348362844906307,68,0.2647058823529412,0.5362321962378104,-250.5257486418276,0.07432432432432433,0.16047297297297297,0.4,0.13918918918918918,0.17072635135135136,False
EURUSD1440_comma,daily,5,50,long_only,fast_slope,0.001,-0.02176579458679484,-1.418818312462488,-1.976774948806816,-0.06435067589062299,-0.33823723349526613,262,0.31297709923664124,0.6731653441449396,-113.474258641255,0.12398648648648648,0.1462837837837838,0.12398648648648648,0.39763513513513515,0.17060810810810811,False
EURUSD1440_comma,daily,60,250,long_only,slow_slope,0.0025,-0.016703729816073487,-1.2781900695641137,-1.6838514448017907,-0.061990192752208476,-0.2694576202213599,48,0.22916666666666666,0.365617709013814,-493.08014642622766,0.19527027027027027,0.17804054054054055,0.21993243243243243,0.025,0.17035472972972973,False
EURUSD1440_comma,daily,30,75,long_only,fast_slope,0.001,-0.019605048712126205,-1.3905115519061777,-1.8681707813580541,-0.05744694261384959,-0.34127227351172773,107,0.2523364485981308,0.5444447588796191,-249.4291892356677,0.14054054054054055,0.24121621621621622,0.15608108108108107,0.1472972972972973,0.1698310810810811,False
EURUSD1440_comma,daily,75,250,long_only,slow_slope,0.001,-0.01767048979365704,-1.2809018012348232,-1.6826733244136045,-0.0600325036606697,-0.29434870638643484,50,0.22,0.31804382809308557,-497.2452232024449,0.19358108108108107,0.20405405405405405,0.19527027027027027,0.015202702702702704,0.1697804054054054,False
EURUSD1440_comma,daily,5,100,long_only,combined,0.0,-0.017385368613250685,-1.5581109315170885,-2.173235560655374,-0.060727023279930875,-0.28628718607052517,231,0.3203463203463203,0.6662427801472534,-106.11183493117161,0.05777027027027027,0.1956081081081081,0.20168918918918918,0.38175675675675674,0.1696114864864865,False
EURUSD1440_comma,daily,20,75,long_short,fast_slope,0.0025,-0.034865319774876835,-1.1787192537820934,-1.547404883418519,-0.07462209107434213,-0.46722517786512197,279,0.26881720430107525,0.6270808220628779,-150.3002591354756,0.27263513513513515,0.042905405405405404,0.034797297297297296,0.2831081081081081,0.1692060810810811,False
EURUSD1440_comma,daily,20,75,long_short,fast_slope,0.005,-0.03114975694731592,-1.1983501267421208,-1.574583354636485,-0.0734963835812674,-0.42382707052344415,229,0.27510917030567683,0.6319382693632817,-167.23562431339184,0.25472972972972974,0.04966216216216216,0.05202702702702703,0.2962837837837838,0.1691554054054054,False
EURUSD1440_comma,daily,10,250,long_short,fast_slope,0.0025,-0.033926140696070806,-1.2237210726357828,-1.6167641716208783,-0.07684625121278027,-0.44148075098852135,345,0.2985507246376812,0.6716723687163896,-120.42376569100286,0.23209459459459458,0.03581081081081081,0.03986486486486487,0.3945945945945946,0.1689527027027027,False
EURUSD1440_comma,daily,10,100,long_short,combined,0.0,-0.0347998665318896,-1.2241519569495918,-1.6355469585883338,-0.07768420801859154,-0.4479657760501494,370,0.3108108108108108,0.6765809773007159,-114.43748943386018,0.23175675675675675,0.030743243243243245,0.03547297297297297,0.40912162162162163,0.16885135135135135,False
EURUSD1440_comma,daily,50,200,long_only,slow_slope,0.005,-0.016304028954391203,-1.2529627712773823,-1.6134984283950147,-0.06575226627592326,-0.24796147536531843,44,0.22727272727272727,0.40609653447375943,-526.5645780105725,0.20945945945945946,0.1266891891891892,0.23445945945945945,0.04256756756756757,0.16873310810810813,False
EURUSD1440_comma,daily,50,400,long_only,combined,0.0025,-0.010743798854412456,-1.6089251432236602,-2.165178043758497,-0.06266162534555833,-0.17145739190715092,71,0.23943661971830985,0.5386104782477289,-223.97411452231702,0.0445945945945946,0.16689189189189188,0.43885135135135134,0.14222972972972972,0.16866554054054056,False
EURUSD1440_comma,daily,20,300,long_short,combined,0.001,-0.027721537477580216,-1.1962593303777096,-1.5627029689350453,-0.07238570663933681,-0.38296977075465066,257,0.28793774319066145,0.6057913922368883,-136.55870884394258,0.2570945945945946,0.05878378378378379,0.07364864864864865,0.2418918918918919,0.16854729729729728,False
EURUSD1440_comma,daily,20,250,long_short,combined,0.005,-0.028253346743111862,-1.198255879402572,-1.5702501965170679,-0.07293051344178376,-0.387400902719064,260,0.2653846153846154,0.6129457407718499,-139.00462946818223,0.25506756756756754,0.05472972972972973,0.07094594594594594,0.2570945945945946,0.16846283783783783,False
EURUSD1440_comma,daily,10,500,long_short,fast_slope,0.005,-0.030881139738127783,-1.272500844445746,-1.688543518668562,-0.07177083839164371,-0.43027419534398637,310,0.29354838709677417,0.6776522647504841,-125.03222422560155,0.19864864864864865,0.06283783783783783,0.05506756756756757,0.41216216216216217,0.16800675675675678,False
EURUSD1440_comma,daily,20,200,long_short,fast_slope,0.005,-0.03248803677414358,-1.171873006270149,-1.50734411931526,-0.07430523034218307,-0.437224090747487,264,0.2803030303030303,0.6030400756499527,-152.83923592754897,0.2797297297297297,0.04493243243243243,0.04594594594594595,0.2375,0.16793918918918918,False
EURUSD1440_comma,daily,5,150,long_only,combined,0.0025,-0.017170976030910445,-1.6137195552963914,-2.2028634079227225,-0.05782730958934306,-0.2969354125732121,211,0.2985781990521327,0.6495766335762024,-114.91623996887093,0.04256756756756757,0.23445945945945945,0.20844594594594595,0.33513513513513515,0.16760135135135135,False
EURUSD1440_comma,daily,10,75,long_short,combined,0.0025,-0.03345671399546024,-1.235658753959035,-1.6627314441134489,-0.07878899293720663,-0.4246369035599252,345,0.3159420289855073,0.6818920152903278,-119.86569195234357,0.22263513513513514,0.025675675675675677,0.04222972972972973,0.422972972972973,0.16736486486486488,False
EURUSD1440_comma,daily,100,300,long_only,fast_slope,0.005,-0.011964897250539952,-1.428241297969091,-1.8896650060774702,-0.06458933685399088,-0.18524570514770133,60,0.23333333333333334,0.4303165741358165,-292.51942785699043,0.11756756756756757,0.14290540540540542,0.38074324324324327,0.05641891891891892,0.16736486486486488,False
EURUSD1440_comma,daily,10,300,long_only,fast_slope,0.001,-0.014694449218390582,-1.4972085855298474,-2.0215476080613417,-0.06592670552966563,-0.22289069505798964,146,0.3150684931506849,0.6420603152342166,-144.71397255700563,0.08074324324324324,0.12331081081081081,0.2831081081081081,0.31722972972972974,0.16733108108108108,False
EURUSD1440_comma,daily,10,500,long_short,fast_slope,0.0,-0.03304398082752125,-1.2487330484641732,-1.6552637616058625,-0.0732466856514058,-0.4511327786868544,335,0.2955223880597015,0.6742881674226961,-121.13015122364303,0.2125,0.052364864864864864,0.044256756756756756,0.40168918918918917,0.16719594594594595,False
EURUSD1440_comma,daily,5,75,long_only,combined,0.0,-0.018806413554324997,-1.538489539523157,-2.1809560542022894,-0.06068200381508721,-0.3099174775380309,247,0.2874493927125506,0.6661112059436364,-106.24809024688116,0.06655405405405405,0.19628378378378378,0.17229729729729729,0.38006756756756754,0.16716216216216218,False
EURUSD1440_comma,daily,10,300,long_only,combined,0.005,-0.013410364875731107,-1.6399551602799136,-2.229841045792241,-0.06127687011262367,-0.21884872466696748,126,0.2698412698412698,0.6205345067995299,-154.47596700485374,0.03547297297297297,0.18817567567567567,0.3256756756756757,0.2685810810810811,0.1666554054054054,False
EURUSD1440_comma,daily,100,500,long_only,fast_slope,0.001,-0.011208430217792498,-1.4671563454881131,-1.9512860862387185,-0.06677069098156876,-0.16786452338626312,76,0.23684210526315788,0.5006079846467989,-217.5424178720457,0.1,0.1125,0.4141891891891892,0.10236486486486486,0.16631756756756758,False
EURUSD1440_comma,daily,20,150,long_only,fast_slope,0.0,-0.020677726820094056,-1.3978458300602814,-1.8147952130654248,-0.05815698639967063,-0.35555017720469717,142,0.2676056338028169,0.5659324420660201,-196.50244153810442,0.13614864864864865,0.22837837837837838,0.13952702702702702,0.17871621621621622,0.1662668918918919,False
EURUSD1440_comma,daily,20,75,long_only,fast_slope,0.0025,-0.01939104062257546,-1.4392028679940145,-1.9102715329907363,-0.057406092911138705,-0.3377871518375526,132,0.24242424242424243,0.5749564314840907,-200.15589629771313,0.11216216216216217,0.2418918918918919,0.16013513513513514,0.1918918918918919,0.16614864864864867,False
EURUSD1440_comma,daily,10,300,long_only,combined,0.001,-0.013677338173920472,-1.629445063342526,-2.2239672544972193,-0.06182216733885109,-0.22123679519280104,133,0.2857142857142857,0.6262870606152191,-148.96749466213078,0.03918918918918919,0.17972972972972973,0.31554054054054054,0.2814189189189189,0.16592905405405406,False
EURUSD1440_comma,daily,20,500,long_short,fast_slope,0.0025,-0.029618137551814416,-1.2261638421166838,-1.5900305655755553,-0.0670971807975022,-0.44142149043789636,251,0.29880478087649404,0.600295814758331,-149.97837186652922,0.22939189189189188,0.10777027027027027,0.062162162162162166,0.23141891891891891,0.1658445945945946,False
EURUSD1440_comma,daily,5,100,long_only,fast_slope,0.005,-0.01768722021043978,-1.5328498679126015,-2.1700307960508827,-0.06247474278869107,-0.2831099324452353,218,0.2981651376146789,0.6661211550001193,-114.14117511882085,0.0679054054054054,0.16993243243243245,0.19493243243243244,0.38074324324324327,0.16574324324324324,False
EURUSD1440_comma,daily,10,100,long_short,combined,0.001,-0.034810320460968325,-1.2326336469200827,-1.642740778113166,-0.07769092036933029,-0.44806163056745363,362,0.30939226519337015,0.6744221567080056,-117.14988092608624,0.22466216216216217,0.030405405405405407,0.03513513513513514,0.4027027027027027,0.16489864864864867,False
EURUSD1440_comma,daily,100,200,long_only,combined,0.0,-0.015114983865864628,-1.381470689467814,-1.7835028951225356,-0.062204667756041214,-0.24298793661504103,71,0.23943661971830985,0.44570190833775136,-305.1582599587888,0.14425675675675675,0.17263513513513515,0.2706081081081081,0.06452702702702702,0.16466216216216217,False
EURUSD1440_comma,daily,20,50,long_short,combined,0.005,-0.031795159985780974,-1.2250270686124407,-1.6216502738951297,-0.06692300254547394,-0.4751006197633807,227,0.27312775330396477,0.6000288950964814,-174.03484319371654,0.23074324324324325,0.1097972972972973,0.04966216216216216,0.23108108108108108,0.16434121621621622,False
EURUSD1440_comma,daily,20,50,long_only,combined,0.001,-0.020325315297146207,-1.4427677330400743,-1.9594762996719928,-0.05709615727191348,-0.3559839447749412,151,0.24503311258278146,0.5760074167919836,-186.9409286940077,0.11047297297297297,0.2489864864864865,0.14425675675675675,0.1929054054054054,0.16422297297297297,False
EURUSD1440_comma,daily,60,250,long_only,slow_slope,0.001,-0.017927918941811782,-1.2853048923810242,-1.6923490444091884,-0.06134685850817924,-0.2922385820199985,51,0.19607843137254902,0.3473522763747664,-493.6733889250899,0.1912162162162162,0.18614864864864866,0.1891891891891892,0.02027027027027027,0.16390202702702703,False
EURUSD1440_comma,daily,30,200,long_only,slow_slope,0.0025,-0.01749868130879828,-1.237288825821964,-1.6143839592610343,-0.06636577815381921,-0.2636702498724679,49,0.22448979591836735,0.39482533297885547,-503.08741972510353,0.22162162162162163,0.11655405405405406,0.20067567567567568,0.037162162162162164,0.16349662162162165,False
EURUSD1440_comma,daily,60,400,long_only,fast_slope,0.0025,-0.013123565962590789,-1.4961427634246176,-1.9831461427156076,-0.06282035167101165,-0.20890627978841192,77,0.2857142857142857,0.5464788370352716,-247.893350729181,0.08108108108108109,0.16486486486486487,0.33614864864864863,0.15033783783783783,0.16342905405405403,False
EURUSD1440_comma,daily,10,75,long_short,fast_slope,0.005,-0.03359592855212301,-1.230349219343232,-1.6510088464442214,-0.07717164273036703,-0.43534033180432763,311,0.2990353697749196,0.6650318697836433,-132.9847252267858,0.22533783783783784,0.033783783783783786,0.04087837837837838,0.377027027027027,0.1633108108108108,False
EURUSD1440_comma,daily,20,150,long_short,fast_slope,0.005,-0.03433177135425913,-1.1992325423339292,-1.551913694394272,-0.07148836730089347,-0.48024276746672945,258,0.2751937984496124,0.6111648478323729,-162.73077121099408,0.25405405405405407,0.06418918918918919,0.03783783783783784,0.252027027027027,0.16304054054054054,False
EURUSD1440_comma,daily,5,75,long_only,fast_slope,0.0025,-0.02026334065952995,-1.4894820264104942,-2.117567801510788,-0.06294389726333288,-0.3219270102509856,249,0.2891566265060241,0.6704565554466255,-112.36841342626026,0.08581081081081081,0.16283783783783784,0.14527027027027026,0.39222972972972975,0.1629222972972973,False
EURUSD1440_comma,daily,60,200,long_only,slow_slope,0.005,-0.016343134514780755,-1.2703874537542166,-1.6369217870817756,-0.06567372056531313,-0.24885348925111306,40,0.225,0.37817179015247826,-580.4449331925557,0.2,0.1287162162162162,0.23209459459459458,0.028716216216216218,0.1629054054054054,False
EURUSD1440_comma,daily,60,300,long_only,combined,0.0025,-0.012083807079917519,-1.4994191066394083,-1.9978762528424323,-0.06540166805653126,-0.18476297989024737,76,0.23684210526315788,0.5469960480465451,-233.02781997504408,0.07939189189189189,0.1320945945945946,0.3766891891891892,0.15101351351351353,0.1627702702702703,False
EURUSD1440_comma,daily,50,400,long_only,combined,0.001,-0.01134179440679417,-1.5965825964496794,-2.1562559678012505,-0.0632026807440498,-0.17945116050891463,73,0.2465753424657534,0.5368162675970471,-228.9525617397401,0.0472972972972973,0.16013513513513514,0.41047297297297297,0.13986486486486485,0.16202702702702704,False
EURUSD1440_comma,daily,50,400,long_only,combined,0.005,-0.010983375923781846,-1.645771346885613,-2.2074158723093995,-0.06203984498744683,-0.1770374494972421,65,0.24615384615384617,0.5223516468233479,-249.66325982056335,0.033445945945945944,0.17736486486486486,0.4266891891891892,0.12567567567567567,0.1619087837837838,False
EURUSD1440_comma,daily,20,150,long_only,fast_slope,0.001,-0.020751927043848872,-1.4126054747326549,-1.8267815222288477,-0.057777607652484846,-0.3591690256312714,137,0.26277372262773724,0.557394385295566,-204.96093853993636,0.1260135135135135,0.23547297297297298,0.13783783783783785,0.1662162162162162,0.16177364864864865,False
EURUSD1440_comma,daily,40,250,long_only,fast_slope,0.005,-0.012681156856498843,-1.5091497543737895,-1.9983784751391391,-0.06135378001840968,-0.20668908831197952,77,0.2597402597402597,0.4913620385608511,-240.31510987655122,0.07601351351351351,0.1858108108108108,0.3527027027027027,0.09256756756756757,0.1612837837837838,False
EURUSD1440_comma,daily,20,300,long_short,combined,0.0025,-0.027966550706869042,-1.2065720904923023,-1.575509835614398,-0.07313929180832543,-0.3823738241841387,254,0.2874015748031496,0.6018508290488371,-139.29768547104683,0.24527027027027026,0.05337837837837838,0.0722972972972973,0.23412162162162162,0.16103040540540542,False
EURUSD1440_comma,daily,5,100,long_only,combined,0.001,-0.017817277768584994,-1.5861911271149536,-2.206643872787753,-0.060855435285561164,-0.29278038493978864,228,0.3157894736842105,0.6593890701868803,-109.83366287301766,0.05,0.1929054054054054,0.1912162162162162,0.3618243243243243,0.16074324324324324,False
EURUSD1440_comma,daily,20,250,long_only,combined,0.005,-0.014746346880989525,-1.5784482467357792,-2.1204942579324,-0.05737735734145795,-0.2570063795938292,125,0.256,0.5488135236792363,-169.5585629362804,0.051351351351351354,0.24324324324324326,0.28209459459459457,0.15236486486486486,0.16062500000000002,False
EURUSD1440_comma,daily,10,200,long_only,fast_slope,0.005,-0.01688732524503922,-1.506621858481624,-2.0137997888815296,-0.059176257347045735,-0.285373323730185,137,0.291970802919708,0.5946854553904484,-174.4236230715039,0.07668918918918918,0.21283783783783783,0.21655405405405406,0.22162162162162163,0.16043918918918917,False
EURUSD1440_comma,daily,30,500,long_only,fast_slope,0.0025,-0.01239573325453125,-1.5562350914276015,-2.1407419333931164,-0.06217007712318414,-0.19938423479787992,85,0.23529411764705882,0.5296589847064458,-215.59101130346457,0.058445945945945946,0.17398648648648649,0.36452702702702705,0.13243243243243244,0.15964527027027028,False
EURUSD1440_comma,daily,100,400,long_only,fast_slope,0.005,-0.012604944817729002,-1.4465438493047398,-1.918706561006267,-0.06486451295695887,-0.1943272868801631,67,0.2537313432835821,0.4459320951588769,-274.6767834537147,0.10912162162162162,0.13817567567567568,0.3560810810810811,0.06587837837837837,0.15929054054054056,False
EURUSD1440_comma,daily,10,250,long_short,fast_slope,0.005,-0.03420104370633059,-1.2435533372848366,-1.6407409849744237,-0.0767130947175338,-0.44583058253956065,335,0.30149253731343284,0.6629956794636808,-124.94624452235168,0.2179054054054054,0.03614864864864865,0.038175675675675674,0.36824324324324326,0.15907094594594595,False
EURUSD1440_comma,daily,5,400,long_only,slow_slope,0.001,-0.01574764638083348,-1.3929393822263856,-1.8511309713640167,-0.06008720047595836,-0.2620798815071158,52,0.15384615384615385,0.3326403228809359,-432.09871191122227,0.13952702702702702,0.20270270270270271,0.24966216216216217,0.01722972972972973,0.15900337837837836,False
EURUSD1440_comma,daily,5,150,long_only,fast_slope,0.0,-0.020345814139371532,-1.529440260033784,-2.1133329777173495,-0.061194528604542685,-0.3324776675845035,252,0.3134920634920635,0.6605380986585005,-111.41617623517263,0.06891891891891892,0.1891891891891892,0.14391891891891892,0.36452702702702705,0.15832770270270272,False
EURUSD1440_comma,daily,75,500,long_only,fast_slope,0.001,-0.011876560018934335,-1.4751600885695102,-1.9729295219004441,-0.06617990710575547,-0.17945869884579313,71,0.2676056338028169,0.49273545840821353,-245.53376877581206,0.09358108108108108,0.11790540540540541,0.3847972972972973,0.09527027027027027,0.1581587837837838,False
EURUSD1440_comma,daily,20,500,long_short,fast_slope,0.0,-0.03071306515346195,-1.2281894851069104,-1.5942823545588767,-0.06814560201806481,-0.4506976861884672,258,0.29069767441860467,0.5937277412282931,-151.52347519873362,0.22736486486486487,0.0918918918918919,0.05641891891891892,0.2195945945945946,0.15814189189189193,False
EURUSD1440_comma,daily,10,200,long_only,slow_slope,0.005,-0.01719884928077542,-1.2630629020497557,-1.6476882201201555,-0.06644202470253148,-0.2588549845941124,53,0.18867924528301888,0.40504478544638367,-458.1464978216102,0.20405405405405405,0.11452702702702702,0.20743243243243242,0.04222972972972973,0.1580743243243243,False
EURUSD1440_comma,daily,20,300,long_short,combined,0.0,-0.028705691945436373,-1.213603172729376,-1.5857829286256744,-0.07262913709283558,-0.395236582650629,266,0.2781954887218045,0.5988380053146376,-135.83063530831808,0.2391891891891892,0.05810810810810811,0.06756756756756757,0.22837837837837838,0.15797297297297297,False
EURUSD1440_comma,daily,10,400,long_only,fast_slope,0.005,-0.014615109453935626,-1.5740117137056502,-2.1229031453676064,-0.06295955308944082,-0.23213489830801837,136,0.27205882352941174,0.6113288688606819,-154.60552744215408,0.052702702702702706,0.1625,0.28716216216216217,0.25236486486486487,0.15699324324324324,False
EURUSD1440_comma,daily,50,250,long_only,fast_slope,0.005,-0.012672058012344278,-1.4848366713534902,-1.9881311441368295,-0.06559590161161455,-0.1931836852761627,76,0.3026315789473684,0.5198460442246713,-243.3186979868004,0.08851351351351351,0.1304054054054054,0.3530405405405405,0.12094594594594595,0.15675675675675674,False
EURUSD1440_comma,daily,75,200,long_only,combined,0.001,-0.015291483254979421,-1.401916551510148,-1.8069933511701648,-0.0649447316272873,-0.2354537908130261,75,0.22666666666666666,0.5037449322799897,-291.88010798096644,0.1331081081081081,0.13716216216216215,0.2662162162162162,0.10574324324324325,0.15663851351351354,False
EURUSD1440_comma,daily,20,150,long_only,combined,0.0025,-0.018386747851536156,-1.482929874223495,-1.9212606040522877,-0.05767674294009098,-0.31878963537581395,128,0.234375,0.5590323633581574,-201.36900677098427,0.08986486486486486,0.23783783783783785,0.17905405405405406,0.16858108108108108,0.15650337837837835,False
EURUSD1440_comma,daily,60,500,long_only,fast_slope,0.005,-0.011493011699410083,-1.5766547994414757,-2.108561296073712,-0.06541079296778399,-0.17570512721150777,62,0.2903225806451613,0.5421488097844762,-272.8636521497791,0.05168918918918919,0.13175675675675674,0.40506756756756757,0.14493243243243242,0.15636824324324325,False
EURUSD1440_comma,daily,20,50,long_short,combined,0.0,-0.03785467357701866,-1.2090787502413831,-1.6136251626499967,-0.07341854012198175,-0.515601011871453,330,0.2545454545454545,0.6233559652869348,-137.0162107694686,0.2418918918918919,0.05101351351351351,0.026351351351351353,0.27466216216216216,0.15597972972972973,False
EURUSD1440_comma,daily,20,150,long_only,fast_slope,0.005,-0.019279776849123964,-1.4670440133710485,-1.8938769453311532,-0.05749717331910388,-0.33531695101119185,119,0.2605042016806723,0.5493725000039578,-224.24964304345218,0.10033783783783784,0.23952702702702702,0.1608108108108108,0.15371621621621623,0.1552364864864865,False
EURUSD1440_comma,daily,75,400,long_only,combined,0.0025,-0.011546441774589855,-1.5994919762815518,-2.1282115793642244,-0.06206323019976353,-0.18604319719462248,61,0.26229508196721313,0.45954253820078567,-278.51668233690924,0.04695945945945946,0.17601351351351352,0.40304054054054056,0.07668918918918918,0.15489864864864863,False
EURUSD1440_comma,daily,10,100,long_short,fast_slope,0.0025,-0.03785763852657542,-1.2375191537897747,-1.6548889346217328,-0.08187313604658762,-0.4623938981039347,357,0.2969187675070028,0.6645866271906712,-126.63979788542808,0.22128378378378377,0.018581081081081082,0.025675675675675677,0.3766891891891892,0.1547972972972973,False
EURUSD1440_comma,daily,20,100,long_short,fast_slope,0.0025,-0.03585895267595074,-1.202679038931048,-1.580514315018519,-0.07521327294717069,-0.4767636252332462,277,0.26714801444043323,0.6104328090288281,-155.2319357986928,0.25033783783783786,0.04121621621621622,0.03277027027027027,0.25033783783783786,0.15454391891891894,False
EURUSD1440_comma,daily,10,200,long_only,fast_slope,0.0025,-0.017279737829396624,-1.475701026618987,-1.9851809916960423,-0.06310639530932169,-0.27381912316015566,146,0.3150684931506849,0.6028326149047735,-166.99739802623228,0.09324324324324325,0.1608108108108108,0.20472972972972972,0.23648648648648649,0.1539189189189189,False
EURUSD1440_comma,daily,100,300,long_only,combined,0.0025,-0.01210557470242657,-1.4959458358833848,-2.000693221195217,-0.06511309758076282,-0.18591612367099353,67,0.19402985074626866,0.467081854496073,-264.7638852631024,0.08175675675675675,0.13445945945945945,0.37567567567567567,0.0804054054054054,0.15351351351351353,False
EURUSD1440_comma,daily,60,500,long_only,fast_slope,0.001,-0.01200907682330521,-1.5205178360341998,-2.0274914786495075,-0.06641224941959109,-0.1808262320318671,67,0.26865671641791045,0.531465330905653,-265.83642182336206,0.07162162162162163,0.11486486486486487,0.37905405405405407,0.1341216216216216,0.15329391891891891,False
EURUSD1440_comma,daily,20,250,long_short,fast_slope,0.001,-0.03506040303028357,-1.1942770111855183,-1.527465668932118,-0.07570122563095422,-0.46314181491861317,280,0.2857142857142857,0.5928337823314064,-152.7350048762956,0.2587837837837838,0.03986486486486487,0.03412162162162162,0.2179054054054054,0.15298986486486488,False
EURUSD1440_comma,daily,5,50,long_only,fast_slope,0.0025,-0.021451828934706763,-1.467003513587941,-2.0499457173505924,-0.06443929694170056,-0.33289979799305747,244,0.30327868852459017,0.648523930608335,-120.35976613242525,0.10067567567567567,0.14527027027027026,0.12972972972972974,0.3341216216216216,0.15265202702702704,False
EURUSD1440_comma,daily,10,300,long_only,fast_slope,0.0,-0.015721233250083455,-1.5020847285025616,-2.01044033234947,-0.06648575879221137,-0.23646016132894243,148,0.2905405405405405,0.6277602651386989,-151.59302492750626,0.07736486486486487,0.11418918918918919,0.25135135135135134,0.28581081081081083,0.15263513513513513,False
EURUSD1440_comma,daily,100,300,long_only,slow_slope,0.005,-0.01645130951134377,-1.3832211735100233,-1.8139982546957056,-0.06076146244902955,-0.27075236257099866,32,0.1875,0.22419356314329747,-729.7833845707021,0.14324324324324325,0.19527027027027027,0.22736486486486487,0.004054054054054054,0.15219594594594596,False
EURUSD1440_comma,daily,40,200,long_only,slow_slope,0.005,-0.017508615369567604,-1.2690351971668339,-1.6384035549603155,-0.06667625488592234,-0.26259146377557385,44,0.22727272727272727,0.3550092604466547,-560.5340345600724,0.20135135135135135,0.11283783783783784,0.2,0.02195945945945946,0.15204391891891894,False
EURUSD1440_comma,daily,50,250,long_only,fast_slope,0.0025,-0.01369990911307406,-1.4649009035543579,-1.952402282632252,-0.06632874156696754,-0.20654559078649504,79,0.31645569620253167,0.521698004638484,-251.1657296146758,0.10135135135135136,0.11689189189189189,0.31486486486486487,0.12398648648648648,0.15133445945945947,False
EURUSD1440_comma,daily,10,250,long_short,combined,0.0,-0.03311730818726488,-1.2749302724474334,-1.692398510423426,-0.07755772614002188,-0.42700205170372396,344,0.30523255813953487,0.663326474920503,-119.25734551338965,0.1966216216216216,0.031081081081081083,0.04391891891891892,0.3722972972972973,0.1510472972972973,False
EURUSD1440_comma,daily,20,400,long_only,combined,0.001,-0.012804955633365811,-1.723286687377588,-2.282076144851695,-0.06117695197792842,-0.20931012774199043,115,0.25217391304347825,0.5654752518051398,-162.3299716090297,0.016891891891891893,0.18986486486486487,0.34864864864864864,0.17635135135135135,0.1504054054054054,False
EURUSD1440_comma,daily,10,50,long_short,combined,0.001,-0.03760558751751153,-1.2440436312146546,-1.6732801229155392,-0.07951018511512542,-0.47296566424868913,380,0.29210526315789476,0.6522765447650976,-118.23125665838974,0.21722972972972973,0.024324324324324326,0.027702702702702704,0.3422297297297297,0.14984797297297298,False
EURUSD1440_comma,daily,10,250,long_short,combined,0.001,-0.03333904456772263,-1.2810342906346082,-1.6989786546077497,-0.07744672626162064,-0.4304771315329835,342,0.29239766081871343,0.6606013241158011,-120.57897946753776,0.19324324324324324,0.03175675675675676,0.042905405405405404,0.36486486486486486,0.1485472972972973,False
EURUSD1440_comma,daily,20,100,long_short,fast_slope,0.001,-0.03856698560356853,-1.2090191318085348,-1.5812794751148322,-0.07448927385893425,-0.517752202506439,295,0.2677966101694915,0.6009534688315993,-154.1930279146491,0.24222972972972973,0.04391891891891892,0.024662162162162164,0.23209459459459458,0.14761824324324324,False
EURUSD1440_comma,daily,20,200,long_only,slow_slope,0.005,-0.01788549330293132,-1.281217379630019,-1.6653663881779863,-0.0669583659730003,-0.26711364656275083,49,0.20408163265306123,0.38394223071785977,-512.7653299987754,0.1929054054054054,0.10945945945945947,0.1902027027027027,0.031081081081081083,0.14722972972972972,False
EURUSD1440_comma,daily,20,100,long_only,combined,0.001,-0.01909340723110753,-1.5001076959970567,-1.980139676211824,-0.05712579576256939,-0.33423442030400785,140,0.2642857142857143,0.5349098946465352,-189.91721182078874,0.07837837837837838,0.2483108108108108,0.16486486486486487,0.13783783783783785,0.1470777027027027,False
EURUSD1440_comma,daily,10,400,long_only,fast_slope,0.0025,-0.015949285436296257,-1.5795050363753314,-2.1273740221186084,-0.06256430442450059,-0.2549262807763337,141,0.2907801418439716,0.6030135360618153,-161.15888181332127,0.05067567567567568,0.16756756756756758,0.2456081081081081,0.23716216216216215,0.14685810810810812,False
EURUSD1440_comma,daily,50,500,long_only,fast_slope,0.0,-0.013523726372500544,-1.5514781093881314,-2.0948752338517163,-0.06288841603499504,-0.2150432023120935,84,0.23809523809523808,0.5158637246226614,-235.81092873455395,0.06047297297297297,0.16317567567567567,0.3212837837837838,0.11722972972972973,0.14682432432432435,False
EURUSD1440_comma,daily,50,400,long_only,combined,0.0,-0.01219242054288927,-1.6211681816669246,-2.186728278324823,-0.06393592987383272,-0.19069747741135623,75,0.24,0.5170840916470204,-238.06731375023597,0.04054054054054054,0.15202702702702703,0.37263513513513513,0.11891891891891893,0.14658783783783785,False
EURUSD1440_comma,daily,40,250,long_only,combined,0.001,-0.014219525642747088,-1.5499317341669758,-2.1010601398438618,-0.06038546192794909,-0.2354792890334032,95,0.25263157894736843,0.4770466103429498,-215.96313736851567,0.06148648648648649,0.19898648648648648,0.29662162162162165,0.08479729729729729,0.14638513513513512,False
EURUSD1440_comma,daily,10,100,long_short,fast_slope,0.0,-0.041490048344467234,-1.243986846334254,-1.6564785115497125,-0.0837671294588508,-0.49530225772925074,382,0.3036649214659686,0.6517908348550948,-126.27961643978942,0.21756756756756757,0.01418918918918919,0.019256756756756758,0.34054054054054056,0.14550675675675676,False
EURUSD1440_comma,daily,60,500,long_only,fast_slope,0.0,-0.0126455182090901,-1.5248698418986826,-2.029238700678526,-0.06682053430215168,-0.1892459906397801,70,0.2571428571428571,0.5208963118937717,-266.5115364110672,0.06993243243243243,0.11182432432432432,0.35371621621621624,0.12263513513513513,0.14506756756756758,False
EURUSD1440_comma,daily,5,150,long_short,combined,0.001,-0.03666662650641073,-1.362116682166895,-1.8521699679397985,-0.07481450967407624,-0.49010047203605445,476,0.30462184873949577,0.6888772291428212,-94.2134284985447,0.15472972972972973,0.04222972972972973,0.03006756756756757,0.43885135135135134,0.14429054054054052,False
EURUSD1440_comma,daily,5,400,long_only,slow_slope,0.0025,-0.016578223790604918,-1.4317226219313326,-1.9022923113833727,-0.06026521037284428,-0.27508779423551344,48,0.16666666666666666,0.299957705060184,-489.8226576126938,0.11621621621621622,0.20101351351351351,0.22398648648648647,0.011824324324324325,0.14331081081081082,False
EURUSD1440_comma,daily,10,100,long_short,fast_slope,0.005,-0.03644958971449108,-1.2689355728055984,-1.6892801137811215,-0.08106395587896201,-0.44963990862862147,326,0.3067484662576687,0.6503022012648276,-134.73458633373713,0.20202702702702702,0.020945945945945947,0.031081081081081083,0.3375,0.14288851351351353,False
EURUSD1440_comma,daily,5,200,long_only,slow_slope,0.0025,-0.0188715293414653,-1.2772189707589772,-1.6720451962545886,-0.06768296138418069,-0.278822453325396,70,0.17142857142857143,0.3988220929099825,-376.0245437878669,0.1956081081081081,0.09898648648648649,0.16993243243243245,0.03885135135135135,0.14280405405405405,False
EURUSD1440_comma,daily,10,50,long_short,combined,0.005,-0.03433958365119394,-1.2739141802082496,-1.7065040849581892,-0.07907198529842259,-0.4342825530634423,318,0.29874213836477986,0.6471058149375982,-131.84377966447343,0.1972972972972973,0.025,0.0375,0.32972972972972975,0.14212837837837838,False
EURUSD1440_comma,daily,20,150,long_short,combined,0.0025,-0.03586714164282412,-1.2340878800402941,-1.5884441460275147,-0.07330296361594996,-0.4893000210842745,273,0.2564102564102564,0.5909119175558307,-159.5397227083195,0.22398648648648647,0.05202702702702703,0.032432432432432434,0.21587837837837837,0.1414695945945946,False
EURUSD1440_comma,daily,50,200,long_only,fast_slope,0.0025,-0.016340379258501514,-1.4532148646794947,-1.9118440426446814,-0.06483126661278805,-0.2520447326148392,83,0.2891566265060241,0.5076873272927445,-279.69095187285455,0.10675675675675676,0.13952702702702702,0.23243243243243245,0.11013513513513513,0.14059121621621623,False
EURUSD1440_comma,daily,10,500,long_only,fast_slope,0.001,-0.015633754102658104,-1.6009685387769748,-2.1628391099214697,-0.06483371506623217,-0.24113617562540002,150,0.3,0.604763333990938,-146.9286256059737,0.04628378378378378,0.13918918918918918,0.25472972972972974,0.23986486486486486,0.14023648648648648,False
EURUSD1440_comma,daily,20,200,long_short,fast_slope,0.0025,-0.036417097991102376,-1.209902487554878,-1.5462675135268151,-0.0780108810692361,-0.46682074977183674,276,0.27898550724637683,0.5813085144806174,-159.62147400753616,0.24054054054054055,0.028716216216216218,0.03141891891891892,0.20270270270270271,0.1400844594594595,False
EURUSD1440_comma,daily,10,400,long_only,fast_slope,0.0,-0.01658015263932633,-1.5601367359166511,-2.0895543297125307,-0.06484662007984777,-0.25568260333245807,149,0.2751677852348993,0.610727027779366,-157.81136146333117,0.057094594594594594,0.13851351351351351,0.22364864864864864,0.25101351351351353,0.13984797297297297,False
EURUSD1440_comma,daily,20,250,long_short,fast_slope,0.0,-0.036714691830019186,-1.2162676777979864,-1.5581437127947677,-0.07783943898345909,-0.4716721023364656,286,0.2867132867132867,0.5854487635116858,-154.23386438178707,0.23851351351351352,0.029054054054054056,0.02972972972972973,0.20743243243243242,0.13972972972972972,False
EURUSD1440_comma,daily,20,50,long_only,combined,0.0,-0.022448027069131293,-1.4694540624587293,-1.9933103620071484,-0.05949125566781271,-0.37733322010341475,162,0.2345679012345679,0.5535895484154306,-189.39032103754093,0.09966216216216216,0.21081081081081082,0.11452702702702702,0.15945945945945947,0.13939189189189188,False
EURUSD1440_comma,daily,5,400,long_only,slow_slope,0.0,-0.016444611141653742,-1.402422907049923,-1.858223388979581,-0.06348403090389468,-0.2590353968945107,51,0.1568627450980392,0.3023182545079537,-457.7391883110932,0.13243243243243244,0.15608108108108107,0.2277027027027027,0.012162162162162163,0.13935810810810811,False
EURUSD1440_comma,daily,20,500,long_short,fast_slope,0.001,-0.03226793069834366,-1.2677195208701388,-1.643756723368777,-0.06998481210809727,-0.46107047695581715,255,0.2901960784313726,0.5795333377760208,-157.7051873024011,0.20236486486486485,0.07432432432432433,0.046621621621621624,0.20033783783783785,0.13890202702702703,False
EURUSD1440_comma,daily,20,100,long_short,fast_slope,0.0,-0.041078114649087616,-1.2246973522604025,-1.5933493466402886,-0.07772931921155973,-0.5284764496300718,307,0.2671009771986971,0.5991033644422404,-154.9331301887162,0.23141891891891891,0.03006756756756757,0.02060810810810811,0.2287162162162162,0.13851351351351351,False
EURUSD1440_comma,daily,10,250,long_only,fast_slope,0.0,-0.017270687051454514,-1.5198363691189527,-2.040023093441673,-0.06482019934152022,-0.2664398941518199,150,0.30666666666666664,0.5965129643045732,-162.46968798165938,0.07195945945945946,0.13986486486486485,0.20506756756756755,0.22466216216216217,0.13846283783783783,False
EURUSD1440_comma,daily,5,200,long_only,slow_slope,0.001,-0.019426094848991715,-1.279533780863123,-1.6736148984152746,-0.06808280533173032,-0.2853304113180849,73,0.1780821917808219,0.39149029551524306,-369.67939965196507,0.19425675675675674,0.09358108108108108,0.15878378378378377,0.03513513513513514,0.138125,False
EURUSD1440_comma,daily,10,300,long_only,combined,0.0,-0.015120755311308853,-1.646038782199816,-2.217017273320115,-0.06473388762193062,-0.23358330337920608,135,0.2740740740740741,0.6039851355027748,-160.54515528521915,0.03310810810810811,0.14020270270270271,0.2699324324324324,0.23885135135135135,0.13810810810810814,False
EURUSD1440_comma,daily,75,100,long_only,combined,0.0025,-0.01797063098299645,-1.5097529956108802,-1.9646179414984102,-0.05634796545521249,-0.3189224462288739,63,0.23809523809523808,0.37950080421276594,-400.4682614123178,0.07466216216216216,0.2631756756756757,0.18817567567567567,0.029391891891891894,0.1377027027027027,False
EURUSD1440_comma,daily,10,100,long_short,fast_slope,0.001,-0.04228604764967947,-1.2696134085272444,-1.6860653876319873,-0.0844499410084823,-0.5007232349094499,375,0.2986666666666667,0.6481299547662666,-130.7483253537914,0.20101351351351351,0.013175675675675676,0.01756756756756757,0.3327702702702703,0.1371283783783784,False
EURUSD1440_comma,daily,75,100,long_only,price_slow,0.0025,-0.01899635883218387,-1.4937322815582934,-1.9400762580712654,-0.056842916246596306,-0.33419043368172285,61,0.26229508196721313,0.40667148140830717,-433.9651066472797,0.08378378378378379,0.25405405405405407,0.16756756756756758,0.04358108108108108,0.1370777027027027,False
EURUSD1440_comma,daily,5,50,long_only,combined,0.005,-0.01856175965902762,-1.57060420652472,-2.169968244842117,-0.06409990872096716,-0.28957544604047225,202,0.31683168316831684,0.6232172686983292,-128.45476740956883,0.05439189189189189,0.15067567567567566,0.1766891891891892,0.2743243243243243,0.13591216216216215,False
EURUSD1440_comma,daily,5,150,long_short,fast_slope,0.001,-0.04144516198547854,-1.378082419851289,-1.8829633556183731,-0.07832019589615162,-0.529175923416134,530,0.3132075471698113,0.6886395060386123,-92.56425522727456,0.1462837837837838,0.027702702702702704,0.019932432432432434,0.43783783783783786,0.13510135135135137,False
EURUSD1440_comma,daily,10,250,long_short,combined,0.0025,-0.03469813584416803,-1.314642549201175,-1.7380940864659435,-0.0777631865596036,-0.44620259764654513,339,0.2861356932153392,0.6469208315142457,-125.64333824255837,0.17635135135135135,0.02972972972972973,0.03648648648648649,0.3293918918918919,0.13467905405405406,False
EURUSD1440_comma,daily,40,500,long_only,fast_slope,0.005,-0.012153377469910187,-1.6637183652477276,-2.251078290861405,-0.06565550775512033,-0.18510827020391707,75,0.24,0.5029164255553878,-237.95408776207105,0.028716216216216218,0.1293918918918919,0.37364864864864866,0.1043918918918919,0.13422297297297298,False
EURUSD1440_comma,daily,5,50,long_only,fast_slope,0.0,-0.02519271697668124,-1.4613018369650301,-2.024477013119499,-0.06811591261980787,-0.36985068551155675,282,0.31560283687943264,0.6525870425040907,-119.05975898104035,0.10304054054054054,0.0929054054054054,0.0902027027027027,0.3439189189189189,0.13407094594594593,False
EURUSD1440_comma,daily,5,100,long_only,fast_slope,0.001,-0.022356331243170713,-1.5139483512295109,-2.094650081205392,-0.06614443527852469,-0.3379926240058052,257,0.29571984435797666,0.652034229167428,-118.31637608348632,0.07331081081081081,0.11858108108108108,0.11722972972972973,0.34155405405405403,0.13364864864864864,False
EURUSD1440_comma,daily,5,75,long_short,combined,0.0025,-0.03776653143312214,-1.384238246552646,-1.9065169813801301,-0.0768474629953331,-0.49144799269971584,479,0.29018789144050106,0.6776889018309172,-95.75805483163856,0.14290540540540542,0.03547297297297297,0.02702702702702703,0.4125,0.1333108108108108,False
EURUSD1440_comma,daily,10,200,long_only,slow_slope,0.0,-0.02021659040380963,-1.2791120394204134,-1.6659056337148326,-0.0686443854828799,-0.29451192929466463,71,0.16901408450704225,0.38659255014838123,-393.304443549445,0.1945945945945946,0.08513513513513514,0.1462837837837838,0.03277027027027027,0.13329391891891895,False
EURUSD1440_comma,daily,20,200,long_short,combined,0.005,-0.03326483797718893,-1.25183985623027,-1.6145933891862327,-0.07666399668658272,-0.43390430208305,262,0.2748091603053435,0.5853790624434289,-157.1470639903436,0.21081081081081082,0.03648648648648649,0.04358108108108108,0.20675675675675675,0.13317567567567568,False
EURUSD1440_comma,daily,20,400,long_short,combined,0.005,-0.028480259122828477,-1.2944525118260974,-1.669943302737251,-0.07143792829151434,-0.39867140332807594,232,0.27586206896551724,0.5706662003181141,-154.8222909939886,0.18682432432432433,0.0652027027027027,0.06891891891891892,0.18682432432432433,0.13283783783783784,False
EURUSD1440_comma,daily,10,75,long_short,combined,0.005,-0.034781734523895325,-1.3157113236943507,-1.767825099909748,-0.07956408385479884,-0.43715371105599043,307,0.28338762214983715,0.6440875970159103,-138.4723307705357,0.17601351351351352,0.023986486486486488,0.03581081081081081,0.3206081081081081,0.1316554054054054,False
EURUSD1440_comma,daily,30,400,long_only,combined,0.005,-0.011248124568037032,-1.735426706337232,-2.338949962108716,-0.0676001171394601,-0.1663920869372456,73,0.2328767123287671,0.5138301267118974,-227.21822178441295,0.016216216216216217,0.10067567567567567,0.41283783783783784,0.11452702702702702,0.13140202702702702,False
EURUSD1440_comma,daily,10,200,long_short,combined,0.005,-0.03530031849881554,-1.3338708126700378,-1.7649640655558625,-0.07659422035502454,-0.46087444111571085,328,0.29878048780487804,0.6437373655710751,-131.32475192293407,0.16858108108108108,0.037162162162162164,0.033445945945945944,0.3195945945945946,0.13135135135135137,False
EURUSD1440_comma,daily,20,200,long_short,fast_slope,0.0,-0.03922921304944027,-1.2296846453591792,-1.5662426348606973,-0.07801716748924634,-0.5028279584086094,290,0.2827586206896552,0.5750417253391144,-160.33927965498742,0.22567567567567567,0.02837837837837838,0.0222972972972973,0.19222972972972974,0.1306587837837838,False
EURUSD1440_comma,daily,20,150,long_short,fast_slope,0.0025,-0.039788401901118986,-1.2470252299174942,-1.6041380116082218,-0.07610984849018161,-0.5227759966734371,280,0.275,0.5840836516025015,-166.91808182268167,0.2141891891891892,0.038175675675675674,0.02195945945945946,0.20574324324324325,0.130472972972973,False
EURUSD1440_comma,daily,50,250,long_only,fast_slope,0.001,-0.015051462509935942,-1.4825076861049042,-1.9729152892241204,-0.06771433104021954,-0.22227883342738763,84,0.2857142857142857,0.49913671018335176,-256.9665931521824,0.0902027027027027,0.09864864864864865,0.27297297297297296,0.10033783783783784,0.13038851351351352,False
EURUSD1440_comma,daily,50,200,long_only,fast_slope,0.005,-0.01607146043121188,-1.4857898582922306,-1.9401979114428587,-0.0655695052495761,-0.24510571446344387,78,0.2948717948717949,0.4909512370061461,-293.29597276165003,0.0875,0.13074324324324324,0.24256756756756756,0.0918918918918919,0.12998310810810812,False
EURUSD1440_comma,daily,5,100,long_only,fast_slope,0.0025,-0.021562437366010268,-1.5503191039678428,-2.141817955095866,-0.06582558786307137,-0.3275692335762177,244,0.2827868852459016,0.64445458984584,-120.88393334055344,0.06114864864864865,0.125,0.12837837837837837,0.32263513513513514,0.12978040540540542,False
EURUSD1440_comma,daily,5,75,long_short,combined,0.005,-0.03654253134793217,-1.4086109815884456,-1.934921661347545,-0.07593013890771254,-0.4812651718225738,436,0.30275229357798167,0.6786570790150259,-102.98259645219926,0.1287162162162162,0.03918918918918919,0.030405405405405407,0.4152027027027027,0.12964527027027029,False
EURUSD1440_comma,daily,20,400,long_short,combined,0.0025,-0.02909676504000569,-1.302842692862051,-1.6795612883098898,-0.07188638969574183,-0.4047604165845211,238,0.2815126050420168,0.5698704140321641,-153.6701436569182,0.1837837837837838,0.062162162162162166,0.06418918918918919,0.18445945945945946,0.12956081081081083,False
EURUSD1440_comma,daily,10,250,long_only,fast_slope,0.001,-0.017881632526119184,-1.5412634721195588,-2.0644204810791624,-0.06489764645181605,-0.2755359169980932,148,0.2905405405405405,0.5806253029958014,-169.73501252408755,0.06554054054054054,0.1375,0.19054054054054054,0.20135135135135135,0.12890202702702702,False
EURUSD1440_comma,daily,10,400,long_short,combined,0.005,-0.0317331905863556,-1.374258273676768,-1.8117916846033264,-0.07448783694556878,-0.4260184197528021,284,0.2887323943661972,0.6441148986600811,-140.2492221837327,0.1489864864864865,0.044256756756756756,0.05033783783783784,0.32094594594594594,0.12886824324324325,False
EURUSD1440_comma,daily,20,200,long_short,fast_slope,0.001,-0.038865142830868726,-1.2356449552849436,-1.5783732929831582,-0.07852435310578926,-0.4949438141630914,285,0.2771929824561403,0.5716180442392803,-161.4738097710322,0.22297297297297297,0.026013513513513515,0.022972972972972974,0.18817567567567567,0.1285135135135135,False
EURUSD1440_comma,daily,60,500,long_only,fast_slope,0.0025,-0.013094116009646717,-1.585347355073059,-2.107021819997246,-0.06778700270173971,-0.1931655846661393,66,0.2727272727272727,0.505247016963774,-288.6222185642435,0.05033783783783784,0.09763513513513514,0.3375,0.1070945945945946,0.12810810810810813,False
EURUSD1440_comma,daily,30,400,long_only,combined,0.0025,-0.012145735967001747,-1.7172411496134081,-2.3228269520724325,-0.06714020763739297,-0.18090107842081382,79,0.21518987341772153,0.5206629454589579,-225.22508622112932,0.01756756756756757,0.10641891891891891,0.37398648648648647,0.12195945945945946,0.12672297297297297,False
EURUSD1440_comma,daily,60,250,long_only,combined,0.005,-0.014701187840379992,-1.618578611971518,-2.1380924979338904,-0.06216875974237032,-0.2364722716248847,79,0.25316455696202533,0.4451873732255037,-267.55554508946597,0.04155405405405405,0.17432432432432432,0.2827702702702703,0.06385135135135135,0.12633445945945945,False
EURUSD1440_comma,daily,20,75,long_only,fast_slope,0.005,-0.019408877512824496,-1.5473580646374776,-2.0280718613848636,-0.06129430802999439,-0.3166505689782281,105,0.26666666666666666,0.5403734066432998,-251.0367010928067,0.06351351351351352,0.1875,0.1597972972972973,0.14425675675675675,0.12587837837837837,False
EURUSD1440_comma,daily,10,200,long_only,slow_slope,0.0025,-0.020258314592727644,-1.3139133395791394,-1.712856838767734,-0.06867377421929483,-0.2949934647255167,67,0.14925373134328357,0.3830842080328292,-417.519567318917,0.1766891891891892,0.08445945945945946,0.14560810810810812,0.030743243243243245,0.12552364864864865,False
EURUSD1440_comma,daily,5,200,long_only,slow_slope,0.0,-0.02121165876377673,-1.3059393079050365,-1.70242101974778,-0.06851217807467014,-0.30960420993561966,78,0.1794871794871795,0.36973275869477046,-372.9400539088312,0.18141891891891893,0.08783783783783784,0.1331081081081081,0.026013513513513515,0.12505067567567568,False
EURUSD1440_comma,daily,10,250,long_only,fast_slope,0.0025,-0.018312573336765503,-1.567298358187147,-2.096377850912366,-0.06410740179607712,-0.2856545862678542,147,0.2789115646258503,0.5715606954518384,-174.46146080429253,0.05540540540540541,0.15033783783783783,0.18141891891891893,0.18783783783783783,0.12420608108108108,False
EURUSD1440_comma,daily,50,500,long_only,fast_slope,0.0025,-0.013719699440939759,-1.589004052875942,-2.1383167272215626,-0.06818628337908408,-0.20120908137292948,76,0.2236842105263158,0.5148132887576614,-255.73766627870077,0.04966216216216216,0.09155405405405405,0.314527027027027,0.11655405405405406,0.12314189189189188,False
EURUSD1440_comma,daily,10,50,long_short,combined,0.0,-0.041866904735136434,-1.3030054487729754,-1.7460170739521415,-0.08343249901951304,-0.5018057139262325,396,0.28535353535353536,0.6258018576788785,-122.94209654362498,0.18344594594594596,0.015202702702702704,0.01891891891891892,0.2793918918918919,0.12287162162162163,False
EURUSD1440_comma,daily,20,400,long_short,combined,0.0,-0.030543421692108552,-1.3115543873026951,-1.6850996983087467,-0.07292692173271843,-0.41882230822866806,245,0.27346938775510204,0.5622429428933142,-155.3240781415434,0.17804054054054055,0.05506756756756757,0.058445945945945946,0.17162162162162162,0.12241554054054056,False
EURUSD1440_comma,daily,20,250,long_short,combined,0.0025,-0.03416235836537296,-1.2833054080280921,-1.6697783997150268,-0.07717159320198515,-0.44268048575799224,278,0.2589928057553957,0.577800368819367,-151.3074997312884,0.19155405405405404,0.03412162162162162,0.03885135135135135,0.19527027027027027,0.12221283783783785,False
EURUSD1440_comma,daily,10,200,long_short,combined,0.0,-0.03778822560933648,-1.3522690102057167,-1.7890710796606828,-0.07840801159574558,-0.4819434244062232,352,0.29545454545454547,0.6351785164393792,-128.76205298301764,0.16013513513513514,0.02702702702702703,0.02668918918918919,0.3054054054054054,0.12195945945945946,False
EURUSD1440_comma,daily,5,150,long_short,combined,0.0,-0.04014669044165875,-1.410529706759141,-1.904010238941136,-0.07737697735610888,-0.5188454216412886,485,0.3030927835051546,0.6694167987928639,-98.8966784136795,0.12736486486486487,0.03209459459459459,0.021283783783783785,0.3885135135135135,0.12150337837837838,False
EURUSD1440_comma,daily,20,150,long_only,fast_slope,0.0025,-0.022593549818283654,-1.485445654145281,-1.9115386610252163,-0.061965426258629094,-0.364615418346087,132,0.25,0.5227727594844683,-229.57569747001733,0.08783783783783784,0.17871621621621622,0.11283783783783784,0.12736486486486487,0.1214864864864865,False
EURUSD1440_comma,daily,5,150,long_only,fast_slope,0.0025,-0.02174528926469943,-1.6366299029096592,-2.2287042518646554,-0.06255773058403026,-0.3476035505394527,235,0.2978723404255319,0.6128591377930008,-126.41121591976179,0.0375,0.1679054054054054,0.12432432432432433,0.25675675675675674,0.12035472972972973,False
EURUSD1440_comma,daily,60,200,long_only,combined,0.001,-0.017155575159283454,-1.4783334504305852,-1.916948078214092,-0.06640912621117574,-0.2583315899192844,82,0.2682926829268293,0.48045733700896465,-295.4669800517806,0.09155405405405405,0.1152027027027027,0.2087837837837838,0.08614864864864864,0.12010135135135136,False
EURUSD1440_comma,daily,20,200,long_only,slow_slope,0.001,-0.02164197925625766,-1.3165249051010155,-1.706739073937339,-0.06864977873657839,-0.3152519884922258,61,0.19672131147540983,0.3350360633431846,-485.0413107601626,0.175,0.08479729729729729,0.1260135135135135,0.017905405405405406,0.11908783783783781,False
EURUSD1440_comma,daily,10,200,long_short,combined,0.001,-0.03808300644048224,-1.3624289320325105,-1.8029476258929678,-0.078477244405236,-0.48527451147279754,348,0.3017241379310345,0.634975750210318,-131.01891386467707,0.1543918918918919,0.026351351351351353,0.025,0.30405405405405406,0.11895270270270272,False
EURUSD1440_comma,daily,10,400,long_short,combined,0.0025,-0.03337450062296332,-1.3992178936811632,-1.8445967572083593,-0.07560699236005176,-0.44142082076256883,294,0.2891156462585034,0.6359493663557434,-141.00484041617491,0.1347972972972973,0.0402027027027027,0.04256756756756757,0.30675675675675673,0.11849662162162161,False
EURUSD1440_comma,daily,75,200,long_only,combined,0.0,-0.018079453351960706,-1.4565500242459244,-1.8736365916676174,-0.06710239059610694,-0.26943083832559633,80,0.225,0.46727863201908487,-317.02793031075777,0.10506756756756756,0.1070945945945946,0.18547297297297297,0.08074324324324324,0.11800675675675674,False
EURUSD1440_comma,daily,30,400,long_only,combined,0.001,-0.012761310607249499,-1.715652731686824,-2.316695492491206,-0.06794283545168486,-0.1878242278587895,81,0.20987654320987653,0.5090915178289257,-229.7564903328105,0.018243243243243244,0.0956081081081081,0.3506756756756757,0.11081081081081082,0.11795608108108108,False
EURUSD1440_comma,daily,10,400,long_short,combined,0.001,-0.03401734963382774,-1.4026458073181858,-1.8497182693033485,-0.07604239756786425,-0.44734714740508885,304,0.28289473684210525,0.6399483509676223,-138.32578382676493,0.1320945945945946,0.03885135135135135,0.03918918918918919,0.31317567567567567,0.11736486486486487,False
EURUSD1440_comma,daily,10,500,long_only,fast_slope,0.0,-0.017618461894405857,-1.6219539543834272,-2.178373523751734,-0.06590108891490876,-0.2673470527498377,155,0.2838709677419355,0.5839053974840491,-158.20425689345677,0.0402027027027027,0.12364864864864865,0.19695945945945945,0.20506756756756755,0.11714527027027026,False
EURUSD1440_comma,daily,10,200,long_short,combined,0.0025,-0.037964022866986635,-1.3667169652853308,-1.8106567791748411,-0.07839712363401988,-0.4842527519786761,343,0.3032069970845481,0.6313368720744992,-132.68443521608208,0.15236486486486486,0.027364864864864866,0.02533783783783784,0.29493243243243245,0.1170945945945946,False
EURUSD1440_comma,daily,20,250,long_only,combined,0.0025,-0.017011592444336032,-1.61260965891767,-2.1564372702202035,-0.06406285484094042,-0.2655453380367385,133,0.2556390977443609,0.5217374354669209,-180.827999657233,0.043243243243243246,0.15101351351351353,0.21317567567567566,0.12432432432432433,0.11633445945945947,False
EURUSD1440_comma,daily,5,150,long_short,combined,0.005,-0.03866527269657094,-1.4358122682937908,-1.9423545053734885,-0.07617423766026026,-0.5075898871350626,451,0.29490022172949004,0.6643120846047599,-103.52584237838394,0.11385135135135135,0.03783783783783784,0.023986486486486488,0.37567567567567567,0.11614864864864866,False
EURUSD1440_comma,daily,50,250,long_only,fast_slope,0.0,-0.016709628635213636,-1.4842880457214436,-1.9746241149628054,-0.06904684857504913,-0.24200421858575383,96,0.28125,0.5038929950843328,-246.61654780111678,0.08885135135135135,0.08108108108108109,0.2195945945945946,0.10608108108108108,0.1156418918918919,False
EURUSD1440_comma,daily,100,400,long_only,combined,0.001,-0.012889685191304512,-1.6093503271759766,-2.1439642198723208,-0.06863591680978477,-0.18779796046181685,70,0.2571428571428571,0.4253694983749584,-268.28280065973934,0.04391891891891892,0.08547297297297297,0.34425675675675677,0.05168918918918919,0.11554054054054054,False
EURUSD1440_comma,daily,20,200,long_only,fast_slope,0.0025,-0.01953941426012762,-1.4831167602107895,-1.9097462584725227,-0.06601463827438775,-0.29598608385783565,129,0.26356589147286824,0.517355994173877,-210.24622241820805,0.08952702702702703,0.12094594594594595,0.1570945945945946,0.11993243243243243,0.1154560810810811,False
EURUSD1440_comma,daily,20,200,long_only,slow_slope,0.0025,-0.0216158469967902,-1.3315410405397028,-1.726874658882643,-0.06961770036964879,-0.3104935509506438,57,0.15789473684210525,0.33837235827377765,-518.5501692967657,0.16959459459459458,0.0777027027027027,0.1266891891891892,0.018243243243243244,0.11533783783783784,False
EURUSD1440_comma,daily,75,500,long_only,fast_slope,0.005,-0.014328029966424904,-1.6111894989869222,-2.121305754280337,-0.06561732792127993,-0.21835741290187882,64,0.234375,0.40848005827898887,-322.76018230222115,0.04358108108108108,0.12972972972972974,0.2935810810810811,0.04493243243243243,0.11532094594594595,False
EURUSD1440_comma,daily,10,200,long_only,slow_slope,0.001,-0.021913702333592577,-1.331403053397313,-1.7274523339622743,-0.06982190511598317,-0.31385139516303795,68,0.16176470588235295,0.35907482521169254,-439.71191141222903,0.16993243243243245,0.07635135135135135,0.12060810810810811,0.023310810810810812,0.11467905405405407,False
EURUSD1440_comma,daily,50,500,long_only,fast_slope,0.001,-0.014775654252745851,-1.6093375874627374,-2.163735166466739,-0.06745848986605692,-0.2190332793112304,80,0.2125,0.4913673600688974,-258.49357987185203,0.044256756756756756,0.10371621621621621,0.28006756756756757,0.0929054054054054,0.11358108108108109,False
EURUSD1440_comma,daily,40,250,long_only,combined,0.0,-0.015723479715027855,-1.5743259531836997,-2.125102131150454,-0.06572137685913709,-0.23924452691745235,99,0.25252525252525254,0.4495830903983162,-226.65258555490863,0.052364864864864864,0.1277027027027027,0.25101351351351353,0.06959459459459459,0.11351351351351353,False
EURUSD1440_comma,daily,20,200,long_short,combined,0.0025,-0.03693299679221751,-1.3001093778010164,-1.6757311360852063,-0.07901764700939704,-0.46740188033978436,279,0.2724014336917563,0.5672112777845923,-159.7771766460347,0.18513513513513513,0.02533783783783784,0.029054054054054056,0.18006756756756756,0.11320945945945945,False
EURUSD1440_comma,daily,100,400,long_only,combined,0.0,-0.013230521729776679,-1.607249807691858,-2.1361676914778527,-0.06862697717239363,-0.1927889333744235,71,0.2535211267605634,0.41448312508367957,-270.82070807990385,0.04493243243243243,0.08581081081081081,0.33344594594594595,0.046621621621621624,0.1131081081081081,False
EURUSD1440_comma,daily,5,200,long_short,fast_slope,0.005,-0.04146598305151583,-1.425198943255595,-1.9237327807960372,-0.08121339723786003,-0.5105805749027974,481,0.30353430353430355,0.6634044897130934,-102.06484428146985,0.1195945945945946,0.02060810810810811,0.019594594594594596,0.372972972972973,0.11285472972972974,False
EURUSD1440_comma,daily,20,200,long_only,fast_slope,0.001,-0.02079854806496828,-1.4954635353507426,-1.9269010384475327,-0.0646360674185281,-0.3217792928257006,135,0.26666666666666666,0.5134768393302893,-209.96440614446195,0.08243243243243244,0.14121621621621622,0.13682432432432431,0.11351351351351352,0.11266891891891892,False
EURUSD1440_comma,daily,20,100,long_only,fast_slope,0.001,-0.02474496488691491,-1.5093507382260745,-1.9588805786813017,-0.061417677880984234,-0.4028964581641452,143,0.25874125874125875,0.5134827676899282,-228.0717435859559,0.07567567567567568,0.18513513513513513,0.09391891891891892,0.11385135135135135,0.11241554054054054,False
EURUSD1440_comma,daily,5,500,long_short,combined,0.001,-0.03417736948906824,-1.4632688994248153,-1.9792542621476479,-0.07522607448777892,-0.45432876461765437,388,0.3170103092783505,0.656813117389475,-110.18343972273972,0.10168918918918919,0.04087837837837838,0.038513513513513516,0.35574324324324325,0.11195945945945945,False
EURUSD1440_comma,daily,10,250,long_only,combined,0.0,-0.01786230232286168,-1.6437547326740094,-2.2141394950231588,-0.06524468637791955,-0.27377405447850744,149,0.28187919463087246,0.5657187062759477,-168.43724097612804,0.03412162162162162,0.13344594594594594,0.19087837837837837,0.1777027027027027,0.1118412162162162,False
EURUSD1440_comma,daily,5,150,long_short,combined,0.0025,-0.040264029820401115,-1.4470269460589045,-1.9569773112718842,-0.07746246340911056,-0.5197876242038741,471,0.2951167728237792,0.6629979713885524,-102.09463074567925,0.10844594594594595,0.03141891891891892,0.020945945945945947,0.36858108108108106,0.11070945945945945,False
EURUSD1440_comma,daily,30,400,long_only,combined,0.0,-0.013316576231528043,-1.7256728789597064,-2.326397723892441,-0.06824906359543628,-0.19511734711065698,82,0.2073170731707317,0.4960900261511838,-235.86748141909771,0.016554054054054055,0.09087837837837838,0.33006756756756755,0.09932432432432432,0.11025337837837838,False
EURUSD1440_comma,daily,10,250,long_short,combined,0.005,-0.03752326227410463,-1.3786862217582903,-1.818096584103443,-0.07994078994092682,-0.4693881847031144,333,0.27927927927927926,0.618845581378174,-135.89557990798633,0.14594594594594595,0.022972972972972974,0.028040540540540542,0.26756756756756755,0.10986486486486488,False
EURUSD1440_comma,daily,20,200,long_short,combined,0.001,-0.03785591225139928,-1.308568675520808,-1.687891673611723,-0.07960842959154868,-0.47552642911848253,287,0.2787456445993031,0.5667989486894848,-158.24596583963472,0.1793918918918919,0.02364864864864865,0.026013513513513515,0.1793918918918919,0.1097804054054054,False
EURUSD1440_comma,daily,20,250,long_short,combined,0.001,-0.03650506234809814,-1.3093241807538052,-1.689777065241169,-0.0784698931226844,-0.4652110624265028,287,0.2613240418118467,0.5587030612112435,-154.2477784676548,0.17905405405405406,0.02668918918918919,0.030743243243243245,0.1679054054054054,0.10962837837837838,False
EURUSD1440_comma,daily,5,500,long_short,combined,0.0025,-0.03398461381098883,-1.4701628683220052,-1.9969567309214475,-0.07509083037809265,-0.45258007721943716,384,0.3125,0.6535845695684124,-110.90577763668443,0.0983108108108108,0.04155405405405405,0.039527027027027026,0.34628378378378377,0.10956081081081082,False
EURUSD1440_comma,daily,60,200,long_only,combined,0.0,-0.018018977142253312,-1.4961003162016742,-1.9372533713630327,-0.06705756643476525,-0.2687090823640682,85,0.27058823529411763,0.4689965681246332,-297.51172999801935,0.08141891891891892,0.10878378378378378,0.1864864864864865,0.08209459459459459,0.109375,False
EURUSD1440_comma,daily,20,100,long_only,fast_slope,0.0025,-0.022867887208775306,-1.5235860283263192,-1.983827426891485,-0.0625090442637239,-0.3658332562612273,133,0.2556390977443609,0.5056178059496687,-228.91344226814357,0.07060810810810811,0.16891891891891891,0.11182432432432432,0.10743243243243243,0.1089527027027027,False
EURUSD1440_comma,daily,5,500,long_short,combined,0.005,-0.033480178989785614,-1.4733129979366388,-1.9998876145108537,-0.0747360585192729,-0.44797892280005325,379,0.3113456464379947,0.652940686372351,-111.04685792172201,0.09493243243243243,0.04256756756756757,0.04121621621621622,0.3452702702702703,0.10864864864864865,False
EURUSD1440_comma,daily,20,400,long_short,combined,0.001,-0.03208134418074404,-1.3476449688411232,-1.7289279876118384,-0.07401746205946344,-0.43342940014574993,242,0.26859504132231404,0.5427510926297193,-163.61692574335208,0.16317567567567567,0.046621621621621624,0.047635135135135134,0.14560810810810812,0.10829391891891893,False
EURUSD1440_comma,daily,20,100,long_only,combined,0.0,-0.02207463836898338,-1.5535577725608531,-2.0319773616120185,-0.06184897407803433,-0.3569119568763096,144,0.2708333333333333,0.500651404987743,-208.924396736977,0.06013513513513514,0.1793918918918919,0.11925675675675676,0.10270270270270271,0.10815878378378378,False
EURUSD1440_comma,daily,5,400,long_short,fast_slope,0.005,-0.03990866144490157,-1.4553765231436986,-1.970107823055924,-0.08073505021811354,-0.4943164256055389,466,0.30686695278969955,0.6632031940812205,-102.80225971124236,0.10608108108108108,0.021621621621621623,0.021621621621621623,0.37094594594594593,0.10780405405405405,False
EURUSD1440_comma,daily,10,250,long_only,combined,0.001,-0.01826763829171707,-1.6595287893010602,-2.2321084932203035,-0.06497528737797882,-0.2811474797402477,149,0.26174496644295303,0.5574178259442145,-171.75334287123601,0.030405405405405407,0.13614864864864865,0.1820945945945946,0.16655405405405405,0.10760135135135135,False
EURUSD1440_comma,daily,10,250,long_only,fast_slope,0.005,-0.019000871451771206,-1.6137360710334807,-2.1514463847536294,-0.06499320035635464,-0.2923516821389057,145,0.27586206896551724,0.5496528818862337,-182.60202907078727,0.04222972972972973,0.1358108108108108,0.16722972972972974,0.15405405405405406,0.10739864864864866,False
EURUSD1440_comma,daily,5,200,long_short,fast_slope,0.001,-0.04461483455902682,-1.4381988553222658,-1.9403157525966712,-0.08327834547492886,-0.5357315194555374,521,0.32245681381957775,0.6595645849362979,-99.24089882323251,0.11283783783783784,0.016216216216216217,0.01587837837837838,0.3621621621621622,0.1066891891891892,False
EURUSD1440_comma,daily,5,75,long_short,combined,0.001,-0.04216627818873431,-1.4448184442001388,-1.983512416763115,-0.08033710791612735,-0.5248667680787846,501,0.2934131736526946,0.6567234319322112,-99.18552936349094,0.11013513513513513,0.022635135135135136,0.018243243243243244,0.3554054054054054,0.1066722972972973,False
EURUSD1440_comma,daily,10,500,long_only,fast_slope,0.005,-0.01699821568404969,-1.6962606061789267,-2.277356758442282,-0.06683332565134552,-0.2543374210154612,142,0.2746478873239437,0.5685140518143397,-167.2814477810405,0.02060810810810811,0.11148648648648649,0.21385135135135136,0.1831081081081081,0.10635135135135136,False
EURUSD1440_comma,daily,20,200,long_short,combined,0.0,-0.03893121097501595,-1.3219437636764688,-1.7024844564637318,-0.08035523301858603,-0.4844888069207792,297,0.26936026936026936,0.5611083538420213,-156.21003221255216,0.17331081081081082,0.0222972972972973,0.022635135135135136,0.16891891891891891,0.10476351351351351,False
EURUSD1440_comma,daily,5,150,long_short,fast_slope,0.0,-0.04713561800879218,-1.4560665897020093,-1.973817892107448,-0.0823985617285876,-0.5720441840241346,548,0.3083941605839416,0.6638870958431191,-98.02037082709028,0.10574324324324325,0.01756756756756757,0.008445945945945946,0.375,0.10462837837837838,False
EURUSD1440_comma,daily,5,200,long_short,fast_slope,0.0025,-0.04429550951594896,-1.4453245379631725,-1.9455011454866264,-0.08306903814707055,-0.5332372988059096,508,0.3169291338582677,0.6542561973431896,-101.2606891589938,0.10945945945945947,0.016891891891891893,0.016216216216216217,0.3489864864864865,0.10359797297297298,False
EURUSD1440_comma,daily,20,200,long_only,slow_slope,0.0,-0.024505602797077697,-1.366047327724636,-1.7587349750722765,-0.06887120645162452,-0.35581782372711235,66,0.15151515151515152,0.3102018407772808,-497.27527905476603,0.1527027027027027,0.08175675675675675,0.0972972972972973,0.013513513513513514,0.10300675675675677,False
EURUSD1440_comma,daily,50,200,long_only,combined,0.0,-0.017785446279038553,-1.5477127145221896,-2.034475787839652,-0.06688377216254567,-0.2659157177291841,93,0.26881720430107525,0.46312658870041207,-268.85071114260325,0.06283783783783783,0.11047297297297297,0.19256756756756757,0.07702702702702703,0.10282094594594593,False
EURUSD1440_comma,daily,10,400,long_short,combined,0.0,-0.03595524285867813,-1.438026173264579,-1.8952620627725951,-0.07734679892605603,-0.4648575423664467,310,0.27741935483870966,0.6282468674538602,-141.55471021094624,0.11317567567567567,0.032432432432432434,0.03175675675675676,0.28716216216216217,0.10280405405405404,False
EURUSD1440_comma,daily,5,150,long_short,fast_slope,0.005,-0.04298159823306802,-1.46580779992886,-1.9869232599650202,-0.0793917111609359,-0.5413864697529885,483,0.3022774327122153,0.6549593585222465,-104.33183985995406,0.10101351351351351,0.024662162162162164,0.016891891891891893,0.3506756756756757,0.10255067567567569,False
EURUSD1440_comma,daily,60,200,long_only,combined,0.005,-0.017778838064568037,-1.5486415514747327,-1.9925539075906487,-0.06687883774412384,-0.2658365286279236,75,0.26666666666666666,0.4519427086165413,-333.26701162673305,0.062162162162162166,0.11081081081081082,0.1929054054054054,0.07094594594594594,0.10179054054054056,False
EURUSD1440_comma,daily,10,500,long_only,fast_slope,0.0025,-0.017427897475900123,-1.6767912537544456,-2.2477721657544034,-0.06806677972643346,-0.2560411634859827,147,0.272108843537415,0.5700210072735628,-165.2147499205992,0.024662162162162164,0.09425675675675675,0.20101351351351351,0.18513513513513513,0.10140202702702703,False
EURUSD1440_comma,daily,40,200,long_only,combined,0.0025,-0.016683751642765476,-1.600417985926929,-2.085163323949093,-0.0660474750516583,-0.2526024140925367,85,0.25882352941176473,0.42674088152126205,-278.15267819997797,0.046621621621621624,0.12027027027027028,0.22027027027027027,0.052702702702702706,0.10067567567567567,False
EURUSD1440_comma,daily,10,250,long_only,combined,0.0025,-0.019130132283100898,-1.6951608389666801,-2.2724941761360284,-0.06403736969851156,-0.2987338857477393,148,0.25,0.5362709841664645,-179.94908669797744,0.020945945945945947,0.15135135135135136,0.16418918918918918,0.13952702702702702,0.0999831081081081,False
EURUSD1440_comma,daily,100,400,long_only,combined,0.0025,-0.013874203833249665,-1.6547150428581447,-2.19731742707981,-0.06913284322320806,-0.2006890384712553,69,0.2463768115942029,0.39186221627286527,-290.8536789438494,0.03209459459459459,0.08074324324324324,0.3050675675675676,0.03547297297297297,0.09935810810810812,False
EURUSD1440_comma,daily,5,250,long_short,fast_slope,0.0,-0.04486742079707662,-1.4403916321679833,-1.927201005370421,-0.0850381703252446,-0.5276150771526793,522,0.3160919540229885,0.6451612532393013,-99.47980923252435,0.11182432432432432,0.011486486486486487,0.014864864864864866,0.325,0.09932432432432432,False
EURUSD1440_comma,daily,20,100,long_only,fast_slope,0.005,-0.022284952729683005,-1.601283462165047,-2.083120471126243,-0.06207090740081001,-0.3590241171404591,116,0.25862068965517243,0.48341924081893284,-258.1925927840198,0.04594594594594595,0.17567567567567569,0.11756756756756757,0.08817567567567568,0.09903716216216217,False
EURUSD1440_comma,daily,100,300,long_only,combined,0.005,-0.014886447367453148,-1.6371113267457627,-2.1656165460502237,-0.06760783522639649,-0.22018819738279316,65,0.18461538461538463,0.35119676555096346,-328.83530076079296,0.037162162162162164,0.10033783783783784,0.2773648648648649,0.02060810810810811,0.09851351351351353,False
EURUSD1440_comma,daily,20,250,long_short,combined,0.0,-0.038735836377968846,-1.3462908330671366,-1.738221760604373,-0.08040510334242644,-0.48175843034492505,296,0.2533783783783784,0.546495418570017,-156.42694533001804,0.16418918918918918,0.02195945945945946,0.02364864864864865,0.15067567567567566,0.09849662162162162,False
EURUSD1440_comma,daily,5,300,long_short,combined,0.0,-0.03741039031675364,-1.4615465458971546,-1.9967813046783418,-0.08174540041828303,-0.45764520236402806,438,0.3036529680365297,0.6377517389526252,-104.07748473659613,0.10270270270270271,0.019594594594594596,0.02837837837837838,0.3087837837837838,0.09797297297297297,False
EURUSD1440_comma,daily,5,500,long_short,combined,0.0,-0.0358676859962036,-1.4941774213125718,-2.0172777917073548,-0.07640516210330688,-0.46944061119466196,393,0.31297709923664124,0.6447376320534834,-112.77164735363279,0.08344594594594594,0.0375,0.03209459459459459,0.3233108108108108,0.09766891891891892,False
EURUSD1440_comma,daily,60,200,long_only,combined,0.0025,-0.018583490179458817,-1.5468657439596032,-1.9884076541434808,-0.06747318967119638,-0.2754203598498608,79,0.26582278481012656,0.4515924979316282,-328.7866716899869,0.06385135135135135,0.10337837837837838,0.17567567567567569,0.07060810810810811,0.09711148648648649,False
EURUSD1440_comma,daily,20,250,long_only,combined,0.001,-0.018575702805520455,-1.6449047900487943,-2.1899484110426197,-0.0653935758504509,-0.28406005580733773,138,0.2608695652173913,0.4996734530279179,-188.15020933732478,0.033783783783783786,0.13243243243243244,0.17601351351351352,0.10135135135135136,0.09702702702702702,False
EURUSD1440_comma,daily,5,250,long_short,fast_slope,0.001,-0.04468948479345647,-1.4505198259957754,-1.945729792756844,-0.08496813921509627,-0.5259557900912168,514,0.3151750972762646,0.6399486460756836,-100.71083428423015,0.10743243243243243,0.012162162162162163,0.015202702702702704,0.31351351351351353,0.09608108108108107,False
EURUSD1440_comma,daily,50,250,long_only,combined,0.005,-0.015815792098191173,-1.67216387499475,-2.2113920870662174,-0.06776225816860616,-0.2334011959701563,81,0.24691358024691357,0.45840659818556456,-278.45868186443914,0.026351351351351353,0.09797297297297297,0.2483108108108108,0.07567567567567568,0.0960472972972973,False
EURUSD1440_comma,daily,20,250,long_only,combined,0.0,-0.018613982387507888,-1.6406394218433065,-2.184725268018144,-0.06594907541432733,-0.2822478142500847,139,0.2517985611510791,0.5023834384814317,-187.1295972592067,0.03513513513513514,0.12263513513513513,0.17466216216216215,0.10371621621621621,0.0952027027027027,False
EURUSD1440_comma,daily,5,200,long_short,fast_slope,0.0,-0.047287321054900966,-1.4711148003154382,-1.9763952929171182,-0.08503054840562554,-0.5561215579761271,534,0.3146067415730337,0.6509166120505007,-100.74249675101602,0.0972972972972973,0.011824324324324325,0.008108108108108109,0.33952702702702703,0.09442567567567567,False
EURUSD1440_comma,daily,5,100,long_short,combined,0.0025,-0.041278612971333284,-1.4726646349567374,-1.9963016010850274,-0.08081941325068291,-0.5107512082931942,472,0.3029661016949153,0.639138668521662,-103.84476384956524,0.0956081081081081,0.021283783783783785,0.02027027027027027,0.31114864864864866,0.09429054054054054,False
EURUSD1440_comma,daily,5,300,long_short,combined,0.001,-0.03732387653697078,-1.4717981825413773,-2.0000407515684606,-0.08174649732020418,-0.45658074364668755,434,0.30414746543778803,0.6326182130361326,-104.71101147148472,0.09662162162162162,0.019256756756756758,0.028716216216216218,0.2989864864864865,0.09405405405405406,False
EURUSD1440_comma,daily,60,250,long_only,combined,0.0025,-0.017804622712945473,-1.6601923170213204,-2.183616424427463,-0.0649493019144539,-0.2741310866804437,88,0.25,0.444972258127306,-284.39305353429694,0.029391891891891894,0.13648648648648648,0.1918918918918919,0.06351351351351352,0.09378378378378378,False
EURUSD1440_comma,daily,5,300,long_only,combined,0.005,-0.017701580431582542,-1.841985825051825,-2.4836715894108443,-0.06798498679525736,-0.2603748454771695,190,0.30526315789473685,0.5647253232753544,-131.0546349673615,0.011486486486486487,0.09493243243243243,0.19425675675675674,0.175,0.09342905405405405,False
EURUSD1440_comma,daily,50,500,long_only,fast_slope,0.005,-0.015270870880182974,-1.7013758503062586,-2.264773355496985,-0.06855516003981177,-0.22275304836739906,72,0.2222222222222222,0.44943341210940185,-303.6776319529554,0.019256756756756758,0.08648648648648649,0.2668918918918919,0.06891891891891892,0.09304054054054055,False
EURUSD1440_comma,daily,5,200,long_only,fast_slope,0.001,-0.022722822896403372,-1.638351866546041,-2.213340332578497,-0.06814362626359725,-0.33345485326104585,241,0.3278008298755187,0.592842956366412,-127.90212407582462,0.03648648648648649,0.09222972972972973,0.1125,0.21858108108108107,0.0929391891891892,False
EURUSD1440_comma,daily,5,200,long_only,fast_slope,0.005,-0.021619197374685317,-1.6736672993865023,-2.277204001529599,-0.06751834429021338,-0.32019738638376194,224,0.3125,0.5885146983963787,-131.96976399339064,0.02533783783783784,0.10168918918918919,0.12635135135135134,0.21351351351351353,0.09285472972972973,False
EURUSD1440_comma,daily,30,200,long_only,combined,0.005,-0.016960936684330852,-1.669498035335352,-2.1560073599198,-0.0662606018156199,-0.2559731759081696,89,0.24719101123595505,0.4306520957955473,-269.5207605092484,0.027702702702702704,0.11756756756756757,0.21452702702702703,0.05675675675675676,0.0918918918918919,False
EURUSD1440_comma,daily,5,150,long_short,fast_slope,0.0025,-0.0461779153477615,-1.4941937028609882,-2.023379245967787,-0.08171701070035567,-0.5650955040082066,514,0.301556420233463,0.6519863807261299,-103.09578176213707,0.0831081081081081,0.019932432432432434,0.010810810810810811,0.34121621621621623,0.09157094594594595,False
EURUSD1440_comma,daily,5,200,long_only,fast_slope,0.0,-0.02390084662592329,-1.647026492754173,-2.2145199609783863,-0.06750013842174214,-0.35408589055907336,249,0.321285140562249,0.5879610891307975,-129.1136436045005,0.03277027027027027,0.10270270270270271,0.10304054054054054,0.2114864864864865,0.09111486486486486,False
EURUSD1440_comma,daily,60,250,long_only,combined,0.0,-0.01843603081808043,-1.640688422249495,-2.151196469028795,-0.0654743069207071,-0.2815765707975718,92,0.2391304347826087,0.4276270092342592,-280.38713521808324,0.034797297297297296,0.1314189189189189,0.1783783783783784,0.053716216216216216,0.09050675675675676,False
EURUSD1440_comma,daily,100,400,long_only,combined,0.005,-0.014449674338227081,-1.6881527688912772,-2.2359170068268472,-0.06942452033991893,-0.20813502588823152,68,0.22058823529411764,0.35793649168776637,-306.0809204238711,0.022635135135135136,0.07837837837837838,0.29121621621621624,0.022972972972972974,0.09033783783783786,False
EURUSD1440_comma,daily,75,500,long_only,fast_slope,0.0025,-0.01607792520960538,-1.6359640169830425,-2.150327869363679,-0.0683320968060616,-0.235290968097135,69,0.2463768115942029,0.36106646444985463,-331.6697088581379,0.03783783783783784,0.08952702702702703,0.2418918918918919,0.024324324324324326,0.08954391891891893,False
EURUSD1440_comma,daily,5,75,long_short,combined,0.0,-0.04565026492943758,-1.487732692541059,-2.025205358503422,-0.08272508691216515,-0.5518309697021844,519,0.28901734104046245,0.6395267812163333,-101.23567379910943,0.08648648648648649,0.01722972972972973,0.012162162162162163,0.31216216216216214,0.08815878378378378,False
EURUSD1440_comma,daily,5,500,long_only,combined,0.0025,-0.01788939008284507,-1.997435496398791,-2.6963234531134184,-0.06709871754979105,-0.26661299554004336,186,0.3118279569892473,0.538254159306771,-135.10894738063823,0.00472972972972973,0.10743243243243243,0.18986486486486487,0.14087837837837838,0.08785472972972973,False
EURUSD1440_comma,daily,5,400,long_short,fast_slope,0.0025,-0.04414811935552643,-1.513218855178094,-2.043383624717035,-0.08346314638644722,-0.5289534515163595,480,0.30625,0.6507656377706036,-107.28758421133716,0.07364864864864865,0.014864864864864866,0.016554054054054055,0.3385135135135135,0.08726351351351351,False
EURUSD1440_comma,daily,5,300,long_short,combined,0.0025,-0.03771206922103332,-1.4873779910914755,-2.0228959232168933,-0.0819059599982214,-0.4604313193063392,428,0.3037383177570093,0.6264338927825717,-107.0342371279621,0.08716216216216216,0.018243243243243244,0.027364864864864866,0.28175675675675677,0.08716216216216216,False
EURUSD1440_comma,daily,30,200,long_only,combined,0.0025,-0.017693882823360707,-1.6568871473152338,-2.1469483420773496,-0.0668153180504927,-0.2648177594543416,96,0.25,0.42115019296397016,-259.2806716745096,0.031081081081081083,0.11216216216216217,0.1945945945945946,0.05,0.08689189189189189,False
EURUSD1440_comma,daily,50,200,long_only,combined,0.0025,-0.018849632559262086,-1.6023050352764772,-2.0983796916640625,-0.06766706645600146,-0.27856435259416057,89,0.2696629213483146,0.4441313151654447,-295.4533651479928,0.04527027027027027,0.09932432432432432,0.17060810810810811,0.0625,0.08643581081081081,False
EURUSD1440_comma,daily,40,200,long_only,combined,0.0,-0.01809387964300957,-1.6193792894444266,-2.105629516744641,-0.06711307228585199,-0.2696029108299951,94,0.2553191489361702,0.40046722376955984,-269.9980214480304,0.04121621621621622,0.10675675675675676,0.18513513513513513,0.0402027027027027,0.08623310810810812,False
EURUSD1440_comma,daily,60,250,long_only,combined,0.001,-0.018839757860324213,-1.6646922928285641,-2.1808501458555174,-0.06580433074094498,-0.28629966520731864,90,0.23333333333333334,0.42538774312057986,-292.03839203054923,0.02837837837837838,0.12567567567567567,0.17094594594594595,0.05202702702702703,0.08476351351351352,False
EURUSD1440_comma,daily,5,400,long_short,fast_slope,0.001,-0.04566594214591657,-1.52448243538595,-2.056297927259099,-0.0844408384757856,-0.5408039873859355,498,0.30522088353413657,0.650888634331389,-105.8645698895131,0.07027027027027027,0.013513513513513514,0.011824324324324325,0.33885135135135136,0.08467905405405406,False
EURUSD1440_comma,daily,50,200,long_only,combined,0.001,-0.019137460196079203,-1.5915897525362384,-2.084999910195462,-0.06787534019507821,-0.2819501182767833,92,0.2608695652173913,0.42700404030770234,-289.5788303202532,0.04864864864864865,0.09662162162162162,0.1635135135135135,0.05304054054054054,0.08427364864864864,False
EURUSD1440_comma,daily,5,50,long_short,fast_slope,0.0,-0.055588767567800956,-1.4740464659599894,-1.9983066998886805,-0.09116853344626968,-0.6097363362827624,592,0.3158783783783784,0.634545475193642,-100.66349400759641,0.0945945945945946,0.002027027027027027,0.002027027027027027,0.3030405405405405,0.08420608108108107,False
EURUSD1440_comma,daily,5,300,long_short,fast_slope,0.001,-0.04499307145662923,-1.4853171854810479,-1.995477376305421,-0.08619598788872825,-0.5219856812211665,506,0.31225296442687744,0.6306055369497973,-102.8670977242628,0.08817567567567568,0.007432432432432433,0.014527027027027028,0.2942567567567568,0.0841722972972973,False
EURUSD1440_comma,daily,40,200,long_only,combined,0.005,-0.017729955802150976,-1.659588490569648,-2.147058370614598,-0.06684230807496097,-0.2652505024552345,84,0.25,0.39352056219892806,-296.8470854300584,0.03006756756756757,0.11114864864864865,0.19358108108108107,0.03648648648648649,0.08400337837837837,False
EURUSD1440_comma,daily,5,300,long_short,fast_slope,0.0,-0.04649649667979827,-1.4876717980446672,-1.9984209462953322,-0.08704740956787906,-0.534151411404616,515,0.3106796116504854,0.6348976960252073,-103.50135374949969,0.08682432432432433,0.006418918918918919,0.010135135135135136,0.3037162162162162,0.08391891891891891,False
EURUSD1440_comma,daily,20,200,long_only,fast_slope,0.0,-0.024193060801858568,-1.5604240126696818,-1.9899255593503835,-0.0663676774320162,-0.3645307736833303,138,0.2608695652173913,0.4668528614644566,-234.54984424511974,0.05675675675675676,0.11621621621621622,0.10067567567567567,0.07972972972972973,0.08385135135135137,False
EURUSD1440_comma,daily,5,200,long_only,fast_slope,0.0025,-0.023310523860816335,-1.6710066606659515,-2.2559518867432473,-0.06880394758386194,-0.33879631444699043,236,0.3220338983050847,0.580804207957981,-133.42535216356777,0.02702702702702703,0.08344594594594594,0.10743243243243243,0.20168918918918918,0.08341216216216216,False
EURUSD1440_comma,daily,40,200,long_only,combined,0.001,-0.01834796559042806,-1.6348525260899802,-2.1256721145978155,-0.06730053146094181,-0.27262735066329147,90,0.24444444444444444,0.3957301103674862,-285.4311384879045,0.038513513513513516,0.10540540540540541,0.17972972972972973,0.03783783783783784,0.08337837837837839,False
EURUSD1440_comma,daily,5,50,long_only,combined,0.0025,-0.02437677577414421,-1.6535236766909884,-2.275950334841092,-0.06883384243608942,-0.35413940165809377,230,0.2826086956521739,0.5784414327616666,-142.0773081089288,0.032432432432432434,0.08243243243243244,0.09898648648648649,0.1972972972972973,0.08297297297297299,False
EURUSD1440_comma,daily,5,50,long_only,combined,0.001,-0.026177622846014437,-1.6428223752908115,-2.251961433531276,-0.06984446875884003,-0.3747987966864048,249,0.2891566265060241,0.5905505924589507,-139.12754290049674,0.03445945945945946,0.07601351351351351,0.08581081081081081,0.21554054054054053,0.0822804054054054,False
EURUSD1440_comma,daily,50,200,long_only,combined,0.005,-0.019037702656458988,-1.6349724556551277,-2.1241565424487896,-0.06780331556570962,-0.2807783439146003,87,0.25287356321839083,0.444626169367961,-304.8452804314828,0.038175675675675674,0.0972972972972973,0.1662162162162162,0.06283783783783783,0.08226351351351352,False
EURUSD1440_comma,daily,5,50,long_short,fast_slope,0.001,-0.05342265964941506,-1.4758987134196433,-2.004515397039355,-0.08932275792668025,-0.5980856490488857,554,0.30505415162454874,0.6292094885581645,-104.8980678790936,0.09256756756756757,0.0037162162162162164,0.0033783783783783786,0.2902027027027027,0.08216216216216216,False
EURUSD1440_comma,daily,20,200,long_only,combined,0.005,-0.019067674703872606,-1.6560478620300392,-2.1003155563091256,-0.06766699367709192,-0.2817869343340992,119,0.25210084033613445,0.4590161086384238,-223.17248970812543,0.03175675675675676,0.09966216216216216,0.1652027027027027,0.07601351351351351,0.08206081081081082,False
EURUSD1440_comma,daily,5,75,long_short,fast_slope,0.005,-0.046156935801557,-1.5015800727916213,-2.0427188178406475,-0.08514017309374683,-0.5421287522017855,473,0.2959830866807611,0.6341115683505376,-111.97175308127143,0.0777027027027027,0.01114864864864865,0.01114864864864865,0.3010135135135135,0.08124999999999999,False
EURUSD1440_comma,daily,5,500,long_only,combined,0.005,-0.01849992305907522,-2.0321279231341434,-2.7360233881390483,-0.06754541093476768,-0.2738886743459391,184,0.30978260869565216,0.5231932172776833,-140.61424438553422,0.002702702702702703,0.10135135135135136,0.17736486486486486,0.12804054054054054,0.08109797297297297,False
EURUSD1440_comma,daily,40,250,long_only,combined,0.005,-0.016529481153010672,-1.742625443859535,-2.297761712662558,-0.06808158499263799,-0.2427893116001646,88,0.20454545454545456,0.39896063577651536,-266.4850169100437,0.015540540540540541,0.09391891891891892,0.2260135135135135,0.03918918918918919,0.08077702702702702,False
EURUSD1440_comma,daily,5,75,long_short,fast_slope,0.0,-0.05421124683909173,-1.4927837469181915,-2.045177150936399,-0.08995546673332322,-0.6026453845190227,580,0.296551724137931,0.6321303970666567,-101.3362963630935,0.08479729729729729,0.002702702702702703,0.002702702702702703,0.2976351351351351,0.0797804054054054,False
EURUSD1440_comma,daily,30,200,long_only,combined,0.001,-0.01848545512629962,-1.6700730881095662,-2.1634164160305147,-0.06740144865034624,-0.27425901811391795,100,0.25,0.407003618987549,-258.5549990895184,0.027364864864864866,0.1043918918918919,0.1777027027027027,0.04391891891891892,0.0791722972972973,False
EURUSD1440_comma,daily,5,500,long_only,combined,0.001,-0.018945553095062184,-2.002941742974361,-2.673014728194064,-0.06786715664099452,-0.2791564290114712,189,0.31216931216931215,0.526524919845334,-139.73964841995505,0.004054054054054054,0.09695945945945945,0.1679054054054054,0.1304054054054054,0.07900337837837838,False
EURUSD1440_comma,daily,5,400,long_short,fast_slope,0.0,-0.04729472451970029,-1.5378497988034538,-2.0701610427911707,-0.08545564677512037,-0.5534417713104212,503,0.3081510934393638,0.6426102661225725,-107.50085915610155,0.06689189189189189,0.010810810810810811,0.007770270270270271,0.31824324324324327,0.07875000000000001,False
EURUSD1440_comma,daily,5,500,long_short,fast_slope,0.005,-0.042261350954710064,-1.539309859228823,-2.0752265038304953,-0.08142413873627205,-0.5190273008793138,453,0.304635761589404,0.6280119162601213,-110.27823816682753,0.06587837837837837,0.02027027027027027,0.017905405405405406,0.2864864864864865,0.07797297297297297,False
EURUSD1440_comma,daily,5,500,long_short,fast_slope,0.0,-0.045266602218066776,-1.5455458819974401,-2.0798092499746246,-0.08341574614688939,-0.5426625584377727,485,0.29896907216494845,0.6344924775129567,-108.100176776932,0.06486486486486487,0.015540540540540541,0.013175675675675676,0.30236486486486486,0.07782094594594594,False
EURUSD1440_comma,daily,20,100,long_only,fast_slope,0.0,-0.02823080934003963,-1.5606837935173805,-2.0058852448445372,-0.06708680489383485,-0.42081016355921264,149,0.2550335570469799,0.487923390506273,-243.57142497954104,0.05641891891891892,0.10810810810810811,0.07128378378378378,0.09087837837837838,0.07748310810810813,False
EURUSD1440_comma,daily,5,250,long_short,fast_slope,0.0025,-0.046525236610222453,-1.4973759773154918,-2.0028985237107793,-0.08610173076919062,-0.5403519324709134,506,0.31225296442687744,0.622253144410381,-105.25933026841163,0.0804054054054054,0.008445945945945946,0.009797297297297298,0.2722972972972973,0.0770777027027027,False
EURUSD1440_comma,daily,5,300,long_only,combined,0.0025,-0.019538803262861948,-1.888298196533555,-2.539688232243653,-0.06920977208057075,-0.28231278149732664,193,0.29533678756476683,0.5399422360754778,-140.52349496712736,0.00945945945945946,0.07972972972972973,0.15743243243243243,0.14358108108108109,0.07673986486486487,False
EURUSD1440_comma,daily,5,300,long_short,combined,0.005,-0.0386319959670548,-1.5327887343376847,-2.06411392511335,-0.0819855601626786,-0.4712048791323722,420,0.30238095238095236,0.6149228637920839,-111.28913148832281,0.06824324324324324,0.017905405405405406,0.024324324324324326,0.2614864864864865,0.07586148648648648,False
EURUSD1440_comma,daily,10,250,long_only,combined,0.005,-0.021408775198219043,-1.7816992877051259,-2.3728597528118964,-0.06613122597713597,-0.32373171496353104,147,0.23129251700680273,0.4924014346239812,-199.4417755377294,0.01418918918918919,0.11891891891891893,0.1304054054054054,0.0945945945945946,0.07567567567567568,False
EURUSD1440_comma,daily,5,500,long_only,combined,0.0,-0.019305641334650514,-2.0110734584620125,-2.6786180158866393,-0.06812470120702346,-0.2833868037965084,190,0.3105263157894737,0.5223551071234078,-141.2771708210518,0.0033783783783783786,0.09256756756756757,0.16047297297297297,0.1260135135135135,0.07548986486486486,False
EURUSD1440_comma,daily,5,100,long_short,combined,0.005,-0.04205235034284749,-1.5373120480339602,-2.09377102650186,-0.08179981955503023,-0.5140885465469405,443,0.2979683972911964,0.6187209540558356,-112.09841170982862,0.06722972972972972,0.01891891891891892,0.018581081081081082,0.2668918918918919,0.07537162162162162,False
EURUSD1440_comma,daily,5,100,long_short,combined,0.001,-0.045506642548666654,-1.5310549187249065,-2.0644298283235036,-0.083617893490032,-0.5442213460458849,494,0.305668016194332,0.6235849226267731,-106.30455004048,0.06858108108108107,0.014527027027027028,0.012837837837837839,0.27533783783783783,0.07493243243243242,False
EURUSD1440_comma,daily,50,250,long_only,combined,0.0025,-0.018114948728728875,-1.6858335558325124,-2.215546265079924,-0.06924262120629246,-0.261615583193472,86,0.2441860465116279,0.4311046580197605,-295.4125745293673,0.022972972972972974,0.07939189189189189,0.1847972972972973,0.057094594594594594,0.07456081081081081,False
EURUSD1440_comma,daily,5,500,long_short,fast_slope,0.001,-0.04509801265505875,-1.5554779795077192,-2.0944718810718794,-0.08330410489455574,-0.541366031267519,479,0.30062630480167013,0.6293214699589619,-109.230179568715,0.05945945945945946,0.01587837837837838,0.013513513513513514,0.2905405405405405,0.07403716216216216,False
EURUSD1440_comma,daily,5,50,long_only,combined,0.0,-0.027903731856683267,-1.6657911241685701,-2.2820814595289836,-0.07112282590444073,-0.3923315968093589,260,0.28846153846153844,0.5846171266824282,-140.2907725984323,0.028040540540540542,0.06655405405405405,0.07263513513513513,0.20641891891891892,0.0733445945945946,False
EURUSD1440_comma,daily,5,300,long_only,combined,0.001,-0.020206308752795055,-1.8878850415726856,-2.5330178711674307,-0.06992759633996952,-0.2889604363713192,198,0.29292929292929293,0.5383622023696628,-140.9721612260911,0.009797297297297298,0.07533783783783783,0.14662162162162162,0.14121621621621622,0.07326013513513513,False
EURUSD1440_comma,daily,5,75,long_short,fast_slope,0.001,-0.053467022233428474,-1.5159875609764946,-2.085965899865591,-0.08948896926371766,-0.597470533780146,559,0.29874776386404295,0.6238742125194788,-104.16676415564093,0.07297297297297298,0.0030405405405405407,0.0030405405405405407,0.2756756756756757,0.07190878378378379,False
EURUSD1440_comma,daily,5,50,long_short,fast_slope,0.005,-0.047457914609713936,-1.5078152604672863,-2.04087453665266,-0.08604835892987082,-0.5515260860278812,461,0.30151843817787416,0.6067113196301088,-116.81613457924485,0.07635135135135135,0.008783783783783784,0.007094594594594595,0.2435810810810811,0.07069256756756756,False
EURUSD1440_comma,daily,5,250,long_short,combined,0.001,-0.044653057108823946,-1.5441310459699666,-2.0718122584502345,-0.08494570041045493,-0.5256658888332404,482,0.3112033195020747,0.6125978984269993,-107.53540412635037,0.0652027027027027,0.0125,0.015540540540540541,0.2554054054054054,0.070625,False
EURUSD1440_comma,daily,5,250,long_only,fast_slope,0.0,-0.02458917868849364,-1.6972627510045124,-2.2496451786536125,-0.07077698389084779,-0.3474177244740332,242,0.3181818181818182,0.5625301013971419,-136.0016139239039,0.02027027027027027,0.06891891891891892,0.09594594594594595,0.17195945945945945,0.07032094594594594,False
EURUSD1440_comma,daily,5,500,long_short,fast_slope,0.0025,-0.04503244671103379,-1.5724621040647584,-2.122647694726022,-0.08326068523912249,-0.5408608706702545,466,0.2982832618025751,0.6225425000628141,-112.13946709421657,0.05304054054054054,0.016554054054054055,0.013851351351351352,0.27297297297297296,0.06907094594594594,False
EURUSD1440_comma,daily,50,250,long_only,combined,0.0,-0.019614121984410038,-1.6729815563900474,-2.1994245753373005,-0.07017945641713881,-0.2794852366456916,97,0.24742268041237114,0.42914773352752394,-280.5231456025625,0.026013513513513515,0.07297297297297298,0.15574324324324323,0.05574324324324324,0.06815878378378379,False
EURUSD1440_comma,daily,5,300,long_short,fast_slope,0.0025,-0.04739891677062491,-1.5460417475118844,-2.07120068767662,-0.08762459186672426,-0.5409316695331143,492,0.3089430894308943,0.6130768885937163,-109.71101210070654,0.06418918918918919,0.0057432432432432436,0.007432432432432433,0.2577702702702703,0.0672635135135135,False
EURUSD1440_comma,daily,5,250,long_only,fast_slope,0.001,-0.024223586181192025,-1.717273183253654,-2.285185475682171,-0.07159674459539256,-0.3383336256150238,237,0.31645569620253167,0.554327731215262,-137.16497051158132,0.01722972972972973,0.06317567567567567,0.10033783783783784,0.1597972972972973,0.06672297297297297,False
EURUSD1440_comma,daily,10,200,long_only,combined,0.005,-0.021865685372325028,-1.8146771918828508,-2.3427763318147683,-0.06735378088799866,-0.3246393162201995,136,0.27205882352941174,0.45686737517085196,-219.4500977210121,0.012837837837837839,0.10472972972972973,0.12094594594594595,0.07432432432432433,0.0666554054054054,False
EURUSD1440_comma,daily,50,250,long_only,combined,0.001,-0.019231671626269153,-1.6975272586434467,-2.227076470284176,-0.0699421297663378,-0.27496548490184947,90,0.23333333333333334,0.4176514350568751,-297.2682433615343,0.019594594594594596,0.075,0.16148648648648647,0.04864864864864865,0.06618243243243242,False
EURUSD1440_comma,daily,5,100,long_short,fast_slope,0.0025,-0.05112715918819066,-1.5475440558576357,-2.083751037287162,-0.08796583038996131,-0.5812161263247202,522,0.2796934865900383,0.6110607300808834,-108.52667958532392,0.06317567567567567,0.005405405405405406,0.00472972972972973,0.2516891891891892,0.06532094594594595,False
EURUSD1440_comma,daily,5,75,long_short,fast_slope,0.0025,-0.053114412563755375,-1.549510140802782,-2.117116065004032,-0.08928343252564815,-0.5948966237212865,530,0.29056603773584905,0.612761853755545,-109.50114587248456,0.061824324324324324,0.004054054054054054,0.0037162162162162164,0.25641891891891894,0.06494932432432432,False
EURUSD1440_comma,daily,5,100,long_short,combined,0.0,-0.0482103770740312,-1.5679686044357852,-2.1137842301441143,-0.0855438897266804,-0.5635747594371407,507,0.3076923076923077,0.6143820558800059,-107.68979188074418,0.05472972972972973,0.010472972972972974,0.006418918918918919,0.26013513513513514,0.06481418918918919,False
EURUSD1440_comma,daily,5,300,long_only,combined,0.0,-0.02152421901282331,-1.9244618365176902,-2.5752231696998638,-0.07077059795723,-0.3041406973250588,201,0.2885572139303483,0.5208310728359447,-146.52493697850107,0.008108108108108109,0.06925675675675676,0.1287162162162162,0.1222972972972973,0.06464527027027028,False
EURUSD1440_comma,daily,5,100,long_short,fast_slope,0.005,-0.04823838992693397,-1.563382312480274,-2.123562265884033,-0.0868883122061798,-0.5551769703210219,474,0.2848101265822785,0.6140579366441338,-115.05411811540517,0.056081081081081084,0.007094594594594595,0.006081081081081081,0.2597972972972973,0.0643918918918919,False
EURUSD1440_comma,daily,5,300,long_only,fast_slope,0.001,-0.02411957143870569,-1.7843678885836265,-2.389259719996542,-0.07267409519359913,-0.3318867799379228,231,0.2987012987012987,0.5508124839495124,-140.22794789491732,0.013851351351351352,0.057432432432432436,0.10101351351351351,0.15608108108108107,0.06351351351351352,False
EURUSD1440_comma,daily,5,300,long_only,fast_slope,0.005,-0.023015491025794255,-1.8292294906638082,-2.424766126368086,-0.07148067390432734,-0.32198200952328915,216,0.3148148148148148,0.5331095909775467,-144.23987153488216,0.012162162162162163,0.06452702702702702,0.10945945945945947,0.1358108108108108,0.06326013513513513,False
EURUSD1440_comma,daily,5,250,long_short,combined,0.0,-0.04627341823010911,-1.567726212429054,-2.0949270060406837,-0.08594589875702002,-0.538401702691247,485,0.30927835051546393,0.6055427636033035,-109.54409984842633,0.05506756756756757,0.00945945945945946,0.010472972972972974,0.2408783783783784,0.06261824324324325,False
EURUSD1440_comma,daily,30,200,long_only,combined,0.0,-0.02030404522145035,-1.7060896139569552,-2.2015578247640173,-0.06870595720975273,-0.29552088415658107,102,0.24509803921568626,0.38740163057424637,-274.78131583626924,0.018581081081081082,0.08412162162162162,0.1445945945945946,0.033445945945945944,0.06239864864864865,False
EURUSD1440_comma,daily,5,250,long_only,fast_slope,0.0025,-0.024595413476831696,-1.7447374438001184,-2.3185095966056473,-0.07232997901870203,-0.3400445266335854,235,0.3191489361702128,0.5435989387623624,-140.08198132599088,0.015202702702702704,0.05912162162162162,0.0956081081081081,0.1462837837837838,0.06192567567567568,False
EURUSD1440_comma,daily,5,50,long_short,fast_slope,0.0025,-0.05450652540897738,-1.5479750804690633,-2.0934857207920428,-0.09054905034522989,-0.6019557930333256,522,0.2950191570881226,0.6012303441424766,-112.95688188276903,0.0625,0.002364864864864865,0.002364864864864865,0.23277027027027028,0.06097972972972973,False
EURUSD1440_comma,daily,10,200,long_only,combined,0.0,-0.02319736658330629,-1.7954628071939018,-2.326554342582439,-0.06838212426735407,-0.3392314414306783,153,0.2679738562091503,0.45663368357396766,-204.9739015288679,0.013513513513513514,0.0891891891891892,0.10810810810810811,0.07398648648648648,0.0604222972972973,False
EURUSD1440_comma,daily,10,400,long_only,combined,0.001,-0.020628913061357168,-1.9636865268652424,-2.561025804012995,-0.07190493430081185,-0.28689148056316705,137,0.25547445255474455,0.49215232877799703,-207.3678170707462,0.006418918918918919,0.061824324324324324,0.14020270270270271,0.09391891891891892,0.06015202702702703,False
EURUSD1440_comma,daily,10,200,long_only,combined,0.001,-0.023355761378385576,-1.8111347502974986,-2.3413527041971736,-0.06850256159474041,-0.3409472702138896,150,0.2733333333333333,0.4583738328277309,-210.26161971227995,0.013175675675675676,0.08817567567567568,0.10675675675675676,0.07533783783783783,0.05996621621621623,False
EURUSD1440_comma,daily,10,400,long_only,combined,0.005,-0.02015642163696474,-1.9840768218834532,-2.575398662646303,-0.07224825737320921,-0.2789883433844462,127,0.2440944881889764,0.4777773473468786,-219.31982003818968,0.0057432432432432436,0.06013513513513514,0.1489864864864865,0.08513513513513514,0.059898648648648654,False
EURUSD1440_comma,daily,5,400,long_only,fast_slope,0.005,-0.02468413564883698,-1.9074312261726494,-2.555765556123641,-0.07029774880906522,-0.351136929233413,222,0.2882882882882883,0.5223710631841406,-148.7253475330632,0.009121621621621622,0.07263513513513513,0.09493243243243243,0.12635135135135134,0.059746621621621615,False
EURUSD1440_comma,daily,5,50,long_short,combined,0.005,-0.04694619676097711,-1.5708904034100162,-2.122506492486118,-0.08569369715841274,-0.5478372192787144,450,0.2911111111111111,0.5940482299780032,-118.94118992888349,0.05405405405405406,0.009797297297297298,0.008783783783783784,0.21993243243243243,0.058817567567567564,False
EURUSD1440_comma,daily,5,250,long_only,combined,0.001,-0.023847351954230933,-1.8572556518138286,-2.4665292923340565,-0.07201138277120382,-0.33116086702569336,225,0.32,0.5101349727206768,-142.6206794024908,0.010810810810810811,0.06114864864864865,0.10337837837837838,0.11182432432432432,0.05706081081081081,False
EURUSD1440_comma,daily,5,250,long_short,combined,0.0025,-0.04655609488122381,-1.5907472015497677,-2.1322449470081355,-0.08612083413380185,-0.540590385003608,479,0.3089770354906054,0.5949761531782092,-111.40241364383282,0.048986486486486486,0.008108108108108109,0.00945945945945946,0.22195945945945947,0.056807432432432435,False
EURUSD1440_comma,daily,5,200,long_short,combined,0.005,-0.04674002897686991,-1.6332498475575876,-2.178775561315902,-0.08467157668452371,-0.5520155736678641,458,0.2838427947598253,0.6057365284854521,-117.08392412173536,0.03885135135135135,0.012837837837837839,0.009121621621621622,0.24155405405405406,0.05680743243243243,False
EURUSD1440_comma,daily,10,400,long_only,combined,0.0025,-0.02089981110680128,-1.9934000069768698,-2.5880494285783646,-0.07264219964526747,-0.28770895166805255,132,0.25757575757575757,0.47372681109728765,-217.62291570780332,0.005405405405405406,0.05777027027027027,0.1347972972972973,0.08344594594594594,0.056081081081081084,False
EURUSD1440_comma,daily,5,100,long_short,fast_slope,0.001,-0.056273330238067465,-1.5890334552187944,-2.1371877765593004,-0.09174167953752067,-0.6133889255325078,554,0.2888086642599278,0.6032369672714765,-108.76095261754293,0.04932432432432433,0.0010135135135135136,0.0013513513513513514,0.23783783783783785,0.05592905405405406,False
EURUSD1440_comma,daily,5,300,long_only,fast_slope,0.0025,-0.025135683809027975,-1.8468298919712725,-2.46041314745284,-0.0728947815415772,-0.34482144369540724,224,0.30357142857142855,0.5253896475389468,-149.6094381860369,0.01114864864864865,0.05540540540540541,0.09087837837837838,0.1293918918918919,0.055895270270270275,False
EURUSD1440_comma,daily,10,200,long_only,combined,0.0025,-0.023770541060958772,-1.8395025228489945,-2.378534392699001,-0.06881621436687843,-0.3454206436615561,147,0.2789115646258503,0.4449508571537769,-217.7137813290924,0.011824324324324325,0.08277027027027027,0.10405405405405406,0.06317567567567567,0.055709459459459466,False
EURUSD1440_comma,daily,5,300,long_short,fast_slope,0.005,-0.04815028342010175,-1.6019643083236321,-2.120217522210871,-0.08807395649467209,-0.5467028544699764,472,0.3093220338983051,0.5993806860808519,-115.77605751699814,0.04560810810810811,0.005067567567567568,0.006756756756756757,0.23006756756756758,0.055371621621621625,False
EURUSD1440_comma,daily,5,100,long_short,fast_slope,0.0,-0.05791678905416986,-1.5934300630405307,-2.1494639078976245,-0.09286360282833686,-0.6236758782795884,568,0.29225352112676056,0.6036501600268581,-107.94809291336396,0.047972972972972976,0.0006756756756756757,0.0006756756756756757,0.23851351351351352,0.055270270270270275,False
EURUSD1440_comma,daily,5,400,long_short,combined,0.005,-0.04237542713189013,-1.6272680531464836,-2.1695465939345,-0.08402402411731799,-0.504325132925361,402,0.2835820895522388,0.5856613438775748,-124.37993048568352,0.039527027027027026,0.013851351351351352,0.01722972972972973,0.20810810810810812,0.05393581081081081,False
EURUSD1440_comma,daily,5,250,long_only,combined,0.0,-0.024937603490523652,-1.8710616264929736,-2.4644130548877006,-0.07269634948409852,-0.34303790585768634,226,0.3185840707964602,0.5018826269115059,-147.32559222984688,0.010472972972972974,0.05675675675675676,0.09256756756756757,0.10337837837837838,0.05239864864864865,False
EURUSD1440_comma,daily,5,300,long_only,fast_slope,0.0,-0.026889515670016406,-1.8214677140558473,-2.4136689107963067,-0.0742409346471324,-0.3621925801153021,236,0.2966101694915254,0.5306121237033371,-150.01948228950863,0.0125,0.04527027027027027,0.0804054054054054,0.1331081081081081,0.05236486486486487,False
EURUSD1440_comma,daily,10,400,long_only,combined,0.0,-0.02213525786712911,-2.0057546443763483,-2.6097649925169484,-0.0727475308871359,-0.3042750399525015,142,0.24647887323943662,0.47605678128805523,-212.35610254378136,0.0037162162162162164,0.05641891891891892,0.11824324324324324,0.08412162162162162,0.051858108108108106,False
EURUSD1440_comma,daily,20,200,long_only,combined,0.0025,-0.023251276321743286,-1.741433515558278,-2.198722476481714,-0.07072798054427241,-0.32874226215449587,130,0.23076923076923078,0.4033319623620237,-241.7055263620292,0.01587837837837838,0.06959459459459459,0.10777027027027027,0.04087837837837838,0.05143581081081081,False
EURUSD1440_comma,daily,5,400,long_only,fast_slope,0.0025,-0.027030783128308533,-1.9256043852714693,-2.562946168502821,-0.07193666649768307,-0.37575807226456814,231,0.2943722943722944,0.5147337341143997,-153.9168101733481,0.007770270270270271,0.06148648648648649,0.07736486486486487,0.11621621621621622,0.05138513513513514,False
EURUSD1440_comma,daily,20,200,long_only,combined,0.001,-0.023957826079486932,-1.7450038763754383,-2.2032503025634345,-0.07062631768624379,-0.3392195270029391,135,0.24444444444444444,0.4043706504293533,-238.61313345992062,0.014864864864864866,0.07027027027027027,0.10168918918918919,0.041891891891891894,0.050135135135135137,False
EURUSD1440_comma,daily,5,400,long_only,fast_slope,0.001,-0.027796861597338518,-1.911096536015644,-2.5386860472475017,-0.07246465792117766,-0.3835919797975743,238,0.29411764705882354,0.5143419397717922,-152.78796929178444,0.008783783783783784,0.058445945945945946,0.07331081081081081,0.1152027027027027,0.05006756756756757,False
EURUSD1440_comma,daily,5,500,long_only,fast_slope,0.0025,-0.02573509185738987,-1.9755966370671039,-2.6290413457289215,-0.07288698909962155,-0.35308210937641127,230,0.3,0.5038957137174304,-148.54322312946542,0.006081081081081081,0.05574324324324324,0.0875,0.10641891891891891,0.04983108108108107,False
EURUSD1440_comma,daily,5,500,long_only,fast_slope,0.005,-0.02543236290661066,-1.997374396260482,-2.6489761367875553,-0.07269470025861537,-0.34985167854236476,225,0.3022222222222222,0.49265155733629196,-150.38306328424818,0.005067567567567568,0.057094594594594594,0.08885135135135135,0.09493243243243243,0.04831081081081081,False
EURUSD1440_comma,daily,5,200,long_only,combined,0.005,-0.026285895406426563,-1.9985735106789726,-2.631771817092817,-0.07097341307289849,-0.3703625663236414,208,0.27884615384615385,0.4713753875410562,-167.1113841186688,0.004391891891891892,0.0679054054054054,0.08479729729729729,0.08277027027027027,0.04810810810810811,False
EURUSD1440_comma,daily,5,500,long_only,fast_slope,0.001,-0.02648650318145651,-1.9588957332972234,-2.5929482434290803,-0.07336259557538441,-0.3610355246256256,237,0.29957805907172996,0.5033154014393757,-147.57104893605032,0.006756756756756757,0.051351351351351354,0.08344594594594594,0.10540540540540541,0.04804054054054055,False
EURUSD1440_comma,daily,5,50,long_short,combined,0.001,-0.056317552908422,-1.6261854442157386,-2.1891056941120004,-0.09170918216288683,-0.6140884868910408,529,0.28166351606805295,0.5868153376856275,-113.98316267247584,0.03986486486486487,0.0013513513513513514,0.0010135135135135136,0.20945945945945946,0.0479054054054054,False
EURUSD1440_comma,daily,5,400,long_short,combined,0.0,-0.04562992290338541,-1.6571497602393233,-2.2048543315802243,-0.08598795468665703,-0.5306548233373194,424,0.29245283018867924,0.5835134062637112,-124.23222956860297,0.030743243243243245,0.009121621621621622,0.0125,0.20472972972972972,0.04778716216216216,False
EURUSD1440_comma,daily,5,250,long_only,combined,0.0025,-0.025277125847593784,-1.9170841646630146,-2.5376932750875025,-0.073156119806328,-0.3455230528151565,225,0.32,0.4822799421143714,-149.631161295502,0.008445945945945946,0.05304054054054054,0.08986486486486486,0.08716216216216216,0.04768581081081081,False
EURUSD1440_comma,daily,5,50,long_short,combined,0.0,-0.058312697436947114,-1.6377553694352651,-2.198862660951706,-0.09300803324082349,-0.6269640955202164,552,0.286231884057971,0.5914663370927082,-111.54761851271117,0.03682432432432432,0.00033783783783783786,0.00033783783783783786,0.21621621621621623,0.04731418918918919,False
EURUSD1440_comma,daily,5,500,long_only,fast_slope,0.0,-0.02697728214977957,-1.9556886319114075,-2.5815958724640615,-0.07348946878311104,-0.36709044978128,241,0.2946058091286307,0.5033074228645592,-147.29437072251395,0.007094594594594595,0.05,0.07905405405405405,0.10506756756756756,0.04690878378378378,False
EURUSD1440_comma,daily,5,250,long_short,fast_slope,0.005,-0.05170022448390066,-1.6387096482579764,-2.1606208290378546,-0.0893293766845644,-0.5787594899095961,486,0.3045267489711934,0.5800382774235641,-117.91918862908302,0.03614864864864865,0.0033783783783783786,0.004391891891891892,0.20067567567567568,0.04628378378378378,False
EURUSD1440_comma,daily,20,200,long_only,combined,0.0,-0.025647745991138726,-1.7787810088158043,-2.2363892647137917,-0.07093270597673872,-0.36157856433038815,140,0.22857142857142856,0.38780550400922853,-243.35888994103922,0.014527027027027028,0.06824324324324324,0.08817567567567568,0.03412162162162162,0.045625,False
EURUSD1440_comma,daily,5,400,long_short,combined,0.0025,-0.04503234771880438,-1.6721319483896384,-2.2271316937594174,-0.08562572574634764,-0.5259207711967946,412,0.2815533980582524,0.5761539677944542,-126.61329232000197,0.02668918918918919,0.010135135135135136,0.01418918918918919,0.19358108108108107,0.045084459459459464,False
EURUSD1440_comma,daily,5,250,long_only,fast_slope,0.005,-0.027341655172272494,-1.8783244853594734,-2.4657770057739032,-0.07403602641032785,-0.36930203440062526,227,0.32158590308370044,0.4912654858218714,-158.07985716188222,0.010135135135135136,0.04594594594594595,0.07533783783783783,0.09222972972972973,0.044442567567567565,False
EURUSD1440_comma,daily,5,200,long_short,combined,0.0025,-0.05017788188450745,-1.6777803425805904,-2.225697788926214,-0.08692896002578532,-0.5772285998776866,475,0.28842105263157897,0.5877235728631528,-118.41653398528598,0.024324324324324326,0.006756756756756757,0.0057432432432432436,0.21081081081081082,0.044189189189189196,False
EURUSD1440_comma,daily,5,200,long_short,combined,0.001,-0.05071429295989338,-1.678657083052169,-2.2298043790594284,-0.08728185986355365,-0.5810404709429225,486,0.29218106995884774,0.5882737955729761,-116.52121266346322,0.023986486486486488,0.006081081081081081,0.005067567567567568,0.21216216216216216,0.043952702702702705,False
EURUSD1440_comma,daily,5,400,long_short,combined,0.001,-0.045922346561539484,-1.6767411578962357,-2.231411218882018,-0.08616548350732184,-0.5329552471859254,422,0.2890995260663507,0.5781508287996441,-125.26063124126169,0.025,0.007770270270270271,0.011486486486486487,0.19594594594594594,0.04363175675675676,False
EURUSD1440_comma,daily,5,200,long_short,combined,0.0,-0.0519313207738068,-1.6905030293019463,-2.2391721585576385,-0.0880834130057391,-0.5895698066379784,494,0.2854251012145749,0.5854699288778996,-116.41486043486138,0.02195945945945946,0.00472972972972973,0.004054054054054054,0.20777027027027026,0.04194256756756756,False
EURUSD1440_comma,daily,5,400,long_only,fast_slope,0.0,-0.029148401113740285,-1.9325291862311755,-2.556135257954638,-0.07449206231763862,-0.3912953972122527,240,0.29583333333333334,0.4980916404894428,-157.36336373403452,0.007432432432432433,0.04358108108108108,0.06385135135135135,0.09966216216216216,0.041587837837837836,False
EURUSD1440_comma,daily,5,50,long_short,combined,0.0025,-0.05571227295588699,-1.6597101216179762,-2.232243510594843,-0.09131652167901422,-0.6101006907788344,499,0.27655310621242485,0.5676200265271453,-120.05638077485797,0.02972972972972973,0.0016891891891891893,0.0016891891891891893,0.18141891891891893,0.03986486486486487,False
EURUSD1440_comma,daily,5,250,long_only,combined,0.005,-0.027007194983859284,-2.018023380656856,-2.6403688408374406,-0.07378045198266929,-0.3660481097378362,220,0.32272727272727275,0.44690365128262144,-161.49876697618996,0.0030405405405405407,0.047972972972972976,0.07804054054054053,0.06655405405405405,0.038800675675675675,False
EURUSD1440_comma,daily,5,200,long_only,combined,0.001,-0.029883414393165664,-2.0465729906899544,-2.668248295119957,-0.07348823677071031,-0.4066421471834263,226,0.28761061946902655,0.4493163454582775,-170.43509456836404,0.002364864864864865,0.05033783783783784,0.060810810810810814,0.06858108108108107,0.03597972972972973,False
EURUSD1440_comma,daily,5,250,long_short,combined,0.005,-0.050265729010501414,-1.704181254476288,-2.251829439298433,-0.088429684514559,-0.5684259678911973,467,0.29978586723768735,0.5617446677987143,-120.55757377114783,0.01891891891891892,0.004391891891891892,0.005405405405405406,0.17027027027027028,0.03528716216216216,False
EURUSD1440_comma,daily,5,200,long_only,combined,0.0025,-0.029700351440655415,-2.056040229050644,-2.679592793402271,-0.0733623870960062,-0.40484439801267424,219,0.2785388127853881,0.4425873211719733,-175.03221407007484,0.0016891891891891893,0.05168918918918919,0.061824324324324324,0.06148648648648649,0.035185810810810805,False
EURUSD1440_comma,daily,5,200,long_only,combined,0.0,-0.031017352470422477,-2.05287589253148,-2.6612218951580724,-0.07411582130170712,-0.41849839785433307,230,0.2782608695652174,0.4433782003539737,-172.43683105188708,0.002027027027027027,0.04560810810810811,0.05337837837837838,0.062162162162162166,0.03221283783783784,False
EURUSD1440_comma,daily,5,400,long_only,combined,0.005,-0.026985683945861427,-2.2688879203139587,-2.936634048202936,-0.07591487719970193,-0.35547293154242743,193,0.25906735751295334,0.39902192355518945,-183.9734330567419,0.0010135135135135136,0.039527027027027026,0.07871621621621622,0.039527027027027026,0.03195945945945946,False
EURUSD1440_comma,daily,5,400,long_only,combined,0.001,-0.028921420858895486,-2.268987870441935,-2.9325779961482983,-0.07692975263941419,-0.3759458449639923,207,0.26570048309178745,0.40025780168885594,-181.32134604164216,0.0006756756756756757,0.034797297297297296,0.06554054054054054,0.03986486486486487,0.028057432432432434,False
EURUSD1440_comma,daily,5,400,long_only,combined,0.0025,-0.028723622577191077,-2.3004751432698485,-2.9698449506186684,-0.07686590648398169,-0.37368482193307484,201,0.25870646766169153,0.39313705071409993,-185.71743159770293,0.00033783783783783786,0.03513513513513514,0.06722972972972972,0.03581081081081081,0.027736486486486488,False
EURUSD1440_comma,daily,5,400,long_only,combined,0.0,-0.029457140406971227,-2.2688144764230835,-2.9236514041077255,-0.07726957307855271,-0.3812256135675154,208,0.2692307692307692,0.39512619584486,-183.09497992462826,0.0013513513513513514,0.03310810810810811,0.06283783783783783,0.0375,0.027010135135135137,False
